request_id,scheduled_ts,enqueue_ts,enqueue_attempt_ts,execution_start,completion_ts,worker_id,outcome,outcome_confirmed,generator_delay_ms,queueing_delay_ms,service_time_ms,e2e_latency_ms
0,5668.852912894711,5668.853058126,5668.853058126,5668.856508268,5668.865914107,1,COMPLETED,True,0.14523128902510507,3.4501419995649485,9.405839000464766,13.00121228905482
1,5668.858981250277,5668.859133359,5668.859133359,5668.861678,5668.873525835,0,COMPLETED,True,0.15210872334137093,2.544640999985859,11.847834999571205,14.544584722898435
2,5668.873712146684,5668.873796169,5668.873796169,5668.874809994,5668.884577332,1,COMPLETED,True,0.08402231651416514,1.0138249999727122,9.767337999619485,10.865185316106363
3,5668.885937358585,5668.886020526,5668.886020526,5668.887031091,5668.89648523,0,COMPLETED,True,0.08316741514136083,1.0105649998877198,9.454138999899442,10.547871414928522
4,5668.89910351083,5668.899335434,5668.899335434,5668.900418881,5668.909444952,1,COMPLETED,True,0.23192316984932404,1.0834470003828756,9.026070999425428,10.341441169657628
5,5668.904786547627,5668.904928179,5668.904928179,5668.906799522,5668.915902146,0,COMPLETED,True,0.14163137348077726,1.8713429999479558,9.102623999751813,11.115598373180546
6,5668.92088194966,5668.920960925,5668.920960925,5668.922134598,5668.93138309,1,COMPLETED,True,0.07897534032963449,1.1736730002667173,9.248491999642283,10.501140340238635
7,5668.92849409906,5668.928575469,5668.928575469,5668.929802697,5668.942674204,0,COMPLETED,True,0.08136993983498542,1.2272280000615865,12.87150699954509,14.180104939441662
8,5668.929329586042,5668.92941721,5668.92941721,5668.931560854,5668.941157876,1,COMPLETED,True,0.08762395827943692,2.1436440001707524,9.597021999979916,11.828289958430105
9,5668.93541665158,5668.935552795,5668.935552795,5668.941521135,5668.950822207,1,COMPLETED,True,0.13614341969514498,5.968339999526506,9.301072000198474,15.405555419420125
10,5668.935907372543,5668.937496613,5668.937496613,5668.943238778,5668.954109634,0,COMPLETED,True,1.5892404571786756,5.7421649999014335,10.870856000110507,18.202261457190616
11,5668.962932388784,5668.96300956,5668.96300956,5668.964087685,5668.973218968,1,COMPLETED,True,0.07717121570749441,1.0781250002764864,9.131282999987889,10.28657921597187
12,5668.992321751393,5668.992453075,5668.992453075,5668.994405242,5669.00747797,0,COMPLETED,True,0.13132360709278146,1.9521669992172974,13.072728000224743,15.156218606534821
13,5668.9964067099945,5668.996497758,5668.996497758,5668.997483272,5669.006967793,1,COMPLETED,True,0.0910480057427776,0.9855139996943763,9.484520999649249,10.561083005086402
14,5669.00010874079,5669.000289943,5669.000289943,5669.007340815,5669.016292821,1,COMPLETED,True,0.18120221011486137,7.050872000036179,8.952006000072288,16.18408021022333
15,5669.014719702168,5669.014956611,5669.014956611,5669.017256499,5669.029433597,0,COMPLETED,True,0.23690883244853467,2.2998879994702293,12.177098000393016,14.71389483231178
16,5669.0169996241475,5669.017156427,5669.017156427,5669.018354103,5669.027302617,1,COMPLETED,True,0.15680285287089646,1.1976759997196496,8.948513999712304,10.30299285230285
17,5669.018965379947,5669.019158131,5669.019158131,5669.027658438,5669.036969033,1,COMPLETED,True,0.19275105296401307,8.500306999849272,9.310594999988098,18.003653052801383
18,5669.0210552585495,5669.021201487,5669.021201487,5669.029866368,5669.040192863,0,COMPLETED,True,0.1462284508306766,8.664880999276647,10.326495000299474,19.137604450406798
19,5669.0253171082495,5669.025456244,5669.025456244,5669.037327796,5669.046683521,1,COMPLETED,True,0.1391357509419322,11.871551999320218,9.355725000204984,21.366412750467134
20,5669.035160706743,5669.035351604,5669.035351604,5669.040629085,5669.049763512,0,COMPLETED,True,0.19089725719823036,5.277480999211548,9.134427000390133,14.602805256799911
21,5669.068214793644,5669.068302577,5669.068302577,5669.069725658,5669.079072633,1,COMPLETED,True,0.08778335632086964,1.4230809993023286,9.34697499997128,10.857839355594479
22,5669.0705825794175,5669.070734899,5669.070734899,5669.072201033,5669.081753227,0,COMPLETED,True,0.15231958241201937,1.4661340001111967,9.552194000207237,11.170647582730453
23,5669.1018411361865,5669.101944087,5669.101944087,5669.10314983,5669.112226582,1,COMPLETED,True,0.1029508139254176,1.205742999445647,9.076752000510169,10.385445813881233
24,5669.109946931444,5669.110066908,5669.110066908,5669.111125176,5669.120112161,0,COMPLETED,True,0.11997655565210152,1.0582680006336886,8.986984999864944,10.165229556150734
25,5669.133088655415,5669.133202623,5669.133202623,5669.134653595,5669.147352717,1,COMPLETED,True,0.1139675850936328,1.4509719994748593,12.699122000412899,14.264061584981391
26,5669.15012714102,5669.150264151,5669.150264151,5669.152214422,5669.164378048,0,COMPLETED,True,0.13700997988053132,1.9502710001688683,12.163626000074146,14.250906980123546
27,5669.151875697699,5669.152027202,5669.152027202,5669.154967475,5669.166428365,1,COMPLETED,True,0.1515043004474137,2.9402730006040656,11.460889999398205,14.552667300449684
28,5669.162332374166,5669.162476942,5669.162476942,5669.164582539,5669.177114612,0,COMPLETED,True,0.14456783355853986,2.105597000081616,12.532073000329547,14.782237833969702
29,5669.16365733095,5669.164063363,5669.164063363,5669.166870487,5669.177418482,1,COMPLETED,True,0.4060320507051074,2.8071239994460484,10.547994999797083,13.76115104994824
30,5669.163713941746,5669.165723043,5669.165723043,5669.177544436,5669.189536803,0,COMPLETED,True,2.009101253861445,11.821392999991076,11.99236699994799,25.82286125380051
31,5669.168747745508,5669.168910881,5669.168910881,5669.177702398,5669.188561607,1,COMPLETED,True,0.16313549167534802,8.791517000645399,10.859209000045666,19.813861492366414
32,5669.18359787985,5669.183744156,5669.183744156,5669.188868016,5669.197824932,1,COMPLETED,True,0.14627615018980578,5.1238599999123835,8.956915999988269,14.227052150090458
33,5669.191948621768,5669.19210468,5669.19210468,5669.194073556,5669.2068255,0,COMPLETED,True,0.15605823227815563,1.968876000319142,12.751944000228832,14.87687823282613
34,5669.194088486028,5669.194272647,5669.194272647,5669.19818219,5669.207406103,1,COMPLETED,True,0.18416097191220615,3.9095430001907516,9.223912999914319,13.317616972017277
35,5669.212487991168,5669.212634247,5669.212634247,5669.214640835,5669.227867296,0,COMPLETED,True,0.14625583207816817,2.0065879998583114,13.226461000158451,15.379304832094931
36,5669.236996156028,5669.237083736,5669.237083736,5669.238467678,5669.247776324,1,COMPLETED,True,0.08757997238717508,1.3839419998475933,9.308646000135923,10.780167972370691
37,5669.239704078651,5669.239865506,5669.239865506,5669.241883292,5669.254305656,0,COMPLETED,True,0.16142734875757014,2.0177860005787807,12.422363999576191,14.601577348912542
38,5669.2456496386,5669.245835682,5669.245835682,5669.24819961,5669.257606874,1,COMPLETED,True,0.18604339948069537,2.3639279997951235,9.407264000401483,11.957235399677302
39,5669.255805220588,5669.255934477,5669.255934477,5669.257928355,5669.270448944,0,COMPLETED,True,0.12925641203764826,1.9938780005759327,12.520588999905158,14.643723412518739
40,5669.279068162312,5669.279145747,5669.279145747,5669.280238295,5669.289996576,1,COMPLETED,True,0.07758468836982502,1.0925480000878451,9.758280999449198,10.928413687906868
41,5669.280421952823,5669.280578056,5669.280578056,5669.281764443,5669.29121602,0,COMPLETED,True,0.15610317677783314,1.1863869995067944,9.451577000618272,10.7940671769029
42,5669.288495231382,5669.288619047,5669.288619047,5669.290340316,5669.299006474,1,COMPLETED,True,0.12381561828078702,1.7212689999723807,8.666157999869029,10.511242618122196
43,5669.32308052891,5669.323160652,5669.323160652,5669.324436205,5669.336696155,0,COMPLETED,True,0.08012308990146266,1.2755529996866244,12.259950000043318,13.615626089631405
44,5669.332473569904,5669.332560305,5669.332560305,5669.337807658,5669.349025895,1,COMPLETED,True,0.08673509546497371,5.247353000413568,11.218236999411602,16.552325095290144
45,5669.345107404296,5669.345195848,5669.345195848,5669.346485581,5669.357486042,0,COMPLETED,True,0.0884437040440389,1.2897329997940687,11.000461000548967,12.378637704387074
46,5669.360021979924,5669.360115647,5669.360115647,5669.361470065,5669.370757881,1,COMPLETED,True,0.0936670767259784,1.354417999209545,9.2878160003238,10.735901076259324
47,5669.367096734083,5669.367224378,5669.367224378,5669.368949576,5669.378013162,0,COMPLETED,True,0.12764391703967704,1.7251979998036404,9.06358599968371,10.916427916527027
48,5669.370519599339,5669.370593562,5669.370593562,5669.372738023,5669.3818644,1,COMPLETED,True,0.0739626611903077,2.1444610001708497,9.126377000029606,11.344800661390764
49,5669.37944472054,5669.379673712,5669.379673712,5669.381932166,5669.390971993,0,COMPLETED,True,0.2289914600623888,2.258454000184429,9.03982699946937,11.527272459716187
50,5669.3869562815125,5669.387037256,5669.387037256,5669.388378788,5669.397529802,1,COMPLETED,True,0.08097448790067574,1.3415319999694475,9.151013999144197,10.57352048701432
51,5669.391161078351,5669.391325441,5669.391325441,5669.393781407,5669.402922428,0,COMPLETED,True,0.164362649229588,2.455965999615728,9.141021000687033,11.761349649532349
52,5669.410414329076,5669.410496117,5669.410496117,5669.411641594,5669.420447966,1,COMPLETED,True,0.08178792359103682,1.1454770001364523,8.806372000435658,10.033636924163147
53,5669.414924167384,5669.415167356,5669.415167356,5669.41694876,5669.429456935,0,COMPLETED,True,0.2431886159683927,1.7814040002122056,12.508175000220945,14.532767616401543
54,5669.421532204307,5669.421621732,5669.421621732,5669.422782199,5669.431663362,1,COMPLETED,True,0.08952769258030457,1.1604669998632744,8.88116300029651,10.13115769274009
55,5669.435866131843,5669.435957815,5669.435957815,5669.437243171,5669.446436996,0,COMPLETED,True,0.09168315682472894,1.285356000153115,9.193824999783828,10.570864156761672
56,5669.4526764642,5669.452797058,5669.452797058,5669.454378095,5669.463267629,1,COMPLETED,True,0.12059380060236435,1.5810369995961082,8.889534000445565,10.591164800644037
57,5669.474790841164,5669.475039159,5669.475039159,5669.477142601,5669.489726335,0,COMPLETED,True,0.24831783593981527,2.1034420005889842,12.583734000145341,14.93549383667414
58,5669.485332204843,5669.485466495,5669.485466495,5669.48746794,5669.496846804,1,COMPLETED,True,0.13429015689325752,2.0014450001326622,9.378863999700116,11.514599156726035
59,5669.488242854938,5669.488414724,5669.488414724,5669.490209907,5669.500739055,0,COMPLETED,True,0.17186906188726425,1.7951829995581647,10.529148000387067,12.496200061832496
60,5669.507040405144,5669.507217862,5669.507217862,5669.50878938,5669.51753473,1,COMPLETED,True,0.17745685636327835,1.5715179997641826,8.74535000002652,10.49432485615398
61,5669.531042030024,5669.531191968,5669.531191968,5669.533187824,5669.542050529,0,COMPLETED,True,0.14993797594797798,1.9958560005761683,8.862704999955895,11.008498976480041
62,5669.54358569996,5669.543734608,5669.543734608,5669.545925331,5669.55511057,1,COMPLETED,True,0.14890803959133336,2.1907230002398137,9.185238999634748,11.524870039465895
63,5669.558151061855,5669.558354963,5669.558354963,5669.560463978,5669.570109426,0,COMPLETED,True,0.20390114514157176,2.1090150003146846,9.64544799990108,11.958364145357336
64,5669.5653578690335,5669.565515595,5669.565515595,5669.567509937,5669.580210601,1,COMPLETED,True,0.15772596634633373,1.9943420002164203,12.700663999567041,14.852731966129795
65,5669.572159821749,5669.572301356,5669.572301356,5669.574108773,5669.586525492,0,COMPLETED,True,0.14153425127005903,1.8074170002364554,12.416718999702425,14.36567025120894
66,5669.580898949506,5669.581062571,5669.581062571,5669.582864578,5669.595025891,1,COMPLETED,True,0.1636214938116609,1.8020070001512067,12.161312999523943,14.126941493486811
67,5669.582491118748,5669.582664721,5669.582664721,5669.586749412,5669.598321399,0,COMPLETED,True,0.17360225137963425,4.084691000571183,11.57198700002482,15.830280251975637
68,5669.593760485936,5669.59392487,5669.59392487,5669.595224481,5669.606509898,1,COMPLETED,True,0.16438406328234123,1.2996109999221517,11.285417000181042,12.749412063385535
69,5669.613517866355,5669.613708472,5669.613708472,5669.614920143,5669.624352457,0,COMPLETED,True,0.1906056450025062,1.2116709995098063,9.432314000150654,10.834590644662967
70,5669.615317564606,5669.61544334,5669.61544334,5669.616387729,5669.625752182,1,COMPLETED,True,0.12577539382618852,0.9443890003240085,9.364452999761852,10.434617393912049
71,5669.629336804541,5669.62942913,5669.62942913,5669.630542556,5669.639751638,0,COMPLETED,True,0.09232545926352032,1.1134260003018426,9.20908199987025,10.414833459435613
72,5669.641584754105,5669.641673355,5669.641673355,5669.642808101,5669.651752834,1,COMPLETED,True,0.08860089565132512,1.1347459994794917,8.944733000134875,10.168079895265691
73,5669.642874494164,5669.643058561,5669.643058561,5669.64444873,5669.653560521,0,COMPLETED,True,0.18406683557259385,1.3901689999329392,9.111791000577796,10.686026836083329
74,5669.643395012353,5669.643866452,5669.643866452,5669.652148144,5669.661563518,1,COMPLETED,True,0.47143964729912113,8.281692000309704,9.41537399921799,18.168505646826816
75,5669.652442674654,5669.652547818,5669.652547818,5669.654151968,5669.663003193,0,COMPLETED,True,0.10514334644540213,1.6041500002756948,8.851224999489204,10.560518346210301
76,5669.6549163535965,5669.655040087,5669.655040087,5669.661937901,5669.671431738,1,COMPLETED,True,0.12373340359772556,6.897813999785285,9.493837000263738,16.51538440364675
77,5669.658624942018,5669.658741982,5669.658741982,5669.663366135,5669.67243405,0,COMPLETED,True,0.1170399818875012,4.624152999895159,9.067915000741777,13.809107982524438
78,5669.668331708761,5669.668460759,5669.668460759,5669.671793282,5669.680468066,1,COMPLETED,True,0.12905023868370336,3.3325230006084894,8.674783999595093,12.136357238887285
79,5669.678853687367,5669.678999194,5669.678999194,5669.681062556,5669.693402348,0,COMPLETED,True,0.1455066330890986,2.063361999717017,12.339791999693261,14.548660632499377
80,5669.692666719352,5669.6927483,5669.6927483,5669.693628881,5669.702971574,1,COMPLETED,True,0.08158064792951336,0.8805810002741055,9.342692999780411,10.30485464798403
81,5669.701064957949,5669.701202174,5669.701202174,5669.702771308,5669.715349519,0,COMPLETED,True,0.13721605137106963,1.5691339995100861,12.57821099989087,14.284561050772027
82,5669.705125721841,5669.705222962,5669.705222962,5669.706523811,5669.715341152,1,COMPLETED,True,0.09724015944811981,1.3008489995627315,8.817341000394663,10.215430159405514
83,5669.705251785892,5669.70599557,5669.70599557,5669.715749059,5669.725044513,1,COMPLETED,True,0.7437841077262419,9.75348900010431,9.295454000493919,19.79272710832447
84,5669.706462506937,5669.706962615,5669.706962615,5669.715839272,5669.725059083,0,COMPLETED,True,0.5001080626243493,8.876657000655541,9.219810999638867,18.596576062918757
85,5669.708604696237,5669.708709286,5669.708709286,5669.725465108,5669.734735793,1,COMPLETED,True,0.1045897633957793,16.755822000050102,9.270685000046797,26.13109676349268
86,5669.716055065099,5669.716203455,5669.716203455,5669.725538477,5669.734433018,0,COMPLETED,True,0.14838990136922803,9.335021999504534,8.894541000699974,18.377952901573735
87,5669.728788519296,5669.728917089,5669.728917089,5669.734585118,5669.74381428,0,COMPLETED,True,0.12856970352004282,5.668028999934904,9.229162000337965,15.025760703792912
88,5669.731134934209,5669.731258121,5669.731258121,5669.735070893,5669.744190525,1,COMPLETED,True,0.12318679091549711,3.8127719999465626,9.11963199996535,13.05559079082741
89,5669.736075357322,5669.736203193,5669.736203193,5669.744187702,5669.752823728,0,COMPLETED,True,0.12783567763108294,7.984509000380058,8.636026000203856,16.748370678214997
90,5669.763629415798,5669.763660387,5669.763660387,5669.765778987,5669.778351129,1,COMPLETED,True,0.030971201340435073,2.1186000003581285,12.572141999953601,14.721713201652165
91,5669.768747835131,5669.768887571,5669.768887571,5669.770603365,5669.779881436,0,COMPLETED,True,0.13973586919746595,1.7157940001197858,9.278071000153432,11.133600869470683
92,5669.781237852097,5669.781318649,5669.781318649,5669.782528091,5669.792307102,1,COMPLETED,True,0.08079690360318637,1.2094419998902595,9.77901100031886,11.069249903812306
93,5669.7908738870865,5669.790964053,5669.790964053,5669.792045521,5669.802109481,0,COMPLETED,True,0.09016591320687439,1.081467999938468,10.06396000047971,11.235593913625053
94,5669.801654171349,5669.801779502,5669.801779502,5669.803027215,5669.814426351,1,COMPLETED,True,0.12533065091702156,1.2477130003389902,11.399136000363796,12.772179651619808
95,5669.808130384586,5669.80825184,5669.80825184,5669.809477313,5669.820201636,0,COMPLETED,True,0.12145541404606774,1.2254729999767733,10.724323000431468,12.07125141445431
96,5669.816006893855,5669.816145338,5669.816145338,5669.818008383,5669.828784065,1,COMPLETED,True,0.13844414479535772,1.8630450003911392,10.775681999803055,12.777171144989552
97,5669.828074471884,5669.82817638,5669.82817638,5669.829295585,5669.839920939,0,COMPLETED,True,0.10190811553911772,1.1192050005774945,10.625353999785148,11.84646711590176
98,5669.829831432069,5669.829945933,5669.829945933,5669.831081899,5669.842778257,1,COMPLETED,True,0.11450093097664649,1.1359660002199234,11.696357999426255,12.946824930622824
99,5669.845863697556,5669.845964941,5669.845964941,5669.84694365,5669.856275086,0,COMPLETED,True,0.10124344407813624,0.9787090002646437,9.331436000138638,10.411388444481418
100,5669.866489635826,5669.866597759,5669.866597759,5669.867872804,5669.877469739,1,COMPLETED,True,0.10812317395902937,1.2750450005114544,9.596934999535733,10.980103174006217
101,5669.866972095599,5669.867241542,5669.867241542,5669.868503421,5669.87793431,0,COMPLETED,True,0.26944640103465645,1.2618790005944902,9.430888999304443,10.96221440093359
102,5669.869180083365,5669.869306667,5669.869306667,5669.877872254,5669.88729804,1,COMPLETED,True,0.12658363539230777,8.565586999793595,9.425786000065273,18.117956635251176
103,5669.872040843127,5669.872236764,5669.872236764,5669.878269238,5669.887809762,0,COMPLETED,True,0.19592087301134598,6.0324739997668075,9.540523999930883,15.768918872709037
104,5669.873031754641,5669.87361389,5669.87361389,5669.887664451,5669.896753743,1,COMPLETED,True,0.5821353597639245,14.050560999748996,9.089291999771376,23.721988359284296
105,5669.874539742028,5669.874956354,5669.874956354,5669.888137045,5669.898311158,0,COMPLETED,True,0.4166119715591776,13.180691000343359,10.174113000175566,23.771415972078103
106,5669.884796191684,5669.884944721,5669.884944721,5669.897112507,5669.906721751,1,COMPLETED,True,0.1485293159930734,12.16778600064572,9.609243999875616,21.92555931651441
107,5669.88610878794,5669.88620668,5669.88620668,5669.898729526,5669.908800996,0,COMPLETED,True,0.097892059784499,12.522846000138088,10.071469999274996,22.692208059197583
108,5669.886800149917,5669.886808604,5669.886808604,5669.907090117,5669.916205504,1,COMPLETED,True,0.008454083399556112,20.2815129996452,9.115386999837938,29.405354082882695
109,5669.915956748015,5669.916108802,5669.916108802,5669.917698309,5669.926965473,0,COMPLETED,True,0.15205398540274473,1.58950700006244,9.267163999538752,11.008724985003937
110,5669.921098755009,5669.921182721,5669.921182721,5669.9220094,5669.931360375,1,COMPLETED,True,0.08396599150728434,0.8266790000561741,9.350974999506434,10.261619991069892
111,5669.928875546948,5669.928965682,5669.928965682,5669.929876611,5669.939109206,0,COMPLETED,True,0.09013505223265383,0.9109289994739811,9.232594999957655,10.23365905166429
112,5669.935302473976,5669.935472641,5669.935472641,5669.936760909,5669.949135131,1,COMPLETED,True,0.17016702440741938,1.2882680002803681,12.374221999380097,13.832657024067885
113,5669.939513317014,5669.939599247,5669.939599247,5669.940566588,5669.95005972,0,COMPLETED,True,0.08592998619860737,0.9673410004324978,9.493131999988691,10.546402986619796
114,5669.9455686725005,5669.94569505,5669.94569505,5669.949318792,5669.958984545,1,COMPLETED,True,0.12637749932764564,3.623741999945196,9.665753000263066,13.415872499535908
115,5669.947727901354,5669.94782424,5669.94782424,5669.95043633,5669.959679198,0,COMPLETED,True,0.09633864647184964,2.612090000184253,9.242868000001181,11.951296646657283
116,5669.9563966452915,5669.956570837,5669.956570837,5669.959314824,5669.968980793,1,COMPLETED,True,0.17419170853827382,2.7439870000307565,9.66596899979777,12.5841477083668
117,5669.959289724215,5669.959610009,5669.959610009,5669.961820689,5669.971572476,0,COMPLETED,True,0.320284785630065,2.210679999734566,9.751786999913747,12.282751785278379
118,5669.960860131725,5669.960947745,5669.960947745,5669.969326739,5669.978660477,1,COMPLETED,True,0.0876132753546699,8.378993999940576,9.333737999440928,17.800345274736173
119,5669.96320067251,5669.963332336,5669.963332336,5669.971912881,5669.981174023,0,COMPLETED,True,0.1316634907198022,8.58054499985883,9.261141999559186,17.97335049013782
120,5669.968523220956,5669.968610513,5669.968610513,5669.97904722,5669.988129286,1,COMPLETED,True,0.0872920445544878,10.436706999826129,9.082065999791666,19.606065044172283
121,5669.9951660673605,5669.995255742,5669.995255742,5669.996430419,5670.005602248,0,COMPLETED,True,0.08967463963927003,1.1746769996534567,9.171829000479192,10.43618063977192
122,5670.004276037567,5670.004361133,5670.004361133,5670.005336617,5670.014522036,1,COMPLETED,True,0.08509543295076583,0.9754839993547648,9.18541900045966,10.245998432765191
123,5670.043786906338,5670.043877644,5670.043877644,5670.044953075,5670.056326761,0,COMPLETED,True,0.09073766159417573,1.07543100057228,11.373685999387817,12.539854661554273
124,5670.0489082619015,5670.049039985,5670.049039985,5670.050181558,5670.062915259,1,COMPLETED,True,0.1317230980930617,1.1415730004955549,12.733700999888242,14.006997098476859
125,5670.05192570904,5670.052065771,5670.052065771,5670.056503769,5670.066594104,0,COMPLETED,True,0.1400619603373343,4.437997999957588,10.09033499940415,14.668394959699071
126,5670.064327683294,5670.064525567,5670.064525567,5670.066398791,5670.078781762,1,COMPLETED,True,0.19788370536844013,1.873224000519258,12.382971000079124,14.454078705966822
127,5670.066440810559,5670.066586481,5670.066586481,5670.068318615,5670.080648949,0,COMPLETED,True,0.14567044127034023,1.7321340001217322,12.330333999670984,14.208138441063056
128,5670.128911337207,5670.129007494,5670.129007494,5670.130450986,5670.142979583,1,COMPLETED,True,0.09615679300623015,1.443492000362312,12.528596999800357,14.068245793168899
129,5670.133863192191,5670.133960529,5670.133960529,5670.135470023,5670.1504636,0,COMPLETED,True,0.09733680963108782,1.5094939999471535,14.993576999586367,16.600407809164608
130,5670.137029593959,5670.137137282,5670.137137282,5670.143336325,5670.15570914,1,COMPLETED,True,0.10768804168037605,6.199042999469384,12.372815000162518,18.67954604131228
131,5670.140194166546,5670.14030521,5670.14030521,5670.151039407,5670.164164972,0,COMPLETED,True,0.11104345412604744,10.734196999692358,13.125565000336792,23.970805454155197
132,5670.143824924583,5670.143996427,5670.143996427,5670.156088746,5670.168428278,1,COMPLETED,True,0.17150241728813853,12.092318999748386,12.339531999714382,24.603353416750906
133,5670.1714250215555,5670.171567463,5670.171567463,5670.173901463,5670.187181382,0,COMPLETED,True,0.14244144495023647,2.3339999997915584,13.279918999614893,15.756360444356687
134,5670.219937219556,5670.220093582,5670.220093582,5670.222297798,5670.233965794,1,COMPLETED,True,0.15636244370398344,2.2042159998818533,11.667996000142011,14.028574443727848
135,5670.228111104485,5670.228280348,5670.228280348,5670.230347547,5670.244311103,0,COMPLETED,True,0.16924351530178683,2.067198999611719,13.96355599990784,16.199998514821345
136,5670.230750470608,5670.230965535,5670.230965535,5670.23448322,5670.246280011,1,COMPLETED,True,0.2150643922504969,3.5176849996787496,11.796791000051599,15.529540391980845
137,5670.230848352411,5670.232499224,5670.232499224,5670.244854307,5670.257207874,0,COMPLETED,True,1.6508715889358427,12.355083000329614,12.353566999991017,26.359521589256474
138,5670.231682140073,5670.234259263,5670.234259263,5670.246710583,5670.257370297,1,COMPLETED,True,2.5771229275051155,12.451319999854604,10.659714000212261,25.68815692757198
139,5670.235220072977,5670.236255827,5670.236255827,5670.257707637,5670.269870774,0,COMPLETED,True,1.0357540222685202,21.451810000144178,12.163137000243296,34.650701022655994
140,5670.245513951272,5670.245661108,5670.245661108,5670.257739098,5670.268804069,1,COMPLETED,True,0.14715672750753583,12.077989999852434,11.064971000450896,23.290117727810866
141,5670.255358610473,5670.255604347,5670.255604347,5670.268982271,5670.278568631,1,COMPLETED,True,0.24573652717663208,13.377923999541963,9.586359999957494,23.21002052667609
142,5670.274554402668,5670.27465287,5670.27465287,5670.275866046,5670.285725999,0,COMPLETED,True,0.098467331554275,1.2131760004194803,9.8599529992498,11.171596331223554
143,5670.291760978108,5670.29184125,5670.29184125,5670.292895219,5670.302969307,1,COMPLETED,True,0.08027189232961973,1.053968999258359,10.074088000692427,11.208328892280406
144,5670.296109050493,5670.296194335,5670.296194335,5670.29699524,5670.307981338,0,COMPLETED,True,0.0852845068948227,0.8009049997781403,10.986098000103084,11.872287506776047
145,5670.307312056621,5670.307390078,5670.307390078,5670.308274351,5670.317718753,1,COMPLETED,True,0.07802137861290248,0.8842730003379984,9.44440199964447,10.40669637859537
146,5670.313187866023,5670.313293855,5670.313293855,5670.314228022,5670.323851982,0,COMPLETED,True,0.10598897642921656,0.9341670001958846,9.623959999771614,10.664115976396715
147,5670.326215054302,5670.326303928,5670.326303928,5670.327528439,5670.338253197,1,COMPLETED,True,0.0888736976776272,1.224511000145867,10.724757999923895,12.03814269774739
148,5670.328251780967,5670.328362688,5670.328362688,5670.329942736,5670.340725851,0,COMPLETED,True,0.1109070335587603,1.5800479995959904,10.783114999867394,12.474070033022144
149,5670.365765293981,5670.365899778,5670.365899778,5670.368266495,5670.378974304,1,COMPLETED,True,0.13448401932691922,2.366716999858909,10.707808999541157,13.209010018726985
150,5670.3659963158625,5670.367254955,5670.367254955,5670.369725593,5670.380827889,0,COMPLETED,True,1.2586391376316897,2.4706379999770434,11.10229599999002,14.831573137598753
151,5670.375610189789,5670.375850259,5670.375850259,5670.379329693,5670.389954962,1,COMPLETED,True,0.24006921103136847,3.4794339999280055,10.62526900022931,14.344772211188683
152,5670.379956020715,5670.380102783,5670.380102783,5670.382139386,5670.392700202,0,COMPLETED,True,0.14676228511234513,2.036602999396564,10.56081600017933,12.744181284688239
153,5670.396087921664,5670.396171389,5670.396171389,5670.397412996,5670.407938584,1,COMPLETED,True,0.08346733648068039,1.2416069994287682,10.525587999836716,11.850662335746165
154,5670.39763868566,5670.397784714,5670.397784714,5670.399308663,5670.410377967,0,COMPLETED,True,0.1460283401684137,1.5239489994200994,11.069304000557167,12.73928134014568
155,5670.419794867212,5670.419874717,5670.419874717,5670.42183885,5670.432737888,1,COMPLETED,True,0.0798497885625693,1.9641330000013113,10.899037999479333,12.943020788043214
156,5670.419827116819,5670.420572532,5670.420572532,5670.421986016,5670.433381664,0,COMPLETED,True,0.7454151809724863,1.4134840002952842,11.395647999961511,13.554547181229282
157,5670.433115281632,5670.433297514,5670.433297514,5670.435819673,5670.444959801,1,COMPLETED,True,0.18223236747871852,2.5221590003638994,9.140127999671677,11.844519367514295
158,5670.445271188224,5670.445418304,5670.445418304,5670.447100094,5670.45727034,0,COMPLETED,True,0.1471157756895991,1.6817900004753028,10.170245999688632,11.999151775853534
159,5670.452350701142,5670.452451466,5670.452451466,5670.453543865,5670.46585206,1,COMPLETED,True,0.1007648579616216,1.0923990002993378,12.308194999604893,13.501358857865853
160,5670.454268219493,5670.454424344,5670.454424344,5670.457440186,5670.468628299,0,COMPLETED,True,0.15612450624757912,3.0158420004227082,11.188112999661826,14.360079506332113
161,5670.459083358356,5670.45922609,5670.45922609,5670.466369898,5670.478460777,1,COMPLETED,True,0.14273164379119407,7.1438080003645155,12.090878999515553,19.377418643671263
162,5670.465001056932,5670.46523972,5670.46523972,5670.468986337,5670.479795288,0,COMPLETED,True,0.2386630676483037,3.7466170006155153,10.808950999489753,14.794231067753572
163,5670.467390962067,5670.46752523,5670.46752523,5670.478950008,5670.489735323,1,COMPLETED,True,0.1342679333902197,11.424777999309299,10.785315000248374,22.344360932947893
164,5670.469146226582,5670.469308131,5670.469308131,5670.480150125,5670.490577697,0,COMPLETED,True,0.16190441783692222,10.841994000656996,10.427571999571228,21.431470418065146
165,5670.4876261169,5670.487775178,5670.487775178,5670.490092064,5670.499756289,1,COMPLETED,True,0.14906110027368413,2.3168859997895197,9.664225000051374,12.130172100114578
166,5670.495602290496,5670.495826296,5670.495826296,5670.496953371,5670.507879022,0,COMPLETED,True,0.2240055036963895,1.1270750001131091,10.9256510004343,12.276731504243799
167,5670.498760280948,5670.498842864,5670.498842864,5670.500141971,5670.510732891,1,COMPLETED,True,0.0825830520625459,1.2991069997951854,10.590920000140613,11.972610051998345
168,5670.508579775779,5670.508680198,5670.508680198,5670.510175239,5670.51954965,0,COMPLETED,True,0.10042222038464388,1.4950410004530568,9.374410999953398,10.969874220791098
169,5670.518602507089,5670.518751381,5670.518751381,5670.521136671,5670.531801165,1,COMPLETED,True,0.14887391080264933,2.385290000347595,10.664493999684055,13.1986579108343
170,5670.52006505722,5670.520618748,5670.520618748,5670.522715048,5670.534640343,0,COMPLETED,True,0.5536907801797497,2.096299999720941,11.92529500076489,14.575285780665581
171,5670.528850218349,5670.528996169,5670.528996169,5670.531954203,5670.542430945,1,COMPLETED,True,0.14595065022149356,2.9580340005850303,10.476741999809747,13.58072665061627
172,5670.537630260366,5670.53783133,5670.53783133,5670.539807391,5670.552573681,0,COMPLETED,True,0.20106963347643614,1.9760610002776957,12.766289999490255,14.943420633244386
173,5670.538807348177,5670.539161845,5670.539161845,5670.542743576,5670.55333212,1,COMPLETED,True,0.35449682309263153,3.5817309999401914,10.588543999801914,14.524771822834737
174,5670.542385480461,5670.54253722,5670.54253722,5670.553056671,5670.563400115,0,COMPLETED,True,0.15173953852354316,10.519451000618574,10.343443999772717,21.014634538914834
175,5670.562277256614,5670.562423137,5670.562423137,5670.564483358,5670.574020164,1,COMPLETED,True,0.1458803862988134,2.060220999737794,9.53680600014195,11.742907386178558
176,5670.570929467761,5670.571084333,5670.571084333,5670.573063088,5670.585428416,0,COMPLETED,True,0.15486523898289306,1.978754999981902,12.365327999759756,14.498948238724552
177,5670.573453723352,5670.573590221,5670.573590221,5670.574755819,5670.586772181,1,COMPLETED,True,0.1364976478726021,1.1655979997158283,12.01636200039502,13.31845764798345
178,5670.578454661509,5670.57855399,5670.57855399,5670.585868935,5670.596717636,0,COMPLETED,True,0.09932849116012221,7.314944999961881,10.848701000213623,18.262974491335626
179,5670.584586822892,5670.584695866,5670.584695866,5670.587169294,5670.598678903,1,COMPLETED,True,0.10904310875048395,2.473427999575506,11.509609000313503,14.092080108639493
180,5670.596905980262,5670.597037745,5670.597037745,5670.59859261,5670.608418959,0,COMPLETED,True,0.13176473839848768,1.554864999889105,9.82634899992263,11.512978738210222
181,5670.616620379428,5670.616790183,5670.616790183,5670.619446759,5670.631502253,1,COMPLETED,True,0.16980357213469688,2.6565759999357397,12.055493999469036,14.881873571539472
182,5670.61753542389,5670.618290668,5670.618290668,5670.621227187,5670.63484307,0,COMPLETED,True,0.755244109313935,2.936519000286353,13.615883000056783,17.30764610965707
183,5670.618013284257,5670.620351545,5670.620351545,5670.631951336,5670.644367451,1,COMPLETED,True,2.3382607423627633,11.599791000662663,12.416114999723504,26.35416674274893
184,5670.623838890996,5670.62392584,5670.62392584,5670.635270478,5670.648626883,0,COMPLETED,True,0.0869490040713572,11.344638000082341,13.356405000195082,24.78799200434878
185,5670.624040784416,5670.624498386,5670.624498386,5670.644804884,5670.656297693,1,COMPLETED,True,0.45760158354823943,20.30649800053652,11.492808999719273,32.256908583804034
186,5670.625716838351,5670.625804117,5670.625804117,5670.648801703,5670.661866944,0,COMPLETED,True,0.08727864951652009,22.997585999291914,13.065241000731476,36.15010564953991
187,5670.62683981385,5670.626927346,5670.626927346,5670.656735579,5670.668532203,1,COMPLETED,True,0.08753215024626115,29.808233000039763,11.796623999543954,41.69238914982998
188,5670.627766578652,5670.627853029,5670.627853029,5670.662246403,5670.675834942,0,COMPLETED,True,0.08645034813525854,34.39337399959186,13.588539000011224,48.06836334773834
189,5670.637583290439,5670.637666093,5670.637666093,5670.668977651,5670.681322042,1,COMPLETED,True,0.0828025613373029,31.311558000197692,12.34439099971496,43.738751561249956
190,5670.638586682915,5670.63867048,5670.63867048,5670.676226233,5670.689811752,0,COMPLETED,True,0.08379708469874458,37.5557530005608,13.58551900011662,51.22506908537616
191,5670.646949015861,5670.647029942,5670.647029942,5670.681794763,5670.693358274,1,COMPLETED,True,0.08092613916232949,34.76482099995337,11.563511000531435,46.409258139647136
192,5670.6808065585055,5670.680924402,5670.680924402,5670.690158335,5670.702972552,0,COMPLETED,True,0.11784349408117123,9.233933000359684,12.814216999686323,22.16599349412718
193,5670.68232022963,5670.682958851,5670.682958851,5670.693833312,5670.705218369,1,COMPLETED,True,0.6386213699443033,10.874460999730218,11.385057000552479,22.898139370227
194,5670.696548834357,5670.696689555,5670.696689555,5670.703341304,5670.716739529,0,COMPLETED,True,0.14072064368519932,6.651748999502161,13.398224999946251,20.19069464313361
195,5670.705324402245,5670.705451199,5670.705451199,5670.708447869,5670.721122886,1,COMPLETED,True,0.12679675455729011,2.9966700003569713,12.675016999310174,15.798483754224435
196,5670.707190136117,5670.707345954,5670.707345954,5670.717119727,5670.730514981,0,COMPLETED,True,0.1558178828418022,9.773773000233632,13.3952539999882,23.324844883063633
197,5670.737117183486,5670.737244696,5670.737244696,5670.739562799,5670.751774096,1,COMPLETED,True,0.12751251415465958,2.3181030001069303,12.211297000249033,14.656912514510623
198,5670.750461856547,5670.750597726,5670.750597726,5670.752836499,5670.765555243,0,COMPLETED,True,0.13586945260612993,2.23877300049935,12.718743999357685,15.093386452463164
199,5670.7552329037535,5670.755363614,5670.755363614,5670.75728042,5670.767720285,1,COMPLETED,True,0.1307102465943899,1.9168059998264653,10.439865000080317,12.487381246501172
200,5670.777161367667,5670.777293501,5670.777293501,5670.780175589,5670.79333125,0,COMPLETED,True,0.132133332954254,2.882087999751093,13.155661000382679,16.169882333088026
201,5670.778261039898,5670.778909085,5670.778909085,5670.781627722,5670.792527763,1,COMPLETED,True,0.6480451020252076,2.7186369998162263,10.90004100024089,14.266723102082324
202,5670.7962017823675,5670.796331178,5670.796331178,5670.798622777,5670.807476702,1,COMPLETED,True,0.12939563293912215,2.2915989993634867,8.853925000039453,11.274919632342062
203,5670.814682038591,5670.814927247,5670.814927247,5670.817293095,5670.831236918,0,COMPLETED,True,0.2452084090691642,2.3658480004087323,13.943822999863187,16.554879409341083
204,5670.815915064937,5670.816301021,5670.816301021,5670.818243317,5670.831079423,1,COMPLETED,True,0.38595606292801676,1.9422960003794287,12.83610599966778,15.164358062975225
205,5670.84060913466,5670.840727356,5670.840727356,5670.842536695,5670.851624735,1,COMPLETED,True,0.11822134001704399,1.8093389999194187,9.088040000278852,11.015600340215315
206,5670.855935043004,5670.856114944,5670.856114944,5670.857980598,5670.867265696,0,COMPLETED,True,0.17990099604503484,1.8656539996300125,9.28509799996391,11.330652995638957
207,5670.880541815964,5670.880680483,5670.880680483,5670.882896706,5670.895457882,1,COMPLETED,True,0.1386670364809106,2.2162229997775285,12.561176000417618,14.916066036676057
208,5670.883848111434,5670.883989781,5670.883989781,5670.886220016,5670.899512712,0,COMPLETED,True,0.1416695658917888,2.2302349998426507,13.292695999552961,15.664600565287401
209,5670.897257437482,5670.897489851,5670.897489851,5670.899690034,5670.910397933,1,COMPLETED,True,0.232413517551322,2.2001830002409406,10.70789900040836,13.140495518200623
210,5670.912384814947,5670.912520254,5670.912520254,5670.914579951,5670.924812582,0,COMPLETED,True,0.13543905333790462,2.059696999822336,10.232631000690162,12.427767053850403
211,5670.916666476108,5670.916832025,5670.916832025,5670.919103618,5670.932480076,1,COMPLETED,True,0.165548892255174,2.2715929999321816,13.37645799958409,15.813599891771446
212,5670.917023032434,5670.91791292,5670.91791292,5670.924965898,5670.935687611,0,COMPLETED,True,0.8898875657905592,7.052977999592258,10.721712999838928,18.664578565221746
213,5670.917166006709,5670.919584945,5670.919584945,5670.932697082,5670.944525958,1,COMPLETED,True,2.4189382911572466,13.112137000462099,11.828875999526645,27.35995129114599
214,5670.924230551819,5670.924361396,5670.924361396,5670.936043868,5670.946834111,0,COMPLETED,True,0.13084418060316239,11.682471999847621,10.790242999973998,22.60355918042478
215,5670.932171459375,5670.932340843,5670.932340843,5670.944916187,5670.95569753,1,COMPLETED,True,0.16938362477958435,12.575343999742472,10.78134300041711,23.526070624939166
216,5670.9335067964175,5670.933723267,5670.933723267,5670.947131317,5670.957744328,0,COMPLETED,True,0.21647058201779146,13.408050000180083,10.613011000714323,24.237531582912197
217,5670.94347493183,5670.943610887,5670.943610887,5670.956075823,5670.967311356,1,COMPLETED,True,0.13595517066278262,12.464935999560112,11.235533000217401,23.836424170440296
218,5670.944010108957,5670.945446073,5670.945446073,5670.958034263,5670.969003906,0,COMPLETED,True,1.43596404359414,12.588189999405586,10.969642999953066,24.993797042952792
219,5670.950512505698,5670.95073534,5670.95073534,5670.967640048,5670.978567119,1,COMPLETED,True,0.2228343028036761,16.904707999856328,10.927070999969146,28.05461330262915
220,5670.957658728254,5670.957792805,5670.957792805,5670.969305605,5670.980470127,0,COMPLETED,True,0.1340767466899706,11.512799999763956,11.164522000399302,22.81139874685323
221,5670.959934486995,5670.960375093,5670.960375093,5670.978910304,5670.989807853,1,COMPLETED,True,0.4406060052133398,18.535211000198615,10.897548999309947,29.873366004721902
222,5670.960421298121,5670.962312218,5670.962312218,5670.980823097,5670.991676551,0,COMPLETED,True,1.8909198788605863,18.510879000132263,10.853453999516205,31.255252878509054
223,5670.98375473278,5670.983912468,5670.983912468,5670.990145687,5670.999137283,1,COMPLETED,True,0.15773522045492427,6.233219000023382,8.991595999759738,15.382550220238045
224,5671.002890087537,5671.00307433,5671.00307433,5671.004435095,5671.013559147,0,COMPLETED,True,0.1842424635469797,1.3607649998448323,9.124051999606309,10.66905946299812
225,5671.011760483238,5671.011923398,5671.011923398,5671.015308237,5671.026132426,1,COMPLETED,True,0.16291476276819594,3.384838999409112,10.824189000231854,14.371942762409162
226,5671.012058455455,5671.013519757,5671.013519757,5671.016496688,5671.029416309,0,COMPLETED,True,1.4613015446229838,2.976931000375771,12.919621000037296,17.35785354503605
227,5671.019509864215,5671.019652351,5671.019652351,5671.026476206,5671.03616868,1,COMPLETED,True,0.14248678508010926,6.823854999311152,9.69247400007589,16.65881578446715
228,5671.052474156499,5671.052557435,5671.052557435,5671.053721741,5671.062952603,0,COMPLETED,True,0.08327850173373008,1.1643059997368255,9.230861999640183,10.478446501110739
229,5671.067043219148,5671.067173988,5671.067173988,5671.069275663,5671.078751977,1,COMPLETED,True,0.13076885170448804,2.101674999721581,9.476314000494312,11.708757851920382
230,5671.078707377121,5671.078890256,5671.078890256,5671.082050251,5671.092902883,0,COMPLETED,True,0.1828788790589897,3.159994999805349,10.852632000023732,14.19550587888807
231,5671.079111249807,5671.080825832,5671.080825832,5671.083463516,5671.09657321,1,COMPLETED,True,1.7145821930171223,2.6376839996373747,13.109694000377203,17.4619601930317
232,5671.087746839596,5671.087863237,5671.087863237,5671.09327659,5671.103967174,0,COMPLETED,True,0.11639740478130989,5.4133529993123375,10.69058400025824,16.22033440435189
233,5671.090395268135,5671.090742402,5671.090742402,5671.097135901,5671.109407689,1,COMPLETED,True,0.3471338650342659,6.393499000296288,12.271788000361994,19.012420865692548
234,5671.133457962747,5671.133596761,5671.133596761,5671.135151098,5671.146551283,0,COMPLETED,True,0.1387982529195142,1.5543370000159484,11.40018499972939,13.093320252664853
235,5671.133568012886,5671.134280915,5671.134280915,5671.136382263,5671.148155223,1,COMPLETED,True,0.7129021141736303,2.1013479999965057,11.772959999689192,14.587210113859328
236,5671.136087891549,5671.136224763,5671.136224763,5671.146890018,5671.156285897,0,COMPLETED,True,0.13687145110452548,10.66525499936688,9.395879000294372,20.198005450765777
237,5671.157287731274,5671.157422282,5671.157422282,5671.15977973,5671.170507845,1,COMPLETED,True,0.13455072621582076,2.357448000111617,10.728115000347316,13.220113726674754
238,5671.158567231265,5671.158899062,5671.158899062,5671.16137612,5671.174565443,0,COMPLETED,True,0.3318307353765704,2.477057999385579,13.18932300000597,15.99821173476812
239,5671.162134785687,5671.16226751,5671.16226751,5671.170842535,5671.181657174,1,COMPLETED,True,0.13272431260702433,8.57502500002738,10.814639000273019,19.522388312907424
240,5671.165793439591,5671.165926092,5671.165926092,5671.175055737,5671.186527613,0,COMPLETED,True,0.13265240886539686,9.129645000029996,11.47187600054167,20.734173409437062
241,5671.187134053716,5671.187270767,5671.187270767,5671.189196917,5671.198579721,1,COMPLETED,True,0.13671328360942425,1.926150000144844,9.382803999869793,11.445667283624061
242,5671.1990487764115,5671.199191141,5671.199191141,5671.201092144,5671.210285369,0,COMPLETED,True,0.14236458810046315,1.9010030000572442,9.1932250006721,11.236592588829808
243,5671.22621998869,5671.226334676,5671.226334676,5671.228934144,5671.240392584,1,COMPLETED,True,0.114687310087902,2.599467999971239,11.458439999842085,14.172595309901226
244,5671.228351876408,5671.228624649,5671.228624649,5671.231598614,5671.245324558,0,COMPLETED,True,0.2727725923250546,2.9739649999100948,13.725943999816081,16.97268159205123
245,5671.229275970347,5671.230538828,5671.230538828,5671.24066682,5671.251914126,1,COMPLETED,True,1.262857653273386,10.127991999979713,11.247305999859236,22.638155653112335
246,5671.233480571606,5671.233722362,5671.233722362,5671.245578537,5671.257512843,0,COMPLETED,True,0.24179039337468566,11.856175000502844,11.934305999602657,24.032271393480187
247,5671.248010335806,5671.248204231,5671.248204231,5671.252331781,5671.262281916,1,COMPLETED,True,0.1938951945703593,4.1275499997937,9.950134999598959,14.271580193963018
248,5671.257662565583,5671.257785776,5671.257785776,5671.260419657,5671.27237732,0,COMPLETED,True,0.12321041685936507,2.633881000292604,11.957662999520835,14.714754416672804
249,5671.285014376768,5671.285272057,5671.285272057,5671.287301284,5671.296927778,1,COMPLETED,True,0.257680231698032,2.0292270000936696,9.62649400025839,11.913401232050091
250,5671.29749238437,5671.297539065,5671.297539065,5671.299726286,5671.31053667,0,COMPLETED,True,0.04668062956625363,2.187220999985584,10.81038400025136,13.044285629803198
251,5671.298346866211,5671.298810499,5671.298810499,5671.300878918,5671.313848065,1,COMPLETED,True,0.4636327885236824,2.0684190003521508,12.969146999239456,15.501198788115289
252,5671.3021316348295,5671.302383446,5671.302383446,5671.310941159,5671.321688904,0,COMPLETED,True,0.2518111705285264,8.557713000300282,10.747745000116993,19.5572691709458
253,5671.304409578559,5671.304578261,5671.304578261,5671.314354443,5671.326633074,1,COMPLETED,True,0.1686824407443055,9.77618200067809,12.278630999389861,22.223495440812258
254,5671.307525388361,5671.307667655,5671.307667655,5671.322050743,5671.333149192,0,COMPLETED,True,0.14226663915906101,14.383087999704003,11.098449000201072,25.623803639064135
255,5671.318507475734,5671.318655487,5671.318655487,5671.327014004,5671.338180656,1,COMPLETED,True,0.14801126599195413,8.358517000488064,11.166651999701571,19.67318026618159
256,5671.3243712040485,5671.324579557,5671.324579557,5671.333495737,5671.343894486,0,COMPLETED,True,0.208352951631241,8.916179999687301,10.398749000160024,19.523281951478566
257,5671.338500900387,5671.338759638,5671.338759638,5671.340289285,5671.351122425,1,COMPLETED,True,0.2587376129667973,1.5296470000976115,10.833139999704144,12.621524612768553
258,5671.338661510166,5671.339363571,5671.339363571,5671.3442058,5671.354086671,0,COMPLETED,True,0.702060833646101,4.842229000132647,9.880870999950275,15.425160833729024
259,5671.362604685114,5671.362743901,5671.362743901,5671.364115362,5671.377193813,1,COMPLETED,True,0.1392158856106107,1.3714610004171846,13.078451000183122,14.589127886210917
260,5671.36437535335,5671.364513701,5671.364513701,5671.366560183,5671.376988163,0,COMPLETED,True,0.1383476501359837,2.046481999968819,10.427979999803938,12.61280964990874
261,5671.37794882247,5671.378097871,5671.378097871,5671.379975182,5671.389146177,0,COMPLETED,True,0.14904853014741093,1.877310999589099,9.17099500020413,11.19735452994064
262,5671.396551893875,5671.396676983,5671.396676983,5671.398829937,5671.412347563,1,COMPLETED,True,0.12508912550401874,2.1529539999392,13.51762600006623,15.795669125509448
263,5671.396982749036,5671.398108277,5671.398108277,5671.400117492,5671.410796943,0,COMPLETED,True,1.125527963267814,2.009215000725817,10.679450999305118,13.814193963298749
264,5671.404799505978,5671.40492388,5671.40492388,5671.411181767,5671.420466989,0,COMPLETED,True,0.12437402165232925,6.257887000174378,9.285221999562054,15.667483021388762
265,5671.4417064951385,5671.441827275,5671.441827275,5671.444619842,5671.457847773,1,COMPLETED,True,0.12077986139047425,2.7925670001422986,13.227931000074022,16.141277861606795
266,5671.441779907646,5671.443363391,5671.443363391,5671.446042115,5671.459300242,0,COMPLETED,True,1.5834833538974635,2.678723999451904,13.258126999971864,17.520334353321232
267,5671.448655015668,5671.448804147,5671.448804147,5671.458324723,5671.470982744,1,COMPLETED,True,0.14913133236404974,9.520575999886205,12.658020999879227,22.32772833212948
268,5671.454193940861,5671.454429655,5671.454429655,5671.459739491,5671.472656486,0,COMPLETED,True,0.2357141393076745,5.309835999469215,12.916995000523457,18.462545139300346
269,5671.45899864062,5671.459194804,5671.459194804,5671.471324661,5671.482154087,1,COMPLETED,True,0.196163379769132,12.12985700021818,10.82942599987291,23.155446379860223
270,5671.461160277001,5671.461381598,5671.461381598,5671.472811361,5671.485943284,0,COMPLETED,True,0.22132099911686964,11.429762999796367,13.131923000401002,24.78300699931424
271,5671.46314934529,5671.46355501,5671.46355501,5671.482497255,5671.493001582,1,COMPLETED,True,0.4056647103425348,18.942245000289404,10.504326999580371,29.85223671021231
272,5671.466241249382,5671.466475565,5671.466475565,5671.486421099,5671.499088225,0,COMPLETED,True,0.23431561839970527,19.94553399981669,12.66712600045139,32.846975618667784
273,5671.468694077099,5671.46899726,5671.46899726,5671.493321346,5671.504096338,1,COMPLETED,True,0.30318290100694867,24.324085999978706,10.774991999824124,35.40226090080978
274,5671.472174422285,5671.472866775,5671.472866775,5671.499470215,5671.510469552,0,COMPLETED,True,0.6923527143953834,26.603440000144474,10.999337000612286,38.29512971515214
275,5671.4953851165765,5671.495462873,5671.495462873,5671.504415148,5671.514534221,1,COMPLETED,True,0.07775642370688729,8.952274999501242,10.11907300016901,19.14910442337714
276,5671.525147081755,5671.52523009,5671.52523009,5671.526550897,5671.53955796,0,COMPLETED,True,0.08300824538309826,1.3208069995016558,13.007063000259222,14.410878245143977
277,5671.528155660207,5671.528227184,5671.528227184,5671.529876001,5671.540455337,1,COMPLETED,True,0.07152379293984268,1.6488170003867708,10.57933599986427,12.299676793190883
278,5671.528434753437,5671.529532566,5671.529532566,5671.540151876,5671.552593921,0,COMPLETED,True,1.0978125628753332,10.61931000003824,12.442045000170765,24.15916756308434
279,5671.5315289244,5671.53163224,5671.53163224,5671.540606962,5671.551308968,1,COMPLETED,True,0.1033156004268676,8.974721999948088,10.702005999519315,19.78004359989427
280,5671.550948600482,5671.551085066,5671.551085066,5671.553886404,5671.564482315,1,COMPLETED,True,0.13646551815327257,2.8013379996991716,10.595910999654734,13.533714517507178
281,5671.552884911468,5671.5531963,5671.5531963,5671.55586806,5671.566590124,0,COMPLETED,True,0.31138853228185326,2.6717599994299235,10.722064000219689,13.705212531931465
282,5671.563731617237,5671.563857894,5671.563857894,5671.566739476,5671.577725375,1,COMPLETED,True,0.12627676278498257,2.881582000554772,10.985898999933852,13.993757763273607
283,5671.564706048466,5671.565822237,5671.565822237,5671.568832885,5671.579680732,0,COMPLETED,True,1.1161885340698063,3.0106479998721625,10.847847000150068,14.974683534092037
284,5671.569051092555,5671.569205016,5671.569205016,5671.578019542,5671.589079388,1,COMPLETED,True,0.15392344448628137,8.814526000605838,11.059845999625395,20.028295444717514
285,5671.57090847639,5671.57107654,5671.57107654,5671.579968175,5671.59104901,0,COMPLETED,True,0.16806360963528277,8.891635000509268,11.08083499912027,20.14053360926482
286,5671.580491034219,5671.580622958,5671.580622958,5671.589359561,5671.600439931,1,COMPLETED,True,0.131923780827492,8.736602999306342,11.0803700008546,19.948896780988434
287,5671.5851154975135,5671.58529761,5671.58529761,5671.591336933,5671.601970584,0,COMPLETED,True,0.18211248698207783,6.039322999640717,10.633650999807287,16.855086486430082
288,5671.599980299346,5671.600322155,5671.600322155,5671.603452165,5671.613260428,1,COMPLETED,True,0.341855654369283,3.1300099999498343,9.808263000195439,13.280128654514556
289,5671.607282253904,5671.607407876,5671.607407876,5671.609332641,5671.619891974,0,COMPLETED,True,0.1256220966752153,1.9247649997851113,10.559332999946491,12.609720096406818
290,5671.612453524327,5671.612575912,5671.612575912,5671.615124741,5671.626220758,1,COMPLETED,True,0.12238767249073135,2.548829000261321,11.096017000454594,13.767233673206647
291,5671.612670780033,5671.614249695,5671.614249695,5671.620277031,5671.630364927,0,COMPLETED,True,1.5789149665579316,6.027336000443029,10.087896000186447,17.694146967187407
292,5671.63091080004,5671.631101052,5671.631101052,5671.63367487,5671.644132165,1,COMPLETED,True,0.19025196070288075,2.57381799929135,10.457295000378508,13.221364960372739
293,5671.6313092807,5671.632643314,5671.632643314,5671.635417124,5671.646206042,0,COMPLETED,True,1.3340332998268423,2.7738099997804966,10.788917999889236,14.896761299496575
294,5671.638219026776,5671.63840648,5671.63840648,5671.644454784,5671.656276106,1,COMPLETED,True,0.18745322449831292,6.04830399970524,11.821322000287182,18.057079224490735
295,5671.68231897448,5671.682472011,5671.682472011,5671.683613435,5671.693145131,0,COMPLETED,True,0.15303651980502764,1.1414239997975528,9.53169600052206,10.826156520124641
296,5671.69795386337,5671.698050617,5671.698050617,5671.699292927,5671.711924746,1,COMPLETED,True,0.0967536307143746,1.2423099997249665,12.631818999579991,13.970882630019332
297,5671.702347045471,5671.702506673,5671.702506673,5671.704235476,5671.71650917,0,COMPLETED,True,0.15962752968334826,1.7288029994233511,12.273694000214164,14.162124529320863
298,5671.728916507302,5671.728995739,5671.728995739,5671.729922499,5671.742597626,1,COMPLETED,True,0.07923169869172852,0.9267599998565856,12.675126999965869,13.681118698514183
299,5671.731903714966,5671.732058834,5671.732058834,5671.733829309,5671.746951916,0,COMPLETED,True,0.1551190334794228,1.770474999830185,13.122607000696007,15.048201034005615
300,5671.740615384354,5671.740765841,5671.740765841,5671.742938958,5671.755134494,1,COMPLETED,True,0.15045664622448385,2.173116999983904,12.195536000035645,14.519109646244033
301,5671.749179679167,5671.749306735,5671.749306735,5671.751173789,5671.760954749,0,COMPLETED,True,0.12705583230854245,1.8670540002858615,9.780960000171035,11.775069832765439
302,5671.761943561375,5671.762020948,5671.762020948,5671.763188588,5671.77566493,1,COMPLETED,True,0.07738662498013582,1.167639999948733,12.476341999899887,13.721368624828756
303,5671.765348500942,5671.76550183,5671.76550183,5671.767361837,5671.780585354,0,COMPLETED,True,0.1533290578663582,1.8600069997773971,13.223517000369611,15.236853058013367
304,5671.770417905721,5671.770561575,5671.770561575,5671.775962776,5671.788424082,1,COMPLETED,True,0.14366927916853456,5.401200999585853,12.461306000659533,18.00617627941392
305,5671.77434157831,5671.774663343,5671.774663343,5671.780773172,5671.791516467,0,COMPLETED,True,0.3217646899429383,6.109829000706668,10.743294999883801,17.174888690533407
306,5671.799442756045,5671.799525204,5671.799525204,5671.800847548,5671.81286754,1,COMPLETED,True,0.08244795481004985,1.322344000072917,12.019992000205093,13.42478395508806
307,5671.812834408513,5671.813004781,5671.813004781,5671.814906241,5671.827453573,0,COMPLETED,True,0.1703724874460022,1.901460000226507,12.547331999485323,14.619164487157832
308,5671.816988071477,5671.817070788,5671.817070788,5671.817841263,5671.830233012,1,COMPLETED,True,0.08271652313851519,0.7704750005359529,12.391748999107222,13.24494052278169
309,5671.831851932092,5671.83196208,5671.83196208,5671.833066274,5671.843876308,0,COMPLETED,True,0.1101479083445156,1.1041939997085137,10.810034000314772,12.024375908367801
310,5671.841468229268,5671.841545306,5671.841545306,5671.842516971,5671.8554802,1,COMPLETED,True,0.07707673194090603,0.9716650001792004,12.963228999979037,14.011970732099144
311,5671.844303708922,5671.844313843,5671.844313843,5671.846798529,5671.857357872,0,COMPLETED,True,0.010134078365808818,2.484685999661451,10.559342999840737,13.054163077867997
312,5671.851217147927,5671.851369948,5671.851369948,5671.855760784,5671.868679539,1,COMPLETED,True,0.15280007301043952,4.390836000311538,12.918755000100646,17.462391073422623
313,5671.852244284998,5671.852819073,5671.852819073,5671.857629618,5671.868299682,0,COMPLETED,True,0.5747880022681784,4.810544999600097,10.670063999896229,16.055397001764504
314,5671.85461941332,5671.854922262,5671.854922262,5671.868626015,5671.879146936,0,COMPLETED,True,0.30284868080343585,13.703752999390417,10.520921000534145,24.527522680727998
315,5671.855420922404,5671.856242178,5671.856242178,5671.868984118,5671.881567586,1,COMPLETED,True,0.8212555958380108,12.741940000523755,12.583467999320419,26.146663595682185
316,5671.856262869068,5671.860107795,5671.860107795,5671.879494095,5671.890135463,0,COMPLETED,True,3.8449259318440454,19.386300000405754,10.641367999596696,33.872593931846495
317,5671.865820721062,5671.866070276,5671.866070276,5671.881815375,5671.894574133,1,COMPLETED,True,0.24955493790912442,15.745099000014307,12.758758000018133,28.753411937941564
318,5671.883533948874,5671.883675775,5671.883675775,5671.890473949,5671.899711176,0,COMPLETED,True,0.1418261254002573,6.798174000323343,9.237227000085113,16.177227125808713
319,5671.901532052681,5671.901710133,5671.901710133,5671.903707371,5671.917625827,1,COMPLETED,True,0.1780803186193225,1.997237999603385,13.918456000283186,16.093774318505893
320,5671.904005947558,5671.904257892,5671.904257892,5671.905805893,5671.916493945,0,COMPLETED,True,0.2519444415156613,1.5480010006285738,10.688051999750314,12.48799744189455
321,5671.933525242341,5671.933779358,5671.933779358,5671.936108824,5671.946060761,0,COMPLETED,True,0.2541156591178151,2.3294660004467005,9.951936999641475,12.53551865920599
322,5671.937604638416,5671.937688942,5671.937688942,5671.938835932,5671.951432635,1,COMPLETED,True,0.08430358411715133,1.1469900000520283,12.596702999871923,13.827996584041102
323,5671.949360423551,5671.949445242,5671.949445242,5671.950705146,5671.95963194,0,COMPLETED,True,0.08481844906782499,1.2599039991982863,8.926794000217342,10.271516448483453
324,5671.958412088796,5671.958509607,5671.958509607,5671.960145952,5671.972078042,1,COMPLETED,True,0.09751820471137762,1.6363449994969415,11.932090000300377,13.665953204508696
325,5671.964877855304,5671.964986985,5671.964986985,5671.966717404,5671.976251333,0,COMPLETED,True,0.10912969628407154,1.730418999613903,9.533929000099306,11.37347769599728
326,5671.976572229477,5671.976751274,5671.976751274,5671.979497043,5671.991942751,1,COMPLETED,True,0.17904452306538587,2.745769000284781,12.445708000086597,15.370521523436764
327,5671.998723558134,5671.998881854,5671.998881854,5672.001067458,5672.01365124,0,COMPLETED,True,0.15829586573090637,2.185604000260355,12.583782000547217,14.927681866538478
328,5672.010629174917,5672.010751618,5672.010751618,5672.012996813,5672.027446601,1,COMPLETED,True,0.12244308254594216,2.2451950007962296,14.449787999183172,16.817426082525344
329,5672.017744695144,5672.017887431,5672.017887431,5672.019511054,5672.030264476,0,COMPLETED,True,0.14273585657065269,1.6236229994319729,10.75342200056184,12.519780856564466
330,5672.037507762299,5672.037599549,5672.037599549,5672.03902783,5672.051998571,1,COMPLETED,True,0.09178670097753638,1.428280999789422,12.970740999662667,14.490808700429625
331,5672.051214301458,5672.051325738,5672.051325738,5672.054172812,5672.067136734,0,COMPLETED,True,0.1114365422836272,2.847073999873828,12.96392200038099,15.922432542538445
332,5672.055905073438,5672.055983845,5672.055983845,5672.057198636,5672.070288978,1,COMPLETED,True,0.07877156167523935,1.2147910001658602,13.090341999486554,14.383904561327654
333,5672.094535597984,5672.094626985,5672.094626985,5672.096265974,5672.106129641,0,COMPLETED,True,0.09138701625488466,1.6389889997299179,9.863666999990528,11.59404301597533
334,5672.099700925575,5672.099747126,5672.099747126,5672.102087749,5672.11688671,1,COMPLETED,True,0.04620042454916984,2.340623000236519,14.798960999542032,17.18578442432772
335,5672.100104776933,5672.100609284,5672.100609284,5672.106291232,5672.116801063,0,COMPLETED,True,0.5045070665801177,5.6819480005287915,10.509830999581027,16.696286066689936
336,5672.133244922034,5672.133368466,5672.133368466,5672.135512538,5672.147470768,0,COMPLETED,True,0.12354396676528268,2.1440719992824597,11.958230000345793,14.225845966393535
337,5672.16183082925,5672.161955597,5672.161955597,5672.163959219,5672.17645668,1,COMPLETED,True,0.12476775009417906,2.00362200030213,12.49746099983895,14.625850750235259
338,5672.169495440375,5672.169682344,5672.169682344,5672.17165019,5672.183750161,0,COMPLETED,True,0.18690362503548386,1.9678460002978682,12.099970999770449,14.2547206251038
339,5672.183373280137,5672.183495731,5672.183495731,5672.186441638,5672.200712378,1,COMPLETED,True,0.12245086327311583,2.945907000139414,14.270740000029036,17.339097863441566
340,5672.195281039523,5672.195473878,5672.195473878,5672.196874715,5672.20956512,0,COMPLETED,True,0.1928384763232316,1.4008370008014026,12.69040499937546,14.284080476500094
341,5672.196319490926,5672.19671606,5672.19671606,5672.200940247,5672.214680963,1,COMPLETED,True,0.3965690739278216,4.2241870005454984,13.740716000029352,18.36147207450267
342,5672.212199505221,5672.212334837,5672.212334837,5672.214125246,5672.226702917,0,COMPLETED,True,0.1353317784378305,1.790409000022919,12.577671000144619,14.503411778605368
343,5672.222086118275,5672.22219256,5672.22219256,5672.223834255,5672.236184915,1,COMPLETED,True,0.10644172471074853,1.641695000216714,12.350660000265634,14.098796725193097
344,5672.255717678517,5672.255968098,5672.255968098,5672.258543215,5672.271207767,0,COMPLETED,True,0.2504194835637463,2.5751169996510725,12.66455200038763,15.490088483602449
345,5672.262240425019,5672.262391399,5672.262391399,5672.263717237,5672.2764478,1,COMPLETED,True,0.15097398136276752,1.3258379995022551,12.73056300033204,14.207374981197063
346,5672.265495440979,5672.265626082,5672.265626082,5672.271606982,5672.284134336,0,COMPLETED,True,0.13064102131465916,5.9808999994857,12.527353999757906,18.638895020558266
347,5672.280179241528,5672.280318283,5672.280318283,5672.282941968,5672.297850589,1,COMPLETED,True,0.13904147272114642,2.6236849998895195,14.90862099944934,17.671347472060006
348,5672.288230183861,5672.288415165,5672.288415165,5672.290195399,5672.304179635,0,COMPLETED,True,0.18498113877285505,1.7802340007619932,13.984235999487282,15.94945113902213
349,5672.308830834008,5672.308923534,5672.308923534,5672.310449763,5672.323004109,1,COMPLETED,True,0.09269999191019451,1.5262289998645429,12.554345999888028,14.173274991662765
350,5672.309267817221,5672.309751711,5672.309751711,5672.311074418,5672.325140645,0,COMPLETED,True,0.48389377934654476,1.3227070003267727,14.066226999602804,15.872827779276122
351,5672.320801842169,5672.320897482,5672.320897482,5672.323380206,5672.335625729,1,COMPLETED,True,0.0956398307607742,2.482724000401504,12.245522999364766,14.823886830527044
352,5672.344849957982,5672.344895596,5672.344895596,5672.346853997,5672.359472288,0,COMPLETED,True,0.04563801849144511,1.958400999683363,12.618290999853343,14.622330018028151
353,5672.346863203534,5672.346985981,5672.346985981,5672.349042634,5672.361615145,1,COMPLETED,True,0.1227774664585013,2.056653000181541,12.57251099923451,14.751941465874552
354,5672.3478147055175,5672.348151905,5672.348151905,5672.359639514,5672.372195913,0,COMPLETED,True,0.33719948260113597,11.487609000141674,12.556398999549856,24.381207482292666
355,5672.354560397059,5672.354682468,5672.354682468,5672.361950197,5672.37456088,1,COMPLETED,True,0.12207094096083893,7.2677289999774075,12.610683000275458,20.000482941213704
356,5672.36515607129,5672.365285364,5672.365285364,5672.372499036,5672.384835634,0,COMPLETED,True,0.12929270997119602,7.213672000034421,12.336598000729282,19.6795627107349
357,5672.375135188998,5672.37527876,5672.37527876,5672.377289599,5672.389708709,1,COMPLETED,True,0.14357100189954508,2.010838999922271,12.419110000337241,14.573520002159057
358,5672.382678195971,5672.382817068,5672.382817068,5672.386056771,5672.398635634,0,COMPLETED,True,0.13887202931073261,3.2397029999629012,12.578863000271667,15.957438029545301
359,5672.386815825651,5672.386955089,5672.386955089,5672.390006814,5672.402095831,1,COMPLETED,True,0.13926334941061214,3.0517249997501494,12.08901700010756,15.280005349268322
360,5672.3992137052555,5672.399396451,5672.399396451,5672.401268349,5672.413135153,0,COMPLETED,True,0.18274574449606007,1.871897999990324,11.866804000419506,13.92144774490589
361,5672.44357228392,5672.443612791,5672.443612791,5672.445882234,5672.458484593,1,COMPLETED,True,0.04050708048453089,2.2694429999319254,12.602359000084107,14.912309080500563
362,5672.450630837315,5672.45078941,5672.45078941,5672.452863569,5672.465448233,0,COMPLETED,True,0.1585726849953062,2.074159000585496,12.584663999405166,14.817395684985968
363,5672.455664045055,5672.455808891,5672.455808891,5672.458878728,5672.471334544,1,COMPLETED,True,0.1448459452149109,3.0698370001118747,12.455815999601327,15.670498944928113
364,5672.4903577846835,5672.490506056,5672.490506056,5672.492583091,5672.505048799,0,COMPLETED,True,0.14827131690253736,2.077034999274474,12.46570800049085,14.69101431666786
365,5672.492311711887,5672.492453683,5672.492453683,5672.494095884,5672.507254411,1,COMPLETED,True,0.14197111340763513,1.6422009994130349,13.158527000086906,14.942699112907576
366,5672.500582529483,5672.500734739,5672.500734739,5672.505393369,5672.517420272,0,COMPLETED,True,0.15220951718220022,4.6586299995396985,12.026903000332823,16.83774251705472
367,5672.51888103582,5672.519030463,5672.519030463,5672.51994106,5672.532130826,1,COMPLETED,True,0.14942717916710535,0.91059700025653,12.189766000119562,13.249790179543197
368,5672.534509425526,5672.534596446,5672.534596446,5672.535885529,5672.548100695,0,COMPLETED,True,0.08702047398401191,1.2890829993921216,12.215166000714817,13.59126947409095
369,5672.5482851991765,5672.54836884,5672.54836884,5672.549948386,5672.562117095,1,COMPLETED,True,0.08364082350453828,1.579546000357368,12.168708999524824,13.83189582338673
370,5672.559726262987,5672.559768377,5672.559768377,5672.56107169,5672.575248511,0,COMPLETED,True,0.04211401301290607,1.3033129998802906,14.17682099963713,15.522248012530326
371,5672.565702343323,5672.565791431,5672.565791431,5672.567012448,5672.579786817,1,COMPLETED,True,0.08908767722459743,1.2210169998070342,12.774368999998842,14.084473677030473
372,5672.599470693639,5672.599590909,5672.599590909,5672.602119928,5672.615069244,0,COMPLETED,True,0.12021536076645134,2.529019000576227,12.949315999321698,15.598550360664376
373,5672.599486461978,5672.600994772,5672.600994772,5672.603290529,5672.617983943,1,COMPLETED,True,1.5083100224728696,2.295756999956211,14.6934139993391,18.49748102176818
374,5672.604994892745,5672.60503917,5672.60503917,5672.615502624,5672.627804219,0,COMPLETED,True,0.04427725525602,10.463454000273487,12.301594999371446,22.809326254900952
375,5672.610984872511,5672.611111252,5672.611111252,5672.618192368,5672.631505635,1,COMPLETED,True,0.12637948930205312,7.081115999426402,13.31326700073987,20.520762489468325
376,5672.623641821237,5672.623809037,5672.623809037,5672.628163183,5672.640413532,0,COMPLETED,True,0.16721576321288012,4.35414599996875,12.25034900016908,16.77171076335071
377,5672.627030938097,5672.627177411,5672.627177411,5672.631847388,5672.644704552,1,COMPLETED,True,0.14647290299762972,4.669977000048675,12.857163999797194,17.6736139028435
378,5672.629235011308,5672.629401046,5672.629401046,5672.640677839,5672.652982784,0,COMPLETED,True,0.1660346915741684,11.276793000433827,12.304945000323642,23.747772692331637
379,5672.635175241722,5672.635475307,5672.635475307,5672.645004034,5672.657496815,1,COMPLETED,True,0.3000652777700452,9.528726999633363,12.49278100021911,22.32157327762252
380,5672.645285006127,5672.645462963,5672.645462963,5672.653282569,5672.665444112,0,COMPLETED,True,0.17795687290345086,7.819606000339263,12.161542999820085,20.1591058730628
381,5672.652806811494,5672.653046858,5672.653046858,5672.657785094,5672.670275611,1,COMPLETED,True,0.2400465064056334,4.738235999866447,12.490516999605461,17.46879950587754
382,5672.6735832949225,5672.67367965,5672.67367965,5672.675377961,5672.688513821,0,COMPLETED,True,0.09635507740313187,1.6983109999273438,13.135860000147659,14.930526077478135
383,5672.679984463714,5672.680133256,5672.680133256,5672.681801658,5672.693884947,1,COMPLETED,True,0.14879228547215462,1.6684020001775934,12.08328899974731,13.900483285397058
384,5672.682279837815,5672.682430954,5672.682430954,5672.688824122,5672.701030578,0,COMPLETED,True,0.15111618449736852,6.393168000613514,12.206456000058097,18.75074018516898
385,5672.692554563016,5672.692695232,5672.692695232,5672.694292939,5672.706931158,1,COMPLETED,True,0.14066898438613862,1.5977069997461513,12.63821900010953,14.37659498424182
386,5672.697488206736,5672.697831462,5672.697831462,5672.701351968,5672.714081317,0,COMPLETED,True,0.34325526394241024,3.520506000313617,12.729348999528156,16.593110263784183
387,5672.697741395498,5672.699411306,5672.699411306,5672.707231616,5672.719896687,1,COMPLETED,True,1.6699105017323745,7.820310000170139,12.665070999901218,22.15529150180373
388,5672.702867082985,5672.703048109,5672.703048109,5672.714341642,5672.727044399,0,COMPLETED,True,0.1810260146157816,11.293533000753087,12.702756999715348,24.177316015084216
389,5672.704040912696,5672.704462804,5672.704462804,5672.720256794,5672.732434713,1,COMPLETED,True,0.4218913045406225,15.79399000002013,12.177918999441317,28.39380030400207
390,5672.714239435183,5672.714403096,5672.714403096,5672.727324445,5672.739492476,0,COMPLETED,True,0.16366081672458677,12.921348999952897,12.168031000328483,25.253040817005967
391,5672.737605229007,5672.737763225,5672.737763225,5672.739681661,5672.751571959,1,COMPLETED,True,0.157995992594806,1.9184359998689615,11.890298000253097,13.966729992716864
392,5672.7508014477135,5672.750886218,5672.750886218,5672.752102058,5672.764078843,0,COMPLETED,True,0.0847702867758926,1.215839999531454,11.976785000115342,13.277395286422689
393,5672.782358398702,5672.782434287,5672.782434287,5672.783665995,5672.796619127,1,COMPLETED,True,0.07588829794258345,1.231707999977516,12.95313199989323,14.26072829781333
394,5672.783901638191,5672.783990873,5672.783990873,5672.784958299,5672.798097539,0,COMPLETED,True,0.08923480891098734,0.9674259999883361,13.139239999873098,14.195900808772421
395,5672.801950800996,5672.802038843,5672.802038843,5672.803189576,5672.815563136,1,COMPLETED,True,0.08804200479062274,1.1507329991218285,12.37356000001455,13.612335003927
396,5672.816368879716,5672.816501339,5672.816501339,5672.817536788,5672.830356756,0,COMPLETED,True,0.1324592840319383,1.035449000482913,12.819967999348592,13.987876283863443
397,5672.819116289659,5672.819292748,5672.819292748,5672.821298569,5672.835303253,1,COMPLETED,True,0.1764583412295906,2.005820999329444,14.004684000610723,16.186963341169758
398,5672.82553287026,5672.825689684,5672.825689684,5672.830689952,5672.843668201,0,COMPLETED,True,0.15681374043197138,5.000268000003416,12.978248999388597,18.135330739823985
399,5672.8274320565015,5672.827572826,5672.827572826,5672.83551736,5672.848286971,1,COMPLETED,True,0.14076949810259975,7.9445340006714105,12.769610999384895,20.854914498158905
400,5672.831132497117,5672.831222105,5672.831222105,5672.843931823,5672.856987239,0,COMPLETED,True,0.0896078827281599,12.709718000223802,13.05541599958815,25.85474188254011
401,5672.83856467481,5672.8386491,5672.8386491,5672.848556414,5672.861169328,1,COMPLETED,True,0.08442518992524128,9.907313999974576,12.612913999873854,22.60465318977367
402,5672.843483779763,5672.843574837,5672.843574837,5672.857280418,5672.869990767,0,COMPLETED,True,0.0910572371140006,13.705581000067468,12.71034899946244,26.50698723664391
403,5672.8484123991375,5672.848631513,5672.848631513,5672.861509567,5672.873637738,1,COMPLETED,True,0.21911386284045875,12.878053999884287,12.128170999858412,25.225338862583158
404,5672.860829959131,5672.861020212,5672.861020212,5672.870304339,5672.882757241,0,COMPLETED,True,0.19025286928808782,9.284126999773434,12.45290200040472,21.927281869466242
405,5672.872134946264,5672.872218017,5672.872218017,5672.873929559,5672.886690852,1,COMPLETED,True,0.08307073585456237,1.711542000521149,12.761293000039586,14.555905736415298
406,5672.873368875734,5672.873458912,5672.873458912,5672.882916161,5672.896424026,0,COMPLETED,True,0.09003626655612607,9.457248999751755,13.507865000065067,23.055150266372948
407,5672.881823274066,5672.881910969,5672.881910969,5672.886972482,5672.89937647,1,COMPLETED,True,0.08769493433646858,5.061512999418483,12.403988000187383,17.553195933942334
408,5672.896857209706,5672.896957308,5672.896957308,5672.898635807,5672.91136287,0,COMPLETED,True,0.10009829475166043,1.6784989993539057,12.72706300005666,14.505660294162226
409,5672.89718455073,5672.897709194,5672.897709194,5672.899682524,5672.912571774,1,COMPLETED,True,0.5246432692729286,1.9733300005100318,12.889249999716412,15.387223269499373
410,5672.910927968698,5672.911050746,5672.911050746,5672.912346924,5672.924990224,0,COMPLETED,True,0.12277730183996027,1.2961780003024614,12.643299999581359,14.06225530172378
411,5672.911134252779,5672.911990522,5672.911990522,5672.913254454,5672.926017862,1,COMPLETED,True,0.8562692210034584,1.2639319993468234,12.763407999955234,14.883609220305516
412,5672.91672196865,5672.916835841,5672.916835841,5672.925303614,5672.937587305,0,COMPLETED,True,0.11387235008442076,8.46777300012036,12.283691000448016,20.865336350652797
413,5672.921537291471,5672.921539964,5672.921539964,5672.926296344,5672.938705031,1,COMPLETED,True,0.002672528353286907,4.756379999889759,12.408687000061036,17.167739528304082
414,5672.921742403527,5672.922188393,5672.922188393,5672.937886216,5672.950322756,0,COMPLETED,True,0.4459894735191483,15.697822999754862,12.436539999725937,28.580352472999948
415,5672.922515672789,5672.922917783,5672.922917783,5672.938961882,5672.951448967,1,COMPLETED,True,0.40211021132563474,16.04409899937309,12.487085000429943,28.93329421112867
416,5672.933605068013,5672.933760995,5672.933760995,5672.950597164,5672.962959035,0,COMPLETED,True,0.15592698673572158,16.836169000271184,12.361870999484381,29.353966986491287
417,5672.936713470572,5672.936895615,5672.936895615,5672.951783669,5672.964320785,1,COMPLETED,True,0.1821444284360041,14.88805400003912,12.537116000203241,27.607314428678364
418,5672.944034576,5672.944157127,5672.944157127,5672.963258715,5672.975549558,0,COMPLETED,True,0.12255099954927573,19.10158800001227,12.29084300030081,31.514981999862357
419,5672.945811246569,5672.945923344,5672.945923344,5672.964601953,5672.977368009,1,COMPLETED,True,0.11209743115614401,18.678608999834978,12.766056000145909,31.55676243113703
420,5672.955373949308,5672.955563425,5672.955563425,5672.975716769,5672.988159008,0,COMPLETED,True,0.18947569242300233,20.15334400039137,12.442238999938127,32.7850586927525
421,5672.982714479324,5672.982826807,5672.982826807,5672.98470684,5672.997379243,1,COMPLETED,True,0.11232767519686604,1.8800330008161836,12.67240299966943,14.66476367568248
422,5672.996683142228,5672.996820009,5672.996820009,5672.998057843,5673.010401733,0,COMPLETED,True,0.13686677175428485,1.23783400067623,12.343890000011015,13.71859077244153
423,5673.001251347266,5673.001551358,5673.001551358,5673.003541685,5673.018272487,1,COMPLETED,True,0.3000107344632852,1.9903269994756556,14.73080200048571,17.02113973442465
424,5673.032926217266,5673.032983523,5673.032983523,5673.034196144,5673.0467371,0,COMPLETED,True,0.05730573411710793,1.2126209994676174,12.540956000520964,13.81088273410569
425,5673.037237356822,5673.037373622,5673.037373622,5673.039281184,5673.053337121,1,COMPLETED,True,0.13626517829834484,1.907562000269536,14.055937000193808,16.09976417876169
426,5673.040500188009,5673.040639769,5673.040639769,5673.047082115,5673.059522081,0,COMPLETED,True,0.13958099134470103,6.442345999857935,12.439965999874403,19.02189299107704
427,5673.04598490246,5673.046369318,5673.046369318,5673.053841983,5673.066103406,1,COMPLETED,True,0.38441553988377564,7.472665000022971,12.26142300038191,20.118503540288657
428,5673.087999386608,5673.088230212,5673.088230212,5673.090494224,5673.103162798,0,COMPLETED,True,0.23082539155439008,2.2640120005235076,12.668573999690125,15.163411391768022
429,5673.092893684729,5673.09301869,5673.09301869,5673.09499024,5673.107773344,1,COMPLETED,True,0.12500527100200998,1.9715500002348563,12.78310399993643,14.879659271173296
430,5673.0963305267705,5673.09652066,5673.09652066,5673.103514463,5673.116201915,0,COMPLETED,True,0.1901332298075431,6.99380299920449,12.687452000136545,19.87138822914858
431,5673.104160182366,5673.104306902,5673.104306902,5673.108219229,5673.121038523,1,COMPLETED,True,0.14671963344881078,3.9123269998526666,12.819294000109949,16.878340633411426
432,5673.114274959328,5673.1144625,5673.1144625,5673.1165371,5673.128950821,0,COMPLETED,True,0.18754067150439369,2.0746000000144704,12.413721000484657,14.67586167200352
433,5673.128491611957,5673.128586398,5673.128586398,5673.129769256,5673.142307369,1,COMPLETED,True,0.09478604351897957,1.182857999992848,12.538113000118756,13.815757043630583
434,5673.140852930126,5673.140968725,5673.140968725,5673.14284048,5673.157295806,0,COMPLETED,True,0.11579487363633234,1.8717550001383643,14.455325999733759,16.442875873508456
435,5673.152021923911,5673.152127578,5673.152127578,5673.153495358,5673.165774085,1,COMPLETED,True,0.10565408865659265,1.3677800006917096,12.278726999284117,13.75216108863242
436,5673.157328950318,5673.157376897,5673.157376897,5673.158924946,5673.172099632,0,COMPLETED,True,0.047946682570909616,1.5480490001209546,13.174685999729263,14.770681682421127
437,5673.163096141414,5673.163195653,5673.163195653,5673.166102756,5673.179561243,1,COMPLETED,True,0.09951158608600963,2.907103000325151,13.458486999297747,16.465101585708908
438,5673.202983544791,5673.203108144,5673.203108144,5673.205454415,5673.218871736,0,COMPLETED,True,0.12459920890250942,2.346270999623812,13.417321000815718,15.88819120934204
439,5673.209803537312,5673.209929344,5673.209929344,5673.211851429,5673.224256314,1,COMPLETED,True,0.12580668771988712,1.9220849999328493,12.404885000250943,14.452776687903679
440,5673.224107747301,5673.22419935,5673.22419935,5673.226580387,5673.239123523,0,COMPLETED,True,0.0916026992854313,2.381036999395292,12.543136000203958,15.015775698884681
441,5673.2285577065695,5673.228683991,5673.228683991,5673.230813956,5673.243396454,1,COMPLETED,True,0.1262844307348132,2.129964999767253,12.582497999574116,14.838747430076182
442,5673.22867155038,5673.229886426,5673.229886426,5673.239450032,5673.25137702,0,COMPLETED,True,1.2148756204624078,9.563605999574065,11.926988000595884,22.705469620632357
443,5673.233638711337,5673.233799191,5673.233799191,5673.243721568,5673.256615157,1,COMPLETED,True,0.16047966255428037,9.922377000293636,12.893588999759231,22.976445662607148
444,5673.241017752608,5673.241122172,5673.241122172,5673.251703111,5673.26409711,0,COMPLETED,True,0.10441939230076969,10.580938999737555,12.393998999868927,23.07935739190725
445,5673.2461089175085,5673.246326512,5673.246326512,5673.256944551,5673.270027432,1,COMPLETED,True,0.21759449191449676,10.618038999382406,13.082880999718327,23.91851449101523
446,5673.24846319196,5673.248806821,5673.248806821,5673.264380535,5673.277026584,0,COMPLETED,True,0.34362903988949256,15.573714000311156,12.64604900006816,28.56339204026881
447,5673.2502223762895,5673.250672107,5673.250672107,5673.270363328,5673.282816079,1,COMPLETED,True,0.4497307108977111,19.691220999447978,12.452751000637363,32.59370271098305
448,5673.250731719845,5673.252764986,5673.252764986,5673.277298685,5673.289717137,0,COMPLETED,True,2.033266155194724,24.533698999221087,12.418452000019897,38.98541715443571
449,5673.262979045474,5673.263006541,5673.263006541,5673.283039761,5673.295891275,1,COMPLETED,True,0.027495526410348248,20.033219999277208,12.851514000431052,32.91222952611861
450,5673.270479707847,5673.270731694,5673.270731694,5673.290003924,5673.302403693,0,COMPLETED,True,0.251986152761674,19.272230000751733,12.39976899978501,31.923985153298418
451,5673.287401839415,5673.287523099,5673.287523099,5673.296231719,5673.308826656,1,COMPLETED,True,0.1212595852848608,8.708620000106748,12.594936999448691,21.4248165848403
452,5673.30731787913,5673.307518785,5673.307518785,5673.309634375,5673.321905834,0,COMPLETED,True,0.2009058698604349,2.11559000035777,12.271458999748575,14.58795486996678
453,5673.321283894285,5673.321408076,5673.321408076,5673.323885406,5673.336449484,1,COMPLETED,True,0.12418171445460757,2.477330000147049,12.56407799974113,15.165589714342786
454,5673.337094903957,5673.337233435,5673.337233435,5673.339404688,5673.351679581,0,COMPLETED,True,0.1385310424666386,2.171253000597062,12.274892999812437,14.584677042876137
455,5673.360415805279,5673.360555925,5673.360555925,5673.362801853,5673.374848183,1,COMPLETED,True,0.1401197205268545,2.245927999865671,12.046329999975569,14.432377720368095
456,5673.38494141891,5673.385066662,5673.385066662,5673.387115891,5673.399831468,0,COMPLETED,True,0.12524309022410307,2.0492289995672763,12.715577000562917,14.890049090354296
457,5673.402096665563,5673.402229127,5673.402229127,5673.40441363,5673.418950099,1,COMPLETED,True,0.1324614377153921,2.1845029996256926,14.536468999722274,16.85343343706336
458,5673.424721687249,5673.424839548,5673.424839548,5673.426775769,5673.440907782,0,COMPLETED,True,0.11786075083364267,1.9362210005056113,14.132012999652943,16.186094750992197
459,5673.4290010966215,5673.429109573,5673.429109573,5673.430810704,5673.443154322,1,COMPLETED,True,0.10847637804545229,1.701131000118039,12.34361800015904,14.153225378322531
460,5673.485556400994,5673.485650249,5673.485650249,5673.486995787,5673.499322449,0,COMPLETED,True,0.0938480061449809,1.3455379994411487,12.326662000305078,13.766048005891207
461,5673.507908824496,5673.508039665,5673.508039665,5673.509944624,5673.523105053,1,COMPLETED,True,0.13084050442557782,1.9049590000577155,13.160428999981377,15.19622850446467
462,5673.5246680980335,5673.524838727,5673.524838727,5673.526897293,5673.541692741,0,COMPLETED,True,0.17062896677089157,2.0585659995049355,14.79544799985888,17.024642966134707
463,5673.543594813954,5673.543687616,5673.543687616,5673.545212059,5673.554453526,1,COMPLETED,True,0.09280204631068045,1.5244429996528197,9.241466999810655,10.858712045774155
464,5673.557315585742,5673.557422183,5673.557422183,5673.558961672,5673.572769379,0,COMPLETED,True,0.10659725830919342,1.539488999696914,13.807707000523806,15.453793258529913
465,5673.565854847387,5673.565934067,5673.565934067,5673.567064404,5673.576522373,1,COMPLETED,True,0.07921961332613137,1.1303370001769508,9.457969000322919,10.667525613826001
466,5673.573154882849,5673.573549208,5673.573549208,5673.57560953,5673.587953282,0,COMPLETED,True,0.3943251513192081,2.0603220000339206,12.343751999651431,14.79839915100456
467,5673.599916639496,5673.600092709,5673.600092709,5673.601477712,5673.614354148,1,COMPLETED,True,0.1760695040502469,1.385002999995777,12.876435999714886,14.43750850376091
468,5673.603297265639,5673.603389619,5673.603389619,5673.604447968,5673.617058533,0,COMPLETED,True,0.0923533607419813,1.0583490002318285,12.610564999704366,13.761267360678175
469,5673.613648972893,5673.613796622,5673.613796622,5673.617079205,5673.628522311,1,COMPLETED,True,0.14764910702069756,3.282582999418082,11.443106000115222,14.873338106554002
470,5673.640826829603,5673.640923176,5673.640923176,5673.642152876,5673.655468292,0,COMPLETED,True,0.09634639718569815,1.2297000002945424,13.31541599938646,14.6414623968667
471,5673.643912540592,5673.644153255,5673.644153255,5673.645109968,5673.654563961,1,COMPLETED,True,0.24071440748230089,0.9567130000505131,9.453993000533956,10.65142040806677
472,5673.6456176216425,5673.645762768,5673.645762768,5673.654784273,5673.66482349,1,COMPLETED,True,0.1451463576813694,9.021504999509489,10.039217000667122,19.20586835785798
473,5673.649336541346,5673.649500147,5673.649500147,5673.655637274,5673.668569277,0,COMPLETED,True,0.16360565405193483,6.137126999419706,12.932003000059922,19.232735653531563
474,5673.655168785579,5673.655297248,5673.655297248,5673.665191865,5673.674660222,1,COMPLETED,True,0.1284624213440111,9.89461700009997,9.468356999605021,19.491436421049002
475,5673.662252284646,5673.662373194,5673.662373194,5673.668877742,5673.681487386,0,COMPLETED,True,0.12090935433661798,6.5045480005210266,12.609643999894615,19.23510135475226
476,5673.664908644351,5673.665112138,5673.665112138,5673.67497736,5673.684297118,1,COMPLETED,True,0.2034936487689265,9.865222000371432,9.319757999946887,19.388473649087246
477,5673.667677824157,5673.667848473,5673.667848473,5673.681782752,5673.694385216,0,COMPLETED,True,0.1706488428681041,13.934278999840899,12.602464000337932,26.707391843046935
478,5673.669262013729,5673.669391601,5673.669391601,5673.684671726,5673.694384668,1,COMPLETED,True,0.12958727074874332,15.280124999662803,9.712942000078328,25.122654270489875
479,5673.675625639786,5673.675771441,5673.675771441,5673.694701507,5673.703761267,1,COMPLETED,True,0.14580121387552936,18.93006600039371,9.059760000127426,28.135627214396663
480,5673.677153222651,5673.67729782,5673.67729782,5673.694688594,5673.707209195,0,COMPLETED,True,0.1445973484806018,17.390773999977682,12.520601000687748,30.05597234914603
481,5673.681502091391,5673.681650949,5673.681650949,5673.704146922,5673.713527036,1,COMPLETED,True,0.14885760901961476,22.495973000332015,9.380114000123285,32.024944609474915
482,5673.683393845216,5673.684000412,5673.684000412,5673.707477774,5673.720241187,0,COMPLETED,True,0.6065667839720845,23.477361999539426,12.763413000357104,36.847341783868615
483,5673.693419145576,5673.693574228,5673.693574228,5673.713902636,5673.723580445,1,COMPLETED,True,0.15508242449868703,20.328407999841147,9.677809000095294,30.16129942443513
484,5673.703098635039,5673.703174646,5673.703174646,5673.720554198,5673.732657651,0,COMPLETED,True,0.07601096058351686,17.379552000420517,12.103453000236186,29.55901596124022
485,5673.705708641778,5673.705862397,5673.705862397,5673.723737741,5673.735725259,1,COMPLETED,True,0.15375522161775734,17.875344000458426,11.987517999841657,30.01661722191784
486,5673.777268144637,5673.777357992,5673.777357992,5673.77875234,5673.791491145,0,COMPLETED,True,0.08984736359707313,1.3943479998488328,12.738804999571585,14.22300036301749
487,5673.780613057302,5673.780703959,5673.780703959,5673.781812536,5673.794150621,1,COMPLETED,True,0.0909016980585875,1.1085770001955098,12.338085000010324,13.537563698264421
488,5673.804335703229,5673.804460027,5673.804460027,5673.806663745,5673.819140792,0,COMPLETED,True,0.12432377025106689,2.2037180006009294,12.477047000174935,14.80508877102693
489,5673.807898317875,5673.808041492,5673.808041492,5673.809693854,5673.822435859,1,COMPLETED,True,0.14317412478703773,1.6523620006410056,12.742004999381606,14.53754112480965
490,5673.816140144365,5673.816268608,5673.816268608,5673.819490802,5673.831359806,0,COMPLETED,True,0.12846363551943796,3.222193999135925,11.869004000800487,15.21966163545585
491,5673.825058213166,5673.825193488,5673.825193488,5673.827103775,5673.839506793,1,COMPLETED,True,0.1352748340650578,1.9102870001006522,12.403017999531585,14.448579833697295
492,5673.833694066995,5673.833825805,5673.833825805,5673.835748952,5673.848082437,0,COMPLETED,True,0.13173800471122377,1.923147000525205,12.333484999544453,14.388370004780882
493,5673.8378280216775,5673.837954975,5673.837954975,5673.840230687,5673.852407258,1,COMPLETED,True,0.12695332225121092,2.2757120004825993,12.176571000054537,14.579236322788347
494,5673.853475171196,5673.853614786,5673.853614786,5673.855769537,5673.867768533,0,COMPLETED,True,0.13961480453872355,2.1547509995798464,11.998996000329498,14.293361804448068
495,5673.863225076798,5673.863353238,5673.863353238,5673.86547827,5673.879681519,1,COMPLETED,True,0.1281612021557521,2.1250319996397593,14.203249000274809,16.45644220207032
496,5673.871449829993,5673.871578738,5673.871578738,5673.873496923,5673.886118679,0,COMPLETED,True,0.1289080064452719,1.9181850002496503,12.621756000044115,14.668849006739038
497,5673.878026894383,5673.878210668,5673.878210668,5673.880471327,5673.893737231,1,COMPLETED,True,0.18377361720922636,2.2606590000577853,13.265904000036244,15.710336617303255
498,5673.881357534244,5673.88150304,5673.88150304,5673.886453098,5673.898325533,0,COMPLETED,True,0.1455057563362061,4.950057999849378,11.872435000441328,16.967998756626912
499,5673.886598497673,5673.886744009,5673.886744009,5673.894136936,5673.906608345,1,COMPLETED,True,0.14551132699125446,7.392927000182681,12.471408999772393,20.00984732694633
500,5673.89986210178,5673.900050749,5673.900050749,5673.902003156,5673.914101825,0,COMPLETED,True,0.18864722005673684,1.95240700031718,12.0986689998972,14.239723220271117
501,5673.912236082636,5673.91237713,5673.91237713,5673.914525445,5673.926509684,1,COMPLETED,True,0.14104736419540131,2.148315000340517,11.98423899950285,14.273601364038768
502,5673.965114501065,5673.965219874,5673.965219874,5673.967372281,5673.98220969,0,COMPLETED,True,0.10537293474044418,2.1524070007217233,14.83740899948316,17.095188934945327
503,5673.978129781555,5673.978252925,5673.978252925,5673.979928434,5673.991745889,1,COMPLETED,True,0.12314344439801062,1.6755090000515338,11.817455000709742,13.616107445159287
504,5674.026293078437,5674.026375619,5674.026375619,5674.027448706,5674.037960903,0,COMPLETED,True,0.08254056228906848,1.0730869998951675,10.51219700002548,11.667824562209717
505,5674.030271002192,5674.030417057,5674.030417057,5674.032295248,5674.045064165,1,COMPLETED,True,0.14605480737373,1.8781910002871882,12.76891700035776,14.793162808018678
506,5674.033511691971,5674.033697961,5674.033697961,5674.038306087,5674.049312423,0,COMPLETED,True,0.1862690287453006,4.608125999766344,11.00633599980938,15.800731028321024
507,5674.092106932667,5674.092207672,5674.092207672,5674.093385823,5674.103264495,1,COMPLETED,True,0.10073933299281634,1.1781510002037976,9.878672000013466,11.15756233321008
508,5674.097654437182,5674.097770773,5674.097770773,5674.09867488,5674.108877994,0,COMPLETED,True,0.11633581743808463,0.904106999769283,10.203114000432834,11.223556817640201
509,5674.106329406306,5674.106436481,5674.106436481,5674.107702764,5674.118226744,1,COMPLETED,True,0.10707469391491031,1.2662830004046555,10.523979999561561,11.897337693881127
510,5674.126641176628,5674.126719904,5674.126719904,5674.127762959,5674.139373559,0,COMPLETED,True,0.07872737205616431,1.0430550000819494,11.610599999585247,12.73238237172336
511,5674.127976806184,5674.128108183,5674.128108183,5674.129224783,5674.14171354,1,COMPLETED,True,0.13137681617081398,1.1165999994773301,12.488757000028272,13.736733815676416
512,5674.12924515761,5674.129363203,5674.129363203,5674.139765338,5674.150795726,0,COMPLETED,True,0.1180453900815337,10.40213499982201,11.03038800010836,21.550568390011904
513,5674.135534714274,5674.135622656,5674.135622656,5674.142165883,5674.154644149,1,COMPLETED,True,0.08794172572379466,6.543227000292973,12.4782659995617,19.109434725578467
514,5674.137770325552,5674.13793223,5674.13793223,5674.151133861,5674.162301253,0,COMPLETED,True,0.16190444785024738,13.201630999901681,11.167392000061227,24.530927447813156
515,5674.138406860575,5674.139269903,5674.139269903,5674.155164019,5674.167482947,1,COMPLETED,True,0.8630424254079117,15.894115999799396,12.318928000240703,29.07608642544801
516,5674.1508646803895,5674.150973127,5674.150973127,5674.162631636,5674.173611525,0,COMPLETED,True,0.10844661028386327,11.658508999971673,10.97988899982738,22.746844610082917
517,5674.158864999618,5674.158958315,5674.158958315,5674.167995799,5674.180097166,1,COMPLETED,True,0.09331538149126573,9.037484000145923,12.1013670004686,21.232166382105788
518,5674.164927171586,5674.165014302,5674.165014302,5674.173944999,5674.185201882,0,COMPLETED,True,0.08713041370356223,8.930697000323562,11.256882999987283,20.274710414014407
519,5674.175107729084,5674.175203531,5674.175203531,5674.180546371,5674.192771357,1,COMPLETED,True,0.09580191635905067,5.3428399996846565,12.224986000546778,17.663627916590485
520,5674.178751074506,5674.178855856,5674.178855856,5674.185539963,5674.196552302,0,COMPLETED,True,0.10478149397386005,6.684107000182848,11.012338999535132,17.80122749369184
521,5674.183792413845,5674.183899977,5674.183899977,5674.193217114,5674.205618889,1,COMPLETED,True,0.1075631544154021,9.317136999925424,12.40177500039863,21.826475154739455
522,5674.187871855417,5674.188091067,5674.188091067,5674.19674781,5674.208320547,0,COMPLETED,True,0.21921158258919604,8.656742999846756,11.572737000278721,20.448691582714673
523,5674.198204054801,5674.198352463,5674.198352463,5674.205824486,5674.218144813,1,COMPLETED,True,0.148408199493133,7.472022999536421,12.32032700045238,19.940758199481934
524,5674.204337494698,5674.204470721,5674.204470721,5674.208562942,5674.219511239,0,COMPLETED,True,0.13322630184120499,4.092221000064455,10.948297000140883,15.173744302046543
525,5674.212970533588,5674.21310984,5674.21310984,5674.218693736,5674.230302625,1,COMPLETED,True,0.13930641125625698,5.5838960006440175,11.608888999944611,17.332091411844885
526,5674.220935110746,5674.22103649,5674.22103649,5674.222411869,5674.236274156,0,COMPLETED,True,0.10137925437447848,1.3753789999100263,13.862286999938078,15.339045254222583
527,5674.229339910473,5674.229424887,5674.229424887,5674.23075625,5674.24250209,1,COMPLETED,True,0.08497652743244544,1.3313629997355747,11.745840000003227,13.162179527171247
528,5674.2298043678,5674.230003204,5674.230003204,5674.236784883,5674.248529624,0,COMPLETED,True,0.19883620007021818,6.7816789996868465,11.744741000256909,18.725256200013973
529,5674.2449536092045,5674.245035484,5674.245035484,5674.246218336,5674.258982865,1,COMPLETED,True,0.08187479579646606,1.1828520000563003,12.764528999468894,14.02925579532166
530,5674.268888921911,5674.268904189,5674.268904189,5674.270657718,5674.28019486,0,COMPLETED,True,0.01526708911114838,1.7535289998704684,9.537142000226595,11.305938089208212
531,5674.269609922067,5674.269956617,5674.269956617,5674.27192058,5674.282329106,1,COMPLETED,True,0.3466949337962433,1.96396299998014,10.40852599999198,12.719183933768363
532,5674.283178742826,5674.283303095,5674.283303095,5674.284838083,5674.293726434,0,COMPLETED,True,0.12435217377060326,1.5349880004578154,8.88835099976859,10.54769117399701
533,5674.291643184414,5674.291734331,5674.291734331,5674.292816134,5674.301640204,1,COMPLETED,True,0.09114658587350277,1.0818029995789402,8.824070000628126,9.997019586080569
534,5674.30514297407,5674.305258527,5674.305258527,5674.306326784,5674.315467957,0,COMPLETED,True,0.1155529298557667,1.0682570000426495,9.141172999989067,10.324982929887483
535,5674.305305351912,5674.305824604,5674.305824604,5674.30781192,5674.316843207,1,COMPLETED,True,0.5192520884520491,1.9873159999406198,9.031286999743315,11.537855088135984
536,5674.305661137072,5674.307157922,5674.307157922,5674.315836368,5674.324980845,0,COMPLETED,True,1.4967849283493706,8.678445999976248,9.144476999608742,19.31970792793436
537,5674.313532584163,5674.313646409,5674.313646409,5674.317201875,5674.326396722,1,COMPLETED,True,0.11382483717170544,3.5554659998524585,9.194846999889705,12.86413783691387
538,5674.321609233558,5674.321743475,5674.321743475,5674.32532136,5674.33411769,0,COMPLETED,True,0.13424144253804116,3.5778849996859208,8.796330000222952,12.508456442446914
539,5674.322720354707,5674.323161393,5674.323161393,5674.326757866,5674.335902964,1,COMPLETED,True,0.4410382935020607,3.596472999561229,9.145097999862628,13.182609292925918
540,5674.337695415591,5674.337704421,5674.337704421,5674.339239913,5674.348029667,0,COMPLETED,True,0.009005409083329141,1.535491999675287,8.789754000645189,10.334251409403805
541,5674.338727176614,5674.33901261,5674.33901261,5674.34099652,5674.350113304,1,COMPLETED,True,0.28543338612507796,1.9839099995806464,9.116784000070766,11.38612738577649
542,5674.36103009893,5674.361152474,5674.361152474,5674.362915906,5674.371761242,0,COMPLETED,True,0.12237506962264888,1.7634320001889137,8.845335999467352,10.731143069278914
543,5674.376950311837,5674.377070635,5674.377070635,5674.379221888,5674.391616435,1,COMPLETED,True,0.12032316226395778,2.15125300019281,12.39454700044007,14.666123162896838
544,5674.3898150990235,5674.389922559,5674.389922559,5674.391260725,5674.400109005,0,COMPLETED,True,0.10745997678895947,1.3381660000959528,8.848279999256192,10.293905976141104
545,5674.409205571409,5674.409297904,5674.409297904,5674.410727236,5674.420190342,1,COMPLETED,True,0.09233259061147692,1.4293320000433596,9.46310600011202,10.984770590766857
546,5674.4126555877965,5674.412778735,5674.412778735,5674.414219438,5674.424436056,0,COMPLETED,True,0.12314720333961304,1.4407030002985266,10.216617999503796,11.780468203141936
547,5674.422112155754,5674.422247249,5674.422247249,5674.423909907,5674.436217836,1,COMPLETED,True,0.13509324617189122,1.6626579999865498,12.307928999689466,14.105680245847907
548,5674.422337501565,5674.4234178,5674.4234178,5674.424890927,5674.434571209,0,COMPLETED,True,1.0802984343172284,1.473127000281238,9.680281999862927,12.233707434461394
549,5674.436227487941,5674.436307086,5674.436307086,5674.437979402,5674.451070486,0,COMPLETED,True,0.07959805861901259,1.6723159997127368,13.091084000734554,14.842998059066304
550,5674.438231660348,5674.438318404,5674.438318404,5674.439312093,5674.451457167,1,COMPLETED,True,0.08674365199112799,0.9936890000972198,12.145073999818123,13.225506651906471
551,5674.438746282388,5674.438775261,5674.438775261,5674.451525162,5674.462132284,0,COMPLETED,True,0.02897861213568831,12.749900999551755,10.60712200069247,23.386001612379914
552,5674.453037223229,5674.453127551,5674.453127551,5674.454625387,5674.466834958,1,COMPLETED,True,0.09032777052198071,1.4978360004533897,12.209570999402786,13.797734770378156
553,5674.453666630933,5674.453791759,5674.453791759,5674.462326446,5674.473181823,0,COMPLETED,True,0.12512806642916985,8.534687000064878,10.855377000552835,19.515192067046883
554,5674.46397332746,5674.464054667,5674.464054667,5674.46703849,5674.478670255,1,COMPLETED,True,0.08133953997457866,2.9838230002496857,11.631764999947336,14.6969275401716
555,5674.496094510272,5674.496202897,5674.496202897,5674.498224195,5674.507119494,0,COMPLETED,True,0.10838672824320383,2.0212979998177616,8.895298999959778,11.024983728020743
556,5674.503868067925,5674.503998878,5674.503998878,5674.506081847,5674.519091282,1,COMPLETED,True,0.1308100745518459,2.0829690001846757,13.009434999730729,15.22321407446725
557,5674.511808498655,5674.511937777,5674.511937777,5674.513948421,5674.522826574,0,COMPLETED,True,0.12927834450238151,2.010644000620232,8.878152999386657,11.01807534450927
558,5674.526099741176,5674.526270575,5674.526270575,5674.527651044,5674.536768355,1,COMPLETED,True,0.170833824086003,1.3804689997414243,9.117311000409245,10.668613824236672
559,5674.5396990250865,5674.539835687,5674.539835687,5674.541959606,5674.550992481,0,COMPLETED,True,0.1366619135296787,2.1239190000414965,9.032875000229978,11.293455913801154
560,5674.546626784226,5674.546760884,5674.546760884,5674.549334789,5674.562935691,1,COMPLETED,True,0.1340997741863248,2.5739049997355323,13.60090200068953,16.308906774611387
561,5674.547158966927,5674.548308742,5674.548308742,5674.551335485,5674.560552692,0,COMPLETED,True,1.1497750729176914,3.0267430001913453,9.217206999892369,13.393725073001406
562,5674.588872066925,5674.589011453,5674.589011453,5674.591370031,5674.603414319,0,COMPLETED,True,0.13938607480667997,2.3585779999848455,12.044287999742664,14.54225207453419
563,5674.601901288808,5674.602030475,5674.602030475,5674.60555239,5674.619362938,1,COMPLETED,True,0.12918619177071378,3.52191500041954,13.81054800003767,17.461649192227924
564,5674.608400763856,5674.608490982,5674.608490982,5674.609500435,5674.618759546,0,COMPLETED,True,0.09021814457810251,1.0094529998241342,9.2591109996647,10.358782144066936
565,5674.619412162829,5674.619578585,5674.619578585,5674.62140274,5674.633067413,0,COMPLETED,True,0.16642217178741703,1.8241549996673712,11.664673000268522,13.65525017172331
566,5674.622303907041,5674.622403477,5674.622403477,5674.623200728,5674.63227101,1,COMPLETED,True,0.09956995927495882,0.7972509993123822,9.070282000720908,9.96710295930825
567,5674.624953752234,5674.62504759,5674.62504759,5674.63242505,5674.641837879,1,COMPLETED,True,0.09383776523463894,7.377460000498104,9.412829000211786,16.88412676594453
568,5674.6253505169125,5674.625561726,5674.625561726,5674.633219975,5674.643126166,0,COMPLETED,True,0.21120908786542714,7.65824900008738,9.906190999572573,17.77564908752538
569,5674.630408610063,5674.630432855,5674.630432855,5674.642192339,5674.651464698,1,COMPLETED,True,0.024244937776529696,11.759483999412623,9.27235900053347,21.056087937722623
570,5674.638751652615,5674.638854403,5674.638854403,5674.643377628,5674.653097162,0,COMPLETED,True,0.1027503849400091,4.523225000411912,9.71953400039638,14.3455093857483
571,5674.639825243421,5674.639987965,5674.639987965,5674.651807107,5674.660967175,1,COMPLETED,True,0.16272157881758176,11.819142000604188,9.160067999800958,21.141931579222728
572,5674.6418723133265,5674.642017485,5674.642017485,5674.653446471,5674.663069904,0,COMPLETED,True,0.14517167346639326,11.428986000282748,9.623432999433135,21.197590673182276
573,5674.646793262208,5674.646975181,5674.646975181,5674.661355329,5674.670444615,1,COMPLETED,True,0.18191879189544125,14.380147999872861,9.089285999834829,23.65135279160313
574,5674.646796282324,5674.648185881,5674.648185881,5674.663414923,5674.67275345,0,COMPLETED,True,1.3895986758143408,15.22904200010089,9.33852699927229,25.95716767518752
575,5674.663382543084,5674.663480644,5674.663480644,5674.670819656,5674.679790248,1,COMPLETED,True,0.09810091614781413,7.339012000556977,8.970591999968747,16.407704916673538
576,5674.66514431285,5674.665241316,5674.665241316,5674.67310353,5674.682447652,0,COMPLETED,True,0.0970031496763113,7.862213999942469,9.344121999674826,17.303339149293606
577,5674.688849737516,5674.688885501,5674.688885501,5674.690038198,5674.698977462,1,COMPLETED,True,0.035763484447670635,1.1526970001796144,8.939263999309333,10.127724483936618
578,5674.697292289989,5674.697370082,5674.697370082,5674.698466323,5674.707844086,0,COMPLETED,True,0.07779201132507296,1.0962409996864153,9.377762999974948,10.551796010986436
579,5674.701013972993,5674.70116608,5674.70116608,5674.702397325,5674.711501781,1,COMPLETED,True,0.1521070071248687,1.2312449998717057,9.104456000386563,10.487808007383137
580,5674.701755242682,5674.702149369,5674.702149369,5674.708333253,5674.717800354,0,COMPLETED,True,0.3941263175875065,6.183884000165563,9.467101000154798,16.045111317907867
581,5674.7116964052475,5674.711944729,5674.711944729,5674.714397362,5674.723310685,1,COMPLETED,True,0.2483237522028503,2.452633000757487,8.913322999433149,11.614279752393486
582,5674.712303923139,5674.713378281,5674.713378281,5674.718132464,5674.727670444,0,COMPLETED,True,1.074357860488817,4.7541829999318,9.537980000459356,15.366520860879973
583,5674.716359590507,5674.716505511,5674.716505511,5674.723656004,5674.732433302,1,COMPLETED,True,0.14592049319617217,7.150493000153801,8.777297999586153,16.073711492936127
584,5674.777770662345,5674.777897354,5674.777897354,5674.779019265,5674.790564198,0,COMPLETED,True,0.12669165516854264,1.121911000154796,11.544932999640878,12.793535654964217
585,5674.795420646735,5674.795657164,5674.795657164,5674.797528176,5674.808742685,1,COMPLETED,True,0.23651726496609626,1.871012000265182,11.214508999728423,13.322038264959701
586,5674.80779905683,5674.807879082,5674.807879082,5674.80899608,5674.818035858,0,COMPLETED,True,0.08002517006389098,1.1169979998157942,9.039778000442311,10.236801170321996
587,5674.816570284685,5674.816788876,5674.816788876,5674.819276109,5674.828722802,1,COMPLETED,True,0.21859131447854452,2.487233000465494,9.446692999517836,12.152517314461875
588,5674.826212420737,5674.826312299,5674.826312299,5674.827622136,5674.83653763,0,COMPLETED,True,0.09987826342694461,1.309837000007974,8.915493999666069,10.325209263100987
589,5674.839868953867,5674.840064168,5674.840064168,5674.842431471,5674.851581369,1,COMPLETED,True,0.195214132872934,2.367303000028187,9.149898000032408,11.712415132933529
