request_id,scheduled_ts,enqueue_ts,enqueue_attempt_ts,execution_start,completion_ts,worker_id,outcome,outcome_confirmed,generator_delay_ms,queueing_delay_ms,service_time_ms,e2e_latency_ms
0,9978.727664593232,9978.727756349,9978.727756349,9978.728657624,9978.742512335,1,COMPLETED,True,0.09175576815323438,0.9012749997054925,13.85471100002178,14.847741767880507
1,9978.732085310075,9978.732183295,9978.732183295,9978.732601531,9978.746435557,2,COMPLETED,True,0.09798492465051822,0.4182359989499673,13.834026000040467,14.350246923640952
2,9978.737388789415,9978.737482653,9978.737482653,9978.738029346,9978.751829019,0,COMPLETED,True,0.09386358397023287,0.5466929997055558,13.799673000903567,14.440229584579356
3,9978.74377237403,9978.743874243,9978.743874243,9978.744321506,9978.758151,3,COMPLETED,True,0.10186897088715341,0.44726299893227406,13.829494000674458,14.378625970493886
4,9978.7488005426,9978.749011578,9978.749011578,9978.749561298,9978.764035799,1,COMPLETED,True,0.21103539984324016,0.54971999998088,14.474501000222517,15.235256400046637
5,9978.755325385717,9978.755524911,9978.755524911,9978.756104145,9978.76997019,2,COMPLETED,True,0.19952528236899525,0.5792340016341768,13.866044999303995,14.644804283307167
6,9978.76193874845,9978.762119343,9978.762119343,9978.762564662,9978.776396585,0,COMPLETED,True,0.18059455032926053,0.4453189994819695,13.831923000907409,14.457836550718639
7,9978.765404173295,9978.765516357,9978.765516357,9978.766190597,9978.779759453,3,COMPLETED,True,0.11218370491405949,0.6742400000803173,13.568856000347296,14.355279705341673
8,9978.77995886421,9978.780097666,9978.780097666,9978.780651132,9978.794058034,1,COMPLETED,True,0.1388017899444094,0.5534659994737012,13.406902000497212,14.099169789915322
9,9978.789515498087,9978.789615631,9978.789615631,9978.79018765,9978.803563442,2,COMPLETED,True,0.10013291284849402,0.5720190001738956,13.37579199935135,14.04794391237374
10,9978.791858124006,9978.791881583,9978.791881583,9978.792467508,9978.810952727,0,COMPLETED,True,0.02345899338251911,0.585924999541021,18.485219001377118,19.094602994300658
11,9978.819536508094,9978.819652522,9978.819652522,9978.820691767,9978.834984628,3,COMPLETED,True,0.11601390542637091,1.039245000356459,14.292861000285484,15.448119906068314
12,9978.827889358818,9978.827993543,9978.827993543,9978.828722386,9978.843340242,1,COMPLETED,True,0.10418418241897598,0.7288430006155977,14.61785599894938,15.450883181983954
13,9978.843622065826,9978.843829339,9978.843829339,9978.844386007,9978.857724674,2,COMPLETED,True,0.20727317496493924,0.5566679992625723,13.33866700042563,14.102608174653142
14,9978.848117996216,9978.848186974,9978.848186974,9978.848726315,9978.862855267,0,COMPLETED,True,0.0689777843945194,0.5393409992393572,14.128951999737183,14.73727078337106
15,9978.863752136953,9978.863914024,9978.863914024,9978.86446279,9978.878310925,3,COMPLETED,True,0.16188704648811836,0.5487660000653705,13.848135000444017,14.558788046997506
16,9978.86775985808,9978.867927389,9978.867927389,9978.868565502,9978.882254462,1,COMPLETED,True,0.16753091949794907,0.6381130006047897,13.688959999853978,14.494603919956717
17,9978.87028144698,9978.870335783,9978.870335783,9978.871040128,9978.889546401,2,COMPLETED,True,0.054336020184564404,0.7043450004857732,18.506272999729845,19.264954020400182
18,9978.882779094007,9978.882997401,9978.882997401,9978.883696886,9978.899595419,0,COMPLETED,True,0.21830699370184448,0.6994849991315277,15.898532999926829,16.8163249927602
19,9978.890880181363,9978.891038307,9978.891038307,9978.891825374,9978.913392829,3,COMPLETED,True,0.15812563651707023,0.7870669996918878,21.567454999967595,22.512647636176553
20,9978.892541178591,9978.892687188,9978.892687188,9978.893254689,9978.909617318,1,COMPLETED,True,0.1460094081267016,0.5675009997503366,16.36262900137808,17.07613940925512
21,9978.903279113998,9978.903449384,9978.903449384,9978.904319598,9978.922175757,2,COMPLETED,True,0.17027000285452232,0.8702139984961832,17.856159000075422,18.896643001426128
22,9978.914560143116,9978.914682275,9978.914682275,9978.915192437,9978.928611934,0,COMPLETED,True,0.12213188529131003,0.510161999045522,13.41949699963152,14.051790883968351
23,9978.961429197807,9978.961548691,9978.961548691,9978.962162855,9978.977056233,1,COMPLETED,True,0.11949319377890788,0.6141639987617964,14.893378000124358,15.627035192665062
24,9978.969910515001,9978.970007223,9978.970007223,9978.97086432,9978.988743986,3,COMPLETED,True,0.09670799954619724,0.8570969985157717,17.87966600022628,18.83347099828825
25,9978.97014778405,9978.970576507,9978.970576507,9978.971045376,9978.989117268,2,COMPLETED,True,0.4287229494366329,0.46886900054232683,18.07189200007997,18.96948395005893
26,9978.987344129115,9978.987535191,9978.987535191,9978.988331061,9979.011144788,0,COMPLETED,True,0.19106188483419828,0.7958700007293373,22.813727000539075,23.80065888610261
27,9978.993418761742,9978.99351014,9978.99351014,9978.994133563,9979.007654924,1,COMPLETED,True,0.09137825873040128,0.6234229986148421,13.521361001039622,14.236162258384866
28,9979.00816768295,9979.008465863,9979.008465863,9979.00926656,9979.02862519,3,COMPLETED,True,0.29818004986736923,0.8006970001588343,19.3586299992603,20.457507049286505
29,9979.01162937636,9979.011739421,9979.011739421,9979.012324313,9979.028567707,2,COMPLETED,True,0.11004463885910809,0.5848920009157155,16.24339400041208,16.938330640186905
30,9979.011634226981,9979.011804875,9979.011804875,9979.012403043,9979.025895885,1,COMPLETED,True,0.1706480179564096,0.5981680005788803,13.49284200114198,14.26165801967727
31,9979.014787158025,9979.01494507,9979.01494507,9979.01556134,9979.036046348,0,COMPLETED,True,0.15791197438375093,0.6162700010463595,20.48500799901376,21.25918997444387
32,9979.01691530246,9979.01707948,9979.01707948,9979.026138293,9979.039847057,1,COMPLETED,True,0.16417753977293614,9.058813000592636,13.708763999602525,22.931754539968097
33,9979.018567664283,9979.018674319,9979.018674319,9979.028775274,9979.043280075,2,COMPLETED,True,0.10665471745596733,10.100954999870737,14.504800999930012,24.712410717256716
34,9979.025942243154,9979.026049574,9979.026049574,9979.028805006,9979.043342621,3,COMPLETED,True,0.10733084673120175,2.7554320004128385,14.537614999426296,17.400377846570336
35,9979.028939741027,9979.029043574,9979.029043574,9979.036283458,9979.051311847,0,COMPLETED,True,0.10383297376392875,7.239883998408914,15.028389001599862,22.372105973772705
36,9979.032346667253,9979.032691871,9979.032691871,9979.040252709,9979.053692599,1,COMPLETED,True,0.3452037472015945,7.56083799933549,13.43989000088186,21.345931747418945
37,9979.032728017093,9979.032762625,9979.032762625,9979.043724396,9979.057451179,2,COMPLETED,True,0.034607906854944304,10.961771000438603,13.72678299958352,24.723161906877067
38,9979.064747413693,9979.064839789,9979.064839789,9979.0653033,9979.078903665,3,COMPLETED,True,0.09237530684913509,0.4635109999071574,13.600365000456804,14.156251307213097
39,9979.06730686437,9979.067398666,9979.067398666,9979.067758226,9979.081821225,0,COMPLETED,True,0.09180163033306599,0.35955999919679016,14.062999000088894,14.51436062961875
40,9979.069900158067,9979.070027914,9979.070027914,9979.070508403,9979.084464118,1,COMPLETED,True,0.1277559331356315,0.48048899952846114,13.955714999610791,14.563959932274884
41,9979.074638019078,9979.074760162,9979.074760162,9979.075335928,9979.092083003,2,COMPLETED,True,0.12214292291901074,0.5757660001108889,16.74707500023942,17.44498392326932
42,9979.075727619364,9979.075869512,9979.075869512,9979.079150595,9979.093181944,3,COMPLETED,True,0.14189263674779795,3.2810829998197732,14.03134899919678,17.45432463576435
43,9979.082328095948,9979.082501004,9979.082501004,9979.083177202,9979.096660939,0,COMPLETED,True,0.172908052263665,0.6761979984730715,13.483737000569818,14.332843051306554
44,9979.101037286284,9979.101154516,9979.101154516,9979.101693068,9979.115258618,1,COMPLETED,True,0.11722971612471156,0.5385519998526433,13.565549999839277,14.221331715816632
45,9979.104704915815,9979.10483629,9979.10483629,9979.105293304,9979.118825766,2,COMPLETED,True,0.13137418500264175,0.4570139990391908,13.532462000512169,14.120850184554001
46,9979.125355110531,9979.125444169,9979.125444169,9979.126107966,9979.144705596,3,COMPLETED,True,0.08905846880224999,0.6637970000156201,18.597629999931087,19.350485468748957
47,9979.125440200756,9979.125503353,9979.125503353,9979.126146225,9979.140559562,0,COMPLETED,True,0.06315224345598835,0.6428720007534139,14.413336999496096,15.119361243705498
48,9979.12741463541,9979.127511136,9979.127511136,9979.127818445,9979.14282987,1,COMPLETED,True,0.09650058927945793,0.3073090010730084,15.011424999102019,15.415234589454485
49,9979.137727472167,9979.137838573,9979.137838573,9979.138471606,9979.154968554,2,COMPLETED,True,0.11110083323728759,0.633032999758143,16.496947999257827,17.241081832253258
50,9979.151228873892,9979.151333578,9979.151333578,9979.151961347,9979.166671527,0,COMPLETED,True,0.1047041077981703,0.62776900085737,14.7101799993834,15.44265310803894
51,9979.152713433876,9979.152874224,9979.152874224,9979.153409182,9979.168116377,1,COMPLETED,True,0.16079012493719347,0.5349579987523612,14.707195001392392,15.402943125081947
52,9979.158077645032,9979.158179584,9979.158179584,9979.158625953,9979.174102027,3,COMPLETED,True,0.10193896741839126,0.44636900020122994,15.47607400061679,16.024381968236412
53,9979.16641302741,9979.166581184,9979.166581184,9979.167458653,9979.189620603,2,COMPLETED,True,0.16815659000712913,0.8774690013524378,22.161949998917407,23.207575590276974
54,9979.172038090843,9979.172187649,9979.172187649,9979.172842412,9979.187209259,0,COMPLETED,True,0.14955815640860237,0.6547630000568461,14.366847000928828,15.171168157394277
55,9979.174216190742,9979.174332664,9979.174332664,9979.174930317,9979.188676795,1,COMPLETED,True,0.11647325845842715,0.5976529992040014,13.746478000030038,14.460604257692466
56,9979.18018925577,9979.180322791,9979.180322791,9979.18075688,9979.194573356,3,COMPLETED,True,0.1335352299065562,0.43408899909991305,13.816476001011324,14.384100230017793
57,9979.181388116958,9979.181490911,9979.181490911,9979.187613614,9979.20164041,0,COMPLETED,True,0.1027940415951889,6.12270300007367,14.026795999598107,20.252293041266967
58,9979.182052783512,9979.182209566,9979.182209566,9979.189040824,9979.202502557,1,COMPLETED,True,0.15678248928452376,6.831257998783258,13.46173300044029,20.44977348850807
59,9979.207374006026,9979.20746851,9979.20746851,9979.207896051,9979.221559963,2,COMPLETED,True,0.09450397374166641,0.4275410010450287,13.66391199917416,14.185956973960856
60,9979.225352650374,9979.225467954,9979.225467954,9979.225926943,9979.239798893,3,COMPLETED,True,0.11530362644407433,0.4589889995259,13.87195000097563,14.446242626945605
61,9979.226508874315,9979.226630273,9979.226630273,9979.227037592,9979.240939662,0,COMPLETED,True,0.12139868522353936,0.4073189993505366,13.902070000767708,14.430787685341784
62,9979.238761669856,9979.23894493,9979.23894493,9979.239671109,9979.253394873,1,COMPLETED,True,0.18326014469494112,0.7261789996846346,13.723763999223593,14.633203143603168
63,9979.25239937587,9979.252494061,9979.252494061,9979.253449053,9979.272471977,2,COMPLETED,True,0.09468513053434435,0.9549919996061362,19.022923999727936,20.072601129868417
64,9979.253516001849,9979.253672239,9979.253672239,9979.254330573,9979.26846469,3,COMPLETED,True,0.1562371508043725,0.6583340000361204,14.134117000139668,14.94868815098016
65,9979.255473748319,9979.255677134,9979.255677134,9979.256361861,9979.270186824,0,COMPLETED,True,0.20338568174338434,0.6847269996796967,13.824962999933632,14.713075681356713
66,9979.272538842873,9979.272650098,9979.272650098,9979.273444094,9979.291006783,1,COMPLETED,True,0.11125512719445396,0.79399599962926,17.56268899953284,18.467940126356552
67,9979.273427905207,9979.273593474,9979.273593474,9979.274279229,9979.292766835,3,COMPLETED,True,0.1655687919992488,0.6857549997221213,18.48760600114474,19.33892979286611
68,9979.275976472218,9979.276070748,9979.276070748,9979.276607461,9979.290121396,0,COMPLETED,True,0.09427578152099159,0.5367130015656585,13.51393499862752,14.14492378171417
69,9979.288342805734,9979.288493251,9979.288493251,9979.289141174,9979.302636881,2,COMPLETED,True,0.15044526662677526,0.6479229996330105,13.495707000402035,14.294075266661821
70,9979.305465846193,9979.305642072,9979.305642072,9979.306405589,9979.325253691,0,COMPLETED,True,0.1762258070812095,0.7635170004505198,18.848101999537903,19.787844807069632
71,9979.318998905848,9979.319114082,9979.319114082,9979.31989855,9979.333476729,1,COMPLETED,True,0.11517615166667383,0.7844680003472604,13.578178999523516,14.47782315153745
72,9979.326761367778,9979.326964927,9979.326964927,9979.327468426,9979.342733494,3,COMPLETED,True,0.20355922242742963,0.5034989990235772,15.26506800109928,15.972126222550287
73,9979.335349531788,9979.335524415,9979.335524415,9979.336083387,9979.349859226,2,COMPLETED,True,0.1748832128214417,0.5589719985437114,13.775839001027634,14.509694212392787
74,9979.351757398035,9979.351872911,9979.351872911,9979.35251071,9979.370787846,0,COMPLETED,True,0.1155129648395814,0.637798999377992,18.277136001415784,19.030447965633357
75,9979.353679954158,9979.353885246,9979.353885246,9979.354513462,9979.373426898,1,COMPLETED,True,0.20529184257611632,0.6282159993133973,18.913436000730144,19.746943842619658
76,9979.36794387659,9979.36810658,9979.36810658,9979.368750695,9979.382648892,3,COMPLETED,True,0.16270340893242974,0.6441149998863693,13.89819700125372,14.70501541007252
77,9979.36842377542,9979.36851211,9979.36851211,9979.368810826,9979.382246213,2,COMPLETED,True,0.08833458014123607,0.2987159987242194,13.435386999844923,13.822437578710378
78,9979.374431044964,9979.374592369,9979.374592369,9979.375278674,9979.389287153,0,COMPLETED,True,0.16132403652591165,0.6863050002721138,14.008479000040097,14.856108036838123
79,9979.384875818076,9979.385045104,9979.385045104,9979.385829897,9979.40403871,1,COMPLETED,True,0.1692859241302358,0.7847930010029813,18.20881299863686,19.162891923770076
80,9979.38548301613,9979.385628278,9979.385628278,9979.386131903,9979.399680038,2,COMPLETED,True,0.14526186896546278,0.5036250004195608,13.548134998927708,14.197021868312731
81,9979.41264029392,9979.412774801,9979.412774801,9979.413226779,9979.426859507,3,COMPLETED,True,0.13450707956508268,0.45197799954621587,13.632728001539363,14.219213080650661
82,9979.41315796245,9979.413277335,9979.413277335,9979.413771403,9979.427357157,0,COMPLETED,True,0.1193725493067177,0.49406800098950043,13.585753998995642,14.19919454929186
83,9979.41601293932,9979.416097237,9979.416097237,9979.416661126,9979.430578414,2,COMPLETED,True,0.08429767876805272,0.5638890015688958,13.917287998992833,14.565474679329782
84,9979.42289648815,9979.423022046,9979.423022046,9979.42357692,9979.438847139,1,COMPLETED,True,0.12555784996948205,0.5548740009544417,15.270218998921337,15.95065084984526
85,9979.422975492198,9979.423124196,9979.423124196,9979.427072747,9979.443182116,3,COMPLETED,True,0.14870380255160853,3.9485509987571277,16.109369000332663,20.2066238016414
86,9979.42556282624,9979.42566882,9979.42566882,9979.427775027,9979.443165552,0,COMPLETED,True,0.10599376037134789,2.10620699908759,15.390525000839261,17.6027257602982
87,9979.426555636239,9979.426645884,9979.426645884,9979.430945368,9979.446804795,2,COMPLETED,True,0.09024776045407634,4.299484000512166,15.859426999668358,20.2491587606346
88,9979.435137104783,9979.435365786,9979.435365786,9979.439014839,9979.456597098,1,COMPLETED,True,0.22868121595820412,3.6490530001174193,17.582259000846534,21.459993216922157
89,9979.43716421695,9979.437356162,9979.437356162,9979.44345804,9979.457684097,0,COMPLETED,True,0.19194504966435488,6.101877999753924,14.226057000996661,20.51988005041494
90,9979.442619207164,9979.442787149,9979.442787149,9979.443584603,9979.462412498,3,COMPLETED,True,0.1679418364801677,0.7974539985298179,18.82789500086801,19.793290835877997
91,9979.446761608133,9979.446918868,9979.446918868,9979.447500367,9979.467564001,2,COMPLETED,True,0.15725986668257974,0.5814989999635145,20.063633999598096,20.80239286624419
92,9979.4477347761,9979.447843964,9979.447843964,9979.456901784,9979.475796988,1,COMPLETED,True,0.1091879003070062,9.057819999725325,18.895203998908983,28.062211898941314
93,9979.449541591368,9979.449675293,9979.449675293,9979.458081541,9979.471706536,0,COMPLETED,True,0.13370163287618198,8.406248000028427,13.624994999190676,22.164944632095285
94,9979.455542956204,9979.455646528,9979.455646528,9979.463067894,9979.481062079,3,COMPLETED,True,0.10357179598941002,7.4213659991073655,17.994185000134166,25.519122795230942
95,9979.456367029376,9979.45645326,9979.45645326,9979.467800416,9979.487276473,2,COMPLETED,True,0.08623062421975192,11.347155999828828,19.476057001156732,30.909443625205313
96,9979.46276854986,9979.462857924,9979.462857924,9979.47214322,9979.48569825,0,COMPLETED,True,0.08937413986132015,9.285296000598464,13.555030000134138,22.929700140593923
97,9979.473412873844,9979.473507787,9979.473507787,9979.476123734,9979.49203898,1,COMPLETED,True,0.09491315540799405,2.615947001686436,15.915246000076877,18.626106157171307
98,9979.474485266937,9979.474585847,9979.474585847,9979.481422009,9979.495358221,3,COMPLETED,True,0.10058006228064187,6.836161999672186,13.936212000771775,20.872954062724602
99,9979.479387825239,9979.479488838,9979.479488838,9979.485922267,9979.500042232,0,COMPLETED,True,0.10101276166096795,6.433429000026081,14.119965000645607,20.654406762332655
100,9979.490507376713,9979.490604565,9979.490604565,9979.491092674,9979.504608758,2,COMPLETED,True,0.0971882873272989,0.4881089989794418,13.516084000002593,14.101381286309334
101,9979.517535889963,9979.517696781,9979.517696781,9979.518475946,9979.53236732,1,COMPLETED,True,0.16089103701233398,0.779165000494686,13.891373999285861,14.83143003679288
102,9979.521762190023,9979.522023925,9979.522023925,9979.522864419,9979.537438338,3,COMPLETED,True,0.26173497644776944,0.8404939999309136,14.573919001122704,15.676147977501387
103,9979.536314338317,9979.536414781,9979.536414781,9979.537101244,9979.550961722,0,COMPLETED,True,0.10044268310593907,0.6864629995106952,13.860478000424337,14.647383683040971
104,9979.540145654219,9979.540232739,9979.540232739,9979.540926251,9979.554428854,2,COMPLETED,True,0.08708478162589017,0.6935119999980088,13.502603000233648,14.283199781857547
105,9979.544685767909,9979.54477744,9979.54477744,9979.545391152,9979.559291704,1,COMPLETED,True,0.09167209100269247,0.6137119999038987,13.900551999540767,14.605936090447358
106,9979.569927150558,9979.570036993,9979.570036993,9979.570501519,9979.584159406,3,COMPLETED,True,0.10984244181599934,0.4645259996323148,13.657887000590563,14.232255442038877
107,9979.57210486836,9979.572214901,9979.572214901,9979.572742417,9979.591621661,0,COMPLETED,True,0.1100326389860129,0.5275160001474433,18.879244000345352,19.51679263947881
108,9979.57952278563,9979.579623784,9979.579623784,9979.580383271,9979.600254569,2,COMPLETED,True,0.1009983698168071,0.7594870003231335,19.871297999998205,20.731783370138146
109,9979.592686799955,9979.592818131,9979.592818131,9979.593316925,9979.606839441,1,COMPLETED,True,0.13133104403095786,0.4987940010323655,13.522515999284224,14.152641044347547
110,9979.595058418212,9979.595070062,9979.595070062,9979.5955571,9979.608771375,3,COMPLETED,True,0.011643787729553878,0.48703799984650686,13.214275000791531,13.712956788367592
111,9979.609962765695,9979.61015872,9979.61015872,9979.610765229,9979.629914106,0,COMPLETED,True,0.19595430421759374,0.6065090001357021,19.148877001498477,19.951340305851772
112,9979.62919489858,9979.629290756,9979.629290756,9979.630233359,9979.649885216,2,COMPLETED,True,0.09585742009221576,0.9426029992027907,19.651857001008466,20.690317420303472
113,9979.629336262764,9979.629360759,9979.629360759,9979.630501244,9979.64465275,0,COMPLETED,True,0.024496235710103065,1.1404850010876544,14.151505998597713,15.31648723539547
114,9979.63144634847,9979.631451163,9979.631451163,9979.631924659,9979.646147805,3,COMPLETED,True,0.00481453025713563,0.4734959984489251,14.22314600131358,14.701456530019641
115,9979.63804298511,9979.638073761,9979.638073761,9979.638944575,9979.657798329,1,COMPLETED,True,0.03077588917221874,0.8708139994269004,18.853754001611378,19.755343890210497
116,9979.644666458278,9979.644793965,9979.644793965,9979.645857906,9979.66134543,0,COMPLETED,True,0.1275067224923987,1.063940999301849,15.487524000491248,16.678971722285496
117,9979.663255786334,9979.66335285,9979.66335285,9979.663840265,9979.677353256,3,COMPLETED,True,0.09706366654427256,0.48741499995230697,13.51299099951575,14.09746966601233
118,9979.66415250176,9979.664278595,9979.664278595,9979.66466832,9979.678754943,2,COMPLETED,True,0.12609324039658532,0.38972499896772206,14.086622999457177,14.602441238821484
119,9979.67342810939,9979.673528323,9979.673528323,9979.674143846,9979.687940718,1,COMPLETED,True,0.10021360867540352,0.6155230003059842,13.796872000966687,14.512608609948074
120,9979.687733986982,9979.687996688,9979.687996688,9979.688864581,9979.711081953,0,COMPLETED,True,0.2627010180731304,0.8678929989400785,22.217372001250624,23.347966018263833
121,9979.691259212956,9979.691395375,9979.691395375,9979.691984177,9979.713819885,3,COMPLETED,True,0.1361620452371426,0.588801998674171,21.835708001162857,22.56067204507417
122,9979.706111579368,9979.706203121,9979.706203121,9979.706745566,9979.720697061,2,COMPLETED,True,0.09154163308267016,0.5424449991551228,13.951495000583236,14.585481632821029
123,9979.713129980897,9979.713216943,9979.713216943,9979.713724963,9979.727794302,1,COMPLETED,True,0.08696210352354683,0.5080199989606626,14.069339000343462,14.664321102827671
124,9979.723924857166,9979.724022593,9979.724022593,9979.724508442,9979.738841058,0,COMPLETED,True,0.09773583406058606,0.4858489992329851,14.332616001411225,14.916200834704796
125,9979.724543307368,9979.724659617,9979.724659617,9979.724979507,9979.738813973,3,COMPLETED,True,0.11630963308562059,0.31988999944587704,13.83446599902527,14.270665631556767
126,9979.740448937453,9979.740553924,9979.740553924,9979.74100329,9979.754627843,2,COMPLETED,True,0.10498654773982707,0.44936599988432135,13.62455299931753,14.178905546941678
127,9979.747032921827,9979.747154139,9979.747154139,9979.747643987,9979.760967624,1,COMPLETED,True,0.12121717372792773,0.48984800014295615,13.32363700021233,13.934702174083213
128,9979.760317792654,9979.760434901,9979.760434901,9979.76098104,9979.774337518,3,COMPLETED,True,0.11710834587574936,0.5461390010168543,13.35647799896833,14.019725345860934
129,9979.771202665266,9979.771351703,9979.771351703,9979.772206532,9979.790953573,0,COMPLETED,True,0.14903773444530088,0.8548289988539182,18.747041000096942,19.75090773339616
130,9979.777274453107,9979.777434247,9979.777434247,9979.777879141,9979.791758951,2,COMPLETED,True,0.15979389354470186,0.44489399988378864,13.879809999707504,14.484497893135995
131,9979.779452836128,9979.779689199,9979.779689199,9979.780305016,9979.798632633,1,COMPLETED,True,0.2363628718740074,0.6158169999253005,18.327616999158636,19.179796870957944
132,9979.781323696567,9979.781466762,9979.781466762,9979.781964198,9979.7996456,3,COMPLETED,True,0.14306543380371295,0.49743599993234966,17.681401999652735,18.321903433388798
133,9979.781514003804,9979.781753679,9979.781753679,9979.791185545,9979.805741455,0,COMPLETED,True,0.2396751970081823,9.431865999431466,14.55591000012646,24.227451196566108
134,9979.783641629438,9979.783745552,9979.783745552,9979.792126931,9979.805803635,2,COMPLETED,True,0.10392256263003219,8.381379000638844,13.676703998498851,22.162005561767728
135,9979.789288247464,9979.789463991,9979.789463991,9979.798883559,9979.814043888,1,COMPLETED,True,0.17574353478266858,9.41956800124899,15.160328999627382,24.75564053565904
136,9979.78982068483,9979.789967568,9979.789967568,9979.799900314,9979.814457514,3,COMPLETED,True,0.14688317060063127,9.932745999321924,14.557200000126613,24.636829170049168
137,9979.792971367307,9979.79312879,9979.79312879,9979.806152809,9979.81987621,0,COMPLETED,True,0.15742269170004874,13.02401900102268,13.723400999879232,26.90484269260196
138,9979.799975658816,9979.800142816,9979.800142816,9979.806199886,9979.820035093,2,COMPLETED,True,0.16715718447812833,6.057069998860243,13.835207000738592,20.059434184076963
139,9979.809945932648,9979.810044283,9979.810044283,9979.814469076,9979.828058432,1,COMPLETED,True,0.09835035234573297,4.424792999998317,13.589356000011321,18.11249935235537
140,9979.819545925766,9979.819643168,9979.819643168,9979.820121256,9979.833547021,3,COMPLETED,True,0.09724223491502926,0.47808799899939913,13.425765000647516,14.001095234561944
141,9979.826457674832,9979.826554457,9979.826554457,9979.826971256,9979.840335851,2,COMPLETED,True,0.09678216883912683,0.4167989991401555,13.364595000894042,13.878176168873324
142,9979.865769743565,9979.865902136,9979.865902136,9979.866549297,9979.880085894,0,COMPLETED,True,0.13239243526186328,0.6471609995060135,13.536596999983885,14.316150434751762
143,9979.868033652894,9979.868176918,9979.868176918,9979.868688154,9979.88222211,1,COMPLETED,True,0.14326510608952958,0.5112359995109728,13.53395600017393,14.188457105774432
144,9979.88247867119,9979.882774714,9979.882774714,9979.883582844,9979.90243712,3,COMPLETED,True,0.296042810077779,0.8081300002231728,18.854275998819503,19.958448809120455
145,9979.888549629011,9979.888757689,9979.888757689,9979.889376251,9979.902998601,2,COMPLETED,True,0.20805998792639002,0.6185620004544035,13.622349999423022,14.448971987803816
146,9979.896709230627,9979.896865223,9979.896865223,9979.897623593,9979.914644453,0,COMPLETED,True,0.15599237303831615,0.7583700007671723,17.020859999320237,17.935222373125725
147,9979.911030417876,9979.911159791,9979.911159791,9979.911817219,9979.925416083,1,COMPLETED,True,0.12937312385474797,0.6574279996129917,13.598864001323818,14.385665124791558
148,9979.931597034572,9979.93169587,9979.93169587,9979.93238952,9979.95077346,3,COMPLETED,True,0.09883542770694476,0.6936499994480982,18.38393999969412,19.176425426849164
149,9979.949511027635,9979.949630673,9979.949630673,9979.950229673,9979.965916533,2,COMPLETED,True,0.11964536497544032,0.599000000875094,15.68685999882291,16.405505364673445
150,9979.95162698103,9979.951818214,9979.951818214,9979.952360644,9979.972915782,0,COMPLETED,True,0.1912329698825488,0.5424299997685011,20.555138000418083,21.288800970069133
151,9979.954238143098,9979.954367681,9979.954367681,9979.954789488,9979.969992109,1,COMPLETED,True,0.12953790246683639,0.42180699892924167,15.20262099984393,15.753965901240008
152,9979.964580701442,9979.964756821,9979.964756821,9979.965874569,9979.985389387,3,COMPLETED,True,0.17611955809115898,1.1177479991602013,19.51481800097099,20.80868555822235
153,9979.969682653878,9979.969830998,9979.969830998,9979.970699995,9979.9883845,2,COMPLETED,True,0.14834412104391959,0.868996999997762,17.684505000943318,18.701846121985
154,9979.984332263142,9979.984458052,9979.984458052,9979.9849959,9979.998837736,1,COMPLETED,True,0.12578885798575357,0.5378480000217678,13.841836000210606,14.505472858218127
155,9979.993291134904,9979.993426463,9979.993426463,9979.99402847,9980.009897291,0,COMPLETED,True,0.13532809498428833,0.6020070013619261,15.868820999457967,16.60615609580418
156,9979.996485190117,9979.996629643,9979.996629643,9979.997201373,9980.012440307,3,COMPLETED,True,0.14445288252318278,0.5717300009564497,15.238934000080917,15.95511688356055
157,9979.99684673133,9979.996980312,9979.996980312,9979.997253826,9980.010866803,2,COMPLETED,True,0.13358067008084618,0.27351400058250874,13.612976999866078,14.020071670529433
158,9980.001352894747,9980.001513044,9980.001513044,9980.001974183,9980.015528758,1,COMPLETED,True,0.16014925313356798,0.4611389995261561,13.554574999943725,14.175863252603449
159,9980.012276279413,9980.012367641,9980.012367641,9980.012861964,9980.026609043,0,COMPLETED,True,0.09136158769251779,0.4943229996570153,13.747078999585938,14.33276358693547
160,9980.016072898345,9980.016237738,9980.016237738,9980.01671375,9980.030476856,2,COMPLETED,True,0.16483965555380564,0.47601199912605807,13.763106000624248,14.403957655304112
161,9980.01858566054,9980.018730275,9980.018730275,9980.019171098,9980.033231078,3,COMPLETED,True,0.14461445971392095,0.4408229997352464,14.059979999728967,14.645417459178134
162,9980.021398819788,9980.021511045,9980.021511045,9980.021907893,9980.035955061,1,COMPLETED,True,0.112225212433259,0.3968479995819507,14.047167998796795,14.556241210812004
163,9980.02171527721,9980.021878371,9980.021878371,9980.026802197,9980.040500528,0,COMPLETED,True,0.16309379134327173,4.923825999867404,13.698331000341568,18.785250791552244
164,9980.03178091113,9980.031882241,9980.031882241,9980.032391388,9980.047901044,2,COMPLETED,True,0.10132987154065631,0.5091469993203646,15.509655999267125,16.120132870128145
165,9980.053019058802,9980.053116471,9980.053116471,9980.053550437,9980.066782803,3,COMPLETED,True,0.09741219764691778,0.4339660008554347,13.232366000011098,13.76374419851345
166,9980.060381776291,9980.060477958,9980.060477958,9980.061117674,9980.076492404,1,COMPLETED,True,0.09618170952307992,0.6397159995685797,15.374729999166448,16.110627708258107
167,9980.061596947835,9980.061770839,9980.061770839,9980.062626834,9980.08155123,0,COMPLETED,True,0.17389116510457825,0.8559950001654215,18.924395999420085,19.954282164690085
168,9980.071601421683,9980.071708776,9980.071708776,9980.072338853,9980.085968419,2,COMPLETED,True,0.1073543171514757,0.6300770000962075,13.629565999508486,14.36699731675617
169,9980.090819665493,9980.090991476,9980.090991476,9980.091506324,9980.104866602,3,COMPLETED,True,0.1718105067993747,0.5148480013303924,13.360277998799575,14.046936506929342
170,9980.093967545254,9980.09406121,9980.09406121,9980.094734881,9980.112906201,1,COMPLETED,True,0.09366474660055246,0.6736710001860047,18.171319999964908,18.938655746751465
171,9980.100159169284,9980.100311743,9980.100311743,9980.100897157,9980.115397423,0,COMPLETED,True,0.15257371524057817,0.5854140017618192,14.500265999231488,15.238253716233885
172,9980.140710921884,9980.140818494,9980.140818494,9980.141575527,9980.154828906,2,COMPLETED,True,0.10757211566669866,0.7570330017188098,13.253378998342669,14.117984115728177
173,9980.145652165036,9980.145790524,9980.145790524,9980.14635782,9980.166175338,3,COMPLETED,True,0.13835896425007377,0.567295999644557,19.81751799939957,20.5231729632942
174,9980.147117314245,9980.147288519,9980.147288519,9980.148112955,9980.168132618,1,COMPLETED,True,0.17120475422416348,0.8244359996751882,20.01966300122149,21.01530375512084
175,9980.150755070186,9980.150879015,9980.150879015,9980.151327415,9980.168185218,0,COMPLETED,True,0.12394481382216327,0.4484000000957167,16.85780300067563,17.43014781459351
176,9980.152533780198,9980.152710611,9980.152710611,9980.154994151,9980.169169654,2,COMPLETED,True,0.17683080295682885,2.283539999552886,14.175502999933087,16.635873802442802
177,9980.156921531738,9980.157081899,9980.157081899,9980.166765494,9980.180572503,3,COMPLETED,True,0.16036726265156176,9.683594998932676,13.807009001538972,23.65097126312321
178,9980.1595963844,9980.159749749,9980.159749749,9980.168329898,9980.183064983,1,COMPLETED,True,0.15336460091930348,8.58014900040871,14.735085000211257,23.46859860153927
179,9980.170789502434,9980.170889978,9980.170889978,9980.171293884,9980.185380807,0,COMPLETED,True,0.10047556679637637,0.40390599860984366,14.086922999922535,14.591304565328755
180,9980.1730279643,9980.173082533,9980.173082533,9980.173610333,9980.187690792,2,COMPLETED,True,0.05456869985209778,0.5278000007820083,14.080458999160328,14.662827699794434
181,9980.176900053577,9980.177071146,9980.177071146,9980.180924591,9980.199750025,3,COMPLETED,True,0.1710924225335475,3.8534450013685273,18.825433999154484,22.84997142305656
182,9980.182321026297,9980.182488201,9980.182488201,9980.18344829,9980.197455794,1,COMPLETED,True,0.16717470316507388,0.9600889989087591,14.007503999891924,15.134767701965757
183,9980.18345029837,9980.183605373,9980.183605373,9980.185716997,9980.204119103,0,COMPLETED,True,0.15507463103858754,2.1116240004630527,18.402105999484775,20.668804630986415
184,9980.185057358054,9980.185254785,9980.185254785,9980.188056306,9980.201953288,2,COMPLETED,True,0.19742694530577864,2.8015210009471048,13.896982000005664,16.895929946258548
185,9980.193775814883,9980.193893503,9980.193893503,9980.197805051,9980.211442036,1,COMPLETED,True,0.11768811600632034,3.9115480012696935,13.636984998811386,17.6662211160874
186,9980.19553122115,9980.195664146,9980.195664146,9980.200293761,9980.21655052,3,COMPLETED,True,0.13292484982230235,4.629614999430487,16.256758999588783,21.019298848841572
187,9980.214583252493,9980.214708819,9980.214708819,9980.215237169,9980.230678219,2,COMPLETED,True,0.12556650654005352,0.5283500013320008,15.441049999935785,16.09496650780784
188,9980.224257725033,9980.224343712,9980.224343712,9980.224823809,9980.238753678,0,COMPLETED,True,0.08598696695116814,0.4800970000360394,13.92986900100368,14.495952967990888
189,9980.224538445904,9980.22461987,9980.22461987,9980.22492067,9980.238404308,1,COMPLETED,True,0.08142409569700249,0.30080000033194665,13.48363800025254,13.86586209628149
190,9980.228778984476,9980.228794095,9980.228794095,9980.229150923,9980.243150885,3,COMPLETED,True,0.015110523236216977,0.3568280008039437,13.999962000525557,14.371900524565717
191,9980.229300221588,9980.229434017,9980.229434017,9980.231049794,9980.24476986,2,COMPLETED,True,0.13379541087488178,1.6157770005520433,13.720066001042142,15.469638412469067
192,9980.230067941919,9980.23015402,9980.23015402,9980.238775122,9980.252627815,1,COMPLETED,True,0.08607808194938116,8.621101998869563,13.85269300044456,22.559873081263504
193,9980.237449694887,9980.237551597,9980.237551597,9980.238916807,9980.253017726,0,COMPLETED,True,0.10190211287408601,1.3652100005856482,14.10091899924737,15.568031112707104
194,9980.263054245528,9980.263169235,9980.263169235,9980.263731241,9980.276785944,3,COMPLETED,True,0.11498947242216673,0.5620060001092497,13.05470299848821,13.731698471019627
195,9980.282863584207,9980.282953288,9980.282953288,9980.283494496,9980.297359341,2,COMPLETED,True,0.08970379349193536,0.5412079990492202,13.864845001080539,14.495756793621695
196,9980.2876232771,9980.287708079,9980.287708079,9980.288136871,9980.301517652,1,COMPLETED,True,0.08480190081172623,0.4287920000933809,13.380780999796116,13.894374900701223
197,9980.309862348644,9980.309947931,9980.309947931,9980.310606306,9980.327113064,0,COMPLETED,True,0.08558235640521161,0.6583750000572763,16.506758000105037,17.250715356567525
198,9980.320313233553,9980.320403567,9980.320403567,9980.321007173,9980.339689535,3,COMPLETED,True,0.09033344758790918,0.6036060003680177,18.682361998799024,19.37630144675495
199,9980.320528881293,9980.320610386,9980.320610386,9980.32103347,9980.334320125,2,COMPLETED,True,0.08150470603141002,0.4230840004311176,13.28665500113857,13.791243707601097
200,9980.329632908759,9980.329792869,9980.329792869,9980.330687254,9980.349410257,1,COMPLETED,True,0.15996024194464553,0.8943849989009323,18.7230030005594,19.77734824140498
201,9980.331116116166,9980.331302229,9980.331302229,9980.331835759,9980.345022809,0,COMPLETED,True,0.18611283485370222,0.5335299993021181,13.187050000851741,13.906692835007561
202,9980.36001130407,9980.360119689,9980.360119689,9980.360816377,9980.374708789,2,COMPLETED,True,0.10838492926268373,0.696688000971335,13.892412000132026,14.697484930366045
203,9980.360319933503,9980.36053702,9980.36053702,9980.360914832,9980.376112377,3,COMPLETED,True,0.2170864972868003,0.377811998987454,15.197545000773971,15.792443497048225
204,9980.360914485906,9980.361032989,9980.361032989,9980.361553884,9980.380667104,0,COMPLETED,True,0.11850309419969562,0.5208950005908264,19.113219999780995,19.752618094571517
205,9980.361205037118,9980.361359932,9980.361359932,9980.361941949,9980.375532088,1,COMPLETED,True,0.15489488214370795,0.5820170008519199,13.590139000370982,14.32705088336661
206,9980.364498822351,9980.364753945,9980.364753945,9980.374915907,9980.388710846,2,COMPLETED,True,0.25512264801363926,10.16196199998376,13.794939000945305,24.212023648942704
207,9980.366550655257,9980.366784117,9980.366784117,9980.375932542,9980.389345135,1,COMPLETED,True,0.23346174384641927,9.148424998784321,13.41259299988451,22.79447974251525
208,9980.36828403463,9980.368440406,9980.368440406,9980.376481041,9980.390630664,3,COMPLETED,True,0.15637137039448135,8.040634998906171,14.149623000776046,22.3466293700767
209,9980.375245797451,9980.375409539,9980.375409539,9980.381082207,9980.395280573,0,COMPLETED,True,0.16374154802178964,5.6726680013525765,14.198365999618545,20.03477554899291
210,9980.377139446688,9980.377295815,9980.377295815,9980.389041532,9980.402706051,2,COMPLETED,True,0.15636831267329399,11.74571699993976,13.664518999576103,25.566604312189156
211,9980.383620081113,9980.383837118,9980.383837118,9980.389677444,9980.403008595,1,COMPLETED,True,0.2170368879887974,5.840325999088236,13.331150999874808,19.38851388695184
212,9980.385302534201,9980.385448946,9980.385448946,9980.390844897,9980.404589985,3,COMPLETED,True,0.1464117995055858,5.395950998718035,13.745088001087424,19.287450799311046
213,9980.400169205352,9980.400348649,9980.400348649,9980.401003399,9980.414142504,0,COMPLETED,True,0.179443648448796,0.6547499997395789,13.139104999936535,13.97329864812491
214,9980.405568373786,9980.405722185,9980.405722185,9980.406078269,9980.419266367,2,COMPLETED,True,0.1538112137495773,0.3560839995770948,13.188098000682658,13.69799321400933
215,9980.411455025294,9980.411538163,9980.411538163,9980.411904186,9980.425461643,1,COMPLETED,True,0.08313770558743272,0.36602299951482564,13.557457001297735,14.006617706399993
216,9980.41168366286,9980.411770845,9980.411770845,9980.412180449,9980.430658348,3,COMPLETED,True,0.08718213939573616,0.4096040011063451,18.477898998753517,18.974685139255598
217,9980.416762834295,9980.416978047,9980.416978047,9980.41757672,9980.430821046,0,COMPLETED,True,0.2152127053705044,0.5986729993310291,13.244326000858564,14.058211705560097
218,9980.420885146876,9980.421139031,9980.421139031,9980.42155926,9980.434839584,2,COMPLETED,True,0.25388412359461654,0.420229000155814,13.28032400124357,13.954437124994001
219,9980.424486494623,9980.424625528,9980.424625528,9980.425853249,9980.439343473,1,COMPLETED,True,0.13903337639931124,1.2277210007596295,13.490223998815054,14.856978375973995
220,9980.42524597161,9980.425381164,9980.425381164,9980.4310817,9980.444516923,3,COMPLETED,True,0.1351923892798368,5.700536001313594,13.435222999760299,19.27095139035373
221,9980.435345135862,9980.435445782,9980.435445782,9980.435869879,9980.449110205,0,COMPLETED,True,0.10064613888971508,0.4240969992679311,13.240325999504421,13.765069137662067
222,9980.463002485421,9980.463117948,9980.463117948,9980.46369836,9980.477233679,2,COMPLETED,True,0.11546257883310318,0.5804119991807966,13.535318999856827,14.231193577870727
223,9980.47167561189,9980.471860069,9980.471860069,9980.472520404,9980.486292584,1,COMPLETED,True,0.18445710884407163,0.6603350011573639,13.772180000160006,14.616972110161441
224,9980.473473951763,9980.473621681,9980.473621681,9980.474071624,9980.487541149,3,COMPLETED,True,0.14772923714190256,0.44994299969403073,13.469524999891291,14.067197236727225
225,9980.474739250469,9980.474959017,9980.474959017,9980.475385589,9980.489205762,0,COMPLETED,True,0.21976653079036623,0.42657199992390815,13.820173000567593,14.466511531281867
226,9980.480370738162,9980.480530743,9980.480530743,9980.481205202,9980.494552561,2,COMPLETED,True,0.16000483810785227,0.674459000947536,13.347358999453718,14.181822838509106
227,9980.489569346964,9980.48966535,9980.48966535,9980.490337835,9980.5036886,1,COMPLETED,True,0.09600303565093782,0.6724850009049987,13.350764998904197,14.119253035460133
228,9980.495834328796,9980.496081265,9980.496081265,9980.496773868,9980.510208495,3,COMPLETED,True,0.24693620434845798,0.6926030000613537,13.43462699878728,14.374166203197092
229,9980.497525308554,9980.497685996,9980.497685996,9980.498211148,9980.511650095,0,COMPLETED,True,0.1606874466233421,0.5251519996818388,13.438947000395274,14.124786446700455
230,9980.497621382852,9980.497787917,9980.497787917,9980.498353063,9980.517255386,2,COMPLETED,True,0.1665341478656046,0.5651459996443009,18.902322999565513,19.63400314707542
231,9980.514160834195,9980.514247229,9980.514247229,9980.514666711,9980.528305814,1,COMPLETED,True,0.08639480620331597,0.4194819994154386,13.639102999150055,14.14497980476881
232,9980.519945629692,9980.52012675,9980.52012675,9980.520652252,9980.534426211,3,COMPLETED,True,0.18112030738848262,0.5255020005279221,13.773958999081515,14.48058130699792
233,9980.520294121376,9980.520383143,9980.520383143,9980.520711561,9980.53389634,0,COMPLETED,True,0.08902162517188117,0.32841799838934094,13.184779001676361,13.602218625237583
234,9980.533994832522,9980.534208677,9980.534208677,9980.534862112,9980.549817953,2,COMPLETED,True,0.21384447791206185,0.6534349995490629,14.955841001210501,15.823120478671626
235,9980.546197864725,9980.546281429,9980.546281429,9980.546932246,9980.566745355,1,COMPLETED,True,0.08356427497346886,0.6508169990411261,19.81310900009703,20.547490274111624
236,9980.55847824774,9980.558608074,9980.558608074,9980.55915088,9980.573041166,0,COMPLETED,True,0.1298262595810229,0.5428060012491187,13.89028599987796,14.562918260708102
237,9980.565388114723,9980.565481681,9980.565481681,9980.566004878,9980.579875735,3,COMPLETED,True,0.09356627742818091,0.5231969989836216,13.87085700116586,14.487620277577662
238,9980.566059300532,9980.566164251,9980.566164251,9980.56668204,9980.580577959,2,COMPLETED,True,0.10495046808500774,0.5177889997867169,13.895918998969137,14.518658466840861
239,9980.570935354044,9980.571072586,9980.571072586,9980.571726944,9980.58651565,1,COMPLETED,True,0.13723195661441423,0.6543579984281678,14.788706001127139,15.58029595616972
240,9980.57993719209,9980.580077812,9980.580077812,9980.580985873,9980.594564531,0,COMPLETED,True,0.14061990987102035,0.9080610016098944,13.57865799946012,14.627338910941035
241,9980.582342003772,9980.582462462,9980.582462462,9980.582895494,9980.596399827,3,COMPLETED,True,0.12045822768413927,0.4330320007284172,13.504332999218605,14.057823227631161
242,9980.58390743307,9980.584046521,9980.584046521,9980.584452124,9980.598688296,2,COMPLETED,True,0.13908792971051298,0.4056029993080301,14.236172000892111,14.780862929910654
243,9980.592635862773,9980.592762646,9980.592762646,9980.593187486,9980.606690376,1,COMPLETED,True,0.12678322673309594,0.42484000005060807,13.50289000038174,14.054513227165444
244,9980.607382018212,9980.607515024,9980.607515024,9980.607989485,9980.623188761,0,COMPLETED,True,0.13300578757480253,0.4744610014313366,15.19927599838411,15.806742787390249
245,9980.607520651134,9980.607594783,9980.607594783,9980.60823541,9980.622006178,3,COMPLETED,True,0.07413186540361494,0.6406270003935788,13.770768000540556,14.48552686633775
246,9980.620008459835,9980.620167373,9980.620167373,9980.620691311,9980.634591843,2,COMPLETED,True,0.1589131643413566,0.5239380006969441,13.900531999752275,14.583383164790575
247,9980.627573524333,9980.627674632,9980.627674632,9980.628220201,9980.642824172,1,COMPLETED,True,0.10110766743309796,0.5455690006783698,14.60397099981492,15.250647667926387
248,9980.630324410728,9980.630428609,9980.630428609,9980.630825403,9980.645386567,3,COMPLETED,True,0.10419827231089585,0.39679399924352765,14.561164000042481,15.062156271596905
249,9980.63190705513,9980.632056479,9980.632056479,9980.632596228,9980.647317223,0,COMPLETED,True,0.1494238695158856,0.5397490003815619,14.720994999152026,15.410167869049474
250,9980.63614874876,9980.636262248,9980.636262248,9980.636840579,9980.651670018,2,COMPLETED,True,0.11349923988746013,0.5783310007245746,14.82943900009559,15.521269240707625
251,9980.640724082667,9980.640875371,9980.640875371,9980.643031256,9980.658921465,1,COMPLETED,True,0.1512883336545201,2.155885000320268,15.890208998825983,18.19738233280077
252,9980.642970375011,9980.64311161,9980.64311161,9980.645560942,9980.660229787,3,COMPLETED,True,0.14123498840490356,2.4493320015608333,14.668844998595887,17.259411988561624
253,9980.648324126316,9980.648503584,9980.648503584,9980.649513816,9980.671624543,0,COMPLETED,True,0.17945768377103377,1.0102320011355914,22.11072699901706,23.300416683923686
254,9980.648997343575,9980.64941936,9980.64941936,9980.651845694,9980.665907971,2,COMPLETED,True,0.4220164246362401,2.426334000119823,14.06227700135787,16.910627426113933
255,9980.654844887726,9980.655032535,9980.655032535,9980.659220417,9980.673504423,1,COMPLETED,True,0.1876472742878832,4.187881999314413,14.284006001616945,18.65953527521924
256,9980.662581414608,9980.662694873,9980.662694873,9980.663190548,9980.677658905,3,COMPLETED,True,0.11345839266141411,0.49567499991098884,14.46835699971416,15.077490392286563
257,9980.668737506432,9980.668847554,9980.668847554,9980.669442103,9980.682989831,2,COMPLETED,True,0.1100475674320478,0.5945490011072252,13.547728000048664,14.252324568587937
258,9980.68087376772,9980.681000063,9980.681000063,9980.681493105,9980.696584831,0,COMPLETED,True,0.12629527918761596,0.4930420000164304,15.091725999809569,15.711063279013615
259,9980.686551966157,9980.686676211,9980.686676211,9980.687138946,9980.703253494,1,COMPLETED,True,0.12424484339135233,0.4627349990187213,16.114548001496587,16.70152784390666
260,9980.697115736275,9980.697425059,9980.697425059,9980.69838981,9980.713802036,3,COMPLETED,True,0.30932272420614026,0.9647510014474392,15.412225999170914,16.686299724824494
261,9980.702848776958,9980.702949739,9980.702949739,9980.703464449,9980.721765931,2,COMPLETED,True,0.10096204096043948,0.5147100000613136,18.30148200133408,18.917154042355833
262,9980.703698171823,9980.703819669,9980.703819669,9980.704229275,9980.723328154,1,COMPLETED,True,0.12149717622378375,0.4096060001756996,19.098879000011948,19.62998217641143
263,9980.71856284477,9980.718681106,9980.718681106,9980.719159089,9980.733374811,0,COMPLETED,True,0.11826123045466375,0.47798299965506885,14.215721999789821,14.811966229899554
264,9980.720854550793,9980.720988169,9980.720988169,9980.721416945,9980.73538506,3,COMPLETED,True,0.13361820674617775,0.42877600026258733,13.96811499944306,14.530509206451825
265,9980.729532185806,9980.729626599,9980.729626599,9980.730132297,9980.748724664,2,COMPLETED,True,0.09441319525649305,0.505697998960386,18.592366999655496,19.192478193872375
266,9980.731216458531,9980.731344572,9980.731344572,9980.731791601,9980.750646477,1,COMPLETED,True,0.12811346823582426,0.4470290004974231,18.85487599975022,19.430018468483468
267,9980.741131508492,9980.7412341,9980.7412341,9980.741713839,9980.755088202,0,COMPLETED,True,0.10259150803904049,0.4797389992745593,13.374363001275924,13.956693508589524
268,9980.75090504974,9980.751097139,9980.751097139,9980.751565068,9980.765287744,3,COMPLETED,True,0.1920892609632574,0.46792899956926703,13.722675999815692,14.382694260348217
269,9980.75118254921,9980.751420362,9980.751420362,9980.751698338,9980.767519638,2,COMPLETED,True,0.2378127901465632,0.27797599977930076,15.821300001334748,16.337088791260612
270,9980.760106602553,9980.760202278,9980.760202278,9980.760666582,9980.776509497,1,COMPLETED,True,0.09567544657329563,0.464304001070559,15.842914999666391,16.402894447310246
271,9980.762545837793,9980.762654733,9980.762654733,9980.763002497,9980.776910737,0,COMPLETED,True,0.10889520672208164,0.34776400025293697,13.90824000009161,14.364899207066628
272,9980.772424815837,9980.772541276,9980.772541276,9980.772989805,9980.786261757,3,COMPLETED,True,0.11646016173472162,0.44852900100522675,13.271952000650344,13.836941163390293
273,9980.79318180709,9980.793272784,9980.793272784,9980.793726395,9980.809727753,2,COMPLETED,True,0.09097690963244531,0.45361100092122797,16.001357998902677,16.54594590945635
274,9980.801073981916,9980.801175423,9980.801175423,9980.801666542,9980.818225422,1,COMPLETED,True,0.1014410827337997,0.4911190007987898,16.5588799991383,17.151440082670888
275,9980.84968261688,9980.849780004,9980.849780004,9980.850470824,9980.863956685,0,COMPLETED,True,0.09738712105900049,0.690819999363157,13.48586099993554,14.274068120357697
276,9980.864127253826,9980.864288807,9980.864288807,9980.865144149,9980.883975428,3,COMPLETED,True,0.16155317462107632,0.8553419993404532,18.831278999641654,19.848174173603184
277,9980.874548509459,9980.874641653,9980.874641653,9980.875658314,9980.894173038,2,COMPLETED,True,0.09314354065281805,1.0166610009036958,18.514723999032867,19.62452854058938
278,9980.878062121259,9980.878152235,9980.878152235,9980.879024948,9980.897194217,1,COMPLETED,True,0.09011374095280189,0.87271300071734,18.16926899846294,19.13209574013308
279,9980.881748404492,9980.881904426,9980.881904426,9980.882735396,9980.902759385,0,COMPLETED,True,0.15602150779159274,0.8309700006066123,20.023989000037545,21.01098050843575
280,9980.888556314963,9980.888673887,9980.888673887,9980.889409377,9980.903726669,3,COMPLETED,True,0.11757203719753306,0.7354899989877595,14.317291999759618,15.17035403594491
281,9980.889420040667,9980.889588025,9980.889588025,9980.894595907,9980.908701294,2,COMPLETED,True,0.16798433352960274,5.007882000427344,14.105386999290204,19.28125333324715
282,9980.894694260352,9980.894905693,9980.894905693,9980.897332356,9980.912809742,1,COMPLETED,True,0.21143264712009113,2.4266630007332424,15.47738599947479,18.115481647328124
283,9980.895797202184,9980.895984456,9980.895984456,9980.902978813,9980.918276519,0,COMPLETED,True,0.1872538159659598,6.994356999712181,15.297706000637845,22.479316816315986
284,9980.899693914034,9980.899921516,9980.899921516,9980.904132125,9980.917814131,3,COMPLETED,True,0.22760196588933468,4.210609000438126,13.682005999726243,18.120216966053704
285,9980.904246671205,9980.904428636,9980.904428636,9980.909043597,9980.922617777,2,COMPLETED,True,0.18196479504695162,4.614960998878814,13.574180000432534,18.3711057943583
286,9980.90654956055,9980.906808346,9980.906808346,9980.913189037,9980.926940006,1,COMPLETED,True,0.25878545056912117,6.380691000231309,13.75096899937489,20.39044545017532
287,9980.920947728675,9980.921107572,9980.921107572,9980.921791314,9980.939213409,3,COMPLETED,True,0.15984332458174322,0.683742000546772,17.422094999346882,18.265680324475397
288,9980.924593216858,9980.924695316,9980.924695316,9980.925122644,9980.939177404,0,COMPLETED,True,0.1020991421682993,0.42732799920486286,14.054760000362876,14.584187141736038
289,9980.934433632641,9980.934571604,9980.934571604,9980.935192312,9980.94992549,2,COMPLETED,True,0.137971359436051,0.6207079986779718,14.73317800082441,15.491857358938432
290,9980.936910835846,9980.93704404,9980.93704404,9980.937440822,9980.951876822,1,COMPLETED,True,0.1332041538262274,0.39678199937043246,14.436000001296634,14.965986154493294
291,9980.94673129429,9980.946839779,9980.946839779,9980.947332754,9980.96082755,0,COMPLETED,True,0.10848470992641523,0.4929749993607402,13.494795999577036,14.096255708864192
292,9980.94897242938,9980.949078821,9980.949078821,9980.949568312,9980.963875169,3,COMPLETED,True,0.10639162064762786,0.48949099982564803,14.306856999610318,14.902739620083594
293,9980.95245005508,9980.952551463,9980.952551463,9980.952938163,9980.968426904,2,COMPLETED,True,0.10140792073798366,0.38669999958074186,15.488741000808659,15.976848921127385
294,9980.958743586581,9980.958931577,9980.958931577,9980.959397374,9980.973552506,1,COMPLETED,True,0.1879904193629045,0.465796998469159,14.155132001178572,14.808919419010635
295,9980.972530914667,9980.972621982,9980.972621982,9980.973070719,9980.988091478,0,COMPLETED,True,0.09106733341468498,0.4487369988055434,15.02075900134514,15.56056333356537
296,9980.978351202557,9980.978434991,9980.978434991,9980.978891839,9980.994802435,3,COMPLETED,True,0.08378844358958304,0.45684799988521263,15.910595999230281,16.451232442705077
297,9980.99168254935,9980.991897297,9980.991897297,9980.992421213,9981.006413239,2,COMPLETED,True,0.21474765162565745,0.5239160000201082,13.992025998959434,14.7306896506052
298,9980.991765087056,9980.991975152,9980.991975152,9980.99253531,9981.006003751,1,COMPLETED,True,0.2100649435305968,0.5601580014626961,13.4684409986221,14.238663943615393
299,9981.012237089863,9981.012334801,9981.012334801,9981.012801736,9981.026557195,0,COMPLETED,True,0.09771113764145412,0.4669350000767736,13.755459000094561,14.320105137812789
300,9981.042934547206,9981.043037368,9981.043037368,9981.043911964,9981.059376157,3,COMPLETED,True,0.10282079347234685,0.8745960003579967,15.46419300029811,16.441609794128453
301,9981.049275021684,9981.04938848,9981.04938848,9981.050126156,9981.067976779,1,COMPLETED,True,0.11345831626385916,0.7376760004262906,17.85062300041318,18.70175731710333
302,9981.053913136931,9981.054028762,9981.054028762,9981.054588717,9981.071061049,2,COMPLETED,True,0.11562506915652193,0.5599549986072816,16.472332001285395,17.147912069049198
303,9981.054945021884,9981.055086861,9981.055086861,9981.055625421,9981.069665207,0,COMPLETED,True,0.14183911662257742,0.5385599997680401,14.039785999557353,14.72018511594797
304,9981.055711397972,9981.055798996,9981.055798996,9981.059631094,9981.074287877,3,COMPLETED,True,0.08759802767599467,3.832098000202677,14.656782999736606,18.576479027615278
305,9981.059986371802,9981.060051514,9981.060051514,9981.068376169,9981.082593639,1,COMPLETED,True,0.06514219785458408,8.324655000251369,14.217469999493915,22.607267197599867
306,9981.066249250525,9981.066493702,9981.066493702,9981.069836065,9981.083862184,0,COMPLETED,True,0.24445147391816135,3.3423630011384375,14.026118999026949,17.612933474083547
307,9981.078352493038,9981.078469104,9981.078469104,9981.078963454,9981.092819551,2,COMPLETED,True,0.11661096323223319,0.49434999891673215,13.856097000825685,14.46705796297465
308,9981.084364999673,9981.08448591,9981.08448591,9981.084914881,9981.098887568,3,COMPLETED,True,0.12091032658645418,0.42897099956462625,13.972687000205042,14.522568326356122
309,9981.08650731532,9981.086695898,9981.086695898,9981.087065092,9981.100874223,1,COMPLETED,True,0.18858268049370963,0.36919400008628145,13.80913100001635,14.366907680596341
310,9981.086622001127,9981.086766086,9981.086766086,9981.08712617,9981.101180635,0,COMPLETED,True,0.1440848736820044,0.3600839991122484,14.054465000299388,14.55863387309364
311,9981.088793160874,9981.088898241,9981.088898241,9981.093199659,9981.107008876,2,COMPLETED,True,0.10508012564969249,4.301418000977719,13.80921700001636,18.215715126643772
312,9981.09782383388,9981.09792121,9981.09792121,9981.099258792,9981.112925901,3,COMPLETED,True,0.09737611981108785,1.3375819999055238,13.667109000380151,15.102067120096763
313,9981.134285700093,9981.134409718,9981.134409718,9981.134998373,9981.148933219,1,COMPLETED,True,0.12401790809235536,0.5886549988645129,13.934845999756362,14.64751890671323
314,9981.134397232132,9981.134517306,9981.134517306,9981.13508917,9981.148720945,0,COMPLETED,True,0.12007386794721242,0.5718640004488407,13.631775000249036,14.323712868645089
315,9981.139652866126,9981.139754136,9981.139754136,9981.140380888,9981.15433952,2,COMPLETED,True,0.10126987399416976,0.6267520002438687,13.958632000139914,14.686653874377953
316,9981.157490181637,9981.157581684,9981.157581684,9981.158389322,9981.172330388,3,COMPLETED,True,0.09150236292043701,0.8076379999693017,13.941066001279978,14.840206364169717
317,9981.15985780912,9981.159953789,9981.159953789,9981.160596048,9981.17403636,0,COMPLETED,True,0.09597987991583068,0.6422589995054295,13.440312000966514,14.178550880387775
318,9981.160727089975,9981.160821954,9981.160821954,9981.161254913,9981.174923864,1,COMPLETED,True,0.09486402450420428,0.4329590010456741,13.668950999999652,14.19677402554953
319,9981.177484021564,9981.177661897,9981.177661897,9981.178453447,9981.191969833,2,COMPLETED,True,0.1778754358383594,0.7915500009403331,13.516385999537306,14.485811436315998
320,9981.202502038226,9981.202609188,9981.202609188,9981.203340257,9981.21666856,3,COMPLETED,True,0.10714977361203637,0.7310689998121234,13.328303000889719,14.166521774313878
321,9981.226374275497,9981.226487363,9981.226487363,9981.227341119,9981.246545732,0,COMPLETED,True,0.11308750254102051,0.8537560006516287,19.204612999601522,20.17145650279417
322,9981.226930615514,9981.227064855,9981.227064855,9981.22774997,9981.242071351,1,COMPLETED,True,0.13423948621493764,0.6851149992144201,14.321381000627298,15.140735486056656
323,9981.235640709872,9981.235777042,9981.235777042,9981.236292572,9981.250104132,2,COMPLETED,True,0.13633212802233174,0.5155300004844321,13.811559998430312,14.463422126937076
324,9981.249380964518,9981.249530147,9981.249530147,9981.250132938,9981.264174381,3,COMPLETED,True,0.14918248234607745,0.6027909985277802,14.041443000678555,14.793416481552413
325,9981.26237620131,9981.262640625,9981.262640625,9981.263339687,9981.27800621,1,COMPLETED,True,0.2644236901687691,0.6990620004216908,14.66652299859561,15.63000868918607
326,9981.276236810587,9981.276400779,9981.276400779,9981.277076086,9981.290494698,0,COMPLETED,True,0.16396841238019988,0.6753070010745432,13.418611999441055,14.257887412895798
327,9981.282492057619,9981.282666323,9981.282666323,9981.283291593,9981.297301242,2,COMPLETED,True,0.17426538215659093,0.6252699986362131,14.009649001309299,14.809184382102103
328,9981.300309465161,9981.300509385,9981.300509385,9981.301195532,9981.319119462,3,COMPLETED,True,0.19991983936051838,0.686146999214543,17.92392999959702,18.809996838172083
329,9981.30914081935,9981.309400249,9981.309400249,9981.310201859,9981.329694447,1,COMPLETED,True,0.25942964930436574,0.8016100000531878,19.49258800050302,20.553627649860573
330,9981.314413705202,9981.31452098,9981.31452098,9981.315344424,9981.329466067,0,COMPLETED,True,0.10727479821071029,0.8234439992520493,14.121643000180484,15.052361797643243
331,9981.323902762133,9981.324050215,9981.324050215,9981.324888432,9981.338860272,2,COMPLETED,True,0.14745286716788542,0.8382169999094913,13.971840000522207,14.957509867599583
332,9981.325432195723,9981.325562698,9981.325562698,9981.326156906,9981.34668023,3,COMPLETED,True,0.1305022778979037,0.5942079988017213,20.523324001260335,21.24803427795996
333,9981.326224799175,9981.326414007,9981.326414007,9981.329861006,9981.343302352,0,COMPLETED,True,0.18920782531495206,3.4469989986973815,13.441346000035992,17.077552824048325
334,9981.334055934747,9981.334209064,9981.334209064,9981.335012958,9981.349746423,1,COMPLETED,True,0.1531292527943151,0.803893999545835,14.733465000972501,15.690488253312651
335,9981.335683817106,9981.335864254,9981.335864254,9981.33924304,9981.353593308,2,COMPLETED,True,0.1804368948796764,3.378785999302636,14.350268000271171,17.909490894453484
336,9981.336160452742,9981.336670809,9981.336670809,9981.34367804,9981.357405495,0,COMPLETED,True,0.5103562580188736,7.007231000898173,13.727454999752808,21.245042258669855
337,9981.343736459547,9981.343938867,9981.343938867,9981.347159935,9981.361729487,3,COMPLETED,True,0.20240745288901962,3.2210680001298897,14.569552000466501,17.99302745348541
338,9981.345041666029,9981.345215796,9981.345215796,9981.349922497,9981.36362595,1,COMPLETED,True,0.17412997112842277,4.706701000031899,13.703452999834553,18.584283970994875
339,9981.345139957466,9981.345314725,9981.345314725,9981.353776934,9981.367950536,2,COMPLETED,True,0.1747675341903232,8.462208999844734,14.173601999573293,22.81057853360835
340,9981.368224581669,9981.368383688,9981.368383688,9981.369052314,9981.387688889,0,COMPLETED,True,0.15910633192106616,0.6686259985144716,18.63657500143745,19.464307331872988
341,9981.376227827712,9981.376315443,9981.376315443,9981.37683495,9981.390591855,3,COMPLETED,True,0.08761528806644492,0.5195070007175673,13.756905000263941,14.364027289047954
342,9981.386978164208,9981.387062631,9981.387062631,9981.387603061,9981.401241277,1,COMPLETED,True,0.08446679203188978,0.540430000910419,13.638215999890235,14.263112792832544
343,9981.391239234625,9981.391336814,9981.391336814,9981.391931443,9981.405493328,2,COMPLETED,True,0.09757937550602946,0.5946290002611931,13.561884999944596,14.254093375711818
344,9981.428120748544,9981.428220125,9981.428220125,9981.429215608,9981.448202034,0,COMPLETED,True,0.09937645700119901,0.9954829984053504,18.98642600099265,20.0812854563992
345,9981.440430718108,9981.44063095,9981.44063095,9981.44145552,9981.455429896,3,COMPLETED,True,0.20023189063067548,0.8245700009865686,13.974375999168842,14.999177890786086
346,9981.462134141288,9981.462387268,9981.462387268,9981.463202001,9981.477782811,1,COMPLETED,True,0.2531267127778847,0.8147329990606522,14.580810000552447,15.648669712390983
347,9981.47312850567,9981.47337969,9981.47337969,9981.474317829,9981.495877054,2,COMPLETED,True,0.2511843304091599,0.9381389991176547,21.559225000601145,22.74854833012796
348,9981.473148982714,9981.473543494,9981.473543494,9981.474460665,9981.495281493,0,COMPLETED,True,0.39451128577638883,0.9171710007649381,20.820828000069014,22.13251028661034
349,9981.474973776065,9981.475190122,9981.475190122,9981.475876852,9981.494949791,3,COMPLETED,True,0.21634593576891348,0.6867299998702947,19.07293899967044,19.97601493530965
350,9981.477820669801,9981.477972467,9981.477972467,9981.479171254,9981.498643368,1,COMPLETED,True,0.15179719957814086,1.1987870002485579,19.47211399965454,20.822698199481238
351,9981.479576062835,9981.479730457,9981.479730457,9981.495434767,9981.508712485,3,COMPLETED,True,0.15439416529261507,15.704309998909594,13.27771800060873,29.136422164810938
352,9981.510182051825,9981.510270073,9981.510270073,9981.510820681,9981.525107548,0,COMPLETED,True,0.08802117554296274,0.5506079996848712,14.286866999100312,14.925496174328146
353,9981.51992600469,9981.520041865,9981.520041865,9981.520648924,9981.53802357,2,COMPLETED,True,0.1158603099611355,0.6070590006856946,17.374645998643246,18.097565309290076
354,9981.524235339793,9981.524350029,9981.524350029,9981.524907227,9981.54200498,1,COMPLETED,True,0.1146892063843552,0.5571980000240728,17.097752999688964,17.769640206097392
355,9981.574651382945,9981.574756848,9981.574756848,9981.575579122,9981.590112783,3,COMPLETED,True,0.10546505473030265,0.8222739998018369,14.533661000314169,15.461400054846308
356,9981.603035744187,9981.603214719,9981.603214719,9981.604237864,9981.623821072,0,COMPLETED,True,0.17897481302497908,1.0231449996354058,19.583208000767627,20.78532781342801
357,9981.603978559759,9981.604079899,9981.604079899,9981.604692939,9981.624471166,2,COMPLETED,True,0.10133924115507398,0.6130399997346103,19.7782270006428,20.492606241532485
358,9981.606142990939,9981.606377411,9981.606377411,9981.607152229,9981.625856167,1,COMPLETED,True,0.23442006204277277,0.7748179996269755,18.703937999816844,19.713176061486593
359,9981.609732918985,9981.609886824,9981.609886824,9981.610704503,9981.630088977,3,COMPLETED,True,0.15390501539513934,0.8176789997378364,19.384473998798057,20.356058013931033
360,9981.61738935036,9981.617601602,9981.617601602,9981.624109522,9981.639072011,0,COMPLETED,True,0.21225163982308004,6.507919999421574,14.962489000026835,21.68266063927149
361,9981.620642806405,9981.620860618,9981.620860618,9981.624977047,9981.639516049,2,COMPLETED,True,0.21781159557576757,4.116428999623167,14.539001998855383,18.873242594054318
362,9981.626138807998,9981.626330838,9981.626330838,9981.627132027,9981.641250299,1,COMPLETED,True,0.19203000192646869,0.8011890004127054,14.118271999905119,15.111491002244293
363,9981.638022990906,9981.638197389,9981.638197389,9981.639170515,9981.658344517,3,COMPLETED,True,0.17439809380448423,0.9731259997352026,19.174001999999746,20.321526093539433
364,9981.644082840363,9981.644224627,9981.644224627,9981.644663914,9981.658400667,0,COMPLETED,True,0.14178663695929572,0.4392869996081572,13.736753000557655,14.317826637125108
365,9981.662734621195,9981.662908958,9981.662908958,9981.663592438,9981.677321625,2,COMPLETED,True,0.17433680477552116,0.6834800005890429,13.729186999626108,14.587003804990673
366,9981.694099437715,9981.694191605,9981.694191605,9981.694857409,9981.711105138,1,COMPLETED,True,0.09216728540195618,0.6658040001639165,16.247728999587707,17.00570028515358
367,9981.699041162996,9981.6991726,9981.6991726,9981.69974856,9981.713548156,0,COMPLETED,True,0.1314370038016932,0.5759600007877452,13.799595999444136,14.506993004033575
368,9981.69926100118,9981.699634425,9981.699634425,9981.700278727,9981.714844148,3,COMPLETED,True,0.37342381983762607,0.6443019992730115,14.565421000952483,15.58314682006312
369,9981.703171947851,9981.703288155,9981.703288155,9981.704055637,9981.718192724,2,COMPLETED,True,0.11620714940363541,0.7674819989915704,14.137087000563042,15.020776148958248
370,9981.713037594975,9981.71314123,9981.71314123,9981.713937111,9981.730735046,1,COMPLETED,True,0.10363502588006668,0.7958810001582606,16.797934998976416,17.697451025014743
371,9981.713472468135,9981.71356601,9981.71356601,9981.713872625,9981.728096256,0,COMPLETED,True,0.09354186477139592,0.30661500022688415,14.223631000277237,14.623787865275517
372,9981.71748132525,9981.71764345,9981.71764345,9981.718083883,9981.732230012,3,COMPLETED,True,0.16212475020438433,0.44043300113116857,14.146128998618224,14.748686749953777
373,9981.73770455826,9981.737794019,9981.737794019,9981.738619961,9981.753309124,2,COMPLETED,True,0.08946074012783356,0.8259419992100447,14.68916300109413,15.604565740432008
374,9981.742795297723,9981.742955045,9981.742955045,9981.743849941,9981.759005581,0,COMPLETED,True,0.1597472764842678,0.8948960003181128,15.155639999647974,16.210283276450355
375,9981.742900289624,9981.743046317,9981.743046317,9981.744132046,9981.760325881,1,COMPLETED,True,0.14602737610402983,1.0857289998966735,16.193834999285173,17.425591375285876
376,9981.757568579904,9981.757710852,9981.757710852,9981.75841011,9981.771950906,3,COMPLETED,True,0.14227209612727165,0.6992580001679016,13.540796000597766,14.382326096892939
377,9981.764415474254,9981.764526108,9981.764526108,9981.765220154,9981.778635185,2,COMPLETED,True,0.11063374586228747,0.6940460007172078,13.415031000477029,14.219710747056524
378,9981.77387778327,9981.773995707,9981.773995707,9981.774620003,9981.788566977,0,COMPLETED,True,0.11792373152275104,0.6242959989322117,13.94697400064615,14.689193731101113
379,9981.77409109591,9981.774112087,9981.774112087,9981.774699076,9981.788360777,1,COMPLETED,True,0.02099109042319469,0.5869890010217205,13.661700999364257,14.269681090809172
380,9981.776126685974,9981.776287339,9981.776287339,9981.77669959,9981.790516761,3,COMPLETED,True,0.1606530258868588,0.41225099994335324,13.817171000482631,14.390075026312843
381,9981.781217542039,9981.781333322,9981.781333322,9981.782003336,9981.795882612,2,COMPLETED,True,0.11577996156120207,0.6700140002067201,13.879275998988305,14.665069960756227
382,9981.79815773449,9981.79828954,9981.79828954,9981.798950378,9981.812044092,1,COMPLETED,True,0.13180550922697876,0.6608380008401582,13.093713998387102,13.886357508454239
383,9981.808407786626,9981.808567837,9981.808567837,9981.809331351,9981.829753457,0,COMPLETED,True,0.16005037468858063,0.763513999118004,20.422105999386986,21.34567037319357
384,9981.815866819115,9981.815976495,9981.815976495,9981.816674904,9981.834758355,3,COMPLETED,True,0.10967588423227426,0.6984089995967224,18.083451001075446,18.891535884904442
385,9981.82723346056,9981.8273594,9981.8273594,9981.82797914,9981.841917677,2,COMPLETED,True,0.1259394393855473,0.6197399998200126,13.938537000285578,14.684216439491138
386,9981.82797547851,9981.828093138,9981.828093138,9981.828541999,9981.845112631,1,COMPLETED,True,0.11765948875108734,0.44886100113217253,16.57063199854747,17.13715248843073
387,9981.832842193338,9981.833058928,9981.833058928,9981.833643275,9981.847710085,0,COMPLETED,True,0.21673466108040884,0.5843470007675933,14.066809999349061,14.867891661197064
388,9981.836401256469,9981.836581991,9981.836581991,9981.837254534,9981.855223455,3,COMPLETED,True,0.1807345306588104,0.6725430012011202,17.968920999919646,18.822198531779577
389,9981.837510451773,9981.837698622,9981.837698622,9981.842116472,9981.855707161,2,COMPLETED,True,0.188170226465445,4.417850001118495,13.590688999101985,18.196709226685925
390,9981.858420541195,9981.858526173,9981.858526173,9981.859278366,9981.872788488,1,COMPLETED,True,0.10563180512690451,0.7521930001530563,13.510122000297997,14.367946805577958
391,9981.865912031351,9981.866035585,9981.866035585,9981.866535668,9981.880461507,0,COMPLETED,True,0.12355364924587775,0.5000829987693578,13.925839000876294,14.54947564889153
392,9981.87459179113,9981.874842487,9981.874842487,9981.875462172,9981.889028985,3,COMPLETED,True,0.2506958699086681,0.619685000856407,13.566813000579714,14.437193871344789
393,9981.890181141285,9981.890331136,9981.890331136,9981.890925982,9981.910283119,2,COMPLETED,True,0.14999471568444278,0.5948459984210785,19.357137000042712,20.101977714148234
394,9981.909126418497,9981.909313567,9981.909313567,9981.910002412,9981.923841316,1,COMPLETED,True,0.1871485019364627,0.6888450006954372,13.83890400029486,14.71489750292676
395,9981.909272109378,9981.90941487,9981.90941487,9981.910111169,9981.923766951,0,COMPLETED,True,0.14276062211138196,0.6962989991734503,13.655782000569161,14.494841621853993
396,9981.918489963706,9981.9186265,9981.9186265,9981.919537998,9981.939096864,3,COMPLETED,True,0.13653629503096454,0.911497998458799,19.55886600080703,20.606900294296793
397,9981.922986898677,9981.923062593,9981.923062593,9981.92377878,9981.938007515,2,COMPLETED,True,0.07569432273157872,0.7161869998526527,14.228735000870074,15.020616323454306
398,9981.928114369859,9981.928227617,9981.928227617,9981.928910989,9981.942540228,0,COMPLETED,True,0.1132471406890545,0.6833719999121968,13.62923899978341,14.425858140384662
399,9981.935424972135,9981.935586666,9981.935586666,9981.936505511,9981.955173246,1,COMPLETED,True,0.16169386617548298,0.9188449985231273,18.667735001145047,19.748273865843657
400,9981.941796216413,9981.941992609,9981.941992609,9981.942684596,9981.956642256,2,COMPLETED,True,0.1963925860763993,0.6919870011188323,13.957659999505267,14.846039586700499
401,9981.942534458143,9981.942665261,9981.942665261,9981.943227471,9981.959803191,3,COMPLETED,True,0.13080285680189263,0.5622099997708574,16.575720001128502,17.268732857701252
402,9981.949246649103,9981.949431536,9981.949431536,9981.950163207,9981.965293607,0,COMPLETED,True,0.18488689784135204,0.7316709998121951,15.130399999179645,16.04695789683319
403,9981.961351208995,9981.961463785,9981.961463785,9981.962168893,9981.975405323,1,COMPLETED,True,0.11257600635872222,0.7051079992379528,13.236430000688415,14.05411400628509
404,9981.974032865544,9981.974130431,9981.974130431,9981.974913749,9981.988163422,2,COMPLETED,True,0.09756545478012413,0.78331800068554,13.24967300024582,14.130556455711485
405,9981.99088046115,9981.99095023,9981.99095023,9981.991934812,9982.010667845,3,COMPLETED,True,0.06976885015319567,0.9845820004557027,18.733032999080024,19.787383849688922
406,9981.99554554705,9981.995632937,9981.995632937,9981.996339705,9982.011104073,0,COMPLETED,True,0.08738994984014425,0.7067679998726817,14.76436800112424,15.558525950837065
407,9982.005549052652,9982.005658943,9982.005658943,9982.006207928,9982.021420985,1,COMPLETED,True,0.10989034853992052,0.5489849991135998,15.213057000437402,15.871932348090922
408,9982.009149770338,9982.009269204,9982.009269204,9982.009924056,9982.02939959,2,COMPLETED,True,0.11943366189370863,0.6548519995703828,19.475533999866457,20.249819661330548
409,9982.009523758878,9982.009613246,9982.009613246,9982.010857653,9982.027888713,3,COMPLETED,True,0.08948712275014259,1.2444069998309715,17.031060000590514,18.36495412317163
410,9982.010099427745,9982.010184231,9982.010184231,9982.011278937,9982.026585187,0,COMPLETED,True,0.08480325413984247,1.094706000003498,15.306250001231092,16.485759255374433
411,9982.023162385038,9982.023352071,9982.023352071,9982.024263269,9982.039716753,1,COMPLETED,True,0.18968596305057872,0.9111979998124298,15.453484000317985,16.554367963180994
412,9982.040879371287,9982.040989494,9982.040989494,9982.041429872,9982.05518741,0,COMPLETED,True,0.11012271352228709,0.44037800034857355,13.757537999481428,14.308038713352289
413,9982.056229380623,9982.056321231,9982.056321231,9982.056778098,9982.070267478,3,COMPLETED,True,0.09185037743009161,0.45686699922953267,13.489380000464735,14.038097377124359
414,9982.059137897866,9982.059241046,9982.059241046,9982.05968162,9982.073535164,2,COMPLETED,True,0.10314813334844075,0.4405740000947844,13.853544000085094,14.39726613352832
415,9982.077708610825,9982.077797925,9982.077797925,9982.078297288,9982.091916517,1,COMPLETED,True,0.08931417505664285,0.49936300092667807,13.619228999232291,14.207906175215612
416,9982.084042392751,9982.08417163,9982.08417163,9982.084747882,9982.09865642,0,COMPLETED,True,0.1292372489842819,0.5762519995187176,13.908537999668624,14.614027248171624
417,9982.08710794432,9982.087225455,9982.087225455,9982.087717761,9982.101768654,3,COMPLETED,True,0.11751067904697265,0.49230600052396767,14.050892999875941,14.660709679446882
418,9982.089303412245,9982.089495001,9982.089495001,9982.089918355,9982.103816254,2,COMPLETED,True,0.19158875511493534,0.4233539984852541,13.897899001676706,14.512841755276895
419,9982.098171695425,9982.098393107,9982.098393107,9982.099112554,9982.113084787,1,COMPLETED,True,0.2214115756942192,0.7194469999376452,13.9722330004588,14.913091576090665
420,9982.100722870704,9982.100877932,9982.100877932,9982.101585307,9982.11606299,0,COMPLETED,True,0.15506129602727015,0.7073750002746237,14.477683000222896,15.34011929652479
421,9982.103058108254,9982.103145893,9982.103145893,9982.103518147,9982.117513189,3,COMPLETED,True,0.08778474511927925,0.3722540004673647,13.995041999805835,14.455080745392479
422,9982.103412116163,9982.103517723,9982.103517723,9982.104194408,9982.118150737,2,COMPLETED,True,0.10560683767835144,0.6766850001440616,13.956328999483958,14.738620837306371
423,9982.109359193008,9982.109464545,9982.109464545,9982.113263746,9982.126857645,1,COMPLETED,True,0.10535199180594645,3.7992010002199095,13.593899000625242,17.4984519926511
424,9982.110373328314,9982.110462391,9982.110462391,9982.116374819,9982.129990785,0,COMPLETED,True,0.08906268521968741,5.912427999646752,13.615966001452762,19.6174566863192
425,9982.119144371638,9982.119230845,9982.119230845,9982.119821785,9982.133364557,3,COMPLETED,True,0.0864733628986869,0.590939998801332,13.542771999709657,14.220185361409676
426,9982.130086970232,9982.130181565,9982.130181565,9982.130731184,9982.144543705,2,COMPLETED,True,0.0945947685977444,0.5496189987752587,13.812521001455025,14.456734768828028
427,9982.134293564784,9982.134406484,9982.134406484,9982.134933438,9982.148898991,1,COMPLETED,True,0.11291921509837266,0.5269539997243555,13.96555300016189,14.605426214984618
428,9982.134515601083,9982.134682619,9982.134682619,9982.135056702,9982.150444815,0,COMPLETED,True,0.16701791719242465,0.37408299976959825,15.388113000881276,15.929213917843299
429,9982.136830312173,9982.136852014,9982.136852014,9982.137209103,9982.150702834,3,COMPLETED,True,0.02170182779082097,0.3570890003175009,13.493730999471154,13.872521827579476
430,9982.15533500696,9982.155426078,9982.155426078,9982.155859003,9982.169653997,2,COMPLETED,True,0.0910710386961,0.432925000495743,13.794993999908911,14.318990039100754
431,9982.156083569836,9982.156176283,9982.156176283,9982.156586184,9982.170460717,1,COMPLETED,True,0.09271316412196029,0.40990100023918785,13.874532998670475,14.377147163031623
432,9982.160776743998,9982.160902411,9982.160902411,9982.161370441,9982.175791191,3,COMPLETED,True,0.12566700206662063,0.4680299989558989,14.420750001590932,15.014447002613451
433,9982.178665322368,9982.178757455,9982.178757455,9982.179303287,9982.200365246,0,COMPLETED,True,0.09213263183482923,0.5458319992612815,21.06195900159946,21.699923632695572
434,9982.180742444143,9982.18082833,9982.18082833,9982.181234697,9982.194419532,2,COMPLETED,True,0.08588585660618264,0.40636700032337103,13.18483499926515,13.677087856194703
435,9982.181018220908,9982.181099997,9982.181099997,9982.181494338,9982.202514564,1,COMPLETED,True,0.08177609197446145,0.3943409992643865,21.020226000473485,21.496343091712333
436,9982.198257036198,9982.198353602,9982.198353602,9982.198966253,9982.212819288,3,COMPLETED,True,0.09656580186856445,0.612650999755715,13.853035001375247,14.562251802999526
437,9982.201957464906,9982.202089105,9982.202089105,9982.202618589,9982.216526126,2,COMPLETED,True,0.1316400939685991,0.5294840011629276,13.907536998885917,14.568661094017443
438,9982.204215129463,9982.204287927,9982.204287927,9982.204730026,9982.218308651,0,COMPLETED,True,0.07279753663169686,0.4420990007929504,13.57862499935436,14.093521536779008
439,9982.228217326818,9982.228313728,9982.228313728,9982.228757145,9982.243313435,1,COMPLETED,True,0.09640118150855415,0.44341700049699284,14.556289999745786,15.096108181751333
440,9982.22986135833,9982.229950559,9982.229950559,9982.230335753,9982.243679494,3,COMPLETED,True,0.08920067011786159,0.38519400004588533,13.343741000426235,13.818135670589982
441,9982.244834231135,9982.24496098,9982.24496098,9982.245457525,9982.260855992,2,COMPLETED,True,0.12674886602326296,0.4965449988958426,15.398467001432437,16.021760866351542
442,9982.255541843617,9982.255613545,9982.255613545,9982.256189018,9982.271212703,0,COMPLETED,True,0.07170138269430026,0.5754730009357445,15.023685000414844,15.670859384044888
443,9982.260894342,9982.260992014,9982.260992014,9982.261650993,9982.277422976,1,COMPLETED,True,0.09767200026544742,0.6589789991267025,15.771983000377077,16.528633999769227
444,9982.301452559737,9982.301500832,9982.301500832,9982.302053473,9982.315691578,3,COMPLETED,True,0.04827226257475559,0.5526410004677018,13.638104999699863,14.23901826274232
445,9982.312608829321,9982.31270362,9982.31270362,9982.313435337,9982.332167795,2,COMPLETED,True,0.0947906792134745,0.7317170002352213,18.73245800015866,19.558965679607354
446,9982.321385435458,9982.321479719,9982.321479719,9982.322114993,9982.340074402,0,COMPLETED,True,0.09428354132978711,0.6352740001602797,17.95940900046844,18.688966541958507
447,9982.321643627618,9982.321798504,9982.321798504,9982.322179076,9982.335767084,1,COMPLETED,True,0.15487638120248448,0.380572000722168,13.588007999715046,14.123456381639699
448,9982.323298036992,9982.323425033,9982.323425033,9982.324110584,9982.338038826,3,COMPLETED,True,0.12699600847554393,0.6855510000605136,13.928241998655722,14.740789007191779
449,9982.326968689415,9982.327155019,9982.327155019,9982.33236938,9982.34711304,2,COMPLETED,True,0.18632958563102875,5.214360999161727,14.743660000021919,20.144350584814674
450,9982.339002580567,9982.339164357,9982.339164357,9982.339865999,9982.353635534,1,COMPLETED,True,0.16177643192349933,0.7016420004219981,13.769535000392352,14.63295343273785
451,9982.350447500103,9982.350634771,9982.350634771,9982.351302167,9982.364897455,3,COMPLETED,True,0.1872708980954485,0.6673959996987833,13.595287999123684,14.449954896917916
452,9982.351979433635,9982.35214046,9982.35214046,9982.352856886,9982.366384034,0,COMPLETED,True,0.16102636436698958,0.7164260005083634,13.527147999411682,14.404600364287035
453,9982.353382928219,9982.353524608,9982.353524608,9982.3541357,9982.374913289,2,COMPLETED,True,0.14167978042678442,0.6110920003266074,20.77758900122717,21.530360781980562
454,9982.356528468532,9982.356698242,9982.356698242,9982.357244345,9982.375481011,1,COMPLETED,True,0.1697734678600682,0.5461029995785793,18.236666001030244,18.95254246846889
455,9982.364175822075,9982.364277674,9982.364277674,9982.365129588,9982.378879148,3,COMPLETED,True,0.10185192513745278,0.851914001032128,13.749559999268968,14.703325925438548
456,9982.366623105434,9982.366745043,9982.366745043,9982.367394135,9982.38597211,0,COMPLETED,True,0.12193756629130803,0.6490920004580403,18.577974999061553,19.3490045658109
457,9982.379997181537,9982.380123619,9982.380123619,9982.380598634,9982.393964952,2,COMPLETED,True,0.12643746231333353,0.47501500012003817,13.366318000407773,13.967770462841145
458,9982.380173677271,9982.38018511,9982.38018511,9982.380681494,9982.393975425,1,COMPLETED,True,0.011432728570071049,0.49638400014373474,13.29393100058951,13.801747729303315
459,9982.42314297218,9982.423316201,9982.423316201,9982.424210272,9982.440196857,3,COMPLETED,True,0.1732288201310439,0.894070999493124,15.986585000064224,17.053884819688392
460,9982.424046334283,9982.424188852,9982.424188852,9982.424836753,9982.4441633,0,COMPLETED,True,0.14251771608542185,0.647901000775164,19.3265470006736,20.116965717534185
461,9982.42450652628,9982.424640122,9982.424640122,9982.425060401,9982.438875083,1,COMPLETED,True,0.13359572039917111,0.42027899871754926,13.814682000884204,14.368556720000925
462,9982.431873072988,9982.431978172,9982.431978172,9982.432718456,9982.451496955,2,COMPLETED,True,0.10509901221666951,0.7402840001304867,18.778498999381554,19.62388201172871
463,9982.43625379564,9982.436443246,9982.436443246,9982.439073294,9982.45317913,1,COMPLETED,True,0.18945036026707385,2.630047998536611,14.105836000453564,16.92533435925725
464,9982.441673008572,9982.441829695,9982.441829695,9982.44247319,9982.458506494,3,COMPLETED,True,0.1566864284541225,0.6434949991671601,16.03330400030245,16.833485427923733
465,9982.442484215937,9982.442679437,9982.442679437,9982.4446165,9982.459176855,0,COMPLETED,True,0.1952210623130668,1.9370630016055657,14.560354999048286,16.69263906296692
466,9982.450900350963,9982.451071014,9982.451071014,9982.451881922,9982.466541395,2,COMPLETED,True,0.17066303735191468,0.8109079990390455,14.659473001302104,15.641044037693064
467,9982.452572582964,9982.452771378,9982.452771378,9982.453524619,9982.467237514,1,COMPLETED,True,0.19879503634001594,0.7532409999839729,13.712894999116543,14.664931035440532
468,9982.461151488482,9982.461421531,9982.461421531,9982.462358299,9982.476106477,3,COMPLETED,True,0.2700425175135024,0.9367680013383506,13.748177998422761,14.954988517274614
469,9982.465549135766,9982.465810398,9982.465810398,9982.466728197,9982.484399039,0,COMPLETED,True,0.2612622338347137,0.9177989995805547,17.670842000370612,18.84990323378588
470,9982.483857222036,9982.483978353,9982.483978353,9982.484705527,9982.498713862,2,COMPLETED,True,0.12113096454413608,0.7271739996213,14.008334999743965,14.856639963909402
471,9982.484570592114,9982.484692218,9982.484692218,9982.485417478,9982.498987114,1,COMPLETED,True,0.12162588609498926,0.7252599989442388,13.56963600119343,14.416521886232658
472,9982.487581749765,9982.48766436,9982.48766436,9982.488383813,9982.502145879,3,COMPLETED,True,0.08261023504019249,0.7194530007836875,13.762065998889739,14.564129234713619
473,9982.494575084935,9982.494678068,9982.494678068,9982.495425929,9982.509196331,0,COMPLETED,True,0.10298306551703718,0.7478610004909569,13.77040199986368,14.621246065871674
474,9982.496923563032,9982.497083502,9982.497083502,9982.499033662,9982.512285473,2,COMPLETED,True,0.15993896704458166,1.9501599999784958,13.251811000372982,15.361909967396059
475,9982.516381312003,9982.516473733,9982.516473733,9982.516939508,9982.530961068,1,COMPLETED,True,0.09242099622497335,0.4657749996113125,14.021560000401223,14.579755996237509
476,9982.516658632096,9982.516768111,9982.516768111,9982.517053507,9982.530606056,3,COMPLETED,True,0.10947890405077487,0.2853959995263722,13.552549000451108,13.947423904028255
477,9982.519786078745,9982.519883109,9982.519883109,9982.520584539,9982.534815349,0,COMPLETED,True,0.09703025534690823,0.7014299990260042,14.230810000299243,15.029270254672156
478,9982.523044127018,9982.523153874,9982.523153874,9982.523773799,9982.537923962,2,COMPLETED,True,0.10974698307109065,0.6199249983183108,14.150163000522298,14.8798349819117
479,9982.524239158152,9982.524424153,9982.524424153,9982.531064016,9982.545598922,3,COMPLETED,True,0.18499484758649487,6.639863000600599,14.534906000335468,21.35976384852256
480,9982.531964385853,9982.532131939,9982.532131939,9982.532828493,9982.551269637,1,COMPLETED,True,0.1675531475484604,0.6965539996599546,18.441144000462373,19.305251147670788
481,9982.54116029502,9982.541277609,9982.541277609,9982.541745426,9982.555221146,0,COMPLETED,True,0.11731397898984142,0.4678170007537119,13.475719999405555,14.060850979149109
482,9982.546294401109,9982.546424329,9982.546424329,9982.546884803,9982.566012995,2,COMPLETED,True,0.1299278919759672,0.4604739988280926,19.128191999698174,19.718593890502234
483,9982.54656240865,9982.546685355,9982.546685355,9982.546903262,9982.560372391,3,COMPLETED,True,0.12294635052967351,0.21790699975099415,13.469129000441171,13.809982350721839
484,9982.551336951483,9982.551431076,9982.551431076,9982.552283174,9982.572703697,1,COMPLETED,True,0.09412451800017152,0.8520979990862543,20.420523000211688,21.366745517298114
485,9982.551562825083,9982.551939708,9982.551939708,9982.555585696,9982.569752884,0,COMPLETED,True,0.3768829174077837,3.6459879993344657,14.16718799919181,18.19005891593406
486,9982.560104672659,9982.56023887,9982.56023887,9982.560720525,9982.574391401,3,COMPLETED,True,0.1341973420494469,0.4816549990209751,13.670876000105636,14.286728341176058
487,9982.562069982168,9982.562225933,9982.562225933,9982.566350529,9982.581487043,2,COMPLETED,True,0.15595083095831797,4.124596000110614,15.136514000914758,19.41706083198369
488,9982.562187572277,9982.562311717,9982.562311717,9982.57010741,9982.583559182,0,COMPLETED,True,0.12414472257660236,7.795692999934545,13.451771999825723,21.37160972233687
489,9982.578202812301,9982.578309374,9982.578309374,9982.579027737,9982.592923316,1,COMPLETED,True,0.1065616979758488,0.7183630004874431,13.895579000745784,14.720503699209075
490,9982.609627188598,9982.609738343,9982.609738343,9982.610536747,9982.62473386,3,COMPLETED,True,0.11115440247522201,0.7984040003066184,14.197112999681849,15.10667140246369
491,9982.616485344266,9982.616690026,9982.616690026,9982.617326332,9982.631345433,2,COMPLETED,True,0.2046817335212836,0.6363060001604026,14.01910099957604,14.860088733257726
492,9982.617856124196,9982.618016257,9982.618016257,9982.618674432,9982.632752354,0,COMPLETED,True,0.16013280401239172,0.6581750003533671,14.07792200006952,14.89622980443528
493,9982.625025427207,9982.625171457,9982.625171457,9982.625862683,9982.639322151,1,COMPLETED,True,0.14602979354094714,0.6912259996170178,13.459468000291963,14.296723793449928
494,9982.629576154088,9982.629700508,9982.629700508,9982.630476685,9982.64612962,3,COMPLETED,True,0.12435391181497835,0.7761770011711633,15.652934998797718,16.55346591178386
495,9982.63553749432,9982.635696721,9982.635696721,9982.636187728,9982.649917183,2,COMPLETED,True,0.15922667989798356,0.49100700016424526,13.72945500042988,14.379688680492109
496,9982.652880415199,9982.652988687,9982.652988687,9982.653632963,9982.670020771,0,COMPLETED,True,0.108271800854709,0.6442760004574666,16.387808000217774,17.14035580152995
497,9982.660644914991,9982.660735606,9982.660735606,9982.661136189,9982.674493047,1,COMPLETED,True,0.09069100815395359,0.40058300146483816,13.356857998587657,13.848132008206449
498,9982.670872180035,9982.671054569,9982.671054569,9982.671594735,9982.685677484,3,COMPLETED,True,0.18238896518596448,0.540166000064346,14.082748999499017,14.805303964749328
499,9982.67623324544,9982.676327988,9982.676327988,9982.676775276,9982.690367788,2,COMPLETED,True,0.0947425596677931,0.4472880009416258,13.592511999377166,14.134542559986585
500,9982.696331282652,9982.696433104,9982.696433104,9982.696864611,9982.710346913,0,COMPLETED,True,0.10182134792557918,0.4315070000302512,13.48230199982936,14.01563034778519
501,9982.697043437178,9982.697136528,9982.697136528,9982.697576117,9982.711948664,1,COMPLETED,True,0.09309082270192448,0.4395889991428703,14.372547000675695,14.90522682252049
502,9982.706892753402,9982.706997968,9982.706997968,9982.707598206,9982.721027691,3,COMPLETED,True,0.10521459807932843,0.6002379996061791,13.429484999505803,14.13493759719131
503,9982.721093430659,9982.721203472,9982.721203472,9982.721821673,9982.735514704,2,COMPLETED,True,0.11004134103131946,0.6182010001793969,13.69303100000252,14.421273341213237
504,9982.722165563737,9982.722274316,9982.722274316,9982.722632292,9982.735951857,0,COMPLETED,True,0.10875226325879339,0.3579759995773202,13.319564999619615,13.786293262455729
505,9982.733660694477,9982.733800675,9982.733800675,9982.734493911,9982.754626204,1,COMPLETED,True,0.13998052236274816,0.69323600109783,20.132292998823687,20.965509522284265
506,9982.734016927314,9982.734141419,9982.734141419,9982.734491994,9982.748350042,3,COMPLETED,True,0.12449168571038172,0.3505750009935582,13.858047999747214,14.333114686451154
507,9982.737786265661,9982.737906702,9982.737906702,9982.738295907,9982.756449394,2,COMPLETED,True,0.120436337965657,0.3892050008289516,18.153487000745372,18.66312833953998
508,9982.742433046138,9982.7425192,9982.7425192,9982.742845465,9982.756306947,0,COMPLETED,True,0.08615386104793288,0.3262650006945478,13.461481999911484,13.873900861653965
509,9982.744167286115,9982.744251955,9982.744251955,9982.748676997,9982.761761006,3,COMPLETED,True,0.08466888539260253,4.425041999638779,13.084009000522201,17.593719885553583
510,9982.754702651731,9982.754760171,9982.754760171,9982.755282833,9982.770491702,1,COMPLETED,True,0.057519268011674285,0.5226620014582295,15.208868999252445,15.789050268722349
511,9982.766376030419,9982.766469497,9982.766469497,9982.766952786,9982.782009888,0,COMPLETED,True,0.09346658225695137,0.48328899902116973,15.057102000355371,15.633857581633492
512,9982.78419072827,9982.784307597,9982.784307597,9982.784829605,9982.798165024,2,COMPLETED,True,0.11686873040162027,0.5220080001890892,13.335419000213733,13.974295730804442
513,9982.786946012307,9982.787092951,9982.787092951,9982.787494984,9982.800941369,3,COMPLETED,True,0.1469386934331851,0.4020329997729277,13.446384999042493,13.995356692248606
514,9982.787380512833,9982.78751349,9982.78751349,9982.78803862,9982.801909952,1,COMPLETED,True,0.13297716759552713,0.5251299990050029,13.871332001144765,14.529439167745295
515,9982.817404259624,9982.817645947,9982.817645947,9982.818351528,9982.837817061,0,COMPLETED,True,0.24168737581931055,0.7055810001475038,19.465532999674906,20.41280137564172
516,9982.819407148892,9982.819651906,9982.819651906,9982.820233484,9982.833502525,2,COMPLETED,True,0.24475710779370274,0.5815780004922999,13.269040999148274,14.095376107434276
517,9982.825350692648,9982.825526303,9982.825526303,9982.826138603,9982.839619306,3,COMPLETED,True,0.17561035201651976,0.6123000002844492,13.48070299900428,14.268613351305248
518,9982.830714021666,9982.830873396,9982.830873396,9982.831498548,9982.850333725,1,COMPLETED,True,0.159374334543827,0.6251519989746157,18.835177001164993,19.619703334683436
519,9982.837590066769,9982.837620172,9982.837620172,9982.838216992,9982.851996476,2,COMPLETED,True,0.03010523141711019,0.5968200002826052,13.779483999314834,14.40640923101455
520,9982.838033272179,9982.838329211,9982.838329211,9982.838719049,9982.854046414,0,COMPLETED,True,0.2959388202725677,0.38983800004643854,15.327365001212456,16.013141821531462
521,9982.841679371482,9982.841786421,9982.841786421,9982.842239586,9982.855873233,3,COMPLETED,True,0.10704951819207054,0.45316499927139375,13.633647000460769,14.193861517924233
522,9982.856077099423,9982.856380339,9982.856380339,9982.856875765,9982.871130123,1,COMPLETED,True,0.30323957798827905,0.49542599845153745,14.254358000471257,15.053023576911073
523,9982.876033501761,9982.876164263,9982.876164263,9982.876877952,9982.895885496,2,COMPLETED,True,0.1307612383243395,0.7136889998946572,19.007544000487542,19.85199423870654
524,9982.878690624035,9982.878846431,9982.878846431,9982.8793576,9982.893725546,0,COMPLETED,True,0.15580696526740212,0.511169000674272,14.367945999765652,15.034921965707326
525,9982.882227083663,9982.88232475,9982.88232475,9982.882648576,9982.896278158,3,COMPLETED,True,0.09766633775143418,0.3238259996578563,13.62958199933928,14.05107433674857
526,9982.882612434936,9982.882718192,9982.882718192,9982.883168444,9982.898952762,1,COMPLETED,True,0.10575706437521148,0.4502519986999687,15.784318000442,16.34032706351718
527,9982.888837667026,9982.888943081,9982.888943081,9982.893928077,9982.907621245,0,COMPLETED,True,0.10541397386987228,4.984995999620878,13.693168000827427,18.783577974318177
528,9982.890239978522,9982.890329804,9982.890329804,9982.896087827,9982.910278222,2,COMPLETED,True,0.08982547842606436,5.7580230004532496,14.19039499887731,20.038243477756623
529,9982.90009776272,9982.900207739,9982.900207739,9982.90080974,9982.913982257,3,COMPLETED,True,0.10997627941833343,0.6020010005158838,13.172516999475192,13.88449427940941
530,9982.915350178286,9982.915433106,9982.915433106,9982.915816795,9982.929651774,1,COMPLETED,True,0.08292771417472977,0.38368900095520075,13.834978999511804,14.301595714641735
531,9982.91714864715,9982.91731417,9982.91731417,9982.917876157,9982.936876158,0,COMPLETED,True,0.16552284978388343,0.5619870007649297,19.000001000677003,19.727510851225816
532,9982.918849060423,9982.918983966,9982.918983966,9982.919498876,9982.932572677,2,COMPLETED,True,0.1349055764876539,0.5149099997652229,13.073801001155516,13.723616577408393
533,9982.922431844143,9982.922516982,9982.922516982,9982.922905623,9982.936269141,3,COMPLETED,True,0.08513785724062473,0.38864099951751996,13.363518000915064,13.83729685767321
534,9982.939864410775,9982.93995061,9982.93995061,9982.940455912,9982.954031962,1,COMPLETED,True,0.08619922482466791,0.5053019995102659,13.576049999755924,14.167551224090857
535,9982.941573706064,9982.941694752,9982.941694752,9982.942121325,9982.95548126,2,COMPLETED,True,0.12104593588446733,0.4265730003680801,13.359934999243706,13.907553935496253
536,9982.944329102056,9982.944413268,9982.944413268,9982.94467735,9982.958446719,3,COMPLETED,True,0.08416594391746912,0.2640820002852706,13.769368999419385,14.117616943622124
537,9982.945524231603,9982.945690567,9982.945690567,9982.946074504,9982.960183861,0,COMPLETED,True,0.16633539598842617,0.3839370001514908,14.109357000052114,14.659629396192031
538,9982.950608675728,9982.950776673,9982.950776673,9982.954251205,9982.967746743,1,COMPLETED,True,0.16799727200123016,3.474531999017927,13.495537999915541,17.138067270934698
539,9982.95184100874,9982.951988545,9982.951988545,9982.955870337,9982.969589529,2,COMPLETED,True,0.14753626055608038,3.8817919994471595,13.7191920002806,17.74852026028384
540,9982.957580417922,9982.95778804,9982.95778804,9982.958611152,9982.972637516,3,COMPLETED,True,0.20762207714142278,0.8231120009440929,14.026364000528702,15.057098078614217
541,9982.958091424875,9982.958238512,9982.958238512,9982.96048695,9982.974203667,0,COMPLETED,True,0.14708712478750385,2.2484380006062565,13.716716999624623,16.112242125018383
542,9982.964812041897,9982.964919023,9982.964919023,9982.968136129,9982.98149382,1,COMPLETED,True,0.10698110236262437,3.2171060011023656,13.357690999328042,16.681778102793032
543,9982.965777869249,9982.965932589,9982.965932589,9982.969984112,9982.983087855,2,COMPLETED,True,0.15471975166292395,4.051522999361623,13.103743000101531,17.309985751126078
544,9982.990936219527,9982.99102252,9982.99102252,9982.991413467,9983.004696905,3,COMPLETED,True,0.08630047341284808,0.39094699968700297,13.283438000144088,13.760685473243939
545,9982.994183350927,9982.994263555,9982.994263555,9982.99458052,9983.008687444,0,COMPLETED,True,0.08020407221920323,0.3169650008203462,14.106923999861465,14.504093072901014
546,9983.00386604523,9983.003968588,9983.003968588,9983.004624558,9983.023566069,1,COMPLETED,True,0.10254277003696188,0.6559699995705159,18.941510999866296,19.700023769473773
547,9983.016218915649,9983.01631951,9983.01631951,9983.016775033,9983.029922319,2,COMPLETED,True,0.10059435044240672,0.45552300070994534,13.147285999366431,13.703403350518784
548,9983.02608163936,9983.026205148,9983.026205148,9983.026677954,9983.041585256,3,COMPLETED,True,0.12350864017207641,0.47280599937948864,14.90730200021062,15.503616639762186
549,9983.031931586236,9983.032065595,9983.032065595,9983.032500874,9983.047847677,0,COMPLETED,True,0.13400876378000248,0.4352790001576068,15.346803000284126,15.916090764221735
550,9983.034828909087,9983.034944147,9983.034944147,9983.035694283,9983.049658458,1,COMPLETED,True,0.11523791363288183,0.7501359996240353,13.964174999273382,14.8295489125303
551,9983.038477842796,9983.038637825,9983.038637825,9983.039165537,9983.052842582,2,COMPLETED,True,0.15998220442270394,0.5277119998936541,13.677044998985366,14.364739203301724
552,9983.043128375863,9983.043297876,9983.043297876,9983.043820041,9983.057501687,3,COMPLETED,True,0.16950013741734438,0.5221650008024881,13.681645999895409,14.373311138115241
553,9983.047450162678,9983.047610306,9983.047610306,9983.048368841,9983.06332667,0,COMPLETED,True,0.16014332140912302,0.758535001295968,14.957829000195488,15.87650732290058
554,9983.054836366111,9983.054928407,9983.054928407,9983.055531013,9983.069074903,1,COMPLETED,True,0.09204088928527199,0.602606000029482,13.54388999970979,14.238536889024545
555,9983.05929398855,9983.059494086,9983.059494086,9983.060058184,9983.074003099,2,COMPLETED,True,0.2000974491238594,0.5640980016323738,13.944914999228786,14.709110449985019
556,9983.060902626923,9983.060997509,9983.060997509,9983.061376752,9983.075229952,3,COMPLETED,True,0.09488207615504507,0.3792430015892023,13.853200000085053,14.3273250778293
557,9983.06544744562,9983.065596813,9983.065596813,9983.066250488,9983.079757676,0,COMPLETED,True,0.14936737898096908,0.6536750006489456,13.507187999493908,14.310230379123823
558,9983.067745174772,9983.06787894,9983.06787894,9983.069435213,9983.084650097,1,COMPLETED,True,0.13376522838370875,1.5562729986413615,15.214884000670281,16.90492222769535
559,9983.068697523375,9983.068883116,9983.068883116,9983.074345263,9983.087833378,2,COMPLETED,True,0.18559262571216095,5.462146998979733,13.488115000654943,19.135854625346838
560,9983.077703574914,9983.077799816,9983.077799816,9983.078368668,9983.091544223,3,COMPLETED,True,0.09624108497519046,0.5688520013791276,13.17555499917944,13.840648085533758
561,9983.07928075812,9983.07947876,9983.07947876,9983.080141476,9983.093301129,0,COMPLETED,True,0.198001880562515,0.6627160000789445,13.159652999092941,14.0203708797344
562,9983.086245944596,9983.086394363,9983.086394363,9983.086935836,9983.106858973,1,COMPLETED,True,0.1484184031141922,0.5414730003394652,19.923137000660063,20.61302840411372
563,9983.089671848791,9983.089819344,9983.089819344,9983.090213641,9983.108607024,2,COMPLETED,True,0.14749520960322116,0.3942969997297041,18.393382999420282,18.935175208753208
564,9983.092249613657,9983.092400343,9983.092400343,9983.092836148,9983.110948313,3,COMPLETED,True,0.15072934183990583,0.43580500096140895,18.112165000275127,18.69869934307644
565,9983.110250839003,9983.110339524,9983.110339524,9983.110907345,9983.129520806,0,COMPLETED,True,0.08868499753589276,0.5678210000041872,18.613460999404197,19.269966996944277
566,9983.119981508366,9983.12006747,9983.12006747,9983.120450704,9983.13379271,1,COMPLETED,True,0.08596163388574496,0.3832340007647872,13.342005999220419,13.811201633870951
567,9983.123688896516,9983.123771446,9983.123771446,9983.124053683,9983.139643769,2,COMPLETED,True,0.08254948443209287,0.28223699882801156,15.590086000884185,15.954872484144289
568,9983.131724745608,9983.131818645,9983.131818645,9983.132393523,9983.148157359,3,COMPLETED,True,0.09389939259563107,0.5748779985879082,15.763836001497111,16.43261339268065
569,9983.135376636374,9983.135551463,9983.135551463,9983.13608064,9983.149442726,0,COMPLETED,True,0.1748266258800868,0.5291770012263441,13.362085999688134,14.066089626794565
570,9983.139914366244,9983.140026061,9983.140026061,9983.140812935,9983.154135816,1,COMPLETED,True,0.11169475692440756,0.7868739994592033,13.322880999112385,14.221449755495996
571,9983.165720070714,9983.165972131,9983.165972131,9983.166872587,9983.185936729,2,COMPLETED,True,0.25206028658431023,0.900455999726546,19.064141999479034,20.21665828578989
572,9983.185346771686,9983.185443187,9983.185443187,9983.186148435,9983.199094105,3,COMPLETED,True,0.0964153132372303,0.7052479995763861,12.94567000149982,13.747333314313437
573,9983.20058137442,9983.200821394,9983.200821394,9983.201595043,9983.219590214,0,COMPLETED,True,0.24001958081498742,0.7736489988019457,17.995170999711263,19.008839579328196
574,9983.213949483477,9983.214088971,9983.214088971,9983.214799839,9983.228565483,1,COMPLETED,True,0.13948752348369453,0.7108679983502952,13.765644000159227,14.615999521993217
575,9983.218163911302,9983.218380167,9983.218380167,9983.219151094,9983.232499396,2,COMPLETED,True,0.21625569752359297,0.7709269993938506,13.348301999940304,14.335484696857748
576,9983.220350750424,9983.220548785,9983.220548785,9983.221304048,9983.240085889,3,COMPLETED,True,0.19803457689704373,0.7552629995188909,18.78184099950886,19.735138575924793
577,9983.22671264436,9983.226969218,9983.226969218,9983.227822019,9983.241551622,0,COMPLETED,True,0.25657363948994316,0.8528010002919473,13.72960300068371,14.8389776404656
578,9983.227137038135,9983.227589694,9983.227589694,9983.22871459,9983.242005335,1,COMPLETED,True,0.45265586413734127,1.1248960017837817,13.290744998812443,14.868296864733566
579,9983.242533341145,9983.242786113,9983.242786113,9983.243542936,9983.256789113,2,COMPLETED,True,0.25277185523009393,0.7568229993921705,13.246177000837633,14.255771855459898
580,9983.249012116474,9983.249262163,9983.249262163,9983.249971711,9983.263186722,3,COMPLETED,True,0.2500465270713903,0.7095479995768983,13.215011000283994,14.174605526932282
581,9983.25246623418,9983.252665388,9983.252665388,9983.253258783,9983.266805806,0,COMPLETED,True,0.19915381926693954,0.593394999668817,13.547023001592606,14.339571820528363
582,9983.264254063417,9983.264431999,9983.264431999,9983.265176868,9983.278823815,1,COMPLETED,True,0.17793558254197706,0.7448690012097359,13.646946999870124,14.569751583621837
583,9983.265567662984,9983.265718484,9983.265718484,9983.266354943,9983.280853936,2,COMPLETED,True,0.15082101708685514,0.6364589989971137,14.4989929995063,15.286273015590268
584,9983.268353296457,9983.268511313,9983.268511313,9983.269372627,9983.288568896,3,COMPLETED,True,0.15801654262759257,0.8613140016677789,19.196268998712185,20.215599543007556
585,9983.276976304303,9983.277156341,9983.277156341,9983.277867059,9983.291366275,0,COMPLETED,True,0.18003669720201287,0.7107179990271106,13.49921600012749,14.389970696356613
586,9983.288312930596,9983.288407995,9983.288407995,9983.289202528,9983.302751052,1,COMPLETED,True,0.09506440437689889,0.7945329998619854,13.548524000725592,14.438121404964477
587,9983.289951879186,9983.290205776,9983.290205776,9983.291048442,9983.30455073,2,COMPLETED,True,0.2538968146836851,0.8426660006080056,13.502287998562679,14.59885081385437
588,9983.309858238557,9983.309995836,9983.309995836,9983.31071558,9983.32413131,3,COMPLETED,True,0.1375974425172899,0.7197440008894773,13.415729999906034,14.273071443312801
589,9983.312316123249,9983.312451071,9983.312451071,9983.313045229,9983.326239287,0,COMPLETED,True,0.1349477515759645,0.594158000239986,13.19405799949891,13.92316375131486
590,9983.31553388564,9983.315649964,9983.315649964,9983.316569053,9983.334043757,1,COMPLETED,True,0.11607836131588556,0.9190889995807083,17.474704000051133,18.509871360947727
591,9983.325101231132,9983.32520618,9983.32520618,9983.325824186,9983.339087595,2,COMPLETED,True,0.10494886737433262,0.618006000877358,13.26340900050127,13.98636386875296
592,9983.346235754025,9983.346355257,9983.346355257,9983.347007092,9983.360387691,3,COMPLETED,True,0.11950297448493075,0.6518350000987994,13.380599000811344,14.151936975395074
593,9983.347069857044,9983.347228745,9983.347228745,9983.34767844,9983.362287476,0,COMPLETED,True,0.15888795678620227,0.4496950004977407,14.609035999455955,15.217618956739898
594,9983.358710629258,9983.358874221,9983.358874221,9983.359740208,9983.375259906,1,COMPLETED,True,0.16359174151148181,0.8659869999974035,15.51969800129882,16.549276742807706
595,9983.364775784656,9983.364932041,9983.364932041,9983.365494608,9983.37897748,2,COMPLETED,True,0.15625634478055872,0.5625670000881655,13.482872000167845,14.201695345036569
596,9983.379406160266,9983.379680562,9983.379680562,9983.38036153,9983.393364017,3,COMPLETED,True,0.27440173471404705,0.6809679998696083,13.002486999539542,13.957856734123197
597,9983.380584282448,9983.380734413,9983.380734413,9983.381224211,9983.394959347,0,COMPLETED,True,0.15013055235613137,0.4897979997622315,13.735136000832426,14.37506455295079
598,9983.388456431081,9983.388617039,9983.388617039,9983.389291335,9983.403052481,1,COMPLETED,True,0.16060791858762968,0.6742959994880948,13.76114600134315,14.596049919418874
599,9983.390261011697,9983.390413358,9983.390413358,9983.391019833,9983.410308984,2,COMPLETED,True,0.15234630336635746,0.606474999585771,19.289150999611593,20.04797230256372
600,9983.391983482032,9983.392204674,9983.392204674,9983.39352292,9983.407693044,3,COMPLETED,True,0.22119196910352912,1.3182459988456685,14.170124000884243,15.709561968833441
601,9983.403492390697,9983.403773235,9983.403773235,9983.404217378,9983.417656304,0,COMPLETED,True,0.2808443041431019,0.44414299918571487,13.43892600016261,14.163913303491427
602,9983.424507975104,9983.424685072,9983.424685072,9983.425208388,9983.438738706,1,COMPLETED,True,0.17709689564071596,0.5233160009083804,13.530317999538966,14.230730896088062
603,9983.430829808149,9983.430982917,9983.430982917,9983.431476917,9983.444919903,3,COMPLETED,True,0.15310885100916494,0.4939999998896383,13.442986000882229,14.090094851781032
604,9983.433586496787,9983.433691954,9983.433691954,9983.434277839,9983.447639942,2,COMPLETED,True,0.10545721306698397,0.585884999964037,13.3621029999631,14.05344521299412
605,9983.438418456175,9983.438577726,9983.438577726,9983.439341668,9983.453021469,0,COMPLETED,True,0.15926982450764626,0.7639420000487007,13.679801000762382,14.603012825318729
606,9983.43877381688,9983.439136409,9983.439136409,9983.439728007,9983.459653671,1,COMPLETED,True,0.36259211992728524,0.5915980000281706,19.92566399894713,20.879854118902585
607,9983.440205677338,9983.440300681,9983.440300681,9983.445310973,9983.458707918,3,COMPLETED,True,0.09500366286374629,5.010291999496985,13.396944999840343,18.502240662201075
608,9983.446279996238,9983.446395698,9983.446395698,9983.447804312,9983.461625242,2,COMPLETED,True,0.11570176138775423,1.4086139999562874,13.82093000029272,15.345245761636761
609,9983.44870600367,9983.448795325,9983.448795325,9983.453245448,9983.466877939,0,COMPLETED,True,0.0893213309609564,4.450122998605366,13.632490999953006,18.17193532951933
610,9983.45161109782,9983.451728059,9983.451728059,9983.459105644,9983.472762455,3,COMPLETED,True,0.11696118053805549,7.377584999630926,13.656810999236768,21.15135717940575
611,9983.458552275071,9983.458659853,9983.458659853,9983.460059148,9983.473792173,1,COMPLETED,True,0.1075779291568324,1.3992949989187764,13.733024999964982,15.239897928040591
612,9983.459862371568,9983.460039906,9983.460039906,9983.46197152,9983.475661099,2,COMPLETED,True,0.17753443171386607,1.9316140005685156,13.689579000129015,15.798727432411397
613,9983.459866126159,9983.460115588,9983.460115588,9983.467238972,9983.480372214,0,COMPLETED,True,0.24946184021246154,7.123384000806254,13.133242000549217,20.506087841567933
614,9983.474469516741,9983.474569761,9983.474569761,9983.475109954,9983.488226738,3,COMPLETED,True,0.10024425864685327,0.5401930011430522,13.116783999066683,13.757221258856589
615,9983.477018202926,9983.47711253,9983.47711253,9983.477584235,9983.491260058,1,COMPLETED,True,0.09432707338419277,0.4717050014733104,13.675822998266085,14.241855073123588
616,9983.5061945466,9983.506377994,9983.506377994,9983.506835403,9983.520236512,2,COMPLETED,True,0.18344739874009974,0.4574090016831178,13.40110899946012,14.041965399883338
617,9983.509312756714,9983.50940417,9983.50940417,9983.509947353,9983.529229968,0,COMPLETED,True,0.09141328519035596,0.5431830013549188,19.282614999610814,19.91721128615609
618,9983.522678093525,9983.522766495,9983.522766495,9983.52325242,9983.536607842,3,COMPLETED,True,0.08840147529554088,0.48592500024824403,13.355421999222017,13.929748474765802
619,9983.550794796385,9983.550955437,9983.550955437,9983.551642565,9983.564736497,1,COMPLETED,True,0.16064061492215842,0.6871280002087587,13.093931998810149,13.941700613941066
620,9983.55411448887,9983.554282147,9983.554282147,9983.55493363,9983.567953122,2,COMPLETED,True,0.16765813052188605,0.6514829983643722,13.019492000239552,13.83863312912581
621,9983.57423259817,9983.574392225,9983.574392225,9983.575279759,9983.594302477,0,COMPLETED,True,0.1596268302819226,0.8875339990481734,19.022718000996974,20.06987883032707
622,9983.575531815452,9983.575673661,9983.575673661,9983.576321743,9983.595201734,3,COMPLETED,True,0.14184554856910836,0.6480819993157638,18.879991001085727,19.6699185489706
623,9983.596599765237,9983.596776866,9983.596776866,9983.597476826,9983.612120526,1,COMPLETED,True,0.1771007628121879,0.6999600009294227,14.643700000306126,15.520760764047736
624,9983.598282034545,9983.598446938,9983.598446938,9983.59907991,9983.613014783,2,COMPLETED,True,0.1649034547881456,0.6329719999484951,13.934873000835069,14.73274845557171
625,9983.603782548214,9983.603894981,9983.603894981,9983.604636847,9983.618604873,0,COMPLETED,True,0.11243278640904464,0.7418659988616128,13.968025999929523,14.82232478520018
626,9983.618751089705,9983.61904324,9983.61904324,9983.619636993,9983.633310994,3,COMPLETED,True,0.2921502946264809,0.5937530004302971,13.674001000254066,14.559904295310844
627,9983.62045896226,9983.620615836,9983.620615836,9983.621050113,9983.634539749,1,COMPLETED,True,0.15687374070694204,0.43427700074971654,13.489635999576421,14.08078674103308
628,9983.620593426442,9983.620695755,9983.620695755,9983.621234275,9983.635395023,2,COMPLETED,True,0.10232855856884271,0.5385200001910562,14.160747999994783,14.801596558754682
629,9983.62248763483,9983.622736114,9983.622736114,9983.623248406,9983.636763288,0,COMPLETED,True,0.24847917120496277,0.5122919992572861,13.514881999071804,14.275653169534053
630,9983.62374970901,9983.623888264,9983.623888264,9983.633676418,9983.647600099,3,COMPLETED,True,0.1385549894621363,9.788154000489158,13.923681000960642,23.850389990911935
631,9983.625736622502,9983.625980087,9983.625980087,9983.634913368,9983.648775148,1,COMPLETED,True,0.243464497543755,8.933281000281568,13.861780000297586,23.038525498122908
632,9983.635351325598,9983.635497687,9983.635497687,9983.636209881,9983.651138654,2,COMPLETED,True,0.14636140258517116,0.7121939997887239,14.92877300006512,15.787328402439016
633,9983.638559141787,9983.63870253,9983.63870253,9983.639231322,9983.653070846,0,COMPLETED,True,0.14338821165438276,0.5287920012051472,13.83952399919508,14.51170421205461
634,9983.64120941919,9983.641473189,9983.641473189,9983.647916968,9983.661742435,3,COMPLETED,True,0.26376981077191886,6.443779000619543,13.825467000060598,20.53301581145206
635,9983.653547084183,9983.653706791,9983.653706791,9983.65420621,9983.66773649,1,COMPLETED,True,0.15970681670296472,0.49941900033445563,13.530280000850325,14.189405817887746
636,9983.656461636956,9983.656612923,9983.656612923,9983.657107586,9983.671096004,2,COMPLETED,True,0.15128604354686104,0.4946629996993579,13.988418000735692,14.63436704398191
637,9983.657276706172,9983.657366473,9983.657366473,9983.657629193,9983.671563985,0,COMPLETED,True,0.08976682875072584,0.2627199992275564,13.934792001236929,14.28727882921521
638,9983.659378356446,9983.659506624,9983.659506624,9983.662056173,9983.675703945,3,COMPLETED,True,0.12826755482819863,2.5495489990134956,13.647772000695113,16.325588554536807
639,9983.660685048784,9983.660773655,9983.660773655,9983.668100923,9983.682011318,1,COMPLETED,True,0.08860621528583579,7.327268000153708,13.910395000493736,21.32626921593328
640,9983.664417856331,9983.664512798,9983.664512798,9983.671460436,9983.68552739,2,COMPLETED,True,0.09494166806689464,6.947638001292944,14.066953999645193,21.10953366900503
641,9983.66674532004,9983.666893838,9983.666893838,9983.671896612,9983.685797598,0,COMPLETED,True,0.14851796004222706,5.002773999876808,13.900985999498516,19.05227795941755
642,9983.67021199615,9983.670310488,9983.670310488,9983.676077626,9983.689663211,3,COMPLETED,True,0.0984918497124454,5.7671380000101635,13.585585000328138,19.451214850050746
643,9983.677205162005,9983.677293952,9983.677293952,9983.682406234,9983.695530086,1,COMPLETED,True,0.08878999506123364,5.112282000482082,13.123852000717307,18.324923996260623
644,9983.678337940655,9983.678424317,9983.678424317,9983.685910187,9983.699285031,2,COMPLETED,True,0.08637634527985938,7.485869999072747,13.374844000281882,20.94709034463449
645,9983.695068977198,9983.695159412,9983.695159412,9983.695571279,9983.709165696,0,COMPLETED,True,0.09043480167747475,0.4118670003663283,13.594416999694658,14.096718801738461
646,9983.698297659728,9983.698383348,9983.698383348,9983.698703139,9983.712668381,3,COMPLETED,True,0.08568827252020128,0.31979099912859965,13.965242000267608,14.370721271916409
647,9983.721225834432,9983.721337785,9983.721337785,9983.721797635,9983.735310984,1,COMPLETED,True,0.11195056868018582,0.4598499999701744,13.51334900027723,14.08514956892759
648,9983.732373583996,9983.732495657,9983.732495657,9983.732997649,9983.746639323,2,COMPLETED,True,0.12207300278532784,0.5019920008635381,13.641674000609783,14.265739004258648
649,9983.746700059013,9983.746803514,9983.746803514,9983.747313104,9983.761879379,0,COMPLETED,True,0.10345498594688252,0.5095900014566723,14.566275000106543,15.179319987510098
650,9983.771363935975,9983.771523003,9983.771523003,9983.772246132,9983.78529725,3,COMPLETED,True,0.15906702537904494,0.7231290001072921,13.051117999566486,13.933314025052823
651,9983.785532247246,9983.78585753,9983.78585753,9983.786649572,9983.800252203,1,COMPLETED,True,0.32528275369259063,0.7920420011942042,13.602630999230314,14.719955754117109
652,9983.794661533158,9983.794912028,9983.794912028,9983.795907748,9983.814480482,2,COMPLETED,True,0.2504948424757458,0.9957199999917066,18.5727339994628,19.81894884193025
653,9983.799858069158,9983.800042303,9983.800042303,9983.8007786,9983.819493706,0,COMPLETED,True,0.1842338424467016,0.7362969990936108,18.71510599994508,19.635636841485393
654,9983.802403557287,9983.802559849,9983.802559849,9983.803360177,9983.822549244,3,COMPLETED,True,0.15629171321052127,0.800327999968431,19.18906699938816,20.145686712567112
655,9983.804543288514,9983.804827961,9983.804827961,9983.805545719,9983.818784928,1,COMPLETED,True,0.2846724855771754,0.7177580009738449,13.23920899994846,14.24163948649948
656,9983.818598845668,9983.81875002,9983.81875002,9983.819484581,9983.83274827,2,COMPLETED,True,0.15117433213163167,0.7345609992626123,13.263689001178136,14.14942433257238
657,9983.827138838726,9983.827359506,9983.827359506,9983.827942475,9983.841204447,1,COMPLETED,True,0.2206672743341187,0.5829689998790855,13.261972000691458,14.065608274904662
658,9983.84392380387,9983.844074724,9983.844074724,9983.844642818,9983.857640982,0,COMPLETED,True,0.15092013018147554,0.5680939993908396,12.998164000237011,13.717178129809326
659,9983.864880048375,9983.865033588,9983.865033588,9983.865812973,9983.884717355,3,COMPLETED,True,0.15353962407971267,0.7793849999870872,18.904382000982878,19.837306625049678
660,9983.866619613866,9983.866823121,9983.866823121,9983.867461996,9983.881003833,2,COMPLETED,True,0.2035071338468697,0.6388750007317867,13.541836999138468,14.384219133717124
661,9983.867904001565,9983.868049763,9983.868049763,9983.868624219,9983.887833566,1,COMPLETED,True,0.1457614343962632,0.5744560003222432,19.209346999559784,19.92956443427829
662,9983.872367701782,9983.872627968,9983.872627968,9983.873297237,9983.892878249,0,COMPLETED,True,0.2602662170829717,0.6692690003546886,19.581012000344344,20.510547217782005
663,9983.873566060707,9983.873708544,9983.873708544,9983.881440264,9983.894459956,2,COMPLETED,True,0.14248329352994915,7.731719999355846,13.019691999943461,20.893895292829257
664,9983.897346401234,9983.897474522,9983.897474522,9983.898249696,9983.911950076,3,COMPLETED,True,0.12812076602131128,0.7751739995001117,13.700380000955192,14.603674766476615
665,9983.898863802771,9983.899037945,9983.899037945,9983.899618202,9983.913158695,1,COMPLETED,True,0.17414222929801326,0.5802569994557416,13.54049300061888,14.294892229372635
666,9983.903901895374,9983.90406299,9983.90406299,9983.904933538,9983.918885761,0,COMPLETED,True,0.16109462558233645,0.8705480013304623,13.952223000160302,14.9838656270731
667,9983.90440912481,9983.90468151,9983.90468151,9983.905074168,9983.919028535,2,COMPLETED,True,0.2723851885093609,0.3926580011466285,13.954366999314516,14.619410188970505
668,9983.904583460033,9983.904708593,9983.904708593,9983.912201476,9983.925888107,3,COMPLETED,True,0.125132966786623,7.492882999940775,13.686631000382476,21.304646967109875
669,9983.913041486965,9983.913206133,9983.913206133,9983.914114987,9983.933469197,1,COMPLETED,True,0.1646460350457346,0.9088539991353173,19.354210000528838,20.42771003470989
670,9983.929760960507,9983.929858751,9983.929858751,9983.930259481,9983.943821759,0,COMPLETED,True,0.09779049287317321,0.4007299994555069,13.56227799988119,14.06079849220987
671,9983.93009879103,9983.930207839,9983.930207839,9983.930579261,9983.945809723,2,COMPLETED,True,0.10904796909017023,0.371422000171151,15.23046200054523,15.710931969806552
672,9983.94026784464,9983.940358595,9983.940358595,9983.940761649,9983.953711875,3,COMPLETED,True,0.09075035995920189,0.4030540003441274,12.95022599879303,13.44403035909636
673,9983.979183447544,9983.979267905,9983.979267905,9983.979812724,9983.997836743,1,COMPLETED,True,0.08445745697827078,0.5448189986054786,18.024019000222324,18.653295455806074
674,9983.980792619688,9983.980874701,9983.980874701,9983.981458442,9983.997108746,0,COMPLETED,True,0.08208131112041883,0.5837410008098232,15.650303999791504,16.316126311721746
675,9983.981366617307,9983.981445564,9983.981445564,9983.981855463,9983.996998119,2,COMPLETED,True,0.07894669397501275,0.40989899935084395,15.142656000534771,15.631501693860628
676,9983.984328645449,9983.984533318,9983.984533318,9983.985332399,9984.004513829,3,COMPLETED,True,0.2046725512627745,0.7990809990587877,19.181430001481203,20.185183551802766
677,9983.987540393387,9983.98770909,9983.98770909,9983.997353546,9984.010767622,2,COMPLETED,True,0.16869661340024322,9.644455998568446,13.414076000117348,23.227228612086037
678,9983.995732559639,9983.995912445,9983.995912445,9983.997491366,9984.011783524,0,COMPLETED,True,0.17988536092161667,1.5789210010552779,14.292157999079791,16.050964361056685
679,9983.996960518338,9983.997104297,9983.997104297,9983.99809249,9984.012206449,1,COMPLETED,True,0.14377866136783268,0.988193000011961,14.113959001406329,15.245930662786122
680,9984.00172009589,9984.001933647,9984.001933647,9984.004937567,9984.01855077,3,COMPLETED,True,0.21355110948206857,3.003920000992366,13.613203000204521,16.830674110678956
681,9984.015255074726,9984.01543872,9984.01543872,9984.016234824,9984.03504512,2,COMPLETED,True,0.18364527386438567,0.7961039991641883,18.810296000083326,19.7900452731119
682,9984.029334453973,9984.029420218,9984.029420218,9984.030116538,9984.043074197,0,COMPLETED,True,0.08576402615290135,0.6963200012251036,12.957658998857369,13.739743026235374
683,9984.03416972587,9984.03426923,9984.03426923,9984.034959377,9984.04806707,1,COMPLETED,True,0.0995041300484445,0.690147000568686,13.10769299925596,13.89734412987309
684,9984.053190826118,9984.05327756,9984.05327756,9984.053973296,9984.067577093,3,COMPLETED,True,0.08673388219904155,0.69573600012518,13.603796998722828,14.38626688104705
685,9984.055122608725,9984.05527653,9984.05527653,9984.056132583,9984.070326486,2,COMPLETED,True,0.15392127534141764,0.856053000461543,14.193902999977581,15.203877275780542
686,9984.085452808356,9984.085620629,9984.085620629,9984.086453889,9984.104830332,0,COMPLETED,True,0.16782064267317764,0.8332600009453017,18.376443000306608,19.377523643925088
687,9984.091999871855,9984.092151499,9984.092151499,9984.092900141,9984.106475263,1,COMPLETED,True,0.15162714589678217,0.748641999962274,13.575122000474948,14.475391146334005
688,9984.092457480514,9984.092714681,9984.092714681,9984.093165887,9984.107389186,3,COMPLETED,True,0.2572004868852673,0.45120599861547817,14.223299000150291,14.931705485651037
689,9984.094657303303,9984.094901795,9984.094901795,9984.095701737,9984.10974371,2,COMPLETED,True,0.24449169723084196,0.7999419995030621,14.041972999621066,15.08640669635497
690,9984.09496090541,9984.095036151,9984.095036151,9984.105009185,9984.119928773,0,COMPLETED,True,0.07524559077864978,9.973033998903702,14.91958800033899,24.967867590021342
691,9984.101019403548,9984.101208588,9984.101208588,9984.106873336,9984.119926647,1,COMPLETED,True,0.1891844513011165,5.664748001436237,13.053310998657253,18.907243451394606
692,9984.11320567763,9984.113365261,9984.113365261,9984.114213619,9984.127427409,3,COMPLETED,True,0.15958337098709308,0.8483579986204859,13.213790000008885,14.221731369616464
693,9984.122766807952,9984.122935816,9984.122935816,9984.123665941,9984.136545623,2,COMPLETED,True,0.16900804803299252,0.7301250007003546,12.87968199903844,13.778815047771786
694,9984.157542541094,9984.157698215,9984.157698215,9984.158214588,9984.171622012,0,COMPLETED,True,0.15567390619253274,0.516373000209569,13.407423999524326,14.079470905926428
695,9984.164388399118,9984.164569986,9984.164569986,9984.165030945,9984.178554667,1,COMPLETED,True,0.18158688180847093,0.46095899961073883,13.523722000172711,14.16626788159192
696,9984.168819476872,9984.168984228,9984.168984228,9984.169740304,9984.184639501,3,COMPLETED,True,0.16475112715852447,0.7560760004707845,14.899196999976994,15.820024127606302
697,9984.185222894474,9984.185323419,9984.185323419,9984.185979783,9984.199162054,2,COMPLETED,True,0.10052452671516221,0.6563639999512816,13.182270999095635,13.93915952576208
698,9984.207221879034,9984.207611861,9984.207611861,9984.208211274,9984.222368224,0,COMPLETED,True,0.3899819657817716,0.5994130006001797,14.156949999232893,15.146344965614844
699,9984.217071457495,9984.217168294,9984.217168294,9984.2177758,9984.230897285,1,COMPLETED,True,0.09683650569058955,0.607505999141722,13.121485000738176,13.825827505570487
700,9984.226194262168,9984.226277876,9984.226277876,9984.227202192,9984.245477512,3,COMPLETED,True,0.08361383152077906,0.9243160002370132,18.275320000611828,19.28324983236962
701,9984.234862683308,9984.235158552,9984.235158552,9984.235876311,9984.249481287,2,COMPLETED,True,0.2958686909551034,0.7177590014180169,13.604976000351598,14.618603692724719
702,9984.240430952654,9984.240603233,9984.240603233,9984.241327651,9984.260446248,0,COMPLETED,True,0.1722803463053424,0.7244179996632738,19.118596999760484,20.0152953457291
703,9984.24117690655,9984.241329367,9984.241329367,9984.241917937,9984.256162198,1,COMPLETED,True,0.15246045040839817,0.588570001127664,14.244260999475955,14.985291451012017
704,9984.271907298267,9984.272032985,9984.272032985,9984.272723018,9984.286701797,3,COMPLETED,True,0.1256867326446809,0.690033000864787,13.97877899944433,14.794498732953798
705,9984.276091208416,9984.276309058,9984.276309058,9984.276967871,9984.290715511,2,COMPLETED,True,0.21784958335047122,0.6588129999727244,13.747640001383843,14.624302584707038
706,9984.277160024501,9984.277281556,9984.277281556,9984.277740434,9984.292744468,1,COMPLETED,True,0.12153149873483926,0.4588779993355274,15.004034001321997,15.584443499392364
707,9984.277892179094,9984.278008402,9984.278008402,9984.278412068,9984.29266031,0,COMPLETED,True,0.11622290548984893,0.4036660011479398,14.248241999666789,14.768130906304577
708,9984.279658988822,9984.279876789,9984.279876789,9984.287090202,9984.300724341,3,COMPLETED,True,0.2178001777792815,7.213413000499713,13.63413899889565,21.065352177174645
709,9984.282402753952,9984.282534409,9984.282534409,9984.290891193,9984.304422734,2,COMPLETED,True,0.13165504788048565,8.356784001080086,13.531540998883429,22.019980047844
710,9984.299776838805,9984.299991077,9984.299991077,9984.300790166,9984.314506866,0,COMPLETED,True,0.21423819453048054,0.7990890007931739,13.716699999349657,14.730027194673312
711,9984.301422802677,9984.301572519,9984.301572519,9984.302088958,9984.315956896,1,COMPLETED,True,0.1497163229942089,0.5164390004210873,13.867937999748392,14.534093323163688
712,9984.312361696975,9984.312472202,9984.312472202,9984.313191221,9984.326283118,3,COMPLETED,True,0.11050502507714555,0.7190189990069484,13.091897000776953,13.921421024861047
713,9984.327463358472,9984.327672169,9984.327672169,9984.328368715,9984.341513429,2,COMPLETED,True,0.2088105284201447,0.6965459997445578,13.14471400110051,14.050070529265213
714,9984.331551611554,9984.331671712,9984.331671712,9984.332193307,9984.345637906,0,COMPLETED,True,0.12010044520138763,0.5215950004640035,13.44459900064976,14.08629444631515
715,9984.34489135515,9984.344988935,9984.344988935,9984.345798524,9984.359425432,1,COMPLETED,True,0.09757985026226379,0.8095890007098205,13.626907999423565,14.53407685039565
716,9984.35320303508,9984.353305519,9984.353305519,9984.354007756,9984.367225814,0,COMPLETED,True,0.10248392027278896,0.7022369991318556,13.21805800034781,14.022778919752454
717,9984.353301378846,9984.353364955,9984.353364955,9984.354105632,9984.367840871,2,COMPLETED,True,0.06357615529850591,0.740676998248091,13.735239001107402,14.539492154653999
718,9984.35858737713,9984.358691976,9984.358691976,9984.359269717,9984.373027988,3,COMPLETED,True,0.10459887016622815,0.577741000597598,13.758270999460365,14.44061087022419
719,9984.359496739007,9984.359681509,9984.359681509,9984.360274681,9984.379248303,1,COMPLETED,True,0.18476999321137555,0.5931719988438999,18.973621999975876,19.75156399203115
720,9984.36556437595,9984.365828288,9984.365828288,9984.367396508,9984.381443673,0,COMPLETED,True,0.26391205028630793,1.5682199991715606,14.047165001102258,15.879297050560126
721,9984.365724242107,9984.365977982,9984.365977982,9984.368219296,9984.381534961,2,COMPLETED,True,0.2537398922868306,2.2413140013668453,13.315664999026922,15.810718892680597
722,9984.366580494325,9984.366725428,9984.366725428,9984.373398232,9984.387007891,3,COMPLETED,True,0.14493367598333862,6.672804000118049,13.609658999484964,20.42739667558635
723,9984.37273339774,9984.372886546,9984.372886546,9984.379450322,9984.393915964,1,COMPLETED,True,0.15314825941459276,6.563775999893551,14.46564199977729,21.182566259085434
724,9984.374283216277,9984.374427388,9984.374427388,9984.381829649,9984.399677462,0,COMPLETED,True,0.1441717231500661,7.4022610006068135,17.84781300011673,25.39424572387361
725,9984.382433623334,9984.382592233,9984.382592233,9984.383195131,9984.40293323,2,COMPLETED,True,0.15860966595937498,0.6028980005794438,19.738098999368958,20.499606665907777
726,9984.384649132251,9984.384809733,9984.384809733,9984.387378002,9984.400801722,3,COMPLETED,True,0.1606007481314009,2.5682690011308296,13.42371999999159,16.15258974925382
727,9984.39664311138,9984.396792861,9984.396792861,9984.397447231,9984.4155514,1,COMPLETED,True,0.1497496195952408,0.6543700001202524,18.10416899934353,18.90828861905902
728,9984.402521717368,9984.402697046,9984.402697046,9984.403143953,9984.415869421,0,COMPLETED,True,0.17532863239466678,0.4469070008781273,12.725467999189277,13.347703632462071
729,9984.419884143728,9984.419982762,9984.419982762,9984.420455646,9984.433261449,3,COMPLETED,True,0.09861827129498124,0.4728840012830915,12.805802998627769,13.377305271205842
730,9984.425557060904,9984.425663681,9984.425663681,9984.426309593,9984.439534042,2,COMPLETED,True,0.10662009663064964,0.6459119995270157,13.224448999608285,13.97698109576595
731,9984.44920951468,9984.44938129,9984.44938129,9984.450293016,9984.469115406,1,COMPLETED,True,0.17177532026835252,0.9117259996855864,18.822390000423184,19.905891320377123
732,9984.451987561,9984.452080281,9984.452080281,9984.452779026,9984.466240373,0,COMPLETED,True,0.09271999988413882,0.6987449996813666,13.461346999974921,14.252811999540427
733,9984.458010613005,9984.458184563,9984.458184563,9984.458915763,9984.471911289,3,COMPLETED,True,0.17394999485986773,0.7311999997909879,12.995525999940583,13.900675994591438
734,9984.46550222419,9984.465612876,9984.465612876,9984.466407338,9984.485978678,2,COMPLETED,True,0.11065181024605408,0.7944620010675862,19.571339998947224,20.476453810260864
735,9984.470957929501,9984.471070048,9984.471070048,9984.4717689,9984.48539584,0,COMPLETED,True,0.11211849778192118,0.6988520017330302,13.626939999085153,14.437910498600104
736,9984.478843877572,9984.478984701,9984.478984701,9984.47981083,9984.493155791,1,COMPLETED,True,0.14082342750043608,0.8261290004156763,13.344961000257172,14.311913428173284
737,9984.495977757902,9984.496228972,9984.496228972,9984.497117114,9984.516287152,3,COMPLETED,True,0.2512140981707489,0.8881419998942874,19.170038000083878,20.309394098148914
738,9984.497313128804,9984.497472704,9984.497472704,9984.497919421,9984.511213316,0,COMPLETED,True,0.15957519644871354,0.4467169983399799,13.293895000970224,13.900187195758917
739,9984.51336754194,9984.513470428,9984.513470428,9984.514374271,9984.530638443,2,COMPLETED,True,0.10288606063113548,0.9038429998327047,16.26417199986463,17.27090106032847
740,9984.52541071751,9984.525561362,9984.525561362,9984.526277135,9984.542587282,1,COMPLETED,True,0.15064448962220922,0.7157730015023844,16.310146998876007,17.1765644900006
741,9984.528218257725,9984.528349108,9984.528349108,9984.528970794,9984.542371071,0,COMPLETED,True,0.13085027603665367,0.6216859983396716,13.400277000982896,14.152813275359222
742,9984.552853901847,9984.552998658,9984.552998658,9984.553574266,9984.569467407,3,COMPLETED,True,0.14475615353148896,0.575607999053318,15.893141000560718,16.613505153145525
743,9984.573016048678,9984.573153564,9984.573153564,9984.573989267,9984.586999577,2,COMPLETED,True,0.1375153224216774,0.8357030001207022,13.010310000026948,13.983528322569327
744,9984.576949957294,9984.577096004,9984.577096004,9984.57784555,9984.59576153,0,COMPLETED,True,0.1460467065044213,0.7495459994970588,17.91597999908845,18.81157270508993
745,9984.585858350798,9984.585968522,9984.585968522,9984.586688886,9984.60015207,1,COMPLETED,True,0.11017120232281741,0.7203639997896971,13.463183999192552,14.293719201305066
746,9984.587479598322,9984.587615699,9984.587615699,9984.588127485,9984.601346572,3,COMPLETED,True,0.13610067799163517,0.5117860000609653,13.219087000834406,13.866973678887007
747,9984.594256716908,9984.594506722,9984.594506722,9984.595343082,9984.613110758,2,COMPLETED,True,0.25000509231176693,0.8363600009033689,17.767675999493804,18.85404109270894
748,9984.616978629387,9984.617138722,9984.617138722,9984.617812209,9984.630817614,0,COMPLETED,True,0.16009261344152037,0.673487000312889,13.005404998693848,13.838984612448257
749,9984.628490707652,9984.628603222,9984.628603222,9984.629332876,9984.642583651,1,COMPLETED,True,0.11251434807491023,0.7296540006791474,13.25077500041516,14.092943349169218
750,9984.630074588513,9984.630170956,9984.630170956,9984.630632152,9984.643869007,3,COMPLETED,True,0.09636748654884286,0.46119600119709503,13.236855000286596,13.794418488032534
751,9984.651941458684,9984.652038575,9984.652038575,9984.652753468,9984.666270505,2,COMPLETED,True,0.0971163153735688,0.71489300171379,13.51703699947393,14.32904631656129
752,9984.68550480075,9984.685603164,9984.685603164,9984.686416676,9984.706183296,0,COMPLETED,True,0.09836325079959352,0.8135120006045327,19.766620000154944,20.67849525155907
753,9984.705039551474,9984.705137181,9984.705137181,9984.706100988,9984.725819442,1,COMPLETED,True,0.09762952504388522,0.963807000516681,19.718453999303165,20.77989052486373
754,9984.71514858979,9984.715259421,9984.715259421,9984.715999533,9984.73008573,3,COMPLETED,True,0.1108312098949682,0.7401120001304662,14.086196999414824,14.937140209440258
755,9984.717792602545,9984.7180094,9984.7180094,9984.718744984,9984.738366545,2,COMPLETED,True,0.21679745441360865,0.7355840007221559,19.62156099943968,20.573942454575445
756,9984.729376129513,9984.729512213,9984.729512213,9984.730093044,9984.743618146,0,COMPLETED,True,0.13608348672278225,0.5808309997519245,13.525102000130573,14.24201648660528
757,9984.730292483971,9984.730655755,9984.730655755,9984.731094477,9984.744542447,1,COMPLETED,True,0.3632710286183283,0.438721999671543,13.447970000925125,14.249963029214996
758,9984.743878729125,9984.743970629,9984.743970629,9984.744589139,9984.757749926,3,COMPLETED,True,0.0918998757697409,0.6185099991853349,13.160787000742857,13.871196875697933
759,9984.760128122922,9984.760219013,9984.760219013,9984.760758515,9984.774492726,2,COMPLETED,True,0.09089007835427765,0.5395019998104544,13.734210999245988,14.36460307741072
760,9984.764388334535,9984.764473002,9984.764473002,9984.764857589,9984.778701223,0,COMPLETED,True,0.08466746476187836,0.3845869996439433,13.843634000295424,14.312888464701246
761,9984.780779200293,9984.780881505,9984.780881505,9984.781299443,9984.794952027,1,COMPLETED,True,0.10230470616079401,0.417938001191942,13.652583998918999,14.172826706271735
762,9984.784199381287,9984.784308665,9984.784308665,9984.78476211,9984.798804251,3,COMPLETED,True,0.10928371193585917,0.4534450017672498,14.042140999663388,14.604869713366497
763,9984.790969911106,9984.7910763,9984.7910763,9984.791591193,9984.805448739,2,COMPLETED,True,0.10638889398251195,0.5148929994902574,13.857546000508592,14.47882789398136
764,9984.796740653337,9984.796843127,9984.796843127,9984.797234209,9984.810598861,0,COMPLETED,True,0.10247366299154237,0.39108199962356593,13.364652000745991,13.8582076633611
765,9984.805657667128,9984.80575737,9984.80575737,9984.80629346,9984.819828162,1,COMPLETED,True,0.09970287283067591,0.5360899995139334,13.534702000470133,14.170494872814743
766,9984.806654692105,9984.806782599,9984.806782599,9984.807198847,9984.821363357,3,COMPLETED,True,0.12790689470421057,0.4162479999649804,14.164509999318398,14.708664893987589
767,9984.810450975061,9984.810549736,9984.810549736,9984.811036299,9984.824563363,2,COMPLETED,True,0.09876093827188015,0.4865629998676013,13.527064000300015,14.112387938439497
768,9984.8168406718,9984.816974742,9984.816974742,9984.817636496,9984.832841571,0,COMPLETED,True,0.13407020014710724,0.6617540002480382,15.205075000267243,16.00089920066239
769,9984.818378809483,9984.818494898,9984.818494898,9984.820233552,9984.833536951,1,COMPLETED,True,0.11608851673372556,1.7386540002917172,13.303399000506033,15.158141517531476
770,9984.819861264188,9984.819970497,9984.819970497,9984.821523588,9984.835374547,3,COMPLETED,True,0.10923281115537975,1.5530910004599718,13.850958999682916,15.513282811298268
771,9984.828977559928,9984.82906904,9984.82906904,9984.829433162,9984.842997353,2,COMPLETED,True,0.09148007302428596,0.3641219991550315,13.564191000114079,14.019793072293396
772,9984.832071767572,9984.832188045,9984.832188045,9984.833354968,9984.848788342,0,COMPLETED,True,0.11627742787823081,1.1669229988910956,15.433374001077027,16.716574427846354
773,9984.855211537128,9984.855323515,9984.855323515,9984.855883644,9984.869375037,1,COMPLETED,True,0.11197787171113305,0.5601290013146354,13.491392999640084,14.163499872665852
774,9984.856684366396,9984.856776965,9984.856776965,9984.85712585,9984.870880352,3,COMPLETED,True,0.09259860416932497,0.3488849997665966,13.754502000665525,14.195985604601447
775,9984.867155874083,9984.867257011,9984.867257011,9984.867860991,9984.881238308,2,COMPLETED,True,0.10113691678270698,0.6039800009602914,13.377317000049516,14.082433917792514
776,9984.885188623794,9984.885290931,9984.885290931,9984.886049399,9984.899496241,0,COMPLETED,True,0.10230720727122389,0.7584679988212883,13.44684200012125,14.307617206213763
777,9984.894490781566,9984.894586389,9984.894586389,9984.895207687,9984.908954227,1,COMPLETED,True,0.09560743455949705,0.6212979988049483,13.746540000283858,14.463445433648303
778,9984.896392859353,9984.896483567,9984.896483567,9984.896925675,9984.910893832,3,COMPLETED,True,0.09070764645002782,0.44210800115251914,13.968156999908388,14.500972647510935
779,9984.90195611575,9984.902104802,9984.902104802,9984.902661474,9984.916466792,2,COMPLETED,True,0.14868625112285372,0.5566719992202707,13.805317999867839,14.510676250210963
780,9984.904288208736,9984.904389805,9984.904389805,9984.904900622,9984.923641216,0,COMPLETED,True,0.10159626435779501,0.5108169989398448,18.74059400142869,19.35300726472633
781,9984.910182975267,9984.910285627,9984.910285627,9984.910825592,9984.930622052,1,COMPLETED,True,0.10265173295920249,0.5399649999162648,19.796459999270155,20.439076732145622
782,9984.91107865274,9984.911170435,9984.911170435,9984.911682192,9984.925014952,3,COMPLETED,True,0.09178225991490763,0.5117569999129046,13.33275999968464,13.936299259512452
783,9984.923250748707,9984.923352722,9984.923352722,9984.923914852,9984.93716108,2,COMPLETED,True,0.10197329356742557,0.5621299987979,13.24622800166253,13.910331294027856
784,9984.937053593545,9984.937186092,9984.937186092,9984.937705368,9984.950981477,0,COMPLETED,True,0.13249845505924895,0.5192759999772534,13.276109000798897,13.9278834558354
785,9984.961060347756,9984.961157176,9984.961157176,9984.961889051,9984.977785366,3,COMPLETED,True,0.09682824384071864,0.7318749994738027,15.8963150006457,16.72501824396022
786,9984.962886679428,9984.963056006,9984.963056006,9984.963654181,9984.977144827,1,COMPLETED,True,0.16932657126744743,0.5981750000501052,13.490646000718698,14.25814757203625
787,9984.977103295638,9984.97724926,9984.97724926,9984.978391225,9984.991433238,2,COMPLETED,True,0.1459643626731122,1.1419649999879766,13.042012998994323,14.329942361655412
788,9984.99696947168,9984.997081446,9984.997081446,9984.997946405,9985.01870273,0,COMPLETED,True,0.11197431922482792,0.8649589999549789,20.756325000547804,21.73325831972761
789,9985.007248597076,9985.007441644,9985.007441644,9985.008231516,9985.022595379,1,COMPLETED,True,0.19304692432342563,0.7898719995864667,14.363862999744015,15.346781923653907
790,9985.015773738212,9985.015978687,9985.015978687,9985.016671476,9985.039227421,3,COMPLETED,True,0.2049487884505652,0.6927889990038238,22.555945000931388,23.453682788385777
791,9985.022079179824,9985.022271596,9985.022271596,9985.023136323,9985.048703984,2,COMPLETED,True,0.19241617701482028,0.8647269987704931,25.567661001332453,26.624804177117767
792,9985.02399085238,9985.024143913,9985.024143913,9985.024912417,9985.043548191,1,COMPLETED,True,0.15306062050512992,0.7685040000069421,18.63577400035865,19.557338620870723
793,9985.039477008007,9985.039647032,9985.039647032,9985.040606154,9985.054268399,0,COMPLETED,True,0.17002399181365035,0.9591220004949719,13.662245000887197,14.791390993195819
794,9985.04127304962,9985.041689158,9985.041689158,9985.042289998,9985.056802262,3,COMPLETED,True,0.41610838161432184,0.6008399996062508,14.512263998767594,15.529212379988167
795,9985.062322079946,9985.062488991,9985.062488991,9985.063321132,9985.076654052,1,COMPLETED,True,0.16691105338395573,0.8321410005009966,13.332919999811566,14.331972053696518
796,9985.077135583404,9985.077286259,9985.077286259,9985.077973847,9985.09139485,2,COMPLETED,True,0.15067559615999926,0.6875879989820533,13.421003000985365,14.259266596127418
797,9985.079605078005,9985.07968367,9985.07968367,9985.080415594,9985.093646341,0,COMPLETED,True,0.07859199467930011,0.7319240012293449,13.230746999397525,14.04126299530617
798,9985.08503517772,9985.08516475,9985.08516475,9985.085943034,9985.104614212,3,COMPLETED,True,0.129572279547574,0.7782840002619196,18.671177998839994,19.579034278649488
799,9985.09166805647,9985.09184493,9985.09184493,9985.092752024,9985.106167951,1,COMPLETED,True,0.17687353101791814,0.9070939995581284,13.415927000096417,14.499894530672464
800,9985.094858299595,9985.094942464,9985.094942464,9985.095470874,9985.109053176,2,COMPLETED,True,0.08416440505243372,0.5284099988784874,13.582302000941127,14.194876404872048
801,9985.097232499904,9985.097496091,9985.097496091,9985.09813676,9985.111677916,0,COMPLETED,True,0.2635910968820099,0.6406689990399173,13.5411560004286,14.445416096350527
802,9985.101174584253,9985.101391305,9985.101391305,9985.10505029,9985.119222946,3,COMPLETED,True,0.21672074581147172,3.6589850005839253,14.17265599957318,18.048361745968577
803,9985.10247754,9985.102618276,9985.102618276,9985.106331896,9985.120488249,1,COMPLETED,True,0.14073599959374405,3.713620000780793,14.156352999634692,18.01070900000923
804,9985.103353670338,9985.103487688,9985.103487688,9985.109260339,9985.122950485,2,COMPLETED,True,0.13401766227616463,5.772651000370388,13.690145999134984,19.596814661781536
805,9985.14781202491,9985.147970552,9985.147970552,9985.14871062,9985.164804269,0,COMPLETED,True,0.1585270892974222,0.7400680005957838,16.093648999230936,16.992244089124142
806,9985.149297459075,9985.149432075,9985.149432075,9985.149823575,9985.163130785,3,COMPLETED,True,0.13461592607200146,0.39149999975052197,13.3072099997662,13.833325925588724
807,9985.151458979293,9985.151702873,9985.151702873,9985.152187396,9985.165512863,1,COMPLETED,True,0.24389370628341567,0.48452299961354584,13.325466999958735,14.053883705855696
808,9985.157937981212,9985.158045117,9985.158045117,9985.158704104,9985.176548306,2,COMPLETED,True,0.1071357874025125,0.6589870008610887,17.844202000560472,18.610324788824073
809,9985.161311715505,9985.161407996,9985.161407996,9985.163465309,9985.176991044,3,COMPLETED,True,0.09628049519960769,2.057313000477734,13.52573499934806,15.679328495025402
810,9985.175214873743,9985.17531817,9985.17531817,9985.175942267,9985.189999885,0,COMPLETED,True,0.1032962572935503,0.6240969996724743,14.057618000151706,14.78501125711773
811,9985.177657335604,9985.177752901,9985.177752901,9985.178115745,9985.191716104,1,COMPLETED,True,0.0955653958953917,0.36284400084696244,13.600358999610762,14.058768396353116
812,9985.178927385976,9985.179057021,9985.179057021,9985.179408618,9985.193397871,2,COMPLETED,True,0.1296350237680599,0.35159700018994045,13.989253000545432,14.470485024503432
813,9985.184457291989,9985.184584123,9985.184584123,9985.185197676,9985.198822565,3,COMPLETED,True,0.1268310115847271,0.6135530002211453,13.624888999402174,14.365273011208046
814,9985.193515171206,9985.193617238,9985.193617238,9985.194126726,9985.207748563,0,COMPLETED,True,0.10206679326074664,0.5094880016258685,13.621836998936487,14.233391793823102
815,9985.193953562415,9985.194046771,9985.194046771,9985.19435223,9985.207685869,1,COMPLETED,True,0.09320858407591004,0.3054590015381109,13.333638999029063,13.732306584643084
816,9985.200612672315,9985.20070127,9985.20070127,9985.201144207,9985.214365928,2,COMPLETED,True,0.08859768422553316,0.44293700011621695,13.221720999354147,13.753255683695897
817,9985.207260304924,9985.207358825,9985.207358825,9985.207834568,9985.221008822,3,COMPLETED,True,0.09852007679000963,0.4757429996971041,13.174253999750363,13.748517076237476
818,9985.227512950409,9985.227607123,9985.227607123,9985.228117825,9985.241513637,0,COMPLETED,True,0.09417259207111783,0.5107019987917738,13.395812000453589,14.00068659131648
819,9985.227584014934,9985.227666717,9985.227666717,9985.228190086,9985.241822534,1,COMPLETED,True,0.0827020667202305,0.5233689989836421,13.632448000862496,14.238519066566369
820,9985.232353451544,9985.232461465,9985.232461465,9985.233114775,9985.246173101,2,COMPLETED,True,0.108013457065681,0.6533099985972513,13.058326001555542,13.819649457218475
821,9985.247971461551,9985.248114489,9985.248114489,9985.248589665,9985.261612469,3,COMPLETED,True,0.1430274496669881,0.475175998872146,13.022803999774624,13.641007448313758
822,9985.24996821316,9985.250114625,9985.250114625,9985.250613889,9985.270194973,0,COMPLETED,True,0.14641183952335268,0.4992640006094007,19.581083999582916,20.22675983971567
823,9985.263203751272,9985.263499211,9985.263499211,9985.264021304,9985.27747634,1,COMPLETED,True,0.29545972756750416,0.5220929997449275,13.455035999868414,14.272588727180846
824,9985.27161564327,9985.271773744,9985.271773744,9985.272327601,9985.285753767,2,COMPLETED,True,0.15810072909516748,0.5538570003409404,13.426166000499506,14.138123729935614
825,9985.273459140744,9985.273607511,9985.273607511,9985.274181738,9985.29352854,3,COMPLETED,True,0.14837025628366973,0.5742269986512838,19.34680200065486,20.069399255589815
826,9985.273467563224,9985.273702665,9985.273702665,9985.274307165,9985.288725509,0,COMPLETED,True,0.23510177561547607,0.6045000009180512,14.41834400066,15.257945777193527
827,9985.274891673163,9985.275031965,9985.275031965,9985.277828948,9985.29146759,1,COMPLETED,True,0.14029183694219682,2.7969829989160644,13.638641999932588,16.57591683579085
828,9985.282598923424,9985.282743139,9985.282743139,9985.286126638,9985.299568706,2,COMPLETED,True,0.14421557534660678,3.383499000847223,13.442067998767016,16.969782574960846
829,9985.289194497173,9985.289245137,9985.289245137,9985.289649294,9985.302861451,0,COMPLETED,True,0.05063982825959101,0.40415699913864955,13.212157000452862,13.666953827851103
830,9985.302330245511,9985.302418758,9985.302418758,9985.302969334,9985.31631187,1,COMPLETED,True,0.08851248821883928,0.550576000023284,13.34253599998192,13.981624488224043
831,9985.30330769753,9985.303442035,9985.303442035,9985.303842941,9985.317316569,0,COMPLETED,True,0.13433746971713845,0.4009060012322152,13.47362799970142,14.008871470650774
832,9985.305709643908,9985.305844685,9985.305844685,9985.306406397,9985.324614388,2,COMPLETED,True,0.13504109119821806,0.5617120004899334,18.207991000963375,18.904744092651526
833,9985.311594277107,9985.31178399,9985.31178399,9985.312499653,9985.326018062,3,COMPLETED,True,0.18971289318869822,0.7156629999371944,13.518408999516396,14.423784892642288
834,9985.323401844542,9985.323527431,9985.323527431,9985.324304132,9985.337675385,1,COMPLETED,True,0.12558645721583162,0.7767010010866215,13.371253000514116,14.27354045881657
835,9985.328443805165,9985.328565717,9985.328565717,9985.329197395,9985.342789389,0,COMPLETED,True,0.12191183486720547,0.631677999990643,13.59199400030775,14.345583835165598
836,9985.330985378712,9985.331106738,9985.331106738,9985.331949255,9985.347147941,2,COMPLETED,True,0.12135928773204796,0.8425169999100035,15.198686000076123,16.162562287718174
837,9985.3335287222,9985.333625208,9985.333625208,9985.334080089,9985.347651085,3,COMPLETED,True,0.0964858008956071,0.45488099931390025,13.570995999543811,14.122362799753319
838,9985.345489212716,9985.345650239,9985.345650239,9985.346304383,9985.359566413,1,COMPLETED,True,0.16102628433145583,0.6541439997818088,13.26203000098758,14.077200285100844
839,9985.357473537522,9985.357556736,9985.357556736,9985.358236823,9985.371791048,0,COMPLETED,True,0.08319847802340519,0.6800869996368419,13.554225000916631,14.317510478576878
840,9985.36231324659,9985.362557378,9985.362557378,9985.363279533,9985.376894657,2,COMPLETED,True,0.24413140999968164,0.7221550004032906,13.615124000352807,14.58141041075578
841,9985.365573479798,9985.365739611,9985.365739611,9985.366270191,9985.379568988,3,COMPLETED,True,0.16613120169495232,0.5305800004862249,13.298797000970808,13.995508203151985
842,9985.387467488963,9985.387720386,9985.387720386,9985.388523756,9985.402945779,1,COMPLETED,True,0.25289703626185656,0.8033700014493661,14.42202299949713,15.478290037208353
843,9985.39869359906,9985.398891043,9985.398891043,9985.39967205,9985.413663126,0,COMPLETED,True,0.19744394012377597,0.7810070001141867,13.991076000820613,14.969526941058575
844,9985.399098147567,9985.399424309,9985.399424309,9985.399792992,9985.413320344,2,COMPLETED,True,0.3261614328948781,0.36868300048809033,13.52735199907329,14.222196432456258
845,9985.400625270164,9985.400761716,9985.400761716,9985.401403351,9985.420666385,3,COMPLETED,True,0.1364458366879262,0.6416349988285219,19.263034000687185,20.041114836203633
846,9985.405066333355,9985.405171485,9985.405171485,9985.405791592,9985.419356794,1,COMPLETED,True,0.1051516446750611,0.6201070009410614,13.565201999881538,14.29046064549766
847,9985.429165797348,9985.429251826,9985.429251826,9985.429919273,9985.443290446,2,COMPLETED,True,0.0860286527313292,0.6674469987046905,13.371173001360148,14.124648652796168
848,9985.438139853575,9985.438257645,9985.438257645,9985.438916866,9985.452302462,0,COMPLETED,True,0.11779142550949473,0.6592209992959397,13.385595999352518,14.162608424157952
849,9985.445274356747,9985.445405202,9985.445405202,9985.446064094,9985.459342611,1,COMPLETED,True,0.13084525198792107,0.6588920005015098,13.278517000799184,14.068254253288615
850,9985.454152452317,9985.454240765,9985.454240765,9985.454914669,9985.468674922,3,COMPLETED,True,0.08831268314679619,0.6739039999956731,13.760252999418299,14.522469682560768
851,9985.467751187272,9985.467900133,9985.467900133,9985.468653537,9985.48788576,2,COMPLETED,True,0.14894572814228013,0.7534039996244246,19.23222299956251,20.134572727329214
852,9985.47433557652,9985.47458836,9985.47458836,9985.475125063,9985.49021433,0,COMPLETED,True,0.252783480391372,0.5367029989429284,15.089267000803375,15.878753480137675
853,9985.481792390277,9985.481941617,9985.481941617,9985.482430951,9985.497209639,1,COMPLETED,True,0.1492267219873611,0.4893340010312386,14.778687998841633,15.417248721860233
854,9985.497975827831,9985.498113885,9985.498113885,9985.498656512,9985.511810334,3,COMPLETED,True,0.13805716844217386,0.542626999958884,13.15382199936721,13.834506167768268
855,9985.529042446879,9985.529141295,9985.529141295,9985.529959198,9985.549379377,2,COMPLETED,True,0.0988481206150027,0.8179030010069255,19.42017900000792,20.336930121629848
856,9985.534115305152,9985.534215651,9985.534215651,9985.534802116,9985.555172951,0,COMPLETED,True,0.1003458473860519,0.5864650011062622,20.37083499999426,21.057645848486573
857,9985.537297127272,9985.537425762,9985.537425762,9985.537816889,9985.551276562,1,COMPLETED,True,0.12863472875324078,0.39112699960242026,13.459673000397743,13.979434728753404
858,9985.542475870763,9985.542564621,9985.542564621,9985.543226442,9985.557065761,3,COMPLETED,True,0.08875023740984034,0.661820999084739,13.83931900090829,14.58989023740287
859,9985.543082373348,9985.543231059,9985.543231059,9985.549645866,9985.56424497,2,COMPLETED,True,0.14868565267533995,6.414806999600842,14.599104000808438,21.16259665308462
860,9985.543509596988,9985.543655465,9985.543655465,9985.551441016,9985.565251323,1,COMPLETED,True,0.14586801262339577,7.785550998960389,13.810307000312605,21.74172601189639
861,9985.556533823876,9985.556728318,9985.556728318,9985.557494345,9985.57209162,0,COMPLETED,True,0.19449412502581254,0.7660269984626211,14.597275001506205,15.557796124994638
862,9985.559588084961,9985.559692834,9985.559692834,9985.560267897,9985.573787379,3,COMPLETED,True,0.10474903865542728,0.5750630007241853,13.519481999537675,14.199294038917287
863,9985.561302475118,9985.561475947,9985.561475947,9985.564586116,9985.577974372,2,COMPLETED,True,0.17347188259009272,3.1101689983188407,13.388256000325782,16.671896881234716
864,9985.56577059289,9985.565882814,9985.565882814,9985.56644172,9985.580641544,1,COMPLETED,True,0.11222111061215401,0.5589060001511825,14.199823999661021,14.870951110424357
865,9985.566684173826,9985.566848883,9985.566848883,9985.572273636,9985.586198286,0,COMPLETED,True,0.1647091739869211,5.42475300062506,13.924650000262773,19.514112174874754
866,9985.568324835403,9985.568494841,9985.568494841,9985.573948799,9985.587459411,3,COMPLETED,True,0.1700055963738123,5.45395799963444,13.510611999663524,19.134575595671777
867,9985.587884162183,9985.587978473,9985.587978473,9985.588405831,9985.601165911,2,COMPLETED,True,0.09431081707589328,0.42735799979709554,12.760080000589369,13.281748817462358
868,9985.617325633973,9985.617441548,9985.617441548,9985.618417185,9985.63211913,1,COMPLETED,True,0.11591402653721161,0.9756370000104653,13.701944999411353,14.79349602595903
869,9985.619766276079,9985.619848712,9985.619848712,9985.620236271,9985.633638344,0,COMPLETED,True,0.08243592128565069,0.38755899913667236,13.40207300017937,13.872067920601694
870,9985.636514132431,9985.636615965,9985.636615965,9985.637227462,9985.650628522,3,COMPLETED,True,0.10183256927120965,0.6114970001362963,13.401059999523568,14.114389568931074
871,9985.639654476765,9985.639871849,9985.639871849,9985.640476709,9985.658530667,2,COMPLETED,True,0.2173722350562457,0.6048600007488858,18.053957999654813,18.876190235459944
872,9985.642311007106,9985.64242444,9985.64242444,9985.643116359,9985.656569857,1,COMPLETED,True,0.1134328940679552,0.6919190000189701,13.453497998852981,14.258849892939907
873,9985.665223788039,9985.665345695,9985.665345695,9985.666083539,9985.679914493,0,COMPLETED,True,0.12190696179459337,0.7378439986496232,13.830953999786288,14.690704960230505
874,9985.669009053223,9985.669097421,9985.669097421,9985.669736997,9985.68363956,3,COMPLETED,True,0.08836777669785079,0.6395760010491358,13.902562999646761,14.630506777393748
875,9985.669460940248,9985.669542794,9985.669542794,9985.669893823,9985.683399747,1,COMPLETED,True,0.08185375190805644,0.3510290007397998,13.505924000128289,13.938806752776145
876,9985.708185626336,9985.70832532,9985.70832532,9985.709169395,9985.727953343,2,COMPLETED,True,0.13969366409583017,0.8440750007139286,18.783947998599615,19.767716663409374
877,9985.716418277185,9985.716552797,9985.716552797,9985.717305158,9985.738898151,0,COMPLETED,True,0.1345198143098969,0.7523610001953784,21.59299300001294,22.479873814518214
878,9985.717228641495,9985.71734943,9985.71734943,9985.717683331,9985.731296813,1,COMPLETED,True,0.1207885052281199,0.33390099997632205,13.613482000437216,14.068171505641658
879,9985.72845662044,9985.728561159,9985.728561159,9985.729164073,9985.743825394,3,COMPLETED,True,0.10453855975356419,0.6029140004102373,14.661320999948657,15.368773560112459
880,9985.728602106035,9985.728644454,9985.728644454,9985.729220832,9985.743557419,2,COMPLETED,True,0.042347965063527226,0.5763779990957119,14.336587000798318,14.955312964957557
881,9985.735394165076,9985.735509307,9985.735509307,9985.736136789,9985.750067746,1,COMPLETED,True,0.11514192374306731,0.6274820007092785,13.930956998592592,14.673580923044938
882,9985.742174518009,9985.742281035,9985.742281035,9985.742848469,9985.757825272,0,COMPLETED,True,0.10651699085428845,0.5674340009136358,14.976802998717176,15.6507539904851
883,9985.748140065982,9985.748259195,9985.748259195,9985.748722865,9985.763357176,2,COMPLETED,True,0.11912901754840277,0.46367000140890013,14.634310999099398,15.217110018056701
884,9985.754452039448,9985.754631287,9985.754631287,9985.755190401,9985.775417176,3,COMPLETED,True,0.17924755229614675,0.5591139997704886,20.226775000992347,20.965136553058983
885,9985.755122012404,9985.755227427,9985.755227427,9985.755623256,9985.774755355,1,COMPLETED,True,0.10541459596424829,0.3958289998990949,19.132098999762093,19.633342595625436
886,9985.756118327748,9985.756234097,9985.756234097,9985.758260688,9985.77254458,0,COMPLETED,True,0.115769251351594,2.0265910006855847,14.283892000094056,16.426252252131235
887,9985.756551133672,9985.756643256,9985.756643256,9985.763781459,9985.777230235,2,COMPLETED,True,0.09212232725985814,7.138203000067733,13.448776000586804,20.679101327914395
888,9985.772243167605,9985.772342767,9985.772342767,9985.772931723,9985.786401502,0,COMPLETED,True,0.0995993959804764,0.5889559997740434,13.469778999933624,14.158334395688144
889,9985.786837011154,9985.786938527,9985.786938527,9985.787441652,9985.800828913,1,COMPLETED,True,0.10151584683626425,0.5031250002502929,13.387260998570127,13.991901845656685
890,9985.798552409271,9985.798667874,9985.798667874,9985.799202446,9985.812951658,3,COMPLETED,True,0.11546472887857817,0.5345720001059817,13.749211999311228,14.399248728295788
891,9985.80046051006,9985.800617856,9985.800617856,9985.801040824,9985.814716652,2,COMPLETED,True,0.15734594126115553,0.4229679998388747,13.675827998667955,14.256141939767986
892,9985.807012718347,9985.807102666,9985.807102666,9985.80754495,9985.821081386,0,COMPLETED,True,0.08994765266834293,0.4422839992912486,13.536436001231777,14.068667653191369
893,9985.809017577518,9985.809121563,9985.809121563,9985.809428292,9985.823112367,1,COMPLETED,True,0.10398548147350084,0.3067289999307832,13.68407500012836,14.094789481532644
894,9985.809993997982,9985.810126059,9985.810126059,9985.813387718,9985.826926684,3,COMPLETED,True,0.13206101721152663,3.2616590015095426,13.53896599903237,16.93268601775344
895,9985.837409591066,9985.837500711,9985.837500711,9985.838020536,9985.851391559,2,COMPLETED,True,0.09111993495025672,0.519825000083074,13.371022998398985,13.981967933432315
896,9985.84215547931,9985.84223547,9985.84223547,9985.842657074,9985.856647372,0,COMPLETED,True,0.07999069021025207,0.42160399971180595,13.990298000862822,14.49189269078488
897,9985.848175307337,9985.848376874,9985.848376874,9985.848861236,9985.863991502,1,COMPLETED,True,0.20156666323600803,0.4843619990424486,15.130265999687253,15.81619466196571
898,9985.859114159784,9985.859220167,9985.859220167,9985.85968323,9985.872876837,3,COMPLETED,True,0.10600721543596592,0.4630630010069581,13.193606999266194,13.762677215709118
899,9985.869810857672,9985.869851831,9985.869851831,9985.870409514,9985.883970835,2,COMPLETED,True,0.04097332748642657,0.5576830008067191,13.561321000452153,14.159977328745299
900,9985.875590719701,9985.875764543,9985.875764543,9985.876263767,9985.891578332,0,COMPLETED,True,0.17382329860993195,0.4992240010324167,15.31456500015338,15.987612299795728
901,9985.901670115627,9985.901770811,9985.901770811,9985.90234607,9985.916482411,1,COMPLETED,True,0.10069537347590085,0.5752589986514067,14.136341000266839,14.812295372394146
902,9985.902087776283,9985.9022142,9985.9022142,9985.902644955,9985.916421712,3,COMPLETED,True,0.12642371621041093,0.4307550007069949,13.776756999504869,14.333935716422275
903,9985.904221940855,9985.904386312,9985.904386312,9985.905066818,9985.922655626,2,COMPLETED,True,0.16437114572909195,0.6805060002079699,17.58880799934559,18.433685145282652
904,9985.906689537767,9985.906791512,9985.906791512,9985.907235287,9985.92125799,0,COMPLETED,True,0.1019742321659578,0.4437750012584729,14.02270299877273,14.56845223219716
905,9985.91901874162,9985.919125974,9985.919125974,9985.919652733,9985.933245886,3,COMPLETED,True,0.1072323793778196,0.5267590004223166,13.593153000329039,14.227144380129175
906,9985.92111398242,9985.921246688,9985.921246688,9985.921980617,9985.936646095,1,COMPLETED,True,0.1327055797446519,0.7339290004892973,14.66547800009721,15.532112580331159
907,9985.926817679145,9985.926979854,9985.926979854,9985.927761588,9985.945196595,0,COMPLETED,True,0.1621748560864944,0.7817339992470806,17.435006999221514,18.37891585455509
908,9985.94275568248,9985.942858755,9985.942858755,9985.943347372,9985.956381726,2,COMPLETED,True,0.10307251977792475,0.4886170008830959,13.03435400041053,13.626043521071551
909,9985.967014736245,9985.967140948,9985.967140948,9985.967681378,9985.981093671,3,COMPLETED,True,0.12621175483218394,0.540430000910419,13.41229299941915,14.078934755161754
910,9985.973292305805,9985.97351094,9985.97351094,9985.974250548,9985.991005864,1,COMPLETED,True,0.2186341953347437,0.7396080000034999,16.755315999034792,17.713558194373036
911,9985.996779039599,9985.996893746,9985.996893746,9985.997789189,9986.01832347,0,COMPLETED,True,0.11470640129118692,0.8954429995355895,20.53428100043675,21.544430401263526
912,9985.999869364296,9986.000118226,9986.000118226,9986.000806553,9986.018986763,2,COMPLETED,True,0.24886170467652846,0.6883269998070318,18.18020999962755,19.11739870411111
913,9986.003261043408,9986.003360122,9986.003360122,9986.004026717,9986.017556172,3,COMPLETED,True,0.09907859202940017,0.6665950004389742,13.529455000025337,14.295128592493711
914,9986.020751622222,9986.020873394,9986.020873394,9986.021496347,9986.040027515,1,COMPLETED,True,0.12177177814010065,0.6229530008567963,18.53116799975396,19.27589277875086
915,9986.038561369816,9986.038681327,9986.038681327,9986.039184091,9986.052975323,3,COMPLETED,True,0.11995718341495376,0.5027639999752864,13.791232000585296,14.413953183975536
916,9986.043201478815,9986.043318446,9986.043318446,9986.043741072,9986.061779482,0,COMPLETED,True,0.11696718502207659,0.4226260007271776,18.038409998553107,18.57800318430236
917,9986.045203912028,9986.045412604,9986.045412604,9986.046138114,9986.061501321,2,COMPLETED,True,0.20869197214778978,0.7255099990288727,15.363207001428236,16.2974089726049
918,9986.047466001626,9986.047598566,9986.047598566,9986.048206106,9986.067165775,1,COMPLETED,True,0.13256437341624405,0.6075399996916531,18.959669001560542,19.69977337466844
919,9986.0548774552,9986.05504603,9986.05504603,9986.05548895,9986.068911114,3,COMPLETED,True,0.16857479931786656,0.4429199998412514,13.422164000076009,14.033658799235127
920,9986.065127543237,9986.065244998,9986.065244998,9986.065950907,9986.080183826,2,COMPLETED,True,0.11745476331270766,0.7059089984977618,14.232919000278343,15.056282762088813
921,9986.07035968247,9986.070542948,9986.070542948,9986.071039575,9986.084550344,0,COMPLETED,True,0.18326553072256502,0.49662699893815443,13.510769000276923,14.190661529937643
922,9986.072638053349,9986.072891822,9986.072891822,9986.073397009,9986.0868313,1,COMPLETED,True,0.25376865050930064,0.5051870011811843,13.434290998702636,14.193246650393121
923,9986.073006089528,9986.073027728,9986.073027728,9986.073432395,9986.087113777,3,COMPLETED,True,0.02163847238989547,0.4046670001116581,13.681381999049336,14.10768747155089
924,9986.074112159733,9986.074258149,9986.074258149,9986.080429409,9986.095365905,2,COMPLETED,True,0.14598926645703614,6.1712599999736995,14.936495999791077,21.253745266221813
925,9986.0807870298,9986.080932652,9986.080932652,9986.084943181,9986.098234726,0,COMPLETED,True,0.1456221998523688,4.010529000879615,13.29154499944707,17.447696200179053
926,9986.086690672768,9986.086839386,9986.086839386,9986.087425789,9986.100857948,1,COMPLETED,True,0.14871323219267651,0.5864029990334529,13.432159001240507,14.167275232466636
927,9986.088308292688,9986.088422156,9986.088422156,9986.088732224,9986.102251075,3,COMPLETED,True,0.11386331243556924,0.31006799872557167,13.518851001208532,13.942782312369673
928,9986.088644644371,9986.08874626,9986.08874626,9986.095760752,9986.109505354,2,COMPLETED,True,0.10161562931898516,7.014491999143502,13.744601999860606,20.860709628323093
929,9986.100969089433,9986.101243952,9986.101243952,9986.102263772,9986.115767384,0,COMPLETED,True,0.2748625665844884,1.019819999783067,13.503612000931753,14.798294567299308
930,9986.109004784243,9986.109165698,9986.109165698,9986.109742592,9986.123356563,1,COMPLETED,True,0.16091375800897367,0.5768939990957733,13.613970999358571,14.351778756463318
931,9986.115322635313,9986.115601487,9986.115601487,9986.116125917,9986.136780272,3,COMPLETED,True,0.2788516867440194,0.5244300009508152,20.6543549993512,21.457636687046033
932,9986.115620184777,9986.115734904,9986.115734904,9986.116192379,9986.136908775,2,COMPLETED,True,0.11471922334749252,0.4574750000756467,20.716396000352688,21.288590223775827
933,9986.11822431474,9986.11831992,9986.11831992,9986.118675146,9986.132150813,0,COMPLETED,True,0.09560526086715981,0.35522600046533626,13.475666999511304,13.9264982608438
934,9986.13469689003,9986.134843975,9986.134843975,9986.135459293,9986.153295904,1,COMPLETED,True,0.14708496928506065,0.6153180002002046,17.836610999438562,18.599013968923828
935,9986.149772251214,9986.149957522,9986.149957522,9986.150374059,9986.163569247,0,COMPLETED,True,0.18527078646002337,0.41653699918242637,13.195188001191127,13.796995786833577
936,9986.153195322093,9986.153289291,9986.153289291,9986.153658698,9986.166852458,3,COMPLETED,True,0.09396890709467698,0.36940700010745786,13.193759999921895,13.65713590712403
937,9986.178000260099,9986.178118659,9986.178118659,9986.178714193,9986.192237396,2,COMPLETED,True,0.11839890066767111,0.5955340002401499,13.523203000659123,14.237135901566944
938,9986.178542327154,9986.178655545,9986.178655545,9986.179160987,9986.197617697,1,COMPLETED,True,0.1132178458647104,0.5054419998486992,18.456710000464227,19.075369846177637
939,9986.17988444346,9986.180089165,9986.180089165,9986.180462482,9986.194292332,0,COMPLETED,True,0.2047215402853908,0.37331699968490284,13.829850000547594,14.407888540517888
940,9986.187243498742,9986.187386124,9986.187386124,9986.188563145,9986.206316064,3,COMPLETED,True,0.1426252583769383,1.1770210003305692,17.752918998667155,19.072565257374663
941,9986.188042401225,9986.188292848,9986.188292848,9986.192640597,9986.206095343,2,COMPLETED,True,0.2504467756807571,4.347748999862233,13.454745998387807,18.052941773930797
942,9986.19505903767,9986.195173685,9986.195173685,9986.195835832,9986.217255715,0,COMPLETED,True,0.11464733142929617,0.6621470001846319,21.419882999907713,22.19667733152164
943,9986.201598581834,9986.201871564,9986.201871564,9986.202532021,9986.221692842,1,COMPLETED,True,0.2729821662796894,0.6604569989576703,19.16082100069616,20.09426016593352
944,9986.225299889984,9986.225583239,9986.225583239,9986.226145257,9986.239336919,2,COMPLETED,True,0.2833490161719965,0.5620179999823449,13.191661999371718,14.037029015526059
945,9986.231403827933,9986.231579033,9986.231579033,9986.232088991,9986.245130953,3,COMPLETED,True,0.1752050666254945,0.5099580012029037,13.041961999988416,13.727125067816814
946,9986.241626312556,9986.241801885,9986.241801885,9986.242360258,9986.255402776,0,COMPLETED,True,0.17557244427734986,0.5583729998761555,13.042517999565462,13.776463443718967
947,9986.246863998489,9986.247024288,9986.247024288,9986.247769524,9986.260852967,1,COMPLETED,True,0.1602895117684966,0.7452359986928059,13.083443000141415,13.988968510602717
948,9986.26173390867,9986.26189977,9986.26189977,9986.262770509,9986.276223827,2,COMPLETED,True,0.16586132915108465,0.8707390006748028,13.453318000756553,14.48991833058244
949,9986.263066484646,9986.263206303,9986.263206303,9986.263671114,9986.276740961,3,COMPLETED,True,0.13981835400045384,0.46481100071105175,13.0698470002244,13.674476354935905
950,9986.26705220234,9986.267270628,9986.267270628,9986.26797362,9986.281176975,0,COMPLETED,True,0.2184256591135636,0.7029920016066171,13.203354999859584,14.124772660579765
951,9986.295992514819,9986.296086769,9986.296086769,9986.29707229,9986.315725452,1,COMPLETED,True,0.09425418102182448,0.9855210009845905,18.653161998372525,19.73293718037894
952,9986.300910583492,9986.300996643,9986.300996643,9986.30158227,9986.315155969,2,COMPLETED,True,0.08605950824858155,0.5856269999640062,13.573698999607586,14.245385507820174
953,9986.303285523112,9986.30354617,9986.30354617,9986.304368318,9986.323083507,3,COMPLETED,True,0.26064688790938817,0.8221480002248427,18.715189000431565,19.797983888565795
954,9986.31576680214,9986.315877881,9986.315877881,9986.31674597,9986.330307746,0,COMPLETED,True,0.11107885984529275,0.8680890005052788,13.561776000642567,14.540943860993139
955,9986.321292658326,9986.32146175,9986.32146175,9986.32223924,9986.341643421,2,COMPLETED,True,0.16909167425183114,0.7774900004733354,19.40418099911767,20.350762673842837
956,9986.324509266791,9986.324635683,9986.324635683,9986.325293522,9986.340081996,1,COMPLETED,True,0.1264162092411425,0.6578390002687229,14.788473999942653,15.572729209452518
957,9986.352371012028,9986.352502552,9986.352502552,9986.353140246,9986.368626731,3,COMPLETED,True,0.13153997133485973,0.6376940000336617,15.4864850010199,16.255718972388422
958,9986.370743704374,9986.370869117,9986.370869117,9986.371506095,9986.391280245,0,COMPLETED,True,0.12541262549348176,0.636978000329691,19.774149999648216,20.53654062547139
959,9986.385258023414,9986.385340727,9986.385340727,9986.386201104,9986.405179117,1,COMPLETED,True,0.08270358557638247,0.8603770002082456,18.97801300037827,19.921093586162897
960,9986.386246879081,9986.386329591,9986.386329591,9986.386907213,9986.405865142,2,COMPLETED,True,0.08271191836684011,0.5776220004918287,18.957928999952856,19.618262918811524
961,9986.38729503241,9986.387439486,9986.387439486,9986.387885271,9986.401287666,3,COMPLETED,True,0.14445359011006076,0.4457850009202957,13.402394999502576,13.992633590532932
962,9986.425932731701,9986.426183732,9986.426183732,9986.426884863,9986.445803934,0,COMPLETED,True,0.25100029779423494,0.701131000823807,18.919071000709664,19.871202299327706
963,9986.452004613277,9986.452022301,9986.452022301,9986.452455029,9986.470532737,3,COMPLETED,True,0.017687723811832257,0.4327280003053602,18.07770799860009,18.528123722717282
964,9986.454501240622,9986.454757961,9986.454757961,9986.455518144,9986.474797965,1,COMPLETED,True,0.2567203791841166,0.7601829984196229,19.279821000964148,20.296724378567887
965,9986.45458001775,9986.454893486,9986.454893486,9986.455841158,9986.47629151,2,COMPLETED,True,0.31346825016953517,0.9476720006205142,20.450351999897975,21.711492250688025
966,9986.456020705868,9986.456150075,9986.456150075,9986.456743903,9986.470603118,0,COMPLETED,True,0.1293691329919966,0.5938279991823947,13.8592149996839,14.582412131858291
967,9986.457602898929,9986.457770235,9986.457770235,9986.470666471,9986.485575163,3,COMPLETED,True,0.16733607117203064,12.896235999505734,14.908692000972223,27.972264071649988
968,9986.458298047613,9986.458437268,9986.458437268,9986.470781972,9986.48433095,0,COMPLETED,True,0.1392203866998898,12.344704000497586,13.548977998652845,26.03290238585032
969,9986.472046624796,9986.472174095,9986.472174095,9986.475004886,9986.489687175,1,COMPLETED,True,0.1274702044611331,2.830790999723831,14.682289000120363,17.640550204305327
970,9986.48325017623,9986.483439869,9986.483439869,9986.484336506,9986.503382475,2,COMPLETED,True,0.1896927697089268,0.8966370005509816,19.045969000217156,20.132298770477064
971,9986.496266292035,9986.496351975,9986.496351975,9986.496899227,9986.510071914,0,COMPLETED,True,0.08568296470912173,0.5472520006151171,13.172686998586869,13.805621963911108
972,9986.523058486131,9986.523146378,9986.523146378,9986.523522917,9986.536906667,3,COMPLETED,True,0.08789186904323287,0.37653899926226586,13.383749999775318,13.848180868080817
973,9986.5265821079,9986.526716339,9986.526716339,9986.527323263,9986.546051428,1,COMPLETED,True,0.1342311006737873,0.6069240007491317,18.72816499962937,19.46932010105229
974,9986.539530604507,9986.539579275,9986.539579275,9986.540024176,9986.55343628,2,COMPLETED,True,0.04867049392487388,0.4449009993550135,13.412104000963154,13.905675494243042
975,9986.552446501899,9986.552592451,9986.552592451,9986.553215382,9986.572823096,0,COMPLETED,True,0.14594910135201644,0.6229310001799604,19.60771399899386,20.376594100525836
976,9986.56535353472,9986.565438299,9986.565438299,9986.565778241,9986.57867842,3,COMPLETED,True,0.08476428047288209,0.3399420002097031,12.900179001007928,13.324885281690513
977,9986.577483746043,9986.577661764,9986.577661764,9986.57857271,9986.596614885,1,COMPLETED,True,0.17801795729610603,0.9109459988394519,18.042175001028227,19.131138957163785
978,9986.589259656577,9986.589347065,9986.589347065,9986.589915624,9986.603060357,2,COMPLETED,True,0.08740842349652667,0.5685589985660044,13.14473300044483,13.800700422507362
979,9986.599402549311,9986.599534623,9986.599534623,9986.600217421,9986.618044989,0,COMPLETED,True,0.13207368829171173,0.6827980014350032,17.82756799912022,18.642439688846935
980,9986.61431322867,9986.614397489,9986.614397489,9986.614892216,9986.627819294,3,COMPLETED,True,0.08426032945862971,0.49472699902253225,12.927078001666814,13.506065330147976
981,9986.621897764608,9986.622028544,9986.622028544,9986.622685244,9986.63560474,1,COMPLETED,True,0.1307793918385869,0.6567000000359258,12.919496000904473,13.706975392778986
982,9986.662033056036,9986.662125734,9986.662125734,9986.662869292,9986.676621444,2,COMPLETED,True,0.09267796303902287,0.7435580009769183,13.75215199914237,14.588387963158311
983,9986.674510855019,9986.674621943,9986.674621943,9986.675365262,9986.69465382,0,COMPLETED,True,0.11108798207715154,0.7433189985022182,19.28855800179008,20.14296498236945
984,9986.678162743288,9986.678291331,9986.678291331,9986.678800453,9986.694708762,3,COMPLETED,True,0.12858771151513793,0.5091220009489916,15.908308998405118,16.546018710869248
985,9986.698647222534,9986.698777454,9986.698777454,9986.699546989,9986.718786916,1,COMPLETED,True,0.13023146493651439,0.7695350013818825,19.239926999944146,20.139693466262543
986,9986.704319392053,9986.704457149,9986.704457149,9986.705063321,9986.719914565,2,COMPLETED,True,0.13775694787909742,0.606171999606886,14.85124399914639,15.595172946632374
987,9986.716355896082,9986.716473541,9986.716473541,9986.716962964,9986.730166708,3,COMPLETED,True,0.11764491864596494,0.4894229987257859,13.20374399983848,13.81081191721023
988,9986.722508069717,9986.722758223,9986.722758223,9986.723300948,9986.738113305,0,COMPLETED,True,0.2501532835594844,0.5427249998319894,14.812356999755139,15.605235283146612
989,9986.731323779393,9986.731480002,9986.731480002,9986.73191638,9986.745007312,1,COMPLETED,True,0.15622260616510175,0.43637800081341993,13.090931999613531,13.683532606592053
990,9986.741750291421,9986.741961308,9986.741961308,9986.742714013,9986.760781262,2,COMPLETED,True,0.21101657875988167,0.7527050001954194,18.06724900052359,19.03097057947889
991,9986.743525017666,9986.74373122,9986.74373122,9986.744148526,9986.757877826,3,COMPLETED,True,0.2062023340840824,0.4173060005996376,13.729299998885836,14.352808333569556
992,9986.748516470881,9986.7486048,9986.7486048,9986.748925258,9986.762503076,0,COMPLETED,True,0.08832911771605723,0.3204580007150071,13.57781799924851,13.986605117679574
993,9986.758575221464,9986.758666111,9986.758666111,9986.759111399,9986.772534644,1,COMPLETED,True,0.09088953629543539,0.4452880002645543,13.423245000012685,13.959422536572674
994,9986.759922452418,9986.760090555,9986.760090555,9986.760503565,9986.773790187,3,COMPLETED,True,0.16810258239274845,0.4130099987378344,13.28662200103281,13.867734582163393
995,9986.76719001247,9986.767341606,9986.767341606,9986.768045267,9986.78624438,2,COMPLETED,True,0.15159353097260464,0.7036609986244002,18.199113001173828,19.054367530770833
996,9986.789907271868,9986.789992234,9986.789992234,9986.790706747,9986.808565679,0,COMPLETED,True,0.08496213195030577,0.714513000275474,17.858932000308414,18.658407132534194
997,9986.804509742813,9986.804635299,9986.804635299,9986.805259208,9986.824403309,1,COMPLETED,True,0.1255561874131672,0.6239089998416603,19.144100999255897,19.893566186510725
998,9986.817601951736,9986.81770779,9986.81770779,9986.818148212,9986.830932901,3,COMPLETED,True,0.10583826406218577,0.4404219998832559,12.784689000909566,13.330949264855008
999,9986.823156647764,9986.823274716,9986.823274716,9986.823903296,9986.839256895,2,COMPLETED,True,0.11806823567894753,0.6285799991019303,15.35359900117328,16.100247235954157
1000,9986.836173668906,9986.836350867,9986.836350867,9986.837207923,9986.856312229,0,COMPLETED,True,0.17719809511618223,0.8570559984946158,19.104306000372162,20.13856009398296
1001,9986.840056924273,9986.84023499,9986.84023499,9986.840884688,9986.855964484,1,COMPLETED,True,0.17806572759582195,0.649697998596821,15.079796001373325,15.907559727565967
1002,9986.8459203109,9986.846090959,9986.846090959,9986.846821818,9986.860473149,3,COMPLETED,True,0.17064809981093276,0.7308590011234628,13.651330998982303,14.552838099916698
1003,9986.845947411584,9986.846220592,9986.846220592,9986.846954945,9986.860232465,2,COMPLETED,True,0.27318041611579247,0.7343529996433062,13.277519999974174,14.285053415733273
1004,9986.855029763721,9986.855220829,9986.855220829,9986.856151642,9986.869373139,1,COMPLETED,True,0.1910652790684253,0.9308129992859904,13.221496999904048,14.343375278258463
1005,9986.865132110606,9986.865232644,9986.865232644,9986.865903853,9986.879203328,0,COMPLETED,True,0.1005333942885045,0.6712089998472948,13.29947500016715,14.071217394302948
1006,9986.868068994003,9986.868152985,9986.868152985,9986.868795228,9986.882140704,2,COMPLETED,True,0.08399099715461489,0.6422429996746359,13.345475999813061,14.071709996642312
1007,9986.901417257219,9986.901532813,9986.901532813,9986.902021235,9986.917553865,3,COMPLETED,True,0.11555578203115147,0.48842199976206757,15.532629999142955,16.136607780936174
1008,9986.903468231625,9986.903600068,9986.903600068,9986.903938219,9986.919531919,1,COMPLETED,True,0.13183637565816753,0.3381509995961096,15.59369999995397,16.063687375208247
1009,9986.904852200107,9986.904935855,9986.904935855,9986.905557724,9986.918772207,0,COMPLETED,True,0.0836548933875747,0.6218689995876048,13.214483000410837,13.920006893386017
1010,9986.910923577274,9986.911008472,9986.911008472,9986.911632905,9986.925168209,2,COMPLETED,True,0.08489472565997858,0.6244329997571185,13.535304000470205,14.244631725887302
1011,9986.911991812505,9986.912138803,9986.912138803,9986.917799141,9986.931917378,3,COMPLETED,True,0.1469904946134193,5.660337999870535,14.118237000730005,19.92556549521396
1012,9986.92868796146,9986.928849585,9986.928849585,9986.929295298,9986.94241254,0,COMPLETED,True,0.1616235404071631,0.44571299986273516,13.117242000589613,13.724578540859511
1013,9986.94117358306,9986.941291009,9986.941291009,9986.941794895,9986.955029786,1,COMPLETED,True,0.11742593960661907,0.503885999933118,13.2348910010478,13.856202940587536
1014,9986.960541371685,9986.960720702,9986.960720702,9986.961228859,9986.975453838,2,COMPLETED,True,0.17933031449501868,0.5081569997855695,14.224979000573512,14.9124663148541
1015,9986.975726995784,9986.976197333,9986.976197333,9986.976782881,9986.989676818,3,COMPLETED,True,0.4703372160292929,0.5855479994352208,12.893937000626465,13.949822216090979
1016,9987.004754618247,9987.004851508,9987.004851508,9987.005690689,9987.026311197,0,COMPLETED,True,0.09688975296739955,0.8391810006287415,20.62050799941062,21.55657875300676
1017,9987.004775741865,9987.004909846,9987.004909846,9987.005712567,9987.018653881,1,COMPLETED,True,0.1341041352134198,0.8027209987631068,12.941314000272541,13.878139134249068
1018,9987.020273425387,9987.020377539,9987.020377539,9987.021099556,9987.034602245,2,COMPLETED,True,0.10411361290607601,0.7220169991342118,13.502689000233659,14.328819612273946
1019,9987.024256251152,9987.024357024,9987.024357024,9987.024958511,9987.041227036,3,COMPLETED,True,0.10077284787257668,0.6014869995851768,16.268524999759393,16.970784847217146
1020,9987.052360906791,9987.052544767,9987.052544767,9987.053408788,9987.07132975,1,COMPLETED,True,0.18386020929028746,0.864020999870263,17.92096200006199,18.96884320922254
1021,9987.058612783765,9987.058797807,9987.058797807,9987.059591372,9987.078499787,0,COMPLETED,True,0.1850232347351266,0.7935650010040263,18.9084149988048,19.887003234543954
1022,9987.061854428832,9987.061954295,9987.061954295,9987.062612678,9987.076210838,2,COMPLETED,True,0.09986616896640044,0.6583829999726731,13.598159999673953,14.356409168613027
1023,9987.075546153419,9987.07571287,9987.07571287,9987.076807924,9987.096552218,3,COMPLETED,True,0.16671658158884384,1.0950539999612374,19.744293998883222,21.006064580433303
1024,9987.076643934646,9987.076793369,9987.076793369,9987.077291308,9987.090811456,1,COMPLETED,True,0.14943435417080764,0.497938999615144,13.52014800067991,14.167521354465862
1025,9987.08887694582,9987.088982774,9987.088982774,9987.089661237,9987.103235846,2,COMPLETED,True,0.10582817958493251,0.678463000440388,13.574608999988413,14.358900180013734
1026,9987.090940060296,9987.09120251,9987.09120251,9987.092256135,9987.106035524,0,COMPLETED,True,0.2624497046781471,1.053624999258318,13.779389000774245,15.09546370471071
1027,9987.095036470468,9987.095284475,9987.095284475,9987.096032457,9987.109484238,1,COMPLETED,True,0.24800453320494853,0.7479819996660808,13.451781000185292,14.447767533056322
1028,9987.096888156844,9987.097154242,9987.097154242,9987.097664978,9987.111781408,3,COMPLETED,True,0.2660851550899679,0.5107360011606943,14.116430000285618,14.89325115653628
1029,9987.110836786605,9987.110938052,9987.110938052,9987.111659809,9987.124681379,2,COMPLETED,True,0.10126539382326882,0.7217570000648266,13.021570001001237,13.844592394889332
1030,9987.11303516059,9987.113179509,9987.113179509,9987.113771627,9987.127206826,0,COMPLETED,True,0.14434841068577953,0.5921179999859305,13.435199000014109,14.171665410685819
1031,9987.125646074819,9987.125828672,9987.125828672,9987.126514212,9987.140053706,1,COMPLETED,True,0.18259718126500957,0.685539998812601,13.539494000724517,14.407631180802127
1032,9987.130222465557,9987.130335047,9987.130335047,9987.130955057,9987.144978879,3,COMPLETED,True,0.11258144331804942,0.6200099996931385,14.023821999217034,14.756413442228222
1033,9987.13108612502,9987.13123003,9987.13123003,9987.131687591,9987.145352505,2,COMPLETED,True,0.14390497926797252,0.4575610000756569,13.66491400040104,14.26637997974467
1034,9987.131713441464,9987.131845656,9987.131845656,9987.132267858,9987.145713422,0,COMPLETED,True,0.1322145362792071,0.42220199975417927,13.445563999994192,13.999980536027579
1035,9987.131991418422,9987.132123411,9987.132123411,9987.140458641,9987.154145251,1,COMPLETED,True,0.13199257773521822,8.335230000739102,13.686609998330823,22.153832576805144
1036,9987.135906797088,9987.136175358,9987.136175358,9987.145376227,9987.158976824,3,COMPLETED,True,0.2685609124455368,9.200868998959777,13.6005969998223,23.070026911227615
1037,9987.148156038285,9987.148300472,9987.148300472,9987.149014799,9987.162019333,2,COMPLETED,True,0.1444337140128482,0.7143270013330039,13.004533999264822,13.863294714610674
1038,9987.158286315707,9987.158388409,9987.158388409,9987.15907367,9987.172852932,0,COMPLETED,True,0.10209329229837749,0.6852610003988957,13.779262000753079,14.566616293450352
1039,9987.16857034536,9987.168687102,9987.168687102,9987.169319438,9987.182713623,1,COMPLETED,True,0.11675663881760556,0.6323360012174817,13.394184999924619,14.143277639959706
1040,9987.17441932466,9987.174693057,9987.174693057,9987.175654093,9987.19434558,3,COMPLETED,True,0.27373234115657397,0.9610359993530437,18.69148699915968,19.926255339669297
1041,9987.18148958646,9987.181636817,9987.181636817,9987.182262631,9987.200334932,2,COMPLETED,True,0.14723053936904762,0.6258140001591528,18.072300999847357,18.845345539375558
1042,9987.218297877536,9987.218456726,9987.218456726,9987.219073923,9987.232426891,0,COMPLETED,True,0.15884846288827248,0.6171970017021522,13.352967998798704,14.129013463389128
1043,9987.220003433586,9987.220194364,9987.220194364,9987.220722438,9987.234525696,1,COMPLETED,True,0.1909304137370782,0.5280740006128326,13.803257999825291,14.522262414175202
1044,9987.223992648407,9987.224151309,9987.224151309,9987.224838817,9987.243753058,3,COMPLETED,True,0.15866059220570605,0.6875079998280853,18.91424099994765,19.760409591981443
1045,9987.2261593896,9987.226306758,9987.226306758,9987.226882241,9987.241223971,2,COMPLETED,True,0.14736840057594236,0.5754829999204958,14.341729998704977,15.064581399201415
1046,9987.230495031006,9987.23074031,9987.23074031,9987.232589687,9987.246382787,0,COMPLETED,True,0.24527899404347409,1.849377000326058,13.793099999020342,15.887755993389874
1047,9987.239678026803,9987.23979626,9987.23979626,9987.24023296,9987.253515719,1,COMPLETED,True,0.1182331980089657,0.436700000136625,13.282758998684585,13.837692196830176
1048,9987.247438607337,9987.247553062,9987.247553062,9987.247930512,9987.261447637,2,COMPLETED,True,0.11445466225268319,0.3774500000872649,13.517125000362284,14.009029662702233
1049,9987.261107663171,9987.26126125,9987.26126125,9987.261879468,9987.279864786,3,COMPLETED,True,0.15358682867372409,0.6182180004543625,17.985317999773542,18.75712282890163
1050,9987.27194930972,9987.271997511,9987.271997511,9987.272611577,9987.291575255,0,COMPLETED,True,0.04820128015126102,0.6140660007076804,18.963677999636275,19.625945280495216
1051,9987.274121973749,9987.274156354,9987.274156354,9987.274539341,9987.288337519,1,COMPLETED,True,0.03438025123614352,0.3829870001936797,13.798177998978645,14.215545250408468
1052,9987.284312982873,9987.284488447,9987.284488447,9987.285065018,9987.298704888,2,COMPLETED,True,0.1754641270963475,0.5765710011473857,13.639869999678922,14.391905127922655
1053,9987.293642183513,9987.29373619,9987.29373619,9987.294145795,9987.307882359,3,COMPLETED,True,0.09400648741575424,0.40960499973152764,13.73656400028267,14.240175487429951
1054,9987.294235176154,9987.294346821,9987.294346821,9987.29490879,9987.309175856,1,COMPLETED,True,0.11164484567416366,0.5619690000457922,14.26706600068428,14.940679846404237
1055,9987.295448917974,9987.295632057,9987.295632057,9987.296180276,9987.309810116,0,COMPLETED,True,0.18313902546651661,0.5482190008478938,13.62983999933931,14.36119802565372
1056,9987.29678388079,9987.296950877,9987.296950877,9987.298908196,9987.31250636,2,COMPLETED,True,0.16699620937288273,1.95731900021201,13.598163999631652,15.722479209216544
1057,9987.300056424892,9987.300227775,9987.300227775,9987.308157721,9987.321423505,3,COMPLETED,True,0.17135010784841143,7.929945999421761,13.265784000395797,21.36708010766597
1058,9987.319344265088,9987.319613474,9987.319613474,9987.320214903,9987.33430912,1,COMPLETED,True,0.2692089110496454,0.6014290011080448,14.094217000092613,14.964854912250303
1059,9987.320651834963,9987.320804078,9987.320804078,9987.321294444,9987.338004923,0,COMPLETED,True,0.15224303569993936,0.4903660010313615,16.71047899981204,17.35308803654334
1060,9987.322213177244,9987.322350732,9987.322350732,9987.322655773,9987.335853389,2,COMPLETED,True,0.13755475629295688,0.30504099959216546,13.197616000979906,13.640211756865028
1061,9987.333234485717,9987.333425694,9987.333425694,9987.333840583,9987.347336719,3,COMPLETED,True,0.19120828255836386,0.41488900023978204,13.496135999957914,14.10223328275606
1062,9987.336826955569,9987.3369795,9987.3369795,9987.33742358,9987.350928686,1,COMPLETED,True,0.15254443133017048,0.44408000030671246,13.505106000593514,14.101730432230397
1063,9987.346144792784,9987.346231077,9987.346231077,9987.346563214,9987.360029753,2,COMPLETED,True,0.08628421528555918,0.3321370004414348,13.466538999637123,13.884960215364117
1064,9987.376605434407,9987.376693687,9987.376693687,9987.377401322,9987.395872037,0,COMPLETED,True,0.08825259283185005,0.7076350011629984,18.47071499832964,19.26660259232449
1065,9987.377133180558,9987.377214858,9987.377214858,9987.377679392,9987.394188015,3,COMPLETED,True,0.08167744090314955,0.464534001366701,16.508622999026556,17.054834441296407
1066,9987.380557810491,9987.380645701,9987.380645701,9987.381099536,9987.394834289,1,COMPLETED,True,0.08789050843915902,0.4538350003713276,13.734752999880584,14.27647850869107
1067,9987.387103989016,9987.387194341,9987.387194341,9987.387785638,9987.401891978,2,COMPLETED,True,0.09035198308993131,0.5912970009376295,14.106339998761541,14.787988982789102
1068,9987.408882285032,9987.408978878,9987.408978878,9987.409809662,9987.423095854,3,COMPLETED,True,0.0965929684753064,0.8307839998451527,13.28619199921377,14.21356896753423
1069,9987.41169598693,9987.411782226,9987.411782226,9987.412469369,9987.425307522,1,COMPLETED,True,0.08623906978755258,0.6871429995953804,12.83815300121205,13.611535070594982
1070,9987.421504527436,9987.421597916,9987.421597916,9987.422416743,9987.438616,0,COMPLETED,True,0.09338856398244388,0.8188270003302023,16.199256999243516,17.111472563556163
1071,9987.439246199394,9987.439383153,9987.439383153,9987.44019838,9987.455136728,2,COMPLETED,True,0.13695360576093663,0.8152270002028672,14.938348000214319,15.890528606178123
1072,9987.451185383292,9987.451283864,9987.451283864,9987.451976769,9987.465769406,3,COMPLETED,True,0.09848070840234868,0.6929049995960668,13.79263700073352,14.584022708731936
1073,9987.453571776885,9987.453674667,9987.453674667,9987.454208631,9987.467672795,1,COMPLETED,True,0.10289011515851598,0.5339639992598677,13.464164001561585,14.101018115979969
1074,9987.454825168952,9987.454934747,9987.454934747,9987.455523227,9987.471775191,0,COMPLETED,True,0.10957804806821514,0.588479999350966,16.251963999820873,16.950022047240054
1075,9987.461506283407,9987.461605239,9987.461605239,9987.462283043,9987.47607958,2,COMPLETED,True,0.0989555919659324,0.6778040005883668,13.796536999507225,14.573296592061524
1076,9987.466742981444,9987.466918889,9987.466918889,9987.467767446,9987.485950399,3,COMPLETED,True,0.1759075566951651,0.8485569996992126,18.18295299926831,19.207417555662687
1077,9987.469880446886,9987.470033137,9987.470033137,9987.470729712,9987.484415354,1,COMPLETED,True,0.15269011419150047,0.6965749998926185,13.685641999472864,14.534907113556983
1078,9987.471442102362,9987.47161015,9987.47161015,9987.472642625,9987.490447006,0,COMPLETED,True,0.16804763799882494,1.0324750001018401,17.804380999223213,19.004903637323878
1079,9987.47452239232,9987.474673884,9987.474673884,9987.476235281,9987.490328111,2,COMPLETED,True,0.1514916802989319,1.5613969990226906,14.092830000663525,15.805718679985148
1080,9987.486716774201,9987.486832013,9987.486832013,9987.487410445,9987.50165343,1,COMPLETED,True,0.11523879948072135,0.578431998292217,14.24298500023724,14.936655798010179
1081,9987.489281399177,9987.489381255,9987.489381255,9987.490074835,9987.510193435,3,COMPLETED,True,0.09985582255467307,0.6935799992788816,20.118600001296727,20.91203582313028
1082,9987.490363389672,9987.490514051,9987.490514051,9987.490894682,9987.504578301,2,COMPLETED,True,0.15066132800711785,0.380630999643472,13.683618999493774,14.214911327144364
1083,9987.495611674483,9987.4957037,9987.4957037,9987.496136702,9987.513439274,0,COMPLETED,True,0.09202551700582262,0.4330020001361845,17.302571999607608,17.827599516749615
1084,9987.499647396451,9987.499792684,9987.499792684,9987.501828893,9987.515443942,1,COMPLETED,True,0.14528754945786204,2.036208999925293,13.61504899978172,15.796545549164875
1085,9987.502369088003,9987.502463808,9987.502463808,9987.50494953,9987.518278293,2,COMPLETED,True,0.09471999692323152,2.485722001438262,13.328762999663013,15.909204998024506
1086,9987.51664437635,9987.516777002,9987.516777002,9987.517240634,9987.535314444,3,COMPLETED,True,0.1326256497122813,0.46363200090127066,18.07380999889574,18.670067649509292
1087,9987.517706151364,9987.517848313,9987.517848313,9987.518205456,9987.53721468,0,COMPLETED,True,0.14216163617675193,0.35714299883693457,19.009224000910763,19.50852863592445
1088,9987.518664358664,9987.518782805,9987.518782805,9987.51916515,9987.53231324,1,COMPLETED,True,0.11844633627333678,0.382345000616624,13.148089999958756,13.648881336848717
1089,9987.528921072771,9987.529066441,9987.529066441,9987.529557025,9987.547010298,2,COMPLETED,True,0.14536822891386691,0.4905839996354189,17.453272999773617,18.089225228322903
1090,9987.52994543703,9987.530078277,9987.530078277,9987.53267926,9987.546345727,1,COMPLETED,True,0.13283996850077529,2.6009830016846536,13.666466998984106,16.400289969169535
1091,9987.534566918299,9987.534656526,9987.534656526,9987.535604998,9987.552828715,3,COMPLETED,True,0.08960770173871424,0.9484719994361512,17.22371699906944,18.261796700244304
1092,9987.540662561749,9987.540758549,9987.540758549,9987.541139331,9987.559584338,0,COMPLETED,True,0.09598725046089385,0.380782001229818,18.44500699917262,18.92177625086333
1093,9987.543218687548,9987.543302732,9987.543302732,9987.546702634,9987.560151473,1,COMPLETED,True,0.08404445179621689,3.399901999728172,13.448839001284796,16.932785452809185
1094,9987.545640758737,9987.545725148,9987.545725148,9987.547503002,9987.561617009,2,COMPLETED,True,0.08438926306553185,1.7778540004655952,14.11400699907972,15.976250262610847
1095,9987.546739498956,9987.546829141,9987.546829141,9987.553151518,9987.571705945,3,COMPLETED,True,0.08964204425865319,6.322376999378321,18.55442700070853,24.966446044345503
1096,9987.549221116993,9987.549465255,9987.549465255,9987.559715926,9987.576692789,0,COMPLETED,True,0.2441380074742483,10.250670999084832,16.976863000309095,27.471672006868175
1097,9987.555572957468,9987.555668816,9987.555668816,9987.560503507,9987.573810843,1,COMPLETED,True,0.09585853149474133,4.8346910007239785,13.307335999343195,18.237885531561915
1098,9987.568838415478,9987.568938575,9987.568938575,9987.569505942,9987.58280384,2,COMPLETED,True,0.10015952102548908,0.5673670002579456,13.297898000018904,13.965424521302339
1099,9987.5811388789,9987.581276472,9987.581276472,9987.581929449,9987.600938672,3,COMPLETED,True,0.13759309877059422,0.6529769998451229,19.00922300046659,19.799793099082308
1100,9987.590262797838,9987.590353515,9987.590353515,9987.591031024,9987.604341765,1,COMPLETED,True,0.09071716158359777,0.6775090005248785,13.310741000168491,14.078967162276967
1101,9987.604911818196,9987.605002006,9987.605002006,9987.605810226,9987.626251895,0,COMPLETED,True,0.09018780292535666,0.8082200001808815,20.441669001229457,21.340076804335695
1102,9987.6059501202,9987.606033772,9987.606033772,9987.606469669,9987.619687881,2,COMPLETED,True,0.08365179928659927,0.4358969999884721,13.218212001447682,13.737760800722754
1103,9987.606562036035,9987.606645929,9987.606645929,9987.607134215,9987.625309294,3,COMPLETED,True,0.08389296453970019,0.48828600120032206,18.175078999774996,18.74725796551502
1104,9987.622762922383,9987.622865648,9987.622865648,9987.623687117,9987.640614659,1,COMPLETED,True,0.10272561667079572,0.8214690005843295,16.927541999393725,17.85173661664885
1105,9987.625473492631,9987.625743335,9987.625743335,9987.626268947,9987.639832303,2,COMPLETED,True,0.26984236865246203,0.5256120002741227,13.563356000304339,14.358810369230923
1106,9987.627236393831,9987.627479016,9987.627479016,9987.628064467,9987.6438156,3,COMPLETED,True,0.242622169025708,0.5854510000062874,15.751132999866968,16.579206168898963
1107,9987.635285546532,9987.635446,9987.635446,9987.636201655,9987.654564267,0,COMPLETED,True,0.1604534681973746,0.7556549990113126,18.36261200151057,19.278720468719257
1108,9987.63623151159,9987.636382191,9987.636382191,9987.64025809,9987.653953416,2,COMPLETED,True,0.1506794105807785,3.8758989994676085,13.69532600074308,17.721904410791467
1109,9987.643279710595,9987.643439868,9987.643439868,9987.644337569,9987.657891812,1,COMPLETED,True,0.16015740402508527,0.8977010002126917,13.554242999816779,14.612101404054556
1110,9987.64381982398,9987.643981623,9987.643981623,9987.644583998,9987.661620346,3,COMPLETED,True,0.16179902013391256,0.6023750011081574,17.036347999237478,17.800522020479548
1111,9987.645054720915,9987.645229769,9987.645229769,9987.654342237,9987.668037366,2,COMPLETED,True,0.1750480842019897,9.11246800023946,13.695129000552697,22.982645084994147
1112,9987.658764997921,9987.658867892,9987.658867892,9987.65948361,9987.674005166,0,COMPLETED,True,0.10289407873642631,0.6157179996080231,14.521556000545388,15.240168078889837
1113,9987.667572775195,9987.667671858,9987.667671858,9987.668216987,9987.681852349,1,COMPLETED,True,0.09908280480885878,0.5451289998745779,13.635362000059104,14.27957380474254
1114,9987.678197473324,9987.678279558,9987.678279558,9987.67906166,9987.697057618,3,COMPLETED,True,0.08208467625081539,0.782101998993312,17.995958000028622,18.86014467527275
1115,9987.702572960587,9987.702669555,9987.702669555,9987.703142378,9987.716515214,2,COMPLETED,True,0.09659441275289282,0.4728230014734436,13.372835999689414,13.94225341391575
1116,9987.703457723494,9987.703581868,9987.703581868,9987.703941674,9987.72034078,0,COMPLETED,True,0.12414450611686334,0.3598060011427151,16.399105999880703,16.88305650714028
1117,9987.709076540772,9987.709160953,9987.709160953,9987.709516341,9987.723146951,1,COMPLETED,True,0.08441222780675162,0.35538799966161605,13.630610001200694,14.070410228669061
1118,9987.709115162372,9987.709205165,9987.709205165,9987.709669802,9987.726211047,3,COMPLETED,True,0.09000262798508629,0.46463699982268736,16.541245000553317,17.09588462836109
1119,9987.725091554299,9987.725181871,9987.725181871,9987.725850903,9987.744530179,2,COMPLETED,True,0.09031670015247073,0.6690320005873218,18.679275999602396,19.43862470034219
1120,9987.74186811027,9987.741966274,9987.741966274,9987.742468626,9987.756655712,0,COMPLETED,True,0.09816372948989738,0.5023520006943727,14.187086000674753,14.787601730859024
1121,9987.751538253158,9987.751642947,9987.751642947,9987.756164173,9987.777799677,1,COMPLETED,True,0.10469384142197669,4.5212260010885075,21.635503999277717,26.2614238417882
1122,9987.757184733808,9987.757284748,9987.757284748,9987.757619481,9987.785704016,3,COMPLETED,True,0.10001419286709279,0.3347330002725357,28.084534998924937,28.519282192064566
1123,9987.757816482692,9987.757937469,9987.757937469,9987.760166946,9987.779715222,2,COMPLETED,True,0.12098630759282969,2.229477000582847,19.548275999113685,21.89873930728936
1124,9987.763518549547,9987.763660714,9987.763660714,9987.764201643,9987.785346504,0,COMPLETED,True,0.14216445197234862,0.540929000635515,21.144861000720994,21.827954453328857
1125,9987.764629002128,9987.764755304,9987.764755304,9987.777994396,9987.791461349,1,COMPLETED,True,0.12630187302420381,13.239091998912045,13.46695299980638,26.83234687174263
1126,9987.766070035355,9987.766316435,9987.766316435,9987.780158104,9987.793692766,2,COMPLETED,True,0.24639964431116823,13.841669000612455,13.53466199907416,27.622730643997784
1127,9987.769683921071,9987.769793117,9987.769793117,9987.785644281,9987.80378787,0,COMPLETED,True,0.10919592932623345,15.85116400019615,18.143588999009808,34.10394892853219
1128,9987.778168905359,9987.778307558,9987.778307558,9987.78598348,9987.804214792,3,COMPLETED,True,0.13865264008927625,7.67592200099898,18.231312000352773,26.04588664144103
1129,9987.787001721852,9987.787091632,9987.787091632,9987.791799517,9987.804882287,1,COMPLETED,True,0.08991014874482062,4.707884998424561,13.082770001346944,17.880565148516325
1130,9987.80632638894,9987.806512758,9987.806512758,9987.807192675,9987.826185279,2,COMPLETED,True,0.1863690595200751,0.6799170005251653,18.99260400023195,19.85889006027719
1131,9987.820954897612,9987.821039711,9987.821039711,9987.821413788,9987.838857056,0,COMPLETED,True,0.08481338772980962,0.37407700074254535,17.443267999624368,17.902158388096723
1132,9987.8232511551,9987.823332659,9987.823332659,9987.823848669,9987.843862522,3,COMPLETED,True,0.08150390021910425,0.516010000865208,20.01385299990943,20.611366900993744
1133,9987.825085097053,9987.825172092,9987.825172092,9987.825414667,9987.838705446,1,COMPLETED,True,0.08699494719621725,0.24257500081148464,13.290778999362374,13.620348947370076
1134,9987.832344526645,9987.832526172,9987.832526172,9987.833155926,9987.852888389,2,COMPLETED,True,0.18164535504183732,0.6297540003288304,19.732462998945266,20.543862354315934
1135,9987.834378145024,9987.834526443,9987.834526443,9987.839063385,9987.852298098,1,COMPLETED,True,0.14829797692073043,4.536941998594557,13.234713000201737,17.919952975717024
1136,9987.84373986765,9987.843830674,9987.843830674,9987.844177222,9987.857986701,0,COMPLETED,True,0.09080635027203243,0.34654799856070895,13.80947899997409,14.246833348806831
1137,9987.858344470176,9987.858543116,9987.858543116,9987.859134723,9987.872600225,3,COMPLETED,True,0.19864582463924307,0.59160699856875,13.46550200105412,14.255754824262112
1138,9987.865187720101,9987.865313941,9987.865313941,9987.865812745,9987.878375379,1,COMPLETED,True,0.12622089889191557,0.4988040000171168,12.562633999550599,13.187658898459631
1139,9987.877977735587,9987.878228368,9987.878228368,9987.878916993,9987.897633864,2,COMPLETED,True,0.250632412644336,0.6886250012030359,18.71687099992414,19.656128413771512
1140,9987.879922183876,9987.880138868,9987.880138868,9987.880599248,9987.897700084,0,COMPLETED,True,0.21668412409781013,0.46037999891268555,17.100836001191055,17.77790012420155
1141,9987.882717202494,9987.882873587,9987.882873587,9987.883480796,9987.90324473,3,COMPLETED,True,0.15638450531696435,0.6072090000088792,19.763934000366135,20.527527505691978
1142,9987.897267847551,9987.897441638,9987.897441638,9987.89804545,9987.911152571,1,COMPLETED,True,0.17379044948029332,0.6038119990989799,13.10712099984812,13.884723448427394
1143,9987.89942709614,9987.899609904,9987.899609904,9987.900309279,9987.913302203,2,COMPLETED,True,0.18280786025570706,0.6993750012043165,12.99292399926344,13.875106860723463
1144,9987.907259329673,9987.907420598,9987.907420598,9987.907975454,9987.921228308,0,COMPLETED,True,0.16126832633744925,0.5548560002353042,13.252853999802028,13.968978326374781
1145,9987.920397122163,9987.920482742,9987.920482742,9987.921052858,9987.934772067,3,COMPLETED,True,0.08561983668187167,0.570116000744747,13.719208998736576,14.374944836163195
1146,9987.958286248511,9987.958371947,9987.958371947,9987.959179367,9987.977777549,1,COMPLETED,True,0.0856984879646916,0.8074200013652444,18.598181999550434,19.49130048888037
1147,9987.961481851607,9987.961564517,9987.961564517,9987.962076214,9987.975272307,2,COMPLETED,True,0.08266539225587621,0.5116970005474286,13.196092999351094,13.7904553921544
1148,9987.967463011251,9987.9677134,9987.9677134,9987.968503582,9987.98692628,0,COMPLETED,True,0.2503887480997946,0.790182000855566,18.422697999994853,19.463268748950213
1149,9987.97703917203,9987.9771445,9987.9771445,9987.977848608,9987.995330209,3,COMPLETED,True,0.10532797023188323,0.704107998899417,17.48160100032692,18.29103696945822
1150,9987.981981227857,9987.982144197,9987.982144197,9987.982921571,9987.997025451,1,COMPLETED,True,0.16296914327540435,0.7773739998810925,14.103880001130165,15.044223144286661
1151,9987.982979382192,9987.983130358,9987.983130358,9987.983783062,9988.00355443,2,COMPLETED,True,0.15097580762812868,0.6527040004584705,19.771368000874645,20.575047808961244
1152,9987.983939522432,9987.98413225,9987.98413225,9987.987130557,9988.006028615,0,COMPLETED,True,0.1927275679918239,2.9983069998706924,18.898058000559104,22.08909256842162
1153,9987.991457296737,9987.991623202,9987.991623202,9987.99547376,9988.011978776,3,COMPLETED,True,0.1659052632021485,3.850557999612647,16.505015999427997,20.521479262242792
1154,9987.996847514245,9987.997049366,9987.997049366,9987.997739899,9988.010643245,1,COMPLETED,True,0.20185175526421517,0.6905329992150655,12.903345999802696,13.795730754281976
1155,9988.005333100167,9988.005502541,9988.005502541,9988.006334903,9988.021017301,2,COMPLETED,True,0.16944083290582057,0.8323620004375698,14.682397999422392,15.684200832765782
1156,9988.013288638407,9988.013383413,9988.013383413,9988.014011165,9988.027574831,0,COMPLETED,True,0.09477459207118955,0.6277520005824044,13.563665999754448,14.286192592408042
1157,9988.043197054796,9988.043290095,9988.043290095,9988.044078871,9988.056865064,1,COMPLETED,True,0.0930402038648026,0.7887760002631694,12.786192999556079,13.66800920368405
1158,9988.061974821556,9988.062082869,9988.062082869,9988.062842619,9988.081665408,3,COMPLETED,True,0.10804744488268625,0.7597499989060452,18.82278900120582,19.69058644499455
1159,9988.063524620044,9988.063701232,9988.063701232,9988.064293869,9988.079542608,2,COMPLETED,True,0.17661195670370944,0.5926369994995184,15.248739000526257,16.017987956729485
1160,9988.068215888738,9988.06836083,9988.06836083,9988.069065226,9988.085888301,0,COMPLETED,True,0.1449412629881408,0.7043959994916804,16.823075000502286,17.672412262982107
1161,9988.068242214136,9988.068480893,9988.068480893,9988.069194754,9988.082322189,1,COMPLETED,True,0.2386788637522841,0.7138609998946777,13.127435000569676,14.079974864216638
1162,9988.105425843014,9988.105528606,9988.105528606,9988.106430755,9988.122555686,2,COMPLETED,True,0.10276298598910216,0.9021490004670341,16.12493100037682,17.129842986832955
1163,9988.112120714528,9988.112229319,9988.112229319,9988.112890194,9988.128131412,3,COMPLETED,True,0.1086044721887447,0.6608749990846263,15.241218001392554,16.010697472665925
1164,9988.126897491378,9988.126975009,9988.126975009,9988.12767165,9988.145756339,1,COMPLETED,True,0.07751762132102158,0.6966410001041368,18.08468899980653,18.85884762123169
1165,9988.13895194391,9988.139209993,9988.139209993,9988.139937537,9988.159842704,0,COMPLETED,True,0.25804908909776714,0.7275440002558753,19.90516700061562,20.890760089969262
1166,9988.141308490796,9988.141518914,9988.141518914,9988.142022256,9988.155518719,2,COMPLETED,True,0.21042320440756157,0.5033419984101783,13.49646300150198,14.21022820431972
1167,9988.141803329632,9988.14192846,9988.14192846,9988.142598888,9988.162850296,3,COMPLETED,True,0.12513036745076533,0.6704280003759777,20.251407999239746,21.04696636706649
1168,9988.14460628646,9988.144741264,9988.144741264,9988.145896832,9988.16126051,1,COMPLETED,True,0.13497753934643697,1.1555680011952063,15.363677999630454,16.654223540172097
1169,9988.151662709217,9988.151791609,9988.151791609,9988.155731513,9988.169992767,2,COMPLETED,True,0.12889978279417846,3.9399039997078944,14.26125400030287,18.330057782804943
1170,9988.156427226284,9988.156588268,9988.156588268,9988.160394814,9988.17541161,0,COMPLETED,True,0.1610417166375555,3.806545999395894,15.016796000054455,18.984383716087905
1171,9988.186630312324,9988.186833042,9988.186833042,9988.187585082,9988.206706392,1,COMPLETED,True,0.20272967594792135,0.7520399994973559,19.121310000628,20.076079676073277
1172,9988.190843425662,9988.190932919,9988.190932919,9988.19172063,9988.206436413,3,COMPLETED,True,0.0894933382369345,0.7877110001572873,14.715782999701332,15.592987338095554
1173,9988.22802544851,9988.228138647,9988.228138647,9988.228889389,9988.24191868,2,COMPLETED,True,0.11319848999846727,0.7507419995818054,13.02929099983885,13.893231489419122
1174,9988.239138429575,9988.239266624,9988.239266624,9988.239714453,9988.253503757,0,COMPLETED,True,0.12819442417821847,0.4478290011320496,13.789303999146796,14.365327424457064
1175,9988.268719601963,9988.268840482,9988.268840482,9988.269601165,9988.282556092,3,COMPLETED,True,0.12088003677490633,0.7606830004078802,12.954926998645533,13.83649003582832
1176,9988.273375828257,9988.273401694,9988.273401694,9988.274218318,9988.293865694,1,COMPLETED,True,0.02586574191809632,0.816624000435695,19.647376000648364,20.489865743002156
1177,9988.277557799322,9988.277808079,9988.277808079,9988.278523956,9988.296718565,2,COMPLETED,True,0.2502796778571792,0.7158770004025428,18.19460899969272,19.16076567795244
1178,9988.287144332002,9988.287252899,9988.287252899,9988.287673345,9988.301577141,0,COMPLETED,True,0.10856699736905284,0.4204460001346888,13.903795999794966,14.432808997298707
1179,9988.292095201794,9988.292285327,9988.292285327,9988.293128888,9988.314892444,3,COMPLETED,True,0.19012520533578936,0.843561001602211,21.763555998404627,22.797242205342627
1180,9988.294190246968,9988.294434366,9988.294434366,9988.295365142,9988.309335453,1,COMPLETED,True,0.2441190317767905,0.9307759992225328,13.970310999866342,15.145206030865666
1181,9988.294419592088,9988.294559362,9988.294559362,9988.2970224,9988.311419753,2,COMPLETED,True,0.139769912493648,2.46303799940506,14.397352999367286,17.000160911265993
1182,9988.300136902939,9988.300376057,9988.300376057,9988.301777159,9988.320863828,0,COMPLETED,True,0.23915406200103462,1.4011019993631635,19.086668999079848,20.726925060444046
1183,9988.303753554936,9988.303967768,9988.303967768,9988.311763799,9988.325429678,2,COMPLETED,True,0.21421306519187056,7.7960309990885435,13.665878999745473,21.676123064025887
1184,9988.318628036026,9988.318833479,9988.318833479,9988.319508913,9988.332778176,1,COMPLETED,True,0.20544297331070993,0.6754340010957094,13.269262999529019,14.150139973935438
1185,9988.320659049132,9988.320795632,9988.320795632,9988.321365558,9988.334811276,3,COMPLETED,True,0.13658286843565293,0.569926000025589,13.445717999275075,14.152226867736317
1186,9988.331680666188,9988.331810941,9988.331810941,9988.332654123,9988.352463212,0,COMPLETED,True,0.13027481145400088,0.843182000608067,19.809089000773383,20.78254581283545
1187,9988.34321818321,9988.343380416,9988.343380416,9988.343820831,9988.357706,2,COMPLETED,True,0.16223278908000793,0.4404150004120311,13.885169000786846,14.487816790278885
1188,9988.343922927117,9988.344078284,9988.344078284,9988.344453928,9988.358076554,1,COMPLETED,True,0.15535688362433575,0.3756440000870498,13.622625998323201,14.153626882034587
1189,9988.372970534605,9988.373102802,9988.373102802,9988.373809187,9988.387567357,3,COMPLETED,True,0.13226739429228473,0.7063850007398287,13.758170000073733,14.596822395105846
1190,9988.375234210955,9988.375319954,9988.375319954,9988.375767624,9988.393552457,0,COMPLETED,True,0.08574304592912085,0.44766999963030685,17.784833000405342,18.31824604596477
1191,9988.395265583495,9988.395362254,9988.395362254,9988.396069944,9988.410205318,1,COMPLETED,True,0.09667050471762195,0.707690000126604,14.135374000034062,14.939734504878288
1192,9988.404636746309,9988.404778791,9988.404778791,9988.405313811,9988.423149281,2,COMPLETED,True,0.14204469152900856,0.535019999006181,17.83547000013641,18.5125346906716
1193,9988.418488065825,9988.418690603,9988.418690603,9988.419222812,9988.432398699,3,COMPLETED,True,0.2025371759373229,0.5322089982655598,13.175887001125375,13.910633175328257
1194,9988.427191785577,9988.42732671,9988.42732671,9988.427789323,9988.443687235,0,COMPLETED,True,0.13492442303686403,0.46261299939942546,15.897912000582437,16.495449423018727
1195,9988.436030847191,9988.436146625,9988.436146625,9988.436557776,9988.450283028,1,COMPLETED,True,0.11577780787774827,0.41115100066235755,13.725251999858301,14.252180808398407
1196,9988.448067026115,9988.448152345,9988.448152345,9988.448555017,9988.461625836,2,COMPLETED,True,0.08531888488505501,0.40267199983645696,13.070819000859046,13.558809885580558
1197,9988.450751958177,9988.450945408,9988.450945408,9988.451888614,9988.465204532,3,COMPLETED,True,0.19344982320035342,0.9432059996470343,13.315918000444071,14.45257382329146
1198,9988.45093862873,9988.45108031,9988.45108031,9988.452133731,9988.46530015,0,COMPLETED,True,0.14168127017910592,1.0534209995967103,13.166418999389862,14.361521269165678
1199,9988.46438269145,9988.464474213,9988.464474213,9988.464944652,9988.478369035,1,COMPLETED,True,0.09152154962066561,0.4704389994003577,13.42438299980131,13.986343548822333
1200,9988.471295239082,9988.471556269,9988.471556269,9988.472106816,9988.485281463,2,COMPLETED,True,0.26102991796506103,0.5505469998752233,13.174646999686956,13.98622391752724
1201,9988.47667871018,9988.476841692,9988.476841692,9988.477466906,9988.490634759,3,COMPLETED,True,0.16298181981255766,0.625214001047425,13.167852999686147,13.95604882054613
1202,9988.480469939557,9988.480647173,9988.480647173,9988.481155461,9988.494452182,0,COMPLETED,True,0.17723344353726134,0.5082879997644341,13.296720999278477,13.982242442580173
1203,9988.488054946096,9988.488155613,9988.488155613,9988.488672271,9988.501719402,1,COMPLETED,True,0.10066690447274595,0.5166579994693166,13.0471310003486,13.664455904290662
1204,9988.49499114346,9988.495076795,9988.495076795,9988.495515516,9988.508717767,2,COMPLETED,True,0.08565153984818608,0.43872100104636047,13.202250998801901,13.726623539696448
1205,9988.505256620012,9988.505356642,9988.505356642,9988.505948079,9988.519582915,3,COMPLETED,True,0.10002198723668698,0.5914370012760628,13.634835999255301,14.326294987768051
1206,9988.521061568626,9988.521158864,9988.521158864,9988.521894291,9988.542531474,0,COMPLETED,True,0.09729537305247504,0.7354270001087571,20.637183000872028,21.46990537403326
1207,9988.537039023378,9988.537127166,9988.537127166,9988.53769567,9988.550529762,1,COMPLETED,True,0.08814262218947988,0.5685039996023988,12.834092000048258,13.490738621840137
1208,9988.555404101116,9988.555488442,9988.555488442,9988.555845645,9988.569856494,2,COMPLETED,True,0.08434088340436574,0.35720300002139993,14.010848999532755,14.45239288295852
1209,9988.556226231885,9988.556461786,9988.556461786,9988.557056851,9988.575676277,3,COMPLETED,True,0.23555411462439224,0.5950649992882973,18.619426000441308,19.450045114353998
1210,9988.55709642093,9988.557308377,9988.557308377,9988.557928388,9988.578134428,0,COMPLETED,True,0.21195607041590847,0.6200110001373105,20.20604000063031,21.03800707118353
1211,9988.568221341633,9988.568476642,9988.568476642,9988.569091124,9988.58851084,1,COMPLETED,True,0.2553003669163445,0.6144819999462925,19.41971599990211,20.289498366764747
1212,9988.569802358135,9988.57001963,9988.57001963,9988.570346855,9988.583974636,2,COMPLETED,True,0.21727186503994744,0.32722499963711016,13.627780999740935,14.172277864417993
1213,9988.573020979778,9988.573137637,9988.573137637,9988.576181666,9988.589750644,3,COMPLETED,True,0.11665722195175476,3.04402899928391,13.568977999966592,16.729664221202256
1214,9988.573859253114,9988.573961303,9988.573961303,9988.578705373,9988.593189694,0,COMPLETED,True,0.10204988575424068,4.744070000015199,14.484321000054479,19.33044088582392
1215,9988.577216055455,9988.577315406,9988.577315406,9988.584414597,9988.598261004,2,COMPLETED,True,0.0993505454971455,7.099190999724669,13.846406998709426,21.04494854393124
1216,9988.58202767774,9988.582119747,9988.582119747,9988.588677631,9988.606625768,1,COMPLETED,True,0.09206926006299909,6.557884000358172,17.948136999621056,24.598090260042227
1217,9988.595075911097,9988.595142118,9988.595142118,9988.595704856,9988.609088649,3,COMPLETED,True,0.06620690328418277,0.562737999644014,13.383793000684818,14.012737903613015
1218,9988.600008873795,9988.600131011,9988.600131011,9988.604273803,9988.625610018,0,COMPLETED,True,0.1221372058353154,4.142791998674511,21.336215000701486,25.601144205211313
1219,9988.600175999438,9988.600192259,9988.600192259,9988.604295832,9988.617802633,2,COMPLETED,True,0.016259562471532263,4.103572999156313,13.506801000403357,17.626633562031202
1220,9988.601871260824,9988.601980961,9988.601980961,9988.60943699,9988.622807599,3,COMPLETED,True,0.10970017683575861,7.456028999513364,13.370609000048717,20.93633817639784
1221,9988.60439782262,9988.604578406,9988.604578406,9988.611068433,9988.624542212,1,COMPLETED,True,0.18058337991533335,6.490026999017573,13.473778999468777,20.144389378401684
1222,9988.607394694294,9988.607561076,9988.607561076,9988.618119366,9988.631427117,2,COMPLETED,True,0.16638170563965105,10.55828999960795,13.307750999956625,24.032422705204226
1223,9988.613363428909,9988.613525428,9988.613525428,9988.623158599,9988.644380496,3,COMPLETED,True,0.16199909077840857,9.633171001041774,21.22189699912269,31.017067090942874
1224,9988.628373851921,9988.628586226,9988.628586226,9988.629182389,9988.642412942,1,COMPLETED,True,0.21237407781882212,0.5961630013189279,13.230552998720668,14.039090077858418
1225,9988.629319762978,9988.629487458,9988.629487458,9988.629790741,9988.64348796,0,COMPLETED,True,0.16769502144597936,0.3032830009033205,13.697218999368488,14.168197021717788
1226,9988.635092445369,9988.635324323,9988.635324323,9988.635878138,9988.653801096,2,COMPLETED,True,0.23187763144960627,0.5538149998756126,17.922957998962374,18.708650630287593
1227,9988.645794289321,9988.645941125,9988.645941125,9988.646344202,9988.659808216,1,COMPLETED,True,0.1468356786062941,0.40307699964614585,13.46401400041941,14.01392667867185
1228,9988.646128066766,9988.646245315,9988.646245315,9988.646683053,9988.661715631,0,COMPLETED,True,0.11724823343683966,0.43773800098279025,15.032577999591012,15.587564234010642
1229,9988.647839443945,9988.647964031,9988.647964031,9988.648340139,9988.661834716,3,COMPLETED,True,0.12458705532480963,0.3761079988180427,13.494577000528807,13.99527205467166
1230,9988.676271483793,9988.67636439,9988.67636439,9988.676813552,9988.690296798,2,COMPLETED,True,0.092906206191401,0.4491620002227137,13.483246000760118,14.025314207174233
1231,9988.698173296068,9988.698260532,9988.698260532,9988.698778182,9988.712540616,1,COMPLETED,True,0.08723593236936722,0.5176499998924555,13.76243399863597,14.367319930897793
1232,9988.702737605612,9988.702823764,9988.702823764,9988.70323974,9988.716818234,0,COMPLETED,True,0.0861583885125583,0.4159759992035106,13.578493999375496,14.080628387091565
1233,9988.706107394028,9988.706195186,9988.706195186,9988.706589699,9988.720190008,3,COMPLETED,True,0.08779197196417954,0.3945130010833964,13.600308999230037,14.082613972277613
1234,9988.719983209414,9988.720103694,9988.720103694,9988.720832375,9988.734591576,2,COMPLETED,True,0.12048458665958606,0.7286809996003285,13.759200999629684,14.608366585889598
1235,9988.720772364164,9988.720865249,9988.720865249,9988.721338314,9988.734464563,1,COMPLETED,True,0.09288483670388814,0.4730649998236913,13.12624899946968,13.69219883599726
1236,9988.727268645021,9988.727355964,9988.727355964,9988.728078355,9988.741466525,0,COMPLETED,True,0.0873189783305861,0.7223909997264855,13.388170000325772,14.197879978382844
1237,9988.73417184246,9988.734452988,9988.734452988,9988.735139898,9988.750197866,3,COMPLETED,True,0.2811455397022655,0.6869100016047014,15.057967999382527,16.026023540689494
1238,9988.737895777655,9988.738002458,9988.738002458,9988.73843729,9988.751890807,1,COMPLETED,True,0.10668034519767389,0.43483199988259,13.45351700001629,13.995029345096555
1239,9988.742613869656,9988.742704496,9988.742704496,9988.743360118,9988.757303179,2,COMPLETED,True,0.09062634489964694,0.6556219996127766,13.94306099973619,14.689309344248613
1240,9988.74333804771,9988.743422986,9988.743422986,9988.743838622,9988.757472077,0,COMPLETED,True,0.0849382886372041,0.4156360009801574,13.633455000672257,14.134029290289618
1241,9988.75347255105,9988.753757237,9988.753757237,9988.754426571,9988.769096493,3,COMPLETED,True,0.28468594973674044,0.6693340001220349,14.669922000393854,15.623941950252629
1242,9988.754915541043,9988.755050454,9988.755050454,9988.755445994,9988.769262992,1,COMPLETED,True,0.13491295612766407,0.39554000068164896,13.816998000038438,14.347450956847752
1243,9988.758195297567,9988.758300286,9988.758300286,9988.758615942,9988.771893637,2,COMPLETED,True,0.10498843221284915,0.31565600147587247,13.277694999487721,13.698339433176443
1244,9988.763252527508,9988.763340726,9988.763340726,9988.764078847,9988.777482296,0,COMPLETED,True,0.08819849244900979,0.7381209998129634,13.403449000179535,14.229768492441508
1245,9988.768961034883,9988.769072007,9988.769072007,9988.769447164,9988.78265378,3,COMPLETED,True,0.11097211790911388,0.37515700023504905,13.20661599856976,13.692745116713922
1246,9988.78442682166,9988.784519492,9988.784519492,9988.784946935,9988.798967196,1,COMPLETED,True,0.09267033965443261,0.42744300117192324,14.0202610000415,14.540374340867857
1247,9988.786914068283,9988.787011863,9988.787011863,9988.787317081,9988.80181596,2,COMPLETED,True,0.09779471656656824,0.3052179999940563,14.4988789998024,14.901891716363025
1248,9988.7925104288,9988.792598473,9988.792598473,9988.793052711,9988.809113003,0,COMPLETED,True,0.08804420031083282,0.4542379992926726,16.060292000474874,16.60257420007838
1249,9988.813262576869,9988.813384472,9988.813384472,9988.813991902,9988.832912903,3,COMPLETED,True,0.12189513108751271,0.6074299999454524,18.92100100121752,19.650326132250484
1250,9988.823126084255,9988.82324186,9988.82324186,9988.823898802,9988.838885302,1,COMPLETED,True,0.11577574514376465,0.6569420002051629,14.986500000304659,15.759217745653586
1251,9988.854373490645,9988.854565083,9988.854565083,9988.855210933,9988.874196085,2,COMPLETED,True,0.19159235489496496,0.6458499992731959,18.98515200082329,19.822594354991452
1252,9988.856811448712,9988.856900713,9988.856900713,9988.857306823,9988.877610832,0,COMPLETED,True,0.08926428927225061,0.40610999894852284,20.3040090000286,20.799383288249373
1253,9988.863966925932,9988.864089934,9988.864089934,9988.864452948,9988.877823238,3,COMPLETED,True,0.12300806884013582,0.36301399995863903,13.370289998420049,13.856312067218823
1254,9988.867081124838,9988.867231848,9988.867231848,9988.86783125,9988.889755802,1,COMPLETED,True,0.15072316273290198,0.599401999352267,21.924552000200492,22.67467716228566
1255,9988.87364783312,9988.873807765,9988.873807765,9988.874666947,9988.889026345,2,COMPLETED,True,0.15993188026186544,0.8591820005676709,14.359397999214707,15.378511880044243
1256,9988.878125623924,9988.878278014,9988.878278014,9988.87885261,9988.895449628,0,COMPLETED,True,0.1523900773463538,0.5745959988416871,16.59701800053881,17.32400407672685
1257,9988.879286950976,9988.879409956,9988.879409956,9988.879834866,9988.893455703,3,COMPLETED,True,0.12300502385187428,0.4249100002198247,13.620837000416941,14.16875202448864
1258,9988.894440199789,9988.894458907,9988.894458907,9988.895042604,9988.909657514,2,COMPLETED,True,0.0187072109838482,0.5836969994561514,14.614910000091186,15.217314210531185
1259,9988.898001710564,9988.898103888,9988.898103888,9988.898559631,9988.918041727,1,COMPLETED,True,0.10217743511020672,0.4557430002023466,19.48209600050177,20.040016435814323
1260,9988.898074968874,9988.898153774,9988.898153774,9988.898679791,9988.920682789,3,COMPLETED,True,0.07880512566771358,0.5260170000838116,22.002997999152285,22.60782012490381
1261,9988.900632958559,9988.900736847,9988.900736847,9988.90107352,9988.915285816,0,COMPLETED,True,0.10388844020781107,0.33667300158413127,14.212295998731861,14.652857440523803
1262,9988.912363788393,9988.912482589,9988.912482589,9988.912998319,9988.926894652,2,COMPLETED,True,0.11880060628755018,0.5157300001883414,13.896333000957384,14.530863607433275
1263,9988.914476415337,9988.914585959,9988.914585959,9988.915476593,9988.929411045,0,COMPLETED,True,0.10954366371151991,0.8906339990062406,13.934451999375597,14.934629662093357
1264,9988.919996426263,9988.920143816,9988.920143816,9988.920699569,9988.936862248,1,COMPLETED,True,0.14738973732164595,0.5557530002988642,16.162678999535274,16.865821737155784
1265,9988.939529588413,9988.939626009,9988.939626009,9988.940110972,9988.953881731,3,COMPLETED,True,0.09642058648751117,0.48496300041733775,13.770759000180988,14.352142587085837
1266,9988.945375923095,9988.94556852,9988.94556852,9988.945981114,9988.959607147,2,COMPLETED,True,0.19259690452599898,0.41259400131821167,13.626033000036841,14.231223905881052
1267,9988.94938768168,9988.949545666,9988.949545666,9988.949980889,9988.963662434,0,COMPLETED,True,0.15798432104929816,0.4352229989308398,13.681545000508777,14.274752320488915
1268,9988.951891731784,9988.952058498,9988.952058498,9988.952443302,9988.966206856,1,COMPLETED,True,0.1667662163526984,0.3848039996228181,13.763553999524447,14.315124215499964
1269,9988.963230889234,9988.963322994,9988.963322994,9988.963747209,9988.977243445,3,COMPLETED,True,0.0921047649171669,0.4242150007485179,13.496236000719364,14.012555766385049
1270,9988.965769937744,9988.965868783,9988.965868783,9988.966198394,9988.97976068,2,COMPLETED,True,0.09884525570669211,0.3296110007795505,13.562285999796586,13.990742256282829
1271,9988.968828789964,9988.968964526,9988.968964526,9988.96939228,9988.986420642,0,COMPLETED,True,0.13573603609984275,0.4277539992472157,17.02836200092861,17.591852036275668
1272,9988.969869416082,9988.969996822,9988.969996822,9988.970325527,9988.984636853,1,COMPLETED,True,0.127405917737633,0.3287050003564218,14.311326000097324,14.767436918191379
1273,9988.97682531441,9988.976921883,9988.976921883,9988.977562173,9988.991382315,3,COMPLETED,True,0.09656859037932009,0.6402899998647626,13.820141999531188,14.55700058977527
1274,9988.979485172884,9988.979590896,9988.979590896,9988.979966541,9988.993464909,2,COMPLETED,True,0.10572311657597311,0.37564499871223234,13.498368000000482,13.979736115288688
1275,9988.985294664713,9988.985399343,9988.985399343,9988.985772911,9988.999376073,1,COMPLETED,True,0.10467828724358696,0.37356800021370873,13.603161998616997,14.081408286074293
1276,9988.985439401427,9988.985463422,9988.985463422,9988.986887434,9989.00139759,0,COMPLETED,True,0.024020571800065227,1.424012001734809,14.510155999232666,15.95818857276754
1277,9989.020327110606,9989.020464614,9989.020464614,9989.020997477,9989.034269056,3,COMPLETED,True,0.13750339348916896,0.5328630013536895,13.271578998683253,13.941945393526112
1278,9989.022147228248,9989.022404572,9989.022404572,9989.02283075,9989.036572141,2,COMPLETED,True,0.25734375230968,0.4261779995431425,13.741390999712166,14.424912751564989
1279,9989.028298812194,9989.028456982,9989.028456982,9989.029042561,9989.047798509,1,COMPLETED,True,0.15816980521776713,0.5855790004716255,18.75594800003455,19.499696805723943
1280,9989.030127632266,9989.030262744,9989.030262744,9989.030549175,9989.044436587,0,COMPLETED,True,0.13511173347069416,0.28643100085901096,13.887412000258337,14.308954734588042
1281,9989.047548670751,9989.047652469,9989.047652469,9989.048401601,9989.066539608,3,COMPLETED,True,0.10379824925621506,0.7491319993278012,18.138007000743528,18.990937249327544
1282,9989.04858988877,9989.048703643,9989.048703643,9989.049038779,9989.062215847,2,COMPLETED,True,0.1137542312790174,0.3351359991938807,13.17706800000451,13.625958230477409
1283,9989.057962370112,9989.058089754,9989.058089754,9989.058517138,9989.075176403,0,COMPLETED,True,0.12738388795696665,0.42738400043162983,16.659264998452272,17.21403288684087
1284,9989.06256739463,9989.062661218,9989.062661218,9989.06316524,9989.080994049,1,COMPLETED,True,0.09382336975249927,0.5040220003138529,17.82880899918382,18.426654369250173
1285,9989.071726250584,9989.071812968,9989.071812968,9989.072403589,9989.085565887,2,COMPLETED,True,0.08671741670696065,0.5906209989916533,13.162298000679584,13.839636416378198
1286,9989.076510537965,9989.076649224,9989.076649224,9989.077261292,9989.090442589,3,COMPLETED,True,0.13868603491573595,0.6120679990999633,13.181297001210623,13.932051035226323
1287,9989.0854973522,9989.085588318,9989.085588318,9989.086412337,9989.099792012,0,COMPLETED,True,0.09096579924516845,0.8240189999924041,13.379675001488067,14.29465980072564
1288,9989.086789128596,9989.08693931,9989.08693931,9989.087524576,9989.10613035,1,COMPLETED,True,0.1501814040238969,0.5852659996889997,18.605773999297526,19.341221403010422
1289,9989.09295044225,9989.093041726,9989.093041726,9989.093619178,9989.107513401,2,COMPLETED,True,0.09128375131695066,0.5774519995611627,13.894223000534112,14.562958751412225
1290,9989.09955459366,9989.099698072,9989.099698072,9989.100248744,9989.114076222,3,COMPLETED,True,0.14347833894134965,0.5506720008270349,13.827478000166593,14.521628339934978
1291,9989.114667249849,9989.114753812,9989.114753812,9989.11531956,9989.128772604,0,COMPLETED,True,0.08656215140945278,0.5657479996443726,13.45304399910674,14.105354150160565
1292,9989.117857394138,9989.117937695,9989.117937695,9989.118727077,9989.132415599,1,COMPLETED,True,0.0803008624643553,0.7893820002209395,13.68852199993853,14.558204862623825
1293,9989.1182389099,9989.11840514,9989.11840514,9989.118770279,9989.131939407,2,COMPLETED,True,0.1662301001488231,0.3651389997685328,13.16912800029968,13.700497100217035
1294,9989.137165469343,9989.137257207,9989.137257207,9989.138145245,9989.156644586,3,COMPLETED,True,0.09173765647574328,0.8880380009941291,18.499341000278946,19.47911665774882
1295,9989.141147875293,9989.141229996,9989.141229996,9989.141834452,9989.156427155,0,COMPLETED,True,0.08212070679292083,0.6044560013833689,14.592702998925233,15.279279707101523
1296,9989.147461125793,9989.147496204,9989.147496204,9989.148138925,9989.161330786,2,COMPLETED,True,0.035078206565231085,0.6427210009860573,13.191861000450444,13.869660208001733
1297,9989.149453487378,9989.149586633,9989.149586633,9989.15022647,9989.169854912,1,COMPLETED,True,0.1331456223852001,0.6398369987437036,19.62844199988467,20.401424621013575
1298,9989.1538024634,9989.153885137,9989.153885137,9989.156731115,9989.173592615,0,COMPLETED,True,0.08267360135505442,2.8459779987315414,16.8615000002319,19.790151600318495
1299,9989.163628920343,9989.163716815,9989.163716815,9989.164535807,9989.178242075,3,COMPLETED,True,0.0878946557349991,0.8189920008589979,13.706268000532873,14.61315465712687
1300,9989.178745034598,9989.178804853,9989.178804853,9989.184273155,9989.200104637,2,COMPLETED,True,0.05981840149615891,5.468302000736003,15.831482000066899,21.35960240229906
1301,9989.182537972922,9989.182761503,9989.182761503,9989.184444657,9989.211638334,1,COMPLETED,True,0.22353007807396352,1.6831539996928768,27.193677000468597,29.100361078235437
1302,9989.19394803065,9989.194107848,9989.194107848,9989.194618082,9989.208242339,0,COMPLETED,True,0.15981734941306058,0.5102340001030825,13.624257000628859,14.294308350145002
1303,9989.195710953842,9989.195850048,9989.195850048,9989.196338228,9989.214928461,3,COMPLETED,True,0.13909415793023072,0.4881799995928304,18.590233001305023,19.217507158828084
1304,9989.219807211159,9989.219905779,9989.219905779,9989.220452024,9989.233676454,2,COMPLETED,True,0.09856784163275734,0.5462449989863671,13.224430000263965,13.86924284088309
1305,9989.225267380813,9989.225362169,9989.225362169,9989.225981488,9989.239524683,0,COMPLETED,True,0.09478818719799165,0.6193190001795301,13.543195000238484,14.257302187616006
1306,9989.243015728565,9989.243114161,9989.243114161,9989.243843126,9989.257431455,1,COMPLETED,True,0.09843243424256798,0.7289650002348935,13.588329000413069,14.41572643489053
1307,9989.252753088444,9989.252851183,9989.252851183,9989.253538751,9989.266573323,3,COMPLETED,True,0.09809455696085934,0.6875679991935613,13.034572000833577,13.820234556987998
1308,9989.281163717196,9989.281262122,9989.281262122,9989.281903036,9989.295213264,2,COMPLETED,True,0.09840480379352812,0.6409140005416702,13.310227999681956,14.049546804017154
1309,9989.307031388731,9989.307175545,9989.307175545,9989.307838821,9989.32660094,0,COMPLETED,True,0.14415626901609357,0.6632759996136883,18.762118999802624,19.569551268432406
1310,9989.323928835835,9989.324105741,9989.324105741,9989.324728695,9989.343960171,1,COMPLETED,True,0.1769051650626352,0.6229540013009682,19.231475998822134,20.031335165185737
1311,9989.343134437684,9989.343221208,9989.343221208,9989.343666827,9989.359722643,3,COMPLETED,True,0.08677031655679457,0.4456189999473281,16.055815998697653,16.588205315201776
1312,9989.34494288074,9989.345072766,9989.345072766,9989.345738737,9989.363824926,2,COMPLETED,True,0.1298852603213163,0.6659709997620666,18.086189000314334,18.882045260397717
1313,9989.347204127516,9989.347325488,9989.347325488,9989.34815005,9989.36183585,0,COMPLETED,True,0.12136048280808609,0.8245620010711718,13.685800000530435,14.631722484409693
1314,9989.359780535297,9989.359921548,9989.359921548,9989.360776343,9989.374364826,1,COMPLETED,True,0.14101270426181145,0.8547950001229765,13.588482999693952,14.58429070407874
1315,9989.375329426171,9989.375421001,9989.375421001,9989.376317548,9989.396885784,3,COMPLETED,True,0.09157482782029547,0.896547000593273,20.568235999235185,21.556357827648753
1316,9989.37563853876,9989.375968796,9989.375968796,9989.376419601,9989.389411816,0,COMPLETED,True,0.33025723860191647,0.4508050005824771,12.992215000849683,13.773277240034076
1317,9989.378503141777,9989.378582838,9989.378582838,9989.379285512,9989.392784418,2,COMPLETED,True,0.07969622311065905,0.7026739986031316,13.49890600067738,14.28127622239117
1318,9989.385756667163,9989.385848676,9989.385848676,9989.386542019,9989.40294988,1,COMPLETED,True,0.0920088368729921,0.6933429995115148,16.407860999606783,17.19321283599129
1319,9989.386376627672,9989.386577658,9989.386577658,9989.389779429,9989.402998047,0,COMPLETED,True,0.20103032875340432,3.201771000021836,13.218617999882554,16.621419328657794
1320,9989.405825928714,9989.40599266,9989.40599266,9989.406713617,9989.420265331,2,COMPLETED,True,0.1667312862991821,0.7209569994302001,13.551714000641368,14.43940228637075
1321,9989.407052766324,9989.407159562,9989.407159562,9989.407581317,9989.420933662,3,COMPLETED,True,0.10679567640181631,0.4217549994791625,13.352345000384958,13.880895676265936
1322,9989.407874525512,9989.407994315,9989.407994315,9989.40840444,9989.421968196,1,COMPLETED,True,0.11978948896285146,0.4101249996892875,13.563755999712157,14.093670488364296
1323,9989.413475888183,9989.413631542,9989.413631542,9989.414417229,9989.433884115,0,COMPLETED,True,0.15565381727355998,0.7856869997340254,19.46688600037305,20.408226817380637
1324,9989.423772857377,9989.423864449,9989.423864449,9989.424500747,9989.4375088,2,COMPLETED,True,0.0915916225494584,0.6362980002450058,13.008052999794018,13.735942622588482
1325,9989.426553825902,9989.426634479,9989.426634479,9989.427226281,9989.440476932,3,COMPLETED,True,0.08065309702942614,0.5918019996897783,13.25065100172651,13.923106098445714
1326,9989.432006857898,9989.432193879,9989.432193879,9989.432784541,9989.450975275,1,COMPLETED,True,0.18702110173762776,0.5906620008317987,18.190733999290387,18.968417101859814
1327,9989.44476308984,9989.444934518,9989.444934518,9989.44543463,9989.459622425,0,COMPLETED,True,0.17142816068371758,0.5001120007364079,14.18779499908851,14.859335160508635
1328,9989.445557114474,9989.445662406,9989.445662406,9989.445969992,9989.459217778,2,COMPLETED,True,0.10529152677918319,0.3075860004173592,13.247785998828476,13.660663526025019
1329,9989.459327473935,9989.459417174,9989.459417174,9989.459989111,9989.473004987,3,COMPLETED,True,0.08970006456365809,0.5719370001315838,13.015876000281423,13.677513064976665
1330,9989.461437236589,9989.461618101,9989.461618101,9989.462030428,9989.475223883,1,COMPLETED,True,0.18086441195919178,0.4123269991396228,13.193455000873655,13.78664641197247
1331,9989.47328324331,9989.473539798,9989.473539798,9989.474020806,9989.487560208,2,COMPLETED,True,0.2565546910773264,0.48100799904204905,13.539401999878464,14.27696468999784
1332,9989.475236460517,9989.475473067,9989.475473067,9989.476157839,9989.489886263,0,COMPLETED,True,0.23660648184886668,0.6847720014775405,13.72842399905494,14.649802482381347
1333,9989.480525101952,9989.480674799,9989.480674799,9989.481386349,9989.49611759,3,COMPLETED,True,0.14969704898248892,0.7115499993233243,14.73124100084533,15.592488049151143
1334,9989.481062688328,9989.481279065,9989.481279065,9989.481738661,9989.495436045,1,COMPLETED,True,0.2163766712328652,0.45959599992784206,13.697383999897284,14.37335667105799
1335,9989.487501850503,9989.487675877,9989.487675877,9989.488413472,9989.50182895,2,COMPLETED,True,0.17402649791620206,0.7375949990091613,13.415478000752046,14.327099497677409
1336,9989.502749399513,9989.502955628,9989.502955628,9989.50336775,9989.516598858,0,COMPLETED,True,0.20622848751372658,0.41212199903384317,13.231107999672531,13.849458486220101
1337,9989.5114216268,9989.511582387,9989.511582387,9989.512097811,9989.525381848,1,COMPLETED,True,0.16076020074251574,0.5154240006959299,13.284036998811644,13.96022120025009
1338,9989.515823543059,9989.515992496,9989.515992496,9989.516887796,9989.530522335,3,COMPLETED,True,0.1689529417490121,0.8952999996836297,13.634539000122459,14.6987919415551
1339,9989.523651019375,9989.523813936,9989.523813936,9989.524365912,9989.53796954,2,COMPLETED,True,0.16291662541334517,0.5519759997696383,13.603628000055323,14.318520625238307
1340,9989.527173753933,9989.527321403,9989.527321403,9989.52776591,9989.541342213,0,COMPLETED,True,0.14764906700293068,0.44450699897424784,13.576303001173073,14.168459067150252
1341,9989.530134037042,9989.530268477,9989.530268477,9989.53071847,9989.549192307,1,COMPLETED,True,0.13443995703710243,0.4499930000747554,18.473837000783533,19.05826995789539
1342,9989.531585887638,9989.531723048,9989.531723048,9989.531998167,9989.545443595,3,COMPLETED,True,0.13716036119149067,0.27511900043464266,13.445427999613457,13.85770736123959
1343,9989.53798173531,9989.538215969,9989.538215969,9989.538980326,9989.552322625,2,COMPLETED,True,0.23423369020747487,0.7643570006621303,13.342299000214553,14.340889691084158
1344,9989.55688536834,9989.557009564,9989.557009564,9989.55742096,9989.570440686,0,COMPLETED,True,0.12419565973686986,0.41139600034512114,13.019726000493392,13.555317660575383
1345,9989.558746231141,9989.558924502,9989.558924502,9989.559305387,9989.572294938,3,COMPLETED,True,0.17827085866883863,0.38088499968580436,12.98955099991872,13.548706858273363
1346,9989.570148626846,9989.570263713,9989.570263713,9989.570729866,9989.5844907,1,COMPLETED,True,0.1150861535279546,0.4661530001612846,13.760833999185706,14.342073152874946
1347,9989.570434591664,9989.570595468,9989.570595468,9989.571390532,9989.58950224,2,COMPLETED,True,0.16087633593997452,0.795064001067658,18.11170799919637,19.067648336204
1348,9989.570841115014,9989.571336491,9989.571336491,9989.571628276,9989.585187502,0,COMPLETED,True,0.49537598715687636,0.2917849997174926,13.559225999415503,14.346386986289872
1349,9989.571977187341,9989.572162682,9989.572162682,9989.572620948,9989.585967974,3,COMPLETED,True,0.18549465858086478,0.4582660003507044,13.34702600070159,13.990786659633159
1350,9989.580961083184,9989.581141847,9989.581141847,9989.584690669,9989.597883034,1,COMPLETED,True,0.1807638163882075,3.5488220000843285,13.192364998758421,16.921950815230957
1351,9989.590069139527,9989.590158532,9989.590158532,9989.590569415,9989.604074651,0,COMPLETED,True,0.08939247345551848,0.4108829998585861,13.505236000128207,14.005511473442311
1352,9989.600396164582,9989.600498013,9989.600498013,9989.600869097,9989.61441845,3,COMPLETED,True,0.10184841812588274,0.37108399919816293,13.54935300150828,14.022285418832325
1353,9989.603088931088,9989.603217057,9989.603217057,9989.60375257,9989.617549103,2,COMPLETED,True,0.12812591194233391,0.5355129997042241,13.796533001368516,14.460171913015074
1354,9989.608969141109,9989.609053782,9989.609053782,9989.60959666,9989.625407372,1,COMPLETED,True,0.08464089114568196,0.5428780004876899,15.810711998710758,16.43823089034413
1355,9989.610056159336,9989.610337743,9989.610337743,9989.610846856,9989.624229741,0,COMPLETED,True,0.2815836651279824,0.5091129987704335,13.382885001192335,14.173581665090751
1356,9989.616483971102,9989.616721245,9989.616721245,9989.617537921,9989.637376467,3,COMPLETED,True,0.2372738981648581,0.8166759998857742,19.83854600075574,20.892495898806374
1357,9989.622888227294,9989.62315192,9989.62315192,9989.623958333,9989.637469443,2,COMPLETED,True,0.26369270563009195,0.8064130015554838,13.511109998944448,14.581215706130024
1358,9989.624235479472,9989.624389392,9989.624389392,9989.625022127,9989.638455253,0,COMPLETED,True,0.153912527821376,0.6327350001811283,13.433125999654294,14.219773527656798
1359,9989.624289031992,9989.624492596,9989.624492596,9989.625689886,9989.644216791,1,COMPLETED,True,0.20356400818855036,1.1972899992542807,18.526905001635896,19.927759009078727
1360,9989.62442461824,9989.624513692,9989.624513692,9989.637608688,9989.656627513,3,COMPLETED,True,0.0890737610461656,13.094995998471859,19.018825001694495,32.20289476121252
1361,9989.63333652352,9989.63340026,9989.63340026,9989.637717325,9989.651627123,2,COMPLETED,True,0.06373647920554504,4.317065000577713,13.909797999076545,18.290599478859804
1362,9989.639272300972,9989.639453113,9989.639453113,9989.639969627,9989.653900115,0,COMPLETED,True,0.18081202870234847,0.5165139991731849,13.930487999459729,14.627814027335262
1363,9989.648661122914,9989.648782903,9989.648782903,9989.649399511,9989.664460895,1,COMPLETED,True,0.12178008546470664,0.6166080002003582,15.061383999636746,15.79977208530181
1364,9989.662587302846,9989.662673585,9989.662673585,9989.663317711,9989.676533314,2,COMPLETED,True,0.08628215437056497,0.6441259993152926,13.215602999480325,13.946011153166182
1365,9989.677947468184,9989.678032143,9989.678032143,9989.678519152,9989.691628841,0,COMPLETED,True,0.08467481529805809,0.48700899969844613,13.109688999975333,13.681372814971837
1366,9989.688710077822,9989.68873172,9989.68873172,9989.689353135,9989.703261815,3,COMPLETED,True,0.021642177671310492,0.6214149998413632,13.908680000895401,14.551737178408075
1367,9989.6900789529,9989.690294274,9989.690294274,9989.690870008,9989.70630061,1,COMPLETED,True,0.2153210989490617,0.5757340004493017,15.430601999469218,16.22165709886758
1368,9989.699122251397,9989.699239709,9989.699239709,9989.699970272,9989.717844298,2,COMPLETED,True,0.11745760275516659,0.7305630006158026,17.87402599984489,18.72204660321586
1369,9989.715490010483,9989.71558225,9989.71558225,9989.716053928,9989.729776368,0,COMPLETED,True,0.09223951747117098,0.47167799857561477,13.722440000492497,14.286357516539283
1370,9989.72345477953,9989.723638559,9989.723638559,9989.72428821,9989.743860396,3,COMPLETED,True,0.18377946980763227,0.6496509995486122,19.572186000004876,20.40561646936112
1371,9989.728976446619,9989.72907978,9989.72907978,9989.729669057,9989.746976103,1,COMPLETED,True,0.10333338104828727,0.589277000472066,17.307046000496484,17.999656382016838
1372,9989.758062039957,9989.758159928,9989.758159928,9989.758612578,9989.771817412,2,COMPLETED,True,0.09788804345589597,0.45264999971550424,13.204834000134724,13.755372043306124
1373,9989.763508923195,9989.763597299,9989.763597299,9989.764103123,9989.780730999,0,COMPLETED,True,0.08837580389808863,0.5058240003563697,16.627876000711694,17.222075804966153
1374,9989.764220632667,9989.764350851,9989.764350851,9989.764783112,9989.783410201,3,COMPLETED,True,0.13021833183302078,0.43226100024185143,18.62708900080179,19.18956833287666
1375,9989.771740357492,9989.771841443,9989.771841443,9989.772642614,9989.793953541,1,COMPLETED,True,0.10108550850418396,0.8011709996935679,21.310927000740776,22.213183508938528
1376,9989.783087809396,9989.783220707,9989.783220707,9989.783658928,9989.797259666,2,COMPLETED,True,0.13289760499901604,0.4382209990581032,13.600738000604906,14.171856604662025
1377,9989.793870528141,9989.793974055,9989.793974055,9989.794382102,9989.808415415,0,COMPLETED,True,0.10352685785619542,0.40804700074659195,14.033313000254566,14.544886858857353
1378,9989.794194427795,9989.794458286,9989.794458286,9989.795005829,9989.80944474,1,COMPLETED,True,0.26385820456198417,0.547543000720907,14.438910999160726,15.250312204443617
1379,9989.800245705357,9989.800388362,9989.800388362,9989.800857466,9989.814642929,3,COMPLETED,True,0.14265664322010707,0.4691039994213497,13.785462999294396,14.397223641935852
1380,9989.817062262677,9989.817165985,9989.817165985,9989.817582713,9989.831246113,2,COMPLETED,True,0.10372232281952165,0.4167280003457563,13.663400000950787,14.183850324116065
1381,9989.822659447813,9989.822745233,9989.822745233,9989.823161152,9989.836677416,0,COMPLETED,True,0.0857851864566328,0.4159190011705505,13.51626399991801,14.017968187545193
1382,9989.83235422884,9989.832446532,9989.832446532,9989.832933401,9989.848774598,1,COMPLETED,True,0.09230316027242225,0.4868689993600128,15.84119700055453,16.420369160186965
1383,9989.836816345502,9989.836922239,9989.836922239,9989.837615233,9989.8513245,3,COMPLETED,True,0.10589349767542444,0.6929940009285929,13.709266999285319,14.508154497889336
1384,9989.838478620763,9989.838628336,9989.838628336,9989.839061165,9989.852947331,2,COMPLETED,True,0.14971523705753498,0.43282899969199207,13.886166001611855,14.468710238361382
1385,9989.843129859888,9989.843279907,9989.843279907,9989.843659996,9989.857557699,0,COMPLETED,True,0.15004711167421192,0.3800890008278657,13.897703000111505,14.427839112613583
1386,9989.850032339764,9989.850182187,9989.850182187,9989.850854792,9989.865415113,1,COMPLETED,True,0.1498472356615821,0.6726049996359507,14.560321000317344,15.382773235614877
1387,9989.850922288484,9989.851082837,9989.851082837,9989.851707375,9989.86534208,3,COMPLETED,True,0.1605485158506781,0.6245380009204382,13.634704999276437,14.419791516047553
1388,9989.863192577226,9989.863298128,9989.863298128,9989.864053023,9989.882609032,2,COMPLETED,True,0.10555077460594475,0.7548949997726595,18.556008999439655,19.41645477381826
1389,9989.863418625753,9989.863580694,9989.863580694,9989.863999968,9989.877236799,0,COMPLETED,True,0.16206824693654198,0.41927399979613256,13.236831000540406,13.81817324727308
1390,9989.86665595693,9989.866757873,9989.866757873,9989.867166431,9989.880694515,3,COMPLETED,True,0.10191606997977942,0.40855800034478307,13.528084000427043,14.038558070751606
1391,9989.881891667555,9989.881984554,9989.881984554,9989.882547612,9989.895981974,1,COMPLETED,True,0.09288644469052088,0.5630579998978646,13.434361999316025,14.09030644390441
1392,9989.88303034166,9989.883125717,9989.883125717,9989.883527158,9989.896930754,0,COMPLETED,True,0.09537534060655162,0.4014409987576073,13.403595999989193,13.900412339353352
1393,9989.896818020903,9989.896928872,9989.896928872,9989.897533759,9989.911056978,3,COMPLETED,True,0.11085109690611716,0.6048870000086026,13.523219000489917,14.238957097404636
1394,9989.901729355597,9989.901825817,9989.901825817,9989.902558421,9989.916129339,2,COMPLETED,True,0.09646140279073734,0.7326039994950406,13.570918001278187,14.399983403563965
1395,9989.904317133296,9989.904406489,9989.904406489,9989.904975145,9989.918306518,1,COMPLETED,True,0.08935570440371521,0.5686559998139273,13.331373000255553,13.989384704473196
1396,9989.908423870116,9989.90851482,9989.90851482,9989.90907102,9989.922364175,0,COMPLETED,True,0.09094988308788743,0.556200000573881,13.293154999701073,13.940304883362842
1397,9989.923215287927,9989.923318294,9989.923318294,9989.924043863,9989.937116956,3,COMPLETED,True,0.10300607391400263,0.7255689997691661,13.073092999547953,13.901668073231122
1398,9989.926543505575,9989.926636929,9989.926636929,9989.927336908,9989.941221846,2,COMPLETED,True,0.09342342491436284,0.6999790002737427,13.884938000046532,14.678340425234637
1399,9989.931210496203,9989.931313674,9989.931313674,9989.932043071,9989.945500362,1,COMPLETED,True,0.10317779742763378,0.7293969993042992,13.45729100103199,14.289865797763923
1400,9989.933712647135,9989.933830143,9989.933830143,9989.934375598,9989.947911425,0,COMPLETED,True,0.11749586519727018,0.5454550009744707,13.535826999941492,14.198777866113232
1401,9989.935360458543,9989.935463104,9989.935463104,9989.937271295,9989.951006242,3,COMPLETED,True,0.10264545744576026,1.8081910002365476,13.734946998738451,15.645783456420759
1402,9989.937927192503,9989.938046252,9989.938046252,9989.941569037,9989.955217065,2,COMPLETED,True,0.11905949759238865,3.5227850003138883,13.6480279998068,17.289872497713077
1403,9989.939597945755,9989.939821103,9989.939821103,9989.945882796,9989.959792832,1,COMPLETED,True,0.22315724527288694,6.0616930004471214,13.910035999288084,20.194886245008092
1404,9989.944097772284,9989.944221416,9989.944221416,9989.948199233,9989.962298764,0,COMPLETED,True,0.12364371650619432,3.977816999395145,14.09953099937411,18.20099171527545
1405,9989.97604843441,9989.976140963,9989.976140963,9989.976744523,9989.998291956,3,COMPLETED,True,0.09252858944819309,0.6035600017639808,21.547432999796,22.243521591008175
1406,9989.984971214437,9989.985055544,9989.985055544,9989.985417846,9990.010265246,2,COMPLETED,True,0.08432956383330747,0.3623019983933773,24.847399999998743,25.294031562225427
1407,9989.989318212325,9989.989416116,9989.989416116,9989.989832297,9990.003130027,1,COMPLETED,True,0.09790367403184064,0.4161810011282796,13.297729999976582,13.811814675136702
1408,9989.990980350178,9989.991082076,9989.991082076,9989.991703972,9990.005733973,0,COMPLETED,True,0.10172582187806256,0.621896000666311,14.030000998900505,14.753622821444878
1409,9990.002187947899,9990.002311887,9990.002311887,9990.002758537,9990.019467699,3,COMPLETED,True,0.12393910037644673,0.4466500013222685,16.70916199873318,17.279751100431895
1410,9990.01223916235,9990.012467419,9990.012467419,9990.012949207,9990.026374131,1,COMPLETED,True,0.2282566492795013,0.48178799988818355,13.424923999991734,14.134968649159418
1411,9990.030572356218,9990.030735073,9990.030735073,9990.031268027,9990.044785138,0,COMPLETED,True,0.1627167821425246,0.5329539999365807,13.517110999600845,14.21278178167995
1412,9990.034422359673,9990.034515099,9990.034515099,9990.035094864,9990.053443227,2,COMPLETED,True,0.09273932664655149,0.5797650010208599,18.348362998949597,19.020867326617008
1413,9990.035820478597,9990.035921105,9990.035921105,9990.036217489,9990.049276569,3,COMPLETED,True,0.1006264028546866,0.2963839997391915,13.059079999948153,13.456090402542031
1414,9990.049168797548,9990.04927556,9990.04927556,9990.049891421,9990.072942533,1,COMPLETED,True,0.10676245256036054,0.6158609994599828,23.051111998938723,23.773735450959066
1415,9990.049883368896,9990.049999215,9990.049999215,9990.050540979,9990.063833191,0,COMPLETED,True,0.1158461036538938,0.5417640004452551,13.292211999214487,13.949822103313636
1416,9990.053978244327,9990.054103941,9990.054103941,9990.054524203,9990.067682205,3,COMPLETED,True,0.12569667342177127,0.4202620002615731,13.15800200063677,13.703960674320115
1417,9990.081042390819,9990.081206192,9990.081206192,9990.081839459,9990.095444473,2,COMPLETED,True,0.1638011817703955,0.6332670000119833,13.605013999040239,14.402082180822617
1418,9990.101000487955,9990.101116826,9990.101116826,9990.101572354,9990.11582924,0,COMPLETED,True,0.11633804388111457,0.4555280011118157,14.256885999202495,14.828752044195426
1419,9990.105734991086,9990.105817834,9990.105817834,9990.106168046,9990.119960857,3,COMPLETED,True,0.08284291470772587,0.3502119998302078,13.792810999802896,14.22586591434083
1420,9990.109680747826,9990.10979615,9990.10979615,9990.110476057,9990.130024389,1,COMPLETED,True,0.11540217383299023,0.6799069997214247,19.54833200034045,20.343641173894866
1421,9990.10986679077,9990.110055599,9990.110055599,9990.110529266,9990.124726287,2,COMPLETED,True,0.1888082297227811,0.47366699982376304,14.197021000654786,14.85949623020133
1422,9990.123873506236,9990.123965508,9990.123965508,9990.124455282,9990.137825638,0,COMPLETED,True,0.09200176464219112,0.4897740000160411,13.370355998631567,13.952131763289799
1423,9990.133102902935,9990.133193844,9990.133193844,9990.133782107,9990.146796782,3,COMPLETED,True,0.09094106462725904,0.5882629993720911,13.014675001613796,13.693879065613146
1424,9990.140777574654,9990.140939912,9990.140939912,9990.141608172,9990.154662398,2,COMPLETED,True,0.16233734640991315,0.6682599996565841,13.05422599943995,13.884823345506447
1425,9990.150675644592,9990.150808078,9990.150808078,9990.151270804,9990.164031908,1,COMPLETED,True,0.13243340799817815,0.46272600047814194,12.761103998855106,13.356263407331426
1426,9990.151973472932,9990.152140281,9990.152140281,9990.152481443,9990.165372027,0,COMPLETED,True,0.16680806766089518,0.3411620000406401,12.890584001070238,13.398554068771773
1427,9990.16459284309,9990.164742655,9990.164742655,9990.165482409,9990.18518675,3,COMPLETED,True,0.14981191088736523,0.7397539993689861,19.704341000760905,20.593906911017257
1428,9990.166478557343,9990.166644081,9990.166644081,9990.167163729,9990.184984684,2,COMPLETED,True,0.1655236574151786,0.5196479996811831,17.820954999479,18.50612665657536
1429,9990.186833274685,9990.187039922,9990.187039922,9990.187865902,9990.201916302,1,COMPLETED,True,0.20664731528086122,0.8259799997176742,14.050399999177898,15.083027314176434
1430,9990.190256181279,9990.190401724,9990.190401724,9990.19095038,9990.204379329,0,COMPLETED,True,0.14554272092937026,0.5486560003191698,13.42894899971725,14.12314772096579
1431,9990.193969636826,9990.194108857,9990.194108857,9990.194759329,9990.20926828,2,COMPLETED,True,0.13922017387812957,0.6504720004159026,14.50895099878835,15.298643173082382
1432,9990.199448446903,9990.199593462,9990.199593462,9990.200392644,9990.220633069,3,COMPLETED,True,0.14501509758702014,0.7991819984454196,20.240425001247786,21.184622097280226
1433,9990.202319457188,9990.202546687,9990.202546687,9990.203032506,9990.221189764,1,COMPLETED,True,0.22722981157130562,0.4858190004597418,18.157258000428556,18.870306812459603
1434,9990.2070930544,9990.207177504,9990.207177504,9990.207833948,9990.221476576,0,COMPLETED,True,0.08444960076303687,0.6564439991052495,13.642628000525292,14.383521600393578
1435,9990.222158512415,9990.222247357,9990.222247357,9990.223018157,9990.236647199,2,COMPLETED,True,0.08884458475222345,0.7707999993726844,13.629042001412017,14.488686585536925
1436,9990.222436552202,9990.222786538,9990.222786538,9990.223181159,9990.236202396,3,COMPLETED,True,0.34998579758394044,0.3946210017602425,13.02123699861113,13.765843797955313
1437,9990.258802877152,9990.258897145,9990.258897145,9990.259405905,9990.273120138,1,COMPLETED,True,0.09426784890820272,0.5087600002298132,13.714232998609077,14.317260847747093
1438,9990.267129401982,9990.26723862,9990.26723862,9990.267874843,9990.28288806,0,COMPLETED,True,0.10921801731456071,0.6362230014929082,15.013216998340795,15.758658017148264
1439,9990.275414186446,9990.275518715,9990.275518715,9990.27617191,9990.290959682,3,COMPLETED,True,0.10452855349285528,0.6531950002681697,14.787772001000121,15.545495554761146
1440,9990.278709308466,9990.278858704,9990.278858704,9990.279667217,9990.296437255,2,COMPLETED,True,0.14939553329895716,0.8085130011750152,16.770037998867338,17.72794653334131
1441,9990.282982049015,9990.283255772,9990.283255772,9990.284105159,9990.297337098,1,COMPLETED,True,0.2737229842750821,0.8493870009260718,13.231938999524573,14.355048984725727
1442,9990.293888794897,9990.294011896,9990.294011896,9990.294663539,9990.308657394,0,COMPLETED,True,0.12310110287216958,0.6516430003102869,13.993855000080657,14.768599103263114
1443,9990.30281696608,9990.302910981,9990.302910981,9990.303648699,9990.317144986,3,COMPLETED,True,0.09401492025062907,0.7377180008916184,13.496286999725271,14.328019920867519
1444,9990.310308236492,9990.310397383,9990.310397383,9990.311004922,9990.324584209,2,COMPLETED,True,0.08914650788938161,0.6075389992474811,13.579287000538898,14.27597250767576
1445,9990.312750466679,9990.312843385,9990.312843385,9990.313327572,9990.327545327,1,COMPLETED,True,0.09291832066082861,0.48418699952890165,14.217755000572652,14.794860320762382
1446,9990.315527884162,9990.315626987,9990.315626987,9990.316373957,9990.330323735,0,COMPLETED,True,0.09910283733916003,0.7469700012734393,13.949777998277568,14.795850836890168
1447,9990.315564112176,9990.315680404,9990.315680404,9990.317506395,9990.33099275,3,COMPLETED,True,0.11629182517935988,1.8259909993503243,13.486354999258765,15.42863782378845
1448,9990.320420410542,9990.320517043,9990.320517043,9990.324808092,9990.338227902,2,COMPLETED,True,0.09663245691626798,4.291049001039937,13.419810000414145,17.80749145837035
1449,9990.33291122377,9990.333009538,9990.333009538,9990.333500328,9990.347788918,1,COMPLETED,True,0.09831423085415736,0.49079000018537045,14.288589998614043,14.87769422965357
1450,9990.334077056923,9990.334216865,9990.334216865,9990.33450106,9990.348120598,0,COMPLETED,True,0.1398080767103238,0.2841950008587446,13.619538000057219,14.043541077626287
1451,9990.348128390751,9990.348393541,9990.348393541,9990.348985337,9990.363331194,3,COMPLETED,True,0.2651502491062274,0.591795998843736,14.345857000080287,15.20280324803025
1452,9990.360202843027,9990.360296441,9990.360296441,9990.360806267,9990.374445239,2,COMPLETED,True,0.0935979733185377,0.5098259989608778,13.63897200099018,14.242395973269595
1453,9990.362921265425,9990.363039228,9990.363039228,9990.363415853,9990.379377058,1,COMPLETED,True,0.11796257422247436,0.3766250010812655,15.961204999257461,16.4557925745612
1454,9990.363680147548,9990.363813832,9990.363813832,9990.36418508,9990.378197919,0,COMPLETED,True,0.13368445252126548,0.3712479992827866,14.012839001225075,14.517771453029127
1455,9990.36917458711,9990.369266552,9990.369266552,9990.369832936,9990.387365809,3,COMPLETED,True,0.09196489008900244,0.5663840001943754,17.532873000163818,18.191221890447196
1456,9990.379165859464,9990.379259859,9990.379259859,9990.379639933,9990.393081189,2,COMPLETED,True,0.09399953705724329,0.38007399962225463,13.441256000078283,13.915329536757781
1457,9990.387880504979,9990.387974045,9990.387974045,9990.388401802,9990.401319693,0,COMPLETED,True,0.09354002031614073,0.42775700057973154,12.91789099923335,13.439188020129222
1458,9990.414711110148,9990.414874148,9990.414874148,9990.415796022,9990.430987759,1,COMPLETED,True,0.1630378519621445,0.9218739996867953,15.191737000350258,16.276648851999198
1459,9990.428075758246,9990.428173424,9990.428173424,9990.429130976,9990.447135974,3,COMPLETED,True,0.09766575385583565,0.9575519998179516,18.00499800083344,19.060215754507226
1460,9990.430403882487,9990.430493629,9990.430493629,9990.431123577,9990.444623749,2,COMPLETED,True,0.08974651245807763,0.6299480010056868,13.500171999112354,14.219866512576118
1461,9990.433789855753,9990.434086624,9990.434086624,9990.434746182,9990.453514069,1,COMPLETED,True,0.29676824669877533,0.6595579998247558,18.767887000649353,19.724213247172884
1462,9990.448690427023,9990.448781303,9990.448781303,9990.449447511,9990.467733653,0,COMPLETED,True,0.09087597572943196,0.6662080013484228,18.28614199985168,19.043225976929534
1463,9990.464213655408,9990.464298219,9990.464298219,9990.464993545,9990.478494972,2,COMPLETED,True,0.08456359137198888,0.6953259999136208,13.501426999937394,14.281316591223003
1464,9990.467164289397,9990.467250425,9990.467250425,9990.467725076,9990.481081391,3,COMPLETED,True,0.08613560203230008,0.4746510003315052,13.356315001146868,13.917101603510673
1465,9990.470517661275,9990.470671454,9990.470671454,9990.471239448,9990.484956907,1,COMPLETED,True,0.15379272554127965,0.5679939986293903,13.717458999963128,14.439245724133798
1466,9990.474161663456,9990.474329885,9990.474329885,9990.474895272,9990.488834306,0,COMPLETED,True,0.16822154429974034,0.5653869993693661,13.93903399912233,14.672642542791436
1467,9990.480520779825,9990.480787932,9990.480787932,9990.4814179,9990.494438799,2,COMPLETED,True,0.2671521742740879,0.6299680007941788,13.020898999457131,13.918019174525398
1468,9990.487146769301,9990.487319268,9990.487319268,9990.488134202,9990.507585768,3,COMPLETED,True,0.17249869961233344,0.8149339992087334,19.451566000498133,20.4389986993192
1469,9990.49507629881,9990.495255198,9990.495255198,9990.495631395,9990.508660107,1,COMPLETED,True,0.17889919035951607,0.3761970001505688,13.028711999140796,13.583808189650881
1470,9990.525208680687,9990.525302172,9990.525302172,9990.52583416,9990.539296634,0,COMPLETED,True,0.09349131323688198,0.531988000147976,13.462474000334623,14.087953313719481
1471,9990.531873258808,9990.531960785,9990.531960785,9990.532635949,9990.551474821,2,COMPLETED,True,0.08752619214646984,0.6751640012225835,18.838871999832918,19.60156219320197
1472,9990.554695736046,9990.554797688,9990.554797688,9990.555241814,9990.568238819,3,COMPLETED,True,0.10195195500273257,0.44412599891074933,12.997005000215722,13.543082954129204
1473,9990.568596881505,9990.568970074,9990.568970074,9990.569681214,9990.587615078,1,COMPLETED,True,0.37319249531719834,0.7111399991117651,17.93386400095187,19.018196495380835
1474,9990.572628807216,9990.57274001,9990.57274001,9990.573319547,9990.592339921,0,COMPLETED,True,0.11120278395537753,0.5795369997940725,19.020374000319862,19.711113784069312
1475,9990.580395318122,9990.580493605,9990.580493605,9990.580902866,9990.595251544,2,COMPLETED,True,0.09828687871049624,0.40926099973148666,14.348677999805659,14.856225878247642
1476,9990.583577275056,9990.583830573,9990.583830573,9990.584447493,9990.603756564,3,COMPLETED,True,0.25329794334538747,0.616920000538812,19.309070999952382,20.179288943836582
1477,9990.591924783159,9990.592019196,9990.592019196,9990.592771744,9990.6062561,1,COMPLETED,True,0.09441284055355936,0.75254800140101,13.484355999025865,14.331316840980435
1478,9990.621009798777,9990.62110965,9990.62110965,9990.62175756,9990.638209961,0,COMPLETED,True,0.0998512223304715,0.6479100011347327,16.452400999696692,17.200162223161897
1479,9990.62144735386,9990.621648524,9990.621648524,9990.621979367,9990.635953739,2,COMPLETED,True,0.20117013991693966,0.3308430004835827,13.974371999211144,14.506385139611666
1480,9990.633101731377,9990.633309362,9990.633309362,9990.634063347,9990.653994218,3,COMPLETED,True,0.20763062275364064,0.7539850012108218,19.930870999814942,20.892486623779405
1481,9990.65026334868,9990.650382569,9990.650382569,9990.650852502,9990.664769911,1,COMPLETED,True,0.11922031990252435,0.46993300020403694,13.917408999986947,14.506562320093508
1482,9990.659719614288,9990.659855535,9990.659855535,9990.660464236,9990.674620103,2,COMPLETED,True,0.13592071081802715,0.6087010006012861,14.155867000226863,14.900488711646176
1483,9990.660138187566,9990.660368593,9990.660368593,9990.660890941,9990.674660626,0,COMPLETED,True,0.23040543419483583,0.5223480002314318,13.769684999715537,14.522438434141804
1484,9990.660904974138,9990.661133054,9990.661133054,9990.661683214,9990.679895894,3,COMPLETED,True,0.22807986169937067,0.5501600007846719,18.212679999123793,18.990919861607836
1485,9990.670195959337,9990.670297591,9990.670297591,9990.670951596,9990.684511428,1,COMPLETED,True,0.10163166189158801,0.6540049998875475,13.559832001192262,14.315468662971398
1486,9990.687075791799,9990.687166951,9990.687166951,9990.687626757,9990.701253273,2,COMPLETED,True,0.09115920147451106,0.459806000435492,13.626515999931144,14.177481201841147
1487,9990.72043162344,9990.720535366,9990.720535366,9990.721032114,9990.73470516,0,COMPLETED,True,0.1037425590766361,0.4967479999322677,13.673046001713374,14.273536560722277
1488,9990.721570114636,9990.721678548,9990.721678548,9990.722113882,9990.736813585,3,COMPLETED,True,0.10843336349353194,0.4353340009402018,14.699702998768771,15.243470363202505
1489,9990.751762436808,9990.751860383,9990.751860383,9990.75248066,9990.765767136,1,COMPLETED,True,0.09794619109015912,0.620277000052738,13.286475999848335,14.004699190991232
1490,9990.755849066736,9990.755937017,9990.755937017,9990.75663617,9990.772650256,2,COMPLETED,True,0.0879502640600549,0.6991529990045819,16.014086000723182,16.80118926378782
1491,9990.780433006377,9990.780519236,9990.780519236,9990.781161312,9990.800619958,0,COMPLETED,True,0.08622962195659056,0.6420760000764858,19.45864600020286,20.186951622235938
1492,9990.79622342201,9990.796306884,9990.796306884,9990.796925729,9990.810424958,3,COMPLETED,True,0.08346198956132866,0.6188450006447965,13.499228998625767,14.201535988831893
1493,9990.802479333508,9990.802591209,9990.802591209,9990.803289836,9990.818435252,1,COMPLETED,True,0.11187549171154387,0.6986270000197692,15.145416000450496,15.955918492181809
1494,9990.812542103446,9990.812663539,9990.812663539,9990.814327578,9990.840369669,2,COMPLETED,True,0.12143555431975983,1.664039000388584,26.042090999908396,27.82756555461674
1495,9990.816291890367,9990.816479208,9990.816479208,9990.816974259,9990.841210546,0,COMPLETED,True,0.1873176333901938,0.49505099923408125,24.23628699943947,24.918655632063746
1496,9990.821713753885,9990.82191936,9990.82191936,9990.822473234,9990.841209004,1,COMPLETED,True,0.20560611483233515,0.553874000615906,18.73576999969373,19.49525011514197
1497,9990.825066693116,9990.825175694,9990.825175694,9990.825597626,9990.840646058,3,COMPLETED,True,0.10900088454945944,0.42193199988105334,15.04843200018513,15.579364884615643
1498,9990.828610714263,9990.82871809,9990.82871809,9990.840676587,9990.853714938,2,COMPLETED,True,0.10737573757069185,11.958496999795898,13.038351000432158,25.104223737798748
1499,9990.847724618503,9990.84781795,9990.84781795,9990.852577289,9990.865889385,3,COMPLETED,True,0.09333149682788644,4.759339000884211,13.312095999935991,18.16476649764809
1500,9990.866067352767,9990.866163474,9990.866163474,9990.866640353,9990.88127167,0,COMPLETED,True,0.09612123358238023,0.47687900041637477,14.631316998929833,15.204317232928588
1501,9990.868551439466,9990.868653538,9990.868653538,9990.868985414,9990.882557703,1,COMPLETED,True,0.10209853462583851,0.3318759991088882,13.57228900087648,14.006263534611207
1502,9990.90228594431,9990.902430692,9990.902430692,9990.902899866,9990.916561185,2,COMPLETED,True,0.14474768977379426,0.4691739995905664,13.661319000675576,14.275240690039936
1503,9990.904723612382,9990.904886446,9990.904886446,9990.905482284,9990.923837442,3,COMPLETED,True,0.16283361765090376,0.5958380006632069,18.355157999394578,19.11382961770869
1504,9990.922978453606,9990.923069124,9990.923069124,9990.92373486,9990.93852227,0,COMPLETED,True,0.09067039536603261,0.6657359990640543,14.787410000280943,15.54381639471103
1505,9990.926767382058,9990.927050239,9990.927050239,9990.927647645,9990.941042692,1,COMPLETED,True,0.28285694315854926,0.5974059986328939,13.395047000813065,14.275309942604508
1506,9990.95319610023,9990.953306207,9990.953306207,9990.953837329,9990.967003523,2,COMPLETED,True,0.110106770080165,0.5311219993018312,13.16619399949559,13.807422768877586
1507,9990.966359227708,9990.966469493,9990.966469493,9990.966922167,9990.979988378,3,COMPLETED,True,0.11026529136870522,0.4526739994616946,13.066211000477779,13.629150291308179
1508,9990.971394157048,9990.971495634,9990.971495634,9990.97208205,9990.985501516,0,COMPLETED,True,0.10147695138584822,0.5864160011697095,13.419465998595115,14.107358951150673
1509,9990.982196155825,9990.982420644,9990.982420644,9990.982932019,9990.998587786,1,COMPLETED,True,0.2244881761725992,0.5113749994052341,15.655766999771004,16.391630175348837
1510,9990.982691642132,9990.982823445,9990.982823445,9990.983268486,9990.998820485,2,COMPLETED,True,0.1318028680543648,0.4450409996934468,15.55199900030857,16.12884286805638
1511,9990.990751803323,9990.990941092,9990.990941092,9990.991580585,9991.008308716,3,COMPLETED,True,0.18928867757495027,0.6394929987436626,16.728131000490976,17.55691267680959
1512,9991.00425616792,9991.004352423,9991.004352423,9991.004867492,9991.018926585,0,COMPLETED,True,0.09625508027966134,0.5150689994479762,14.059093000469147,14.670417080196785
1513,9991.02380606282,9991.023988376,9991.023988376,9991.024529893,9991.038529654,1,COMPLETED,True,0.18231318063044455,0.5415169998741476,13.999761000377475,14.723591180882067
1514,9991.031490632455,9991.031596857,9991.031596857,9991.032248343,9991.050568842,2,COMPLETED,True,0.10622454465192277,0.6514860015158774,18.320498998946277,19.078209545114078
1515,9991.03601679691,9991.036168041,9991.036168041,9991.036972317,9991.057158184,3,COMPLETED,True,0.15124409037525766,0.8042760000535054,20.18586699887237,21.141387089301134
1516,9991.038349196868,9991.038584828,9991.038584828,9991.039162179,9991.060399799,0,COMPLETED,True,0.23563113245472778,0.5773510001745308,21.237619999737944,22.050602132367203
1517,9991.038915950081,9991.039145564,9991.039145564,9991.039665938,9991.058089287,1,COMPLETED,True,0.2296139191457769,0.5203740001888946,18.423348999931477,19.17333691926615
1518,9991.040562558059,9991.040737696,9991.040737696,9991.050724386,9991.069806167,2,COMPLETED,True,0.17513794045953546,9.986690000005183,19.081780999840703,29.24360894030542
1519,9991.046847385875,9991.047075375,9991.047075375,9991.057387509,9991.086091399,3,COMPLETED,True,0.2279891250509536,10.31213399983244,28.703890000542742,39.244013125426136
1520,9991.058086510307,9991.058258927,9991.058258927,9991.059152993,9991.074625587,1,COMPLETED,True,0.17241669229406398,0.894066000910243,15.472593999220408,16.539076692424715
1521,9991.05940407675,9991.059575225,9991.059575225,9991.060635005,9991.087847838,0,COMPLETED,True,0.17114824913733173,1.0597800010145875,27.212832999794045,28.443761249945965
1522,9991.062030566856,9991.062196908,9991.062196908,9991.070173694,9991.086896656,2,COMPLETED,True,0.16634114399494138,7.976785998835112,16.722962000130792,24.866089142960845
1523,9991.064503893755,9991.06492559,9991.06492559,9991.074985614,9991.089157336,1,COMPLETED,True,0.421696246121428,10.060023998448742,14.171722001265152,24.653442245835322
1524,9991.064505224998,9991.065015683,9991.065015683,9991.087019879,9991.113234377,3,COMPLETED,True,0.5104580013721716,22.004196000125376,26.214498000626918,48.729152002124465
1525,9991.065788947553,9991.065910794,9991.065910794,9991.087215689,9991.106844117,2,COMPLETED,True,0.1218464458361268,21.304895000866964,19.628427999123232,41.05516944582632
1526,9991.07464806621,9991.074700593,9991.074700593,9991.08823368,9991.107629078,0,COMPLETED,True,0.052526791478157975,13.533086999814259,19.395397999687702,32.98101179098012
1527,9991.086384311599,9991.086500996,9991.086500996,9991.089491944,9991.103039732,1,COMPLETED,True,0.11668440129142255,2.990947999933269,13.54778799941414,16.655420400638832
1528,9991.087757083349,9991.087883948,9991.087883948,9991.10338825,9991.117238343,1,COMPLETED,True,0.12686465015576687,15.504302000408643,13.850093000655761,29.48125965122017
1529,9991.092465292031,9991.092605131,9991.092605131,9991.107164065,9991.125533472,2,COMPLETED,True,0.13983896860736422,14.558934000888257,18.36940700013656,33.06817996963218
1530,9991.099429926482,9991.09955709,9991.09955709,9991.107945754,9991.12667349,0,COMPLETED,True,0.12716351739072707,8.388664000449353,18.72773600007349,27.24356351791357
1531,9991.102775325742,9991.102948995,9991.102948995,9991.113826494,9991.135803354,3,COMPLETED,True,0.17366925749229267,10.87749900034396,21.976859999995213,33.028028257831465
1532,9991.108704866676,9991.10880095,9991.10880095,9991.117586581,9991.131330183,1,COMPLETED,True,0.09608332402422093,8.785631000137073,13.74360199952207,22.625316323683364
1533,9991.110253841984,9991.110340005,9991.110340005,9991.125920862,9991.144208328,2,COMPLETED,True,0.08616301602160092,15.580856999804382,18.287466000401764,33.95448601622775
1534,9991.112012988722,9991.112162064,9991.112162064,9991.126979238,9991.14440002,0,COMPLETED,True,0.14907527838659007,14.817174000199884,17.42078200004471,32.387031278631184
1535,9991.12036465969,9991.120487264,9991.120487264,9991.131687798,9991.145985848,1,COMPLETED,True,0.12260430958122015,11.200534001545748,14.29804999861517,25.621188309742138
1536,9991.129340087435,9991.129477279,9991.129477279,9991.136480414,9991.153967282,3,COMPLETED,True,0.1371915659547085,7.003134998740279,17.486868000560207,24.627194565255195
1537,9991.156144044358,9991.156268135,9991.156268135,9991.156748707,9991.170926731,2,COMPLETED,True,0.12409064220264554,0.48057200001494493,14.178023999193101,14.782686641410692
1538,9991.15860166186,9991.158699355,9991.158699355,9991.159049085,9991.17392068,0,COMPLETED,True,0.09769314056029543,0.349729998561088,14.871594999931403,15.319018139052787
1539,9991.192857031643,9991.193065295,9991.193065295,9991.193592876,9991.20817037,1,COMPLETED,True,0.20826335639867466,0.5275809999147896,14.577494001059677,15.31333835737314
1540,9991.197647552453,9991.197792871,9991.197792871,9991.198273038,9991.21712213,3,COMPLETED,True,0.14531854685628787,0.48016700020525604,18.849091999072698,19.474577546134242
1541,9991.197933023148,9991.198163897,9991.198163897,9991.198692449,9991.217741733,2,COMPLETED,True,0.23087385125108995,0.5285520001052646,19.049284001084743,19.808709852441098
1542,9991.201224765002,9991.201364395,9991.201364395,9991.201843103,9991.219099641,0,COMPLETED,True,0.13962999764771666,0.47870799971860833,17.256538001674926,17.87487599904125
1543,9991.207424217559,9991.207596088,9991.207596088,9991.208597203,9991.22284471,1,COMPLETED,True,0.17187044068123214,1.0011150006903335,14.247507000618498,15.420492441990064
1544,9991.211758206446,9991.211906721,9991.211906721,9991.217478455,9991.235878766,3,COMPLETED,True,0.14851455489406362,5.571734000113793,18.400310998913483,24.12055955392134
1545,9991.212866195165,9991.212991417,9991.212991417,9991.218080432,9991.236936465,2,COMPLETED,True,0.12522183533292264,5.089014999612118,18.856033000702155,24.070269835647196
1546,9991.223179451694,9991.223324349,9991.223324349,9991.223775208,9991.238991856,0,COMPLETED,True,0.14489730710920412,0.45085899910191074,15.216648000205169,15.812404306416283
1547,9991.224313634275,9991.224502944,9991.224502944,9991.224989163,9991.238853534,1,COMPLETED,True,0.1893097251013387,0.48621899986756034,13.864370999726816,14.539899724695715
1548,9991.22449832603,9991.224646479,9991.224646479,9991.236273929,9991.254974281,3,COMPLETED,True,0.14815297072345857,11.627449999650707,18.70035200045095,30.475954970825114
1549,9991.234850785866,9991.234957833,9991.234957833,9991.237093382,9991.255717965,2,COMPLETED,True,0.10704713349696249,2.135549000740866,18.624582999109407,20.867179133347236
1550,9991.236333543973,9991.236434477,9991.236434477,9991.239199812,9991.252596688,1,COMPLETED,True,0.10093302626046352,2.765335000731284,13.396876000115299,16.263144027107046
1551,9991.23899856892,9991.23910143,9991.23910143,9991.23989592,9991.254645926,0,COMPLETED,True,0.10286107863066718,0.794490000771475,14.75000599930354,15.647357078705681
1552,9991.243279248436,9991.243473616,9991.243473616,9991.252946904,9991.266864067,1,COMPLETED,True,0.19436756338109262,9.47328800066316,13.917162999860011,23.584818563904264
1553,9991.25061632643,9991.250713632,9991.250713632,9991.255002715,9991.270013291,0,COMPLETED,True,0.09730557030707132,4.289082999093807,15.010576000349829,19.396964569750708
1554,9991.25388481642,9991.253983799,9991.253983799,9991.255258876,9991.273792439,3,COMPLETED,True,0.09898258031171281,1.2750770001730416,18.53356299943698,19.907622579921735
1555,9991.25405317531,9991.254138243,9991.254138243,9991.256055819,9991.274798115,2,COMPLETED,True,0.08506769154337235,1.9175759989593644,18.742296000709757,20.744939691212494
1556,9991.259184040026,9991.259293733,9991.259293733,9991.267210425,9991.2801513,1,COMPLETED,True,0.10969297363772057,7.916692000435432,12.940874999912921,20.967259973986074
1557,9991.266044130902,9991.266168505,9991.266168505,9991.270356865,9991.284747887,0,COMPLETED,True,0.1243740989593789,4.188359998806845,14.391022001291276,18.7037560990575
1558,9991.281509454484,9991.281632865,9991.281632865,9991.282133282,9991.299782656,3,COMPLETED,True,0.12341051660769153,0.5004169997846475,17.64937400002964,18.273201516421977
1559,9991.282839703856,9991.282965838,9991.282965838,9991.283333991,9991.304570753,2,COMPLETED,True,0.12613414401130285,0.36815299972658977,21.236762000626186,21.73104914436408
1560,9991.28819486812,9991.288279474,9991.288279474,9991.288717226,9991.306496183,1,COMPLETED,True,0.08460587923764251,0.43775199992523994,17.778957000700757,18.30131487986364
1561,9991.293875105159,9991.29413392,9991.29413392,9991.294593655,9991.309242024,0,COMPLETED,True,0.25881484179990366,0.4597349998221034,14.648368998678052,15.366918840300059
1562,9991.29485723636,9991.294949376,9991.294949376,9991.300117544,9991.314851137,3,COMPLETED,True,0.09213964040100109,5.168167999727302,14.73359299961885,19.993900639747153
1563,9991.317645150246,9991.317829502,9991.317829502,9991.318444869,9991.33219067,2,COMPLETED,True,0.18435175479680765,0.6153670001367573,13.74580099945888,14.545519754392444
1564,9991.31998520897,9991.320096566,9991.320096566,9991.320577517,9991.333663318,1,COMPLETED,True,0.11135703061881941,0.48095100100908894,13.085800999760977,13.678109031388885
1565,9991.341536736021,9991.341622885,9991.341622885,9991.342299425,9991.356739102,0,COMPLETED,True,0.08614897888037376,0.676539999403758,14.43967700106441,15.202365979348542
1566,9991.343961498984,9991.344041147,9991.344041147,9991.344768249,9991.361021013,3,COMPLETED,True,0.07964801625348628,0.7271020003827289,16.25276399863651,17.059514015272725
1567,9991.349965951253,9991.350124402,9991.350124402,9991.350844127,9991.366883515,2,COMPLETED,True,0.1584507481311448,0.7197249997261679,16.039387999626342,16.917563747483655
1568,9991.367635659508,9991.367726267,9991.367726267,9991.368452677,9991.381594276,1,COMPLETED,True,0.09060749289346859,0.7264099986059591,13.141598999936832,13.95861649143626
1569,9991.37298601292,9991.373083717,9991.373083717,9991.373808313,9991.387277256,0,COMPLETED,True,0.09770407996256836,0.7245959986903472,13.468943001498701,14.291243080151617
1570,9991.383463481701,9991.383647766,9991.383647766,9991.384429504,9991.399405066,3,COMPLETED,True,0.18428429939376656,0.781737999204779,14.975562000472564,15.94158429907111
1571,9991.390965922246,9991.39112842,9991.39112842,9991.394988724,9991.412819323,2,COMPLETED,True,0.16249775399046484,3.8603039993176935,17.83059900117223,21.85340075448039
1572,9991.394417193433,9991.394576123,9991.394576123,9991.395376673,9991.41385249,1,COMPLETED,True,0.15892956798779778,0.8005499985301867,18.475817001672112,19.435296568190097
1573,9991.401228658147,9991.401302722,9991.401302722,9991.402028051,9991.415464707,0,COMPLETED,True,0.07406385338981636,0.7253289986692835,13.436656001431402,14.236048853490502
1574,9991.401425266466,9991.401436789,9991.401436789,9991.40241882,9991.422356343,3,COMPLETED,True,0.011522533895913512,0.982031000603456,19.937523000407964,20.931076534907334
1575,9991.402240140382,9991.402459897,9991.402459897,9991.413191408,9991.431108307,2,COMPLETED,True,0.2197566191171063,10.731510999903549,17.916898999828845,28.8681666188495
1576,9991.404549613237,9991.404698265,9991.404698265,9991.414021815,9991.428404392,1,COMPLETED,True,0.1486517630837625,9.32355000077223,14.382576999196317,23.85477876305231
1577,9991.40856995253,9991.408691971,9991.408691971,9991.415827645,9991.429461626,0,COMPLETED,True,0.12201847130199894,7.135673999073333,13.63398099965707,20.8916734700324
1578,9991.412010200529,9991.412115543,9991.412115543,9991.422613166,9991.440985199,3,COMPLETED,True,0.1053424712154083,10.49762299953727,18.372033000559895,28.974998471312574
1579,9991.412118732991,9991.412178636,9991.412178636,9991.428751795,9991.441959566,1,COMPLETED,True,0.05990300815028604,16.573159000472515,13.20777100045234,29.84083300907514
1580,9991.452488636416,9991.452576777,9991.452576777,9991.453261832,9991.472332373,0,COMPLETED,True,0.0881405831023585,0.6850550016679335,19.070540998654906,19.843736583425198
1581,9991.457256388385,9991.457338256,9991.457338256,9991.457706499,9991.471941222,2,COMPLETED,True,0.08186761442630086,0.3682430015032878,14.234722999390215,14.684833615319803
1582,9991.469502897895,9991.469595107,9991.469595107,9991.47023271,9991.483755661,3,COMPLETED,True,0.0922091057873331,0.6376029996317811,13.522950999686145,14.25276310510526
1583,9991.493261806054,9991.493362478,9991.493362478,9991.494045571,9991.508755142,1,COMPLETED,True,0.10067194671137258,0.6830929996795021,14.709570999912103,15.493335946302977
1584,9991.496759254074,9991.496884765,9991.496884765,9991.497602649,9991.513879746,2,COMPLETED,True,0.12551092549983878,0.7178840005508391,16.27709700005653,17.120491926107206
1585,9991.49722679102,9991.49732687,9991.49732687,9991.497953913,9991.515837507,0,COMPLETED,True,0.10007897981267888,0.6270430003496585,17.883594000522862,18.6107159806852
1586,9991.502646884304,9991.502785181,9991.502785181,9991.50351223,9991.523410293,3,COMPLETED,True,0.13829669478582218,0.7270490004884778,19.8980630011647,20.763408696439
1587,9991.503084955166,9991.503203012,9991.503203012,9991.509214697,9991.523530666,1,COMPLETED,True,0.1180568342533661,6.0116849999758415,14.315968999653705,20.445710833882913
1588,9991.515190242211,9991.515322895,9991.515322895,9991.515960726,9991.531499324,2,COMPLETED,True,0.1326527890341822,0.6378309990395792,15.538598001512582,16.309081789586344
1589,9991.516586237592,9991.516742952,9991.516742952,9991.517420081,9991.539238169,0,COMPLETED,True,0.15671440814912785,0.6771289990865625,21.818088000145508,22.6519314073812
1590,9991.521598240492,9991.521800494,9991.521800494,9991.523778468,9991.538841528,3,COMPLETED,True,0.20225350817781873,1.9779739996010903,15.063060000102269,17.243287507881178
1591,9991.523438204937,9991.523604023,9991.523604023,9991.524317996,9991.540900501,1,COMPLETED,True,0.1658180626691319,0.7139730005292222,16.582505000769743,17.462296063968097
1592,9991.524766288574,9991.524934843,9991.524934843,9991.531914686,9991.546401095,2,COMPLETED,True,0.16855442663654685,6.979842999498942,14.486408999800915,21.634806425936404
1593,9991.532320862676,9991.532455768,9991.532455768,9991.539332738,9991.553818625,3,COMPLETED,True,0.1349053236481268,6.876970001030713,14.485886998954811,21.49776232363365
1594,9991.543370619167,9991.543588528,9991.543588528,9991.54426014,9991.55880959,0,COMPLETED,True,0.21790883329231292,0.6716119987686398,14.54945000114094,15.438970833201893
1595,9991.550083211738,9991.550213523,9991.550213523,9991.550914383,9991.564492263,1,COMPLETED,True,0.13031126218265854,0.7008600005065091,13.57787999950233,14.409051262191497
1596,9991.557005940087,9991.557108083,9991.557108083,9991.55762961,9991.571135598,2,COMPLETED,True,0.10214291251031682,0.5215270011831308,13.505987999451463,14.12965791314491
1597,9991.57893361336,9991.579034412,9991.579034412,9991.579557334,9991.592802858,3,COMPLETED,True,0.10079863932332955,0.5229220005276147,13.245524000012665,13.86924463986361
1598,9991.57966519439,9991.579774011,9991.579774011,9991.580114664,9991.593451531,0,COMPLETED,True,0.10881661000894383,0.3406530013307929,13.336866999452468,13.786336610792205
1599,9991.594375812061,9991.594480169,9991.594480169,9991.594942101,9991.609828912,1,COMPLETED,True,0.10435693911858834,0.46193199887056835,14.886811000906164,15.45309993889532
1600,9991.59812653897,9991.598254165,9991.598254165,9991.598766659,9991.61296794,2,COMPLETED,True,0.12762603000737727,0.5124940016685287,14.201280999259325,14.84140103093523
1601,9991.6120014034,9991.612089681,9991.612089681,9991.612498457,9991.626363345,3,COMPLETED,True,0.08827760029817,0.4087759989488404,13.86488800017105,14.36194159941806
1602,9991.615419967793,9991.615570969,9991.615570969,9991.615952904,9991.629497513,0,COMPLETED,True,0.1510012061771704,0.3819350004050648,13.544609000746277,14.077545207328512
1603,9991.621527060157,9991.621620949,9991.621620949,9991.622021784,9991.635547211,1,COMPLETED,True,0.0938888424570905,0.4008350006188266,13.525427000786294,14.020150843862211
1604,9991.621974767691,9991.622080046,9991.622080046,9991.622593313,9991.641628239,2,COMPLETED,True,0.10527830818318762,0.5132670012244489,19.03492599922174,19.653471308629378
1605,9991.627522687008,9991.627612624,9991.627612624,9991.627960747,9991.643080369,3,COMPLETED,True,0.08993699339043815,0.3481229996395996,15.119621999474475,15.557681992504513
1606,9991.629338906681,9991.629533573,9991.629533573,9991.62991404,9991.643477263,0,COMPLETED,True,0.1946663178387098,0.38046700137783773,13.56322299943713,14.138356318653678
1607,9991.635476792904,9991.635590223,9991.635590223,9991.636133968,9991.649943077,1,COMPLETED,True,0.11343009646225255,0.5437449999590172,13.809108999339514,14.466284095760784
1608,9991.638249393962,9991.638341005,9991.638341005,9991.641852223,9991.657054183,2,COMPLETED,True,0.09161103844235186,3.5112179994030157,15.201960000922554,18.80478903876792
1609,9991.63972077583,9991.639812334,9991.639812334,9991.643288391,9991.658036915,3,COMPLETED,True,0.0915581713343272,3.476056999716093,14.748523999514873,18.316139170565293
1610,9991.646470666086,9991.646593948,9991.646593948,9991.647109861,9991.662315397,0,COMPLETED,True,0.12328191405686084,0.5159129996172851,15.20553599948471,15.844730913158855
1611,9991.646490403447,9991.646663371,9991.646663371,9991.650278667,9991.664212722,1,COMPLETED,True,0.1729675532260444,3.615296000134549,13.934054999481305,17.722318552841898
1612,9991.64654668362,9991.646673258,9991.646673258,9991.6575055,9991.67133836,2,COMPLETED,True,0.12657437946472783,10.832242000105907,13.832860000547953,24.791676380118588
1613,9991.647971993834,9991.648132953,9991.648132953,9991.658353901,9991.672148155,3,COMPLETED,True,0.1609591654414544,10.220948001006036,13.79425399863976,24.17616116508725
1614,9991.649247340636,9991.649426111,9991.649426111,9991.662499296,9991.677163631,0,COMPLETED,True,0.17877036407298874,13.073185000394005,14.664334999906714,27.916290364373708
1615,9991.650399153608,9991.650560955,9991.650560955,9991.66438463,9991.67819738,1,COMPLETED,True,0.1618013920960948,13.823674999002833,13.812750001306995,27.798226392405923
1616,9991.652429652491,9991.652619453,9991.652619453,9991.671791808,9991.685810562,2,COMPLETED,True,0.1898005084512988,19.172354999682284,14.018754000062472,33.380909508196055
1617,9991.667067626699,9991.667252751,9991.667252751,9991.672455821,9991.685986875,3,COMPLETED,True,0.18512430142436642,5.203070000789012,13.531053999031428,18.919248301244806
1618,9991.680763769538,9991.68086218,9991.68086218,9991.681265301,9991.69475783,0,COMPLETED,True,0.09841046085057314,0.4031210009998176,13.492529000359355,13.994060462209745
1619,9991.681905255782,9991.682036566,9991.682036566,9991.682394352,9991.696260315,1,COMPLETED,True,0.13131021842127666,0.3577859988581622,13.865963001080672,14.355059218360111
1620,9991.682063166612,9991.682082569,9991.682082569,9991.686183666,9991.70005967,2,COMPLETED,True,0.019402386897127144,4.101096999875153,13.876004000849207,17.996503387621487
1621,9991.683760950345,9991.683931806,9991.683931806,9991.686357348,9991.700061712,3,COMPLETED,True,0.17085565377783496,2.4255420012195827,13.704363998840563,16.30076165383798
1622,9991.687448429075,9991.68761335,9991.68761335,9991.695170363,9991.709303514,0,COMPLETED,True,0.16492092618136667,7.5570129993138835,14.133151000351063,21.855084925846313
1623,9991.688105418876,9991.688256027,9991.688256027,9991.696572672,9991.710168403,1,COMPLETED,True,0.15060812438605353,8.316644998558331,13.595731001259992,22.062984124204377
1624,9991.694903578218,9991.695061909,9991.695061909,9991.700375757,9991.714716721,3,COMPLETED,True,0.15833078214200214,5.313847999786958,14.340964000439271,19.81314278236823
1625,9991.70694606089,9991.707063531,9991.707063531,9991.707571217,9991.72162287,2,COMPLETED,True,0.11747011012630537,0.5076860015833518,14.051652999114594,14.676809110824252
1626,9991.709888282938,9991.710051396,9991.710051396,9991.710425843,9991.731027986,0,COMPLETED,True,0.1631130617170129,0.3744470013771206,20.60214299854124,21.139703061635373
1627,9991.723884503019,9991.723973323,9991.723973323,9991.724427602,9991.738482554,1,COMPLETED,True,0.0888199811015511,0.45427899931382854,14.054952000151388,14.598050980566768
1628,9991.724548986882,9991.72463851,9991.72463851,9991.724922702,9991.738770787,3,COMPLETED,True,0.08952311873144936,0.28419199952622876,13.848085000063293,14.22180011832097
1629,9991.72883049448,9991.728906717,9991.728906717,9991.729384239,9991.743008943,2,COMPLETED,True,0.07622252087458037,0.4775220004376024,13.624703999084886,14.178448520397069
1630,9991.737307489806,9991.737399113,9991.737399113,9991.737902491,9991.752032008,0,COMPLETED,True,0.09162319474853575,0.5033779998484533,14.129516999673797,14.724518194270786
1631,9991.741303436394,9991.741396888,9991.741396888,9991.741793811,9991.755741996,1,COMPLETED,True,0.09345160469820257,0.3969230001530377,13.948185000117519,14.43855960496876
1632,9991.745442181207,9991.745610189,9991.745610189,9991.745948217,9991.760039051,3,COMPLETED,True,0.16800779303594027,0.33802799953264184,14.090833999944152,14.596869792512734
1633,9991.771654118733,9991.771751163,9991.771751163,9991.77225665,9991.785905972,2,COMPLETED,True,0.09704426702228375,0.5054869998275535,13.649321999764652,14.25185326661449
1634,9991.78988488309,9991.789992772,9991.789992772,9991.790466319,9991.803942521,0,COMPLETED,True,0.10788890904223081,0.4735470010928111,13.476202000674675,14.057637910809717
1635,9991.811086999338,9991.811199147,9991.811199147,9991.811781318,9991.827002155,1,COMPLETED,True,0.11214766163902823,0.5821710001328029,15.220837000015308,15.91515566178714
1636,9991.829279917181,9991.829387794,9991.829387794,9991.829936401,9991.84696755,3,COMPLETED,True,0.10787681821966544,0.5486070003826171,17.03114900010405,17.687632818706334
1637,9991.83016296239,9991.830267395,9991.830267395,9991.830763139,9991.844397253,2,COMPLETED,True,0.10443261089676525,0.49574399963603355,13.634114000524278,14.234290611057077
1638,9991.830966416965,9991.831129547,9991.831129547,9991.831981647,9991.851909617,0,COMPLETED,True,0.16313003470713738,0.8520999999745982,19.927970000935602,20.943200035617338
1639,9991.83168600544,9991.831860048,9991.831860048,9991.832492592,9991.845726933,1,COMPLETED,True,0.17404255959263537,0.6325440008367877,13.234340998678817,14.04092755910824
1640,9991.840070775777,9991.840284468,9991.840284468,9991.844809364,9991.858240049,2,COMPLETED,True,0.21369222304201685,4.52489599956607,13.430684999548248,18.169273222156335
1641,9991.84345212607,9991.843616529,9991.843616529,9991.846089061,9991.859330395,1,COMPLETED,True,0.1644029307499295,2.472531999956118,13.241333999758353,15.878268930464401
1642,9991.848416226594,9991.848554776,9991.848554776,9991.84929117,9991.865714533,3,COMPLETED,True,0.1385494051646674,0.7363940003415337,16.423363000285462,17.298306405791664
1643,9991.851040192123,9991.851206228,9991.851206228,9991.852393989,9991.867458476,0,COMPLETED,True,0.1660358775552595,1.187760999528109,15.06448699910834,16.41828387619171
1644,9991.855986426006,9991.856180988,9991.856180988,9991.858616351,9991.872843167,2,COMPLETED,True,0.19456199333944824,2.435363001495716,14.226815999791143,16.856740994626307
1645,9991.856448746474,9991.856850851,9991.856850851,9991.859663905,9991.873516875,1,COMPLETED,True,0.40210452607425395,2.813053999489057,13.8529700016079,17.06812852717121
1646,9991.858535121857,9991.859007322,9991.859007322,9991.866156976,9991.880796872,3,COMPLETED,True,0.4722001431218814,7.149654000386363,14.639895998698194,22.261750142206438
1647,9991.858994637727,9991.859108693,9991.859108693,9991.86785538,9991.882705939,0,COMPLETED,True,0.11405527220631484,8.746687000893871,14.850559000478825,23.71130127357901
1648,9991.864863896359,9991.864990596,9991.864990596,9991.873198787,9991.887550615,2,COMPLETED,True,0.1266996405320242,8.208191000449006,14.351828000144451,22.68671864112548
1649,9991.865579487196,9991.865702496,9991.865702496,9991.873848524,9991.889184352,1,COMPLETED,True,0.12300880371185485,8.14602799982822,15.335828000388574,23.60486480392865
1650,9991.898983262701,9991.899129504,9991.899129504,9991.899610174,9991.913190319,3,COMPLETED,True,0.14624129835283384,0.48066999988805037,13.580144999650656,14.20705629789154
1651,9991.908255279037,9991.908369742,9991.908369742,9991.908788488,9991.922315656,0,COMPLETED,True,0.11446296230133157,0.4187459999229759,13.527168001019163,14.06037696324347
1652,9991.919587631926,9991.919718129,9991.919718129,9991.920187598,9991.934113717,2,COMPLETED,True,0.13049707376922015,0.46946899965405464,13.926118999734172,14.526085073157446
1653,9991.940980088933,9991.941068668,9991.941068668,9991.94165069,9991.958536901,1,COMPLETED,True,0.08857906686898787,0.5820219994348008,16.8862110003829,17.55681206668669
1654,9991.943710705456,9991.943823423,9991.943823423,9991.944182977,9991.958183799,3,COMPLETED,True,0.11271754374320153,0.35955400016973726,14.000822000525659,14.473093544438598
1655,9991.946803395085,9991.946972024,9991.946972024,9991.947415125,9991.96070869,0,COMPLETED,True,0.16862891425262205,0.44310100020084064,13.293564999912633,13.905294914366095
1656,9991.956707390742,9991.956801776,9991.956801776,9991.957267206,9991.971351415,2,COMPLETED,True,0.094385257398244,0.465430000986089,14.084209000429837,14.64402425881417
1657,9991.957378813604,9991.957494943,9991.957494943,9991.958514201,9991.971885201,3,COMPLETED,True,0.11612939670158084,1.0192579993599793,13.370999999096966,14.506387395158526
1658,9991.964995081964,9991.965107017,9991.965107017,9991.965557831,9991.979395978,1,COMPLETED,True,0.11193503632966895,0.4508139991230564,13.838147000569734,14.40089603602246
1659,9991.985592561205,9991.98568175,9991.98568175,9991.986194598,9992.001707391,0,COMPLETED,True,0.08918879575503524,0.5128479988343315,15.512793001107639,16.114829795697005
1660,9991.993138188107,9991.993232657,9991.993232657,9991.993923422,9992.012332246,2,COMPLETED,True,0.09446889271202963,0.6907650003995514,18.408824000289314,19.194057893400895
1661,9991.998930367847,9991.999023232,9991.999023232,9991.99948175,9992.01340068,3,COMPLETED,True,0.09286415297538042,0.45851799950469285,13.918930000727414,14.470312153207487
1662,9992.00373972656,9992.003830809,9992.003830809,9992.004694518,9992.026244609,1,COMPLETED,True,0.09108244012168143,0.8637089995318092,21.550090999880922,22.504882439534413
1663,9992.00506335844,9992.005151912,9992.005151912,9992.005427385,9992.019566112,0,COMPLETED,True,0.08855356099957135,0.2754729994194349,14.13872699959029,14.502753560009296
1664,9992.022635450468,9992.022730246,9992.022730246,9992.023189705,9992.037117055,2,COMPLETED,True,0.09479553227720316,0.4594589991029352,13.927350000813021,14.48160453219316
1665,9992.0240404234,9992.024171322,9992.024171322,9992.024739162,9992.040881148,3,COMPLETED,True,0.13089860112813767,0.5678399993485073,16.141985999638564,16.84072460011521
1666,9992.035144671245,9992.035253409,9992.035253409,9992.035745385,9992.049559827,0,COMPLETED,True,0.10873775499931071,0.4919759994663764,13.814442001603311,14.415155756068998
1667,9992.038647988627,9992.038761813,9992.038761813,9992.039272919,9992.054224518,1,COMPLETED,True,0.11382437332940754,0.5111059999762801,14.951598999687121,15.576529372992809
1668,9992.044044188162,9992.044131797,9992.044131797,9992.044567085,9992.058451685,2,COMPLETED,True,0.08760883793001994,0.43528800051717553,13.884599999073544,14.407496837520739
1669,9992.05098925142,9992.051136432,9992.051136432,9992.051797404,9992.065255776,3,COMPLETED,True,0.14718057900608983,0.6609720003325492,13.458372000968666,14.266524580307305
1670,9992.066833904335,9992.066951755,9992.066951755,9992.067438598,9992.081052088,0,COMPLETED,True,0.11785066453740001,0.48684300054446794,13.613490000352613,14.21818366543448
1671,9992.104397419904,9992.104508164,9992.104508164,9992.105192734,9992.120358434,1,COMPLETED,True,0.11074409667344298,0.6845699990662979,15.165700000579818,15.961014096319559
1672,9992.119697077986,9992.119851051,9992.119851051,9992.120507914,9992.134624147,2,COMPLETED,True,0.1539730146760121,0.6568629996763775,14.116233000095235,14.927069014447625
1673,9992.121705661177,9992.121853134,9992.121853134,9992.122407914,9992.136534215,1,COMPLETED,True,0.14747282330063172,0.5547799992200453,14.126301000942476,14.828553823463153
1674,9992.122646262129,9992.122780191,9992.122780191,9992.123168592,9992.137516219,0,COMPLETED,True,0.13392887194640934,0.3884009984176373,14.347627000461216,14.869956870825263
1675,9992.123516153028,9992.123645969,9992.123645969,9992.124271357,9992.142438591,3,COMPLETED,True,0.12981597319594584,0.6253880001168,18.167233998610754,18.9224379719235
1676,9992.136251608867,9992.136425938,9992.136425938,9992.137074571,9992.150078656,2,COMPLETED,True,0.1743291340972064,0.6486329984909389,13.004084999920451,13.827047132508596
1677,9992.172623326665,9992.172725693,9992.172725693,9992.173239306,9992.187044917,1,COMPLETED,True,0.10236633534077555,0.513612998474855,13.805611000861973,14.421590334677603
1678,9992.211170835317,9992.21126463,9992.21126463,9992.21176699,9992.225618873,0,COMPLETED,True,0.09379468247061595,0.5023600006097695,13.851883000825183,14.448037683905568
1679,9992.216838844697,9992.216955577,9992.216955577,9992.217646815,9992.237101793,3,COMPLETED,True,0.11673230255837552,0.691237999490113,19.454978000794654,20.262948302843142
1680,9992.229858104616,9992.229961815,9992.229961815,9992.230466216,9992.246601342,2,COMPLETED,True,0.10371038297307678,0.5044010013079969,16.135125999426236,16.74323738370731
1681,9992.232607871149,9992.232764195,9992.232764195,9992.233397766,9992.248626736,1,COMPLETED,True,0.15632385111530311,0.6335710004350403,15.228969999952824,16.018864851503167
1682,9992.23982282598,9992.239959106,9992.239959106,9992.240580165,9992.254692642,0,COMPLETED,True,0.13628001943288837,0.621058999968227,14.112476999798673,14.869816019199789
1683,9992.252229120588,9992.252379697,9992.252379697,9992.252968106,9992.267298407,3,COMPLETED,True,0.15057641212479211,0.5884090005565668,14.330300999063184,15.069286411744542
1684,9992.256075035351,9992.256173449,9992.256173449,9992.256577851,9992.270714125,2,COMPLETED,True,0.09841364772000816,0.40440200064040255,14.136273999611149,14.63908964797156
1685,9992.257209427798,9992.257335055,9992.257335055,9992.257902162,9992.29707391,1,COMPLETED,True,0.12562720075948164,0.5671070011885604,39.1717479997169,39.86448220166494
1686,9992.257632923482,9992.257759461,9992.257759461,9992.258372275,9992.279178175,0,COMPLETED,True,0.12653751764446497,0.6128140012151562,20.805899999686517,21.545251518546138
1687,9992.258173816403,9992.258287654,9992.258287654,9992.267737178,9992.281731675,3,COMPLETED,True,0.11383759738237131,9.449523999137455,13.994497001476702,23.55785859799653
1688,9992.261944259893,9992.262043467,9992.262043467,9992.270908904,9992.293903354,2,COMPLETED,True,0.09920710726873949,8.865436999258236,22.994450000624056,31.95909410715103
1689,9992.26259925841,9992.262690845,9992.262690845,9992.280352213,9992.296355081,0,COMPLETED,True,0.0915865894057788,17.661367999608046,16.00286800021422,33.755822589228046
1690,9992.277420625085,9992.277521298,9992.277521298,9992.282095604,9992.295980749,3,COMPLETED,True,0.10067291441373527,4.5743059999949764,13.885145001040655,18.560123915449367
1691,9992.279520613922,9992.279643802,9992.279643802,9992.294233953,9992.308200448,2,COMPLETED,True,0.12318807785050012,14.590151000447804,13.966495000204304,28.67983407850261
1692,9992.283540355036,9992.283681775,9992.283681775,9992.296369031,9992.310296315,3,COMPLETED,True,0.14141996325633954,12.68725600129983,13.927283998782514,26.755959963338682
1693,9992.288191719434,9992.288293064,9992.288293064,9992.296668628,9992.310523501,0,COMPLETED,True,0.10134456715604756,8.375563998924918,13.854873001037049,22.331781567118014
1694,9992.305040475354,9992.305226811,9992.305226811,9992.305717773,9992.319219343,1,COMPLETED,True,0.18633564650372136,0.49096200018539093,13.501569999789353,14.178867646478466
1695,9992.312006922157,9992.312121696,9992.312121696,9992.312496684,9992.326059885,2,COMPLETED,True,0.11477384396130219,0.374987999748555,13.563200998760294,14.052962842470151
1696,9992.315263692535,9992.315358328,9992.315358328,9992.315692846,9992.329492097,3,COMPLETED,True,0.09463546484766994,0.3345179993630154,13.799251000818913,14.228404465029598
1697,9992.324815663362,9992.324908844,9992.324908844,9992.325299342,9992.338634934,0,COMPLETED,True,0.09318063894170336,0.3904979985236423,13.335592000657925,13.819270638123271
1698,9992.335043569843,9992.335230734,9992.335230734,9992.335756641,9992.349619329,1,COMPLETED,True,0.18716415615926962,0.525907000337611,13.862687999790069,14.57575915628695
1699,9992.341105621987,9992.341229449,9992.341229449,9992.341713308,9992.35554608,2,COMPLETED,True,0.12382701424940024,0.48385899935965426,13.832771999659599,14.440458013268653
1700,9992.350010307322,9992.350130435,9992.350130435,9992.350538259,9992.363991677,3,COMPLETED,True,0.12012767729174811,0.40782399992167484,13.453418001518003,13.981369678731426
1701,9992.352537210249,9992.352625477,9992.352625477,9992.353011986,9992.366345345,0,COMPLETED,True,0.08826675184536725,0.38650900023640133,13.333359000171185,13.808134752252954
1702,9992.356036024441,9992.356132147,9992.356132147,9992.356511189,9992.370326942,1,COMPLETED,True,0.09612255962565541,0.3790419996221317,13.81575300001714,14.290917559264926
1703,9992.361618269008,9992.361731821,9992.361731821,9992.362328591,9992.376265142,2,COMPLETED,True,0.11355199239915237,0.5967699999018805,13.936551000369946,14.646872992670978
1704,9992.36501140091,9992.365147275,9992.365147275,9992.365581648,9992.379650356,3,COMPLETED,True,0.13587409011961427,0.43437299973447807,14.068708000195329,14.638955090049421
1705,9992.36505804279,9992.365206852,9992.365206852,9992.36676673,9992.380629518,0,COMPLETED,True,0.1488092111685546,1.559877999170567,13.862788000551518,15.57147521089064
1706,9992.365233234888,9992.365433221,9992.365433221,9992.370692116,9992.384429737,1,COMPLETED,True,0.19998611242044717,5.258894998405594,13.737621000473155,19.196502111299196
1707,9992.372725555346,9992.372907334,9992.372907334,9992.376592132,9992.390283199,2,COMPLETED,True,0.18177865422330797,3.6847979990852764,13.691067000763724,17.557643654072308
1708,9992.374257399937,9992.374438192,9992.374438192,9992.379847258,9992.393917429,3,COMPLETED,True,0.18079206347465515,5.409065999629092,14.070171000639675,19.660029063743423
1709,9992.381197025406,9992.381294456,9992.381294456,9992.382143243,9992.40278509,0,COMPLETED,True,0.09743059308675583,0.8487869999953546,20.641847000661073,21.588064593743184
1710,9992.384382649432,9992.384487615,9992.384487615,9992.385126076,9992.399304659,1,COMPLETED,True,0.10496556751604658,0.6384610005625291,14.178583000102662,14.922009568181238
1711,9992.395814673559,9992.395904716,9992.395904716,9992.396320051,9992.410013536,2,COMPLETED,True,0.0900424420251511,0.41533500007062685,13.693484999748762,14.19886244184454
1712,9992.39938164776,9992.399479208,9992.399479208,9992.399990903,9992.414760297,3,COMPLETED,True,0.09756023973750416,0.5116950014780741,14.769393999813474,15.378649241029052
1713,9992.40907023238,9992.409172345,9992.409172345,9992.409612584,9992.42362474,1,COMPLETED,True,0.10211262087977957,0.4402390004543122,14.012155999807874,14.554507621141966
1714,9992.411054193823,9992.411144724,9992.411144724,9992.411498707,9992.425802365,0,COMPLETED,True,0.09053017674887087,0.3539830013323808,14.303657999334973,14.748171177416225
1715,9992.43186795032,9992.431957229,9992.431957229,9992.432443354,9992.447029217,2,COMPLETED,True,0.08927868111641146,0.4861249999521533,14.585863000320387,15.161266681388952
1716,9992.446792709914,9992.446837637,9992.446837637,9992.447386231,9992.464916254,3,COMPLETED,True,0.04492708649195265,0.54859400006535,17.530023000290385,18.123544086847687
1717,9992.450545943417,9992.450648434,9992.450648434,9992.451203465,9992.465000705,1,COMPLETED,True,0.10249058323097415,0.5550309997488512,13.797240000712918,14.454761583692743
1718,9992.469049370933,9992.469149791,9992.469149791,9992.469660575,9992.483146654,0,COMPLETED,True,0.10042006761068478,0.5107839988340857,13.486079000358586,14.097283066803357
1719,9992.47972322699,9992.479818647,9992.479818647,9992.480340158,9992.494986492,2,COMPLETED,True,0.09542000952933449,0.5215109995333478,14.646334000644856,15.263265009707538
1720,9992.483800980399,9992.48394526,9992.48394526,9992.484576832,9992.500332052,3,COMPLETED,True,0.1442796019546222,0.6315719983831514,15.755220001665293,16.531071602003067
1721,9992.483842379548,9992.484051992,9992.484051992,9992.484657267,9992.50545676,1,COMPLETED,True,0.20961245172657073,0.605274999543326,20.79949300059525,21.614380451865145
1722,9992.484484793926,9992.484663835,9992.484663835,9992.485202505,9992.504961516,0,COMPLETED,True,0.17904107517097145,0.5386699995142408,19.759011000132887,20.4767220748181
1723,9992.48943252484,9992.48962965,9992.48962965,9992.495427282,9992.509656899,2,COMPLETED,True,0.19712515859282576,5.797632000394515,14.229616999728023,20.224374158715364
1724,9992.492392340024,9992.492493644,9992.492493644,9992.500673447,9992.515685572,3,COMPLETED,True,0.10130397640750743,8.179803000530228,15.012124998975196,23.29323197591293
1725,9992.493210115708,9992.49329398,9992.49329398,9992.505148005,9992.519232598,0,COMPLETED,True,0.0838642918097321,11.854025000502588,14.084593000006862,26.022482292319182
1726,9992.514486949633,9992.514624411,9992.514624411,9992.515324314,9992.529216972,1,COMPLETED,True,0.13746136755798943,0.6999029992584838,13.892658000258962,14.730022367075435
1727,9992.526630899512,9992.526735252,9992.526735252,9992.527238806,9992.541296278,2,COMPLETED,True,0.10435248805151787,0.5035539998061722,14.05747199896723,14.66537848682492
1728,9992.538647572645,9992.538793569,9992.538793569,9992.539480548,9992.555287794,3,COMPLETED,True,0.14599635505874176,0.6869789995107567,15.807246001713793,16.64022135628329
1729,9992.544794387328,9992.544915093,9992.544915093,9992.545359021,9992.559579513,0,COMPLETED,True,0.12070567208866123,0.44392800009518396,14.220491999367368,14.785125671551214
1730,9992.557170377253,9992.557277955,9992.557277955,9992.557763044,9992.571788381,1,COMPLETED,True,0.10757774725789204,0.48508899999433197,14.02533699911146,14.618003746363684
1731,9992.557252712983,9992.557355034,9992.557355034,9992.557866388,9992.571892451,2,COMPLETED,True,0.10232101703877561,0.5113540009915596,14.026062999619171,14.639738017649506
1732,9992.560065059306,9992.560169977,9992.560169977,9992.560585825,9992.575718263,3,COMPLETED,True,0.10491769353393465,0.41584800055716187,15.132438000364345,15.653203694455442
1733,9992.566661947048,9992.566761121,9992.566761121,9992.567420879,9992.581214637,0,COMPLETED,True,0.09917395072989166,0.6597580013476545,13.79375800024718,14.552689952324727
1734,9992.592272966747,9992.592369137,9992.592369137,9992.592868253,9992.607198192,2,COMPLETED,True,0.09617025352781639,0.4991159985365812,14.329939000162994,14.925225252227392
1735,9992.59617007097,9992.596267389,9992.596267389,9992.596670367,9992.61142233,1,COMPLETED,True,0.09731803038448561,0.40297799932886846,14.751962999071111,15.252259028784465
1736,9992.599985316376,9992.600220905,9992.600220905,9992.601017036,9992.620233098,3,COMPLETED,True,0.2355886244913563,0.7961310002428945,19.21606199903181,20.24778162376606
1737,9992.60635068847,9992.606492907,9992.606492907,9992.60716668,9992.624093887,0,COMPLETED,True,0.14221853052731603,0.6737730000168085,16.927206999753253,17.743198530297377
1738,9992.60975806898,9992.609877793,9992.609877793,9992.610345356,9992.624265719,2,COMPLETED,True,0.11972401989623904,0.4675630007113796,13.920362998760538,14.507650019368157
1739,9992.610189754443,9992.610301573,9992.610301573,9992.61180485,9992.626056034,1,COMPLETED,True,0.11181855734321289,1.5032769988465589,14.251184000386274,15.866279556576046
1740,9992.611292387566,9992.611459327,9992.611459327,9992.620596814,9992.635317404,3,COMPLETED,True,0.16693943325662985,9.137487000771216,14.720589999342337,24.025016433370183
1741,9992.63481711851,9992.634916118,9992.634916118,9992.635384096,9992.649486984,0,COMPLETED,True,0.09899949145619757,0.46797799950581975,14.102888000707026,14.669865491669043
1742,9992.636760481597,9992.636868695,9992.636868695,9992.637237028,9992.651567977,2,COMPLETED,True,0.10821340401889756,0.36833299964200705,14.330948999486282,14.807495403147186
1743,9992.641396256982,9992.641489648,9992.641489648,9992.641911409,9992.655814197,1,COMPLETED,True,0.09339101779914927,0.4217610003252048,13.902787999541033,14.417940017665387
1744,9992.64382540832,9992.643936527,9992.643936527,9992.644332766,9992.65973803,3,COMPLETED,True,0.11111867934232578,0.39623900011065416,15.405264000946772,15.912621680399752
1745,9992.649950788818,9992.650151601,9992.650151601,9992.650892213,9992.665837916,0,COMPLETED,True,0.20081218099221587,0.7406120002997341,14.945703000194044,15.887127181485994
1746,9992.651874182264,9992.651999498,9992.651999498,9992.652382681,9992.666401213,2,COMPLETED,True,0.12531573702290189,0.3831829999398906,14.018531999681727,14.52703073664452
1747,9992.664081839665,9992.664182626,9992.664182626,9992.664718206,9992.678508708,1,COMPLETED,True,0.10078633567900397,0.5355800003599143,13.790502000119886,14.426868336158805
1748,9992.683041542476,9992.683170446,9992.683170446,9992.683658628,9992.702008155,3,COMPLETED,True,0.12890352445538156,0.4881820004811743,18.349526999372756,18.966612524309312
1749,9992.688157997618,9992.688289559,9992.688289559,9992.688999868,9992.705609505,0,COMPLETED,True,0.13156138265912887,0.7103089992597234,16.60963699941931,17.45150738133816
1750,9992.696638762362,9992.696800505,9992.696800505,9992.697584837,9992.713749922,2,COMPLETED,True,0.16174263873836026,0.7843319999665255,16.165085000466206,17.111159639171092
1751,9992.707467196396,9992.707528973,9992.707528973,9992.708140167,9992.723562959,1,COMPLETED,True,0.061776603615726344,0.6111940001574112,15.42279199929908,16.095762603072217
1752,9992.70761670714,9992.707848533,9992.707848533,9992.708156141,9992.724124457,3,COMPLETED,True,0.23182586119219195,0.30760799927520566,15.968315999998595,16.507749860465992
1753,9992.70974502087,9992.709895514,9992.709895514,9992.710571363,9992.727371073,0,COMPLETED,True,0.15049313151394017,0.6758489998901496,16.799709999759216,17.626052131163306
1754,9992.715101621845,9992.715239307,9992.715239307,9992.715896075,9992.731420581,2,COMPLETED,True,0.13768515418632887,0.6567680011357879,15.524505999565008,16.318959154887125
1755,9992.719193131972,9992.719398977,9992.719398977,9992.723920749,9992.738977691,1,COMPLETED,True,0.20584502817655448,4.521771999861812,15.056942000228446,19.784559028266813
1756,9992.721135011743,9992.721320718,9992.721320718,9992.724435074,9992.740572501,3,COMPLETED,True,0.18570625616121106,3.1143560008786153,16.13742699919385,19.437489256233675
1757,9992.729724603172,9992.729926218,9992.729926218,9992.730604915,9992.745443974,0,COMPLETED,True,0.20161482825642452,0.6786969988752389,14.839059000223642,15.719370827355306
1758,9992.729979678623,9992.730023731,9992.730023731,9992.731687076,9992.747275786,2,COMPLETED,True,0.04405237632454373,1.6633450013614492,15.588709999065031,17.296107376751024
1759,9992.747269210651,9992.747387291,9992.747387291,9992.747885847,9992.762378982,1,COMPLETED,True,0.11808034832938574,0.49855600082082674,14.493135000520851,15.109771349671064
1760,9992.749579196998,9992.749710428,9992.749710428,9992.750171931,9992.765431685,3,COMPLETED,True,0.13123100143275224,0.4615030011336785,15.259753999998793,15.852488002565224
1761,9992.753628356275,9992.753778215,9992.753778215,9992.754327499,9992.768766352,0,COMPLETED,True,0.14985872439865489,0.5492840009537758,14.438852998864604,15.137995724217035
1762,9992.767128167976,9992.767242469,9992.767242469,9992.767810504,9992.787708478,2,COMPLETED,True,0.1143010249506915,0.5680349986505462,19.897973999832175,20.580310023433412
1763,9992.767328023661,9992.767678703,9992.767678703,9992.768322827,9992.789157366,1,COMPLETED,True,0.3506793382257456,0.6441240002459381,20.8345390001341,21.829342338605784
1764,9992.775002142645,9992.775136475,9992.775136475,9992.775672639,9992.791526383,3,COMPLETED,True,0.13433235471893568,0.5361639996408485,15.853744000196457,16.52424035455624
1765,9992.779510109882,9992.779619273,9992.779619273,9992.780142491,9992.798251842,0,COMPLETED,True,0.1091631183953723,0.5232179992162855,18.10935100002098,18.741732117632637
1766,9992.780560451185,9992.78075427,9992.78075427,9992.788363466,9992.807969983,2,COMPLETED,True,0.19381881429580972,7.609195999975782,19.60651700028393,27.40953181455552
1767,9992.783448167824,9992.78364122,9992.78364122,9992.789660269,9992.81082593,1,COMPLETED,True,0.19305217574583367,6.019049000315135,21.165661000850378,27.377762176911347
1768,9992.797264214612,9992.797361439,9992.797361439,9992.797788021,9992.813173438,3,COMPLETED,True,0.09722438699100167,0.42658200072764885,15.385417000288726,15.909223388007376
1769,9992.797896986829,9992.798036601,9992.798036601,9992.798538466,9992.816882732,0,COMPLETED,True,0.1396141706209164,0.501865000842372,18.34426599998551,18.985745171448798
1770,9992.798140658539,9992.798242816,9992.798242816,9992.808512313,9992.828890033,2,COMPLETED,True,0.10215746078756638,10.269497000990668,20.37772000039695,30.749374462175183
1771,9992.80999199323,9992.810102305,9992.810102305,9992.811342824,9992.831091721,1,COMPLETED,True,0.11031177018594462,1.240518999111373,19.74889700068161,21.099727769978927
1772,9992.811589245062,9992.811707329,9992.811707329,9992.813535485,9992.829459708,3,COMPLETED,True,0.11808393719547894,1.8281560005561914,15.924223000183702,17.870462937935372
1773,9992.836013467608,9992.836145654,9992.836145654,9992.836613612,9992.850765414,0,COMPLETED,True,0.13218639287515543,0.46795799971732777,14.151801999105373,14.751946391697857
1774,9992.84593743888,9992.846041484,9992.846041484,9992.846570731,9992.86079457,2,COMPLETED,True,0.1040451188600855,0.5292470013955608,14.223838999896543,14.85713112015219
1775,9992.847682827452,9992.847838227,9992.847838227,9992.848401763,9992.864106623,3,COMPLETED,True,0.15539954802079592,0.5635359993902966,15.704859999459586,16.42379554687068
1776,9992.849227966557,9992.849410153,9992.849410153,9992.84988063,9992.864047146,1,COMPLETED,True,0.1821864425437525,0.4704769999079872,14.166516000841511,14.819179443293251
1777,9992.86248617657,9992.862579779,9992.862579779,9992.863060429,9992.877222958,0,COMPLETED,True,0.09360242984257638,0.4806500000995584,14.162529001623625,14.73678143156576
1778,9992.863441728632,9992.863527907,9992.863527907,9992.863790454,9992.877900828,2,COMPLETED,True,0.08617836829216685,0.26254699878336396,14.110374000665615,14.459099367741146
1779,9992.865543104568,9992.865678444,9992.865678444,9992.866086487,9992.879976564,1,COMPLETED,True,0.13533943274524063,0.40804299896990415,13.890076999814482,14.433459431529627
1780,9992.869199508572,9992.869300109,9992.869300109,9992.869748437,9992.885272908,3,COMPLETED,True,0.10060042768600397,0.4483280008571455,15.524471000389894,16.073399428933044
1781,9992.876882614359,9992.876990384,9992.876990384,9992.877539543,9992.891959412,0,COMPLETED,True,0.10776964154501911,0.5491590000019642,14.419868999539176,15.07679764108616
1782,9992.878148282965,9992.878272361,9992.878272361,9992.878604248,9992.892652517,2,COMPLETED,True,0.12407803478708956,0.33188700035680085,14.048269000340952,14.504234035484842
1783,9992.878667932431,9992.878782138,9992.878782138,9992.88017643,9992.89436703,1,COMPLETED,True,0.11420556802477222,1.39429200135055,14.190599998983089,15.699097568358411
1784,9992.898209554427,9992.898298361,9992.898298361,9992.898725139,9992.913842235,3,COMPLETED,True,0.08880657333065756,0.4267780004738597,15.117095999812591,15.632680573617108
1785,9992.908158357804,9992.908259959,9992.908259959,9992.908803983,9992.923912403,0,COMPLETED,True,0.10160119563806802,0.5440240001917118,15.108419998796307,15.754045194626087
1786,9992.910022737216,9992.910150054,9992.910150054,9992.910675306,9992.924723725,2,COMPLETED,True,0.12731678361888044,0.5252520004432881,14.048418999664136,14.700987783726305
1787,9992.925682618346,9992.925783903,9992.925783903,9992.926276191,9992.941417427,1,COMPLETED,True,0.10128465328307357,0.4922879998048302,15.141236000999925,15.734808654087828
1788,9992.941183017425,9992.941292668,9992.941292668,9992.941804499,9992.958368914,3,COMPLETED,True,0.10965057481371332,0.5118310000398196,16.56441500017536,17.18589657502889
1789,9992.94667063575,9992.946877453,9992.946877453,9992.947487987,9992.969110228,1,COMPLETED,True,0.20681724890891928,0.610533999861218,21.62224099993182,22.439592248701956
1790,9992.947734211017,9992.94786213,9992.94786213,9992.948472442,9992.968799846,2,COMPLETED,True,0.12791898370778654,0.6103119994804729,20.327403999544913,21.065634982733172
1791,9992.94774338508,9992.947918638,9992.947918638,9992.948484009,9992.967929108,0,COMPLETED,True,0.1752529187797336,0.5653710013575619,19.44509899840341,20.185722918540705
1792,9992.950796821091,9992.950949789,9992.950949789,9992.95855997,9992.97564998,3,COMPLETED,True,0.1529679084342206,7.610181000927696,17.090010000174516,24.853158909536432
1793,9992.951260499533,9992.951655153,9992.951655153,9992.968201099,9992.98303882,0,COMPLETED,True,0.394653467083117,16.54594600040582,14.837721000731108,31.778320468220045
1794,9992.972644559406,9992.972780441,9992.972780441,9992.97329425,9992.989488868,2,COMPLETED,True,0.1358815934509039,0.5138090000400553,16.194617999644834,16.844308593135793
1795,9992.986056084932,9992.986173001,9992.986173001,9992.986643325,9993.001868988,1,COMPLETED,True,0.11691606778185815,0.47032400107127614,15.225662999000633,15.812903067853767
1796,9992.99166242773,9992.991753764,9992.991753764,9992.992202116,9993.007746021,3,COMPLETED,True,0.09133626917900983,0.4483520006033359,15.543904999503866,16.08359326928621
1797,9993.009288984054,9993.009436025,9993.009436025,9993.009946525,9993.023995728,0,COMPLETED,True,0.14704094610351603,0.51050000001851,14.04920299864898,14.706743944771006
1798,9993.009334080543,9993.00952663,9993.00952663,9993.010057644,9993.025824605,2,COMPLETED,True,0.1925494561874075,0.5310140004439745,15.766960999826551,16.490524456457933
1799,9993.02660953461,9993.026721816,9993.026721816,9993.02718219,9993.041459896,1,COMPLETED,True,0.11228139010199811,0.46037399988563266,14.277705999120371,14.850361389108002
1800,9993.039725957537,9993.039841652,9993.039841652,9993.0404551,9993.057345875,3,COMPLETED,True,0.1156944636022672,0.6134479990578257,16.890775001229485,17.61991746388958
1801,9993.047284466105,9993.047416558,9993.047416558,9993.047967853,9993.064436148,0,COMPLETED,True,0.13209189455665182,0.5512949992407812,16.468295001686784,17.151681895484217
1802,9993.048181515456,9993.048327364,9993.048327364,9993.048886904,9993.064176001,2,COMPLETED,True,0.14584854397980962,0.5595399998128414,15.289097000277252,15.994485544069903
1803,9993.056420034241,9993.056534685,9993.056534685,9993.057080645,9993.073308026,1,COMPLETED,True,0.11465075840533245,0.5459599997266196,16.22738100013521,16.887991758267162
1804,9993.060802930446,9993.060870208,9993.060870208,9993.061314689,9993.084302422,3,COMPLETED,True,0.06727755499014165,0.44448099833971355,22.987733000263688,23.499491553593543
1805,9993.072180809886,9993.072303256,9993.072303256,9993.072967899,9993.088405648,2,COMPLETED,True,0.12244611389178317,0.6646429992542835,15.437749001648626,16.224838114794693
1806,9993.086923617033,9993.087058235,9993.087058235,9993.087596778,9993.108090241,0,COMPLETED,True,0.13461796697811224,0.5385429994930746,20.49346300009347,21.166623966564657
1807,9993.095815845778,9993.095926107,9993.095926107,9993.096498549,9993.120885461,1,COMPLETED,True,0.11026122228940949,0.572442000702722,24.38691199859022,25.069615221582353
1808,9993.096678787793,9993.096810804,9993.096810804,9993.097305934,9993.112696331,3,COMPLETED,True,0.13201620640757028,0.49512999976286665,15.390397000373923,16.01754320654436
1809,9993.10364633562,9993.103771695,9993.103771695,9993.10436655,9993.127775082,2,COMPLETED,True,0.12535938003566116,0.5948550005996367,23.408532000757987,24.128746381393285
1810,9993.124032033324,9993.124196292,9993.124196292,9993.124716242,9993.139539207,0,COMPLETED,True,0.1642586757952813,0.5199500010348856,14.822965000348631,15.507173677178798
1811,9993.125753390454,9993.125895556,9993.125895556,9993.12638709,9993.142764963,3,COMPLETED,True,0.14216554700396955,0.49153399959322996,16.37787300023774,17.01157254683494
1812,9993.136260649337,9993.136401212,9993.136401212,9993.136946246,9993.15589413,1,COMPLETED,True,0.14056266263651196,0.5450340013339883,18.947884000226622,19.633480664197123
1813,9993.13631675211,9993.136490535,9993.136490535,9993.137032542,9993.15702144,2,COMPLETED,True,0.17378288976033218,0.5420069992396748,19.98889800051984,20.704687889519846
1814,9993.152760248478,9993.152948781,9993.152948781,9993.153637745,9993.167226213,0,COMPLETED,True,0.18853252186090685,0.6889639989822172,13.58846800030733,14.465964521150454
1815,9993.175689747504,9993.175805208,9993.175805208,9993.176442538,9993.192251484,3,COMPLETED,True,0.11546049609023612,0.6373300002451288,15.808946000106516,16.56173649644188
1816,9993.178834484415,9993.178970512,9993.178970512,9993.179726439,9993.196754575,1,COMPLETED,True,0.13602758554043248,0.7559269997727824,17.028135998771177,17.92009058408439
1817,9993.187971522997,9993.188131624,9993.188131624,9993.189016968,9993.206231096,2,COMPLETED,True,0.16010100262064952,0.8853439994709333,17.21412799997779,18.259573002069374
1818,9993.200668856947,9993.200808476,9993.200808476,9993.20139972,9993.215281947,0,COMPLETED,True,0.13961905278847553,0.591243999224389,13.88222700006736,14.613090052080224
1819,9993.217258625262,9993.217386418,9993.217386418,9993.217934464,9993.233323719,3,COMPLETED,True,0.12779273856722284,0.5480460004037013,15.38925499880861,16.065093737779534
1820,9993.2185935443,9993.218689936,9993.218689936,9993.219096383,9993.237317669,1,COMPLETED,True,0.09639170093578286,0.406446999477339,18.22128599997086,18.72412470038398
1821,9993.23142585832,9993.231461192,9993.231461192,9993.232081413,9993.247381896,2,COMPLETED,True,0.03533367998898029,0.6202210006449604,15.300483000828535,15.956037681462476
1822,9993.244143382208,9993.244259224,9993.244259224,9993.244789007,9993.261606842,0,COMPLETED,True,0.1158417926490074,0.5297829993651249,16.817834999528714,17.463459791542846
1823,9993.24514453559,9993.24528518,9993.24528518,9993.245645112,9993.26284741,3,COMPLETED,True,0.14064441165828612,0.3599319989007199,17.202298000484006,17.702874411043013
1824,9993.249154303325,9993.249381305,9993.249381305,9993.250020298,9993.271946057,1,COMPLETED,True,0.2270016757393023,0.6389930003933841,21.925758999714162,22.79175367584685
1825,9993.251378353583,9993.251661262,9993.251661262,9993.25253355,9993.268688473,2,COMPLETED,True,0.2829084169206908,0.8722879993001698,16.154922999703558,17.31011941592442
1826,9993.260878434476,9993.261001004,9993.261001004,9993.261956364,9993.276192458,0,COMPLETED,True,0.12256952504685614,0.9553599993523676,14.236094000807498,15.314023525206721
1827,9993.291456965148,9993.291578624,9993.291578624,9993.29209846,9993.305874748,3,COMPLETED,True,0.12165885163994972,0.5198360013309866,13.776288000372006,14.417782853342942
1828,9993.316497742722,9993.316611053,9993.316611053,9993.317119466,9993.330716947,2,COMPLETED,True,0.11331027781125158,0.5084130007162457,13.59748100003344,14.219204278560937
1829,9993.32108685204,9993.321186993,9993.321186993,9993.321673385,9993.335226462,1,COMPLETED,True,0.1001409600576153,0.4863920003117528,13.553077000324265,14.139609960693633
1830,9993.35359390783,9993.353693108,9993.353693108,9993.354272703,9993.367906855,0,COMPLETED,True,0.09920016964315437,0.5795950000901939,13.634151999212918,14.312947168946266
1831,9993.355998311981,9993.356130438,9993.356130438,9993.356608173,9993.371199598,3,COMPLETED,True,0.13212601879786234,0.4777350004587788,14.591424998798175,15.201286018054816
1832,9993.364419870917,9993.364543663,9993.364543663,9993.365122177,9993.379751026,2,COMPLETED,True,0.12379208237689454,0.5785140001535183,14.62884899956407,15.331155082094483
1833,9993.367406014388,9993.367509833,9993.367509833,9993.368075854,9993.381741871,1,COMPLETED,True,0.10381861284258775,0.566020999031025,13.666017001014552,14.335856612888165
1834,9993.37662310362,9993.376744877,9993.376744877,9993.3773161,9993.391331417,0,COMPLETED,True,0.12177337885077577,0.5712230013159569,14.015316999575589,14.708313379742322
1835,9993.385534560584,9993.385629916,9993.385629916,9993.386098558,9993.399821596,3,COMPLETED,True,0.09535541539662518,0.4686419997597113,13.72303800053487,14.287035415691207
1836,9993.386492123993,9993.386643856,9993.386643856,9993.387055047,9993.402070489,2,COMPLETED,True,0.15173200699791778,0.4111910002393415,15.015442000731127,15.578365007968387
1837,9993.408137594955,9993.408226833,9993.408226833,9993.408670996,9993.423652309,1,COMPLETED,True,0.08923804489313625,0.44416299897420686,14.981313001044327,15.51471404491167
1838,9993.432647275611,9993.432789385,9993.432789385,9993.433333974,9993.446777504,0,COMPLETED,True,0.14210938934411388,0.544589000128326,13.44352999876719,14.13022838823963
1839,9993.443509667906,9993.443609359,9993.443609359,9993.444158046,9993.463181249,3,COMPLETED,True,0.09969109305529855,0.5486870013555745,19.02320299996063,19.671581094371504
1840,9993.444638800525,9993.444776562,9993.444776562,9993.44519288,9993.464174939,2,COMPLETED,True,0.13776147534372285,0.41631800013419706,18.98205899851746,19.53613847399538
1841,9993.444817476648,9993.444848544,9993.444848544,9993.44524458,9993.464910009,1,COMPLETED,True,0.031067353120306507,0.39603599907422904,19.6654289993603,20.092532351554837
1842,9993.449418546099,9993.449536422,9993.449536422,9993.450031742,9993.463873672,0,COMPLETED,True,0.1178759011963848,0.4953200004820246,13.841930000126013,14.455125901804422
1843,9993.461388114109,9993.461496352,9993.461496352,9993.463575171,9993.48173815,3,COMPLETED,True,0.1082378912542481,2.078818999507348,18.162979000408086,20.350035891169682
1844,9993.46421360292,9993.464337971,9993.464337971,9993.464715735,9993.478081974,0,COMPLETED,True,0.12436807992344256,0.3777639994950732,13.366239001697977,13.868371081116493
1845,9993.469550883912,9993.469643419,9993.469643419,9993.47006985,9993.486670376,2,COMPLETED,True,0.09253508687834255,0.4264310009602923,16.600525999820093,17.119492087658728
1846,9993.471154073055,9993.471241756,9993.471241756,9993.471543856,9993.486752304,1,COMPLETED,True,0.0876829453773098,0.3020999993168516,15.208447999611963,15.598230944306124
1847,9993.490540096644,9993.490626944,9993.490626944,9993.491039245,9993.504223088,0,COMPLETED,True,0.08684735621500295,0.4123010003240779,13.183843000661,13.68299135720008
1848,9993.500460952439,9993.500572877,9993.500572877,9993.501321642,9993.515166715,3,COMPLETED,True,0.11192456076969393,0.7487650000257418,13.84507300099358,14.705762561789015
1849,9993.509514879204,9993.509615592,9993.509615592,9993.510301448,9993.52656919,1,COMPLETED,True,0.10071279575640801,0.6858559991087532,16.26774200121872,17.054310796083882
1850,9993.510925551225,9993.511093444,9993.511093444,9993.511637436,9993.52684351,2,COMPLETED,True,0.16789277469797526,0.5439920005301246,15.206074000161607,15.917958775389707
1851,9993.521300187957,9993.521467068,9993.521467068,9993.522074494,9993.536077531,0,COMPLETED,True,0.16688004325260408,0.607425999987754,14.003037000293261,14.77734304353362
1852,9993.523620208758,9993.523779782,9993.523779782,9993.524192913,9993.537599947,3,COMPLETED,True,0.15957324103510473,0.41313100155093707,13.407033999101259,13.9797382416873
1853,9993.56432189429,9993.564447855,9993.564447855,9993.565178264,9993.582597129,1,COMPLETED,True,0.12596071064763237,0.7304089995159302,17.418864999854122,18.275234710017685
1854,9993.566926722071,9993.567033785,9993.567033785,9993.567517053,9993.581618875,2,COMPLETED,True,0.10706292960094288,0.4832679987885058,14.101822000156972,14.69215292854642
1855,9993.574669556194,9993.574793783,9993.574793783,9993.575346722,9993.589487861,0,COMPLETED,True,0.12422680629242677,0.5529390000447165,14.141138999548275,14.818304805885418
1856,9993.57536772773,9993.575465759,9993.575465759,9993.57584719,9993.589790339,3,COMPLETED,True,0.09803127068153117,0.3814310002780985,13.943148998805555,14.422611269765184
1857,9993.586828714544,9993.586923819,9993.586923819,9993.587462797,9993.601436536,2,COMPLETED,True,0.09510445670457557,0.5389779998949962,13.973738999993657,14.607821456593229
1858,9993.593004499626,9993.593199264,9993.593199264,9993.593716808,9993.607160854,1,COMPLETED,True,0.19476437410048675,0.5175440001039533,13.44404600058624,14.15635437479068
1859,9993.603081020326,9993.603176659,9993.603176659,9993.603731842,9993.617423889,0,COMPLETED,True,0.09563867388351355,0.5551829999603797,13.692046999494778,14.342868673338671
1860,9993.605300399633,9993.605326306,9993.605326306,9993.6056362,9993.619470609,3,COMPLETED,True,0.025906367227435112,0.3098939996561967,13.83440899917332,14.170209366056952
1861,9993.609368217361,9993.609465467,9993.609465467,9993.610005292,9993.623834745,2,COMPLETED,True,0.09724963820190169,0.5398249995778315,13.829453000653302,14.466527638433035
1862,9993.61628620323,9993.616485815,9993.616485815,9993.616995679,9993.630872953,1,COMPLETED,True,0.19961176985816564,0.5098639994685072,13.87727399924188,14.586749768568552
1863,9993.61805108712,9993.61821069,9993.61821069,9993.618744221,9993.632287653,0,COMPLETED,True,0.1596028796484461,0.53353099974629,13.54343200000585,14.236565879400587
1864,9993.6239989575,9993.624148386,9993.624148386,9993.624884231,9993.642044514,3,COMPLETED,True,0.14942849884391762,0.7358450002357131,17.16028299961181,18.04555649869144
1865,9993.640725334088,9993.640827603,9993.640827603,9993.641307922,9993.655856264,2,COMPLETED,True,0.10226891208731104,0.48031900041678455,14.548342000125558,15.130929912629654
1866,9993.66143491956,9993.661531605,9993.661531605,9993.662060067,9993.676147161,1,COMPLETED,True,0.09668543862062506,0.528462000147556,14.087094001297373,14.712241440065554
1867,9993.676819394026,9993.676937033,9993.676937033,9993.677624614,9993.692425218,0,COMPLETED,True,0.11763897418859415,0.6875809995108284,14.800603999901796,15.605823973601218
1868,9993.678593085564,9993.678748255,9993.678748255,9993.679293618,9993.701378815,3,COMPLETED,True,0.15516943676630035,0.5453630001284182,22.085196998887113,22.785729435781832
1869,9993.68066662107,9993.68080834,9993.68080834,9993.681197589,9993.697429486,2,COMPLETED,True,0.14171892871672753,0.38924900036363397,16.231896999670425,16.762864928750787
1870,9993.688763768587,9993.688916737,9993.688916737,9993.69204949,9993.705933622,1,COMPLETED,True,0.15296841411327478,3.1327529995905934,13.884132000384852,17.16985341408872
1871,9993.69142707837,9993.6915371,9993.6915371,9993.692588032,9993.706639725,0,COMPLETED,True,0.11002162864315324,1.0509319999982836,14.051693000510568,15.212646629152005
1872,9993.708053376746,9993.708143687,9993.708143687,9993.708542838,9993.722382171,2,COMPLETED,True,0.09031025365402456,0.3991510002379073,13.83933299985074,14.328794253742672
1873,9993.708933416514,9993.709056016,9993.709056016,9993.709469569,9993.723690483,3,COMPLETED,True,0.12259948562132195,0.4135529998166021,14.220914001271012,14.757066486708936
1874,9993.724186960953,9993.724288108,9993.724288108,9993.72472539,9993.737835173,1,COMPLETED,True,0.10114704673469532,0.43728200034820475,13.10978299989074,13.64821204697364
1875,9993.73297151209,9993.733072411,9993.733072411,9993.733506093,9993.747099306,0,COMPLETED,True,0.10089890929521061,0.43368200022086967,13.593212999694515,14.127793909210595
1876,9993.754521431905,9993.754672597,9993.754672597,9993.755161673,9993.769286837,2,COMPLETED,True,0.15116509530344047,0.48907599921221845,14.125163999779033,14.765405094294692
1877,9993.764171408624,9993.76433585,9993.76433585,9993.764818603,9993.778967288,3,COMPLETED,True,0.16444137690996286,0.4827529992326163,14.14868500069133,14.79587937683391
1878,9993.769673204952,9993.769774723,9993.769774723,9993.770239582,9993.78460042,1,COMPLETED,True,0.10151804781344254,0.4648590002034325,14.360838000357035,14.92721504837391
1879,9993.771237463461,9993.771505366,9993.771505366,9993.771975202,9993.78584152,0,COMPLETED,True,0.2679025383258704,0.46983600077510346,13.866318000509636,14.60405653961061
1880,9993.788925906258,9993.789013876,9993.789013876,9993.789486712,9993.802873836,2,COMPLETED,True,0.08796974179858807,0.4728359999717213,13.3871240013832,13.947929743153509
1881,9993.791352598859,9993.791434652,9993.791434652,9993.791751233,9993.805204125,3,COMPLETED,True,0.08205314043152612,0.3165810012433212,13.452891998895211,13.851526140570058
1882,9993.81771865603,9993.817811842,9993.817811842,9993.818533212,9993.836441483,1,COMPLETED,True,0.09318597039964516,0.7213699991552858,17.908271000123932,18.722826969678863
1883,9993.822186629339,9993.822376419,9993.822376419,9993.82316117,9993.842032577,0,COMPLETED,True,0.18978966181748547,0.784750998718664,18.871407000915497,19.845947661451646
1884,9993.822278059393,9993.82251535,9993.82251535,9993.823166244,9993.836817244,2,COMPLETED,True,0.23729060740151908,0.6508939986815676,13.651000001118518,14.539184607201605
1885,9993.82293371806,9993.823059641,9993.823059641,9993.823447421,9993.841169008,3,COMPLETED,True,0.12592293933266774,0.38778000089223497,17.721586998959538,18.23528993918444
1886,9993.840460286487,9993.840550588,9993.840550588,9993.841039254,9993.854056664,1,COMPLETED,True,0.09030151340994053,0.4886660008196486,13.017409999520169,13.596377513749758
1887,9993.849999250706,9993.850106765,9993.850106765,9993.850560913,9993.86372306,2,COMPLETED,True,0.10751429363153875,0.4541480011539534,13.162146999093238,13.72380929387873
1888,9993.8552742377,9993.855393607,9993.855393607,9993.85593243,9993.869416241,3,COMPLETED,True,0.11936930059164297,0.5388230001699412,13.483810998877743,14.142003299639327
1889,9993.864371606407,9993.864589332,9993.864589332,9993.865200663,9993.888425823,0,COMPLETED,True,0.21772559375676792,0.6113309991633287,23.225159999128664,24.05421659204876
1890,9993.865814952484,9993.865988686,9993.865988686,9993.866528164,9993.885264418,1,COMPLETED,True,0.17373351693095174,0.539478000064264,18.736254000032204,19.44946551702742
1891,9993.873979670512,9993.874101885,9993.874101885,9993.874738086,9993.888138441,2,COMPLETED,True,0.12221448741911445,0.6362010008160723,13.40035499924852,14.158770487483707
1892,9993.874574519406,9993.874665328,9993.874665328,9993.875097654,9993.894816595,3,COMPLETED,True,0.090808593085967,0.43232600000919774,19.718941000974155,20.24207559406932
1893,9993.878640342036,9993.878728435,9993.878728435,9993.885447146,9993.899207926,1,COMPLETED,True,0.08809296377876308,6.718710999848554,13.760780000666273,20.56758396429359
1894,9993.888618893814,9993.888728773,9993.888728773,9993.889180196,9993.903157733,2,COMPLETED,True,0.10987918540195096,0.4514230004133424,13.977537000755547,14.53883918657084
1895,9993.893539759423,9993.893638304,9993.893638304,9993.894112154,9993.907608929,0,COMPLETED,True,0.09854457675828598,0.47384999925270677,13.496775000021444,14.069169576032436
1896,9993.900934535377,9993.901063956,9993.901063956,9993.901693128,9993.915381307,3,COMPLETED,True,0.12942062312504277,0.6291720001172507,13.68817900038266,14.446771623624954
1897,9993.924722192047,9993.924848579,9993.924848579,9993.925276001,9993.940285684,1,COMPLETED,True,0.12638695261557586,0.4274220009392593,15.009683000243967,15.563491953798803
1898,9993.930905561587,9993.930994914,9993.930994914,9993.931514383,9993.946545237,2,COMPLETED,True,0.0893524138518842,0.5194690002099378,15.03085399963311,15.639675413694931
1899,9993.93117905376,9993.931260121,9993.931260121,9993.931620942,9993.945745909,0,COMPLETED,True,0.08106724089884665,0.3608209990488831,14.12496700140764,14.56685524135537
1900,9993.950716221578,9993.950810262,9993.950810262,9993.951464835,9993.969123349,3,COMPLETED,True,0.09404042248206679,0.6545729993376881,17.658513999776915,18.40712742159667
1901,9993.952987032722,9993.953096413,9993.953096413,9993.953706531,9993.968272648,1,COMPLETED,True,0.10938027844531462,0.6101179988036165,14.566117000867962,15.285615278116893
1902,9993.957389842208,9993.9575654,9993.9575654,9993.957984894,9993.971822188,0,COMPLETED,True,0.1755577923177043,0.4194939992885338,13.837294000040856,14.432345791647094
1903,9993.971704410993,9993.971833249,9993.971833249,9993.972405146,9993.986634361,2,COMPLETED,True,0.12883800627605524,0.5718970005545998,14.22921499943186,14.929950006262516
1904,9993.972626306077,9993.972727432,9993.972727432,9993.973069055,9993.986579756,1,COMPLETED,True,0.10112592281075194,0.341623001077096,13.510700999177061,13.953449923064909
1905,9993.982791545935,9993.982928035,9993.982928035,9993.983633917,9994.000913756,3,COMPLETED,True,0.13648906497110147,0.705881999238045,17.279838999456842,18.12221006366599
1906,9993.983288250538,9993.983416687,9993.983416687,9993.983813638,9994.000685959,0,COMPLETED,True,0.1284364625462331,0.3969509998569265,16.87232099902758,17.39770846143074
1907,9993.986084911838,9993.986218949,9993.986218949,9993.986979681,9994.001111551,1,COMPLETED,True,0.13403716184257064,0.7607320003444329,14.131870000710478,15.026639162897482
1908,9993.98740589838,9993.98751,9993.98751,9993.987988907,9994.002319228,2,COMPLETED,True,0.10410162030893844,0.47890699897834565,14.330321000670665,14.913329619957949
1909,9993.990098756049,9993.990198148,9993.990198148,9994.001047663,9994.014579572,0,COMPLETED,True,0.09939195115293842,10.8495149997907,13.53190900044865,24.480815951392287
1910,9993.990804804418,9993.990889161,9993.990889161,9994.001273962,9994.014877664,3,COMPLETED,True,0.08435658128291834,10.38480100032757,13.603702000182238,24.072859581792727
1911,9994.00459970269,9994.004740489,9994.004740489,9994.005593303,9994.019573383,1,COMPLETED,True,0.14078630920266733,0.8528140006092144,13.980080000692396,14.973680310504278
1912,9994.007419104237,9994.007525049,9994.007525049,9994.008045328,9994.022224237,2,COMPLETED,True,0.10594476407277398,0.5202789998293156,14.178908999383566,14.805132763285656
1913,9994.015089581408,9994.015219593,9994.015219593,9994.015687573,9994.029604459,0,COMPLETED,True,0.13001159277337138,0.46798000039416365,13.91688599869667,14.514877591864206
1914,9994.016649839185,9994.016767162,9994.016767162,9994.017154282,9994.031251132,3,COMPLETED,True,0.11732281564036384,0.3871200005960418,14.096849999987171,14.601292816223577
1915,9994.018759453604,9994.018954559,9994.018954559,9994.019926396,9994.033857248,1,COMPLETED,True,0.19510539641487412,0.9718370001792209,13.930851999248262,15.097794395842357
1916,9994.027213096291,9994.027425232,9994.027425232,9994.028025289,9994.041897455,2,COMPLETED,True,0.21213570835243445,0.6000570010655792,13.872165998691344,14.684358708109357
1917,9994.027465860645,9994.02752354,9994.02752354,9994.029977651,9994.043949873,0,COMPLETED,True,0.05767935545009095,2.45411099967896,13.972221999210888,16.48401235433994
1918,9994.033155034895,9994.033294933,9994.033294933,9994.033786734,9994.047745031,3,COMPLETED,True,0.1398981057718629,0.49180099995282944,13.958297000499442,14.589996106224135
1919,9994.042888582306,9994.042988313,9994.042988313,9994.043446846,9994.05748427,1,COMPLETED,True,0.09973069427360315,0.4585330007103039,14.037423999980092,14.595687694963999
1920,9994.044507530418,9994.044640868,9994.044640868,9994.045217547,9994.058783643,2,COMPLETED,True,0.1333375821559457,0.5766790000052424,13.566096000431571,14.27611258259276
1921,9994.04853645556,9994.04862792,9994.04862792,9994.049075297,9994.062634644,0,COMPLETED,True,0.09146443881036248,0.4473770004551625,13.559347000409616,14.098188439675141
1922,9994.06196087216,9994.0620532,9994.0620532,9994.062543867,9994.076065196,3,COMPLETED,True,0.09232783850166015,0.4906670001219027,13.521329001378035,14.104323840001598
1923,9994.072368017936,9994.072489678,9994.072489678,9994.07303163,9994.087142654,1,COMPLETED,True,0.12166006308689248,0.5419520002760692,14.111024000158068,14.77463606352103
1924,9994.090532017046,9994.090636805,9994.090636805,9994.091139736,9994.104591054,2,COMPLETED,True,0.10478795411472674,0.5029309995734366,13.451318000079482,14.059036953767645
1925,9994.111707399295,9994.111826383,9994.111826383,9994.112480841,9994.130287976,0,COMPLETED,True,0.1189837039419217,0.6544580010086065,17.807135000111884,18.580576705062413
1926,9994.115603732125,9994.115728673,9994.115728673,9994.116153229,9994.13105437,3,COMPLETED,True,0.12494087422965094,0.42455600123503245,14.901140999427298,15.450637874891981
1927,9994.116731806718,9994.116867597,9994.116867597,9994.117279533,9994.130765974,1,COMPLETED,True,0.1357902820018353,0.411936000091373,13.486440999258775,14.034167281351984
1928,9994.125031122132,9994.125142309,9994.125142309,9994.125651139,9994.145350431,2,COMPLETED,True,0.1111868677980965,0.5088300003990298,19.699291999131674,20.3193088673288
1929,9994.127356818553,9994.127454087,9994.127454087,9994.13082668,9994.145957181,0,COMPLETED,True,0.09726844655233435,3.3725930006767157,15.130500998566276,18.600362445795326
1930,9994.130485366311,9994.130686411,9994.130686411,9994.131408194,9994.146268154,1,COMPLETED,True,0.2010446878557559,0.7217830006993609,14.859959999739658,15.782787688294775
1931,9994.166329834574,9994.166558012,9994.166558012,9994.167478667,9994.181283717,3,COMPLETED,True,0.22817742683400866,0.9206549984810408,13.805050000883057,14.953882426198106
1932,9994.16879105288,9994.169047744,9994.169047744,9994.169873877,9994.183985973,2,COMPLETED,True,0.2566911207395606,0.8261329985543853,14.112096001554164,15.19492012084811
1933,9994.180762517217,9994.180869401,9994.180869401,9994.181385553,9994.194692301,0,COMPLETED,True,0.10688378279155586,0.5161520002729958,13.306748000104562,13.929783783169114
1934,9994.19969089452,9994.199822855,9994.199822855,9994.200319551,9994.213636701,1,COMPLETED,True,0.13196047984820325,0.49669600048218854,13.317150000148104,13.945806480478495
1935,9994.212785087457,9994.21288284,9994.21288284,9994.213580833,9994.22721576,3,COMPLETED,True,0.09775254329724703,0.6979930003581103,13.634926999657182,14.43067254331254
1936,9994.224865179558,9994.224957356,9994.224957356,9994.225643112,9994.239411661,2,COMPLETED,True,0.09217644219461363,0.6857560001662932,13.768548998996266,14.546481441357173
1937,9994.241525291996,9994.241724869,9994.241724869,9994.2422196,9994.256808026,0,COMPLETED,True,0.19957700351369567,0.49473100079922006,14.588426000045729,15.282734004358645
1938,9994.250460832816,9994.250561109,9994.250561109,9994.251063955,9994.264997492,1,COMPLETED,True,0.1002761837298749,0.5028460000175983,13.933537000411889,14.536659184159362
1939,9994.274253130512,9994.274289947,9994.274289947,9994.274801279,9994.288424663,3,COMPLETED,True,0.03681648740894161,0.5113320003147237,13.62338400031149,14.171532488035155
1940,9994.27466727312,9994.274786483,9994.274786483,9994.275294861,9994.29416536,2,COMPLETED,True,0.1192098807223374,0.5083779997221427,18.870498999604024,19.498086880048504
1941,9994.279129282013,9994.279266329,9994.279266329,9994.27975886,9994.293330125,0,COMPLETED,True,0.13704698721994646,0.4925310004182393,13.571264998972765,14.200842986610951
1942,9994.283819562736,9994.28391422,9994.28391422,9994.284356195,9994.300480658,1,COMPLETED,True,0.09465726361668203,0.44197500028531067,16.124462999869138,16.66109526377113
1943,9994.292017816817,9994.292152947,9994.292152947,9994.292800734,9994.310134476,3,COMPLETED,True,0.13513018348021433,0.6477869992522756,17.333742000118946,18.116659182851436
1944,9994.293184000782,9994.293336481,9994.293336481,9994.294054003,9994.308720916,0,COMPLETED,True,0.1524802173662465,0.7175219998316607,14.666913000837667,15.536915218035574
1945,9994.302052620416,9994.302168216,9994.302168216,9994.302715237,9994.31653001,2,COMPLETED,True,0.11559558333829045,0.5470209998748032,13.814773001286085,14.477389584499178
1946,9994.307193226214,9994.307337464,9994.307337464,9994.307942821,9994.322080197,1,COMPLETED,True,0.14423778702621348,0.6053569995856378,14.137375999780488,14.88697078639234
1947,9994.318747787469,9994.319059262,9994.319059262,9994.319918239,9994.333713197,0,COMPLETED,True,0.3114745304628741,0.8589770004618913,13.794958000289625,14.96540953121439
1948,9994.32307022513,9994.323164792,9994.323164792,9994.323555846,9994.337510171,3,COMPLETED,True,0.09456687075726222,0.39105399991967715,13.954325000668177,14.439945871345117
1949,9994.326295925077,9994.32638541,9994.32638541,9994.326793212,9994.340821914,2,COMPLETED,True,0.0894849235919537,0.40780199924483895,14.028702000359772,14.525988923196564
1950,9994.32746696487,9994.327646231,9994.327646231,9994.328260646,9994.343498768,1,COMPLETED,True,0.17926612963492516,0.6144149992906023,15.238121999573195,16.031803128498723
1951,9994.329544885706,9994.329775442,9994.329775442,9994.333931387,9994.348907321,0,COMPLETED,True,0.2305562939000083,4.1559450000931975,14.975934000176494,19.3624352941697
1952,9994.345152989345,9994.345246234,9994.345246234,9994.345714476,9994.359025821,3,COMPLETED,True,0.09324465463578235,0.4682420003518928,13.311345001056907,13.872831656044582
1953,9994.351704630802,9994.351795787,9994.351795787,9994.352266093,9994.365656104,2,COMPLETED,True,0.09115619832300581,0.47030599853314925,13.39001100132009,13.951473198176245
1954,9994.35435985589,9994.354456908,9994.354456908,9994.354914432,9994.369793,1,COMPLETED,True,0.09705211050459184,0.4575240000121994,14.878567999403458,15.43314410992025
1955,9994.360060038289,9994.36016675,9994.36016675,9994.360626272,9994.376859485,0,COMPLETED,True,0.10671171185094863,0.459521999800927,16.233213000305113,16.79944671195699
1956,9994.363247825288,9994.363352796,9994.363352796,9994.363787764,9994.377527658,3,COMPLETED,True,0.1049707116180798,0.43496800026332494,13.739894000536879,14.279832712418283
1957,9994.367798270005,9994.367929759,9994.367929759,9994.368574543,9994.384925158,2,COMPLETED,True,0.13148899597581476,0.6447839987231418,16.350615000192192,17.12688799489115
1958,9994.374462514308,9994.374566611,9994.374566611,9994.375134695,9994.388700686,1,COMPLETED,True,0.10409669266664423,0.5680839985870989,13.56599100108724,14.238171692340984
1959,9994.379705588111,9994.379798418,9994.379798418,9994.380236531,9994.394116726,0,COMPLETED,True,0.09282988867198583,0.43811300020024646,13.880194999728701,14.411137888600933
1960,9994.390139028286,9994.390232683,9994.390232683,9994.39079927,9994.404679145,3,COMPLETED,True,0.0936547130550025,0.5665870012308005,13.87987499947485,14.540116713760654
1961,9994.393746734024,9994.393831894,9994.393831894,9994.394284392,9994.40811765,2,COMPLETED,True,0.08515997615177184,0.45249799950397573,13.833258000886417,14.370915976542165
1962,9994.398860152549,9994.398952641,9994.398952641,9994.399317839,9994.413091102,0,COMPLETED,True,0.09248845162801445,0.3651979986898368,13.773263000985025,14.230949451302877
1963,9994.40596960582,9994.406069237,9994.406069237,9994.406540648,9994.420506662,1,COMPLETED,True,0.09963118100131396,0.4714110000350047,13.966013999379356,14.537056180415675
1964,9994.407917399156,9994.408044573,9994.408044573,9994.408515219,9994.423199866,3,COMPLETED,True,0.127173843793571,0.47064600039448123,14.684646999739925,15.282466843927978
1965,9994.408825728853,9994.408929244,9994.408929244,9994.409327379,9994.4231477,2,COMPLETED,True,0.10351514720241539,0.39813500006857794,13.820320999002433,14.321971146273427
1966,9994.416210305837,9994.416357968,9994.416357968,9994.41701269,9994.430824949,0,COMPLETED,True,0.1476621637266362,0.6547220000356901,13.812258999678306,14.614643163440633
1967,9994.42152917835,9994.421643971,9994.421643971,9994.422208792,9994.435658463,1,COMPLETED,True,0.11479265049274545,0.5648210008075694,13.44967099976202,14.129284651062335
1968,9994.42507776606,9994.425174236,9994.425174236,9994.425577389,9994.439552894,2,COMPLETED,True,0.09646993930800818,0.4031530006614048,13.975505000416888,14.475127940386301
1969,9994.427127310173,9994.427253969,9994.427253969,9994.427624951,9994.441290167,3,COMPLETED,True,0.12665882604778744,0.3709820011863485,13.665215999935754,14.16285682716989
1970,9994.437932231232,9994.438028766,9994.438028766,9994.438533987,9994.453273291,0,COMPLETED,True,0.09653476809035055,0.505220999912126,14.73930399879464,15.341059766797116
1971,9994.443537314983,9994.443620654,9994.443620654,9994.444024711,9994.457593212,1,COMPLETED,True,0.08333901678270195,0.4040570001961896,13.568501000918332,14.055897017897223
1972,9994.443826820618,9994.443939507,9994.443939507,9994.444431893,9994.462724591,2,COMPLETED,True,0.11268638263572939,0.4923859996779356,18.29269799964095,18.897770381954615
1973,9994.44405967445,9994.444240906,9994.444240906,9994.444455853,9994.457993167,3,COMPLETED,True,0.18123154950444587,0.21494700013136026,13.537314000132028,13.933492549767834
1974,9994.44446004373,9994.444592907,9994.444592907,9994.453599291,9994.471970246,0,COMPLETED,True,0.1328632715740241,9.006383999803802,18.370955000136746,27.510202271514572
1975,9994.4482205369,9994.448323956,9994.448323956,9994.457820147,9994.471703099,1,COMPLETED,True,0.10341909910493996,9.496190999925602,13.8829520001309,23.48256209916144
1976,9994.456413016373,9994.456557669,9994.456557669,9994.458218389,9994.472277649,3,COMPLETED,True,0.14465262756857555,1.6607199995632982,14.059260000067297,15.864632627199171
1977,9994.460729506456,9994.460869966,9994.460869966,9994.462958253,9994.480722583,2,COMPLETED,True,0.14045954412722494,2.0882869994238717,17.76433000122779,19.993076544778887
1978,9994.478784423869,9994.478874074,9994.478874074,9994.479379704,9994.492489694,1,COMPLETED,True,0.08965013148554135,0.5056299996795133,13.109989999065874,13.705270130230929
1979,9994.487585158313,9994.487674396,9994.487674396,9994.488135415,9994.501560585,0,COMPLETED,True,0.08923768655222375,0.4610190007952042,13.42517000011867,13.975426687466097
1980,9994.494573235259,9994.494664842,9994.494664842,9994.495048111,9994.508959147,3,COMPLETED,True,0.09160674017039128,0.3832690017588902,13.91103599962662,14.385911741555901
1981,9994.50959092373,9994.509636387,9994.509636387,9994.51023605,9994.523773395,2,COMPLETED,True,0.04546326999843586,0.5996630006848136,13.537344999349443,14.182471270032693
1982,9994.525572148219,9994.525678381,9994.525678381,9994.526134096,9994.542145428,1,COMPLETED,True,0.10623278103594203,0.4557150004984578,16.01133199983451,16.57327978136891
1983,9994.541758363992,9994.541929259,9994.541929259,9994.542652532,9994.565354933,0,COMPLETED,True,0.17089500761358067,0.7232730004034238,22.70240100006049,23.596569008077495
1984,9994.543228973676,9994.543350771,9994.543350771,9994.543842965,9994.560171492,3,COMPLETED,True,0.12179732402728405,0.49219399988942314,16.32852699913201,16.942518323048716
1985,9994.54581451123,9994.545945648,9994.545945648,9994.546465489,9994.564916515,2,COMPLETED,True,0.13113677050569095,0.5198409999138676,18.451026000548154,19.102003770967713
1986,9994.564765068128,9994.564913567,9994.564913567,9994.565573339,9994.583261555,1,COMPLETED,True,0.14849887156742625,0.6597720002901042,17.688216001261026,18.496486873118556
1987,9994.575294740536,9994.575427708,9994.575427708,9994.576042873,9994.591360744,0,COMPLETED,True,0.13296746328705922,0.6151649995445041,15.317871000661398,16.06600346349296
1988,9994.601230877282,9994.601350485,9994.601350485,9994.60196011,9994.623454991,2,COMPLETED,True,0.11960771735175513,0.6096249999245629,21.49488100076269,22.224113718039007
1989,9994.601782507818,9994.601922883,9994.601922883,9994.602327816,9994.623646551,3,COMPLETED,True,0.1403751812176779,0.40493300002708565,21.31873500002257,21.864043181267334
1990,9994.602701802361,9994.602822377,9994.602822377,9994.603301575,9994.62243756,1,COMPLETED,True,0.1205746393679874,0.4791979990841355,19.135984999593347,19.73575763804547
1991,9994.60644671449,9994.606572637,9994.606572637,9994.607068352,9994.622650908,0,COMPLETED,True,0.1259225100511685,0.4957149994879728,15.582556001390913,16.204193510930054
1992,9994.616658706313,9994.616843553,9994.616843553,9994.62323591,9994.642179137,1,COMPLETED,True,0.18484668726159725,6.392356999640469,18.943226999908802,25.52043068681087
1993,9994.623930662536,9994.624038563,9994.624038563,9994.624549061,9994.639922371,0,COMPLETED,True,0.10790046508191153,0.5104979991301661,15.373309999631601,15.991708463843679
1994,9994.629933015478,9994.63007033,9994.63007033,9994.630665311,9994.649319055,2,COMPLETED,True,0.13731452236243058,0.5949810001766309,18.653744000403094,19.386039522942156
1995,9994.632479052329,9994.632595064,9994.632595064,9994.633122325,9994.653412503,3,COMPLETED,True,0.11601167170738336,0.527260999660939,20.290177999413572,20.933450670781895
1996,9994.642839668442,9994.642988415,9994.642988415,9994.643731446,9994.659896518,0,COMPLETED,True,0.14874655789753888,0.7430309997289442,16.16507200014894,17.056849557775422
1997,9994.643130880862,9994.643473443,9994.643473443,9994.643866655,9994.663035787,1,COMPLETED,True,0.3425621380301891,0.39321199983533006,19.16913199966075,19.904906137526268
1998,9994.644112043474,9994.644283917,9994.644283917,9994.649858593,9994.669335094,2,COMPLETED,True,0.17187352568726055,5.5746760008332785,19.476501000099233,25.223050526619772
1999,9994.652307805414,9994.652447253,9994.652447253,9994.653820236,9994.672933303,3,COMPLETED,True,0.13944758575235028,1.3729830006923294,19.113066999125294,20.625497585569974
2000,9994.676887579397,9994.677015268,9994.677015268,9994.677607198,9994.699507611,0,COMPLETED,True,0.12768860324285924,0.5919300001551164,21.90041299945733,22.620031602855306
2001,9994.67759840017,9994.677736058,9994.677736058,9994.67817682,9994.69581734,1,COMPLETED,True,0.1376578293275088,0.4407619999255985,17.64051999998628,18.21893982923939
2002,9994.685575389974,9994.685708996,9994.685708996,9994.686347853,9994.703752669,2,COMPLETED,True,0.1336060249741422,0.6388570000126492,17.404816000635037,18.17727902562183
2003,9994.695919283913,9994.696061913,9994.696061913,9994.696756965,9994.716877913,3,COMPLETED,True,0.14262908734963275,0.6950520000827964,20.12094800011255,20.958629087544978
2004,9994.698529699603,9994.698675452,9994.698675452,9994.69919615,9994.716656184,1,COMPLETED,True,0.1457523976569064,0.5206980004004436,17.460033999668667,18.126484397726017
2005,9994.701216037029,9994.701346446,9994.701346446,9994.70224696,9994.724380877,0,COMPLETED,True,0.1304089710174594,0.9005140000226675,22.133917000246583,23.16483997128671
2006,9994.70287253832,9994.703037079,9994.703037079,9994.70392483,9994.722861377,2,COMPLETED,True,0.16454067917948123,0.8877510008460376,18.936546999611892,19.98883867963741
2007,9994.705842915757,9994.70595526,9994.70595526,9994.716884794,9994.733165511,1,COMPLETED,True,0.11234424346184824,10.929533998933039,16.280716999972356,27.322595242367242
2008,9994.727490337582,9994.727680566,9994.727680566,9994.728330276,9994.744569849,3,COMPLETED,True,0.19022841843252536,0.6497100002889056,16.239572998529184,17.079511417250615
2009,9994.742474722381,9994.742614714,9994.742614714,9994.743315372,9994.759698506,2,COMPLETED,True,0.1399916181981098,0.7006579999142559,16.383134001443977,17.223783619556343
2010,9994.743383765524,9994.743495766,9994.743495766,9994.743918888,9994.766187283,0,COMPLETED,True,0.11200047629245091,0.4231219991197577,22.26839499962807,22.80351747504028
2011,9994.749305853353,9994.749441106,9994.749441106,9994.750008368,9994.765187374,1,COMPLETED,True,0.13525264694180805,0.5672620009136153,15.179005999016226,15.88152064687165
2012,9994.773303969047,9994.773400645,9994.773400645,9994.773900154,9994.789008385,3,COMPLETED,True,0.09667595259088557,0.4995090002921643,15.10823100034031,15.70441595322336
2013,9994.794023314647,9994.794149211,9994.794149211,9994.794758323,9994.810530775,2,COMPLETED,True,0.1258963529835455,0.6091119994380279,15.77245199950994,16.507460351931513
2014,9994.794617737736,9994.79472738,9994.79472738,9994.795196778,9994.816269761,1,COMPLETED,True,0.10964226385112852,0.46939800085965544,21.072982999612577,21.65202326432336
2015,9994.798920604226,9994.799102104,9994.799102104,9994.799721867,9994.819402544,0,COMPLETED,True,0.18149977404391393,0.6197630009410204,19.68067699999665,20.481939774981583
2016,9994.803851243294,9994.803980896,9994.803980896,9994.80455599,9994.824989661,3,COMPLETED,True,0.12965270616405178,0.5750939999416005,20.433670999409514,21.138417705515167
2017,9994.811546461415,9994.811686215,9994.811686215,9994.812212574,9994.828063405,2,COMPLETED,True,0.13975358524476178,0.5263589991955087,15.850831001444021,16.51694358588429
2018,9994.81920364812,9994.819340191,9994.819340191,9994.819939257,9994.842616827,1,COMPLETED,True,0.13654287977260537,0.5990660010866122,22.677569999359548,23.413178880218766
2019,9994.819253755739,9994.819438529,9994.819438529,9994.819965886,9994.838940534,0,COMPLETED,True,0.18477326193533372,0.5273569986457005,18.974648000948946,19.68677826152998
2020,9994.825742727593,9994.825817296,9994.825817296,9994.826319185,9994.844345342,3,COMPLETED,True,0.07456840648956131,0.5018890005885623,18.026157000349485,18.60261440742761
2021,9994.829460113651,9994.829584022,9994.829584022,9994.830081308,9994.84942388,2,COMPLETED,True,0.12390834854159039,0.49728600060916506,19.342571999004576,19.963766348155332
2022,9994.835821913442,9994.835969498,9994.835969498,9994.839128273,9994.855126878,0,COMPLETED,True,0.14758455836272333,3.158774999974412,15.998604998458177,19.304964556795312
2023,9994.83914265244,9994.839271169,9994.839271169,9994.843142438,9994.860571525,1,COMPLETED,True,0.12851655992562883,3.8712690002284944,17.429086999982246,21.42887256013637
2024,9994.842668289499,9994.842792078,9994.842792078,9994.844512217,9994.862933964,3,COMPLETED,True,0.12378850078675896,1.7201390000991523,18.42174699959287,20.26567450047878
2025,9994.856612280813,9994.856752193,9994.856752193,9994.857348215,9994.874171077,2,COMPLETED,True,0.13991218656883575,0.5960220005363226,16.82286199866212,17.558796185767278
2026,9994.860953143412,9994.861082875,9994.861082875,9994.861560307,9994.876722478,0,COMPLETED,True,0.12973158845852595,0.47743199866090436,15.162171001065872,15.769334588185302
2027,9994.861207109509,9994.861305565,9994.861305565,9994.86164331,9994.878688761,1,COMPLETED,True,0.09845549175224733,0.3377449993422488,17.045451000740286,17.481651491834782
2028,9994.863642485485,9994.86375181,9994.86375181,9994.864399551,9994.882727423,3,COMPLETED,True,0.10932451550615951,0.6477409988292493,18.32787200146413,19.08493751579954
2029,9994.884206030085,9994.884311121,9994.884311121,9994.884862577,9994.900818976,2,COMPLETED,True,0.10509091589483432,0.5514559998118784,15.956399000060628,16.61294591576734
2030,9994.884744393976,9994.88483552,9994.88483552,9994.885237754,9994.907434306,0,COMPLETED,True,0.09112602492677979,0.40223399992100894,22.19655199951376,22.689912024361547
2031,9994.890819190792,9994.890963673,9994.890963673,9994.891594924,9994.909844175,1,COMPLETED,True,0.14448220827034675,0.6312509995041182,18.24925099936081,19.024984207135276
2032,9994.890824775543,9994.89106671,9994.89106671,9994.891698967,9994.9104804,3,COMPLETED,True,0.2419344582449412,0.6322569988697069,18.781433000185643,19.65562445730029
2033,9994.90163676762,9994.901707852,9994.901707852,9994.90217712,9994.916727928,2,COMPLETED,True,0.0710843796696281,0.4692680013249628,14.550807998602977,15.091160379597568
2034,9994.906239112583,9994.906412807,9994.906412807,9994.907806943,9994.925078122,0,COMPLETED,True,0.17369441775372252,1.3941359993623337,17.271179000090342,18.839009417206398
2035,9994.921218696429,9994.921364253,9994.921364253,9994.922009704,9994.939752922,1,COMPLETED,True,0.14555657071468886,0.6454510003095493,17.743218000759953,18.53422557178419
2036,9994.929391179094,9994.929544671,9994.929544671,9994.930168279,9994.947536978,3,COMPLETED,True,0.15349190653068945,0.6236079989321297,17.36869900014426,18.14579890560708
2037,9994.94125842013,9994.941363319,9994.941363319,9994.941923373,9994.961792941,2,COMPLETED,True,0.10489886881259736,0.5600540007435484,19.86956799919426,20.534520868750405
2038,9994.943313812932,9994.943437938,9994.943437938,9994.943927732,9994.95861111,0,COMPLETED,True,0.12412506839609705,0.4897939998045331,14.683377999972436,15.297297068173066
2039,9994.945465727531,9994.945611317,9994.945611317,9994.94631123,9994.967388259,1,COMPLETED,True,0.1455894689570414,0.6999130000622245,21.077028999570757,21.922531468590023
2040,9994.952437514923,9994.952541814,9994.952541814,9994.95320695,9994.969558266,3,COMPLETED,True,0.10429907706566155,0.6651359999523265,16.35131600050954,17.12075107752753
2041,9994.970022287294,9994.97011529,9994.97011529,9994.970659736,9994.98684306,0,COMPLETED,True,0.09300270539824851,0.5444460002763662,16.183323999939603,16.820772705614218
2042,9994.974614758154,9994.974718343,9994.974718343,9994.975271931,9994.991831346,2,COMPLETED,True,0.10358484723838046,0.553587999092997,16.55941500030167,17.216587846633047
2043,9994.976070473247,9994.976206093,9994.976206093,9994.976697634,9995.001096552,1,COMPLETED,True,0.13561975356424227,0.4915409990644548,24.398917999860714,25.02607875248941
2044,9994.978120635986,9994.978253839,9994.978253839,9994.978807394,9995.001096961,3,COMPLETED,True,0.1332030151388608,0.5535549989872379,22.289566999461385,22.976325013587484
2045,9994.979453054388,9994.979573248,9994.979573248,9994.987050945,9995.003914525,0,COMPLETED,True,0.12019361201964784,7.477696999558248,16.86358000006294,24.461470611640834
2046,9994.987644726292,9994.987778715,9994.987778715,9994.99229092,9995.008778182,2,COMPLETED,True,0.13398870760283899,4.512204999628011,16.487262000737246,21.133455707968096
2047,9995.002646280756,9995.002751697,9995.002751697,9995.003152797,9995.01803941,3,COMPLETED,True,0.1054162439686479,0.4011000000900822,14.886613000271609,15.39312924433034
2048,9995.017563132831,9995.017663732,9995.017663732,9995.018270355,9995.03360683,1,COMPLETED,True,0.10059916894533671,0.6066229998396011,15.3364750003675,16.043697169152438
2049,9995.023689196842,9995.023782607,9995.023782607,9995.024396105,9995.042429975,0,COMPLETED,True,0.09341015902464278,0.6134979994385503,18.0338699992717,18.740778157734894
2050,9995.02861829389,9995.028737732,9995.028737732,9995.029295614,9995.046014287,2,COMPLETED,True,0.1194381093228003,0.5578820000664564,16.718672999559203,17.39599310894846
2051,9995.029124720975,9995.029228959,9995.029228959,9995.029653582,9995.04925376,3,COMPLETED,True,0.10423802450532094,0.42462300007173326,19.600178000473534,20.129039025050588
2052,9995.053124351418,9995.053220162,9995.053220162,9995.053803763,9995.073730245,1,COMPLETED,True,0.09581058293406386,0.5836009986524004,19.926482000300894,20.605893581887358
2053,9995.060412331535,9995.060540618,9995.060540618,9995.061294139,9995.079308271,0,COMPLETED,True,0.1282864650420379,0.7535210006608395,18.014131999734673,18.89593946543755
2054,9995.062233951076,9995.06237421,9995.06237421,9995.062888222,9995.077679984,2,COMPLETED,True,0.14025892414792906,0.5140120010764804,14.791761999731534,15.446032924955944
2055,9995.087025934075,9995.087133467,9995.087133467,9995.087645859,9995.102734925,3,COMPLETED,True,0.10753292372100987,0.5123920000187354,15.089066000655293,15.708990924395039
2056,9995.09038069207,9995.090474305,9995.090474305,9995.090874212,9995.10654293,1,COMPLETED,True,0.09361292904941365,0.399906999518862,15.668718000597437,16.162237929165713
2057,9995.091803031382,9995.091886738,9995.091886738,9995.092220357,9995.10656447,2,COMPLETED,True,0.08370661817025393,0.33361900023010094,14.344112998514902,14.761438616915257
2058,9995.12118965416,9995.121281432,9995.121281432,9995.121740746,9995.135407879,0,COMPLETED,True,0.09177783977065701,0.45931400018162094,13.667132998307352,14.21822483825963
2059,9995.130445998591,9995.130569011,9995.130569011,9995.13097221,9995.144992867,3,COMPLETED,True,0.12301240894885268,0.40319899926544167,14.02065700131061,14.546868409524905
2060,9995.13528381202,9995.135455398,9995.135455398,9995.136371029,9995.151262404,1,COMPLETED,True,0.17158597984234802,0.9156310006801505,14.89137499993376,15.978591980456258
2061,9995.139173719675,9995.139272943,9995.139272943,9995.139727798,9995.153749299,2,COMPLETED,True,0.0992233253782615,0.45485499867936596,14.02150099966093,14.575579323718557
2062,9995.15238171656,9995.152510635,9995.152510635,9995.153419213,9995.175202624,0,COMPLETED,True,0.12891844016849063,0.9085780002351385,21.78341099897807,22.8209074393817
2063,9995.157194296442,9995.157422379,9995.157422379,9995.158133959,9995.173349614,3,COMPLETED,True,0.22808255744166672,0.711579999915557,15.215655001156847,16.15531755851407
2064,9995.184764752134,9995.184909371,9995.184909371,9995.18578824,9995.203826071,1,COMPLETED,True,0.14461886712524574,0.8788689992798027,18.037830999674043,19.06131886607909
2065,9995.185423288593,9995.185533046,9995.185533046,9995.185963848,9995.203050601,2,COMPLETED,True,0.10975740769936237,0.4308019997552037,17.08675299960305,17.627312407057616
2066,9995.199652440542,9995.199852955,9995.199852955,9995.200788434,9995.218980845,3,COMPLETED,True,0.2005144579015905,0.9354789999633795,18.19241100020008,19.32840445806505
2067,9995.214510165462,9995.214677461,9995.214677461,9995.215441177,9995.232185497,0,COMPLETED,True,0.16729553681216203,0.7637160015292466,16.744319998906576,17.675331537247985
2068,9995.219995490734,9995.220199105,9995.220199105,9995.220834534,9995.238137826,2,COMPLETED,True,0.20361426686577033,0.6354289998853346,17.303291999269277,18.142335266020382
2069,9995.220615517139,9995.220724419,9995.220724419,9995.221259821,9995.240929831,1,COMPLETED,True,0.10890186058531981,0.5354020013328409,19.670009998662863,20.314313860581024
2070,9995.221983378391,9995.222105989,9995.222105989,9995.222576888,9995.243347524,3,COMPLETED,True,0.12261060874152463,0.4708989999926416,20.770635999724618,21.364145608458784
2071,9995.225098370778,9995.225403173,9995.225403173,9995.232396116,9995.248273974,0,COMPLETED,True,0.3048022226721514,6.992942999204388,15.877858000749256,23.175603222625796
2072,9995.227203684242,9995.227343568,9995.227343568,9995.238571849,9995.255183902,2,COMPLETED,True,0.13988375758344773,11.228281000512652,16.612052999334992,27.98021775743109
2073,9995.22915201032,9995.229287073,9995.229287073,9995.241137125,9995.260815768,1,COMPLETED,True,0.13506267896445934,11.850052000227151,19.678643000588636,31.663757679780247
2074,9995.237635254807,9995.237776932,9995.237776932,9995.243532699,9995.265502588,3,COMPLETED,True,0.14167719200486317,5.755767000664491,21.969888999592513,27.867333192261867
2075,9995.239113269448,9995.239259982,9995.239259982,9995.248622926,9995.269993478,0,COMPLETED,True,0.14671255121356808,9.362943999803974,21.370552000007592,30.880208551025135
2076,9995.239207065037,9995.23932759,9995.23932759,9995.255391524,9995.271783155,2,COMPLETED,True,0.12052496276737656,16.063934001067537,16.391630999351037,32.57608996318595
2077,9995.239527159769,9995.239874981,9995.239874981,9995.261260907,9995.281062189,1,COMPLETED,True,0.34782123111654073,21.385926000220934,19.80128200011677,41.535029231454246
2078,9995.24623631269,9995.246311263,9995.246311263,9995.26599946,9995.28731212,3,COMPLETED,True,0.07495030877180398,19.68819700050517,21.31265999923926,41.07580730851623
2079,9995.250465649382,9995.250752375,9995.250752375,9995.270419328,9995.288181021,0,COMPLETED,True,0.2867256171157351,19.666953001433285,17.761692999556544,37.715371618105564
2080,9995.25823242279,9995.25838403,9995.25838403,9995.272266719,9995.287908523,2,COMPLETED,True,0.1516072097729193,13.882688999728998,15.641804000551929,29.676100210053846
2081,9995.274239357364,9995.274411055,9995.274411055,9995.281472746,9995.300696849,1,COMPLETED,True,0.17169763486890588,7.061691001581494,19.22410299994226,26.45749163639266
2082,9995.282838378525,9995.282969141,9995.282969141,9995.287768162,9995.306866321,3,COMPLETED,True,0.1307624752371339,4.79902099868923,19.09815900035028,24.027942474276642
2083,9995.284893479018,9995.285013207,9995.285013207,9995.288310441,9995.303315791,2,COMPLETED,True,0.11972798165515997,3.2972339995467337,15.005350000137696,18.42231198133959
2084,9995.291941843592,9995.292062495,9995.292062495,9995.292657564,9995.309584561,0,COMPLETED,True,0.12065140799677465,0.5950689992459957,16.926997001064592,17.642717408307362
2085,9995.307454523705,9995.30754962,9995.30754962,9995.307992204,9995.322242518,1,COMPLETED,True,0.09509629489912186,0.4425839997566072,14.250313999582431,14.78799429423816
2086,9995.329019020686,9995.329106117,9995.329106117,9995.329550962,9995.343433293,2,COMPLETED,True,0.08709631401870865,0.4448449999472359,13.882330998967518,14.414272312933463
2087,9995.335333658984,9995.335418672,9995.335418672,9995.335805663,9995.352977134,3,COMPLETED,True,0.08501301635988057,0.3869909996865317,17.171470999528538,17.64347501557495
2088,9995.340021621792,9995.340117699,9995.340117699,9995.3405555,9995.356658807,0,COMPLETED,True,0.0960772067628568,0.43780100168078206,16.103306999866618,16.637185208310257
2089,9995.341634497678,9995.341765999,9995.341765999,9995.342121286,9995.360623507,1,COMPLETED,True,0.1315013214480132,0.35528700027498417,18.502221000744612,18.98900932246761
2090,9995.35004812862,9995.35018804,9995.35018804,9995.350742749,9995.366076936,2,COMPLETED,True,0.13991138075652998,0.5547090004256461,15.334186999098165,16.02880738028034
2091,9995.355470987151,9995.355585356,9995.355585356,9995.356241815,9995.37539043,3,COMPLETED,True,0.11436884778959211,0.6564590003108606,19.148614999721758,19.91944284782221
2092,9995.363931298825,9995.364033525,9995.364033525,9995.364592904,9995.380744623,0,COMPLETED,True,0.10222617493127473,0.5593789992417442,16.151719000845333,16.81332417501835
2093,9995.365839757065,9995.36598365,9995.36598365,9995.366443836,9995.385808737,1,COMPLETED,True,0.14389293392014224,0.4601860000548186,19.364901001608814,19.968979935583775
2094,9995.371465244558,9995.371557516,9995.371557516,9995.371964966,9995.386332765,2,COMPLETED,True,0.09227144255419262,0.4074499993294012,14.367798999955994,14.867520441839588
2095,9995.371541323178,9995.371616319,9995.371616319,9995.375740409,9995.394704622,3,COMPLETED,True,0.0749958217056701,4.124089999095304,18.964213000799646,23.16329882160062
2096,9995.371546589842,9995.371624103,9995.371624103,9995.381086247,9995.396518128,0,COMPLETED,True,0.07751315752102528,9.462144000281114,15.431881000040448,24.971538157842588
2097,9995.383026176945,9995.383163264,9995.383163264,9995.386128857,9995.404268978,1,COMPLETED,True,0.13708705409953836,2.9655930011358578,18.14012099930551,21.242801054540905
2098,9995.385982320728,9995.386092214,9995.386092214,9995.386684415,9995.400354687,2,COMPLETED,True,0.10989327165589202,0.5922010004724143,13.67027200103621,14.372366273164516
2099,9995.396062655811,9995.396179259,9995.396179259,9995.396613982,9995.412285212,3,COMPLETED,True,0.11660318887152243,0.43472300058056135,15.671229999497882,16.222556188949966
2100,9995.40572083802,9995.405809254,9995.405809254,9995.406339357,9995.421135651,0,COMPLETED,True,0.08841597991704475,0.5301029996189754,14.796294000916532,15.414812980452552
2101,9995.407169467315,9995.407252483,9995.407252483,9995.407719685,9995.42083391,2,COMPLETED,True,0.08301568595925346,0.46720199861738365,13.11422500111803,13.664442685694667
2102,9995.435322553529,9995.435412265,9995.435412265,9995.436134305,9995.451315563,1,COMPLETED,True,0.08971147144620772,0.7220400002552196,15.181257998847286,15.993009470548714
2103,9995.43671130399,9995.436802399,9995.436802399,9995.437278653,9995.451309495,3,COMPLETED,True,0.09109500933845993,0.4762540011142846,14.030841999556287,14.598191010009032
2104,9995.43730875153,9995.43739244,9995.43739244,9995.437849657,9995.451716351,2,COMPLETED,True,0.08368847011297476,0.45721700007561594,13.866694000171265,14.407599470359855
2105,9995.439442506278,9995.439653442,9995.439653442,9995.440371344,9995.454792018,0,COMPLETED,True,0.21093572104291525,0.7179020012699766,14.420673998756683,15.349511721069575
2106,9995.448814540234,9995.448996074,9995.448996074,9995.451749828,9995.465548237,3,COMPLETED,True,0.181533765498898,2.7537540008779615,13.798408999718959,16.733696766095818
2107,9995.453333770502,9995.453518853,9995.453518853,9995.454085334,9995.467573083,1,COMPLETED,True,0.18508249922888353,0.5664809996233089,13.487748999978066,14.239312498830259
2108,9995.455523535811,9995.455683491,9995.455683491,9995.456204305,9995.475661319,2,COMPLETED,True,0.15995518879208248,0.5208139991736971,19.45701400109101,20.13778318905679
2109,9995.465790586713,9995.465968689,9995.465968689,9995.466554789,9995.479782554,0,COMPLETED,True,0.17810228746384382,0.5860999990545679,13.227765000920044,13.991967287438456
2110,9995.47124090489,9995.471354611,9995.471354611,9995.471973652,9995.485503017,3,COMPLETED,True,0.1137061099143466,0.6190410003910074,13.529365000067628,14.262112110372982
2111,9995.489200777427,9995.489295856,9995.489295856,9995.489951155,9995.503519552,1,COMPLETED,True,0.09507857248536311,0.6552989998453995,13.568397000199184,14.318774572529946
2112,9995.49800738616,9995.498096927,9995.498096927,9995.498811479,9995.51268805,2,COMPLETED,True,0.0895408393262187,0.7145519994082861,13.876570999855176,14.68066383858968
2113,9995.511947285078,9995.512095803,9995.512095803,9995.512762967,9995.52857728,0,COMPLETED,True,0.14851792184344959,0.6671640003332868,15.814312999282265,16.629994921459
2114,9995.512902045888,9995.513130466,9995.513130466,9995.513646398,9995.527833603,3,COMPLETED,True,0.22842011276225094,0.5159319989616051,14.187205000780523,14.931557112504379
2115,9995.54149683697,9995.541586171,9995.541586171,9995.542077194,9995.555971686,1,COMPLETED,True,0.08933403114497196,0.49102299999503884,13.894491999963066,14.474849031103076
2116,9995.544016631067,9995.544113273,9995.544113273,9995.544474563,9995.558509736,2,COMPLETED,True,0.09664193203207105,0.36129000000073574,14.035173000593204,14.49310493262601
2117,9995.561145454049,9995.561240574,9995.561240574,9995.561716064,9995.575642551,3,COMPLETED,True,0.09511995085631497,0.4754900000989437,13.926487001299392,14.497096952254651
2118,9995.570445212647,9995.570539817,9995.570539817,9995.570992595,9995.584830181,0,COMPLETED,True,0.09460435285291169,0.45277800018084235,13.837586000590818,14.384968353624572
2119,9995.592081527273,9995.59216962,9995.59216962,9995.592806251,9995.606580015,1,COMPLETED,True,0.08809272731014062,0.6366309989971342,13.773764001598465,14.49848772790574
2120,9995.592962518898,9995.593120125,9995.593120125,9995.59354739,9995.607329627,2,COMPLETED,True,0.15760610222059768,0.42726500032586046,13.782236999759334,14.367108102305792
2121,9995.59696439981,9995.597106639,9995.597106639,9995.597550137,9995.617549924,3,COMPLETED,True,0.1422391887899721,0.44349800009513274,19.99978700041538,20.585524189300486
2122,9995.596982423504,9995.59717195,9995.59717195,9995.597602576,9995.614224657,0,COMPLETED,True,0.18952649588754866,0.43062599979748484,16.62208100060525,17.242233496290282
2123,9995.603502465598,9995.60367304,9995.60367304,9995.606798946,9995.621372227,1,COMPLETED,True,0.1705744016362587,3.1259060015145224,14.573280999684357,17.869761402835138
2124,9995.613379612094,9995.613538941,9995.613538941,9995.614071337,9995.628635428,2,COMPLETED,True,0.15932890528347343,0.5323960012901807,14.564090999556356,15.25581590613001
2125,9995.615310761372,9995.615447768,9995.615447768,9995.615947554,9995.62992372,0,COMPLETED,True,0.13700662748306058,0.49978600145550445,13.976165999338264,14.612958628276829
2126,9995.621931864489,9995.621958535,9995.621958535,9995.62236339,9995.635708412,3,COMPLETED,True,0.0266705119429389,0.4048549999424722,13.34502200006682,13.77654751195223
2127,9995.637092509432,9995.637212338,9995.637212338,9995.637656963,9995.651273336,1,COMPLETED,True,0.11982856813119724,0.44462499863584526,13.616373000331805,14.180826567098848
2128,9995.663673243169,9995.663779335,9995.663779335,9995.664324001,9995.678449471,2,COMPLETED,True,0.10609183118504006,0.5446659997687675,14.125469999271445,14.776227830225253
2129,9995.668938817296,9995.66904159,9995.66904159,9995.669698529,9995.684546312,0,COMPLETED,True,0.1027727030304959,0.6569390006916365,14.847783000732306,15.607494704454439
2130,9995.676307808544,9995.676424178,9995.676424178,9995.676988546,9995.691740045,3,COMPLETED,True,0.1163694560091244,0.5643679996865103,14.751499000340118,15.432236456035753
2131,9995.682427559257,9995.682589989,9995.682589989,9995.683235622,9995.69724878,1,COMPLETED,True,0.16242974197666626,0.6456330011133105,14.013157999215764,14.82122074230574
2132,9995.687550900313,9995.687671695,9995.687671695,9995.688177843,9995.702577683,2,COMPLETED,True,0.12079468615411315,0.5061480005679186,14.399839999896358,15.02678268661839
2133,9995.689983272032,9995.690089791,9995.690089791,9995.690695785,9995.706804667,0,COMPLETED,True,0.1065189680957701,0.6059940005798126,16.108881998661673,16.821394967337255
2134,9995.701277718514,9995.701418845,9995.701418845,9995.702137754,9995.717699021,3,COMPLETED,True,0.14112648568698205,0.7189090010797372,15.561266998702195,16.421302485468914
2135,9995.703174409498,9995.703316282,9995.703316282,9995.703691654,9995.717601304,1,COMPLETED,True,0.1418725023540901,0.37537199932557996,13.909650000641705,14.426894502321375
2136,9995.724404972803,9995.724506199,9995.724506199,9995.724978106,9995.738899607,2,COMPLETED,True,0.10122619642061181,0.47190700024657417,13.921501000368153,14.494634197035339
2137,9995.728167899579,9995.72827152,9995.72827152,9995.72892167,9995.74395357,0,COMPLETED,True,0.10362042121414561,0.6501499992737081,15.031900000394671,15.785670420882525
2138,9995.73676768545,9995.736798729,9995.736798729,9995.737653382,9995.75438265,1,COMPLETED,True,0.031043549824971706,0.8546530007151887,16.72926799983543,17.61496455037559
2139,9995.74922102613,9995.749314552,9995.749314552,9995.749779042,9995.763352304,3,COMPLETED,True,0.09352587039757054,0.4644900000130292,13.57326200013631,14.13127787054691
2140,9995.76097653257,9995.761076563,9995.761076563,9995.761512892,9995.774720009,2,COMPLETED,True,0.10003042916650884,0.4363290008768672,13.2071169991832,13.743476429226575
2141,9995.780955364278,9995.781050408,9995.781050408,9995.781542278,9995.795261598,0,COMPLETED,True,0.09504372246738058,0.49186999967787415,13.719319998926949,14.306233721072203
2142,9995.783302847816,9995.783448166,9995.783448166,9995.783928762,9995.79779922,1,COMPLETED,True,0.14531818305840716,0.4805960015801247,13.870457998564234,14.496372183202766
2143,9995.786430883856,9995.786561994,9995.786561994,9995.78709332,9995.808324409,3,COMPLETED,True,0.13111014413880184,0.5313259989634389,21.231089000139036,21.893525143241277
2144,9995.796047212436,9995.796197188,9995.796197188,9995.796713391,9995.813841473,2,COMPLETED,True,0.14997556354501285,0.5162030010978924,17.12808199954452,17.794260564187425
2145,9995.796100403566,9995.796311469,9995.796311469,9995.796817937,9995.81671108,0,COMPLETED,True,0.2110654331772821,0.5064680008217692,19.89314300044498,20.61067643444403
2146,9995.798218131375,9995.798354866,9995.798354866,9995.79888376,9995.818474452,1,COMPLETED,True,0.13673462490260135,0.5288940010359511,19.590691999837873,20.256320625776425
2147,9995.798380848088,9995.798414885,9995.798414885,9995.808829442,9995.829168375,3,COMPLETED,True,0.03403691152925603,10.414557000331115,20.338932999948156,30.787526911808527
2148,9995.803151869888,9995.803251484,9995.803251484,9995.81417103,9995.832663704,2,COMPLETED,True,0.09961411160475109,10.919546000877745,18.492674000299303,29.5118341127818
2149,9995.82145412674,9995.821547865,9995.821547865,9995.822071303,9995.837384752,0,COMPLETED,True,0.09373825923830736,0.5234380005276762,15.3134489992226,15.930625258988584
2150,9995.823126577014,9995.823211995,9995.823211995,9995.823567017,9995.83752685,1,COMPLETED,True,0.085417987065739,0.3550219989847392,13.959833000626531,14.40027298667701
2151,9995.827439371253,9995.827459597,9995.827459597,9995.82942732,9995.849916859,3,COMPLETED,True,0.020225746993673965,1.967723001143895,20.489538999754586,22.477487747892155
2152,9995.83345084663,9995.833581937,9995.833581937,9995.833924359,9995.852758438,2,COMPLETED,True,0.1310903699049959,0.3424219994485611,18.834079000953352,19.30759137030691
2153,9995.839825704055,9995.839943785,9995.839943785,9995.840520299,9995.853909784,0,COMPLETED,True,0.1180809449579101,0.5765139994764468,13.389485000516288,14.084079944950645
2154,9995.843825550015,9995.843991481,9995.843991481,9995.844626956,9995.860372144,1,COMPLETED,True,0.16593098553130403,0.6354750003083609,15.745187998618349,16.546593984458013
2155,9995.845443343123,9995.845595798,9995.845595798,9995.850399642,9995.870991849,3,COMPLETED,True,0.1524548770248657,4.8038439999800175,20.592206999936025,25.548505876940908
2156,9995.8464818912,9995.846608708,9995.846608708,9995.852901903,9995.871578097,2,COMPLETED,True,0.1268167998205172,6.293194999670959,18.676194000363466,25.096205799854943
2157,9995.848714676107,9995.848753222,9995.848753222,9995.854070361,9995.867946823,0,COMPLETED,True,0.03854589340335224,5.317138999089366,13.876462000553147,19.232146893045865
2158,9995.860546693499,9995.860644268,9995.860644268,9995.861131527,9995.874809318,1,COMPLETED,True,0.09757450061442796,0.4872590016020695,13.67779099928157,14.262624501498067
2159,9995.864395701337,9995.864509439,9995.864509439,9995.868368907,9995.881942026,0,COMPLETED,True,0.1137376621045405,3.859468000882771,13.57311900028435,17.546324663271662
2160,9995.868004207321,9995.868149156,9995.868149156,9995.871465376,9995.891855227,3,COMPLETED,True,0.14494867900793906,3.3162199997605057,20.389851000800263,23.851019679568708
2161,9995.871519335198,9995.871613207,9995.871613207,9995.871928038,9995.890590292,2,COMPLETED,True,0.09387180216435809,0.31483099883189425,18.66225400044641,19.070956801442662
2162,9995.871722470698,9995.87194064,9995.87194064,9995.875023264,9995.888928487,1,COMPLETED,True,0.21816930166096427,3.0826239999441896,13.905223000620026,17.20601630222518
2163,9995.875638273628,9995.875725272,9995.875725272,9995.882291327,9995.895439089,0,COMPLETED,True,0.08699837235326413,6.5660549989843275,13.147761999789509,19.8008153711271
2164,9995.880213931196,9995.880300261,9995.880300261,9995.889318417,9995.902410493,1,COMPLETED,True,0.08632980461698025,9.018155999001465,13.092076000248198,22.196561803866643
2165,9995.912810986312,9995.912930873,9995.912930873,9995.913420266,9995.927373507,2,COMPLETED,True,0.11988668848061934,0.4893929999525426,13.953240999398986,14.562520687832148
2166,9995.914550391011,9995.9147199,9995.9147199,9995.915065891,9995.929123306,3,COMPLETED,True,0.16950898861978203,0.34599100035848096,14.05741499911528,14.572914988093544
2167,9995.914665387134,9995.914779332,9995.914779332,9995.915141458,9995.928765469,0,COMPLETED,True,0.11394486682547722,0.3621259984356584,13.624011000501923,14.100081865763059
2168,9995.915921403874,9995.916145713,9995.916145713,9995.916739911,9995.930190198,1,COMPLETED,True,0.22430912576965056,0.59419799981697,13.45028700052353,14.268794126110151
2169,9995.923901089764,9995.924054476,9995.924054476,9995.927742673,9995.941410526,2,COMPLETED,True,0.15338623597926926,3.6881970008835196,13.66785299978801,17.5094362366508
2170,9995.938393799941,9995.938531844,9995.938531844,9995.939260177,9995.952863708,0,COMPLETED,True,0.1380440589855425,0.7283329996425891,13.60353100062639,14.469908059254522
2171,9995.962127699677,9995.962214798,9995.962214798,9995.962897832,9995.976515663,3,COMPLETED,True,0.08709832400199957,0.6830339989392087,13.61783100037428,14.387963323315489
2172,9995.987509658216,9995.987615637,9995.987615637,9995.988143975,9996.002657972,1,COMPLETED,True,0.10597878281259909,0.5283380014589056,14.513996999085066,15.14831378335657
2173,9995.989014418805,9995.989100378,9995.989100378,9995.989451006,9996.003198661,2,COMPLETED,True,0.0859591946209548,0.3506280008878093,13.747654998951475,14.18424219446024
2174,9995.989325741752,9995.989545579,9995.989545579,9995.990160118,9996.009966945,0,COMPLETED,True,0.21983724764140788,0.6145390016172314,19.806826998319593,20.641203247578233
2175,9995.994680906284,9995.994841592,9995.994841592,9995.99539825,9996.009417934,3,COMPLETED,True,0.16068571676441934,0.5566579984588316,14.019684000231791,14.737027715455042
2176,9996.000903194823,9996.0011315,9996.0011315,9996.003000602,9996.016827086,1,COMPLETED,True,0.22830517627880909,1.8691020013648085,13.82648399885511,15.923891176498728
2177,9996.014214854471,9996.014306563,9996.014306563,9996.015019487,9996.030482986,2,COMPLETED,True,0.0917085289984243,0.7129240002541337,15.463498999451986,16.268131528704544
2178,9996.016918408211,9996.017018536,9996.017018536,9996.017619758,9996.031252776,3,COMPLETED,True,0.10012778875534423,0.6012220001139212,13.633017999381991,14.334367788251257
2179,9996.031968072097,9996.032070822,9996.032070822,9996.032558109,9996.045472104,0,COMPLETED,True,0.10274990381731186,0.48728699948696885,12.913995000417344,13.504031903721625
2180,9996.05280336847,9996.052946937,9996.052946937,9996.053421041,9996.066774875,1,COMPLETED,True,0.14356852989294566,0.4741040011140285,13.353833999644849,13.971506530651823
2181,9996.062075628823,9996.062217127,9996.062217127,9996.062900055,9996.080519226,2,COMPLETED,True,0.1414981779817026,0.6829279991507065,17.619170999751077,18.443597176883486
2182,9996.06639214531,9996.066531822,9996.066531822,9996.06704302,9996.080407441,3,COMPLETED,True,0.13967668928671628,0.5111980008223327,13.364421000005677,14.015295690114726
2183,9996.075306077611,9996.075448605,9996.075448605,9996.075983704,9996.091353656,0,COMPLETED,True,0.1425273876520805,0.5350990013539558,15.369951999673503,16.04757838867954
2184,9996.077772983183,9996.077890783,9996.077890783,9996.078398317,9996.091915164,1,COMPLETED,True,0.11779981832660269,0.5075339995528338,13.516846998754772,14.142180816634209
2185,9996.085833988496,9996.085971434,9996.085971434,9996.086612309,9996.107451518,3,COMPLETED,True,0.1374455041514011,0.6408749995898688,20.839209000769188,21.617529504510458
2186,9996.086150880476,9996.086273306,9996.086273306,9996.086638879,9996.100664841,2,COMPLETED,True,0.12242552475072443,0.36557299972628243,14.02596200023254,14.513960524709546
2187,9996.088300219033,9996.088408617,9996.088408617,9996.091685009,9996.10947545,0,COMPLETED,True,0.10839796777872834,3.276391998952022,17.790441001125146,21.175230967855896
2188,9996.093882927484,9996.094011249,9996.094011249,9996.09436506,9996.107881119,1,COMPLETED,True,0.12832151696784422,0.3538109995133709,13.51605899981223,13.998191516293446
2189,9996.128530750879,9996.128625412,9996.128625412,9996.129126702,9996.142463527,2,COMPLETED,True,0.09466112169320695,0.5012900001020171,13.33682499898714,13.932776120782364
2190,9996.129891936722,9996.130007319,9996.130007319,9996.13040598,9996.146604704,3,COMPLETED,True,0.11538227772689424,0.3986610008723801,16.19872399896849,16.712767277567764
2191,9996.146753228524,9996.146799679,9996.146799679,9996.147261518,9996.161739959,1,COMPLETED,True,0.04645047556550708,0.46183899939933326,14.478441000392195,14.986730475357035
2192,9996.147817653966,9996.147943893,9996.147943893,9996.148434352,9996.161758788,0,COMPLETED,True,0.12623903421626892,0.4904590005025966,13.324435998583795,13.94113403330266
2193,9996.16136359097,9996.161468224,9996.161468224,9996.162073683,9996.175742525,2,COMPLETED,True,0.10463302896823734,0.6054589994164417,13.668842000697623,14.378934029082302
2194,9996.170588837487,9996.170691213,9996.170691213,9996.171210546,9996.185365844,3,COMPLETED,True,0.10237551214231644,0.5193329998292029,14.15529800033255,14.77700651230407
2195,9996.179054826447,9996.179237183,9996.179237183,9996.179765476,9996.200711641,1,COMPLETED,True,0.1823565526137827,0.5282929996610619,20.946165001078043,21.656814553352888
2196,9996.181031857137,9996.181129025,9996.181129025,9996.181487599,9996.200621442,0,COMPLETED,True,0.09716786371427588,0.3585739996196935,19.133842999508488,19.589584862842457
2197,9996.18171154522,9996.181829174,9996.181829174,9996.18253404,9996.202076894,2,COMPLETED,True,0.11762878057197668,0.7048659990687156,19.54285400097433,20.365348780615022
2198,9996.191606391898,9996.191731583,9996.191731583,9996.192150348,9996.205453523,3,COMPLETED,True,0.12519110168796033,0.41876500108628534,13.303174999236944,13.84713110201119
2199,9996.192370237872,9996.192499775,9996.192499775,9996.200787657,9996.21967729,0,COMPLETED,True,0.12953712757735047,8.287882001241087,18.889633000071626,27.307052128890064
2200,9996.198513030102,9996.198628434,9996.198628434,9996.200901043,9996.221194002,1,COMPLETED,True,0.11540389823494479,2.272608999192016,20.29295900138095,22.68097189880791
2201,9996.203954603678,9996.20404784,9996.20404784,9996.204492402,9996.218368216,2,COMPLETED,True,0.09323632184532471,0.44456199975684285,13.875814000130049,14.413612321732217
2202,9996.212703440937,9996.21281753,9996.21281753,9996.213215883,9996.226899153,3,COMPLETED,True,0.11408906357246451,0.3983530004916247,13.683269999091863,14.195712063155952
2203,9996.218245930952,9996.218375491,9996.218375491,9996.218761436,9996.232262979,2,COMPLETED,True,0.12956004866282456,0.3859449989249697,13.501543000529637,14.01704804811743
2204,9996.236837898721,9996.236956861,9996.236956861,9996.237392962,9996.251212956,0,COMPLETED,True,0.11896227806573734,0.43610100146906916,13.819993999277358,14.375057278812164
2205,9996.237237138263,9996.237322304,9996.237322304,9996.237615707,9996.25122368,1,COMPLETED,True,0.08516573689121287,0.29340299988689367,13.60797300003469,13.986541736812796
2206,9996.243469332407,9996.243573791,9996.243573791,9996.244124024,9996.257940816,3,COMPLETED,True,0.1044585933414055,0.550233000467415,13.816791999488487,14.471483593297307
2207,9996.247163066355,9996.247255028,9996.247255028,9996.247643457,9996.261236673,2,COMPLETED,True,0.09196164501190651,0.3884289999405155,13.59321600102703,14.073606645979453
2208,9996.258157339611,9996.258373448,9996.258373448,9996.258940976,9996.272735966,0,COMPLETED,True,0.2161083884857362,0.5675280008290429,13.794989999951213,14.578626389265992
2209,9996.291899244448,9996.292112579,9996.292112579,9996.292661738,9996.306260984,1,COMPLETED,True,0.21333455151761882,0.5491590000019642,13.5992460000125,14.361739551532082
2210,9996.2925635804,9996.292653706,9996.292653706,9996.293078954,9996.306938967,3,COMPLETED,True,0.0901255989447236,0.4252480011928128,13.860012999430182,14.375386599567719
2211,9996.309079870813,9996.309190978,9996.309190978,9996.309825008,9996.326175939,2,COMPLETED,True,0.11110718696727417,0.6340300005831523,16.350931000488345,17.09606818803877
2212,9996.326558422958,9996.32658451,9996.32658451,9996.327290472,9996.343610369,0,COMPLETED,True,0.02608704198792111,0.7059620002110023,16.31989700035774,17.051946042556665
2213,9996.340210377422,9996.34033738,9996.34033738,9996.340846286,9996.354350614,1,COMPLETED,True,0.12700257684628014,0.5089060014142888,13.504327998816734,14.140236577077303
2214,9996.34196558958,9996.342181855,9996.342181855,9996.342665491,9996.356608726,3,COMPLETED,True,0.21626542002195492,0.48363600035372656,13.943235000624554,14.643136421000236
2215,9996.343424027958,9996.343527183,9996.343527183,9996.343948193,9996.358085276,2,COMPLETED,True,0.10315504187019542,0.42100999962713104,14.137083000605344,14.66124804210267
2216,9996.348662748744,9996.348790917,9996.348790917,9996.349434035,9996.364805371,0,COMPLETED,True,0.12816825619665906,0.6431180008803494,15.371335999589064,16.142622256666073
2217,9996.348754229215,9996.348888798,9996.348888798,9996.354755079,9996.368985977,1,COMPLETED,True,0.13456878514261916,5.866281000635354,14.230897999368608,20.23174778514658
2218,9996.3496864325,9996.349876895,9996.349876895,9996.356786435,9996.37080281,3,COMPLETED,True,0.19046249872189946,6.909540001288406,14.016375000210246,21.11637750022055
2219,9996.350179142832,9996.350325817,9996.350325817,9996.358252584,9996.372434884,2,COMPLETED,True,0.14667416871816386,7.926766998934909,14.182300001266412,22.255741168919485
2220,9996.350768792709,9996.350859484,9996.350859484,9996.365409743,9996.379731141,0,COMPLETED,True,0.09069129191630054,14.550259000316146,14.321397999083274,28.96234829131572
2221,9996.358615407116,9996.35881017,9996.35881017,9996.369333863,9996.38420916,1,COMPLETED,True,0.19476288434816524,10.52369299941347,14.875296999889542,25.593752883651177
2222,9996.359151958368,9996.359312333,9996.359312333,9996.371135058,9996.384939242,3,COMPLETED,True,0.16037463137763552,11.822725000456558,13.804184000036912,25.787283631871105
2223,9996.366229663501,9996.366387617,9996.366387617,9996.372756817,9996.386292513,2,COMPLETED,True,0.15795349827385508,6.369200000335695,13.535695999962627,20.062849498572177
2224,9996.36685408927,9996.36701146,9996.36701146,9996.380143447,9996.399171666,0,COMPLETED,True,0.15737073044874705,13.131986999724177,19.028218999665114,32.31757672983804
2225,9996.370369976423,9996.370502775,9996.370502775,9996.384497136,9996.403204691,1,COMPLETED,True,0.1327985773968976,13.994360999276978,18.707555000219145,32.83471457689302
2226,9996.372121679777,9996.372312967,9996.372312967,9996.385268027,9996.399116734,3,COMPLETED,True,0.19128722306049895,12.955059999512741,13.848706999851856,26.995054222425097
2227,9996.38269352648,9996.382846605,9996.382846605,9996.386634049,9996.400392841,2,COMPLETED,True,0.1530785193608608,3.7874440004088683,13.758791999862297,17.699314519632026
2228,9996.386446093196,9996.386550783,9996.386550783,9996.399508194,9996.413326432,3,COMPLETED,True,0.10468980326550081,12.957410999661079,13.818238001476857,26.880338804403436
2229,9996.391401176323,9996.391536709,9996.391536709,9996.399649611,9996.416387625,0,COMPLETED,True,0.13553267672250513,8.112901999993483,16.73801400102093,24.986448677736917
2230,9996.395830782187,9996.395921271,9996.395921271,9996.400724174,9996.414360698,2,COMPLETED,True,0.09048881292983424,4.802903000381775,13.63652399959392,18.52991581290553
2231,9996.408343583493,9996.408449099,9996.408449099,9996.408906145,9996.425817969,1,COMPLETED,True,0.1055155080393888,0.457045998700778,16.91182400099933,17.4743855077395
2232,9996.414911423393,9996.41502967,9996.41502967,9996.415425649,9996.429224007,3,COMPLETED,True,0.11824660759884864,0.3959789992222795,13.798358000713051,14.31258360753418
2233,9996.418864310954,9996.418960778,9996.418960778,9996.419364014,9996.433228609,2,COMPLETED,True,0.09646704711485654,0.4032359993288992,13.864594999176916,14.364298045620671
2234,9996.421109732997,9996.421197505,9996.421197505,9996.421512515,9996.440129662,0,COMPLETED,True,0.08777200309850741,0.315010000122129,18.617146999531542,19.01992900275218
2235,9996.42291946146,9996.423012975,9996.423012975,9996.426113351,9996.444439666,1,COMPLETED,True,0.0935135394684039,3.100376001384575,18.326314999285387,21.520204540138366
2236,9996.426910657505,9996.427060138,9996.427060138,9996.429559305,9996.443370888,3,COMPLETED,True,0.14948049465601798,2.4991669997689314,13.811583001370309,16.46023049579526
2237,9996.429276375198,9996.429373951,9996.429373951,9996.433561826,9996.446984562,2,COMPLETED,True,0.0975758011918515,4.187874999843189,13.422736001302837,17.708186802337877
2238,9996.44063003538,9996.440725125,9996.440725125,9996.441088085,9996.458281309,0,COMPLETED,True,0.09508961920801084,0.36295999962021597,17.19322400094825,17.651273619776475
2239,9996.441159240676,9996.441242922,9996.441242922,9996.443704932,9996.457151254,3,COMPLETED,True,0.08368132330360822,2.462010001181625,13.44632200016349,15.992013324648724
2240,9996.449026826864,9996.44911143,9996.44911143,9996.449446979,9996.465175657,1,COMPLETED,True,0.08460313620162196,0.3355490007379558,15.728677999504725,16.148830136444303
2241,9996.463825223918,9996.463866524,9996.463866524,9996.464306555,9996.478410556,2,COMPLETED,True,0.04130008164793253,0.4400310008350061,14.104000998486299,14.585332080969238
2242,9996.501526876182,9996.501593086,9996.501593086,9996.502128052,9996.517556016,3,COMPLETED,True,0.06620981912419666,0.534965998667758,15.427964000991778,16.029139818783733
2243,9996.503037371205,9996.50319545,9996.50319545,9996.503730718,9996.522020805,0,COMPLETED,True,0.15807879390195012,0.5352680000214605,18.290087000423227,18.983433794346638
2244,9996.507028796948,9996.507163796,9996.507163796,9996.507803884,9996.527431256,1,COMPLETED,True,0.1349990525341127,0.6400879992725095,19.62737199937692,20.40245905118354
2245,9996.50908383068,9996.509218489,9996.509218489,9996.509681828,9996.523449133,2,COMPLETED,True,0.1346583194390405,0.4633389999071369,13.767304999419139,14.365302318765316
2246,9996.50955933674,9996.50968376,9996.50968376,9996.517973347,9996.531373437,3,COMPLETED,True,0.12442325896699913,8.28958700003568,13.400089999777265,21.814100258779945
2247,9996.515440150793,9996.515634204,9996.515634204,9996.522214789,9996.540533069,0,COMPLETED,True,0.19405320745136123,6.5805849990283605,18.318279999220977,25.0929182057007
2248,9996.52113221445,9996.521307549,9996.521307549,9996.523799614,9996.537616038,2,COMPLETED,True,0.17533454956719652,2.492065001206356,13.816423999742256,16.483823550515808
2249,9996.52393273811,9996.524038458,9996.524038458,9996.527838093,9996.545418796,1,COMPLETED,True,0.10571988968877122,3.799635000177659,17.580703000930953,21.486057890797383
2250,9996.529866356976,9996.530050454,9996.530050454,9996.531728069,9996.545440025,3,COMPLETED,True,0.1840970235207351,1.6776150005171075,13.711956000406644,15.573668024444487
2251,9996.552444297087,9996.552581555,9996.552581555,9996.55303977,9996.566439686,2,COMPLETED,True,0.13725791359320283,0.4582149995258078,13.3999159988889,13.995388912007911
2252,9996.559067374941,9996.559086378,9996.559086378,9996.559613711,9996.579639099,0,COMPLETED,True,0.01900305869639851,0.5273330007184995,20.025387999339728,20.571724058754626
2253,9996.56016515003,9996.560253021,9996.560253021,9996.560538345,9996.57410625,3,COMPLETED,True,0.08787097067397553,0.285324000287801,13.567904999945313,13.94109997090709
2254,9996.560179255015,9996.560297373,9996.560297373,9996.560599232,9996.57964639,1,COMPLETED,True,0.11811798503913451,0.3018589995917864,19.047158000830677,19.4671349854616
2255,9996.564238079238,9996.564353966,9996.564353966,9996.566623007,9996.580182614,2,COMPLETED,True,0.11588676170504186,2.2690410005452577,13.559606999479001,15.944534761729301
2256,9996.592204753935,9996.592300802,9996.592300802,9996.592925499,9996.606331769,3,COMPLETED,True,0.0960480647336226,0.6246970006031916,13.406269999904907,14.127015065241721
2257,9996.61168450929,9996.611773487,9996.611773487,9996.612601284,9996.629704493,0,COMPLETED,True,0.08897771112970077,0.8277969991468126,17.10320900019724,18.019983710473753
2258,9996.619918541734,9996.620050662,9996.620050662,9996.620769776,9996.638761502,1,COMPLETED,True,0.13212026715336833,0.7191139993665274,17.991725999308983,18.84296026582888
2259,9996.624031209956,9996.624145188,9996.624145188,9996.624869108,9996.63886405,2,COMPLETED,True,0.11397804337320849,0.7239200003823498,13.994942000863375,14.832840044618933
2260,9996.628399053465,9996.628502343,9996.628502343,9996.62928759,9996.645840698,3,COMPLETED,True,0.10328953430871479,0.7852470007492229,16.55310800015286,17.4416445352108
2261,9996.630765218339,9996.630858157,9996.630858157,9996.631500417,9996.650645389,0,COMPLETED,True,0.09293866060033906,0.6422599999496015,19.144972000503913,19.880170661053853
2262,9996.635583956313,9996.635691145,9996.635691145,9996.639078034,9996.657540022,1,COMPLETED,True,0.10718868725234643,3.3868890004669083,18.46198800012644,21.956065687845694
2263,9996.639368253116,9996.639471124,9996.639471124,9996.639940429,9996.654319768,2,COMPLETED,True,0.10287088298355229,0.46930500138842035,14.37933899978816,14.951514884160133
2264,9996.640766351047,9996.640857524,9996.640857524,9996.646019193,9996.660316957,3,COMPLETED,True,0.09117295303440187,5.161668999789981,14.29776400073024,19.550605953554623
2265,9996.650544302685,9996.650705964,9996.650705964,9996.651570926,9996.667433468,0,COMPLETED,True,0.16166131536010653,0.8649619994685054,15.862541999013047,16.88916531384166
2266,9996.660475731027,9996.660581123,9996.660581123,9996.661046819,9996.674653812,2,COMPLETED,True,0.10539197319303639,0.4656959990825271,13.606993001303636,14.178080973579199
2267,9996.665958507576,9996.666168183,9996.666168183,9996.666722369,9996.680775001,1,COMPLETED,True,0.20967542332073208,0.5541860009543598,14.052631999220466,14.816493423495558
2268,9996.674147110694,9996.674241376,9996.674241376,9996.674689841,9996.688839184,3,COMPLETED,True,0.09426530596101657,0.448464999863063,14.14934300009918,14.692073305923259
2269,9996.68098606055,9996.681087044,9996.681087044,9996.681569992,9996.699237681,0,COMPLETED,True,0.10098345046571922,0.4829480003536446,17.667688998699305,18.25162044951867
2270,9996.682529854854,9996.682618447,9996.682618447,9996.682919022,9996.696882878,2,COMPLETED,True,0.08859214540279936,0.30057500043767504,13.963856001282693,14.353023147123167
2271,9996.684139895475,9996.684337346,9996.684337346,9996.685107855,9996.704988778,1,COMPLETED,True,0.1974505248654168,0.7705090010858839,19.88092299870914,20.84888252466044
2272,9996.688255246096,9996.688435421,9996.688435421,9996.689183385,9996.703008527,3,COMPLETED,True,0.1801749040168943,0.7479640007659327,13.825141999404877,14.753280904187704
2273,9996.6922610885,9996.69236688,9996.69236688,9996.697229829,9996.710660851,2,COMPLETED,True,0.10579149966361001,4.862949001108063,13.431022000077064,18.399762500848738
2274,9996.703927154475,9996.704029245,9996.704029245,9996.704504631,9996.718788475,0,COMPLETED,True,0.1020905256154947,0.475385999379796,14.283844000601675,14.861320525596966
2275,9996.70809991505,9996.708272834,9996.708272834,9996.708733729,9996.72250592,3,COMPLETED,True,0.17291894982918166,0.46089500028756447,13.77219099958893,14.406004949705675
2276,9996.724156598662,9996.724271658,9996.724271658,9996.724733104,9996.738629347,1,COMPLETED,True,0.11505933798616752,0.46144599946273956,13.896243000999675,14.472748338448582
2277,9996.74038076384,9996.74051633,9996.74051633,9996.740971685,9996.754827498,2,COMPLETED,True,0.1355661606794456,0.45535499884863384,13.85581300019112,14.446734159719199
2278,9996.751273385105,9996.751414732,9996.751414732,9996.75193613,9996.769321211,0,COMPLETED,True,0.1413468944519991,0.5213980002736207,17.385081000611535,18.047825895337155
2279,9996.751932588677,9996.752071271,9996.752071271,9996.752443444,9996.766076323,3,COMPLETED,True,0.1386823223583633,0.3721730008692248,13.63287899948773,14.143734322715318
2280,9996.758170247993,9996.758296406,9996.758296406,9996.758784061,9996.777020558,1,COMPLETED,True,0.12615800733328797,0.4876549992332002,18.23649700054375,18.850310007110238
2281,9996.763113261952,9996.763201739,9996.763201739,9996.763689431,9996.777604036,2,COMPLETED,True,0.08847704884829,0.48769199929665774,13.91460500053654,14.490774048681487
2282,9996.76316824814,9996.763248222,9996.763248222,9996.766504886,9996.780494256,3,COMPLETED,True,0.07997385910130106,3.256664000218734,13.989369999762857,17.326007859082893
2283,9996.771740716382,9996.771885535,9996.771885535,9996.772522675,9996.790887346,0,COMPLETED,True,0.14481861762760673,0.6371400013449602,18.364670999289956,19.146629618262523
2284,9996.772811609784,9996.77290421,9996.77290421,9996.777158039,9996.79421789,1,COMPLETED,True,0.09260021579393651,4.253828999935649,17.059850999430637,21.406280215160223
2285,9996.805456693897,9996.805588109,9996.805588109,9996.806286184,9996.820560071,2,COMPLETED,True,0.13141510316927452,0.6980750004004221,14.273886999944807,15.103377103514504
2286,9996.80747314428,9996.807583899,9996.807583899,9996.808041334,9996.82302146,3,COMPLETED,True,0.1107547213905491,0.4574349986796733,14.98012600131915,15.548315721389372
2287,9996.816280776016,9996.816386693,9996.816386693,9996.817047276,9996.83805541,0,COMPLETED,True,0.10591698446660303,0.6605829985346645,21.008134001021972,21.77463398402324
2288,9996.818378273558,9996.818468222,9996.818468222,9996.818828969,9996.837423881,1,COMPLETED,True,0.08994844210974406,0.36074700074095745,18.5949119986617,19.045607441512402
2289,9996.822357847092,9996.822452095,9996.822452095,9996.822832004,9996.836614569,2,COMPLETED,True,0.09424790914636105,0.379908999093459,13.782564999928582,14.256721908168402
2290,9996.825671770668,9996.825761849,9996.825761849,9996.826109113,9996.840467108,3,COMPLETED,True,0.09007833250507247,0.3472640000836691,14.357994999954826,14.795337332543568
2291,9996.830382732,9996.830483246,9996.830483246,9996.83682615,9996.850986054,2,COMPLETED,True,0.10051400022348389,6.342904000121052,14.159903999825474,20.60332200017001
2292,9996.84095133839,9996.841043231,9996.841043231,9996.841477487,9996.861358113,1,COMPLETED,True,0.09189260890707374,0.4342560005170526,19.880625999576296,20.406774609000422
2293,9996.841074557602,9996.841105935,9996.841105935,9996.841608124,9996.860470917,0,COMPLETED,True,0.031377398045151494,0.5021889992349315,18.862793000153033,19.396359397433116
2294,9996.841628508617,9996.841792009,9996.841792009,9996.842091077,9996.855487965,3,COMPLETED,True,0.16350038276868872,0.29906800045864657,13.396887999988394,13.85945638321573
2295,9996.842197915084,9996.842349168,9996.842349168,9996.851335859,9996.865158923,2,COMPLETED,True,0.15125291611184366,8.986691000245628,13.823063998643192,22.961007915000664
2296,9996.843810983388,9996.843901409,9996.843901409,9996.855877975,9996.86965714,3,COMPLETED,True,0.09042561214300804,11.976566000157618,13.779164999505156,25.84615661180578
2297,9996.849841607947,9996.850023945,9996.850023945,9996.860634325,9996.879042455,0,COMPLETED,True,0.18233705304737668,10.610379998979624,18.40813000126218,29.20084705328918
2298,9996.855445594909,9996.85554672,9996.85554672,9996.861820716,9996.880763172,1,COMPLETED,True,0.10112509153259452,6.273995999436011,18.942455999422236,25.31757709039084
2299,9996.857153435181,9996.857258351,9996.857258351,9996.865500192,9996.879159557,2,COMPLETED,True,0.1049158181558596,8.241841000199202,13.65936500042153,22.00612181877659
2300,9996.870592185145,9996.870692682,9996.870692682,9996.871206079,9996.884543671,3,COMPLETED,True,0.10049685442936607,0.5133970007591415,13.337591999516007,13.951485854704515
2301,9996.872738124466,9996.872829394,9996.872829394,9996.87935545,9996.893373569,0,COMPLETED,True,0.09126953409577254,6.5260560004389845,14.018118999956641,20.6354445344914
2302,9996.904048866541,9996.904140927,9996.904140927,9996.904616916,9996.91798634,2,COMPLETED,True,0.09206045797327533,0.47598899982403964,13.369424001211883,13.937473459009198
2303,9996.913476339825,9996.913563429,9996.913563429,9996.914162078,9996.931350199,1,COMPLETED,True,0.08708917448529974,0.5986489995848387,17.188121000799583,17.87385917486972
2304,9996.916657625028,9996.916741401,9996.916741401,9996.917284292,9996.930592197,3,COMPLETED,True,0.08377597259823233,0.5428909989859676,13.307905001056497,13.934571972640697
2305,9996.919229490737,9996.919397253,9996.919397253,9996.919852858,9996.937264597,0,COMPLETED,True,0.16776226220827084,0.4556050007522572,17.411738999726367,18.035106262686895
2306,9996.94040418197,9996.940512502,9996.940512502,9996.940937107,9996.954282309,2,COMPLETED,True,0.10832002953975461,0.42460499935259577,13.345201999982237,13.878127028874587
2307,9996.95114868623,9996.951258296,9996.951258296,9996.951771601,9996.964908416,3,COMPLETED,True,0.10960976942442358,0.513304999913089,13.136814999597846,13.759729768935358
2308,9996.95502053324,9996.955195362,9996.955195362,9996.955597397,9996.971622213,1,COMPLETED,True,0.17482875955465715,0.4020350006612716,16.02481599911698,16.60167975933291
2309,9996.964473121629,9996.96458085,9996.96458085,9996.965389171,9996.982089604,0,COMPLETED,True,0.10772837231343146,0.8083209995675134,16.700432999641635,17.61648237152258
2310,9996.964950279316,9996.965160619,9996.965160619,9996.965627323,9996.979164005,2,COMPLETED,True,0.21033968369010836,0.4667039993364597,13.536682001358713,14.213725684385281
2311,9996.966233857953,9996.966402692,9996.966402692,9996.966828341,9996.983540845,3,COMPLETED,True,0.16883404714462813,0.4256489992258139,16.712504000679473,17.306987047049915
2312,9996.996724264012,9996.996832779,9996.996832779,9996.997335926,9997.011340168,1,COMPLETED,True,0.10851498700503726,0.5031470009271288,14.004241998918587,14.615903986850753
2313,9997.006203376248,9997.006305945,9997.006305945,9997.006823531,9997.020840766,2,COMPLETED,True,0.10256875248160213,0.5175859987502918,14.017235000210349,14.637389751442242
2314,9997.019119415309,9997.01922024,9997.01922024,9997.01975846,9997.03469183,0,COMPLETED,True,0.10082469088956714,0.5382199997256976,14.933370001017465,15.57241469163273
2315,9997.022391481743,9997.022478573,9997.022478573,9997.02282146,9997.036875924,3,COMPLETED,True,0.0870912572281668,0.34288699862372596,14.054463999855216,14.484442255707108
2316,9997.033992275463,9997.034153865,9997.034153865,9997.034898869,9997.054883195,1,COMPLETED,True,0.1615895362192532,0.7450040011462988,19.984325999757857,20.89091953712341
2317,9997.034084395289,9997.034251133,9997.034251133,9997.035120185,9997.054830763,0,COMPLETED,True,0.16673771096975543,0.869052000780357,19.710577998921508,20.74636771067162
2318,9997.056324666095,9997.056418103,9997.056418103,9997.056945614,9997.073112958,2,COMPLETED,True,0.09343690544483252,0.5275109997455729,16.16734399976849,16.788291904958896
2319,9997.064481497931,9997.064572137,9997.064572137,9997.064968395,9997.079234865,3,COMPLETED,True,0.09063906873052474,0.3962579994549742,14.266469999711262,14.753367067896761
2320,9997.065373859152,9997.065493699,9997.065493699,9997.065826555,9997.081519394,0,COMPLETED,True,0.11983984768448863,0.332855999658932,15.692839000621461,16.145534847964882
2321,9997.075257206814,9997.075389799,9997.075389799,9997.076094442,9997.091429114,1,COMPLETED,True,0.13259218576422427,0.7046430000627879,15.334671999880811,16.171907185707823
2322,9997.093001866438,9997.093099327,9997.093099327,9997.093528586,9997.107893914,2,COMPLETED,True,0.09746056093717925,0.42925900015688967,14.365328001076705,14.892047562170774
2323,9997.093668171656,9997.093829423,9997.093829423,9997.094195961,9997.113327379,3,COMPLETED,True,0.16125134425237775,0.36653800088970456,19.131417999233236,19.659207344375318
2324,9997.095132570867,9997.095259419,9997.095259419,9997.095615476,9997.110355522,0,COMPLETED,True,0.12684813373198267,0.35605700031737797,14.740045999133145,15.222951133182505
2325,9997.102399928028,9997.102525513,9997.102525513,9997.103082036,9997.117110584,1,COMPLETED,True,0.12558497292047832,0.5565229985222686,14.028548001078889,14.710655972521636
2326,9997.104728924614,9997.104836456,9997.104836456,9997.108302558,9997.122182218,2,COMPLETED,True,0.10753138485597447,3.4661019999475684,13.87966000038432,17.453293385187862
2327,9997.112720883813,9997.112828216,9997.112828216,9997.113272341,9997.127033548,0,COMPLETED,True,0.10733218732639216,0.4441249984665774,13.761207001152798,14.312664186945767
2328,9997.112805592069,9997.112899524,9997.112899524,9997.113453978,9997.130585112,3,COMPLETED,True,0.0939319306780817,0.5544539999391418,17.131134000010206,17.77951993062743
2329,9997.129284347555,9997.129394449,9997.129394449,9997.129853635,9997.1432187,1,COMPLETED,True,0.11010144589818083,0.4591859997162828,13.365064998652088,13.934352444266551
2330,9997.138959680087,9997.139055091,9997.139055091,9997.139497384,9997.153102223,2,COMPLETED,True,0.09541091276332736,0.44229299965081736,13.604838999526692,14.142542911940836
2331,9997.1441657283,9997.144262104,9997.144262104,9997.144648802,9997.158462309,0,COMPLETED,True,0.09637570110498928,0.38669799869239796,13.813507001032121,14.296580700829509
2332,9997.159989673506,9997.160128131,9997.160128131,9997.160548245,9997.17496937,3,COMPLETED,True,0.13845749344909564,0.420114000007743,14.421125000808388,14.979696494265227
2333,9997.165437317439,9997.165527579,9997.165527579,9997.165916979,9997.179397231,1,COMPLETED,True,0.09026156112668104,0.3894000001309905,13.480252000590554,13.959913561848225
2334,9997.165705441063,9997.165789778,9997.165789778,9997.166230569,9997.181813549,2,COMPLETED,True,0.08433693801634945,0.44079100007365923,15.582979998725932,16.10810793681594
2335,9997.182957441537,9997.183090373,9997.183090373,9997.183554266,9997.196938441,0,COMPLETED,True,0.13293146366777364,0.46389299859583843,13.384175001192489,13.9809994634561
2336,9997.18445076426,9997.184557388,9997.184557388,9997.184851904,9997.199589521,3,COMPLETED,True,0.10662374006642494,0.2945159994851565,14.737617000719183,15.138756740270765
2337,9997.191726253219,9997.191883747,9997.191883747,9997.192511903,9997.206702577,1,COMPLETED,True,0.15749378144391812,0.6281559999479214,14.190673999110004,14.976323780501843
2338,9997.19298209662,9997.193131931,9997.193131931,9997.193555397,9997.207217797,2,COMPLETED,True,0.14983438086346723,0.42346599911979865,13.662400000612251,14.235700380595517
2339,9997.20761683165,9997.207755959,9997.207755959,9997.208219641,9997.222115564,0,COMPLETED,True,0.13912734902987722,0.4636819994630059,13.895923000745825,14.498732349238708
2340,9997.208945774679,9997.209066351,9997.209066351,9997.209497383,9997.224429148,3,COMPLETED,True,0.12057632193318568,0.4310320000513457,14.931764999346342,15.483373321330873
2341,9997.212248198479,9997.212383654,9997.212383654,9997.213031823,9997.227459731,1,COMPLETED,True,0.13545552064897493,0.648168999759946,14.427908001380274,15.211532521789195
2342,9997.213887124573,9997.214003262,9997.214003262,9997.214426637,9997.228408242,2,COMPLETED,True,0.1161374257208081,0.42337500053690746,13.981604999571573,14.521117425829289
2343,9997.214007965373,9997.214064264,9997.214064264,9997.222509711,9997.235965074,0,COMPLETED,True,0.056298627896467224,8.445446999758133,13.45536299959349,21.95710862724809
2344,9997.222717531899,9997.222892632,9997.222892632,9997.224774961,9997.239500146,3,COMPLETED,True,0.1751001018419629,1.8823289992724312,14.725185001225327,16.78261410233972
2345,9997.236502935373,9997.236700998,9997.236700998,9997.23722983,9997.251150404,1,COMPLETED,True,0.19806262753263582,0.5288319989631418,13.92057399971236,14.647468626208138
2346,9997.236746994146,9997.236768861,9997.236768861,9997.237333156,9997.251472927,2,COMPLETED,True,0.021866853785468265,0.5642950000037672,14.139771001282497,14.725932855071733
2347,9997.238555185375,9997.238697852,9997.238697852,9997.23920849,9997.253156173,0,COMPLETED,True,0.14266662583395373,0.5106379994685994,13.947682999059907,14.60098762436246
2348,9997.239016370278,9997.239190697,9997.239190697,9997.239802078,9997.254713257,3,COMPLETED,True,0.1743267221172573,0.6113809995440533,14.911178999682306,15.696886721343617
2349,9997.245069175882,9997.245230523,9997.245230523,9997.251348312,9997.265103951,1,COMPLETED,True,0.16134711768245324,6.117789000199991,13.755639000009978,20.034775117892423
2350,9997.24581732327,9997.245906184,9997.245906184,9997.251744461,9997.266006028,2,COMPLETED,True,0.08886073010216933,5.838277000293601,14.261566999266506,20.188704729662277
2351,9997.247093207607,9997.247181334,9997.247181334,9997.253494532,9997.267283743,0,COMPLETED,True,0.08812639316602144,6.313198000498232,13.78921099967556,20.190535393339815
2352,9997.259366712156,9997.259508469,9997.259508469,9997.259947315,9997.274825745,3,COMPLETED,True,0.14175684373185504,0.43884600017918274,14.878429999953369,15.459032843864406
2353,9997.26251180094,9997.262617651,9997.262617651,9997.265433968,9997.279101832,1,COMPLETED,True,0.10585006020846777,2.816316999087576,13.667864001035923,16.590031060331967
2354,9997.271947258827,9997.272053292,9997.272053292,9997.27254245,9997.285772082,2,COMPLETED,True,0.10603317241475452,0.4891580010735197,13.229631998910918,13.824823172399192
2355,9997.28567931016,9997.285770719,9997.285770719,9997.286241852,9997.300125165,0,COMPLETED,True,0.0914088395802537,0.47113300024648197,13.883313000405906,14.445854840232641
2356,9997.286112424092,9997.286221586,9997.286221586,9997.2865871,9997.30148293,3,COMPLETED,True,0.10916190876741894,0.365513998985989,14.895829999659327,15.370505907412735
2357,9997.294412860032,9997.294510308,9997.294510308,9997.294957826,9997.308338534,1,COMPLETED,True,0.0974479680735385,0.44751799941877834,13.380708000113373,13.92567396760569
2358,9997.300830907428,9997.300889524,9997.300889524,9997.301380464,9997.315022076,2,COMPLETED,True,0.05861657155037392,0.49093999950855505,13.641612000355963,14.191168571414892
2359,9997.3049002576,9997.304992837,9997.304992837,9997.305514858,9997.318694618,0,COMPLETED,True,0.09257939927920233,0.5220210005063564,13.179759998820373,13.794360398605932
2360,9997.326937014637,9997.327029527,9997.327029527,9997.327596794,9997.343108182,3,COMPLETED,True,0.09251236224372406,0.5672670013154857,15.511387999140425,16.171167362699634
2361,9997.328657182674,9997.328788421,9997.328788421,9997.329276536,9997.342595537,1,COMPLETED,True,0.13123832650308032,0.4881149998254841,13.319001000127173,13.938354326455737
2362,9997.33389494843,9997.333989869,9997.333989869,9997.334607295,9997.348313514,2,COMPLETED,True,0.09492056960880291,0.6174260015541222,13.70621899877733,14.418565569940256
2363,9997.334315619966,9997.334399107,9997.334399107,9997.334670604,9997.348415566,0,COMPLETED,True,0.08348703340743668,0.2714969996304717,13.74496200151043,14.099946034548339
2364,9997.335359364715,9997.335513715,9997.335513715,9997.342985706,9997.356751396,1,COMPLETED,True,0.15435028399224393,7.471991000784328,13.765690000582254,21.392031285358826
2365,9997.343918288934,9997.34404483,9997.34404483,9997.344591422,9997.365326533,3,COMPLETED,True,0.1265410664927913,0.5465919984999346,20.735111000249162,21.408244065241888
2366,9997.347922062543,9997.348144336,9997.348144336,9997.348740742,9997.362298144,2,COMPLETED,True,0.22227345652936492,0.5964060001133475,13.55740200051514,14.376081457157852
2367,9997.34924610756,9997.349394511,9997.349394511,9997.349930724,9997.363434635,0,COMPLETED,True,0.14840344010735862,0.5362129995774012,13.50391100095294,14.1885274406377
2368,9997.352000185267,9997.35212181,9997.35212181,9997.357119501,9997.370728806,1,COMPLETED,True,0.12162473285570741,4.997691001335625,13.609304998681182,18.728620732872514
2369,9997.359115002457,9997.359217004,9997.359217004,9997.362644853,9997.376594123,2,COMPLETED,True,0.10200154247286264,3.427849000217975,13.949270000011893,17.47912054270273
2370,9997.359798641877,9997.359896739,9997.359896739,9997.363602314,9997.378001869,0,COMPLETED,True,0.09809712355490774,3.705574999912642,14.39955499881762,18.20322712228517
2371,9997.36286061835,9997.362955167,9997.362955167,9997.365804282,9997.381271989,3,COMPLETED,True,0.0945486499404069,2.8491150005720556,15.467706998606445,18.411370649118908
2372,9997.363258492547,9997.363377686,9997.363377686,9997.37108915,9997.385004871,1,COMPLETED,True,0.11919345342903398,7.711463998930412,13.915720999648329,21.746378452007775
2373,9997.368066733476,9997.368186747,9997.368186747,9997.376937189,9997.3904981,2,COMPLETED,True,0.12001352479273919,8.750441998927272,13.560911000240594,22.431366523960605
2374,9997.369230501632,9997.369364401,9997.369364401,9997.378325292,9997.392416239,0,COMPLETED,True,0.13389936793828383,8.960891000242555,14.09094699920388,23.185737367384718
2375,9997.379935507486,9997.380128626,9997.380128626,9997.381648726,9997.396394001,3,COMPLETED,True,0.19311851428938098,1.5200999987428077,14.745275000677793,16.458493513709982
2376,9997.380201649945,9997.380419622,9997.380419622,9997.385376596,9997.398521406,1,COMPLETED,True,0.21797205590701196,4.956973998559988,13.144810000085272,18.319756054552272
2377,9997.381403003263,9997.38153624,9997.38153624,9997.390856715,9997.404216011,2,COMPLETED,True,0.13323673738341313,9.320474999185535,13.359296000999166,22.813007737568114
2378,9997.398248125537,9997.398418406,9997.398418406,9997.398903129,9997.412947743,0,COMPLETED,True,0.1702804620435927,0.4847230011364445,14.044613999431022,14.699617462611059
2379,9997.400308907698,9997.400439339,9997.400439339,9997.40087771,9997.415196576,1,COMPLETED,True,0.13043130275036674,0.4383710002002772,14.318865998575347,14.887668301525991
2380,9997.407310343126,9997.407429972,9997.407429972,9997.407918763,9997.42221159,3,COMPLETED,True,0.11962887401750777,0.4887909999524709,14.292826999735553,14.901246873705531
2381,9997.409585288975,9997.409629574,9997.409629574,9997.41022944,9997.429848099,2,COMPLETED,True,0.044285025069257244,0.5998659999022493,19.618659000116168,20.262810025087674
2382,9997.415585597702,9997.41575561,9997.41575561,9997.416469601,9997.43532853,0,COMPLETED,True,0.17001229753077496,0.7139909994293703,18.858929000998614,19.74293229795876
2383,9997.425467581683,9997.42558932,9997.42558932,9997.426142079,9997.440595746,1,COMPLETED,True,0.12173831783002242,0.5527590001292992,14.453666999543202,15.128164317502524
2384,9997.426340509679,9997.426521082,9997.426521082,9997.427007148,9997.441528094,3,COMPLETED,True,0.1805723204597598,0.4860660010308493,14.52094599881093,15.18758432030154
2385,9997.429426447427,9997.429594617,9997.429594617,9997.430339131,9997.450514466,2,COMPLETED,True,0.16816957395349164,0.7445139999617822,20.175334999294137,21.08801857320941
2386,9997.432548267258,9997.43272319,9997.43272319,9997.4357196,9997.453617329,0,COMPLETED,True,0.17492274309915956,2.9964099994685967,17.897728999741958,21.069061742309714
2387,9997.445708182013,9997.445752899,9997.445752899,9997.446215552,9997.46007845,1,COMPLETED,True,0.04471698775887489,0.46265299897640944,13.862898000297719,14.370267987033003
2388,9997.448640253144,9997.448816199,9997.448816199,9997.449465152,9997.471760525,3,COMPLETED,True,0.17594585551705677,0.6489530005637789,22.295373000815744,23.12027185689658
2389,9997.461528418935,9997.461620118,9997.461620118,9997.462072131,9997.475842676,2,COMPLETED,True,0.09169906479655765,0.4520130005403189,13.77054499971564,14.314257065052516
2390,9997.470413526282,9997.47051978,9997.47051978,9997.471077208,9997.484619145,0,COMPLETED,True,0.10625371760397684,0.5574280003202148,13.541936999899917,14.205618717824109
2391,9997.471758837517,9997.471844672,9997.471844672,9997.472205127,9997.486069776,1,COMPLETED,True,0.0858344828884583,0.36045500019099563,13.864648999515339,14.310938482594793
2392,9997.481877956148,9997.481986032,9997.481986032,9997.48263084,9997.496620446,3,COMPLETED,True,0.10807585204020143,0.6448080002883216,13.989605999086052,14.742489851414575
2393,9997.483759872195,9997.483911906,9997.483911906,9997.48456911,9997.498539766,2,COMPLETED,True,0.1520338046248071,0.657204000162892,13.970656000310555,14.779893805098254
2394,9997.483874022691,9997.48398894,9997.48398894,9997.485014663,9997.498579282,0,COMPLETED,True,0.11491730765555985,1.0257230005663587,13.564619001044775,14.705259309266694
2395,9997.509528338767,9997.509620874,9997.509620874,9997.5100944,9997.523894925,1,COMPLETED,True,0.09253523239749484,0.4735260008601472,13.800524999169284,14.366586232426926
2396,9997.520561271034,9997.520669904,9997.520669904,9997.521199541,9997.535051644,3,COMPLETED,True,0.10863296665775124,0.5296369999996386,13.852102998498594,14.490372965155984
2397,9997.522213272616,9997.522401237,9997.522401237,9997.522845242,9997.536826375,0,COMPLETED,True,0.18796438416757155,0.44400499973562546,13.981133000925183,14.61310238482838
2398,9997.527353013791,9997.527446567,9997.527446567,9997.528102053,9997.542298591,2,COMPLETED,True,0.09355320980830584,0.6554859992320416,14.196538000760484,14.945577209800831
2399,9997.527640552256,9997.527791808,9997.527791808,9997.528107162,9997.542226273,1,COMPLETED,True,0.15125574282137677,0.31535400012216996,14.119111001491547,14.585720744435093
2400,9997.528328532091,9997.528533367,9997.528533367,9997.53524888,9997.549369353,3,COMPLETED,True,0.2048349087999668,6.715513000017381,14.120473000730271,21.04082090954762
2401,9997.529682062497,9997.529867933,9997.529867933,9997.537012614,9997.550765597,0,COMPLETED,True,0.18587050362839364,7.14468099977239,13.752982998994412,21.083534502395196
2402,9997.5508541608,9997.55100186,9997.55100186,9997.5516237,9997.565605579,1,COMPLETED,True,0.1476992001698818,0.621839999439544,13.981879001221387,14.751418200830813
2403,9997.555084980464,9997.555177496,9997.555177496,9997.555646015,9997.569238811,2,COMPLETED,True,0.09251553638023324,0.46851899969624355,13.592796000011731,14.153830536088208
2404,9997.55891852911,9997.559008032,9997.559008032,9997.559371163,9997.57295741,3,COMPLETED,True,0.08950288975029252,0.3631310009950539,13.586246999693685,14.038880890439032
2405,9997.563995126564,9997.564092842,9997.564092842,9997.564521972,9997.578285829,0,COMPLETED,True,0.0977154359134147,0.429130001066369,13.763856999503332,14.290702436483116
2406,9997.57196866106,9997.572162237,9997.572162237,9997.572642797,9997.586280902,1,COMPLETED,True,0.19357594101165887,0.48056000014184974,13.638104999699863,14.312240940853371
2407,9997.60327337593,9997.603384357,9997.603384357,9997.60416193,9997.617655313,2,COMPLETED,True,0.11098107097495813,0.7775729991408298,13.493383001332404,14.381937071448192
2408,9997.620491905862,9997.620550367,9997.620550367,9997.621327654,9997.637254406,3,COMPLETED,True,0.058461138905840926,0.7772869994369103,15.926751999359112,16.762500137701863
2409,9997.633546379458,9997.633645252,9997.633645252,9997.634296075,9997.648221414,0,COMPLETED,True,0.0988725423667347,0.6508229998871684,13.925338998888037,14.67503454114194
2410,9997.63581437544,9997.635905274,9997.635905274,9997.636686991,9997.65702009,1,COMPLETED,True,0.09089856030186638,0.7817169989721151,20.3330990007089,21.20571455998288
2411,9997.640110584274,9997.640248787,9997.640248787,9997.640743307,9997.655131133,2,COMPLETED,True,0.138202725793235,0.49451999984739814,14.387826000529458,15.020548726170091
2412,9997.642469096121,9997.642562701,9997.642562701,9997.643136627,9997.659475593,3,COMPLETED,True,0.09360487820231356,0.573926001379732,16.338965999239008,17.006496878821054
2413,9997.642714901027,9997.642923488,9997.642923488,9997.648588257,9997.664052992,0,COMPLETED,True,0.2085869728034595,5.664768999849912,15.464735000932706,21.338090973586077
2414,9997.65258179568,9997.652785947,9997.652785947,9997.6554881,9997.669180964,2,COMPLETED,True,0.20415131984918844,2.7021529986086534,13.69286400040437,16.599168318862212
2415,9997.654642749252,9997.654786672,9997.654786672,9997.657567486,9997.671878065,1,COMPLETED,True,0.14392274715646636,2.780814000288956,14.310579001175938,17.23531574862136
2416,9997.658756969287,9997.658886522,9997.658886522,9997.659941494,9997.674719469,3,COMPLETED,True,0.12955271267856006,1.0549719991104212,14.777975000470178,15.96249971225916
2417,9997.667143387636,9997.667271595,9997.667271595,9997.667774054,9997.681366477,0,COMPLETED,True,0.1282073644688353,0.5024589991080575,13.59242299986363,14.223089363440522
2418,9997.677152531209,9997.677259644,9997.677259644,9997.677704112,9997.69137398,2,COMPLETED,True,0.10711279173847288,0.4444679998414358,13.669867999851704,14.221448791431612
2419,9997.684949489787,9997.68507732,9997.68507732,9997.685491094,9997.698658512,1,COMPLETED,True,0.1278302133869147,0.4137739997531753,13.167417999284226,13.709022212424316
2420,9997.68760459741,9997.687706369,9997.687706369,9997.688110318,9997.701286837,3,COMPLETED,True,0.10177159128943458,0.4039489995193435,13.17651899989869,13.682239590707468
2421,9997.690161982857,9997.690254775,9997.690254775,9997.690595493,9997.706417712,0,COMPLETED,True,0.09279214282287285,0.3407180010981392,15.822218998437165,16.255729142358177
2422,9997.699310693652,9997.699410029,9997.699410029,9997.699876403,9997.713239562,2,COMPLETED,True,0.09933534784067888,0.4663740000978578,13.363158999709412,13.92886834764795
2423,9997.703013980818,9997.703110315,9997.703110315,9997.703517349,9997.716973419,1,COMPLETED,True,0.09633418267185334,0.40703400009078905,13.456069998937892,13.959438181700534
2424,9997.710374885495,9997.710460321,9997.710460321,9997.710971081,9997.724622177,3,COMPLETED,True,0.08543550393369514,0.5107600009068847,13.65109600010328,14.24729150494386
2425,9997.718903162464,9997.719003397,9997.719003397,9997.719437483,9997.739600981,0,COMPLETED,True,0.10023453614849132,0.4340859995863866,20.163498000329128,20.697818536064005
2426,9997.719332704868,9997.719437173,9997.719437173,9997.719964022,9997.733913462,2,COMPLETED,True,0.1044681321218377,0.5268490003800252,13.94943999912357,14.580757131625433
2427,9997.721313729662,9997.721500661,9997.721500661,9997.722148234,9997.741729871,1,COMPLETED,True,0.18693133824854158,0.6475729987869272,19.581637001465424,20.416141338500893
2428,9997.735498930611,9997.735595792,9997.735595792,9997.736053839,9997.750079787,3,COMPLETED,True,0.09686138946563005,0.4580469994834857,14.0259479994711,14.580856388420216
2429,9997.738618005727,9997.738724111,9997.738724111,9997.739283357,9997.753461377,2,COMPLETED,True,0.10610527169774286,0.5592460001935251,14.178020001054392,14.84337127294566
2430,9997.74223447544,9997.742349674,9997.742349674,9997.742970986,9997.757352034,0,COMPLETED,True,0.11519855979713611,0.6213120013853768,14.381047998540453,15.117558559722966
2431,9997.742289542699,9997.742435895,9997.742435895,9997.743060791,9997.758198189,1,COMPLETED,True,0.14635230036219582,0.6248959998629289,15.137398000661051,15.908646300886176
2432,9997.7450770129,9997.745251627,9997.745251627,9997.750457596,9997.764411241,3,COMPLETED,True,0.1746141006151447,5.205968998780008,13.953645000583492,19.334228099978645
2433,9997.754897507619,9997.75504017,9997.75504017,9997.755716439,9997.77061947,2,COMPLETED,True,0.14266238031268585,0.6762690009054495,14.903031000358169,15.721962381576304
2434,9997.755115750371,9997.755130288,9997.755130288,9997.757747131,9997.772797503,0,COMPLETED,True,0.014537628885591403,2.6168429994868347,15.050371999677736,17.681752628050162
2435,9997.756147994547,9997.756316684,9997.756316684,9997.758413587,9997.773124841,1,COMPLETED,True,0.16868945203896146,2.096903001074679,14.71125399984885,16.97684645296249
2436,9997.756453534164,9997.756788132,9997.756788132,9997.764747096,9997.778548219,3,COMPLETED,True,0.33459783480793703,7.958964000863489,13.801122999211657,22.094684834883083
2437,9997.759532643933,9997.759706893,9997.759706893,9997.770800078,9997.785000427,2,COMPLETED,True,0.17424906764063053,11.09318499948131,14.200349000020651,25.46778306714259
2438,9997.763239479847,9997.76342336,9997.76342336,9997.773156356,9997.786887334,0,COMPLETED,True,0.18388015269010793,9.732995999002014,13.730978000239702,23.647854151931824
2439,9997.763811416215,9997.763963198,9997.763963198,9997.773456018,9997.78763969,1,COMPLETED,True,0.15178178546193521,9.492819999650237,14.183671999489889,23.82827378460206
2440,9997.765451812995,9997.765608419,9997.765608419,9997.778927059,9997.793188084,3,COMPLETED,True,0.15660600547562353,13.318639999852167,14.2610250004509,27.73627100577869
2441,9997.775390323406,9997.775567531,9997.775567531,9997.785355101,9997.799355989,2,COMPLETED,True,0.17720759387884755,9.787569999389234,14.000888000737177,23.96566559400526
2442,9997.782717941482,9997.782897383,9997.782897383,9997.787264458,9997.801470901,0,COMPLETED,True,0.17944151841220446,4.367075000118348,14.206443000148283,18.752959518678836
2443,9997.783547860323,9997.783708358,9997.783708358,9997.788058919,9997.801689984,1,COMPLETED,True,0.16049767691583838,4.350561001047026,13.631064999572118,18.142123677534983
2444,9997.789009795419,9997.789190777,9997.789190777,9997.793541541,9997.807079704,3,COMPLETED,True,0.1809815821616212,4.350763998445473,13.538163000703207,18.0699085813103
2445,9997.793069398387,9997.793175091,9997.793175091,9997.799742538,9997.813249263,2,COMPLETED,True,0.10569261212367564,6.5674470006342744,13.506724999388098,20.179864612146048
2446,9997.797985975945,9997.798089245,9997.798089245,9997.801805555,9997.815688412,0,COMPLETED,True,0.10326905430702027,3.716310000527301,13.88285699977132,17.70243605460564
2447,9997.809257402876,9997.809349116,9997.809349116,9997.809788438,9997.823058807,1,COMPLETED,True,0.09171312376565766,0.43932200060226023,13.270368999656057,13.801404124023975
2448,9997.821322370395,9997.821411671,9997.821411671,9997.821827005,9997.835568944,3,COMPLETED,True,0.0893006053956924,0.4153339996264549,13.741938999373815,14.246573604395962
2449,9997.826678728143,9997.826776042,9997.826776042,9997.827094362,9997.840580011,2,COMPLETED,True,0.09731385762279388,0.31831999876885675,13.485649000358535,13.901282856750186
2450,9997.8399625649,9997.840054248,9997.840054248,9997.840533929,9997.854349437,0,COMPLETED,True,0.09168309952656273,0.47968100079742726,13.815508000334376,14.386872100658366
2451,9997.840704195874,9997.840792058,9997.840792058,9997.841131471,9997.854479248,1,COMPLETED,True,0.08786212492850609,0.3394129998923745,13.347777001399663,13.775052126220544
2452,9997.86210905395,9997.862198789,9997.862198789,9997.862676446,9997.876118774,3,COMPLETED,True,0.08973505100584589,0.47765700037416536,13.44232799965539,14.009720051035401
2453,9997.867324390905,9997.867422149,9997.867422149,9997.868242591,9997.882196622,2,COMPLETED,True,0.09775809485290665,0.8204419991670875,13.954031001048861,14.872231095068855
2454,9997.868508428226,9997.868652218,9997.868652218,9997.869118706,9997.882936135,0,COMPLETED,True,0.14378977357409894,0.4664879998017568,13.817429000482662,14.427706773858517
2455,9997.869487367961,9997.869578691,9997.869578691,9997.869933366,9997.883609212,1,COMPLETED,True,0.09132303785008844,0.35467500129016116,13.675845999387093,14.121844038527342
2456,9997.873879360353,9997.873937245,9997.873937245,9997.876493634,9997.893028191,3,COMPLETED,True,0.05788464659417514,2.556388999437331,16.53455700034101,19.148830646372517
2457,9997.877900145246,9997.878011401,9997.878011401,9997.882647976,9997.901036621,2,COMPLETED,True,0.11125575474579819,4.636574998585274,18.38864500132331,23.136475754654384
2458,9997.900399406644,9997.900517626,9997.900517626,9997.901027781,9997.916264184,0,COMPLETED,True,0.11821935549960472,0.5101549995742971,15.236403000017162,15.864777355091064
2459,9997.908735665953,9997.9088292,9997.9088292,9997.90935772,9997.923248555,1,COMPLETED,True,0.09353404675493948,0.5285200004436774,13.890834999983781,14.512889047182398
2460,9997.928539519873,9997.928634809,9997.928634809,9997.929097318,9997.943121151,3,COMPLETED,True,0.09528912778478116,0.4625089986802777,14.023833000464947,14.581631126930006
2461,9997.930766500449,9997.930856374,9997.930856374,9997.931527768,9997.949115012,2,COMPLETED,True,0.08987355067802127,0.6713940001645824,17.587243999514612,18.348511550357216
2462,9997.935163049962,9997.935253337,9997.935253337,9997.935805771,9997.953931166,0,COMPLETED,True,0.09028703789226711,0.5524339994735783,18.125394999515265,18.76811603688111
2463,9997.941555746187,9997.941685919,9997.941685919,9997.942508076,9997.960251895,1,COMPLETED,True,0.13017281344218645,0.822156998765422,17.743819000315852,18.69614881252346
2464,9997.944954902763,9997.945091149,9997.945091149,9997.945497624,9997.959328464,3,COMPLETED,True,0.1362462371616857,0.40647499918122776,13.83084000008239,14.373561236425303
2465,9997.968740649374,9997.968885962,9997.968885962,9997.969465605,9997.986063837,2,COMPLETED,True,0.14531262604577933,0.5796429995825747,16.598231999523705,17.32318762515206
2466,9997.969719733464,9997.969816939,9997.969816939,9997.970105597,9997.984588443,0,COMPLETED,True,0.09720553498482332,0.2886580004997086,14.482845999737037,14.86870953522157
2467,9997.9728889157,9997.972988375,9997.972988375,9997.973386018,9997.987804905,3,COMPLETED,True,0.09945930105459411,0.39764299981470685,14.418886999919778,14.915989300789079
2468,9997.975294676957,9997.975388255,9997.975388255,9997.975915515,9997.990066027,1,COMPLETED,True,0.09357804265164305,0.5272600010357564,14.15051199910522,14.77135004279262
2469,9997.976402136319,9997.976576776,9997.976576776,9997.984830235,9997.999020757,0,COMPLETED,True,0.17463968106312677,8.253459000115981,14.190522000717465,22.618620681896573
2470,9997.989591728141,9997.989724727,9997.989724727,9997.990166521,9998.004227322,2,COMPLETED,True,0.13299885904416442,0.44179399992572144,14.060801000596257,14.635593859566143
2471,9998.000051132063,9998.000180282,9998.000180282,9998.000715499,9998.015385893,3,COMPLETED,True,0.1291499374929117,0.5352169991965638,14.670394000859233,15.334760937548708
2472,9998.011757949269,9998.011863789,9998.011863789,9998.012371958,9998.026027382,1,COMPLETED,True,0.10583973016764503,0.5081690014776541,13.655423999807681,14.26943273145298
2473,9998.019135665098,9998.019237852,9998.019237852,9998.019695321,9998.033496382,0,COMPLETED,True,0.10218690295005217,0.4574689992296044,13.801061000776826,14.360716902956483
2474,9998.026369886264,9998.02648211,9998.02648211,9998.026947294,9998.040507356,2,COMPLETED,True,0.11222373723285273,0.46518399904016405,13.560061999669415,14.137469735942432
2475,9998.034030967076,9998.034150788,9998.034150788,9998.034632626,9998.048120779,3,COMPLETED,True,0.11982092473772354,0.4818380002689082,13.488152999343583,14.089811924350215
2476,9998.047190450852,9998.047311636,9998.047311636,9998.04789195,9998.068054433,1,COMPLETED,True,0.1211851486004889,0.5803139993076911,20.16248300060397,20.86398214851215
2477,9998.047607798642,9998.047716875,9998.047716875,9998.047978557,9998.061563984,0,COMPLETED,True,0.10907635805779137,0.26168200020038057,13.585426999270567,13.956185357528739
2478,9998.049141947711,9998.049277227,9998.049277227,9998.049943719,9998.07016514,2,COMPLETED,True,0.1352792896796018,0.666491998345009,20.221421000314876,21.023192288339487
2479,9998.05435093289,9998.054444666,9998.054444666,9998.054874493,9998.068546577,3,COMPLETED,True,0.09373310967930593,0.4298269996070303,13.672084000063478,14.195644109349814
2480,9998.058337148752,9998.058489139,9998.058489139,9998.061948155,9998.075552773,0,COMPLETED,True,0.15199024892353918,3.4590159993967973,13.604617999590118,17.215624247910455
2481,9998.059638314231,9998.059778245,9998.059778245,9998.068293577,9998.088528351,1,COMPLETED,True,0.13993076936458237,8.515331999660702,20.234773999618483,28.890036768643768
2482,9998.061272294392,9998.061441895,9998.061441895,9998.068890249,9998.082528546,3,COMPLETED,True,0.16960060929704923,7.448353999279789,13.638296999488375,21.256251608065213
2483,9998.063102141252,9998.063234157,9998.063234157,9998.070398605,9998.090364746,2,COMPLETED,True,0.1320157480222406,7.1644479994574795,19.966141000622883,27.262604748102603
2484,9998.06534065262,9998.065453336,9998.065453336,9998.075918842,9998.089460611,0,COMPLETED,True,0.11268337948422413,10.465506000400637,13.541768999857595,24.119958379742457
2485,9998.103565874753,9998.103709794,9998.103709794,9998.104306673,9998.117804071,3,COMPLETED,True,0.14391924742085394,0.5968789992039092,13.49739800025418,14.238196246878942
2486,9998.10489745957,9998.105035227,9998.105035227,9998.105499101,9998.11897775,1,COMPLETED,True,0.13776742889604066,0.4638740010705078,13.478648999807774,14.080290429774323
2487,9998.105180880195,9998.105371186,9998.105371186,9998.106090577,9998.12597327,0,COMPLETED,True,0.19030580551770981,0.7193909987108782,19.882693000909057,20.792389805137645
2488,9998.113314148402,9998.113425405,9998.113425405,9998.113891382,9998.127811083,2,COMPLETED,True,0.11125659693789203,0.4659770002035657,13.91970100121398,14.496934598355438
2489,9998.124797251645,9998.124903213,9998.124903213,9998.125373245,9998.13916601,3,COMPLETED,True,0.10596135507512372,0.47003200052131433,13.79276499937987,14.368758354976308
2490,9998.126362368681,9998.126525659,9998.126525659,9998.12699273,9998.142043395,1,COMPLETED,True,0.16329031859640963,0.4670710004575085,15.05066500067187,15.681026319725788
2491,9998.12784903468,9998.127986199,9998.127986199,9998.128588696,9998.142404958,0,COMPLETED,True,0.13716432113142218,0.6024969989084639,13.816262000545976,14.555923320585862
2492,9998.152681156427,9998.152777015,9998.152777015,9998.153341853,9998.167446752,2,COMPLETED,True,0.09585857333149761,0.5648379992635455,14.10489900081302,14.765595573408064
2493,9998.162262914504,9998.162373484,9998.162373484,9998.162935321,9998.176527522,3,COMPLETED,True,0.11056949551857542,0.5618369996227557,13.592201001301873,14.264607496443205
2494,9998.16368208752,9998.163773038,9998.163773038,9998.164110221,9998.178328839,1,COMPLETED,True,0.0909504815354012,0.33718299891916104,14.21861800008628,14.646751480540843
2495,9998.163698395174,9998.163815142,9998.163815142,9998.164332767,9998.180288775,0,COMPLETED,True,0.11674682536977343,0.5176250015210826,15.956007999193389,16.590379826084245
2496,9998.167281201931,9998.167567661,9998.167567661,9998.168196461,9998.181720458,2,COMPLETED,True,0.2864590678655077,0.628800000413321,13.523997000447707,14.439256068726536
2497,9998.169405041785,9998.169553746,9998.169553746,9998.176770225,9998.190489786,3,COMPLETED,True,0.14870421546220314,7.216478999907849,13.719561000471003,21.084744215841056
2498,9998.180240400114,9998.18043053,9998.18043053,9998.181061815,9998.19669542,1,COMPLETED,True,0.19012988559552468,0.6312850000540493,15.633605000402895,16.45501988605247
2499,9998.180998445956,9998.181096614,9998.181096614,9998.181407187,9998.195318716,0,COMPLETED,True,0.09816804413276259,0.3105729992967099,13.911529000324663,14.320270043754135
2500,9998.183077790145,9998.183216781,9998.183216781,9998.183595462,9998.197175258,2,COMPLETED,True,0.13899085570301395,0.3786809993471252,13.579795999248745,14.097467854298884
2501,9998.184460809012,9998.184612945,9998.184612945,9998.19087356,9998.204652701,3,COMPLETED,True,0.15213598817354068,6.2606150004285155,13.779140999758965,20.19189198836102
2502,9998.197543993921,9998.197649521,9998.197649521,9998.198126444,9998.212280479,0,COMPLETED,True,0.10552707863098476,0.47692299995105714,14.154034999592113,14.736485078174155
2503,9998.198092684948,9998.198215241,9998.198215241,9998.198573306,9998.21236413,1,COMPLETED,True,0.12255605179234408,0.3580649990908569,13.79082400126208,14.271445052145282
2504,9998.204187517307,9998.204288339,9998.204288339,9998.204875165,9998.218890291,2,COMPLETED,True,0.1008216931950301,0.5868259995622793,14.015126000231248,14.702773692988558
2505,9998.205281916018,9998.205374421,9998.205374421,9998.205685059,9998.219699208,3,COMPLETED,True,0.09250498260371387,0.3106379990640562,14.01414900101372,14.41729198268149
2506,9998.207774906115,9998.207932843,9998.207932843,9998.212639641,9998.226917703,0,COMPLETED,True,0.1579368854436325,4.706797999460832,14.278061998993508,19.142796883897972
2507,9998.207836665255,9998.208047409,9998.208047409,9998.212642194,9998.226524115,1,COMPLETED,True,0.21074374490126502,4.594784999426338,13.881921000574948,18.68744974490255
2508,9998.208746736538,9998.208886069,9998.208886069,9998.21924569,9998.23340681,2,COMPLETED,True,0.13933246191299986,10.359620999224717,14.161120001517702,24.66007346265542
2509,9998.210019410866,9998.210143845,9998.210143845,9998.220042528,9998.233487302,3,COMPLETED,True,0.12443413470464293,9.898682999846642,13.444774000163306,23.46789113471459
2510,9998.212874014918,9998.212971654,9998.212971654,9998.22685012,9998.240543028,1,COMPLETED,True,0.09763908201421145,13.878465999368927,13.692907999939052,27.66901308132219
2511,9998.221357107032,9998.221539426,9998.221539426,9998.227272024,9998.241492989,0,COMPLETED,True,0.18231896865472663,5.732597999667632,14.22096500027692,20.13588196859928
2512,9998.224212168614,9998.224305253,9998.224305253,9998.233747801,9998.248390468,2,COMPLETED,True,0.09308438529842533,9.442548000151874,14.64266699986183,24.17829938531213
2513,9998.22696241329,9998.227061254,9998.227061254,9998.233791345,9998.247509911,3,COMPLETED,True,0.09884071005217265,6.730090999553795,13.718566000534338,20.547497710140306
2514,9998.232828618875,9998.233016518,9998.233016518,9998.240942908,9998.257221847,1,COMPLETED,True,0.18789912428474054,7.926390000648098,16.27893899967603,24.393228124608868
2515,9998.234351471803,9998.234533035,9998.234533035,9998.241832313,9998.255827279,0,COMPLETED,True,0.18156319674744736,7.299278000573395,13.994965998790576,21.47580719611142
2516,9998.242591490092,9998.242774624,9998.242774624,9998.247894872,9998.261312599,3,COMPLETED,True,0.18313390683033504,5.120248000821448,13.41772699925059,18.721108906902373
2517,9998.249201356379,9998.249230866,9998.249230866,9998.249747052,9998.270167537,2,COMPLETED,True,0.029509621526813135,0.5161859990039375,20.420485001523048,20.9661806220538
2518,9998.253479561004,9998.253522727,9998.253522727,9998.256253062,9998.270161219,0,COMPLETED,True,0.04316599552112166,2.7303349997964688,13.908156999605126,16.681657994922716
2519,9998.257360527088,9998.257465722,9998.257465722,9998.258139613,9998.275829347,1,COMPLETED,True,0.10519491115701385,0.6738910014973953,17.689733998849988,18.468819911504397
2520,9998.258338579342,9998.258427884,9998.258427884,9998.261660254,9998.275413735,3,COMPLETED,True,0.0893046581040835,3.2323699997505173,13.753481000094325,17.075155657948926
2521,9998.273941038335,9998.27404726,9998.27404726,9998.274541274,9998.288830852,2,COMPLETED,True,0.10622166519169696,0.49401400065107737,14.289577999079484,14.889813664922258
2522,9998.275959490767,9998.276075357,9998.276075357,9998.276556451,9998.290962222,0,COMPLETED,True,0.11586623259063344,0.4810939990420593,14.405771000383538,15.002731232016231
2523,9998.283703246412,9998.283921164,9998.283921164,9998.28468352,9998.298857962,3,COMPLETED,True,0.2179175880883122,0.7623559995408868,14.174441999784904,15.154715587414103
2524,9998.298347075815,9998.298446074,9998.298446074,9998.298948534,9998.312652627,1,COMPLETED,True,0.09899818542180583,0.5024599995522294,13.704093000342255,14.30555118531629
2525,9998.298884855496,9998.298970048,9998.298970048,9998.29926306,9998.313177683,2,COMPLETED,True,0.08519250332028605,0.29301200083864387,13.914622999436688,14.292827503595618
2526,9998.320888035616,9998.320979548,9998.320979548,9998.321449305,9998.335310644,0,COMPLETED,True,0.09151238373306114,0.46975700024631806,13.861339000868611,14.42260838484799
2527,9998.32722619197,9998.327294323,9998.327294323,9998.327618353,9998.341136771,3,COMPLETED,True,0.06813103027525358,0.32402999931946397,13.518417999875965,13.910579029470682
2528,9998.347302716798,9998.347390657,9998.347390657,9998.347931689,9998.361300993,1,COMPLETED,True,0.08794020141067449,0.5410320009104908,13.369303998842952,13.998276201164117
2529,9998.355204831681,9998.355301196,9998.355301196,9998.355742191,9998.369215304,2,COMPLETED,True,0.09636431786930189,0.4409950015542563,13.473112998326542,14.0104723177501
2530,9998.362651136997,9998.362745699,9998.362745699,9998.36317866,9998.378113413,0,COMPLETED,True,0.09456200314161833,0.4329610001150286,14.934753000488854,15.462276003745501
2531,9998.369428647846,9998.369609088,9998.369609088,9998.37016866,9998.383749035,3,COMPLETED,True,0.18044015450868756,0.5595719994744286,13.580374999946798,14.320387153929914
2532,9998.380411229326,9998.380514207,9998.380514207,9998.381079352,9998.394832824,1,COMPLETED,True,0.10297767403244507,0.5651450010191184,13.753471999734757,14.42159467478632
2533,9998.386578984175,9998.386764115,9998.386764115,9998.387242782,9998.401168236,2,COMPLETED,True,0.18513082432036754,0.4786670015164418,13.925453999036108,14.589251824872917
2534,9998.394373093966,9998.394476982,9998.394476982,9998.39495474,9998.408685987,0,COMPLETED,True,0.10388803275418468,0.47775800157978665,13.731246999668656,14.312893034002627
2535,9998.397799753653,9998.397897396,9998.397897396,9998.398339558,9998.42043391,3,COMPLETED,True,0.09764234710019082,0.4421619996719528,22.09435199984,22.634156346612144
2536,9998.40083111293,9998.400959989,9998.400959989,9998.401325266,9998.415086575,1,COMPLETED,True,0.12887607044831384,0.3652770010376116,13.761308999164612,14.255462070650537
2537,9998.413163727277,9998.413292781,9998.413292781,9998.414004268,9998.426875664,2,COMPLETED,True,0.12905372386740055,0.7114869986253325,12.871396000264212,13.711936722756946
2538,9998.43186762235,9998.431990002,9998.431990002,9998.432723112,9998.446275315,0,COMPLETED,True,0.12237964983796701,0.7331100005103508,13.552202999562724,14.407692649911041
2539,9998.436659147552,9998.436766919,9998.436766919,9998.437571092,9998.451427771,1,COMPLETED,True,0.10777144780149683,0.8041729997785296,13.856679001037264,14.76862344861729
2540,9998.444705958082,9998.444834339,9998.444834339,9998.445642297,9998.461051238,3,COMPLETED,True,0.1283809178858064,0.8079580002231523,15.408941000714549,16.345279918823508
2541,9998.458671900591,9998.458844324,9998.458844324,9998.459416817,9998.47332319,2,COMPLETED,True,0.17242340982193127,0.5724929997086292,13.906373000281746,14.651289409812307
2542,9998.466573929709,9998.466693377,9998.466693377,9998.467211857,9998.481865548,0,COMPLETED,True,0.1194472915813094,0.5184799993003253,14.653690999693936,15.29161829057557
2543,9998.467796915505,9998.467974662,9998.467974662,9998.468484889,9998.483943382,1,COMPLETED,True,0.17774649495549966,0.5102269988128683,15.458493000551243,16.14646649431961
2544,9998.471090423898,9998.471211415,9998.471211415,9998.471807104,9998.49182517,3,COMPLETED,True,0.12099110244889744,0.5956889999652049,20.01806599946576,20.734746101879864
2545,9998.474896425605,9998.475071788,9998.475071788,9998.475576939,9998.495095024,2,COMPLETED,True,0.175362394656986,0.5051509997429093,19.518085000527208,20.198598394927103
2546,9998.502147961326,9998.502242589,9998.502242589,9998.50286766,9998.522223808,0,COMPLETED,True,0.09462767411605455,0.6250709993764758,19.35614800095209,20.07584667444462
2547,9998.514983236395,9998.515107674,9998.515107674,9998.515703435,9998.534526142,1,COMPLETED,True,0.1244376053364249,0.595760999203776,18.822707001163508,19.54290560570371
2548,9998.518348223537,9998.518464447,9998.518464447,9998.518881706,9998.537156166,3,COMPLETED,True,0.11622346210060641,0.4172590015514288,18.274459998792736,18.80794246244477
2549,9998.519682314069,9998.519790456,9998.519790456,9998.520089407,9998.538469452,2,COMPLETED,True,0.10814193046826404,0.2989510012412211,18.380044999503298,18.787137931212783
2550,9998.523882429128,9998.524047314,9998.524047314,9998.52445919,9998.538704108,0,COMPLETED,True,0.16488487199239898,0.4118759989069076,14.244918000258622,14.821678871157928
2551,9998.548644122635,9998.548795365,9998.548795365,9998.549366305,9998.564109775,1,COMPLETED,True,0.1512423659733031,0.5709399993065745,14.74346999930276,15.465652364582638
2552,9998.551272347735,9998.551379063,9998.551379063,9998.551789104,9998.568253979,3,COMPLETED,True,0.10671526433725376,0.41004100057762116,16.464874999655876,16.98163126457075
2553,9998.55700794974,9998.557171088,9998.557171088,9998.557652761,9998.574166436,2,COMPLETED,True,0.16313826017722022,0.4816729997401126,16.513675000169314,17.158486260086647
2554,9998.568576145686,9998.568753686,9998.568753686,9998.56930751,9998.58275656,0,COMPLETED,True,0.17754031432559714,0.5538240002351813,13.449049998598639,14.180414313159417
2555,9998.589656287035,9998.589744561,9998.589744561,9998.590375142,9998.603579686,1,COMPLETED,True,0.08827396595734172,0.6305809984041844,13.204544000473106,13.923398964834632
2556,9998.594086482099,9998.594166635,9998.594166635,9998.59468342,9998.610555411,3,COMPLETED,True,0.08015290222829208,0.5167849994904827,15.87199099958525,16.468928901304025
2557,9998.60134494197,9998.601453605,9998.601453605,9998.602268163,9998.620436037,2,COMPLETED,True,0.10866303091461305,0.8145579995471053,18.167873999118456,19.091095029580174
2558,9998.6043529413,9998.604453998,9998.604453998,9998.604973196,9998.619013962,0,COMPLETED,True,0.1010566993500106,0.5191979998926399,14.040766000107396,14.661020699350047
2559,9998.609102816403,9998.609224197,9998.609224197,9998.609858648,9998.623464997,1,COMPLETED,True,0.1213805971929105,0.6344510002236348,13.606348999019247,14.362180596435792
2560,9998.611118967492,9998.611278158,9998.611278158,9998.611731991,9998.63008484,3,COMPLETED,True,0.15919050747470465,0.4538330013019731,18.35284899971157,18.965872508488246
2561,9998.617885978263,9998.618025899,9998.618025899,9998.619211901,9998.633242084,0,COMPLETED,True,0.13992073763802182,1.1860019985761028,14.030183001523255,15.35610573773738
2562,9998.620504100036,9998.620743981,9998.620743981,9998.621496064,9998.637590173,2,COMPLETED,True,0.2398809647274902,0.7520830004068557,16.09410899982322,17.086072964957566
2563,9998.633014447303,9998.633115411,9998.633115411,9998.633775263,9998.646987017,1,COMPLETED,True,0.10096369624079671,0.6598520012630615,13.211753999712528,13.972569697216386
2564,9998.646980137499,9998.647154256,9998.647154256,9998.647713173,9998.662463885,3,COMPLETED,True,0.174118500581244,0.5589170013990952,14.750712000022759,15.483747502003098
2565,9998.655341026155,9998.655436433,9998.655436433,9998.656242297,9998.669649916,0,COMPLETED,True,0.09540684550302103,0.8058639996306738,13.407619000645354,14.30888984577905
2566,9998.657826203655,9998.657913499,9998.657913499,9998.658545858,9998.673674509,2,COMPLETED,True,0.08729534602025524,0.6323589987005107,15.128651000850368,15.848305345571134
2567,9998.693855397849,9998.693877707,9998.693877707,9998.694604596,9998.713398584,1,COMPLETED,True,0.02230915197287686,0.7268889985425631,18.793987999742967,19.543186150258407
2568,9998.701165943314,9998.701307476,9998.701307476,9998.70201053,9998.721507399,3,COMPLETED,True,0.14153268602967728,0.7030540000414476,19.496868999340222,20.341455685411347
2569,9998.711997617422,9998.712086523,9998.712086523,9998.712694674,9998.728732045,0,COMPLETED,True,0.08890557910490315,0.6081510000512935,16.037370998674305,16.734427577830502
2570,9998.721922309114,9998.722144633,9998.722144633,9998.72259494,9998.739605022,2,COMPLETED,True,0.22232388619158883,0.4503069994825637,17.010081999615068,17.68271288528922
2571,9998.722308393646,9998.722420853,9998.722420853,9998.722758928,9998.736252956,1,COMPLETED,True,0.11245935456827283,0.33807499858085066,13.494028000422986,13.94456235357211
2572,9998.72799938951,9998.728131299,9998.728131299,9998.728851529,9998.745500041,3,COMPLETED,True,0.13190948993724305,0.7202300002973061,16.648511998937465,17.500651489172014
2573,9998.736194073721,9998.736364797,9998.736364797,9998.737127373,9998.752864644,0,COMPLETED,True,0.1707232786429813,0.7625760008522775,15.737271000034525,16.670570279529784
2574,9998.742785969724,9998.742841773,9998.742841773,9998.743353405,9998.757181855,1,COMPLETED,True,0.05580327706411481,0.5116319989610929,13.82845000080124,14.395885276826448
2575,9998.74701551869,9998.747114351,9998.747114351,9998.747583339,9998.764702564,2,COMPLETED,True,0.09883230995910708,0.4689880006480962,17.119224999987637,17.68704531059484
2576,9998.750410531264,9998.750566787,9998.750566787,9998.751213206,9998.768948933,3,COMPLETED,True,0.15625573541910853,0.6464190009864978,17.735727000399493,18.5384017368051
2577,9998.765611351986,9998.765701257,9998.765701257,9998.766246867,9998.780543966,0,COMPLETED,True,0.08990501373773441,0.5456100006995257,14.297099000032176,14.932614014469436
2578,9998.767439848556,9998.767535308,9998.767535308,9998.767890923,9998.781162688,1,COMPLETED,True,0.09545944340061396,0.35561500044423155,13.271764999444713,13.722839443289558
2579,9998.771166721313,9998.771254641,9998.771254641,9998.771581608,9998.787158805,2,COMPLETED,True,0.0879196868481813,0.3269669996370794,15.577197000311571,15.992083686796832
2580,9998.780777263491,9998.78112429,9998.78112429,9998.781534044,9998.79722038,3,COMPLETED,True,0.34702650918916333,0.4097539986105403,15.686336000726442,16.443116508526145
2581,9998.793339286793,9998.79344244,9998.79344244,9998.79394411,9998.808037523,0,COMPLETED,True,0.10315320650988724,0.501670001540333,14.093412999500288,14.698236207550508
2582,9998.793420614764,9998.793515836,9998.793515836,9998.794029539,9998.810696355,1,COMPLETED,True,0.09522123582428321,0.513703000251553,16.666815999997198,17.275740236073034
2583,9998.798761502232,9998.79888984,9998.79888984,9998.799498048,9998.820314985,2,COMPLETED,True,0.1283377678191755,0.608207999903243,20.81693699983589,21.553482767558307
2584,9998.806550781073,9998.806652833,9998.806652833,9998.80719496,9998.824697034,3,COMPLETED,True,0.10205192666035146,0.5421269997896161,17.502074000731227,18.146252927181195
2585,9998.81047897887,9998.810586125,9998.810586125,9998.811140949,9998.825179598,0,COMPLETED,True,0.10714613017626107,0.5548239987547277,14.0386490002129,14.700619129143888
2586,9998.818995257752,9998.819053428,9998.819053428,9998.819584029,9998.835045071,1,COMPLETED,True,0.058170247939415276,0.5306010007188888,15.461041999515146,16.04981324817345
2587,9998.822853830774,9998.822944716,9998.822944716,9998.823306386,9998.840147689,2,COMPLETED,True,0.09088522529054899,0.3616700014390517,16.84130299872777,17.29385822545737
2588,9998.829640747137,9998.829734814,9998.829734814,9998.830107193,9998.846930409,3,COMPLETED,True,0.09406686331203673,0.37237899960018694,16.8232159994659,17.289661862378125
2589,9998.834248877092,9998.834349384,9998.834349384,9998.834712704,9998.847941572,0,COMPLETED,True,0.10050690798379947,0.36331999945105053,13.228867999714566,13.692694907149416
2590,9998.842685112984,9998.842884126,9998.842884126,9998.84356674,9998.859605455,1,COMPLETED,True,0.19901301493518986,0.6826140015618876,16.038714999012882,16.92034201550996
2591,9998.859704398012,9998.859796726,9998.859796726,9998.860351524,9998.878035956,2,COMPLETED,True,0.09232798765879124,0.5547979999391828,17.684432001260575,18.33155798885855
2592,9998.861115406327,9998.861277818,9998.861277818,9998.861783742,9998.88245197,3,COMPLETED,True,0.16241167213593144,0.505924001117819,20.668227998612565,21.336563671866315
2593,9998.873983600599,9998.874131709,9998.874131709,9998.874829016,9998.889319113,0,COMPLETED,True,0.14810840184509289,0.6973069994273828,14.490096998997615,15.33551240027009
2594,9998.881880697198,9998.88197628,9998.88197628,9998.882522372,9998.89533484,1,COMPLETED,True,0.09558280180499423,0.5460920001496561,12.812467999538057,13.454142801492708
2595,9998.890321354036,9998.890391466,9998.890391466,9998.890856035,9998.909434375,2,COMPLETED,True,0.07011196430539712,0.4645689987228252,18.578340001113247,19.11302096414147
2596,9998.891136448734,9998.891287547,9998.891287547,9998.891712404,9998.910595468,3,COMPLETED,True,0.1510982656327542,0.4248570003255736,18.88306399996509,19.459019265923416
2597,9998.894415182007,9998.89454106,9998.89454106,9998.895308844,9998.910662749,0,COMPLETED,True,0.12587799392349552,0.7677839985262835,15.35390500066569,16.24756699311547
2598,9998.900705294409,9998.900847012,9998.900847012,9998.901581247,9998.915247851,1,COMPLETED,True,0.14171759175951593,0.7342349999817088,13.666603999809013,14.542556591550237
2599,9998.901073185565,9998.901419976,9998.901419976,9998.909590722,9998.925810984,2,COMPLETED,True,0.34679043528740294,8.170745999450446,16.22026199947868,24.73779843421653
2600,9998.916213224335,9998.916345761,9998.916345761,9998.916982772,9998.933385749,3,COMPLETED,True,0.13253666475065984,0.6370110004354501,16.402977000325336,17.172524665511446
2601,9998.920788414076,9998.920959031,9998.920959031,9998.92160088,9998.941170563,0,COMPLETED,True,0.1706169241515454,0.6418489992938703,19.56968299964501,20.382148923090426
2602,9998.925584790486,9998.925700106,9998.925700106,9998.926405966,9998.939682621,1,COMPLETED,True,0.1153155135398265,0.7058600003801985,13.276654999572202,14.097830513492227
2603,9998.936406804956,9998.936494996,9998.936494996,9998.937152352,9998.951080473,2,COMPLETED,True,0.08819104368740227,0.6573560003744205,13.928120999480598,14.67366804354242
2604,9998.956656351156,9998.956750944,9998.956750944,9998.957386886,9998.973891037,3,COMPLETED,True,0.09459284410695545,0.6359420003718697,16.504150999026024,17.23468584350485
2605,9998.958102899303,9998.958234229,9998.958234229,9998.958846648,9998.978039192,1,COMPLETED,True,0.13132969615980983,0.6124190003902186,19.192543999452027,19.936292696002056
2606,9998.962337437304,9998.962432946,9998.962432946,9998.963158996,9998.9774637,0,COMPLETED,True,0.09550869617669377,0.726050000594114,14.304703998277546,15.126262695048354
2607,9998.964413751948,9998.964506115,9998.964506115,9998.964999272,9998.985675078,2,COMPLETED,True,0.0923630523175234,0.49315700016450137,20.675805999417207,21.261326051899232
2608,9998.971946443731,9998.972098398,9998.972098398,9998.974081405,9998.99109114,3,COMPLETED,True,0.15195426931313705,1.9830069995805388,17.0097350001015,19.144696268995176
2609,9998.97443016279,9998.974516816,9998.974516816,9998.977848485,9998.991545923,0,COMPLETED,True,0.08665321001899429,3.331668998725945,13.697438000235707,17.115760208980646
2610,9998.999770199733,9998.999914634,9998.999914634,9999.000571806,9999.018316737,1,COMPLETED,True,0.1444342669856269,0.6571720005013049,17.744930999469943,18.546537266956875
2611,9999.004903407082,9999.004984172,9999.004984172,9999.005654863,9999.022107327,2,COMPLETED,True,0.08076491758401971,0.6706910007778788,16.452464000394684,17.203919918756583
2612,9999.011293907692,9999.011378179,9999.011378179,9999.011894173,9999.029835482,3,COMPLETED,True,0.08427130887866952,0.515993999215425,17.941309000889305,18.5415743089834
2613,9999.022702510343,9999.022804073,9999.022804073,9999.023299763,9999.037260267,0,COMPLETED,True,0.1015626567095751,0.4956899992976105,13.960504000351648,14.557756656358833
2614,9999.024805200548,9999.024968291,9999.024968291,9999.025606911,9999.043334167,1,COMPLETED,True,0.16309045167872682,0.6386200002452824,17.72725599948899,18.528966451412998
2615,9999.025168273172,9999.025310269,9999.025310269,9999.025553698,9999.041879408,2,COMPLETED,True,0.1419958280166611,0.2434289999655448,16.325709999364335,16.71113482734654
2616,9999.034634004101,9999.034778985,9999.034778985,9999.035354946,9999.052726446,3,COMPLETED,True,0.14498089876724407,0.5759609994129278,17.37150000008114,18.092441898261313
2617,9999.050498845621,9999.050636045,9999.050636045,9999.051117962,9999.064914022,0,COMPLETED,True,0.13719937851419672,0.4819170007976936,13.796059998639976,14.415176377951866
2618,9999.050526297868,9999.050704458,9999.050704458,9999.051194224,9999.065250852,2,COMPLETED,True,0.17816013314586598,0.4897659982816549,14.05662800061691,14.724554132044432
2619,9999.051286104375,9999.051379841,9999.051379841,9999.051774091,9999.065683779,1,COMPLETED,True,0.09373662396683358,0.3942500006814953,13.909687999330345,14.397674623978673
2620,9999.06628588694,9999.066422988,9999.066422988,9999.066879855,9999.080983582,3,COMPLETED,True,0.13710106031794567,0.45686699922953267,14.103727000474464,14.697695060021942
2621,9999.085100442806,9999.085240853,9999.085240853,9999.085735515,9999.09982959,0,COMPLETED,True,0.14041019494470675,0.49466199925518595,14.094075000684825,14.729147194884717
2622,9999.094426365571,9999.09457701,9999.09457701,9999.095095638,9999.109586473,2,COMPLETED,True,0.1506444295955589,0.5186279995541554,14.490834999378421,15.160107428528136
2623,9999.096578214541,9999.096722641,9999.096722641,9999.097186214,9999.111043378,1,COMPLETED,True,0.14442645806411747,0.46357300016097724,13.857164000000921,14.465163458226016
2624,9999.112229660617,9999.112328398,9999.112328398,9999.112990954,9999.130348861,3,COMPLETED,True,0.09873738235910423,0.6625559999520192,17.357906999677652,18.119200381988776
2625,9999.117739872045,9999.117834931,9999.117834931,9999.118287624,9999.132597477,0,COMPLETED,True,0.09505895468464587,0.45269300062500406,14.309853000668227,14.857604955977877
2626,9999.131840826622,9999.131954069,9999.131954069,9999.132583997,9999.146133349,2,COMPLETED,True,0.11324237857479602,0.6299279993982054,13.549352001064108,14.29252237903711
2627,9999.15002488887,9999.1501314,9999.1501314,9999.150786318,9999.170513472,1,COMPLETED,True,0.10651113007043023,0.654917999781901,19.72715400006564,20.48858312991797
2628,9999.151870765414,9999.152044842,9999.152044842,9999.152673294,9999.171194839,3,COMPLETED,True,0.1740765856084181,0.6284520004555816,18.521545000112383,19.324073586176382
2629,9999.167368497661,9999.167498891,9999.167498891,9999.168323024,9999.181637992,0,COMPLETED,True,0.13039333862252533,0.8241329996963032,13.31496800048626,14.269494338805089
2630,9999.174354225559,9999.17450002,9999.17450002,9999.175221071,9999.191023331,2,COMPLETED,True,0.14579444177797996,0.7210509993456071,15.802260000782553,16.66910544190614
2631,9999.185205258333,9999.185393297,9999.185393297,9999.186243783,9999.200718614,1,COMPLETED,True,0.18803866805683356,0.8504859997628955,14.474830999461119,15.513355667280848
2632,9999.188438009216,9999.188562603,9999.188562603,9999.189275374,9999.203772175,3,COMPLETED,True,0.12459378376661334,0.7127709995984333,14.496801000859705,15.334165784224751
2633,9999.20089454851,9999.201014111,9999.201014111,9999.201958791,9999.216516994,0,COMPLETED,True,0.11956248999922536,0.9446799995203037,14.558202999978676,15.622445489498205
2634,9999.201933907927,9999.202030828,9999.202030828,9999.202483706,9999.221641539,2,COMPLETED,True,0.09692007370176725,0.4528779991233023,19.157832999553648,19.707631072378717
2635,9999.201975470989,9999.202078757,9999.202078757,9999.202603931,9999.216423129,1,COMPLETED,True,0.10328601092624012,0.5251740003586747,13.81919800041942,14.447658011704334
2636,9999.204366951793,9999.204461298,9999.204461298,9999.204967932,9999.223636353,3,COMPLETED,True,0.09434620733372867,0.5066339999757474,18.668420998437796,19.269401205747272
2637,9999.20477740051,9999.204862668,9999.204862668,9999.216603918,9999.230508317,1,COMPLETED,True,0.08526749115844723,11.741249998522107,13.90439900023921,25.730916489919764
2638,9999.206855566257,9999.206959335,9999.206959335,9999.216912672,9999.230511031,0,COMPLETED,True,0.10376874342910014,9.95333699938783,13.59835900075268,23.65546474356961
2639,9999.224272614534,9999.224314581,9999.224314581,9999.22492234,9999.239052573,2,COMPLETED,True,0.04196646659693215,0.6077589987398824,14.130233001196757,14.779958466533571
2640,9999.244313757878,9999.244430298,9999.244430298,9999.245149774,9999.259292849,3,COMPLETED,True,0.1165401226899121,0.7194760000857059,14.143074999083183,14.9790911218588
2641,9999.252920041312,9999.253005112,9999.253005112,9999.253536122,9999.266917993,0,COMPLETED,True,0.08507068741891999,0.5310100004862761,13.38187100009236,13.997951687997556
2642,9999.261609996654,9999.261698149,9999.261698149,9999.262216474,9999.27595835,1,COMPLETED,True,0.08815234468784183,0.5183250013942597,13.741875998675823,14.348353344757925
2643,9999.274449696846,9999.274542381,9999.274542381,9999.275103051,9999.289741013,2,COMPLETED,True,0.09268415305996314,0.5606700015050592,14.63796200005163,15.291316154616652
2644,9999.28603165548,9999.286133013,9999.286133013,9999.28661318,9999.301330127,3,COMPLETED,True,0.10135752017959021,0.48016700020525604,14.716947000124492,15.298471520509338
2645,9999.318005162919,9999.318165125,9999.318165125,9999.31865466,9999.33241347,0,COMPLETED,True,0.15996208094293252,0.4895350011793198,13.758809998762445,14.408307080884697
2646,9999.329610605404,9999.329702854,9999.329702854,9999.330139809,9999.344065689,1,COMPLETED,True,0.09224859604728408,0.4369550006231293,13.925879999078461,14.455083595748874
2647,9999.329652946702,9999.329771859,9999.329771859,9999.330243487,9999.344157191,2,COMPLETED,True,0.11891229769389611,0.4716280000138795,13.913704000515281,14.504244298223057
2648,9999.342107497549,9999.342287503,9999.342287503,9999.343115071,9999.35875069,3,COMPLETED,True,0.18000545060203876,0.827568001113832,15.635619000022416,16.643192451738287
2649,9999.349665006888,9999.349825739,9999.349825739,9999.350419156,9999.364394426,0,COMPLETED,True,0.16073211190814618,0.5934170003456529,13.975269999718876,14.729419111972675
2650,9999.358806754915,9999.358943031,9999.358943031,9999.35965763,9999.374367809,2,COMPLETED,True,0.1362760849588085,0.7145990002754843,14.710178998939227,15.56105408417352
2651,9999.368363792068,9999.368511416,9999.368511416,9999.369187401,9999.383201121,1,COMPLETED,True,0.14762393220735248,0.6759850002708845,14.013719999638852,14.837328932117089
2652,9999.371268407698,9999.371431176,9999.371431176,9999.372153467,9999.390375798,3,COMPLETED,True,0.16276830137940124,0.7222910007840255,18.22233100028825,19.107390302451677
2653,9999.372533310305,9999.3726703,9999.3726703,9999.373113089,9999.387074518,0,COMPLETED,True,0.13698969451070298,0.44278899986238685,13.961429000119097,14.541207694492186
2654,9999.374296072327,9999.374433458,9999.374433458,9999.37512005,9999.395505662,2,COMPLETED,True,0.13738567395193968,0.6865919986012159,20.3856120006094,21.209589673162554
2655,9999.37978812248,9999.379883908,9999.379883908,9999.383726166,9999.397570295,1,COMPLETED,True,0.0957855190790724,3.8422580000769813,13.844129000062821,17.782172519218875
2656,9999.388036034705,9999.388190312,9999.388190312,9999.388707218,9999.402365955,0,COMPLETED,True,0.15427729522343725,0.516906000484596,13.658736999786925,14.329920295494958
2657,9999.3895241642,9999.389672073,9999.389672073,9999.39052505,9999.409275275,3,COMPLETED,True,0.147908800499863,0.8529769984306768,18.750225000985665,19.751110799916205
2658,9999.391387997692,9999.391538236,9999.391538236,9999.395716975,9999.413316395,2,COMPLETED,True,0.15023830746940803,4.178739000053611,17.59941999989678,21.9283973074198
2659,9999.400629029264,9999.400720837,9999.400720837,9999.401107436,9999.41419417,1,COMPLETED,True,0.09180773668049369,0.38659900019411,13.086733999443823,13.565140736318426
2660,9999.419489678112,9999.419579894,9999.419579894,9999.420056573,9999.432728799,0,COMPLETED,True,0.09021588812174741,0.4766790007124655,12.672225999267539,13.239120888101752
2661,9999.444692990628,9999.444778384,9999.444778384,9999.445475791,9999.466116272,3,COMPLETED,True,0.08539337250113022,0.6974070001888322,20.64048099964566,21.423281372335623
2662,9999.444752159134,9999.444835059,9999.444835059,9999.445623937,9999.465592025,2,COMPLETED,True,0.08289986544696148,0.7888780000939732,19.968088001405704,20.83986586694664
2663,9999.449642514026,9999.449832211,9999.449832211,9999.45026474,9999.464739988,1,COMPLETED,True,0.18969697339343838,0.43252900104562286,14.475247999143903,15.097473973582964
2664,9999.456149312027,9999.456215937,9999.456215937,9999.45668012,9999.473386986,0,COMPLETED,True,0.06662497253273614,0.46418300007644575,16.706865999367437,17.23767397197662
2665,9999.466029982921,9999.46615248,9999.46615248,9999.466748842,9999.48732461,1,COMPLETED,True,0.12249707833689172,0.5963620005786652,20.5757679996168,21.294627078532358
2666,9999.466068774324,9999.466232224,9999.466232224,9999.466862606,9999.484183893,2,COMPLETED,True,0.16344967662007548,0.630381999144447,17.32128700132307,18.115118677087594
2667,9999.474338490165,9999.474427087,9999.474427087,9999.474904996,9999.491154703,3,COMPLETED,True,0.0885968347574817,0.4779089995281538,16.249707001406932,16.816212835692568
2668,9999.484105984833,9999.484210936,9999.484210936,9999.484692912,9999.497887631,0,COMPLETED,True,0.1049511665769387,0.4819759997189976,13.194719000239274,13.78164616653521
2669,9999.500029817085,9999.500130445,9999.500130445,9999.500601977,9999.51439661,2,COMPLETED,True,0.10062791443488095,0.47153200102911796,13.794632999633905,14.366792915097903
2670,9999.509596909222,9999.509707556,9999.509707556,9999.510145691,9999.524436137,1,COMPLETED,True,0.11064677892136388,0.43813499905809294,14.290446000813972,14.839227778793429
2671,9999.522479898276,9999.52276041,9999.52276041,9999.523522953,9999.540240231,3,COMPLETED,True,0.2805117237585364,0.7625430007465184,16.71727799839573,17.760332722900785
2672,9999.52366068872,9999.523807539,9999.523807539,9999.524300736,9999.53754182,0,COMPLETED,True,0.14685028145322576,0.49319699974148534,13.24108399967372,13.88113128086843
2673,9999.528594909021,9999.528755126,9999.528755126,9999.529639817,9999.548498003,2,COMPLETED,True,0.1602169795660302,0.884690998645965,18.858186000215937,19.903093978427933
2674,9999.534671505697,9999.534867798,9999.534867798,9999.535452082,9999.550133383,1,COMPLETED,True,0.19629230337159242,0.5842840000696015,14.681300999654923,15.461877303096117
2675,9999.539734224667,9999.539922297,9999.539922297,9999.540693737,9999.559032238,0,COMPLETED,True,0.18807233391271438,0.7714399998803856,18.338500998652307,19.298013332445407
2676,9999.557972560115,9999.558068662,9999.558068662,9999.558887102,9999.572393037,3,COMPLETED,True,0.09610188499209471,0.8184400012396509,13.505934999557212,14.420476885788958
2677,9999.571389361628,9999.571514442,9999.571514442,9999.572392183,9999.587664218,2,COMPLETED,True,0.12508037070801947,0.8777410002949182,15.272034999725292,16.27485637072823
2678,9999.574153351736,9999.574256683,9999.574256683,9999.574890398,9999.589959739,1,COMPLETED,True,0.10333126374462154,0.633715000731172,15.069340999616543,15.806387264092336
2679,9999.585964467236,9999.586099323,9999.586099323,9999.586907191,9999.600883293,0,COMPLETED,True,0.13485576346283779,0.8078680002654437,13.97610200001509,14.91882576374337
2680,9999.58614714697,9999.586205926,9999.586205926,9999.587022247,9999.605529161,3,COMPLETED,True,0.05877902913198341,0.81632100045681,18.50691399886273,19.382014028451522
2681,9999.5880164951,9999.588173858,9999.588173858,9999.588749284,9999.607183091,2,COMPLETED,True,0.1573628996993648,0.5754260000685463,18.433807001201785,19.166595900969696
2682,9999.594849350528,9999.595012489,9999.595012489,9999.595813584,9999.610958288,1,COMPLETED,True,0.16313847299898043,0.8010949986783089,15.144704000704223,16.108937472381513
2683,9999.595110130698,9999.595135537,9999.595135537,9999.601099216,9999.61526414,0,COMPLETED,True,0.025406301574548706,5.963679001069977,14.164923999487655,20.15400930213218
2684,9999.602125518302,9999.602232836,9999.602232836,9999.605853589,9999.624210034,3,COMPLETED,True,0.10731769725680351,3.620753001086996,18.356444999881205,22.084515698225005
2685,9999.605645074033,9999.605823976,9999.605823976,9999.607509606,9999.625878052,2,COMPLETED,True,0.17890196795633528,1.6856299989740364,18.368446000749827,20.2329779676802
2686,9999.610834327697,9999.610997497,9999.610997497,9999.611739692,9999.626634106,1,COMPLETED,True,0.16316930305038113,0.7421949994750321,14.894414000082179,15.799778302607592
2687,9999.616737542685,9999.616899908,9999.616899908,9999.617431033,9999.632241758,0,COMPLETED,True,0.16236531519098207,0.5311250006343471,14.810724998824298,15.504215314649628
2688,9999.623012960219,9999.623136458,9999.623136458,9999.624497994,9999.643218793,3,COMPLETED,True,0.12349778080533724,1.361536000331398,18.720799000220723,20.205832781357458
2689,9999.625060920893,9999.625302822,9999.625302822,9999.626177301,9999.644593136,2,COMPLETED,True,0.24190110707422718,0.8744789993215818,18.415835000269,19.532215106664808
2690,9999.628464411104,9999.628593836,9999.628593836,9999.629163723,9999.643895646,1,COMPLETED,True,0.1294248959311517,0.569887000892777,14.73192299999937,15.431234896823298
2691,9999.63651658845,9999.636666082,9999.636666082,9999.63718942,9999.650709635,0,COMPLETED,True,0.14949354954296723,0.5233379997662269,13.520214999516611,14.193046548825805
2692,9999.642274328951,9999.64243579,9999.64243579,9999.643521062,9999.657566833,3,COMPLETED,True,0.16146104826475494,1.0852720006369054,14.045771000382956,15.292504049284616
2693,9999.647747271081,9999.64785225,9999.64785225,9999.648565702,9999.66322408,1,COMPLETED,True,0.1049789188982686,0.7134520001272904,14.658378000603989,15.476808919629548
2694,9999.669698012058,9999.669859591,9999.669859591,9999.670553095,9999.684729859,2,COMPLETED,True,0.16157894242496695,0.693504000082612,14.17676399978518,15.03184694229276
2695,9999.677454743525,9999.677615363,9999.677615363,9999.678328732,9999.69159746,0,COMPLETED,True,0.1606194746273104,0.7133689996408066,13.268728000184637,14.142716474452754
2696,9999.687788230241,9999.687968846,9999.687968846,9999.688952485,9999.703169266,3,COMPLETED,True,0.18061575792671647,0.9836389999691164,14.21678100086865,15.381035758764483
2697,9999.694381108337,9999.694639061,9999.694639061,9999.69540856,9999.709634977,1,COMPLETED,True,0.25795266265049577,0.7694989999436075,14.226417000827496,15.2538686634216
2698,9999.700314099562,9999.700491225,9999.700491225,9999.701354351,9999.722258969,2,COMPLETED,True,0.177125437403447,0.863126000695047,20.904618000713526,21.94486943881202
2699,9999.701363562102,9999.701502696,9999.701502696,9999.701970891,9999.72184707,0,COMPLETED,True,0.13913389739173,0.46819499948469456,19.876179001585115,20.48350789846154
2700,9999.702111314642,9999.702325267,9999.702325267,9999.703329474,9999.721751719,3,COMPLETED,True,0.21395235853560735,1.0042069989140145,18.422245000692783,19.640404358142405
2701,9999.708589608346,9999.708773145,9999.708773145,9999.709819601,9999.723796427,1,COMPLETED,True,0.18353665291215293,1.0464560000400525,13.976826001453446,15.206818654405652
2702,9999.71532064057,9999.715425467,9999.715425467,9999.722066099,9999.736059995,3,COMPLETED,True,0.10482643119757995,6.640632000198821,13.993896000101813,20.739354431498214
2703,9999.72106489691,9999.72128187,9999.72128187,9999.722338072,9999.737333409,0,COMPLETED,True,0.21697309057344683,1.0562019997450989,14.99533700007305,16.268512090391596
2704,9999.738896911398,9999.73899534,9999.73899534,9999.739696339,9999.753789206,2,COMPLETED,True,0.09842860163189471,0.7009990004007705,14.092867000726983,14.892294602759648
2705,9999.749906004547,9999.749998487,9999.749998487,9999.750490068,9999.76411823,1,COMPLETED,True,0.09248245260096155,0.4915810004604282,13.628161999804433,14.212225452865823
2706,9999.78191521225,9999.782048407,9999.782048407,9999.78249888,9999.799330965,3,COMPLETED,True,0.13319474965101108,0.4504730004555313,16.83208499889588,17.415752749002422
2707,9999.78337455666,9999.783465699,9999.783465699,9999.783803131,9999.797629048,0,COMPLETED,True,0.0911423394427402,0.33743200037861243,13.825916999849142,14.254491339670494
2708,9999.786021513539,9999.786186682,9999.786186682,9999.786847885,9999.805813025,2,COMPLETED,True,0.1651684615353588,0.6612029992538737,18.96513999963645,19.79151146042568
2709,9999.803195781036,9999.803336277,9999.803336277,9999.803804861,9999.817223963,1,COMPLETED,True,0.14049596393306274,0.46858399946358986,13.419102000625571,14.028181964022224
2710,9999.806370981907,9999.806464522,9999.806464522,9999.806843765,9999.820789746,0,COMPLETED,True,0.09354009307571687,0.3792429997702129,13.94598099977884,14.41876409262477
2711,9999.814913767364,9999.815187489,9999.815187489,9999.815791229,9999.82967725,3,COMPLETED,True,0.2737216364039341,0.6037399998604087,13.886020999052562,14.763482635316905
2712,9999.834121310716,9999.834217771,9999.834217771,9999.834675178,9999.850833937,2,COMPLETED,True,0.09646028411225416,0.4574070007947739,16.158758999154088,16.712626284061116
2713,9999.838937345423,9999.839044818,9999.839044818,9999.839474564,9999.85416759,1,COMPLETED,True,0.10747257692855783,0.4297460000088904,14.693025999804377,15.230244576741825
2714,9999.84005847148,9999.840161394,9999.840161394,9999.840444987,9999.853948602,0,COMPLETED,True,0.10292252045474015,0.2835929990396835,13.50361500044528,13.890130519939703
2715,9999.843078781067,9999.84323452,9999.84323452,9999.843625809,9999.862272668,3,COMPLETED,True,0.1557389332447201,0.39128900061768945,18.646859000000404,19.193886933862814
2716,9999.843550810283,9999.843688627,9999.843688627,9999.851289323,9999.868926509,2,COMPLETED,True,0.13781671623291913,7.600696000736207,17.637185999774374,25.3756987167435
2717,9999.849542742786,9999.849677186,9999.849677186,9999.854351721,9999.867680551,0,COMPLETED,True,0.13444321302813478,4.674535000958713,13.328830000318703,18.13780821430555
2718,9999.85124799791,9999.851346413,9999.851346413,9999.85462975,9999.869327572,1,COMPLETED,True,0.09841508835961577,3.283337000539177,14.697822000016458,18.07957408891525
2719,9999.86540608056,9999.865645495,9999.865645495,9999.866153037,9999.880558528,3,COMPLETED,True,0.23941443942021579,0.5075419994682306,14.405491001525661,15.152447440414107
2720,9999.876339541894,9999.876428901,9999.876428901,9999.876954195,9999.890240479,0,COMPLETED,True,0.08935910591389984,0.525294000908616,13.286284000059823,13.900937106882338
2721,9999.887869790235,9999.887963195,9999.887963195,9999.888522704,9999.904998016,2,COMPLETED,True,0.09340476572106127,0.5595089987764368,16.47531200069352,17.12822576519102
2722,9999.888271625683,9999.888378451,9999.888378451,9999.888959884,9999.902231733,1,COMPLETED,True,0.10682531683414709,0.5814329997519962,13.271849000375369,13.960107316961512
2723,9999.899446307707,9999.899579601,9999.899579601,9999.900404459,9999.921065063,3,COMPLETED,True,0.13329329340194818,0.8248579997598426,20.660603999203886,21.618755292365677
2724,9999.899802784757,9999.899893574,9999.899893574,9999.90038431,9999.914598125,0,COMPLETED,True,0.09078924267669208,0.4907359998469474,14.213815000402974,14.795340242926613
2725,9999.903101264279,9999.903223597,9999.903223597,9999.903628346,9999.917986426,1,COMPLETED,True,0.12233272173034493,0.40474899833498057,14.358080001329654,14.88516172139498
2726,9999.907172526808,9999.90731883,9999.90731883,9999.907782843,9999.924729852,2,COMPLETED,True,0.1463031931052683,0.46401299914577976,16.947009000432445,17.557325192683493
2727,9999.926851980148,9999.926950826,9999.926950826,9999.927442964,9999.940744228,0,COMPLETED,True,0.09884585233521648,0.4921380004816456,13.301263999892399,13.89224785270926
2728,9999.935215164936,9999.93545742,9999.93545742,9999.935906677,9999.949846978,1,COMPLETED,True,0.24225506422226317,0.4492569987633033,13.940300999820465,14.631813062806032
2729,9999.935989752388,9999.936079731,9999.936079731,9999.936409826,9999.955230119,3,COMPLETED,True,0.08997861186799128,0.3300949992990354,18.82029300031718,19.240366611484205
2730,9999.937727035971,9999.93786139,9999.93786139,9999.938529445,9999.958040944,2,COMPLETED,True,0.13435402979666833,0.6680549995508045,19.511499000145704,20.313908029493177
2731,9999.943072511298,9999.94320216,9999.94320216,9999.943623206,9999.958107082,0,COMPLETED,True,0.12964870256837457,0.4210459992464166,14.483876000667806,15.034570702482597
2732,9999.94607268862,9999.946179373,9999.946179373,9999.950222614,9999.963930473,1,COMPLETED,True,0.10668438153516036,4.043240998726105,13.707859001442557,17.857784381703823
2733,9999.949907140222,9999.950038915,9999.950038915,9999.955551364,9999.973714512,3,COMPLETED,True,0.13177477740100585,5.512449000889319,18.16314799907559,23.807371777365915
2734,9999.95368435396,9999.953828639,9999.953828639,9999.958537151,9999.976664355,2,COMPLETED,True,0.1442850389139494,4.708512000433984,18.127203999029007,22.98000103837694
2735,9999.97554238851,9999.97562873,9999.97562873,9999.97612569,9999.989933713,0,COMPLETED,True,0.08634148980490863,0.49695999950927217,13.808022999000968,14.39132448831515
2736,9999.976644840412,9999.976739217,9999.976739217,9999.977076102,9999.990855011,1,COMPLETED,True,0.0943765880947467,0.33688500116113573,13.77890899857448,14.210170587830362
2737,9999.979400748796,9999.979488242,9999.979488242,9999.979805378,9999.997510394,3,COMPLETED,True,0.08749320295464713,0.3171360003761947,17.705016000036267,18.10964520336711
2738,9999.982738657394,9999.982862275,9999.982862275,9999.983293111,10000.002074287,2,COMPLETED,True,0.12361760491330642,0.4308360003051348,18.781176000629785,19.335629605848226
2739,9999.983685619074,9999.983863334,9999.983863334,9999.990112764,10000.004270566,0,COMPLETED,True,0.17771492639440112,6.249430000025313,14.157801999317599,20.584946925737313
2740,9999.985402120496,9999.985617316,9999.985617316,9999.99119323,10000.005082972,1,COMPLETED,True,0.21519550500670448,5.575913999564364,13.88974200017401,19.68085150474508
2741,9999.992183125696,9999.992227774,9999.992227774,9999.99783179,10000.015933156,3,COMPLETED,True,0.044648304537986405,5.604015999779222,18.101366000337293,23.7500303046545
2742,10000.003470538897,10000.003600139,10000.003600139,10000.004069722,10000.021332943,2,COMPLETED,True,0.12960010280949064,0.46958299935795367,17.263221001485363,17.862404103652807
2743,10000.00787750754,10000.008059202,10000.008059202,10000.008493425,10000.022325278,0,COMPLETED,True,0.18169446047977544,0.43422300041129347,13.831852998919203,14.447770459810272
2744,10000.011542541626,10000.01167556,10000.01167556,10000.012052646,10000.025459915,1,COMPLETED,True,0.13301837316248566,0.37708600029873196,13.407268999799271,13.917373373260489
2745,10000.054042620417,10000.054130732,10000.054130732,10000.054595156,10000.072499806,3,COMPLETED,True,0.08811158295429777,0.46442399980151094,17.904649999763933,18.45718558251974
2746,10000.055890342199,10000.056025458,10000.056025458,10000.056571448,10000.076522785,2,COMPLETED,True,0.1351158007310005,0.5459900003188523,19.951337000748026,20.63244280179788
2747,10000.057706971687,10000.05779393,10000.05779393,10000.058097016,10000.075631704,0,COMPLETED,True,0.08695831274962984,0.3030860007129377,17.534687998704612,17.92473231216718
2748,10000.069990772294,10000.070211681,10000.070211681,10000.070795327,10000.084526337,1,COMPLETED,True,0.22090870697866194,0.5836459986312548,13.73100999990129,14.535564705511206
2749,10000.082629615961,10000.082728775,10000.082728775,10000.083454916,10000.099945939,3,COMPLETED,True,0.09915903865476139,0.7261410009959945,16.49102299961669,17.316323039267445
2750,10000.083122445423,10000.083207987,10000.083207987,10000.083731122,10000.097325022,0,COMPLETED,True,0.08554157648177352,0.5231350005487911,13.593899999250425,14.20257657628099
2751,10000.088552024126,10000.088728047,10000.088728047,10000.089563193,10000.107071875,2,COMPLETED,True,0.1760228733473923,0.8351460000994848,17.508681999970577,18.519850873417454
2752,10000.09121907003,10000.091377433,10000.091377433,10000.092282669,10000.111278639,1,COMPLETED,True,0.15836297097848728,0.9052360001078341,18.995970000105444,20.059568971191766
2753,10000.103228737551,10000.10332458,10000.10332458,10000.104100182,10000.118385286,0,COMPLETED,True,0.09584244980942458,0.775601998611819,14.285104000009596,15.15654844843084
2754,10000.103619765434,10000.103794518,10000.103794518,10000.104238528,10000.119608585,3,COMPLETED,True,0.17475256572652142,0.4440100001374958,15.370057000836823,15.98881956670084
2755,10000.115781375249,10000.115928904,10000.115928904,10000.116572479,10000.132835302,2,COMPLETED,True,0.14752875176782254,0.6435750001401175,16.262822999124182,17.053926751032122
2756,10000.121829440306,10000.121950398,10000.121950398,10000.122404163,10000.135888046,1,COMPLETED,True,0.12095769307052251,0.45376500020211097,13.483882999935304,14.058605693207937
2757,10000.126340482073,10000.126429068,10000.126429068,10000.127043246,10000.144270893,0,COMPLETED,True,0.08858592627802864,0.6141780013422249,17.227647000254365,17.930410927874618
2758,10000.12667597967,10000.126757806,10000.126757806,10000.127027237,10000.146836354,3,COMPLETED,True,0.08182632882380858,0.2694310005608713,19.809117000477272,20.160374329861952
2759,10000.130881527453,10000.13101195,10000.13101195,10000.132993742,10000.152826188,2,COMPLETED,True,0.13042254613537807,1.9817920001514722,19.832445999782067,21.944660546068917
2760,10000.132989052861,10000.133133447,10000.133133447,10000.136153347,10000.150325315,1,COMPLETED,True,0.14439413826039527,3.019900001163478,14.171967999573098,17.33626213899697
2761,10000.134960480016,10000.135092325,10000.135092325,10000.14469343,10000.158093866,0,COMPLETED,True,0.1318449831160251,9.601105000911048,13.40043600066565,23.133385984692723
2762,10000.137838362163,10000.137958958,10000.137958958,10000.147128265,10000.166579075,3,COMPLETED,True,0.12059583605150692,9.169307000775007,19.45080999939819,28.740712836224702
2763,10000.139580329864,10000.1396751,10000.1396751,10000.150650682,10000.164565016,1,COMPLETED,True,0.09477013554715086,10.975582001265138,13.914334000219242,24.98468613703153
2764,10000.14833797151,10000.148440269,10000.148440269,10000.153138646,10000.171115878,2,COMPLETED,True,0.10229749022983015,4.698376998931053,17.977232000703225,22.777906489864108
2765,10000.167516148544,10000.167651874,10000.167651874,10000.168147535,10000.181726584,0,COMPLETED,True,0.13572545685747173,0.49566099914954975,13.579049000327359,14.21043545633438
2766,10000.178350267193,10000.178450893,10000.178450893,10000.178851871,10000.192940223,1,COMPLETED,True,0.10062580622616224,0.40097800047078636,14.08835199981695,14.589955806513899
2767,10000.186385180405,10000.186578412,10000.186578412,10000.187036415,10000.203855166,3,COMPLETED,True,0.19323159540363122,0.45800299994880334,16.818751000755583,17.469985596108017
2768,10000.19221126039,10000.192360195,10000.192360195,10000.192976699,10000.209575224,2,COMPLETED,True,0.14893461047904566,0.6165039994812105,16.59852500051784,17.363963610478095
2769,10000.202985540343,10000.203078643,10000.203078643,10000.203557075,10000.216737461,0,COMPLETED,True,0.09310265704698395,0.4784319989994401,13.180386000385624,13.751920656432048
2770,10000.21196214963,10000.212084272,10000.212084272,10000.212540333,10000.225703142,1,COMPLETED,True,0.12212237015774008,0.4560609995678533,13.162809000277775,13.740992370003369
2771,10000.228597586618,10000.228720126,10000.228720126,10000.229385506,10000.249672283,3,COMPLETED,True,0.12253938257344998,0.6653799991909182,20.286777000364964,21.074696382129332
2772,10000.228653115739,10000.228786746,10000.228786746,10000.229422025,10000.248141852,2,COMPLETED,True,0.13363026118895505,0.63527900056215,18.719826999586076,19.48873626133718
2773,10000.25250056528,10000.252597728,10000.252597728,10000.25335689,10000.266874652,0,COMPLETED,True,0.09716271961224265,0.7591619996674126,13.51776199953747,14.374086718817125
2774,10000.253557449618,10000.25368365,10000.25368365,10000.254142594,10000.267660117,1,COMPLETED,True,0.12620038251043297,0.4589439995470457,13.517523000700749,14.102667382758227
2775,10000.261285791401,10000.26143125,10000.26143125,10000.262247855,10000.280781327,2,COMPLETED,True,0.14545859994541388,0.8166049992723856,18.5334719990351,19.4955355982529
2776,10000.261983921726,10000.262133091,10000.262133091,10000.262693325,10000.28360536,3,COMPLETED,True,0.1491692746640183,0.5602339988399763,20.91203500094707,21.621438274451066
2777,10000.27568206515,10000.275784636,10000.275784636,10000.276664572,10000.290601314,0,COMPLETED,True,0.10257084977638442,0.8799360002740286,13.936741999714286,14.9192488497647
2778,10000.277571058481,10000.277722434,10000.277722434,10000.278504958,10000.295731136,1,COMPLETED,True,0.15137551963562146,0.7825239990779664,17.226178000782966,18.160077519496554
2779,10000.282720993268,10000.282846014,10000.282846014,10000.283434535,10000.300450621,2,COMPLETED,True,0.12502073332143482,0.5885209993721219,17.01608599978499,17.729627732478548
2780,10000.289067320706,10000.289209669,10000.289209669,10000.289679298,10000.308626816,3,COMPLETED,True,0.1423482935933862,0.46962899978097994,18.947518001368735,19.5594952947431
2781,10000.29071864658,10000.29093685,10000.29093685,10000.291579199,10000.306178092,0,COMPLETED,True,0.21820342044520658,0.6423489994631382,14.598892999856616,15.459445419764961
2782,10000.292083707558,10000.292199618,10000.292199618,10000.296314527,10000.310661917,1,COMPLETED,True,0.11591044130909722,4.114909001145861,14.34738999887486,18.578209441329818
2783,10000.292524915654,10000.292666808,10000.292666808,10000.300774678,10000.319587395,2,COMPLETED,True,0.14189234570949338,8.107870000458206,18.81271700040088,27.06247934656858
2784,10000.295307613638,10000.295434925,10000.295434925,10000.306355935,10000.320580668,0,COMPLETED,True,0.12731136121146847,10.921009999947273,14.224733000446577,25.27305436160532
2785,10000.30708739853,10000.307223237,10000.307223237,10000.308913605,10000.327794841,3,COMPLETED,True,0.13583846885012463,1.690368000708986,18.881235999288037,20.707442468847148
2786,10000.308925530731,10000.309038405,10000.309038405,10000.311037595,10000.325174779,1,COMPLETED,True,0.11287426787021104,1.9991900007880758,14.137183999991976,16.249248268650263
2787,10000.310416158954,10000.310536505,10000.310536505,10000.319894195,10000.338359496,2,COMPLETED,True,0.12034604515065439,9.357689999887953,18.465301000105683,27.94333704514429
2788,10000.315362654486,10000.315483248,10000.315483248,10000.320918094,10000.334275445,0,COMPLETED,True,0.1205935132020386,5.434845999843674,13.35735100110469,18.9127905141504
2789,10000.317193446645,10000.317314177,10000.317314177,10000.325534476,10000.338920651,1,COMPLETED,True,0.12073035577486735,8.220298999731313,13.38617500005057,21.72720435555675
2790,10000.318542409566,10000.318643231,10000.318643231,10000.32810145,10000.345616369,3,COMPLETED,True,0.10082143307954539,9.458219001317048,17.51491899995017,27.07395943434676
2791,10000.320238949236,10000.320342324,10000.320342324,10000.334630445,10000.348195241,0,COMPLETED,True,0.10337476305721793,14.28812100130017,13.564795999627677,27.956291763985064
2792,10000.341033973116,10000.341132019,10000.341132019,10000.341569152,10000.357279338,2,COMPLETED,True,0.09804588444239926,0.4371329996502027,15.710186000433168,16.24536488452577
2793,10000.350531674689,10000.350654106,10000.350654106,10000.351129433,10000.364345973,1,COMPLETED,True,0.12243131095601711,0.47532700045849197,13.216539999120869,13.814298310535378
2794,10000.352549842462,10000.352644746,10000.352644746,10000.353067007,10000.367973379,3,COMPLETED,True,0.09490353841101751,0.4222609986754833,14.906372000041301,15.423536537127802
2795,10000.361845351208,10000.361956468,10000.361956468,10000.362396849,10000.375818353,0,COMPLETED,True,0.1111167912313249,0.4403809998621,13.421504001598805,13.97300179269223
2796,10000.385602771536,10000.385705577,10000.385705577,10000.386337299,10000.39987374,2,COMPLETED,True,0.10280546484864317,0.6317219995253254,13.536440999814658,14.270968464188627
2797,10000.412092139206,10000.412196014,10000.412196014,10000.412905445,10000.426010439,1,COMPLETED,True,0.10387479414930567,0.7094310003594728,13.104993999149883,13.918299793658662
2798,10000.416070374898,10000.41621463,10000.41621463,10000.416907542,10000.435369632,3,COMPLETED,True,0.14425510198634584,0.6929119990672916,18.462089999957243,19.29925710101088
2799,10000.421934597449,10000.422067776,10000.422067776,10000.422613909,10000.436241397,0,COMPLETED,True,0.1331785515503725,0.546133000170812,13.627487998746801,14.306799550467986
2800,10000.458713565387,10000.458874865,10000.458874865,10000.459817377,10000.479108361,2,COMPLETED,True,0.16129961295519024,0.9425119988009101,19.290984000690514,20.394795612446615
2801,10000.482967331163,10000.48307191,10000.48307191,10000.483777673,10000.500854525,1,COMPLETED,True,0.1045788358169375,0.705763000951265,17.07685200017295,17.88719383694115
2802,10000.484139750331,10000.484288075,10000.484288075,10000.484855506,10000.500814206,3,COMPLETED,True,0.14832466877123807,0.56743099958112,15.95869999982824,16.6744556681806
2803,10000.492567988256,10000.492728964,10000.492728964,10000.493596146,10000.512549276,0,COMPLETED,True,0.1609757437108783,0.8671819996379782,18.953130000227247,19.981287743576104
2804,10000.493214448612,10000.493460302,10000.493460302,10000.493897129,10000.512535069,2,COMPLETED,True,0.24585338724136818,0.4368270001577912,18.6379400001897,19.32062038758886
2805,10000.497309104909,10000.497422865,10000.497422865,10000.500975737,10000.517936309,3,COMPLETED,True,0.11376009206287563,3.5528720000002068,16.96057199842471,20.627204090487794
2806,10000.531015856019,10000.531189291,10000.531189291,10000.531725307,10000.54533526,1,COMPLETED,True,0.17343498075206298,0.5360160012060078,13.60995299910428,14.31940398106235
2807,10000.54108735227,10000.541215243,10000.541215243,10000.541756925,10000.555818671,2,COMPLETED,True,0.12789072934538126,0.5416820004029432,14.061746000152198,14.731318729900522
2808,10000.552373564082,10000.552466443,10000.552466443,10000.553038588,10000.567218656,0,COMPLETED,True,0.092878917712369,0.5721449997508898,14.180068001223844,14.845091918687103
2809,10000.555707658948,10000.55583399,10000.55583399,10000.556356043,10000.57042239,3,COMPLETED,True,0.1263310514332261,0.5220530001679435,14.066346999243251,14.71473105084442
2810,10000.56863489011,10000.56874139,10000.56874139,10000.569320211,10000.583702487,1,COMPLETED,True,0.10649988871591631,0.5788210000901017,14.382276000105776,15.067596888911794
2811,10000.599719821348,10000.599856574,10000.599856574,10000.600409569,10000.614402263,2,COMPLETED,True,0.1367526510875905,0.5529950012714835,13.992693999171024,14.682441651530098
2812,10000.60233972962,10000.602439029,10000.602439029,10000.602883746,10000.616236175,0,COMPLETED,True,0.09929938096320257,0.4447169994818978,13.352428999496624,13.896445379941724
2813,10000.614392747586,10000.614499663,10000.614499663,10000.615342846,10000.636234097,3,COMPLETED,True,0.10691541319829412,0.843183001052239,20.89125100064848,21.841349414899014
2814,10000.616041890147,10000.616153448,10000.616153448,10000.616542526,10000.630406276,1,COMPLETED,True,0.11155785250593908,0.38907800080778543,13.863749998563435,14.36438585187716
2815,10000.61866217478,10000.61878319,10000.61878319,10000.619238125,10000.637821974,2,COMPLETED,True,0.12101522042939905,0.4549349996523233,18.583848999696784,19.159799219778506
2816,10000.619941022715,10000.62020941,10000.62020941,10000.620737876,10000.636517781,0,COMPLETED,True,0.26838728626898956,0.528465998286265,15.77990500118176,16.576758285737014
2817,10000.62192143581,10000.622148046,10000.622148046,10000.63078876,10000.644900251,1,COMPLETED,True,0.22661019102088176,8.640713998829597,14.111491000221577,22.978815190072055
2818,10000.633992580697,10000.634170338,10000.634170338,10000.636646482,10000.655501348,3,COMPLETED,True,0.17775730339053553,2.476143999956548,18.85486599894648,21.508767302293563
2819,10000.634517563663,10000.634896027,10000.634896027,10000.636690091,10000.65142206,0,COMPLETED,True,0.3784633372561075,1.7940639991138596,14.731969000422396,16.904496336792363
2820,10000.63639780226,10000.636528872,10000.636528872,10000.638263294,10000.657238435,2,COMPLETED,True,0.13106974074617028,1.7344219995720778,18.975140999828,20.840632740146248
2821,10000.63844807439,10000.638590496,10000.638590496,10000.64524993,10000.659389842,1,COMPLETED,True,0.1424216097802855,6.659433998720488,14.139912000246113,20.941767608746886
2822,10000.648246852606,10000.648361346,10000.648361346,10000.651844634,10000.665662787,0,COMPLETED,True,0.1144933939940529,3.483287999188178,13.81815300010203,17.41593439328426
2823,10000.652473460697,10000.652653632,10000.652653632,10000.65580486,10000.674133174,3,COMPLETED,True,0.18017130241787527,3.1512280002061743,18.328313999518286,21.659713302142336
2824,10000.654915617912,10000.655009663,10000.655009663,10000.65737989,10000.675772446,2,COMPLETED,True,0.09404508818988688,2.37022700093803,18.39255599952594,20.856828088653856
2825,10000.668385700357,10000.668479877,10000.668479877,10000.668928246,10000.682751358,1,COMPLETED,True,0.09417664296051953,0.44836899905931205,13.823111999954563,14.365657641974394
2826,10000.670610725414,10000.670714695,10000.670714695,10000.670985906,10000.684962491,0,COMPLETED,True,0.10396958532510325,0.2712109999265522,13.976584999909392,14.351765585161047
2827,10000.683010286386,10000.683153128,10000.683153128,10000.683546829,10000.698378238,3,COMPLETED,True,0.14284161443356425,0.3937009987566853,14.831409000180429,15.367951613370678
2828,10000.69494475723,10000.695047945,10000.695047945,10000.695547425,10000.710765469,2,COMPLETED,True,0.10318777094653342,0.49948000014410354,15.218043999993824,15.820711771084461
2829,10000.702905178485,10000.703004045,10000.703004045,10000.703484506,10000.717269276,1,COMPLETED,True,0.09886651605484076,0.48046099982457235,13.784769998892443,14.364097514771856
2830,10000.70850141893,10000.70859102,10000.70859102,10000.709044113,10000.723312413,0,COMPLETED,True,0.08960106970334891,0.4530930000328226,14.268299999457668,14.810994069193839
2831,10000.710235034387,10000.710320953,10000.710320953,10000.710668867,10000.728988908,3,COMPLETED,True,0.0859186129673617,0.34791399957612157,18.320041001061327,18.75387361360481
2832,10000.712755495828,10000.712878978,10000.712878978,10000.713331286,10000.731629222,2,COMPLETED,True,0.12348217205726542,0.45230800060380716,18.297935999726178,18.87372617238725
2833,10000.718933514423,10000.719078494,10000.719078494,10000.719569555,10000.734344534,1,COMPLETED,True,0.1449795763619477,0.4910610005026683,14.77497899941227,15.411019576276885
2834,10000.73539602806,10000.735544003,10000.735544003,10000.735987255,10000.749344423,0,COMPLETED,True,0.14797494077356532,0.4432519999681972,13.357167999856756,13.948394940598519
2835,10000.74790259262,10000.748072682,10000.748072682,10000.748617612,10000.766629578,3,COMPLETED,True,0.17008937902573962,0.5449300006148405,18.011965999903623,18.726985379544203
2836,10000.752227688188,10000.752351606,10000.752351606,10000.752858809,10000.771444193,2,COMPLETED,True,0.12391781092446763,0.5072030016890494,18.5853839993797,19.216504811993218
2837,10000.752309986316,10000.752431069,10000.752431069,10000.752947519,10000.766864262,1,COMPLETED,True,0.12108268492738716,0.5164499998500105,13.916742998844711,14.554275683622109
2838,10000.753280037388,10000.753418492,10000.753418492,10000.753934589,10000.767770889,0,COMPLETED,True,0.13845461216988042,0.5160969994904008,13.836300000548363,14.490851612208644
2839,10000.75689699701,10000.756991247,10000.756991247,10000.766930889,10000.786055734,3,COMPLETED,True,0.09424999007023871,9.939641999153537,19.124844999169,29.158736988392775
2840,10000.75985770823,10000.759948856,10000.759948856,10000.767032297,10000.780667306,1,COMPLETED,True,0.09114777094509918,7.083440999849699,13.635008999699494,20.809597770494292
2841,10000.762127371527,10000.762210734,10000.762210734,10000.768128978,10000.78123055,0,COMPLETED,True,0.08336247265106067,5.918243999985862,13.10157199986861,19.103178472505533
2842,10000.767680158478,10000.767779359,10000.767779359,10000.771754953,10000.790341699,2,COMPLETED,True,0.09920052070810925,3.9755940015311353,18.586745998618426,22.66154052085767
2843,10000.769186888117,10000.769276324,10000.769276324,10000.78104991,10000.794708531,1,COMPLETED,True,0.0894358818186447,11.773586000344949,13.658621001013671,25.521642883177265
2844,10000.777386181378,10000.777498631,10000.777498631,10000.781600059,10000.795200732,0,COMPLETED,True,0.11244962115597446,4.101427999557927,13.60067300083756,17.81455062155146
2845,10000.782486815628,10000.782584903,10000.782584903,10000.786381801,10000.806089615,3,COMPLETED,True,0.09808737195271533,3.796897999563953,19.707814000867074,23.602799372383743
2846,10000.787365949054,10000.787463757,10000.787463757,10000.790642679,10000.809035347,2,COMPLETED,True,0.09780794607650023,3.1789219992788276,18.392668000160484,21.66939794551581
2847,10000.792959183365,10000.793079266,10000.793079266,10000.79506112,10000.808772549,1,COMPLETED,True,0.12008263547613751,1.9818539985863026,13.71142900097766,15.8133656350401
2848,10000.794720150452,10000.794824499,10000.794824499,10000.795542186,10000.809551747,0,COMPLETED,True,0.10434854812046979,0.7176870003604563,14.009560998601955,14.831596547082881
2849,10000.806064107797,10000.8061913,10000.8061913,10000.806665853,10000.821976928,3,COMPLETED,True,0.12719220285362098,0.47455300045839977,15.311074999772245,15.912820203084266
2850,10000.812430365808,10000.81259872,10000.81259872,10000.812975448,10000.82649595,1,COMPLETED,True,0.16835419228300452,0.3767279995372519,13.520501999664702,14.065584191484959
2851,10000.825705001054,10000.825809296,10000.825809296,10000.826271607,10000.840539106,2,COMPLETED,True,0.1042949461407261,0.46231099986471236,14.267499000197859,14.834104946203297
2852,10000.828784003354,10000.828887545,10000.828887545,10000.829223339,10000.842622397,0,COMPLETED,True,0.10354164624004625,0.3357940004207194,13.399057999777142,13.838393646437908
2853,10000.840252763539,10000.840392942,10000.840392942,10000.841000572,10000.860403855,3,COMPLETED,True,0.14017846115166321,0.6076299996493617,19.403283000428928,20.151091461229953
2854,10000.840463739212,10000.840505376,10000.840505376,10000.840952682,10000.859962065,2,COMPLETED,True,0.04163678750046529,0.4473059998417739,19.009383000593516,19.498325787935755
2855,10000.847271029621,10000.847365172,10000.847365172,10000.847717338,10000.861284302,1,COMPLETED,True,0.09414237865712494,0.35216600008425303,13.56696400034707,14.013272379088448
2856,10000.84830039069,10000.848390591,10000.848390591,10000.848643846,10000.862094719,0,COMPLETED,True,0.09020031029649545,0.25325500064354856,13.45087299887382,13.794328309813864
2857,10000.849154801637,10000.84924519,10000.84924519,10000.860333344,10000.879113808,2,COMPLETED,True,0.09038836287800223,11.088154000390205,18.780463999064523,29.95900636233273
2858,10000.854302528383,10000.854404928,10000.854404928,10000.860804285,10000.879313125,3,COMPLETED,True,0.10239961738989223,6.399356998372241,18.508840001231874,25.010596616994007
2859,10000.854966703766,10000.855077549,10000.855077549,10000.861684734,10000.875204372,1,COMPLETED,True,0.11084523430326954,6.60718499966606,13.519637999706902,20.23766823367623
2860,10000.868081822258,10000.86822416,10000.86822416,10000.868758393,10000.88228843,0,COMPLETED,True,0.14233774163585622,0.5342330005078111,13.530037000236916,14.206607742380584
2861,10000.872113876907,10000.872349241,10000.872349241,10000.875379209,10000.88937174,1,COMPLETED,True,0.23536409389635082,3.02996799837274,13.992531001349562,17.257863093618653
2862,10000.872715770662,10000.872855994,10000.872855994,10000.879395398,10000.8986802,2,COMPLETED,True,0.1402233374392381,6.53940400115971,19.284801999674528,25.964429338273476
2863,10000.87659958652,10000.876707237,10000.876707237,10000.879544103,10000.899230094,3,COMPLETED,True,0.10765047954919282,2.8368660005071433,19.685991001097136,22.630507481153472
2864,10000.88058827599,10000.880705386,10000.880705386,10000.882673023,10000.896414834,0,COMPLETED,True,0.11711001025105361,1.9676369993248954,13.741811000727466,15.826558010303415
2865,10000.885912918897,10000.88607428,10000.88607428,10000.889732267,10000.903417714,1,COMPLETED,True,0.1613611038919771,3.657986999314744,13.685447000170825,17.504795103377546
2866,10000.888066337828,10000.88825513,10000.88825513,10000.896794189,10000.910233849,0,COMPLETED,True,0.1887921716843266,8.53905900112295,13.439659998766729,22.167511171574006
2867,10000.888137555952,10000.888341294,10000.888341294,10000.898966813,10000.917532929,2,COMPLETED,True,0.20373804727569222,10.625519000313943,18.566115999419708,29.395373047009343
2868,10000.897645570883,10000.897843781,10000.897843781,10000.899566611,10000.918090651,3,COMPLETED,True,0.19821011665044352,1.7228300002898322,18.524039998737862,20.445080115678138
2869,10000.906696193315,10000.906879876,10000.906879876,10000.907439167,10000.920617609,1,COMPLETED,True,0.1836826850194484,0.5592910001723794,13.17844199911633,13.921415684308158
2870,10000.91361427973,10000.913673926,10000.913673926,10000.914302983,10000.927424843,0,COMPLETED,True,0.059646268709911965,0.6290569999691797,13.121859999955632,13.810563268634723
2871,10000.919863231218,10000.920117393,10000.920117393,10000.920679961,10000.938340467,2,COMPLETED,True,0.2541617814131314,0.5625680005323375,17.66050600053859,18.47723578248406
2872,10000.923227631893,10000.923386908,10000.923386908,10000.923911516,10000.942637735,3,COMPLETED,True,0.1592761072970461,0.5246079999778885,18.726218999290722,19.410103106565657
2873,10000.92663721843,10000.926794803,10000.926794803,10000.927341873,10000.940395824,1,COMPLETED,True,0.1575845690240385,0.5470700016303454,13.053950999164954,13.758605569819338
2874,10000.92739926529,10000.927535931,10000.927535931,10000.927874145,10000.941294112,0,COMPLETED,True,0.1366657088510692,0.3382140002941014,13.419967001027544,13.894846710172715
2875,10000.933324550402,10000.93351748,10000.93351748,10000.938692541,10000.953529879,2,COMPLETED,True,0.19292959768790752,5.175061000045389,14.837337999779265,20.205328597512562
2876,10000.934300500185,10000.934483448,10000.934483448,10000.94074944,10000.953785317,1,COMPLETED,True,0.18294781511940528,6.265992000408005,13.035877000220353,19.484816815747763
2877,10000.955675971541,10000.955764805,10000.955764805,10000.956511345,10000.969841396,0,COMPLETED,True,0.08883345799404196,0.746540001273388,13.330050998774823,14.165424458042253
2878,10000.963457654569,10000.963612707,10000.963612707,10000.964334008,10000.978483367,3,COMPLETED,True,0.15505243209190667,0.7213009994302411,14.149358999929973,15.02571243145212
2879,10000.978767458582,10000.979200754,10000.979200754,10000.979761284,10000.993936746,2,COMPLETED,True,0.4332954176788917,0.5605299993476365,14.175461999911931,15.16928741693846
2880,10000.982267734074,10000.982435519,10000.982435519,10000.983120113,10001.001648086,1,COMPLETED,True,0.16778492499724962,0.6845940006314777,18.527972999436315,19.380351925065042
2881,10000.99105154829,10000.991303683,10000.991303683,10000.991769837,10001.007736971,0,COMPLETED,True,0.2521347105357563,0.46615400060545653,15.967133998856298,16.68542270999751
2882,10000.99322048259,10000.993358385,10000.993358385,10000.993782179,10001.015116779,3,COMPLETED,True,0.13790241064270958,0.42379400110803545,21.33460000004561,21.896296411796357
2883,10000.994169957028,10000.9943306,10000.9943306,10000.994595017,10001.01280206,2,COMPLETED,True,0.16064297233242542,0.26441699992574286,18.20704300007492,18.632102972333087
2884,10000.995939849523,10000.996028727,10000.996028727,10001.00208102,10001.016616806,1,COMPLETED,True,0.08887747753760777,6.0522929998114705,14.535786000124062,20.67695647747314
2885,10001.000882990707,10001.001013256,10001.001013256,10001.007956574,10001.0236366,0,COMPLETED,True,0.13026529268245213,6.94331799968495,15.680026001064107,22.75360929343151
2886,10001.005221597037,10001.005357309,10001.005357309,10001.012938661,10001.031924618,2,COMPLETED,True,0.13571196359407622,7.581351999760955,18.9859570000408,26.70302096339583
2887,10001.011402713553,10001.01162303,10001.01162303,10001.015344754,10001.035078688,3,COMPLETED,True,0.2203164458478568,3.721724000570248,19.733934001124,23.675974447542103
2888,10001.01661200337,10001.016756811,10001.016756811,10001.017176504,10001.03065269,1,COMPLETED,True,0.1448076291126199,0.41969300036726054,13.476186000843882,14.040686630323762
2889,10001.017451160784,10001.017571743,10001.017571743,10001.02403438,10001.037434352,0,COMPLETED,True,0.12058221545885317,6.462637000367977,13.399972000115667,19.983191215942497
2890,10001.025852974662,10001.026111539,10001.026111539,10001.031018808,10001.044438782,1,COMPLETED,True,0.25856433785520494,4.907268999886583,13.419974000498769,18.585807338240556
2891,10001.027471144102,10001.027632971,10001.027632971,10001.032241962,10001.049989465,2,COMPLETED,True,0.1618268979655113,4.608991001077811,17.747502999554854,22.518320898598176
2892,10001.035668976696,10001.035931465,10001.035931465,10001.036628988,10001.056867192,3,COMPLETED,True,0.26248830363329034,0.6975230007810751,20.238203998815152,21.198215303229517
2893,10001.042845897264,10001.042937462,10001.042937462,10001.043536065,10001.057191731,0,COMPLETED,True,0.0915647360670846,0.5986030009808019,13.655665999976918,14.345833737024805
2894,10001.053447369397,10001.05355786,10001.05355786,10001.05429813,10001.067728092,1,COMPLETED,True,0.11049060231016483,0.740270001188037,13.429962000373052,14.280722603871254
2895,10001.060357886483,10001.060439976,10001.060439976,10001.061068256,10001.075147785,2,COMPLETED,True,0.08208951658161823,0.6282800004555611,14.079529000809998,14.789898517847178
2896,10001.074537171704,10001.074627587,10001.074627587,10001.075275829,10001.094261744,3,COMPLETED,True,0.09041529665410053,0.6482419994426891,18.98591499957547,19.72457229567226
2897,10001.076084483286,10001.076190604,10001.076190604,10001.076488178,10001.089875671,0,COMPLETED,True,0.10612071491777897,0.2975739989778958,13.387492999754613,13.791187713650288
2898,10001.076892744255,10001.077016321,10001.077016321,10001.077276788,10001.090862101,1,COMPLETED,True,0.12357674495433457,0.2604670007713139,13.585312999566668,13.969356745292316
2899,10001.095871595026,10001.09597349,10001.09597349,10001.096620988,10001.112294633,2,COMPLETED,True,0.1018949751596665,0.6474980000348296,15.673644998969394,16.42303797416389
2900,10001.10582536694,10001.105918758,10001.105918758,10001.106412314,10001.122981252,0,COMPLETED,True,0.09339105963590555,0.49355600094713736,16.5689379991818,17.15588505976484
2901,10001.105906985837,10001.105993481,10001.105993481,10001.106498876,10001.120292032,1,COMPLETED,True,0.0864951634866884,0.5053950008004904,13.79315599842812,14.385046162715298
2902,10001.106287998224,10001.106410499,10001.106410499,10001.10681342,10001.12625369,3,COMPLETED,True,0.12250077634234913,0.40292099947691895,19.440269999904558,19.965691775723826
2903,10001.107127511914,10001.107230181,10001.107230181,10001.112710664,10001.130911572,2,COMPLETED,True,0.10266908611811232,5.480482999701053,18.20090799992613,23.784060085745296
2904,10001.109834197134,10001.109990295,10001.109990295,10001.120615257,10001.13409237,1,COMPLETED,True,0.1560978671477642,10.624961998473736,13.477113001499674,24.258172867121175
2905,10001.118444451464,10001.118568668,10001.118568668,10001.123345136,10001.137610689,0,COMPLETED,True,0.12421653627825435,4.776468000272871,14.26555299985921,19.166237536410335
2906,10001.131501863918,10001.131598112,10001.131598112,10001.132056977,10001.150801744,3,COMPLETED,True,0.0962480826274259,0.4588649990182603,18.744766999589046,19.299880081234733
2907,10001.13392699722,10001.134024305,10001.134024305,10001.134448689,10001.153525029,2,COMPLETED,True,0.09730778037919663,0.42438399941602256,19.07634000053804,19.598031780333258
2908,10001.140498469242,10001.140574113,10001.140574113,10001.14120391,10001.156396867,1,COMPLETED,True,0.07564375846413895,0.6297969994193409,15.192957000181195,15.898397758064675
2909,10001.141839659567,10001.141998657,10001.141998657,10001.142329172,10001.156076233,0,COMPLETED,True,0.15899743266345467,0.33051500031433534,13.7470609988668,14.23657343184459
2910,10001.154208995851,10001.154326039,10001.154326039,10001.154844431,10001.171031026,3,COMPLETED,True,0.11704314965754747,0.5183919984119711,16.186595001272508,16.822030149342027
2911,10001.161419946042,10001.161532229,10001.161532229,10001.161931281,10001.178396496,2,COMPLETED,True,0.11228295807086397,0.3990519999206299,16.46521499969822,16.976549957689713
2912,10001.170054945247,10001.170150631,10001.170150631,10001.170649355,10001.192391269,0,COMPLETED,True,0.09568575296725612,0.4987239990441594,21.741914000813267,22.336323752824683
2913,10001.178953260956,10001.179059018,10001.179059018,10001.179470501,10001.197804641,1,COMPLETED,True,0.10575704436632805,0.41148299897031393,18.334140000661137,18.85138004399778
2914,10001.179738830258,10001.179861301,10001.179861301,10001.180242966,10001.199122962,3,COMPLETED,True,0.12247074118931778,0.38166500053193886,18.87999599966861,19.384131741389865
2915,10001.181812627996,10001.181938886,10001.181938886,10001.182354154,10001.201704254,2,COMPLETED,True,0.1262580044567585,0.41526799941493664,19.350099999428494,19.89162600330019
2916,10001.18975013889,10001.189873349,10001.189873349,10001.192919418,10001.212830904,0,COMPLETED,True,0.12321010945015587,3.0460689995379653,19.911486000637524,23.080765109625645
2917,10001.191884471926,10001.192040653,10001.192040653,10001.198370325,10001.218455965,1,COMPLETED,True,0.15618107499904,6.32967199999257,20.085639998796978,26.571493073788588
2918,10001.192592999936,10001.1927321,10001.1927321,10001.19942199,10001.219288671,3,COMPLETED,True,0.13910006418882404,6.689890000416199,19.86668099925737,26.69567106386239
2919,10001.197763776983,10001.197880424,10001.197880424,10001.202040408,10001.220520033,2,COMPLETED,True,0.11664701742120087,4.159983998761163,18.479625001418754,22.756256017601117
2920,10001.199883803452,10001.200050243,10001.200050243,10001.21337269,10001.236143451,0,COMPLETED,True,0.1664395476836944,13.322446999154636,22.770761001083883,36.259647547922214
2921,10001.205512640041,10001.205638078,10001.205638078,10001.219044696,10001.238460553,1,COMPLETED,True,0.12543795855890494,13.406617999862647,19.41585700114956,32.94791295957111
2922,10001.208973099405,10001.209095495,10001.209095495,10001.219581463,10001.238859554,3,COMPLETED,True,0.12239559509907849,10.485967999557033,19.278091000160202,29.886454594816314
2923,10001.212168692291,10001.212264505,10001.212264505,10001.220895807,10001.239687527,2,COMPLETED,True,0.0958127093326766,8.63130200013984,18.791720000081114,27.51883470955363
2924,10001.219218130811,10001.219311165,10001.219311165,10001.23663159,10001.256456326,0,COMPLETED,True,0.09303418846684508,17.320425000434625,19.824736000373377,37.23819518927485
2925,10001.21930375487,10001.219375955,10001.219375955,10001.238963151,10001.258618428,1,COMPLETED,True,0.0722001295798691,19.587196000429685,19.655277001220384,39.31467313122994
2926,10001.224356086159,10001.224465355,10001.224465355,10001.239142879,10001.25794006,3,COMPLETED,True,0.10926884169748519,14.677523999125697,18.79718100099126,33.58397384181444
2927,10001.235839282579,10001.235950557,10001.235950557,10001.240070908,10001.258463166,2,COMPLETED,True,0.11127442121505737,4.1203509990737075,18.392257999948924,22.62388342023769
2928,10001.25194804127,10001.252158975,10001.252158975,10001.256943927,10001.276911957,0,COMPLETED,True,0.21093372924951836,4.7849519996816525,19.968030001109582,24.963915730040753
2929,10001.253159895668,10001.253303164,10001.253303164,10001.258217653,10001.27661368,3,COMPLETED,True,0.14326833115774207,4.914488999929745,18.396027000562754,23.45378433165024
2930,10001.254287759502,10001.254372936,10001.254372936,10001.258771353,10001.277545586,2,COMPLETED,True,0.08517649803252425,4.398416998810717,18.774232999930973,23.257826496774214
2931,10001.257798250905,10001.257888663,10001.257888663,10001.259023083,10001.278756237,1,COMPLETED,True,0.09041209523275029,1.1344199992890935,19.733154000277864,20.957986094799708
2932,10001.263988344204,10001.26418048,10001.26418048,10001.276963011,10001.295450489,3,COMPLETED,True,0.19213579616916832,12.782530999174924,18.487478000679403,31.462144796023495
2933,10001.26458495156,10001.26470653,10001.26470653,10001.277405402,10001.291251268,0,COMPLETED,True,0.12157844139437657,12.698871998509276,13.845866000337992,26.666316440241644
2934,10001.264904266858,10001.264993221,10001.264993221,10001.277905431,10001.296925364,2,COMPLETED,True,0.08895414248399902,12.912209998830804,19.019933000890887,32.02109714220569
2935,10001.279542831793,10001.279667724,10001.279667724,10001.280461819,10001.295615455,1,COMPLETED,True,0.12489220716815908,0.7940949999465374,15.153635999013204,16.0726232061279
2936,10001.281760407468,10001.281924911,10001.281924911,10001.291637236,10001.305515133,0,COMPLETED,True,0.16450353177788202,9.71232499978214,13.877897001293604,23.754725532853627
2937,10001.286763483897,10001.286875638,10001.286875638,10001.295735999,10001.314896384,3,COMPLETED,True,0.11215410268050618,8.860361000188277,19.160384999850066,28.13290010271885
2938,10001.289309659178,10001.289405962,10001.289405962,10001.295893475,10001.310388605,1,COMPLETED,True,0.09630282147554681,6.487513001047773,14.495129998977063,21.078945821500383
2939,10001.290895188818,10001.2910786,10001.2910786,10001.29720445,10001.316135019,2,COMPLETED,True,0.18341118084208574,6.125850000898936,18.930569000076503,25.239830181817524
2940,10001.31683047156,10001.316947314,10001.316947314,10001.317529755,10001.331011588,0,COMPLETED,True,0.11684244054777082,0.5824410000059288,13.481832998877508,14.181116439431207
2941,10001.325343429648,10001.325425511,10001.325425511,10001.326017939,10001.339661139,1,COMPLETED,True,0.08208135295717511,0.5924279994360404,13.643199999933131,14.317709352326347
2942,10001.325862539392,10001.325943995,10001.325943995,10001.326592465,10001.341306819,3,COMPLETED,True,0.08145560786942951,0.6484700006694766,14.714353999806917,15.444279608345823
2943,10001.350280950859,10001.350403835,10001.350403835,10001.350924412,10001.364848208,2,COMPLETED,True,0.12288414109207224,0.5205769994063303,13.923796001108713,14.567257141607115
2944,10001.360390627096,10001.3604932,10001.3604932,10001.361290877,10001.374794059,0,COMPLETED,True,0.10257290341542102,0.797676999354735,13.503182000931702,14.403431903701858
2945,10001.362212420052,10001.362381075,10001.362381075,10001.362997387,10001.376371619,1,COMPLETED,True,0.1686549476289656,0.616311999692698,13.37423200129706,14.159198948618723
2946,10001.371565800631,10001.371674785,10001.371674785,10001.372525266,10001.388607582,3,COMPLETED,True,0.10898436812567525,0.8504810011800146,16.082315998573904,17.041781367879594
2947,10001.380782694641,10001.380902088,10001.380902088,10001.381801937,10001.402405824,2,COMPLETED,True,0.11939335854549427,0.8998489993246039,20.603887000106624,21.623129357976723
2948,10001.383232586992,10001.38334776,10001.38334776,10001.38393846,10001.397449445,0,COMPLETED,True,0.1151730084529845,0.5906999995204387,13.510984999811626,14.21685800778505
2949,10001.383681507525,10001.38378496,10001.38378496,10001.384109417,10001.397087063,1,COMPLETED,True,0.10345247574150562,0.32445699980598874,12.977645999853848,13.405555475401343
2950,10001.385049079601,10001.385159132,10001.385159132,10001.389021807,10001.407227849,3,COMPLETED,True,0.11005239866790362,3.862674999254523,18.2060420011112,22.178769399033627
2951,10001.388194029727,10001.388319138,10001.388319138,10001.397455216,10001.41101661,1,COMPLETED,True,0.12510827218648046,9.136078000665293,13.561394000134896,22.82258027298667
2952,10001.400869608282,10001.401125378,10001.401125378,10001.401921795,10001.415477222,0,COMPLETED,True,0.25576971893315203,0.796416999946814,13.55542700002843,14.607613718908397
2953,10001.40108988942,10001.401270603,10001.401270603,10001.402568337,10001.421448681,2,COMPLETED,True,0.18071358135784976,1.297733999308548,18.880343999626348,20.358791580292745
2954,10001.401204647516,10001.401291545,10001.401291545,10001.407510605,10001.425689021,3,COMPLETED,True,0.08689748392498586,6.219060000148602,18.17841599950043,24.484373483574018
2955,10001.412816168451,10001.412958895,10001.412958895,10001.413625454,10001.427178642,1,COMPLETED,True,0.14272654880187474,0.6665590008196887,13.553187998695648,14.362473548317212
2956,10001.416845840118,10001.417013273,10001.417013273,10001.417635483,10001.431211954,0,COMPLETED,True,0.16743288142606616,0.6222100000741193,13.576471001215396,14.366113882715581
2957,10001.41922700715,10001.419435589,10001.419435589,10001.421727737,10001.438966231,2,COMPLETED,True,0.20858184871030971,2.2921480012882967,17.23849399968458,19.739223849683185
2958,10001.427646476834,10001.427819893,10001.427819893,10001.428639792,10001.445743659,3,COMPLETED,True,0.1734161669446621,0.8198989999073092,17.10386699960509,18.09718216645706
2959,10001.436465749248,10001.436720465,10001.436720465,10001.437490541,10001.450518509,1,COMPLETED,True,0.2547157528169919,0.7700759997533169,13.027967999732937,14.052759752303245
2960,10001.438792753972,10001.439040607,10001.439040607,10001.439778122,10001.453119932,0,COMPLETED,True,0.2478530277585378,0.7375149998551933,13.341810001293197,14.327178028906928
2961,10001.441888011812,10001.442047473,10001.442047473,10001.442687785,10001.456878421,2,COMPLETED,True,0.1594611876498675,0.6403120005415985,14.190636000421364,14.99040918861283
2962,10001.46575120729,10001.465921088,10001.465921088,10001.466651809,10001.4805842,3,COMPLETED,True,0.16988071001833305,0.730720999854384,13.932391000707867,14.832992710580584
2963,10001.475997296471,10001.476129631,10001.476129631,10001.47699975,10001.49491836,1,COMPLETED,True,0.1323345295531908,0.8701189999555936,17.91860999946948,18.921063528978266
2964,10001.477961709481,10001.478197859,10001.478197859,10001.478711495,10001.492669038,0,COMPLETED,True,0.2361495189688867,0.5136359995958628,13.957543000287842,14.707328518852592
2965,10001.482018960229,10001.482269089,10001.482269089,10001.482965936,10001.501736959,2,COMPLETED,True,0.2501287708582822,0.6968470006540883,18.771023000226705,19.717998771739076
2966,10001.484408590464,10001.484546747,10001.484546747,10001.485142113,10001.503946666,3,COMPLETED,True,0.13815653619531076,0.5953660001978278,18.80455299942696,19.5380755358201
2967,10001.484678396437,10001.484995111,10001.484995111,10001.492927716,10001.507133556,0,COMPLETED,True,0.3167145641782554,7.932604999950854,14.20583999970404,22.45515956383315
2968,10001.495110630978,10001.495288123,10001.495288123,10001.496480964,10001.512583491,1,COMPLETED,True,0.1774920219759224,1.1928410003747558,16.102526999020483,17.47286002137116
2969,10001.507972450152,10001.50809971,10001.50809971,10001.508688033,10001.526757907,2,COMPLETED,True,0.12725984743156005,0.5883230005565565,18.06987400050275,18.785456848490867
2970,10001.509454500454,10001.50956958,10001.50956958,10001.510184699,10001.528384478,3,COMPLETED,True,0.11507954513945151,0.6151190009404672,18.199779000497074,18.929977546576993
2971,10001.509583560819,10001.509643483,10001.509643483,10001.510398812,10001.524184645,0,COMPLETED,True,0.059922180298599415,0.7553290015493985,13.78583299992897,14.601084181776969
2972,10001.510864813348,10001.51113693,10001.51113693,10001.512947519,10001.526483335,1,COMPLETED,True,0.2721166511037154,1.810589001252083,13.535815998693579,15.618521651049377
2973,10001.519445678667,10001.519616577,10001.519616577,10001.524590666,10001.537651176,0,COMPLETED,True,0.17089833272621036,4.974089000825188,13.06051000028674,18.20549733383814
2974,10001.539907331638,10001.540019992,10001.540019992,10001.540737396,10001.554116372,1,COMPLETED,True,0.11266036199231166,0.7174040001700632,13.378976000240073,14.209040362402447
2975,10001.546242812483,10001.5463066,10001.5463066,10001.547010368,10001.565642819,2,COMPLETED,True,0.06378751641022973,0.7037680006760638,18.632450999575667,19.40000651666196
2976,10001.547002623394,10001.54708244,10001.54708244,10001.547506298,10001.566025554,3,COMPLETED,True,0.07981660564837512,0.4238580004312098,18.519256000217865,19.02293060629745
2977,10001.54962117048,10001.549707354,10001.549707354,10001.550282673,10001.5632735,0,COMPLETED,True,0.0861835196701577,0.5753190016548615,12.990826999157434,13.652329520482454
2978,10001.557724854625,10001.557977218,10001.557977218,10001.558802985,10001.572240278,1,COMPLETED,True,0.25236337569367606,0.8257669996964978,13.437292998787598,14.515423374177772
2979,10001.567078009115,10001.567173714,10001.567173714,10001.567767562,10001.581351629,0,COMPLETED,True,0.09570488509780262,0.5938480007898761,13.584066999101196,14.273619884988875
2980,10001.57142311749,10001.571597689,10001.571597689,10001.572239744,10001.585951201,2,COMPLETED,True,0.17457151079725008,0.6420549998438219,13.711456998862559,14.528083509503631
2981,10001.589558075564,10001.589650446,10001.589650446,10001.590394818,10001.604200562,3,COMPLETED,True,0.09237043559551239,0.7443720005539944,13.805743999910192,14.642486436059698
2982,10001.603910768905,10001.604017013,10001.604017013,10001.604621677,10001.617590186,1,COMPLETED,True,0.10624409515003208,0.6046639991836855,12.968509001439088,13.679417095772806
2983,10001.617220384787,10001.617325291,10001.617325291,10001.618075566,10001.633431036,0,COMPLETED,True,0.10490621207281947,0.7502750013372861,15.355469999121851,16.210651212531957
2984,10001.642498158428,10001.642753861,10001.642753861,10001.643687551,10001.661640805,2,COMPLETED,True,0.25570257275830954,0.9336900002381299,17.95325399871217,19.14264657170861
2985,10001.64592790535,10001.646084294,10001.646084294,10001.646932348,10001.667163472,3,COMPLETED,True,0.15638864897482563,0.8480540000164183,20.231124000929412,21.235566649920656
2986,10001.657016024661,10001.657053362,10001.657053362,10001.657916069,10001.677126401,1,COMPLETED,True,0.037337338653742336,0.862707000123919,19.2103320005117,20.11037633928936
2987,10001.657132350672,10001.657484887,10001.657484887,10001.657910669,10001.67179776,0,COMPLETED,True,0.35253632813692093,0.42578200009302236,13.887090999560314,14.665409327790258
2988,10001.65786932105,10001.658007202,10001.658007202,10001.662086058,10001.680228084,2,COMPLETED,True,0.13788095020572655,4.078855999978259,18.142025999623,22.358762949806987
2989,10001.66781363296,10001.66797172,10001.66797172,10001.668756624,10001.685716795,3,COMPLETED,True,0.1580870411999058,0.7849039993743645,16.96017100039171,17.90316204096598
2990,10001.670973568605,10001.671135853,10001.671135853,10001.67222816,10001.68549,0,COMPLETED,True,0.16228439380938653,1.09230700036278,13.261840000268421,14.516431394440588
2991,10001.675745442673,10001.6758994,10001.6758994,10001.677625783,10001.691954609,1,COMPLETED,True,0.15395732589240652,1.7263830013689585,14.328825998745742,16.209166326007107
2992,10001.691013623784,10001.691178526,10001.691178526,10001.691747383,10001.707419963,2,COMPLETED,True,0.1649022160563618,0.5688569999620086,15.672580000682501,16.40633921670087
2993,10001.69821087046,10001.698385351,10001.698385351,10001.699081886,10001.716765511,3,COMPLETED,True,0.17448053949919995,0.6965350003156345,17.683625001154724,18.554640540969558
2994,10001.707307865192,10001.707468265,10001.707468265,10001.708400915,10001.722285837,0,COMPLETED,True,0.16039980800997,0.9326500003226101,13.884922000215738,14.977971808548318
2995,10001.70822974233,10001.70836793,10001.70836793,10001.708831934,10001.722902621,1,COMPLETED,True,0.13818767001794185,0.4640040006052004,14.070687000639737,14.672878671262879
2996,10001.708928037877,10001.709059542,10001.709059542,10001.709452641,10001.726048491,2,COMPLETED,True,0.13150412269169465,0.393099000575603,16.595850000157952,17.12045312342525
2997,10001.721734872934,10001.721924584,10001.721924584,10001.722515102,10001.742736874,3,COMPLETED,True,0.18971106692333706,0.5905179987166775,20.221771999786142,21.002001065426157
2998,10001.725812643504,10001.725982925,10001.725982925,10001.726314831,10001.740195051,0,COMPLETED,True,0.17028149522957392,0.3319059997011209,13.880219999919063,14.382407494849758
2999,10001.727013321623,10001.727103683,10001.727103683,10001.727351894,10001.741151886,1,COMPLETED,True,0.09036137817020062,0.2482109994161874,13.799992000713246,14.138564378299634
3000,10001.74262643985,10001.742718845,10001.742718845,10001.743158584,10001.760152729,2,COMPLETED,True,0.09240515100827906,0.4397390002850443,16.994145000353456,17.52628915164678
3001,10001.746899631042,10001.747122901,10001.747122901,10001.747431491,10001.761278704,0,COMPLETED,True,0.22326995895127766,0.3085899988946039,13.847213000190095,14.379072958035977
3002,10001.748636141461,10001.748814718,10001.748814718,10001.749231277,10001.762713758,1,COMPLETED,True,0.1785765380191151,0.41655899985926226,13.482481001119595,14.077616538997972
3003,10001.74898214101,10001.749128236,10001.749128236,10001.749682042,10001.767906044,3,COMPLETED,True,0.14609498975914903,0.5538059995160438,18.224002000351902,18.923902989627095
3004,10001.751111843461,10001.751293884,10001.751293884,10001.760308655,10001.776397081,2,COMPLETED,True,0.18204053776571527,9.01477100160264,16.08842599853233,25.285237537900684
3005,10001.771753901827,10001.771840932,10001.771840932,10001.772200302,10001.78585896,0,COMPLETED,True,0.08703017374500632,0.3593700002966216,13.65865799925814,14.105058173299767
3006,10001.773031631279,10001.773122291,10001.773122291,10001.773656365,10001.787122222,1,COMPLETED,True,0.0906597215362126,0.5340739990060683,13.465857000483084,14.090590721025364
3007,10001.773597805091,10001.773681078,10001.773681078,10001.774153595,10001.789840734,3,COMPLETED,True,0.08327290925080888,0.4725170001620427,15.687138999055605,16.242928908468457
3008,10001.783349374238,10001.783452379,10001.783452379,10001.783916308,10001.799527723,2,COMPLETED,True,0.10300476242264267,0.4639290000341134,15.611414999511908,16.178348761968664
3009,10001.785796000697,10001.785896993,10001.785896993,10001.786514656,10001.799867565,0,COMPLETED,True,0.10099230348714627,0.6176629995024996,13.3529089998774,14.071564302867046
3010,10001.790639877809,10001.79088773,10001.79088773,10001.791364308,10001.804962622,1,COMPLETED,True,0.24785219102341216,0.4765779995068442,13.598314000773826,14.322744191304082
3011,10001.798239247793,10001.798391173,10001.798391173,10001.798978857,10001.819556087,3,COMPLETED,True,0.1519252073194366,0.5876839986740379,20.577230001435964,21.31683920742944
3012,10001.802061399665,10001.802172765,10001.802172765,10001.802603627,10001.820879322,2,COMPLETED,True,0.1113653343054466,0.4308620009396691,18.275694999829284,18.8179223350744
3013,10001.805801188779,10001.80591479,10001.80591479,10001.806278725,10001.819820911,0,COMPLETED,True,0.11360122152836993,0.3639349997683894,13.54218599954038,14.019722220837139
3014,10001.81481568058,10001.814907123,10001.814907123,10001.815335455,10001.828663533,1,COMPLETED,True,0.09144241994363256,0.428331999501097,13.328078000995447,13.847852420440177
3015,10001.82258921379,10001.82267686,10001.82267686,10001.823172732,10001.837370852,3,COMPLETED,True,0.0876462090673158,0.49587200010137167,14.19811999949161,14.781638208660297
3016,10001.827560545575,10001.827647013,10001.827647013,10001.828014988,10001.841435309,0,COMPLETED,True,0.08646742571727373,0.367974998880527,13.420321000012336,13.874763424610137
3017,10001.854374879944,10001.854468255,10001.854468255,10001.855061046,10001.872375558,2,COMPLETED,True,0.09337505616713315,0.5927910005993908,17.314511998847593,18.000678055614117
3018,10001.855645816308,10001.855730659,10001.855730659,10001.856034527,10001.869689851,1,COMPLETED,True,0.08484269164910074,0.30386800062842667,13.655324000865221,14.044034693142748
3019,10001.858295014874,10001.858377478,10001.858377478,10001.858769544,10001.877105173,3,COMPLETED,True,0.08246312609117012,0.3920660001313081,18.335628999921028,18.810158126143506
3020,10001.862467797333,10001.862553133,10001.862553133,10001.862833975,10001.879482345,0,COMPLETED,True,0.08533566688129213,0.2808419994835276,16.648370001348667,17.014547667713487
3021,10001.864151588687,10001.864248384,10001.864248384,10001.869911059,10001.883377241,1,COMPLETED,True,0.09679531285655685,5.662675001076423,13.466181999319815,19.225652313252795
3022,10001.864811624897,10001.864934449,10001.864934449,10001.87275448,10001.887708625,2,COMPLETED,True,0.1228241035278188,7.820030999937444,14.954144999137498,22.89700010260276
3023,10001.88551856538,10001.88567822,10001.88567822,10001.886253469,10001.899865933,3,COMPLETED,True,0.15965462080202997,0.5752489996666554,13.612463999379543,14.347367619848228
3024,10001.889196920245,10001.889375971,10001.889375971,10001.889889605,10001.903218292,0,COMPLETED,True,0.17905075583257712,0.5136339987075189,13.328687000466743,14.02137175500684
3025,10001.893620776078,10001.893870001,10001.893870001,10001.894299405,10001.907968782,1,COMPLETED,True,0.2492249222996179,0.4294039990782039,13.669377000042005,14.348005921419826
3026,10001.901972820166,10001.902129656,10001.902129656,10001.902756641,10001.918676195,2,COMPLETED,True,0.15683583478676155,0.6269850000535371,15.919553999992786,16.703374834833085
3027,10001.91046676212,10001.91071784,10001.91071784,10001.911379341,10001.926505372,3,COMPLETED,True,0.251077881330275,0.6615009988308884,15.126030999454088,16.03860987961525
3028,10001.923001178498,10001.923176543,10001.923176543,10001.92393026,10001.936986458,0,COMPLETED,True,0.1753645010467153,0.7537170004070504,13.056198000413133,13.985279501866898
3029,10001.935108078878,10001.935255235,10001.935255235,10001.935723605,10001.948674012,1,COMPLETED,True,0.14715612087456975,0.4683700008172309,12.95040699915262,13.56593312084442
3030,10001.947039401917,10001.947200907,10001.947200907,10001.947965079,10001.96102682,2,COMPLETED,True,0.16150508236023597,0.7641720003448427,13.0617409995466,13.98741808225168
3031,10001.975176516515,10001.975346408,10001.975346408,10001.976280895,10001.995777714,3,COMPLETED,True,0.16989148571155965,0.9344869995402405,19.496819000778487,20.601197486030287
3032,10001.977611517179,10001.977706113,10001.977706113,10001.978366438,10001.996713288,0,COMPLETED,True,0.09459582179260906,0.6603249985346338,18.346849999943515,19.101770820270758
3033,10001.977708100845,10001.977828445,10001.977828445,10001.978558828,10001.992229928,1,COMPLETED,True,0.1203441552206641,0.7303829988813959,13.671100001374725,14.521827155476785
3034,10001.978241408295,10001.978382018,10001.978382018,10001.978734865,10001.997354124,2,COMPLETED,True,0.14060970534046646,0.35284700061311014,18.61925899902417,19.112715704977745
3035,10001.980067076282,10001.980278084,10001.980278084,10001.992590467,10002.005916332,1,COMPLETED,True,0.211007718462497,12.312382999880356,13.325865000297199,25.849255718640052
3036,10001.992038704133,10001.992213253,10001.992213253,10001.996086749,10002.014040013,3,COMPLETED,True,0.17454886619816534,3.8734960016881814,17.95326399951591,22.00130886740226
3037,10001.995824920414,10001.996113745,10001.996113745,10001.996889528,10002.011586584,0,COMPLETED,True,0.2888245853682747,0.7757830007903976,14.697055999931763,15.761663586090435
3038,10001.998749261704,10001.998895987,10001.998895987,10001.999538285,10002.018409145,2,COMPLETED,True,0.14672529687231872,0.6422979986382416,18.87085999987903,19.65988329538959
3039,10001.99942035669,10001.999620012,10001.999620012,10002.006285365,10002.019726956,1,COMPLETED,True,0.19965531100751832,6.665352999334573,13.441590999718755,20.306599310060847
3040,10002.00042195592,10002.00057967,10002.00057967,10002.011966457,10002.025555989,0,COMPLETED,True,0.15771408106957097,11.38678699862794,13.58953199996904,25.13403307966655
3041,10002.011757663156,10002.01213021,10002.01213021,10002.014328893,10002.028979943,3,COMPLETED,True,0.37254684320942033,2.198682999733137,14.65104999988398,17.222279842826538
3042,10002.03125307686,10002.031388716,10002.031388716,10002.032150699,10002.045945943,2,COMPLETED,True,0.13563913853431586,0.7619830012117745,13.795243999993545,14.692866139739635
3043,10002.039909435827,10002.040096581,10002.040096581,10002.040517591,10002.053628294,1,COMPLETED,True,0.18714517318585422,0.42100999962713104,13.110702999256318,13.718858172069304
3044,10002.044424890977,10002.044475656,10002.044475656,10002.045274735,10002.06468298,0,COMPLETED,True,0.05076502202427946,0.7990789999894332,19.408245001613977,20.25808902362769
3045,10002.053352835426,10002.053410331,10002.053410331,10002.054401023,10002.07423773,3,COMPLETED,True,0.0574955738557037,0.9906920004141284,19.836706998830778,20.88489457310061
3046,10002.063946430753,10002.064132097,10002.064132097,10002.064899358,10002.082854157,2,COMPLETED,True,0.18566624748928007,0.7672609990549972,17.95479900101782,18.907726247562096
3047,10002.067979655569,10002.068123894,10002.068123894,10002.068572785,10002.082359103,1,COMPLETED,True,0.14423843094846234,0.4488909999054158,13.786318000711617,14.379447431565495
3048,10002.068140726527,10002.068191009,10002.068191009,10002.068726698,10002.087672255,0,COMPLETED,True,0.0502824732393492,0.5356889996619429,18.945556999824475,19.531528472725768
3049,10002.095047208293,10002.095158591,10002.095158591,10002.096042785,10002.112645681,3,COMPLETED,True,0.11138270747323986,0.884193999809213,16.60289599931275,17.598472706595203
3050,10002.095304096374,10002.095814159,10002.095814159,10002.09614509,10002.113934095,1,COMPLETED,True,0.5100626258354168,0.33093099955294747,17.789004999940516,18.62999862532888
3051,10002.101577360389,10002.101758932,10002.101758932,10002.102513711,10002.123143622,2,COMPLETED,True,0.18157161139242817,0.7547789991804166,20.629911001378787,21.56626161195163
3052,10002.107129305186,10002.107268951,10002.107268951,10002.108142668,10002.127102471,0,COMPLETED,True,0.1396458137605805,0.8737169991945848,18.959803001052933,19.973165814008098
3053,10002.111031333738,10002.111223835,10002.111223835,10002.11309498,10002.129390159,3,COMPLETED,True,0.19250126206316054,1.8711450011323905,16.295178998916526,18.358825262112077
3054,10002.12172011793,10002.121967197,10002.121967197,10002.122589588,10002.140927008,1,COMPLETED,True,0.24707906959520187,0.6223910004337085,18.33742000053462,19.20689007056353
3055,10002.13857567767,10002.138709632,10002.138709632,10002.139209039,10002.154644982,2,COMPLETED,True,0.13395432870311197,0.49940700046136044,15.435942999829422,16.069304328993894
3056,10002.144715269684,10002.144964188,10002.144964188,10002.145529756,10002.159445279,0,COMPLETED,True,0.24891831708373502,0.5655679997289553,13.915522999013774,14.730009315826464
3057,10002.149241775507,10002.149460541,10002.149460541,10002.150285184,10002.166384346,3,COMPLETED,True,0.21876549362787046,0.8246429988503223,16.09916199959116,17.142570492069353
3058,10002.151769163049,10002.15199819,10002.15199819,10002.152590004,10002.165953092,1,COMPLETED,True,0.22902695127413608,0.5918139995628735,13.363088000915013,14.183928951752023
3059,10002.161904690596,10002.162065865,10002.162065865,10002.162562279,10002.177813801,2,COMPLETED,True,0.16117440463858657,0.496413998916978,15.251521999744,15.909110403299564
3060,10002.167033656804,10002.167148564,10002.167148564,10002.167585061,10002.181391798,0,COMPLETED,True,0.11490719589346554,0.4364970009191893,13.806736998958513,14.358141195771168
3061,10002.168449513634,10002.168581377,10002.168581377,10002.168957068,10002.182545227,1,COMPLETED,True,0.13186336582293734,0.3756909991352586,13.588159001301392,14.095713366259588
3062,10002.180031811407,10002.180124876,10002.180124876,10002.180582046,10002.199010883,3,COMPLETED,True,0.09306459287472535,0.4571699992084177,18.42883700010134,18.979071592184482
3063,10002.18476851049,10002.184914795,10002.184914795,10002.185497845,10002.202546905,2,COMPLETED,True,0.14628451026510447,0.5830499994772254,17.04906000122719,17.77839451096952
3064,10002.197980541168,10002.198006668,10002.198006668,10002.198734353,10002.2172715,0,COMPLETED,True,0.026126832381123677,0.7276849992194911,18.537146999733523,19.290958831334137
3065,10002.20047607418,10002.20056521,10002.20056521,10002.200946866,10002.214763826,1,COMPLETED,True,0.08913581950764637,0.3816560001723701,13.816959999530809,14.287751819210825
3066,10002.203255141934,10002.203356737,10002.203356737,10002.203693444,10002.219065233,3,COMPLETED,True,0.10159506564377807,0.33670700031507295,15.371788998891134,15.810091064849985
3067,10002.214244703167,10002.214348519,10002.214348519,10002.214802328,10002.231846163,2,COMPLETED,True,0.10381583342677914,0.45380899973679334,17.04383499964024,17.601459832803812
3068,10002.216055572673,10002.216187761,10002.216187761,10002.216760548,10002.230705666,1,COMPLETED,True,0.1321883264608914,0.5727870011469349,13.945117998446221,14.650093326054048
3069,10002.218695315361,10002.2188084,10002.2188084,10002.219162063,10002.232638393,0,COMPLETED,True,0.11308463945169933,0.3536629992595408,13.476329999321024,13.943077638032264
3070,10002.224259928465,10002.224359631,10002.224359631,10002.224766533,10002.240950367,3,COMPLETED,True,0.09970253449864686,0.40690199966775253,16.18383400091261,16.69043853507901
3071,10002.237419720608,10002.237512553,10002.237512553,10002.237948601,10002.251433864,1,COMPLETED,True,0.0928323916014051,0.43604799975582864,13.485262999893166,14.0141433912504
3072,10002.246972867977,10002.247079428,10002.247079428,10002.247542817,10002.26535372,2,COMPLETED,True,0.10656002268660814,0.46338900028786156,17.81090300028154,18.38085202325601
3073,10002.250908370304,10002.251029602,10002.251029602,10002.251457794,10002.265313288,0,COMPLETED,True,0.12123169472033624,0.4281920009816531,13.85549400038144,14.40491769608343
3074,10002.251272580539,10002.251384979,10002.251384979,10002.251717409,10002.269269062,3,COMPLETED,True,0.11239846026001032,0.33243000143556856,17.55165299982764,17.996481461523217
3075,10002.25867267067,10002.258770636,10002.258770636,10002.259164612,10002.272835147,1,COMPLETED,True,0.09796532867767382,0.39397600085067097,13.670534999619122,14.162476329147466
3076,10002.261717972671,10002.261812867,10002.261812867,10002.26578533,10002.279646877,0,COMPLETED,True,0.09489432886766735,3.9724630005366635,13.861546998668928,17.92890432807326
3077,10002.273147001835,10002.273249757,10002.273249757,10002.273670603,10002.28901516,2,COMPLETED,True,0.10275516433466692,0.42084599954250734,15.344557001299108,15.868158165176283
3078,10002.283211936267,10002.283386713,10002.283386713,10002.283885177,10002.299343239,3,COMPLETED,True,0.17477673281973694,0.4984639999747742,15.45806200010702,16.13130273290153
3079,10002.283977040775,10002.284114367,10002.284114367,10002.284601527,10002.297980177,1,COMPLETED,True,0.1373262239212636,0.4871600012847921,13.37864999914018,14.003136224346235
3080,10002.294030216748,10002.294185977,10002.294185977,10002.294696927,10002.307944855,0,COMPLETED,True,0.15576025180052966,0.5109499998070532,13.247928000055254,13.914638251662836
3081,10002.301140032414,10002.301286907,10002.301286907,10002.301907276,10002.3178207,2,COMPLETED,True,0.14687458678963594,0.6203689990798011,15.913424000245868,16.680667586115305
3082,10002.308768514707,10002.308930713,10002.308930713,10002.309460114,10002.322801732,1,COMPLETED,True,0.16219829194596969,0.5294010006764438,13.341617999685695,14.033217292308109
3083,10002.308932333459,10002.309054623,10002.309054623,10002.30954824,10002.327982817,3,COMPLETED,True,0.12228954074089415,0.4936170007567853,18.43457699942519,19.05048354092287
3084,10002.317279091982,10002.317395788,10002.317395788,10002.318038541,10002.331703317,0,COMPLETED,True,0.116696019176743,0.6427529988286551,13.664776000950951,14.42422501895635
3085,10002.317905045938,10002.318059947,10002.318059947,10002.31902662,10002.335046593,2,COMPLETED,True,0.1549010612507118,0.9666730002209079,16.01997299985669,17.14154706132831
3086,10002.356653243423,10002.356751807,10002.356751807,10002.357386602,10002.370996086,1,COMPLETED,True,0.09856357610260602,0.6347950002236757,13.609483999971417,14.342842576297699
3087,10002.357630136414,10002.357838658,10002.357838658,10002.358254479,10002.371601565,3,COMPLETED,True,0.20852158559137024,0.41582100129744504,13.347086000067065,13.97142858695588
3088,10002.365451727004,10002.365580846,10002.365580846,10002.366281971,10002.386280295,0,COMPLETED,True,0.1291189964831574,0.7011249999777647,19.998323999971035,20.828567996431957
3089,10002.386768687104,10002.386935531,10002.386935531,10002.387497337,10002.401071201,2,COMPLETED,True,0.16684389629517682,0.5618060004053405,13.573864000136382,14.3025138968369
3090,10002.413378687865,10002.413472478,10002.413472478,10002.414223072,10002.433204512,1,COMPLETED,True,0.09379013499710709,0.7505940011469647,18.98144000006141,19.825824136205483
3091,10002.421920066705,10002.421981617,10002.421981617,10002.422604853,10002.438461246,3,COMPLETED,True,0.06155029586807359,0.6232359992281999,15.856392999921809,16.541179295018082
3092,10002.427957630332,10002.428175288,10002.428175288,10002.428988582,10002.449035109,0,COMPLETED,True,0.2176576672354713,0.8132940001814859,20.04652700088627,21.07747866830323
3093,10002.429017833889,10002.429140906,10002.429140906,10002.429578027,10002.446423531,2,COMPLETED,True,0.12307211181905586,0.4371209997771075,16.845504000229994,17.405697111826157
3094,10002.441215942235,10002.441383466,10002.441383466,10002.4423331,10002.456165893,1,COMPLETED,True,0.16752376541262493,0.9496339989709668,13.832792999892263,14.949950764275854
3095,10002.441526499972,10002.442042325,10002.442042325,10002.442485204,10002.460674316,3,COMPLETED,True,0.5158250278327614,0.4428789998200955,18.189112000982277,19.147816028635134
3096,10002.444279766725,10002.444337571,10002.444337571,10002.446554079,10002.464094858,2,COMPLETED,True,0.057804274547379464,2.2165080008562654,17.540778999318718,19.815091274722363
3097,10002.450863647751,10002.451067691,10002.451067691,10002.451781813,10002.464986283,0,COMPLETED,True,0.20404324823175557,0.7141220012272242,13.204469998527202,14.122635247986182
3098,10002.451461056326,10002.451603116,10002.451603116,10002.456336746,10002.469481261,1,COMPLETED,True,0.14205967454472557,4.7336299994640285,13.144515000021784,18.020204674030538
3099,10002.464524673544,10002.464761731,10002.464761731,10002.465376482,10002.480906296,3,COMPLETED,True,0.2370574566157302,0.6147509993752465,15.529813999819453,16.38162245581043
3100,10002.472311697786,10002.472491777,10002.472491777,10002.473127091,10002.488554098,2,COMPLETED,True,0.18007921426033136,0.6353139997372637,15.427006999743753,16.242400213741348
3101,10002.484190161855,10002.484403808,10002.484403808,10002.485054561,10002.498626051,0,COMPLETED,True,0.21364614440244623,0.6507530015369412,13.571489998867037,14.435889144806424
3102,10002.484699970231,10002.48484906,10002.48484906,10002.485219552,10002.498610221,1,COMPLETED,True,0.14908976845617872,0.3704920000018319,13.39066900072794,13.91025076918595
3103,10002.49121006183,10002.491472536,10002.491472536,10002.492236986,10002.510411233,3,COMPLETED,True,0.2624741700856248,0.7644500001333654,18.174246999478783,19.201171169697773
3104,10002.494086077224,10002.494251738,10002.494251738,10002.494743007,10002.512687196,2,COMPLETED,True,0.1656607764743967,0.4912690001219744,17.94418899953598,18.601118776132353
3105,10002.512724811717,10002.512892033,10002.512892033,10002.513657257,10002.527145586,1,COMPLETED,True,0.16722128384571988,0.7652240001334576,13.488328999301302,14.42077428328048
3106,10002.516303418608,10002.516454154,10002.516454154,10002.517107258,10002.530514103,0,COMPLETED,True,0.15073539179866202,0.6531039998662891,13.406845000645262,14.210684392310213
3107,10002.538939945201,10002.539101935,10002.539101935,10002.539888045,10002.55375627,3,COMPLETED,True,0.16198979938053526,0.7861099984438624,13.868224999896483,14.816324797720881
3108,10002.558199740375,10002.558469548,10002.558469548,10002.559168389,10002.57333021,2,COMPLETED,True,0.2698076241358649,0.6988410004851175,14.161821000016062,15.130469624637044
3109,10002.562405178645,10002.562655348,10002.562655348,10002.563325003,10002.578406926,1,COMPLETED,True,0.25016935433086473,0.6696550008200575,15.081923000252573,16.001747355403495
3110,10002.56601787805,10002.566158362,10002.566158362,10002.566582281,10002.580082842,0,COMPLETED,True,0.14048394950805232,0.4239190002408577,13.500560999091249,14.064963948840159
3111,10002.572695454995,10002.572896507,10002.572896507,10002.573635307,10002.592529035,3,COMPLETED,True,0.20105200383113697,0.738800001272466,18.89372799996636,19.83358000506996
3112,10002.600613310526,10002.60073674,10002.60073674,10002.601208476,10002.61476398,2,COMPLETED,True,0.12342947411525529,0.47173600069072563,13.555503999668872,14.150669474474853
3113,10002.625634393698,10002.625772086,10002.625772086,10002.626545308,10002.645419895,1,COMPLETED,True,0.1376923009956954,0.7732220001344103,18.87458700002753,19.785501301157637
3114,10002.628994110735,10002.629129827,10002.629129827,10002.629713572,10002.649615356,0,COMPLETED,True,0.1357162655040156,0.5837449989485322,19.90178400046716,20.621245264919708
3115,10002.656421427948,10002.656589029,10002.656589029,10002.65749689,10002.676946731,3,COMPLETED,True,0.16760105245339219,0.9078610000869958,19.449841000096058,20.525303052636445
3116,10002.662522886845,10002.662684014,10002.662684014,10002.66345996,10002.680426852,2,COMPLETED,True,0.16112715456984006,0.7759460004308494,16.966892000709777,17.903965155710466
3117,10002.664150336723,10002.664406097,10002.664406097,10002.665248068,10002.680426557,1,COMPLETED,True,0.25576027655915823,0.8419710011366988,15.178489000390982,16.27622027808684
3118,10002.687610117595,10002.687801105,10002.687801105,10002.688583282,10002.707538317,0,COMPLETED,True,0.1909874044940807,0.7821770013833884,18.95503499872575,19.92819940460322
3119,10002.70641384742,10002.706502602,10002.706502602,10002.707034939,10002.722070845,3,COMPLETED,True,0.0887545793375466,0.5323370005498873,15.035906000775867,15.656997580663301
3120,10002.712178708553,10002.712262841,10002.712262841,10002.712764088,10002.726287176,1,COMPLETED,True,0.08413244722760282,0.5012470010115067,13.523087998692063,14.108467446931172
3121,10002.720968921833,10002.721076504,10002.721076504,10002.721780596,10002.737323907,2,COMPLETED,True,0.10758216740214266,0.7040920008876128,15.543310999419191,16.354985167708946
3122,10002.725548175067,10002.725585889,10002.725585889,10002.726224803,10002.739611902,0,COMPLETED,True,0.03771393312490545,0.6389139998645987,13.387098999373848,14.063726932363352
3123,10002.726956267166,10002.727103268,10002.727103268,10002.727617717,10002.744874693,3,COMPLETED,True,0.14700083374918904,0.5144490005477564,17.256975999771385,17.91842583406833
3124,10002.7456856335,10002.745776522,10002.745776522,10002.746306532,10002.760104304,1,COMPLETED,True,0.09088850129046477,0.5300100001477404,13.797771998724784,14.418670500162989
3125,10002.766171903777,10002.766269837,10002.766269837,10002.766854652,10002.780588789,2,COMPLETED,True,0.09793322351470124,0.5848149994562846,13.734137000938063,14.416885223909048
3126,10002.76920195871,10002.769286645,10002.769286645,10002.769816221,10002.783886501,0,COMPLETED,True,0.08468628948321566,0.5295760001899907,14.070279999941704,14.68454228961491
3127,10002.773571181922,10002.773579859,10002.773579859,10002.774262835,10002.793529982,3,COMPLETED,True,0.008677077858010307,0.6829760004620766,19.267146999482065,19.958800077802152
3128,10002.775790615675,10002.775894852,10002.775894852,10002.776400166,10002.789952444,1,COMPLETED,True,0.10423632556921802,0.5053139993833611,13.55227800013381,14.16182832508639
3129,10002.799251907745,10002.799389444,10002.799389444,10002.800160182,10002.813507466,2,COMPLETED,True,0.13753625535173342,0.7707379991188645,13.34728400070162,14.255558255172218
3130,10002.821368985109,10002.821458418,10002.821458418,10002.822378892,10002.842091735,0,COMPLETED,True,0.08943289140006527,0.920473999940441,19.712842999069835,20.72274989041034
3131,10002.822320337578,10002.822404483,10002.822404483,10002.822804283,10002.836596181,1,COMPLETED,True,0.08414542207901832,0.3997999992861878,13.791897999908542,14.275843421273748
3132,10002.836098814285,10002.836202764,10002.836202764,10002.837149396,10002.855498437,3,COMPLETED,True,0.10394971468485892,0.9466320007049944,18.349040999964927,19.39962271535478
3133,10002.841751063836,10002.841843548,10002.841843548,10002.842453881,10002.855818969,2,COMPLETED,True,0.09248416426999029,0.6103329997131368,13.365087999773095,14.067905163756222
3134,10002.84424981724,10002.844338448,10002.844338448,10002.844925096,10002.85807023,1,COMPLETED,True,0.08863075890985783,0.5866480005352059,13.14513400029682,13.820412759741885
3135,10002.877722822133,10002.877808583,10002.877808583,10002.878536602,10002.896835599,0,COMPLETED,True,0.08576086656830739,0.7280190002347808,18.298996999874362,19.11277686667745
3136,10002.883925308417,10002.884013913,10002.884013913,10002.884702677,10002.903494676,3,COMPLETED,True,0.08860458365234081,0.6887639992783079,18.791999000313808,19.569367583244457
3137,10002.89911232056,10002.899212708,10002.899212708,10002.899693363,10002.912766653,2,COMPLETED,True,0.10038744039775338,0.48065500050142873,13.073289999738336,13.654332440637518
3138,10002.900212042445,10002.900324276,10002.900324276,10002.900890818,10002.915505827,1,COMPLETED,True,0.11223355613765307,0.5665419994329568,14.615009000408463,15.293784555979073
3139,10002.919217765559,10002.91937246,10002.91937246,10002.920035802,10002.935365608,0,COMPLETED,True,0.15469444224436302,0.6633419998252066,15.329805999499513,16.147842441569082
3140,10002.92206611429,10002.922224651,10002.922224651,10002.922670605,10002.936207436,3,COMPLETED,True,0.15853670993237756,0.44595399958780035,13.536831000237726,14.141321709757904
3141,10002.922920074127,10002.923025272,10002.923025272,10002.923387896,10002.936783594,2,COMPLETED,True,0.10519787429075222,0.3626239995355718,13.3956979989307,13.863519872757024
3142,10002.936953319622,10002.937292392,10002.937292392,10002.937900855,10002.950893884,1,COMPLETED,True,0.3390723777556559,0.6084630003897473,12.993029000426759,13.940564378572162
3143,10002.95200714878,10002.952155928,10002.952155928,10002.952757762,10002.966011822,0,COMPLETED,True,0.14877921967126895,0.6018339990987442,13.254060000690515,14.004673219460528
3144,10002.957551479714,10002.957711899,10002.957711899,10002.958303987,10002.97165392,3,COMPLETED,True,0.16041928574850317,0.5920879993936978,13.349933000426972,14.102440285569173
3145,10002.959455792326,10002.959596031,10002.959596031,10002.960222934,10002.979242846,2,COMPLETED,True,0.1402386733388994,0.6269030000112252,19.019912000658223,19.787053674008348
3146,10002.96459257983,10002.964762404,10002.964762404,10002.965542044,10002.984693376,1,COMPLETED,True,0.16982417037070263,0.7796399986546021,19.151332000546972,20.100796169572277
3147,10002.96672330874,10002.966887437,10002.966887437,10002.967549396,10002.981402372,0,COMPLETED,True,0.16412825971201528,0.6619590003538178,13.852975998815964,14.679063258881797
3148,10002.983143307978,10002.983273678,10002.983273678,10002.98395002,10002.997647188,3,COMPLETED,True,0.13037002281635068,0.6763419987692032,13.69716800036258,14.503880021948135
3149,10002.984409100916,10002.984499045,10002.984499045,10002.984941687,10002.99850154,2,COMPLETED,True,0.08994408381113317,0.4426420000527287,13.559852999605937,14.092439083469799
3150,10002.986920246629,10002.987002145,10002.987002145,10002.98770264,10003.002572402,0,COMPLETED,True,0.08189837171812542,0.7004950002738042,14.869761998852482,15.652155370844412
3151,10002.987299278846,10002.987518872,10002.987518872,10002.987897396,10003.002062592,1,COMPLETED,True,0.21959315381536726,0.37852400055271573,14.165196000249125,14.763313154617208
3152,10002.991267109797,10002.991435997,10002.991435997,10002.997841792,10003.011290854,3,COMPLETED,True,0.16888720347196795,6.405794998499914,13.449062000290724,20.023744202262606
3153,10003.011822569775,10003.011912545,10003.011912545,10003.012407409,10003.025903771,2,COMPLETED,True,0.08997522490972187,0.4948639998474391,13.496362000296358,14.081201225053519
3154,10003.014957553021,10003.015093665,10003.015093665,10003.015631341,10003.029506661,1,COMPLETED,True,0.1361119793727994,0.5376760000217473,13.875319998987834,14.54910797838238
3155,10003.022317698256,10003.022446437,10003.022446437,10003.023059588,10003.036704514,0,COMPLETED,True,0.12873874402430374,0.6131509999249829,13.644925998960389,14.386815742909675
3156,10003.025064794312,10003.025154145,10003.025154145,10003.025681579,10003.038999135,3,COMPLETED,True,0.08935068763094023,0.5274340001051314,13.317556000401964,13.934340688138036
3157,10003.036268509846,10003.036398045,10003.036398045,10003.037094735,10003.05058519,2,COMPLETED,True,0.12953515397384763,0.6966900000406895,13.490454999555368,14.316680153569905
3158,10003.040787047172,10003.04091367,10003.04091367,10003.041357168,10003.060336296,1,COMPLETED,True,0.12662282824749127,0.44349800009513274,18.979127999045886,19.54924882738851
3159,10003.045628147654,10003.045716505,10003.045716505,10003.046376717,10003.064067364,0,COMPLETED,True,0.08835734479362145,0.6602120010938961,17.69064699874434,18.43921634463186
3160,10003.069406787508,10003.069500863,10003.069500863,10003.070194564,10003.084196788,3,COMPLETED,True,0.09407549077877775,0.6937010002729949,14.002224001160357,14.79000049221213
3161,10003.110795802684,10003.111013379,10003.111013379,10003.111910335,10003.132086814,2,COMPLETED,True,0.21757631657237653,0.8969559985416709,20.176478999928804,21.29101131504285
3162,10003.115485611264,10003.115533771,10003.115533771,10003.116122426,10003.136145698,1,COMPLETED,True,0.04815973625227343,0.5886549988645129,20.023271999889403,20.66008673500619
3163,10003.115736791304,10003.115827642,10003.115827642,10003.116340531,10003.136572426,0,COMPLETED,True,0.09085069541470148,0.5128890006744768,20.23189499959699,20.835634695686167
3164,10003.135258712324,10003.135417274,10003.135417274,10003.136041532,10003.151497581,3,COMPLETED,True,0.15856167556194123,0.6242580002435716,15.456049000931671,16.238868676737184
3165,10003.14263512954,10003.142781729,10003.142781729,10003.143483211,10003.158812546,2,COMPLETED,True,0.14659946100437082,0.7014820002950728,15.329334999478306,16.17741646077775
3166,10003.145098015093,10003.145212126,10003.145212126,10003.145823253,10003.165820789,1,COMPLETED,True,0.11411090781621169,0.611126999501721,19.997535999209504,20.722773906527436
3167,10003.145343244305,10003.145735274,10003.145735274,10003.146305854,10003.167205323,0,COMPLETED,True,0.39202969492180273,0.5705799994757399,20.899469000141835,21.862078694539377
3168,10003.148385098455,10003.14851342,10003.14851342,10003.151932187,10003.167054934,3,COMPLETED,True,0.12832154425268527,3.4187670007668203,15.122746999622905,18.66983554464241
3169,10003.15214708088,10003.152290032,10003.152290032,10003.159052345,10003.175836771,2,COMPLETED,True,0.1429511194146471,6.762312999853748,16.784426001322572,23.689690120590967
3170,10003.174307890406,10003.174424431,10003.174424431,10003.174904252,10003.188366208,1,COMPLETED,True,0.11654059380816761,0.47982100113586057,13.461955999446218,14.058317594390246
3171,10003.194107734405,10003.194198148,10003.194198148,10003.194711647,10003.209347347,0,COMPLETED,True,0.09041359408001881,0.5134990005899454,14.635699999416829,15.239612594086793
3172,10003.196452324075,10003.196535324,10003.196535324,10003.196938041,10003.211418667,3,COMPLETED,True,0.08299992441607174,0.4027169998153113,14.480626001386554,14.966342925617937
3173,10003.202352083586,10003.202450953,10003.202450953,10003.203095303,10003.219150147,2,COMPLETED,True,0.09886941370496061,0.6443500005843816,16.054843999881996,16.798063414171338
3174,10003.202619605978,10003.202823038,10003.202823038,10003.203137958,10003.219282786,1,COMPLETED,True,0.20343202231742907,0.31492000016442034,16.1448279995966,16.66318002207845
3175,10003.205084626423,10003.205246274,10003.205246274,10003.209565935,10003.22390872,0,COMPLETED,True,0.16164757653314155,4.319661000408814,14.342784999826108,18.824093576768064
3176,10003.216672392418,10003.216774911,10003.216774911,10003.217253673,10003.231978202,3,COMPLETED,True,0.10251858111587353,0.4787620000570314,14.724529000886832,15.305809582059737
3177,10003.23236334422,10003.232502413,10003.232502413,10003.233505748,10003.248993107,2,COMPLETED,True,0.13906878120906185,1.003334999040817,15.487358999962453,16.62976278021233
3178,10003.240182776872,10003.240309499,10003.240309499,10003.240894379,10003.26091226,1,COMPLETED,True,0.12672212869802024,0.5848799992236309,20.017881000967463,20.729483128889115
3179,10003.243168579049,10003.243273613,10003.243273613,10003.243690247,10003.262614233,0,COMPLETED,True,0.10503395060368348,0.41663400043034926,18.923985999208526,19.44565395024256
3180,10003.249769062153,10003.249792025,10003.249792025,10003.250258466,10003.272519022,3,COMPLETED,True,0.022962847651797347,0.4664409989345586,22.26055600112886,22.749959847715218
3181,10003.2498607314,10003.250052112,10003.250052112,10003.250294532,10003.264238678,2,COMPLETED,True,0.19138060088152997,0.2424199992674403,13.944146001449553,14.377946601598524
3182,10003.258550483655,10003.258644935,10003.258644935,10003.261138899,10003.281768874,1,COMPLETED,True,0.09445134492125362,2.4939640006778063,20.62997499888297,23.21839034448203
3183,10003.259144902528,10003.25924288,10003.25924288,10003.262896257,10003.281490448,0,COMPLETED,True,0.0979774722509319,3.653376999864122,18.59419100037485,22.345545472489903
3184,10003.259486077797,10003.259571392,10003.259571392,10003.264557412,10003.278358159,2,COMPLETED,True,0.08531420280633029,4.986019999705604,13.800746999550029,18.872081202061963
3185,10003.26948347108,10003.269579833,10003.269579833,10003.272862361,10003.295089589,3,COMPLETED,True,0.09636192044126801,3.282527999544982,22.22722800070187,25.60611792068812
3186,10003.271842272678,10003.271927644,10003.271927644,10003.278537321,10003.292449536,2,COMPLETED,True,0.08537132271158043,6.609677000597003,13.9122149994364,20.607263322744984
3187,10003.274659481274,10003.274747426,10003.274747426,10003.281802832,10003.295450059,0,COMPLETED,True,0.08794472523732111,7.055406000290532,13.647227000546991,20.790577726074844
3188,10003.289975264095,10003.290092847,10003.290092847,10003.290677727,10003.304937359,1,COMPLETED,True,0.11758290565921925,0.5848799992236309,14.25963200017577,14.96209490505862
3189,10003.302021022764,10003.302111503,10003.302111503,10003.302793765,10003.315492034,2,COMPLETED,True,0.09048023639479652,0.6822619998274604,12.698268999884021,13.471011236106278
3190,10003.319507419237,10003.319597017,10003.319597017,10003.320333533,10003.333950788,3,COMPLETED,True,0.08959776278061327,0.7365159999608295,13.617254999189754,14.443368761931197
3191,10003.321507349146,10003.321764347,10003.321764347,10003.322472744,10003.336597834,0,COMPLETED,True,0.2569978532847017,0.708396999471006,14.125090001471108,15.090484854226816
3192,10003.323999042592,10003.324185266,10003.324185266,10003.324902611,10003.338521041,1,COMPLETED,True,0.18622340758156497,0.7173450012487592,13.618429999041837,14.521998407872161
3193,10003.342275561941,10003.342369913,10003.342369913,10003.343303405,10003.361322897,2,COMPLETED,True,0.09435105857846793,0.9334919996035751,18.019492001258186,19.04733505944023
3194,10003.344979074278,10003.345062109,10003.345062109,10003.345652306,10003.358728274,3,COMPLETED,True,0.08303472168336157,0.5901969998376444,13.075968001430738,13.749199722951744
3195,10003.348905850098,10003.349166556,10003.349166556,10003.349828045,10003.368450073,0,COMPLETED,True,0.2607059013826074,0.6614890007767826,18.622027999299462,19.544222901458852
3196,10003.365127676278,10003.365212854,10003.365212854,10003.36579562,10003.378773858,1,COMPLETED,True,0.08517772221239284,0.5827660006616497,12.97823799905018,13.646181721924222
3197,10003.377061862844,10003.377164669,10003.377164669,10003.377759372,10003.391189399,3,COMPLETED,True,0.10280615606461652,0.5947030003881082,13.430027000140399,14.127536156593123
3198,10003.37868475838,10003.378813222,10003.378813222,10003.379369591,10003.393195658,2,COMPLETED,True,0.12846362005802803,0.556369001060375,13.826066999172326,14.51089962029073
3199,10003.379680393762,10003.379770612,10003.379770612,10003.380129209,10003.396251258,0,COMPLETED,True,0.09021823825605679,0.35859699892171193,16.1220490008418,16.570864238019567
3200,10003.383274987104,10003.383374228,10003.383374228,10003.383825441,10003.397720304,1,COMPLETED,True,0.09924089681589976,0.4512129999056924,13.894862999222823,14.445316895944416
3201,10003.388446103338,10003.388563571,10003.388563571,10003.391360724,10003.405047859,3,COMPLETED,True,0.1174676617665682,2.7971529998467304,13.687135000509443,16.60175566212274
3202,10003.395829169898,10003.395953111,10003.395953111,10003.396757824,10003.41004552,2,COMPLETED,True,0.12394110126479063,0.8047130013437709,13.287695999679272,14.216350102287834
3203,10003.398936691869,10003.39904433,10003.39904433,10003.399822071,10003.414031074,0,COMPLETED,True,0.10763813224912155,0.7777409991831519,14.209003000360099,15.094382131792372
3204,10003.399907279847,10003.400050539,10003.400050539,10003.400479785,10003.414244573,1,COMPLETED,True,0.14325915253721178,0.4292459998396225,13.764788000116823,14.337293152493658
3205,10003.40859958509,10003.408801583,10003.408801583,10003.409203878,10003.422517254,3,COMPLETED,True,0.20199791106279008,0.40229499973065685,13.313375999132404,13.917668909925851
3206,10003.412869247073,10003.412966304,10003.412966304,10003.413597137,10003.432142505,2,COMPLETED,True,0.09705692718853243,0.6308329993771622,18.545368000559392,19.273257927125087
3207,10003.416683902127,10003.416771396,10003.416771396,10003.41719284,10003.430572201,0,COMPLETED,True,0.08749387234274764,0.42144399958488066,13.37936100026127,13.888298872188898
3208,10003.421559837527,10003.421646056,10003.421646056,10003.422125668,10003.436120444,1,COMPLETED,True,0.08621847337053623,0.47961199925339315,13.994775999890408,14.560606472514337
3209,10003.424434009436,10003.424519196,10003.424519196,10003.424884022,10003.438880215,3,COMPLETED,True,0.08518656431988347,0.36482600080489647,13.996192999911727,14.446205565036507
3210,10003.431060949562,10003.431107546,10003.431107546,10003.431469328,10003.446450696,0,COMPLETED,True,0.04659643673221581,0.36178200025460683,14.981368000007933,15.389746436994756
3211,10003.43115658487,10003.431171139,10003.431171139,10003.432622446,10003.446663618,2,COMPLETED,True,0.01455413075746037,1.4513070000248263,14.041172000361257,15.507033131143544
3212,10003.450228076501,10003.450330202,10003.450330202,10003.45077355,10003.464271714,1,COMPLETED,True,0.10212549932475667,0.44334799895295873,13.498164000338875,14.04363749861659
3213,10003.45061497342,10003.450702476,10003.450702476,10003.450972281,10003.464090362,3,COMPLETED,True,0.08750257984502241,0.2698049993341556,13.118081000357051,13.47538857953623
3214,10003.456976388981,10003.457024903,10003.457024903,10003.457636047,10003.472060249,2,COMPLETED,True,0.048514018999412656,0.6111439997766865,14.424201999645447,15.083860018421547
3215,10003.459561236436,10003.459669293,10003.459669293,10003.459999039,10003.473311465,0,COMPLETED,True,0.10805656529555563,0.3297459988971241,13.312426000993582,13.750228565186262
3216,10003.470148077617,10003.47035285,10003.47035285,10003.470787488,10003.483807373,3,COMPLETED,True,0.2047723828582093,0.43463800102472305,13.019885000176146,13.659295384059078
3217,10003.48207639205,10003.482204404,10003.482204404,10003.482722908,10003.495836985,1,COMPLETED,True,0.12801194861822296,0.5185040008655051,13.11407699904521,13.760592948528938
3218,10003.48749457393,10003.487655451,10003.487655451,10003.488199053,10003.501455728,2,COMPLETED,True,0.16087706899270415,0.5436020001070574,13.256674999865936,13.961154068965698
3219,10003.500111071575,10003.500275103,10003.500275103,10003.501036382,10003.519537695,0,COMPLETED,True,0.16403142581111751,0.7612789995619096,18.50131299943314,19.426623424806166
3220,10003.50974201737,10003.509831953,10003.509831953,10003.510468089,10003.523777304,3,COMPLETED,True,0.08993563096737489,0.6361359992297366,13.309215000845143,14.035286631042254
3221,10003.51083552571,10003.510959111,10003.510959111,10003.511388908,10003.524980224,1,COMPLETED,True,0.12358528874756303,0.429797000833787,13.59131599929242,14.14469828887377
3222,10003.516065229778,10003.516302006,10003.516302006,10003.51710125,10003.536529303,2,COMPLETED,True,0.23677622266404796,0.7992439986992395,19.428053001320222,20.46407322268351
3223,10003.533577125203,10003.533714243,10003.533714243,10003.534296686,10003.55573569,0,COMPLETED,True,0.1371177968394477,0.5824430008942727,21.43900400005805,22.15856479779177
3224,10003.534175348883,10003.534269591,10003.534269591,10003.534544784,10003.547820757,3,COMPLETED,True,0.09424211748410016,0.2751930005615577,13.275972998599173,13.64540811664483
3225,10003.537773731165,10003.53790875,10003.53790875,10003.538536232,10003.558083947,1,COMPLETED,True,0.13501883586286567,0.6274819988902891,19.547715000953758,20.310215835706913
3226,10003.541200330914,10003.541414489,10003.541414489,10003.542000594,10003.556296115,2,COMPLETED,True,0.21415808623714838,0.5861049994564382,14.295521001258749,15.095784086952335
3227,10003.55049015599,10003.550589988,10003.550589988,10003.551071041,10003.564551343,3,COMPLETED,True,0.09983201016439125,0.48105299902090337,13.480302000971278,14.061187010156573
3228,10003.557269698404,10003.557364379,10003.557364379,10003.557929002,10003.571745054,0,COMPLETED,True,0.09468059579376131,0.5646230001730146,13.816052000038326,14.475355596005102
3229,10003.574730838172,10003.574835769,10003.574835769,10003.575532365,10003.594144746,2,COMPLETED,True,0.10493082845641766,0.696595998306293,18.612381001730682,19.413907828493393
3230,10003.580147258019,10003.580259721,10003.580259721,10003.580737405,10003.594564691,1,COMPLETED,True,0.1124629816331435,0.4776839996338822,13.82728600037808,14.417432981645106
3231,10003.581364246387,10003.581466743,10003.581466743,10003.5818302,10003.596173122,3,COMPLETED,True,0.10249661318084691,0.3634570002759574,14.342921998832026,14.80887561228883
3232,10003.584754729998,10003.584903837,10003.584903837,10003.585433213,10003.599255217,0,COMPLETED,True,0.1491070015617879,0.5293760004860815,13.82200399893918,14.50048700098705
3233,10003.58894491008,10003.58903295,10003.58903295,10003.594370097,10003.608653672,2,COMPLETED,True,0.08803992022876628,5.3371470003185095,14.283574999353732,19.708761919901008
3234,10003.591167253162,10003.591250607,10003.591250607,10003.594974229,10003.608911955,1,COMPLETED,True,0.08335383790836204,3.723621999597526,13.937726000222028,17.744701837727916
3235,10003.593839400148,10003.593924251,10003.593924251,10003.596490769,10003.610185206,3,COMPLETED,True,0.08485085163556505,2.56651800009422,13.694437000594917,16.345805852324702
3236,10003.61210742977,10003.612211755,10003.612211755,10003.612740427,10003.625968523,0,COMPLETED,True,0.10432523049530573,0.5286719988362165,13.228096000602818,13.86109322993434
3237,10003.61232110463,10003.612569667,10003.612569667,10003.612879331,10003.626357386,2,COMPLETED,True,0.24856236996129155,0.30966399936005473,13.4780549997231,14.036281369044445
3238,10003.618383160523,10003.618544198,10003.618544198,10003.619299562,10003.634722696,1,COMPLETED,True,0.16103747657325584,0.7553640007245122,15.423134000229766,16.339535477527534
3239,10003.631075269042,10003.631245136,10003.631245136,10003.632063581,10003.645449512,3,COMPLETED,True,0.16986695845844224,0.8184449998225318,13.38593099899299,14.374242957273964
3240,10003.631907581146,10003.631997629,10003.631997629,10003.632417505,10003.645795781,0,COMPLETED,True,0.09004785351862665,0.41987599979620427,13.378276000366895,13.888199853681726
3241,10003.636577605359,10003.636669072,10003.636669072,10003.637327917,10003.650609063,2,COMPLETED,True,0.09146664160653017,0.6588449996343115,13.281145998917054,14.031457640157896
3242,10003.650895085255,10003.651042774,10003.651042774,10003.651702871,10003.665319249,1,COMPLETED,True,0.14768874461879022,0.6600970009458251,13.616377998914686,14.424163744479301
3243,10003.654701208205,10003.654816121,10003.654816121,10003.655545404,10003.669059455,3,COMPLETED,True,0.11491279474284966,0.7292830014193896,13.514050999219762,14.358246795382001
3244,10003.657623982503,10003.657742189,10003.657742189,10003.658406556,10003.67182068,0,COMPLETED,True,0.11820649706351105,0.6643670003541047,13.414123999609728,14.196697497027344
3245,10003.66126439336,10003.661376771,10003.661376771,10003.661943683,10003.676195767,2,COMPLETED,True,0.11237764010729734,0.5669120000675321,14.25208399996336,14.93137364013819
3246,10003.661693191612,10003.661795418,10003.661795418,10003.665532907,10003.679638787,1,COMPLETED,True,0.10222638775303494,3.7374889998318395,14.105879999988247,17.94559538757312
3247,10003.671766942723,10003.671904597,10003.671904597,10003.672701042,10003.686034973,3,COMPLETED,True,0.13765427684120368,0.7964449996507028,13.333930999579025,14.268030276070931
3248,10003.672486537944,10003.672801474,10003.672801474,10003.673198594,10003.691275662,0,COMPLETED,True,0.31493605638388544,0.39712000034342054,18.077067999911378,18.789124056638684
3249,10003.678506569677,10003.67860004,10003.67860004,10003.679155359,10003.692497372,2,COMPLETED,True,0.09347032391815446,0.5553189985221252,13.342013000510633,13.990802322950913
3250,10003.680326041993,10003.680433477,10003.680433477,10003.680820009,10003.694758401,1,COMPLETED,True,0.10743500752141699,0.38653199953841977,13.938391999545274,14.432359006605111
3251,10003.691043605491,10003.691255595,10003.691255595,10003.691883249,10003.705315554,3,COMPLETED,True,0.21198950889811385,0.6276539988903096,13.432305000605993,14.271948508394416
3252,10003.695915928865,10003.696015933,10003.696015933,10003.696549007,10003.714355293,0,COMPLETED,True,0.10000413385569118,0.533074000486522,17.806285999540705,18.43936413388292
3253,10003.701589570612,10003.701677547,10003.701677547,10003.702279806,10003.715515535,2,COMPLETED,True,0.08797638838586863,0.6022590005159145,13.235728998552077,13.92596438745386
3254,10003.7083810538,10003.708464356,10003.708464356,10003.708945972,10003.722179053,1,COMPLETED,True,0.08330219861818478,0.48161599988816306,13.233081001089886,13.797999199596234
3255,10003.723172465761,10003.723278682,10003.723278682,10003.723816962,10003.736834358,3,COMPLETED,True,0.10621623914630618,0.5382799990911735,13.017396000577719,13.661892238815199
3256,10003.738955451046,10003.739041008,10003.739041008,10003.739643499,10003.753208725,0,COMPLETED,True,0.0855569542181911,0.602490999881411,13.565225999627728,14.25327395372733
3257,10003.74456866073,10003.744651374,10003.744651374,10003.745302013,10003.760364873,2,COMPLETED,True,0.08271326987596694,0.6506390000140527,15.06286000039836,15.796212270288379
3258,10003.746138454217,10003.74622251,10003.74622251,10003.746666463,10003.760228539,1,COMPLETED,True,0.08405578410020098,0.4439529984665569,13.562076001107926,14.090084783674683
3259,10003.76234248713,10003.762444966,10003.762444966,10003.763133932,10003.781435219,3,COMPLETED,True,0.10247886893921532,0.6889659998705611,18.30128700021305,19.092731869022828
3260,10003.7644659493,10003.764642858,10003.764642858,10003.765186803,10003.78419844,0,COMPLETED,True,0.1769086993590463,0.5439450014819158,19.01163699949393,19.732490700334893
3261,10003.764704439742,10003.764886132,10003.764886132,10003.765194397,10003.778441802,1,COMPLETED,True,0.18169225768360775,0.3082650000578724,13.247405000583967,13.737362258325447
3262,10003.772528928257,10003.772636951,10003.772636951,10003.773122144,10003.786438659,2,COMPLETED,True,0.1080227430065861,0.4851930007134797,13.316515000042273,13.909730743762339
3263,10003.784231133304,10003.784338039,10003.784338039,10003.784854969,10003.80091244,1,COMPLETED,True,0.10690569615690038,0.5169300002307864,16.057470998930512,16.6813066953182
3264,10003.788364973614,10003.788488602,10003.788488602,10003.789056473,10003.802612161,3,COMPLETED,True,0.12362838606350124,0.5678710003849119,13.555687999541988,14.2471873859904
3265,10003.798499265902,10003.798685427,10003.798685427,10003.799322624,10003.812754824,0,COMPLETED,True,0.1861610980995465,0.6371969993779203,13.432200001261663,14.25555809873913
3266,10003.810504834637,10003.810637654,10003.810637654,10003.811359509,10003.826765594,2,COMPLETED,True,0.13281936298881192,0.721854999937932,15.406084999995073,16.260759362921817
3267,10003.814085081463,10003.814178208,10003.814178208,10003.814608428,10003.827787287,1,COMPLETED,True,0.0931265367398737,0.430219999543624,13.178859000618104,13.702205536901602
3268,10003.827503814638,10003.827827733,10003.827827733,10003.828557228,10003.849790105,3,COMPLETED,True,0.32391836066381074,0.7294950009963941,21.232876999420114,22.28629036108032
3269,10003.8355681286,10003.835674112,10003.835674112,10003.836354447,10003.849361231,0,COMPLETED,True,0.1059834012266947,0.680334998833132,13.006784000026528,13.793102400086354
3270,10003.840072713778,10003.840164224,10003.840164224,10003.840874248,10003.85516435,2,COMPLETED,True,0.09151022277364973,0.7100239999999758,14.290101998994942,15.091636221768567
3271,10003.84550474142,10003.845593754,10003.845593754,10003.846250092,10003.861149869,1,COMPLETED,True,0.08901257933757734,0.6563379993167473,14.899777001119219,15.645127579773543
3272,10003.85971633522,10003.859807387,10003.859807387,10003.860445945,10003.873512864,0,COMPLETED,True,0.09105177923629526,0.6385579999914626,13.066919000266353,13.79652877949411
3273,10003.879413293947,10003.879514496,10003.879514496,10003.880352401,10003.893767062,3,COMPLETED,True,0.10120205297425855,0.8379049995710375,13.414660999842454,14.35376805238775
3274,10003.87992438931,10003.880022096,10003.880022096,10003.880438633,10003.894023004,2,COMPLETED,True,0.09770669021236245,0.41653699918242637,13.584371001343243,14.098614690738032
3275,10003.883691619098,10003.883796339,10003.883796339,10003.884271413,10003.901385969,1,COMPLETED,True,0.10471990208316129,0.4750740008603316,17.11455599979672,17.694349902740214
3276,10003.89246786555,10003.892582314,10003.892582314,10003.893209624,10003.911636993,0,COMPLETED,True,0.11444845040387008,0.627310000709258,18.427368999255123,19.16912745036825
3277,10003.897182087747,10003.897304806,10003.897304806,10003.898167659,10003.911487966,3,COMPLETED,True,0.12271825289644767,0.8628529994894052,13.32030699995812,14.305878252343973
3278,10003.897534981335,10003.897869701,10003.897869701,10003.898193181,10003.911566861,2,COMPLETED,True,0.3347196652612183,0.3234799987694714,13.373679999858723,14.031879663889413
3279,10003.898458988644,10003.898571648,10003.898571648,10003.901888371,10003.922217709,1,COMPLETED,True,0.1126593560911715,3.3167229994433,20.329338000010466,23.758720355544938
3280,10003.899281158883,10003.899505733,10003.899505733,10003.911871046,10003.925425333,3,COMPLETED,True,0.22457411614595912,12.36531300128263,13.554286999351461,26.14417411678005
3281,10003.899297963546,10003.8996725,10003.8996725,10003.911972083,10003.926026298,2,COMPLETED,True,0.3745364538190188,12.299583000640268,14.054215000214754,26.72833445467404
3282,10003.899605087398,10003.899693128,10003.899693128,10003.912017988,10003.930355498,0,COMPLETED,True,0.08804060234979261,12.324859999353066,18.33751000049233,30.75041060219519
3283,10003.899681360112,10003.899708071,10003.899708071,10003.922760468,10003.942811237,1,COMPLETED,True,0.02671088805072941,23.052397000355995,20.050769000590662,43.12987688899739
3284,10003.904115649439,10003.904208846,10003.904208846,10003.92579675,10003.939145437,3,COMPLETED,True,0.0931965605559526,21.587904000625713,13.348686999961501,35.029787561143166
3285,10003.909544018301,10003.909712106,10003.909712106,10003.926242658,10003.939980868,2,COMPLETED,True,0.16808769942144863,16.530552000403986,13.73820999833697,30.436849698162405
3286,10003.913206662932,10003.913360937,10003.913360937,10003.93048348,10003.949047922,0,COMPLETED,True,0.15427406833623536,17.12254300036875,18.56444199984253,35.841259068547515
3287,10003.926499915964,10003.926765054,10003.926765054,10003.939316645,10003.952919349,3,COMPLETED,True,0.265138036411372,12.551591000374174,13.602703998913057,26.419433035698603
3288,10003.938308146646,10003.938476018,10003.938476018,10003.940348218,10003.954006668,2,COMPLETED,True,0.1678713542787591,1.8722000004345318,13.658449999638833,15.698521354352124
3289,10003.94146243591,10003.941603996,10003.941603996,10003.943067097,10003.959428262,1,COMPLETED,True,0.1415600891050417,1.463100999899325,16.361165000489564,17.96582608949393
3290,10003.946339516346,10003.946495886,10003.946495886,10003.949331105,10003.967293661,0,COMPLETED,True,0.1563696550874738,2.835218998370692,17.962556001293706,20.95414465475187
3291,10003.96407073545,10003.964328468,10003.964328468,10003.965038819,10003.978270555,3,COMPLETED,True,0.2577325503807515,0.7103509997250512,13.231736000307137,14.19981955041294
3292,10003.969820380426,10003.969979495,10003.969979495,10003.970590256,10003.989699838,2,COMPLETED,True,0.15911457376205362,0.6107610006438335,19.10958200096502,19.879457575370907
3293,10003.993767700988,10003.993854622,10003.993854622,10003.994392592,10004.007629458,1,COMPLETED,True,0.08692101255292073,0.5379699996410636,13.23686599971552,13.861757011909503
3294,10004.003808758385,10004.003932592,10004.003932592,10004.00463511,10004.018742602,0,COMPLETED,True,0.1238336153619457,0.7025180002528941,14.107491999311605,14.933843614926445
3295,10004.007308734876,10004.007430733,10004.007430733,10004.008146392,10004.02151029,3,COMPLETED,True,0.12199812408653088,0.715658999979496,13.363898000534391,14.201555124600418
3296,10004.008570429965,10004.008739433,10004.008739433,10004.009222016,10004.02297056,2,COMPLETED,True,0.16900303489819635,0.4825830001209397,13.748543999099638,14.400130034118774
3297,10004.01002215731,10004.010177949,10004.010177949,10004.010653046,10004.025981538,1,COMPLETED,True,0.15579168939439114,0.47509700016235,15.328491999753169,15.95938068930991
3298,10004.051702650835,10004.051816784,10004.051816784,10004.052301439,10004.070348885,0,COMPLETED,True,0.11413316497055348,0.48465500003658235,18.047445999400225,18.64623416440736
3299,10004.051788325403,10004.051915289,10004.051915289,10004.052374453,10004.065664085,3,COMPLETED,True,0.12696359590336215,0.45916400085843634,13.28963199921418,13.875759595975978
3300,10004.054443802685,10004.054611827,10004.054611827,10004.055415708,10004.081279846,2,COMPLETED,True,0.16802431491669267,0.8038810010475572,25.86413799872389,26.83604331468814
3301,10004.058835033557,10004.059089511,10004.059089511,10004.059533487,10004.082442789,1,COMPLETED,True,0.25447744337725453,0.44397599958756473,22.909302000698517,23.607755443663336
3302,10004.05947970016,10004.059623342,10004.059623342,10004.06600414,10004.079375808,3,COMPLETED,True,0.14364184062287677,6.380798000463983,13.371667999308556,19.896107840395416
3303,10004.082165029506,10004.082322979,10004.082322979,10004.083142149,10004.105004476,0,COMPLETED,True,0.15794949467817787,0.8191699998860713,21.862326999325887,22.839446493890136
3304,10004.124861201264,10004.124988576,10004.124988576,10004.12560558,10004.141297186,3,COMPLETED,True,0.1273747366212774,0.6170039996504784,15.691606000473257,16.435984736745013
3305,10004.12634719125,10004.126467161,10004.126467161,10004.126935712,10004.142705528,2,COMPLETED,True,0.11996975081274286,0.46855099935783073,15.769816000101855,16.35833675027243
3306,10004.15585764083,10004.155994874,10004.155994874,10004.156650747,10004.171556341,1,COMPLETED,True,0.1372331698803464,0.6558730001415825,14.90559400008351,15.69870017010544
3307,10004.167952113621,10004.168087321,10004.168087321,10004.16872621,10004.185194408,0,COMPLETED,True,0.1352073795715114,0.6388889996742364,16.46819800043886,17.24229437968461
3308,10004.191158893822,10004.19129178,10004.19129178,10004.191913846,10004.208716635,3,COMPLETED,True,0.13288617810758296,0.6220659997779876,16.80278899948462,17.55774117737019
3309,10004.191327879706,10004.191384794,10004.191384794,10004.192360053,10004.213554857,2,COMPLETED,True,0.056914293963927776,0.9752590012794826,21.194803999605938,22.22697729484935
3310,10004.193020101731,10004.193149809,10004.193149809,10004.19363855,10004.216286408,1,COMPLETED,True,0.12970726857020054,0.4887409995717462,22.647858000709675,23.266306268851622
3311,10004.201641537846,10004.201784467,10004.201784467,10004.20240226,10004.219098533,0,COMPLETED,True,0.1429291551175993,0.6177929990371922,16.696272999979556,17.456995154134347
3312,10004.202797467718,10004.202950515,10004.202950515,10004.209143404,10004.225668223,3,COMPLETED,True,0.15304728185583372,6.192888999066781,16.52481900055136,22.870755281473976
3313,10004.202850275311,10004.203017346,10004.203017346,10004.214206322,10004.230995214,2,COMPLETED,True,0.16707068971300032,11.188975999175454,16.788892000477063,28.144938689365517
3314,10004.212782295092,10004.212925815,10004.212925815,10004.21648086,10004.238874709,1,COMPLETED,True,0.14351990830618888,3.5550449993024813,22.393849001673516,26.092413909282186
3315,10004.21436824903,10004.214489811,10004.214489811,10004.219473859,10004.236143466,0,COMPLETED,True,0.12156197044532746,4.984048000551411,16.669606999130337,21.775216970127076
3316,10004.214662546698,10004.214762017,10004.214762017,10004.22610426,10004.242687329,3,COMPLETED,True,0.09947030230250675,11.342243000399321,16.583069000262185,28.024782302964013
3317,10004.217275688918,10004.21739675,10004.21739675,10004.231238208,10004.247179295,2,COMPLETED,True,0.12106108260923065,13.841457999660634,15.941087000101106,29.90360608237097
3318,10004.218621678405,10004.218745789,10004.218745789,10004.236355691,10004.253596146,0,COMPLETED,True,0.12411059469741303,17.60990200091328,17.24045499940985,34.97446759502054
3319,10004.233248943701,10004.233410496,10004.233410496,10004.239303176,10004.26106446,1,COMPLETED,True,0.16155229786818381,5.8926800011249725,21.761284000604064,27.81551629959722
3320,10004.248271057253,10004.248381136,10004.248381136,10004.249068827,10004.264786299,3,COMPLETED,True,0.11007874672941398,0.6876910010760184,15.71747199886886,16.515241746674292
3321,10004.267775367822,10004.267875463,10004.267875463,10004.268572201,10004.28582509,2,COMPLETED,True,0.10009517791331746,0.6967379995330703,17.252889001611038,18.049722179057426
3322,10004.275587377831,10004.275799037,10004.275799037,10004.276609981,10004.297747273,0,COMPLETED,True,0.2116591676895041,0.8109440004773205,21.13729200027592,22.159895168442745
3323,10004.279371847462,10004.279534773,10004.279534773,10004.280226873,10004.300537122,1,COMPLETED,True,0.16292553846142255,0.6920999985595699,20.310249001340708,21.1652745383617
3324,10004.279888263287,10004.280048315,10004.280048315,10004.280517573,10004.297750373,3,COMPLETED,True,0.16005171346478164,0.46925800052122213,17.232799998964765,17.86210971295077
3325,10004.285646366343,10004.285785974,10004.285785974,10004.286310435,10004.303146957,2,COMPLETED,True,0.1396076568198623,0.5244610001682304,16.8365219997213,17.50059065670939
3326,10004.290055836913,10004.290167998,10004.290167998,10004.29819597,10004.314746514,3,COMPLETED,True,0.1121610875998158,8.027971998672001,16.550543999983347,24.690677086255164
3327,10004.293422431389,10004.293585128,10004.293585128,10004.298305639,10004.314938321,0,COMPLETED,True,0.1626966113690287,4.7205110004142625,16.632681999908527,21.51588961169182
3328,10004.295000160575,10004.295147103,10004.295147103,10004.300929031,10004.318818519,1,COMPLETED,True,0.14694242418045178,5.781928000942571,17.889487999127596,23.81835842425062
3329,10004.312884860681,10004.313021619,10004.313021619,10004.313661003,10004.330171703,2,COMPLETED,True,0.13675831905857194,0.6393839994416339,16.51070000116306,17.286842319663265
3330,10004.320819661103,10004.320949865,10004.320949865,10004.321505999,10004.340864606,3,COMPLETED,True,0.13020389633311424,0.5561340003623627,19.358606999958283,20.04494489665376
3331,10004.324295625782,10004.32442547,10004.32442547,10004.324987118,10004.347524628,0,COMPLETED,True,0.1298442184634041,0.5616479993477697,22.53750999989279,23.229002217703965
3332,10004.325955344328,10004.326082282,10004.326082282,10004.326613661,10004.348776776,1,COMPLETED,True,0.1269376716663828,0.5313790006766794,22.16311499978474,22.8214316721278
3333,10004.333360620052,10004.333488041,10004.333488041,10004.334030427,10004.350166466,2,COMPLETED,True,0.1274209480470745,0.5423860002338188,16.13603899932059,16.805845947601483
3334,10004.336329509022,10004.33645306,10004.33645306,10004.341295626,10004.357343239,3,COMPLETED,True,0.12355097715044394,4.8425660006614635,16.04761300040991,21.013729978221818
3335,10004.37121666304,10004.371342705,10004.371342705,10004.371933946,10004.393826131,0,COMPLETED,True,0.12604196126630995,0.5912409997108625,21.892184999160236,22.60946796013741
3336,10004.378450540107,10004.378542781,10004.378542781,10004.379042256,10004.394106539,1,COMPLETED,True,0.09224089262716006,0.4994749997422332,15.064283001265721,15.655998893635115
3337,10004.382532929467,10004.38272308,10004.38272308,10004.383308935,10004.399419169,2,COMPLETED,True,0.19015053294424433,0.5858549993718043,16.110234000734636,16.886239533050684
3338,10004.404002116991,10004.404145183,10004.404145183,10004.404755473,10004.420794604,3,COMPLETED,True,0.14306600860436447,0.6102900006226264,16.039131000070483,16.792487009297474
3339,10004.405291528628,10004.405413361,10004.405413361,10004.405826194,10004.425739885,0,COMPLETED,True,0.12183237231511157,0.41283300015493296,19.913690999601386,20.44835637207143
3340,10004.409100275683,10004.409229967,10004.409229967,10004.409844973,10004.430967324,1,COMPLETED,True,0.12969131603313144,0.6150060016807402,21.122350999576156,21.867048317290028
3341,10004.412047338943,10004.412166257,10004.412166257,10004.41261753,10004.429169899,2,COMPLETED,True,0.11891805661434773,0.4512730010901578,16.552368999327882,17.122560057032388
3342,10004.416805606588,10004.416922515,10004.416922515,10004.421119302,10004.43615564,3,COMPLETED,True,0.11690841165545862,4.196787000182667,15.036337999845273,19.3500334116834
3343,10004.416964659888,10004.417009216,10004.417009216,10004.425927167,10004.446433371,0,COMPLETED,True,0.04455611269804649,8.917950999602908,20.506204000412254,29.46871111271321
3344,10004.420386068388,10004.420515189,10004.420515189,10004.429499203,10004.445027136,2,COMPLETED,True,0.12912061174574774,8.984014000816387,15.52793299924815,24.641067611810286
3345,10004.42454586955,10004.424680871,10004.424680871,10004.431554998,10004.453612323,1,COMPLETED,True,0.13500144996214658,6.874127000628505,22.057324998968397,29.06645344955905
3346,10004.429354081944,10004.429625739,10004.429625739,10004.436487681,10004.451344191,3,COMPLETED,True,0.2716570561460685,6.861941999886767,14.856510000754497,21.990109056787333
3347,10004.43105061101,10004.431185403,10004.431185403,10004.445364154,10004.460089175,2,COMPLETED,True,0.13479198969434947,14.178751000144985,14.725020999321714,29.038563989161048
3348,10004.431670155942,10004.431878333,10004.431878333,10004.446790693,10004.467001997,0,COMPLETED,True,0.20817705808440223,14.912360000380431,20.211303999531083,35.331841057995916
3349,10004.43562420572,10004.435769573,10004.435769573,10004.451737508,10004.467682264,3,COMPLETED,True,0.14536727940139826,15.967934999935096,15.944755999953486,32.05805827928998
3350,10004.440465406706,10004.440582384,10004.440582384,10004.454171501,10004.473652408,1,COMPLETED,True,0.1169772949651815,13.58911699935561,19.480906999888248,33.18700129420904
3351,10004.444846568169,10004.444923903,10004.444923903,10004.460445543,10004.474516182,2,COMPLETED,True,0.07733483107585926,15.521639999860781,14.070638999328366,29.669613830265007
3352,10004.485825310287,10004.485925394,10004.485925394,10004.486505644,10004.502831631,0,COMPLETED,True,0.10008371282310691,0.5802499999845168,16.325987000527675,17.0063207133353
3353,10004.499533681943,10004.499686187,10004.499686187,10004.500353783,10004.516646128,3,COMPLETED,True,0.15250505748554133,0.6675959994026925,16.292345000692876,17.11244605758111
3354,10004.516723339213,10004.516776208,10004.516776208,10004.517389902,10004.536969467,1,COMPLETED,True,0.052868786951876245,0.6136939991847612,19.57956500154978,20.24612778768642
3355,10004.52267889681,10004.522777444,10004.522777444,10004.523400866,10004.539026186,2,COMPLETED,True,0.09854719064605888,0.6234219999896595,15.625319998434861,16.34728918907058
3356,10004.522898607473,10004.523129788,10004.523129788,10004.523514221,10004.542551912,0,COMPLETED,True,0.23118052740755957,0.3844330003630603,19.037690999539336,19.653304527309956
3357,10004.526817404148,10004.526998568,10004.526998568,10004.527555118,10004.544723322,3,COMPLETED,True,0.1811638521758141,0.5565499996009748,17.16820399997232,17.90591785174911
3358,10004.530166651215,10004.530345881,10004.530345881,10004.537583542,10004.558074994,1,COMPLETED,True,0.17922978440765291,7.237661000544904,20.491451999987476,27.908342784940032
3359,10004.53114450471,10004.531310262,10004.531310262,10004.539440144,10004.553448697,2,COMPLETED,True,0.16575729023315944,8.12988200050313,14.008552998348023,22.304192289084313
3360,10004.539800936354,10004.539930278,10004.539930278,10004.542928312,10004.560922709,0,COMPLETED,True,0.1293416462431196,2.9980339986650506,17.99439700153016,21.12177264643833
3361,10004.554065294402,10004.55418426,10004.55418426,10004.55468553,10004.569958529,3,COMPLETED,True,0.11896559772139881,0.5012700003135251,15.272999000444543,15.893234598479467
3362,10004.568753975223,10004.568941519,10004.568941519,10004.569593705,10004.585301877,2,COMPLETED,True,0.18754377742880024,0.6521859995700652,15.708171998994658,16.547901775993523
3363,10004.584797218025,10004.584924655,10004.584924655,10004.585537196,10004.605195035,1,COMPLETED,True,0.12743697516270913,0.6125410000095144,19.657838998682564,20.397816973854788
3364,10004.588708312867,10004.588837019,10004.588837019,10004.589454719,10004.608343104,2,COMPLETED,True,0.12870613318227697,0.6176999995659571,18.8883850005368,19.634791133285034
3365,10004.589356676472,10004.589462261,10004.589462261,10004.589888473,10004.60484373,3,COMPLETED,True,0.10558452777331695,0.4262120000930736,14.955257000110578,15.487053527976968
3366,10004.594019763153,10004.594126844,10004.594126844,10004.594583887,10004.611015235,0,COMPLETED,True,0.1070808466465678,0.45704299918725155,16.431347999969148,16.995471845802967
3367,10004.606134892061,10004.606232506,10004.606232506,10004.60663225,10004.620132576,3,COMPLETED,True,0.09761393812368624,0.39974399987841025,13.500326000212226,13.997683938214323
3368,10004.60969442547,10004.609784214,10004.609784214,10004.610117585,10004.623514989,1,COMPLETED,True,0.08978853111329954,0.3333709992148215,13.397403999988455,13.820563530316576
3369,10004.628131603387,10004.628219596,10004.628219596,10004.628777386,10004.642445013,2,COMPLETED,True,0.08799261195235886,0.5577900010393932,13.667626999449567,14.313409612441319
3370,10004.651638801708,10004.651733567,10004.651733567,10004.652212791,10004.667884123,0,COMPLETED,True,0.09476529157836922,0.4792239997186698,15.671332001147675,16.245321292444714
3371,10004.679671425485,10004.6797829,10004.6797829,10004.680404347,10004.695568268,3,COMPLETED,True,0.11147451550641563,0.6214469995029503,15.16392099983932,15.896842514848686
3372,10004.688523235825,10004.688648803,10004.688648803,10004.689469776,10004.709152618,1,COMPLETED,True,0.12556717410916463,0.82097300037276,19.682841999383527,20.62938217386545
3373,10004.692808285257,10004.692962671,10004.692962671,10004.69399002,10004.714918066,2,COMPLETED,True,0.15438574337167665,1.0273489988321671,20.9280460003356,22.109780742539442
3374,10004.697434780524,10004.697533551,10004.697533551,10004.698253884,10004.717085,0,COMPLETED,True,0.09877047523332294,0.7203330005722819,18.831116000001202,19.650219475806807
3375,10004.703536292123,10004.703719883,10004.703719883,10004.704716637,10004.728138136,3,COMPLETED,True,0.18359087698627263,0.996753999061184,23.421499001415214,24.60184387746267
3376,10004.709338052126,10004.709545159,10004.709545159,10004.710790603,10004.734553118,1,COMPLETED,True,0.20710687385872006,1.2454440002329648,23.762515000271378,25.215065874363063
3377,10004.715662357026,10004.716116772,10004.716116772,10004.716737599,10004.735487905,2,COMPLETED,True,0.4544149742287118,0.6208269987837411,18.750306000583805,19.825547973596258
3378,10004.71758758237,10004.717756329,10004.717756329,10004.71832078,10004.741672736,0,COMPLETED,True,0.16874663015187252,0.5644510001729941,23.35195599880535,24.085153629130218
3379,10004.720413227291,10004.720563638,10004.720563638,10004.728497147,10004.751184634,3,COMPLETED,True,0.1504107094660867,7.933508999485639,22.687487000439432,30.771406709391158
3380,10004.721763361355,10004.72195287,10004.72195287,10004.734840089,10004.753819746,1,COMPLETED,True,0.18950864614453167,12.887218999821926,18.979656999363215,32.05638464532967
3381,10004.722706590952,10004.722854087,10004.722854087,10004.735939576,10004.753715894,2,COMPLETED,True,0.1474960481573362,13.085488999422523,17.776317999960156,31.009303047540016
3382,10004.732400140905,10004.732921596,10004.732921596,10004.742412319,10004.763944667,0,COMPLETED,True,0.5214550947130192,9.490722999544232,21.532348000619095,31.544526094876346
3383,10004.741862463316,10004.741984798,10004.741984798,10004.751894563,10004.772420004,3,COMPLETED,True,0.12233468441991135,9.909764999974868,20.525440999335842,30.557540683730622
3384,10004.759145911627,10004.759255165,10004.759255165,10004.760042041,10004.778038438,2,COMPLETED,True,0.10925337301159743,0.7868760003475472,17.996397000388242,18.892526373747387
3385,10004.764198303958,10004.764329583,10004.764329583,10004.765414488,10004.784697426,1,COMPLETED,True,0.1312790427618893,1.0849049995158566,19.28293799937819,20.499122041655937
3386,10004.769175477371,10004.769299901,10004.769299901,10004.770076524,10004.788672596,0,COMPLETED,True,0.12442362822184805,0.7766230010020081,18.59607199912716,19.497118628351018
3387,10004.779396212474,10004.779529463,10004.779529463,10004.780380238,10004.795379242,3,COMPLETED,True,0.133250525323092,0.8507750007993309,14.999003999037086,15.983029525159509
3388,10004.797517127532,10004.797608472,10004.797608472,10004.798026168,10004.811638684,2,COMPLETED,True,0.09134446736425161,0.4176960010227049,13.612515998829622,14.121556467216578
3389,10004.798401329628,10004.798485668,10004.798485668,10004.798772635,10004.812276091,1,COMPLETED,True,0.08433837137999944,0.2869670006475644,13.503455998943537,13.8747613709711
3390,10004.806283339556,10004.806379914,10004.806379914,10004.8068642,10004.820462166,0,COMPLETED,True,0.0965744438872207,0.48428599984617904,13.597966000816086,14.178826444549486
3391,10004.81311076588,10004.813197893,10004.813197893,10004.813548121,10004.828219661,3,COMPLETED,True,0.0871271204232471,0.3502279996610014,14.671540000563255,15.108895120647503
3392,10004.816795407865,10004.816906724,10004.816906724,10004.817336851,10004.831438627,2,COMPLETED,True,0.11131613428005949,0.4301270000723889,14.101775999733945,14.643219134086394
3393,10004.818772863206,10004.818921969,10004.818921969,10004.819483139,10004.833500099,1,COMPLETED,True,0.14910579375282396,0.5611699998553377,14.016959999935352,14.727235793543514
3394,10004.821739925572,10004.821839095,10004.821839095,10004.82220214,10004.836312487,0,COMPLETED,True,0.09916942872223444,0.36304499917605426,14.110346999586909,14.572561427485198
3395,10004.822683172684,10004.822858536,10004.822858536,10004.828584318,10004.842070454,3,COMPLETED,True,0.1753633150656242,5.725782000808977,13.486136000210536,19.387281316085136
3396,10004.831466399024,10004.831622937,10004.831622937,10004.832448279,10004.851804301,2,COMPLETED,True,0.15653797527193092,0.8253420000983169,19.356022001375095,20.337901976745343
3397,10004.83522024837,10004.835372252,10004.835372252,10004.835957686,10004.853927283,1,COMPLETED,True,0.15200363122858107,0.5854339997313218,17.969597000046633,18.707034631006536
3398,10004.862289748615,10004.86238016,10004.86238016,10004.862814431,10004.87620734,0,COMPLETED,True,0.0904113858268829,0.43427099990367424,13.392908998866915,13.917591384597472
3399,10004.868016996148,10004.86810993,10004.86810993,10004.868523698,10004.882423854,3,COMPLETED,True,0.09293385119235609,0.4137680007261224,13.900156000090647,14.406857852009125
3400,10004.869417350714,10004.869538108,10004.869538108,10004.87000429,10004.883923204,2,COMPLETED,True,0.12075728591298684,0.4661820003093453,13.91891400089662,14.505853287118953
3401,10004.871677337887,10004.871717873,10004.871717873,10004.872137846,10004.885837732,1,COMPLETED,True,0.040535112930228934,0.41997299922513776,13.699885999812977,14.160394111968344
3402,10004.87266147626,10004.872818885,10004.872818885,10004.876372372,10004.890268458,0,COMPLETED,True,0.15740874005132355,3.5534870003175456,13.896086000386276,17.606981740755145
3403,10004.881654184488,10004.881779907,10004.881779907,10004.882780802,10004.896152835,3,COMPLETED,True,0.12572251216624863,1.0008949993789429,13.372032999541261,14.498650511086453
3404,10004.912819302166,10004.913011558,10004.913011558,10004.913445106,10004.92773453,2,COMPLETED,True,0.1922558330988977,0.43354800072847866,14.2894239997986,14.915227833625977
3405,10004.92670540858,10004.926806544,10004.926806544,10004.927463782,10004.946674286,1,COMPLETED,True,0.10113541975442786,0.6572380007128231,19.21050400051172,19.96887742097897
3406,10004.950004640417,10004.950062701,10004.950062701,10004.950828894,10004.969600671,0,COMPLETED,True,0.0580605828872649,0.7661929994355887,18.771777000438306,19.59603058276116
3407,10004.957729525528,10004.957814722,10004.957814722,10004.95847336,10004.971984572,3,COMPLETED,True,0.08519647235516459,0.6586380004591774,13.511211998775252,14.255046471589594
3408,10004.958895494645,10004.959065497,10004.959065497,10004.959725911,10004.978881304,2,COMPLETED,True,0.17000235493469518,0.6604139998671599,19.155392999891774,19.98580935469363
3409,10004.959154349775,10004.959172531,10004.959172531,10004.959945536,10004.978956528,1,COMPLETED,True,0.018181224731961265,0.7730050001555355,19.01099200040335,19.802178225290845
3410,10004.960240891483,10004.960405174,10004.960405174,10004.970050312,10004.984719371,0,COMPLETED,True,0.16428251728939358,9.645137999541475,14.669058999061235,24.478479515892104
3411,10004.964661326267,10004.964722038,10004.964722038,10004.97240262,10004.985837352,3,COMPLETED,True,0.06071173265809193,7.680582000830327,13.4347319999506,21.17602573343902
3412,10004.973687423011,10004.973838919,10004.973838919,10004.979067525,10004.993727585,2,COMPLETED,True,0.1514959894848289,5.228605999946012,14.660060000096564,20.040161989527405
3413,10004.976280120643,10004.976421896,10004.976421896,10004.979196323,10004.994166541,1,COMPLETED,True,0.14177535740600433,2.77442699916719,14.970218000598834,17.886420357172028
3414,10004.983790636414,10004.984131503,10004.984131503,10004.985058335,10004.998902192,0,COMPLETED,True,0.34086658706655726,0.9268319990951568,13.843856999301352,15.111555585463066
3415,10004.989681441353,10004.989783601,10004.989783601,10004.990426161,10005.004084848,3,COMPLETED,True,0.10215964721282944,0.6425600004149601,13.6586869994062,14.40340664703399
3416,10004.994856390706,10004.995026431,10004.995026431,10004.995629373,10005.01398035,2,COMPLETED,True,0.17004029359668493,0.6029420001141261,18.350977001318824,19.123959295029636
3417,10004.995238812513,10004.995502667,10004.995502667,10004.99591913,10005.010287596,1,COMPLETED,True,0.2638544865476433,0.4164630008745007,14.368465999723412,15.048783487145556
3418,10005.006931699025,10005.007023879,10005.007023879,10005.007476051,10005.021087461,0,COMPLETED,True,0.09217997467203531,0.45217200022307225,13.611410000521573,14.15576197541668
3419,10005.00954839326,10005.009637085,10005.009637085,10005.010213006,10005.02928561,3,COMPLETED,True,0.0886917405296117,0.5759209998359438,19.07260400002997,19.737216740395525
3420,10005.009703659014,10005.009883677,10005.009883677,10005.010644557,10005.024401834,1,COMPLETED,True,0.1800179852580186,0.760880000598263,13.757276999967871,14.698174985824153
3421,10005.010244183428,10005.010325823,10005.010325823,10005.014456921,10005.028544669,2,COMPLETED,True,0.08163957136275712,4.131098001380451,14.087747998928535,18.300485571671743
3422,10005.012177727487,10005.012266176,10005.012266176,10005.021486625,10005.035031836,0,COMPLETED,True,0.08844851254252717,9.220449001077213,13.54521099892736,22.8541085125471
3423,10005.030253332483,10005.030347751,10005.030347751,10005.030855634,10005.043494276,1,COMPLETED,True,0.09441851761948783,0.5078829999547452,12.638641999728861,13.240943517303094
3424,10005.05225295553,10005.052354801,10005.052354801,10005.052877189,10005.066294487,2,COMPLETED,True,0.101845471363049,0.5223879998084158,13.41729799969471,14.041531470866175
3425,10005.060178238895,10005.060338739,10005.060338739,10005.060891436,10005.074339693,3,COMPLETED,True,0.16050010526669212,0.5526969998754794,13.448256999254227,14.161454104396398
3426,10005.062405732917,10005.0626521,10005.0626521,10005.063407329,10005.080360847,0,COMPLETED,True,0.24636708258185536,0.7552290007879492,16.953517999354517,17.95511408272432
3427,10005.068262368475,10005.068363295,10005.068363295,10005.069055919,10005.082924968,1,COMPLETED,True,0.10092652519233525,0.6926240002940176,13.869048998458311,14.662599523944664
3428,10005.07229502103,10005.072416146,10005.072416146,10005.073084937,10005.086909368,2,COMPLETED,True,0.1211249709740514,0.6687909990432672,13.824431000102777,14.614346970120096
3429,10005.083899478177,10005.084014261,10005.084014261,10005.084483888,10005.097869157,3,COMPLETED,True,0.1147828224929981,0.46962700071162544,13.385268999627442,13.969678822832066
3430,10005.09165791399,10005.091760594,10005.091760594,10005.092592661,10005.11119418,0,COMPLETED,True,0.10268000914948061,0.8320670003740815,18.601519001094857,19.53626601061842
3431,10005.10107831158,10005.101207181,10005.101207181,10005.101627105,10005.115371326,1,COMPLETED,True,0.12886942022305448,0.41992399928858504,13.744220999797108,14.293014419308747
3432,10005.10415929125,10005.104249511,10005.104249511,10005.104921267,10005.11886377,2,COMPLETED,True,0.09021974983625114,0.6717560008837609,13.9425029992708,14.704478749990813
3433,10005.112633220711,10005.112743467,10005.112743467,10005.113396087,10005.127771137,3,COMPLETED,True,0.11024628838640638,0.6526199995278148,14.37505000103556,15.137916288949782
3434,10005.117920043278,10005.118018191,10005.118018191,10005.11863803,10005.13194193,0,COMPLETED,True,0.09814772238314617,0.61983900013729,13.303899999300484,14.02188672182092
3435,10005.119209009134,10005.11932609,10005.11932609,10005.119696012,10005.133368531,1,COMPLETED,True,0.11708086640283,0.3699219996633474,13.6725190004654,14.159521866531577
3436,10005.121790921894,10005.121884532,10005.121884532,10005.1223479,10005.136056044,2,COMPLETED,True,0.09361010597785935,0.4633680000551976,13.708144000702305,14.265122106735362
3437,10005.133433939707,10005.133603674,10005.133603674,10005.134322888,10005.147687887,3,COMPLETED,True,0.16973429228528403,0.7192140001279768,13.364999000259559,14.25394729267282
3438,10005.136528525782,10005.136647311,10005.136647311,10005.137101972,10005.150963925,0,COMPLETED,True,0.11878521763719618,0.4546610016404884,13.861952998922789,14.435399218200473
3439,10005.140736581568,10005.140845824,10005.140845824,10005.141349343,10005.154776142,1,COMPLETED,True,0.1092424317903351,0.5035189988120692,13.426799001535983,14.039560432138387
3440,10005.142948400113,10005.143093567,10005.143093567,10005.143568131,10005.157148725,2,COMPLETED,True,0.14516688679577783,0.474563999887323,13.580594000814017,14.200324887497118
3441,10005.14674152381,10005.146885166,10005.146885166,10005.147864836,10005.161431801,3,COMPLETED,True,0.14364218986884225,0.9796700014703674,13.566964998972253,14.690277190311463
3442,10005.151342170622,10005.151529808,10005.151529808,10005.151917841,10005.165168089,0,COMPLETED,True,0.1876373771665385,0.38803300049039535,13.250248000986176,13.82591837864311
3443,10005.17057803877,10005.170750903,10005.170750903,10005.171180778,10005.184848346,1,COMPLETED,True,0.1728642309899442,0.42987499909941107,13.667568000528263,14.270307230617618
3444,10005.173933846074,10005.174022528,10005.174022528,10005.174376416,10005.188364718,2,COMPLETED,True,0.08868192526279017,0.3538880009728018,13.988302000143449,14.43087192637904
3445,10005.17422941695,10005.174332718,10005.174332718,10005.174952411,10005.188304383,3,COMPLETED,True,0.10330104851163924,0.6196930007718038,13.351972000236856,14.074966049520299
3446,10005.189223348136,10005.189316911,10005.189316911,10005.189726819,10005.203106959,0,COMPLETED,True,0.09356286500405986,0.4099079997104127,13.380139998844243,13.883610863558715
3447,10005.195528369351,10005.195614574,10005.195614574,10005.196013266,10005.209443602,1,COMPLETED,True,0.08620464905106928,0.39869200008979533,13.430335999146337,13.915232648287201
3448,10005.205719459216,10005.205817354,10005.205817354,10005.206275365,10005.223603608,2,COMPLETED,True,0.09789478463062551,0.45801099986420013,17.32824299870117,17.884148783195997
3449,10005.2063730458,10005.20649036,10005.20649036,10005.20686563,10005.220988008,3,COMPLETED,True,0.11731420090654865,0.37526999949477613,14.122378001047764,14.614962201449089
3450,10005.206677449572,10005.206859235,10005.206859235,10005.207459646,10005.228513479,0,COMPLETED,True,0.18178542813984677,0.6004110000503715,21.05383299931418,21.8360294275044
3451,10005.211546686076,10005.21164102,10005.21164102,10005.211942838,10005.225672865,1,COMPLETED,True,0.09433392369828653,0.3018179995706305,13.730027001656708,14.126178924925625
3452,10005.222247638516,10005.222426782,10005.222426782,10005.223131533,10005.238621245,3,COMPLETED,True,0.17914348427439108,0.7047509989206446,15.489712000999134,16.37360648419417
3453,10005.234515428287,10005.234609473,10005.234609473,10005.235019637,10005.248672717,2,COMPLETED,True,0.09404471347806975,0.41016400064108893,13.653079999130568,14.157288713249727
3454,10005.238080706817,10005.238175259,10005.238175259,10005.238545675,10005.25218753,1,COMPLETED,True,0.094552184236818,0.37041599898657296,13.641855000969372,14.106823184192763
3455,10005.263472010065,10005.263566513,10005.263566513,10005.264038645,10005.277686325,0,COMPLETED,True,0.09450293509871699,0.4721320001408458,13.64767999984906,14.214314935088623
3456,10005.263825202086,10005.263908289,10005.263908289,10005.264238944,10005.277905701,3,COMPLETED,True,0.08308691394631751,0.33065500065276865,13.666756998645724,14.08049891324481
3457,10005.268692125279,10005.268796998,10005.268796998,10005.269234967,10005.282886437,2,COMPLETED,True,0.10487272083992139,0.43796899990411475,13.651470000695554,14.19431172143959
3458,10005.282686145601,10005.282782058,10005.282782058,10005.283230932,10005.296814383,1,COMPLETED,True,0.09591239904693794,0.44887399963045027,13.583451000158675,14.128237398836063
3459,10005.293461132322,10005.293596184,10005.293596184,10005.294108598,10005.308386706,0,COMPLETED,True,0.1350516777165467,0.5124140006955713,14.278107999416534,14.925573677828652
3460,10005.29693621722,10005.297061903,10005.297061903,10005.297772245,10005.311381882,3,COMPLETED,True,0.12568577949423343,0.7103419993654825,13.609637000627117,14.445664779486833
3461,10005.30278433363,10005.30290762,10005.30290762,10005.303426056,10005.318644818,2,COMPLETED,True,0.12328637058089953,0.5184359997656429,15.218762000586139,15.860484370932681
3462,10005.310324676224,10005.310438179,10005.310438179,10005.310992968,10005.327878603,1,COMPLETED,True,0.11350277600286063,0.554788999579614,16.885635001017363,17.553926776599837
3463,10005.322679162142,10005.322784485,10005.322784485,10005.323277311,10005.340322424,0,COMPLETED,True,0.10532285887165926,0.49282599866273813,17.045112999767298,17.643261857301695
3464,10005.33108793824,10005.331223098,10005.331223098,10005.331730496,10005.345808696,3,COMPLETED,True,0.13515975842892658,0.5073980009910883,14.078199999858043,14.720757759278058
3465,10005.331119901439,10005.331308825,10005.331308825,10005.331807095,10005.345786727,2,COMPLETED,True,0.18892356092692353,0.4982700011169072,13.979631999973208,14.666825562017038
3466,10005.36182943301,10005.361923375,10005.361923375,10005.362393597,10005.376271536,1,COMPLETED,True,0.09394198968948331,0.4702220012404723,13.877938999939943,14.442102990869898
3467,10005.36464999771,10005.364769488,10005.364769488,10005.365212361,10005.37891442,0,COMPLETED,True,0.11949029067181982,0.4428730007930426,13.702058999115252,14.264422290580114
3468,10005.375564754697,10005.375660823,10005.375660823,10005.376223041,10005.390043654,2,COMPLETED,True,0.09606830280972645,0.5622179996862542,13.820613001371385,14.478899303867365
3469,10005.382281546676,10005.382373197,10005.382373197,10005.382860455,10005.396538256,3,COMPLETED,True,0.09165032497548964,0.4872579993389081,13.67780100008531,14.256709324399708
3470,10005.394197402462,10005.394289707,10005.394289707,10005.39472609,10005.407919017,1,COMPLETED,True,0.09230453724740073,0.4363830012152903,13.192926999181509,13.7216145376442
3471,10005.397549472822,10005.397635769,10005.397635769,10005.397961017,10005.411512547,0,COMPLETED,True,0.0862961787788663,0.3252480000810465,13.551529998949263,13.963074177809176
3472,10005.41138572158,10005.411524076,10005.411524076,10005.411969645,10005.425679642,2,COMPLETED,True,0.1383544204145437,0.44556899956660345,13.709996999750729,14.293920419731876
3473,10005.415732432291,10005.415973569,10005.415973569,10005.416434068,10005.429806793,3,COMPLETED,True,0.2411367077002069,0.46049900083744433,13.372724999499042,14.074360708036693
3474,10005.417462869635,10005.417598187,10005.417598187,10005.418089369,10005.435889641,1,COMPLETED,True,0.1353173647657968,0.4911820014967816,17.80027199856704,18.42677136482962
3475,10005.428447356364,10005.428555442,10005.428555442,10005.428998373,10005.441951498,0,COMPLETED,True,0.1080856363842031,0.44293099927017465,12.953125000422006,13.504141636076383
3476,10005.446243444056,10005.446363929,10005.446363929,10005.446942121,10005.460186639,2,COMPLETED,True,0.12048494500049856,0.5781919990113238,13.244518000647076,13.943194944658899
3477,10005.451616008744,10005.451816616,10005.451816616,10005.452600857,10005.46638243,3,COMPLETED,True,0.2006072554650018,0.7842409995646449,13.781573001324432,14.766421256354079
3478,10005.452968212287,10005.453118844,10005.453118844,10005.453647374,10005.467032602,1,COMPLETED,True,0.15063171304063872,0.5285300012474181,13.385227999606286,14.064389713894343
3479,10005.471123768548,10005.471284972,10005.471284972,10005.472188938,10005.485834556,0,COMPLETED,True,0.1612034520803718,0.9039659998961724,13.645618000737159,14.710787452713703
3480,10005.472169654862,10005.472307015,10005.472307015,10005.47293065,10005.492216257,2,COMPLETED,True,0.1373601371597033,0.6236350000108359,19.285607000711025,20.046602137881564
3481,10005.47634323573,10005.476593652,10005.476593652,10005.477355376,10005.490719619,3,COMPLETED,True,0.25041626940947026,0.7617240007675719,13.364242999159615,14.376383269336657
3482,10005.4902725175,10005.490380537,10005.490380537,10005.491018244,10005.504759517,1,COMPLETED,True,0.10801949974847957,0.6377070003509289,13.741273000050569,14.486999500149977
3483,10005.493051119462,10005.493244753,10005.493244753,10005.493815222,10005.506890837,0,COMPLETED,True,0.19363353931112215,0.5704689992853673,13.075614999252139,13.839717537848628
3484,10005.498167739788,10005.498327666,10005.498327666,10005.499140667,10005.512554362,3,COMPLETED,True,0.159926212290884,0.8130009991873521,13.413695000053849,14.386622211532085
3485,10005.512435248987,10005.512598929,10005.512598929,10005.513435142,10005.527193171,2,COMPLETED,True,0.1636800134292571,0.8362129992747214,13.758028999291128,14.757922011995106
3486,10005.522105399948,10005.522283282,10005.522283282,10005.522945832,10005.536339683,1,COMPLETED,True,0.1778820515028201,0.6625499991059769,13.393851000728318,14.234283051337115
3487,10005.52803761667,10005.528223221,10005.528223221,10005.528851851,10005.541843848,0,COMPLETED,True,0.18560432908998337,0.6286300013016444,12.991996998607647,13.806231328999274
3488,10005.536583306897,10005.536681114,10005.536681114,10005.537193602,10005.551570147,3,COMPLETED,True,0.09780710206541698,0.5124880008224864,14.376544999322505,14.986840102210408
3489,10005.550834759875,10005.550964585,10005.550964585,10005.551419534,10005.564440298,2,COMPLETED,True,0.12982512453163508,0.4549490004137624,13.020763999520568,13.605538124465966
3490,10005.563335458393,10005.563513465,10005.563513465,10005.564150239,10005.577452804,1,COMPLETED,True,0.1780066068022279,0.6367740006680833,13.302564999321476,14.117345606791787
3491,10005.567588210686,10005.567842244,10005.567842244,10005.568510123,10005.581703494,0,COMPLETED,True,0.25403331346751656,0.6678789995930856,13.193370999943,14.115283313003602
3492,10005.576862187407,10005.576923305,10005.576923305,10005.577846908,10005.597018469,3,COMPLETED,True,0.0611175928497687,0.9236030000465689,19.1715609998937,20.156281592790037
3493,10005.587227167429,10005.587336169,10005.587336169,10005.588057207,10005.601578063,2,COMPLETED,True,0.10900157030846458,0.7210380008473294,13.520856000468484,14.350895571624278
3494,10005.59013070924,10005.59023607,10005.59023607,10005.590876083,10005.60441993,1,COMPLETED,True,0.10536075933487155,0.6400130005204119,13.54384699880029,14.289220758655574
3495,10005.625556954941,10005.625657029,10005.625657029,10005.626508722,10005.645785274,0,COMPLETED,True,0.10007405944634229,0.8516929992765654,19.276552000519587,20.228319059242494
3496,10005.62930213882,10005.629401519,10005.629401519,10005.630220252,10005.650256569,3,COMPLETED,True,0.09938018047250807,0.8187330004147952,20.036317000631243,20.954430181518546
3497,10005.656873676051,10005.656963666,10005.656963666,10005.65770568,10005.676597935,2,COMPLETED,True,0.08998994962894358,0.7420139991154429,18.89225500053726,19.724258949281648
3498,10005.668578467315,10005.668668693,10005.668668693,10005.66919366,10005.682633187,1,COMPLETED,True,0.09022568519867491,0.5249669993645512,13.43952699971851,14.054719684281736
3499,10005.674330001031,10005.674499947,10005.674499947,10005.675098067,10005.688445891,0,COMPLETED,True,0.16994596808217466,0.5981200010864995,13.347824000447872,14.115889969616546
3500,10005.679340444545,10005.67950041,10005.67950041,10005.680236216,10005.698894015,3,COMPLETED,True,0.1599654551682761,0.7358059992839117,18.657799000720843,19.55357045517303
3501,10005.680595753178,10005.68073771,10005.68073771,10005.681313066,10005.695979682,2,COMPLETED,True,0.14195682160789147,0.5753559998993296,14.666615999885835,15.383928821393056
3502,10005.690917788119,10005.691145319,10005.691145319,10005.691850475,10005.707355752,1,COMPLETED,True,0.2275308816024335,0.7051559987303335,15.505277000556816,16.437963880889583
3503,10005.692799094244,10005.692946982,10005.692946982,10005.69337355,10005.706769033,0,COMPLETED,True,0.14788775661145337,0.42656799996620975,13.39548299984017,13.969938756417832
3504,10005.699115745269,10005.699344737,10005.699344737,10005.700228601,10005.718317037,2,COMPLETED,True,0.22899173200130463,0.8838639987516217,18.088436001562513,19.20129173231544
3505,10005.700066673578,10005.700235123,10005.700235123,10005.700748788,10005.720732936,3,COMPLETED,True,0.16844942183524836,0.5136649997439235,19.984148000730784,20.666262422309956
3506,10005.7018958183,10005.70204252,10005.70204252,10005.706930169,10005.720526991,0,COMPLETED,True,0.14670170094177593,4.887649000011152,13.59682199836243,18.631172699315357
3507,10005.704804793895,10005.7050139,10005.7050139,10005.707551867,10005.725356083,1,COMPLETED,True,0.20910610510327388,2.537967000534991,17.804215998694417,20.55128910433268
3508,10005.723571217715,10005.723711799,10005.723711799,10005.724189687,10005.737694671,2,COMPLETED,True,0.14058128545002546,0.47788799929548986,13.504983999155229,14.123453283900744
3509,10005.725545073688,10005.725864017,10005.725864017,10005.726214575,10005.739718889,0,COMPLETED,True,0.3189433118677698,0.35055799889960326,13.504314001693274,14.173815312460647
3510,10005.729374710487,10005.729503509,10005.729503509,10005.730007506,10005.743719239,3,COMPLETED,True,0.12879851237812545,0.5039970001234906,13.711733001400717,14.344528513902333
3511,10005.730941005075,10005.731203046,10005.731203046,10005.731791345,10005.750099876,1,COMPLETED,True,0.26204092500847764,0.5882990008103661,18.308531000002404,19.158870925821248
3512,10005.739896347533,10005.739926706,10005.739926706,10005.740532713,10005.753946636,2,COMPLETED,True,0.030358465664903633,0.6060070008970797,13.413922999461647,14.05028846602363
3513,10005.739987245857,10005.740043421,10005.740043421,10005.740755963,10005.754222528,0,COMPLETED,True,0.056175142162828706,0.7125419997464633,13.466565000271657,14.23528214218095
3514,10005.742539863448,10005.742639655,10005.742639655,10005.744087705,10005.757838224,3,COMPLETED,True,0.09979155220207758,1.4480499994533602,13.750519001405337,15.298360553060775
3515,10005.76352839536,10005.763699382,10005.763699382,10005.764324453,10005.777442698,1,COMPLETED,True,0.1709866392047843,0.6250710011954652,13.118244998622686,13.914302639022935
3516,10005.790610609201,10005.790723274,10005.790723274,10005.791330384,10005.809158521,2,COMPLETED,True,0.11266479850746691,0.6071099996916018,17.82813700083352,18.54791179903259
3517,10005.795150046899,10005.79523458,10005.79523458,10005.795659533,10005.80998103,0,COMPLETED,True,0.08453310147160664,0.42495299931033514,14.321496999400551,14.830983100182493
3518,10005.80407559662,10005.804162204,10005.804162204,10005.804973786,10005.81833195,3,COMPLETED,True,0.08660738058097195,0.8115820000966778,13.358164000237593,14.256353380915243
3519,10005.81598662618,10005.816093584,10005.816093584,10005.81682776,10005.830979577,1,COMPLETED,True,0.10695782111724839,0.7341759992414154,14.151817000310984,14.992950820669648
3520,10005.817805450071,10005.817890582,10005.817890582,10005.818498247,10005.831902425,2,COMPLETED,True,0.08513192915415857,0.6076649988244753,13.404178000200773,14.096974928179407
3521,10005.827928078876,10005.82810481,10005.82810481,10005.828722192,10005.842577983,3,COMPLETED,True,0.17673112415650394,0.6173820002004504,13.855790999514284,14.649904123871238
3522,10005.836369033304,10005.836472019,10005.836472019,10005.837203,10005.851654441,0,COMPLETED,True,0.1029856957757147,0.7309809989237692,14.451441000346676,15.28540769504616
3523,10005.837207775423,10005.83729369,10005.83729369,10005.83781661,10005.85157376,1,COMPLETED,True,0.08591457662987523,0.5229199996392708,13.757149999946705,14.365984576215851
3524,10005.837566402966,10005.837650657,10005.837650657,10005.83826035,10005.856618244,2,COMPLETED,True,0.08425403393630404,0.6096929992054356,18.3578940013831,19.05184103452484
3525,10005.845491117074,10005.845590035,10005.845590035,10005.846059494,10005.859554796,3,COMPLETED,True,0.09891792615235317,0.46945900066930335,13.495301998773357,14.063678925595013
3526,10005.852146590352,10005.852184524,10005.852184524,10005.852971162,10005.873054979,1,COMPLETED,True,0.03793364703597035,0.7866380001360085,20.083817000340787,20.908388647512766
3527,10005.852695337973,10005.852833942,10005.852833942,10005.853112637,10005.8715361,0,COMPLETED,True,0.13860402759746648,0.27869499899679795,18.423462999635376,18.84076202622964
3528,10005.862551756085,10005.862646273,10005.862646273,10005.863213744,10005.876960655,2,COMPLETED,True,0.09451691585127264,0.567470999158104,13.746910999543616,14.408898914552992
3529,10005.866832382495,10005.866969766,10005.866969766,10005.867379194,10005.880995371,3,COMPLETED,True,0.13738350571657065,0.4094279993296368,13.616177000585594,14.162988505631802
3530,10005.877353060658,10005.877466199,10005.877466199,10005.877871132,10005.89147822,0,COMPLETED,True,0.11313834147586022,0.40493300002708565,13.607088001663215,14.12515934316616
3531,10005.88223539682,10005.882337025,10005.882337025,10005.882754025,10005.896102489,1,COMPLETED,True,0.10162817852688022,0.4170000011072261,13.348463999136584,13.86709217877069
3532,10005.88405600232,10005.884172298,10005.884172298,10005.884542288,10005.89777988,2,COMPLETED,True,0.11629567961790599,0.36999000076320954,13.23759200022323,13.723877680604346
3533,10005.898641964814,10005.898733077,10005.898733077,10005.899224005,10005.912486023,3,COMPLETED,True,0.09111218605539761,0.49092799963545986,13.262018001114484,13.844058186805341
3534,10005.907973759044,10005.908096067,10005.908096067,10005.908455027,10005.921990131,0,COMPLETED,True,0.12230795618961565,0.35896000008506235,13.535104000766296,14.016371957040974
3535,10005.918517523402,10005.918609577,10005.918609577,10005.919045666,10005.93247258,1,COMPLETED,True,0.09205359856423456,0.43608899977698456,13.426913999865064,13.955056598206284
3536,10005.923327673729,10005.923419846,10005.923419846,10005.923808298,10005.937411005,2,COMPLETED,True,0.0921722712519113,0.38845199924253393,13.602707000245573,14.083331270740018
3537,10005.924251911547,10005.924403973,10005.924403973,10005.924880118,10005.941180377,3,COMPLETED,True,0.152061453263741,0.47614499999326654,16.300258999763173,16.92846545302018
3538,10005.934733197679,10005.934913675,10005.934913675,10005.935588411,10005.948650997,0,COMPLETED,True,0.1804773219191702,0.6747359984728973,13.062586000160081,13.917799320552149
3539,10005.93594021584,10005.936046311,10005.936046311,10005.936424117,10005.949631246,1,COMPLETED,True,0.10609515993564855,0.3778059999604011,13.207128999056295,13.691030158952344
3540,10005.953484440071,10005.953798713,10005.953798713,10005.954469603,10005.968720754,2,COMPLETED,True,0.3142729292449076,0.6708900000376161,14.251150998461526,15.23631392774405
3541,10005.9550110652,10005.955159495,10005.955159495,10005.95571569,10005.96979961,3,COMPLETED,True,0.1484298009017948,0.5561949983530212,14.083920001212391,14.788544800467207
3542,10005.95533379671,10005.955468642,10005.955468642,10005.955761925,10005.96983103,0,COMPLETED,True,0.13484528972185217,0.29328300115594175,14.069104998270632,14.497233289148426
3543,10005.958075700712,10005.958233889,10005.958233889,10005.958990288,10005.977426096,1,COMPLETED,True,0.15818828796909656,0.7563990002381615,18.43580800050404,19.350395288711297
3544,10005.961504373752,10005.961597468,10005.961597468,10005.968902248,10005.982934377,2,COMPLETED,True,0.09309424785897136,7.304779999685707,14.032129000042914,21.430003247587592
3545,10005.962898883334,10005.962986483,10005.962986483,10005.970001861,10005.984115658,3,COMPLETED,True,0.08759966658544727,7.0153779997781385,14.11379700039106,21.216774666754645
3546,10005.966209349035,10005.966320328,10005.966320328,10005.97017826,10005.984343614,0,COMPLETED,True,0.11097896458522882,3.8579320007556817,14.165353999487706,18.134264964828617
3547,10005.974623430388,10005.974752539,10005.974752539,10005.977844425,10005.991963694,1,COMPLETED,True,0.12910861187265255,3.091886001129751,14.119268998911139,17.340263611913542
3548,10005.979623840038,10005.979735427,10005.979735427,10005.9832883,10005.996914757,2,COMPLETED,True,0.11158696179336403,3.5528730004443787,13.62645699919085,17.290916961428593
3549,10005.981625658931,10005.981739982,10005.981739982,10005.984480105,10005.997849962,3,COMPLETED,True,0.11432306928327307,2.740122999966843,13.36985699890647,16.224303068156587
3550,10005.984075274779,10005.984191749,10005.984191749,10005.984741802,10005.998291567,0,COMPLETED,True,0.11647422070382163,0.5500530005519977,13.549765000789193,14.216292222045013
3551,10006.02648192767,10006.026659972,10006.026659972,10006.027150011,10006.040287501,1,COMPLETED,True,0.17804432900447864,0.4900389994872967,13.13749000109965,13.805573329591425
3552,10006.032790025398,10006.032914877,10006.032914877,10006.033346027,10006.046723517,2,COMPLETED,True,0.12485160186770372,0.4311499997129431,13.377490000493708,13.933491602074355
3553,10006.037519143692,10006.037635809,10006.037635809,10006.038353063,10006.05261876,3,COMPLETED,True,0.11666530735965353,0.7172540008468786,14.265697000155342,15.099616308361874
3554,10006.050624833973,10006.050772886,10006.050772886,10006.051523205,10006.067660597,0,COMPLETED,True,0.1480520259065088,0.7503190008719685,16.137392000018735,17.035763026797213
3555,10006.062699453345,10006.062859975,10006.062859975,10006.063558402,10006.082087623,1,COMPLETED,True,0.16052165483415592,0.6984270003158599,18.52922099897114,19.388169654121157
3556,10006.065946110384,10006.066156619,10006.066156619,10006.066826459,10006.085733074,2,COMPLETED,True,0.21050861505500507,0.6698400011373451,18.90661499965063,19.78696361584298
3557,10006.070376634349,10006.070628096,10006.070628096,10006.071315606,10006.09027847,3,COMPLETED,True,0.2514616517146351,0.6875099988974398,18.9628640000592,19.901835650671273
3558,10006.086219193492,10006.086399976,10006.086399976,10006.087106343,10006.101678347,0,COMPLETED,True,0.18078250832331832,0.7063670000206912,14.57200400000147,15.45915350834548
3559,10006.088998046926,10006.089166886,10006.089166886,10006.089827041,10006.110401716,1,COMPLETED,True,0.16883907483133953,0.6601549994229572,20.57467499980703,21.403669074061327
3560,10006.091220123248,10006.091420263,10006.091420263,10006.092131293,10006.108176857,2,COMPLETED,True,0.20013975154142827,0.7110300011845538,16.045563999796286,16.95673375252227
3561,10006.093836339836,10006.093985558,10006.093985558,10006.094554301,10006.108460976,3,COMPLETED,True,0.1492181636422174,0.5687430002581095,13.90667499981646,14.624636163716787
3562,10006.104345869351,10006.104459761,10006.104459761,10006.105154966,10006.119055634,0,COMPLETED,True,0.11389164865249768,0.6952050007384969,13.90066800013301,14.709764649524004
3563,10006.1071721532,10006.10730018,10006.10730018,10006.108517895,10006.124363644,2,COMPLETED,True,0.1280267988477135,1.2177150001662085,15.84574899970903,17.191490798722953
3564,10006.110805861947,10006.111159944,10006.111159944,10006.111560131,10006.125395648,3,COMPLETED,True,0.3540820525813615,0.4001870001957286,13.835517000188702,14.589786052965792
3565,10006.112701733828,10006.112847081,10006.112847081,10006.113218409,10006.127472966,1,COMPLETED,True,0.14534717229253147,0.371328000255744,14.254556999730994,14.77123217227927
3566,10006.123338063735,10006.123440328,10006.123440328,10006.123989123,10006.137434105,0,COMPLETED,True,0.10226426456938498,0.5487950002134312,13.444981999782613,14.096041264565429
3567,10006.128534127758,10006.128632204,10006.128632204,10006.12902751,10006.142837489,2,COMPLETED,True,0.09807624155655503,0.3953060004278086,13.809979000143358,14.303361242127721
3568,10006.13882934237,10006.138946019,10006.138946019,10006.139362246,10006.152816944,3,COMPLETED,True,0.1166766305686906,0.41622699973231647,13.454698000714416,13.987601631015423
3569,10006.14341157629,10006.143520941,10006.143520941,10006.143857614,10006.157742539,1,COMPLETED,True,0.10936470971500967,0.33667300158413127,13.884924999729265,14.330962711028405
3570,10006.147529631116,10006.147623875,10006.147623875,10006.148032851,10006.162002055,0,COMPLETED,True,0.094243883722811,0.4089760004717391,13.969203999295132,14.472423883489682
3571,10006.152027521672,10006.152118818,10006.152118818,10006.152500525,10006.16643505,2,COMPLETED,True,0.09129632780968677,0.38170700099726673,13.93452499905834,14.407528327865293
3572,10006.152898799288,10006.153029444,10006.153029444,10006.153527,10006.167254573,3,COMPLETED,True,0.13064471204415895,0.497556000482291,13.727572999414406,14.355773711940856
3573,10006.15710593344,10006.157212254,10006.157212254,10006.158079409,10006.171681379,1,COMPLETED,True,0.10632056000758894,0.8671550003782613,13.601970000308938,14.575445560694789
3574,10006.161009518768,10006.161257025,10006.161257025,10006.162176119,10006.176403848,0,COMPLETED,True,0.24750623197178356,0.9190939999825787,14.227728999685496,15.394329231639858
3575,10006.161519816273,10006.161872235,10006.161872235,10006.166782665,10006.179967235,2,COMPLETED,True,0.3524187268340029,4.910429999654298,13.184570001612883,18.447418728101184
3576,10006.167152595166,10006.167298628,10006.167298628,10006.168130146,10006.181413753,3,COMPLETED,True,0.14603283307224046,0.831518000268261,13.283607000630582,14.261157833971083
3577,10006.182248893949,10006.182381251,10006.182381251,10006.182825916,10006.196173647,1,COMPLETED,True,0.1323570504609961,0.44466500003181864,13.347731000976637,13.924753051469452
3578,10006.191488748276,10006.19157994,10006.19157994,10006.191971124,10006.205398442,0,COMPLETED,True,0.09119172318605706,0.39118400127335917,13.427317999230581,13.909693723689998
3579,10006.193132872098,10006.193230712,10006.193230712,10006.193567299,10006.207300375,2,COMPLETED,True,0.09783990208234172,0.3365869997651316,13.73307599897089,14.167502900818363
3580,10006.195670382915,10006.195757168,10006.195757168,10006.196104388,10006.209709403,3,COMPLETED,True,0.08678508493176196,0.3472200005489867,13.60501499948441,14.03902008496516
3581,10006.20887851092,10006.208969448,10006.208969448,10006.20939114,10006.222913295,1,COMPLETED,True,0.09093707922147587,0.4216920006001601,13.522154999009217,14.034784078830853
3582,10006.217557711128,10006.21765173,10006.21765173,10006.218092951,10006.231965395,0,COMPLETED,True,0.09401887109561358,0.44122100007371046,13.872444000298856,14.40768387146818
3583,10006.232107434178,10006.232396898,10006.232396898,10006.232810076,10006.246401994,2,COMPLETED,True,0.2894638219004264,0.4131780005991459,13.591917999292491,14.294559821792063
3584,10006.23631844474,10006.23651125,10006.23651125,10006.236893214,10006.250343306,3,COMPLETED,True,0.19280525884823874,0.3819640005531255,13.450091999402503,14.024861258803867
3585,10006.243559298355,10006.24365109,10006.24365109,10006.244126098,10006.258853126,1,COMPLETED,True,0.09179164590022992,0.4750079988298239,14.727028001289,15.293827646019054
3586,10006.249317226604,10006.249433298,10006.249433298,10006.249979607,10006.263437249,0,COMPLETED,True,0.11607139640545938,0.5463090001285309,13.457641998684267,14.120022395218257
3587,10006.25796919453,10006.258186525,10006.258186525,10006.258943013,10006.27298935,2,COMPLETED,True,0.21733046924055088,0.7564879997516982,14.046337000763742,15.020155469755991
3588,10006.270146684952,10006.270293338,10006.270293338,10006.271182599,10006.285875122,3,COMPLETED,True,0.14665304843219928,0.8892610003385926,14.692522998302593,15.728437047073385
3589,10006.274251779987,10006.274409286,10006.274409286,10006.275193446,10006.288878595,1,COMPLETED,True,0.15750601232866757,0.784159999966505,13.68514900059381,14.626815012888983
3590,10006.275324519534,10006.275459979,10006.275459979,10006.275920034,10006.289956661,0,COMPLETED,True,0.13545946603699122,0.460055000075954,14.036626998858992,14.632141464971937
3591,10006.280954911932,10006.281114454,10006.281114454,10006.282219062,10006.303618189,2,COMPLETED,True,0.15954206719470676,1.1046080016967608,21.39912699931301,22.66327706820448
3592,10006.280992236496,10006.281246634,10006.281246634,10006.286116457,10006.300838208,3,COMPLETED,True,0.2543975042499369,4.869823000262841,14.72175100025197,19.845971504764748
3593,10006.286219232674,10006.286371378,10006.286371378,10006.289108757,10006.3029001,1,COMPLETED,True,0.15214532686513849,2.737378999881912,13.79134299895668,16.68086732570373
3594,10006.286976934876,10006.287114945,10006.287114945,10006.29030682,10006.304358892,0,COMPLETED,True,0.13801012391922995,3.1918749991746154,14.052072001504712,17.381957124598557
3595,10006.308038111512,10006.308136092,10006.308136092,10006.30875095,10006.323053792,3,COMPLETED,True,0.09798048813536298,0.6148579996079206,14.302842000688543,15.015680488431826
3596,10006.314447442874,10006.314489243,10006.314489243,10006.315228434,10006.328669972,1,COMPLETED,True,0.04180012547294609,0.7391910003207158,13.441537999824504,14.222529125618166
3597,10006.326203253097,10006.32636687,10006.32636687,10006.327109949,10006.34721336,2,COMPLETED,True,0.16361690359190106,0.7430789992213249,20.103411001400673,21.0101069042139
3598,10006.336529259597,10006.336697743,10006.336697743,10006.337382054,10006.356378473,0,COMPLETED,True,0.168483402376296,0.6843110004410846,18.996418999449816,19.849213402267196
3599,10006.342065160723,10006.342158673,10006.342158673,10006.342584951,10006.356381841,3,COMPLETED,True,0.09351227708975784,0.42627800030459184,13.796889999866835,14.316680277261185
3600,10006.344820390917,10006.344919349,10006.344919349,10006.345293483,10006.362000389,1,COMPLETED,True,0.09895808216242585,0.37413400059449486,16.70690599894442,17.179998081701342
3601,10006.356819693438,10006.356952548,10006.356952548,10006.357460143,10006.370905014,2,COMPLETED,True,0.13285456225275993,0.5075949993624818,13.44487100141123,14.085320563026471
3602,10006.360307656809,10006.360406078,10006.360406078,10006.360852944,10006.374341469,0,COMPLETED,True,0.09842119106906466,0.44686600085697137,13.488524999047513,14.03381219097355
3603,10006.374239484505,10006.374331694,10006.374331694,10006.374759166,10006.388510913,3,COMPLETED,True,0.09220949505106546,0.42747199950099457,13.75174700115167,14.27142849570373
3604,10006.376136558014,10006.376269241,10006.376269241,10006.376806164,10006.39030677,1,COMPLETED,True,0.13268298607727047,0.536923000254319,13.500605999070103,14.170211985401693
3605,10006.384497278688,10006.384609151,10006.384609151,10006.385196768,10006.39892708,2,COMPLETED,True,0.11187231211806647,0.5876169998373371,13.730311999097466,14.42980131105287
3606,10006.388978419267,10006.388992243,10006.388992243,10006.389368853,10006.404077635,0,COMPLETED,True,0.013823733752360567,0.37660999987565447,14.7087819987064,15.099215732334414
3607,10006.396930544173,10006.397037063,10006.397037063,10006.397438772,10006.410642514,3,COMPLETED,True,0.10651882621459663,0.40170900138036814,13.203741998950136,13.7119698265451
3608,10006.398829439944,10006.398958803,10006.398958803,10006.399504636,10006.415094155,1,COMPLETED,True,0.12936305574839935,0.5458329997054534,15.589519000059227,16.26471505551308
3609,10006.419082549455,10006.419192335,10006.419192335,10006.419832639,10006.433343374,2,COMPLETED,True,0.10978554564644583,0.6403039988072123,13.510734999726992,14.26082454418065
3610,10006.424087916721,10006.424193799,10006.424193799,10006.424649865,10006.441059591,0,COMPLETED,True,0.10588227814878337,0.45606600178871304,16.4097259985283,16.971674278465798
3611,10006.444653747678,10006.444745205,10006.444745205,10006.445348172,10006.461991838,3,COMPLETED,True,0.09145732292381581,0.6029669984854991,16.64366600016365,17.338090321572963
3612,10006.454203278463,10006.454289452,10006.454289452,10006.455030091,10006.473381455,1,COMPLETED,True,0.08617353705631103,0.7406389995594509,18.351364000409376,19.178176537025138
3613,10006.459172548277,10006.459251202,10006.459251202,10006.459896148,10006.473056532,2,COMPLETED,True,0.07865372390369885,0.644945999738411,13.160384000002523,13.883983723644633
3614,10006.470394928965,10006.470587136,10006.470587136,10006.471494312,10006.490074722,0,COMPLETED,True,0.19220703507016879,0.9071759996004403,18.580410000140546,19.679793034811155
3615,10006.471060776132,10006.471204775,10006.471204775,10006.471678544,10006.485985369,3,COMPLETED,True,0.14399886822502594,0.47376899965456687,14.30682499994873,14.924592867828324
3616,10006.488116893146,10006.488273584,10006.488273584,10006.489012279,10006.504776229,2,COMPLETED,True,0.15669085405534133,0.7386950001091463,15.763949999382021,16.65933585354651
3617,10006.50805149609,10006.508146271,10006.508146271,10006.508847328,10006.521929506,1,COMPLETED,True,0.09477491039433517,0.7010569988779025,13.082178000331623,13.878009909603861
3618,10006.513199547118,10006.513342942,10006.513342942,10006.514133018,10006.528200141,3,COMPLETED,True,0.14339488188852556,0.7900759992480744,14.067123000131687,15.000593881268287
3619,10006.524019898616,10006.524278304,10006.524278304,10006.52501453,10006.540213799,0,COMPLETED,True,0.2584053836471867,0.7362260002992116,15.199269000731874,16.193900384678273
3620,10006.530936769512,10006.531100988,10006.531100988,10006.531989611,10006.550309891,2,COMPLETED,True,0.16421848886238877,0.8886229989002459,18.320279999898048,19.373121487660683
3621,10006.544770067194,10006.544866305,10006.544866305,10006.54555617,10006.558805025,1,COMPLETED,True,0.09623780533729587,0.6898650008224649,13.248855000711046,14.034957806870807
3622,10006.548490989135,10006.548744377,10006.548744377,10006.549592128,10006.56318894,3,COMPLETED,True,0.25338786508655176,0.8477510000375332,13.596811999377678,14.697950864501763
3623,10006.554833837079,10006.555029824,10006.555029824,10006.555910584,10006.569598264,0,COMPLETED,True,0.19598692051658873,0.8807600006548455,13.687680000657565,14.764426921829
3624,10006.555194149762,10006.555656296,10006.555656296,10006.556062432,10006.569571918,2,COMPLETED,True,0.4621462376235286,0.40613600140204653,13.509485999747994,14.37776823877357
3625,10006.56164199721,10006.561823392,10006.561823392,10006.562497986,10006.575898287,1,COMPLETED,True,0.18139478925149888,0.6745940008840989,13.400300998910097,14.256289789045695
3626,10006.569619903214,10006.569725727,10006.569725727,10006.570559401,10006.58364981,3,COMPLETED,True,0.10582378672552295,0.83367399929557,13.090409000142245,14.029906786163338
3627,10006.588425667296,10006.588523355,10006.588523355,10006.589271764,10006.60220368,2,COMPLETED,True,0.09768770360096823,0.7484090001526056,12.931916000525234,13.778012704278808
3628,10006.59189500365,10006.591994908,10006.591994908,10006.592643346,10006.605870553,0,COMPLETED,True,0.09990434955398086,0.6484380010078894,13.227206998635666,13.975549349197536
3629,10006.635780080449,10006.635910251,10006.635910251,10006.636456598,10006.654724595,1,COMPLETED,True,0.13017055061936844,0.5463470006361604,18.26799700029369,18.94451455154922
3630,10006.640381057969,10006.640450895,10006.640450895,10006.640881402,10006.654989151,3,COMPLETED,True,0.06983703133300878,0.43050699969171546,14.107749000686454,14.608093031711178
3631,10006.650268249972,10006.650540677,10006.650540677,10006.651237312,10006.670815755,2,COMPLETED,True,0.27242702708463185,0.6966350010770839,19.57844299977296,20.547505027934676
3632,10006.666055740252,10006.666112354,10006.666112354,10006.666601958,10006.679851107,0,COMPLETED,True,0.056613747801748104,0.4896040009043645,13.249148998511373,13.795366747217486
3633,10006.67322533108,10006.67336211,10006.67336211,10006.673817163,10006.688214021,3,COMPLETED,True,0.1367789191135671,0.45505300113291014,14.396857999599888,14.988689919846365
3634,10006.67710546242,10006.677361853,10006.677361853,10006.677939109,10006.692743162,1,COMPLETED,True,0.2563905800343491,0.5772559998149518,14.804053000261774,15.637699580111075
3635,10006.69214982478,10006.692323311,10006.692323311,10006.692887254,10006.710509002,2,COMPLETED,True,0.17348621986457147,0.5639430000883294,17.621748000237858,18.35917722019076
3636,10006.694190526041,10006.694301743,10006.694301743,10006.694943946,10006.708257958,1,COMPLETED,True,0.11121695933979936,0.642203000097652,13.314011999682407,14.067431959119858
3637,10006.69484508829,10006.695000626,10006.695000626,10006.69551456,10006.714856367,3,COMPLETED,True,0.15553770936094224,0.5139340009918669,19.341806999364053,20.011278709716862
3638,10006.697334385173,10006.697421294,10006.697421294,10006.697898067,10006.717582212,0,COMPLETED,True,0.08690882714290638,0.47677299880888313,19.684145001519937,20.247826827471727
3639,10006.69863738829,10006.698729394,10006.698729394,10006.708680268,10006.722178099,1,COMPLETED,True,0.09200571003020741,9.950874000423937,13.497830999767757,23.5407107102219
3640,10006.70516659313,10006.705290442,10006.705290442,10006.710688303,10006.729867145,2,COMPLETED,True,0.12384886940708384,5.397860999437398,19.1788420015655,24.70055187040998
3641,10006.713026215442,10006.713160083,10006.713160083,10006.715002944,10006.732974352,3,COMPLETED,True,0.13386755745159462,1.8428610001137713,17.97140800044872,19.948136558014085
3642,10006.71742408946,10006.717501737,10006.717501737,10006.718141515,10006.732385803,0,COMPLETED,True,0.07764753900119103,0.639778001641389,14.244287998735672,14.961713539378252
3643,10006.736894637848,10006.737018575,10006.737018575,10006.73764493,10006.750634527,1,COMPLETED,True,0.12393715223879553,0.6263550003495766,12.989596998522757,13.739889151111129
3644,10006.740990954424,10006.741129282,10006.741129282,10006.74159944,10006.75777696,2,COMPLETED,True,0.13832757576892618,0.47015800009830855,16.17751999947359,16.786005575340823
3645,10006.742068940042,10006.742202362,10006.742202362,10006.742562502,10006.755851788,0,COMPLETED,True,0.1334219577984186,0.3601400003390154,13.289286000144784,13.782847958282218
3646,10006.74591961216,10006.746173833,10006.746173833,10006.746741522,10006.766239405,3,COMPLETED,True,0.2542208403610857,0.5676889995811507,19.497883000440197,20.319792840382433
3647,10006.747820970892,10006.74811432,10006.74811432,10006.750824904,10006.764033631,1,COMPLETED,True,0.2933491086878348,2.7105839999421733,13.208726999437204,16.21266010806721
3648,10006.79221887867,10006.792319758,10006.792319758,10006.792842499,10006.811345467,0,COMPLETED,True,0.10087932969327085,0.5227410001680255,18.502967999665998,19.126588329527294
3649,10006.794507807952,10006.794558596,10006.794558596,10006.795146196,10006.809488916,2,COMPLETED,True,0.05078804861113895,0.5875999995623715,14.342720000058762,14.981108048232272
3650,10006.808550462876,10006.808660864,10006.808660864,10006.809448206,10006.824231101,1,COMPLETED,True,0.11040112440241501,0.787341999966884,14.78289499937091,15.68063812374021
3651,10006.83563070794,10006.835749536,10006.835749536,10006.83656022,10006.854308805,3,COMPLETED,True,0.1188280602946179,0.8106839995889459,17.7485849999357,18.678097059819265
3652,10006.837996153265,10006.838034241,10006.838034241,10006.838525193,10006.854596912,2,COMPLETED,True,0.038087735447334126,0.49095199938165024,16.071719001047313,16.600758735876298
3653,10006.84427398249,10006.844497481,10006.844497481,10006.845221593,10006.863552101,0,COMPLETED,True,0.2234985113318544,0.7241119983518729,18.330508000872214,19.27811851055594
3654,10006.85073561311,10006.850911907,10006.850911907,10006.851700083,10006.871475969,1,COMPLETED,True,0.1762938900355948,0.7881759993324522,19.775885999479215,20.74035588884726
3655,10006.855962589134,10006.856064554,10006.856064554,10006.856682523,10006.870875371,3,COMPLETED,True,0.10196486618951894,0.6179689989949111,14.19284800067544,14.91278186585987
3656,10006.856121574003,10006.856126886,10006.856126886,10006.856860678,10006.870913458,2,COMPLETED,True,0.005311996574164368,0.7337920014833799,14.052779999474296,14.79188399753184
3657,10006.863738627033,10006.863847649,10006.863847649,10006.86463065,10006.883785617,0,COMPLETED,True,0.10902196663664654,0.7830009999452159,19.15496699984942,20.046989966431283
3658,10006.882664570801,10006.882816652,10006.882816652,10006.883303038,10006.896883073,3,COMPLETED,True,0.15208119839371648,0.4863859994657105,13.580034999904456,14.218502197763883
3659,10006.883624775475,10006.883748629,10006.883748629,10006.884244194,10006.897924004,2,COMPLETED,True,0.12385352420096751,0.4955650001647882,13.67981000112195,14.299228525487706
3660,10006.8858846115,10006.885995472,10006.885995472,10006.886502148,10006.900232417,1,COMPLETED,True,0.11086049926234409,0.5066760004410753,13.730269000006956,14.347805499710375
3661,10006.89000219381,10006.890143042,10006.890143042,10006.890654692,10006.904627588,0,COMPLETED,True,0.14084818940318655,0.5116500014992198,13.97289599844953,14.625394189351937
3662,10006.893128065049,10006.893229416,10006.893229416,10006.897090007,10006.910892971,3,COMPLETED,True,0.101350951808854,3.860590999465785,13.802964000205975,17.764905951480614
3663,10006.894396200447,10006.894491146,10006.894491146,10006.89813846,10006.911905154,2,COMPLETED,True,0.09494555342826061,3.647313998953905,13.766694000878488,17.508953553260653
3664,10006.894938261254,10006.895022763,10006.895022763,10006.900516776,10006.914032294,1,COMPLETED,True,0.08450174573226832,5.4940130012255395,13.515517999621807,19.094032746579614
3665,10006.903157117884,10006.903400883,10006.903400883,10006.904848837,10006.918983457,0,COMPLETED,True,0.2437651164655108,1.4479540004685987,14.134619999822462,15.826339116756571
3666,10006.908303936494,10006.908628123,10006.908628123,10006.911248496,10006.924933805,3,COMPLETED,True,0.32418650516774505,2.6203730012639426,13.685308998901746,16.629868505333434
3667,10006.912686467593,10006.912811895,10006.912811895,10006.91334108,10006.927067334,2,COMPLETED,True,0.12542740660137497,0.5291850011417409,13.726253999266191,14.380866407009307
3668,10006.91433827613,10006.914535454,10006.914535454,10006.915011114,10006.928713068,1,COMPLETED,True,0.1971778692677617,0.4756600010296097,13.701953999770922,14.374791870068293
3669,10006.91458842424,10006.914615585,10006.914615585,10006.919337948,10006.932891341,0,COMPLETED,True,0.027160758691024967,4.722363000837504,13.553393000620417,18.302916760148946
3670,10006.923699177662,10006.923832902,10006.923832902,10006.925300217,10006.93857399,3,COMPLETED,True,0.13372433932090644,1.467314999899827,13.273773000037181,14.874812339257915
3671,10006.937834701857,10006.937921434,10006.937921434,10006.938628068,10006.952461456,2,COMPLETED,True,0.08673214324517176,0.7066339985613013,13.83338800042111,14.626754142227583
3672,10006.951236272356,10006.951327408,10006.951327408,10006.951943979,10006.965082182,1,COMPLETED,True,0.09113564374274574,0.6165710001369007,13.138202999471105,13.845909643350751
3673,10006.958990603376,10006.959078521,10006.959078521,10006.95980077,10006.973127324,0,COMPLETED,True,0.08791762411419768,0.7222490003186977,13.326553998922464,14.136720623355359
3674,10006.963579274146,10006.963660015,10006.963660015,10006.96432418,10006.977336337,3,COMPLETED,True,0.0807408541732002,0.6641649997618515,13.012157000048319,13.75706285398337
3675,10006.97176456251,10006.971857708,10006.971857708,10006.972538195,10006.986462459,2,COMPLETED,True,0.09314549060945865,0.6804869990446605,13.924264001616393,14.697896491270512
3676,10006.973588735706,10006.97376467,10006.97376467,10006.974374514,10006.993752869,1,COMPLETED,True,0.17593429402040783,0.6098440007917816,19.378355000299052,20.16413329511124
3677,10006.977768111487,10006.978021681,10006.978021681,10006.978499958,10006.992261978,0,COMPLETED,True,0.25356951300636865,0.47827700109337457,13.762020000285702,14.493866514385445
3678,10006.978267841552,10006.978410774,10006.978410774,10006.978821751,10006.992529335,3,COMPLETED,True,0.1429324474884197,0.41097699977399316,13.707584001167561,14.261493448429974
3679,10006.979221587077,10006.979379936,10006.979379936,10006.986819178,10007.000141635,2,COMPLETED,True,0.1583489229233237,7.439242001055391,13.322456999958376,20.92004792393709
3680,10006.9823767277,10006.982578785,10006.982578785,10006.992598584,10007.006005316,0,COMPLETED,True,0.20205730106681585,10.019798999564955,13.406731999566546,23.628588300198317
3681,10006.992712066676,10006.99294719,10006.99294719,10006.993466293,10007.006581768,3,COMPLETED,True,0.23512332336395048,0.5191030013520503,13.11547499972221,13.86970132443821
3682,10007.000451443606,10007.000630544,10007.000630544,10007.001246668,10007.014841685,1,COMPLETED,True,0.1791003942344105,0.6161239998618839,13.595017000625376,14.39024139472167
3683,10007.00191172593,10007.002048527,10007.002048527,10007.002334283,10007.015960246,2,COMPLETED,True,0.13680106894753408,0.28575600117619615,13.625962999867625,14.048520069991355
3684,10007.015461324352,10007.015565224,10007.015565224,10007.016193229,10007.029499622,0,COMPLETED,True,0.10389964700152632,0.6280050001805648,13.306393000675598,14.03829764785769
3685,10007.02602112042,10007.026206559,10007.026206559,10007.026914661,10007.039915014,3,COMPLETED,True,0.18543857913755346,0.7081020012265071,13.00035299937008,13.89389357973414
3686,10007.039588375055,10007.039675505,10007.039675505,10007.04045035,10007.053265068,1,COMPLETED,True,0.08712994531379081,0.7748449988866923,12.814718000299763,13.676692944500246
3687,10007.048554065801,10007.04863553,10007.04863553,10007.0493616,10007.069636444,2,COMPLETED,True,0.08146419895638246,0.7260700003826059,20.274843998777214,21.082378198116203
3688,10007.048766498778,10007.04914012,10007.04914012,10007.049639157,10007.069957696,0,COMPLETED,True,0.3736212220246671,0.4990369998267852,20.318539000072633,21.191197221924085
3689,10007.058037950075,10007.058290779,10007.058290779,10007.059016974,10007.072577206,3,COMPLETED,True,0.2528289242036408,0.7261950013344176,13.560231998781092,14.53925592431915
3690,10007.06574322624,10007.065907359,10007.065907359,10007.066727076,10007.083160382,1,COMPLETED,True,0.16413275989179965,0.8197170009225374,16.43330600018089,17.41715576099523
3691,10007.071350095175,10007.071515103,10007.071515103,10007.07229845,10007.085589069,2,COMPLETED,True,0.16500782476214226,0.7833470008336008,13.290618999235448,14.238973824831191
3692,10007.075857569713,10007.076107617,10007.076107617,10007.076791707,10007.090596529,0,COMPLETED,True,0.250047287408961,0.6840900005045114,13.80482199965627,14.738959287569742
3693,10007.084228957427,10007.084439839,10007.084439839,10007.085377882,10007.100367042,3,COMPLETED,True,0.2108815733663505,0.9380430001328932,14.989159999458934,16.138084572958178
3694,10007.089328436057,10007.089480233,10007.089480233,10007.090122497,10007.105013668,1,COMPLETED,True,0.15179694310063496,0.6422639999072999,14.891171000272152,15.685231943280087
3695,10007.094740725552,10007.094900603,10007.094900603,10007.095772166,10007.114586764,2,COMPLETED,True,0.15987744882295374,0.8715629992366303,18.814598000972182,19.846038449031767
3696,10007.098423568677,10007.098582606,10007.098582606,10007.099337036,10007.117249274,0,COMPLETED,True,0.15903732310107443,0.7544299987785053,17.912238001372316,18.825705323251896
3697,10007.117152345198,10007.117267497,10007.117267497,10007.117955102,10007.131881382,3,COMPLETED,True,0.11515180267451797,0.6876049992570188,13.926280000305269,14.729036802236806
3698,10007.123193601186,10007.123281812,10007.123281812,10007.123703614,10007.138105858,1,COMPLETED,True,0.08821081428322941,0.4218019985273713,14.402243999938946,14.912256812749547
3699,10007.12875481839,10007.128872724,10007.128872724,10007.129433571,10007.143232728,2,COMPLETED,True,0.11790561075031292,0.5608470000879606,13.799156999084516,14.47790960992279
3700,10007.135427307787,10007.135568459,10007.135568459,10007.136293129,10007.149989656,0,COMPLETED,True,0.14115121302893385,0.7246700006362516,13.696526999410708,14.562348213075893
3701,10007.137274008324,10007.137545173,10007.137545173,10007.13820988,10007.155117318,3,COMPLETED,True,0.2711646757234121,0.6647070003964473,16.90743799917982,17.84330967529968
3702,10007.13759786794,10007.1376896,10007.1376896,10007.138281281,10007.1525258,1,COMPLETED,True,0.09173205944534857,0.5916810005146544,14.244518999475986,14.927932059435989
3703,10007.137882543182,10007.138069469,10007.138069469,10007.143403452,10007.157258521,2,COMPLETED,True,0.18692581761570182,5.333983001037268,13.85506899896427,19.37597781761724
3704,10007.151722369172,10007.151874557,10007.151874557,10007.152508203,10007.165882851,0,COMPLETED,True,0.15218782755255233,0.6336460010061273,13.374648000535672,14.160481829094351
3705,10007.162235553657,10007.162418463,10007.162418463,10007.162939569,10007.176539772,1,COMPLETED,True,0.18290934349352028,0.5211059997236589,13.600202999441535,14.304218342658714
3706,10007.16962372927,10007.169784463,10007.169784463,10007.17046886,10007.188927959,3,COMPLETED,True,0.16073372898972593,0.6843970004410949,18.459098999301204,19.304229728732025
3707,10007.201163713167,10007.20133179,10007.20133179,10007.201989274,10007.215775989,2,COMPLETED,True,0.16807683277875185,0.6574840008397587,13.78671499878692,14.61227583240543
3708,10007.203120084941,10007.203362992,10007.203362992,10007.203916186,10007.217769969,0,COMPLETED,True,0.24290705914609134,0.5531939987122314,13.853783000740805,14.649884058599127
3709,10007.203996011805,10007.204136598,10007.204136598,10007.2045222,10007.217891851,1,COMPLETED,True,0.14058619490242563,0.38560199936910067,13.369651000175509,13.895839194447035
3710,10007.217315905811,10007.217424652,10007.217424652,10007.217919968,10007.231370894,3,COMPLETED,True,0.10874618965317495,0.4953159987053368,13.45092600058706,14.054988188945572
3711,10007.21881701482,10007.218994646,10007.218994646,10007.219428923,10007.232994128,0,COMPLETED,True,0.17763118012226187,0.43427699893072713,13.565205001214053,14.177113180267042
3712,10007.232131928755,10007.232301326,10007.232301326,10007.232769471,10007.24578089,2,COMPLETED,True,0.1693972444627434,0.4681450009229593,13.011418999667512,13.648961245053215
3713,10007.252786907844,10007.252972669,10007.252972669,10007.253540322,10007.266439923,1,COMPLETED,True,0.18576115689938888,0.5676529999618651,12.899600998935057,13.65301515579631
3714,10007.261027664299,10007.261198558,10007.261198558,10007.261966524,10007.280800082,3,COMPLETED,True,0.17089370157918893,0.7679659993300447,18.83355800055142,19.772417701460654
3715,10007.261993368258,10007.262131004,10007.262131004,10007.262494975,10007.279149621,0,COMPLETED,True,0.13763574133918155,0.36397100120666437,16.65464599864208,17.156252741187927
3716,10007.279673841846,10007.279744894,10007.279744894,10007.280436787,10007.293613518,2,COMPLETED,True,0.07105215445335489,0.6918929993844358,13.176731001294684,13.939676155132474
3717,10007.283467464602,10007.283640552,10007.283640552,10007.284447482,10007.303164535,1,COMPLETED,True,0.17308739734289702,0.8069300001807278,18.7170530007279,19.697070398251526
3718,10007.292149813271,10007.292402515,10007.292402515,10007.293267497,10007.311038867,0,COMPLETED,True,0.25270172955060843,0.8649819992569974,17.771369999536546,18.88905372834415
3719,10007.319068916697,10007.319219873,10007.319219873,10007.319816978,10007.334204621,3,COMPLETED,True,0.15095630260475446,0.5971050013613421,14.387642999281525,15.135704303247621
3720,10007.3230913319,10007.323256197,10007.323256197,10007.323892093,10007.337739684,2,COMPLETED,True,0.16486509957758244,0.6358959999488434,13.847591000740067,14.648352100266493
3721,10007.325871742882,10007.326034871,10007.326034871,10007.326699307,10007.345867331,1,COMPLETED,True,0.16312811749230605,0.6644360000791494,19.168024000464357,19.995588118035812
3722,10007.328987660661,10007.329089796,10007.329089796,10007.329662232,10007.343475857,0,COMPLETED,True,0.10213533823844045,0.5724359998566797,13.813625000693719,14.488196338788839
3723,10007.335280143807,10007.335429898,10007.335429898,10007.335962345,10007.354918716,3,COMPLETED,True,0.14975419253460132,0.5324470002960879,18.95637100096792,19.63857219379861
3724,10007.34968122753,10007.349785223,10007.349785223,10007.350293503,10007.363648241,2,COMPLETED,True,0.10399546954431571,0.5082799998490373,13.354738000998623,13.967013470391976
3725,10007.358791719582,10007.358881338,10007.358881338,10007.359486962,10007.373469227,0,COMPLETED,True,0.08961841740529053,0.6056239999452373,13.982265001686756,14.677507419037283
3726,10007.381798413266,10007.381955099,10007.381955099,10007.382453614,10007.395633017,1,COMPLETED,True,0.15668573360017035,0.4985150007996708,13.179403000322054,13.834603734721895
3727,10007.3875778427,10007.387679554,10007.387679554,10007.388170241,10007.401153845,3,COMPLETED,True,0.10171130088565405,0.49068699991039466,12.983603999600746,13.576002300396794
3728,10007.412486773783,10007.412578361,10007.412578361,10007.413165737,10007.426548189,2,COMPLETED,True,0.09158721695712302,0.5873760001122719,13.382451999859768,14.061415216929163
3729,10007.412499192302,10007.412637244,10007.412637244,10007.41325717,10007.430570614,0,COMPLETED,True,0.1380516987410374,0.6199259987624828,17.313444001047174,18.071421698550694
3730,10007.425675018836,10007.425900706,10007.425900706,10007.426790396,10007.446245571,1,COMPLETED,True,0.22568716485693585,0.8896899998944718,19.455174999166047,20.570552163917455
3731,10007.425759246911,10007.426048766,10007.426048766,10007.42701885,10007.440671184,2,COMPLETED,True,0.28951908825547434,0.9700840000732569,13.652334000653354,14.911937088982086
3732,10007.435978231768,10007.436132149,10007.436132149,10007.436754084,10007.45480702,3,COMPLETED,True,0.15391723172797356,0.621934999799123,18.05293600045843,18.828788231985527
3733,10007.452231217118,10007.452386837,10007.452386837,10007.453056579,10007.471771895,0,COMPLETED,True,0.15561988220724743,0.6697419994452503,18.71531600045273,19.54067788210523
3734,10007.482984653607,10007.483091102,10007.483091102,10007.483605559,10007.500355384,2,COMPLETED,True,0.10644839312590193,0.5144570004631532,16.749824999351404,17.37073039294046
3735,10007.504501769028,10007.50466066,10007.50466066,10007.505252238,10007.525218103,1,COMPLETED,True,0.15889097267063335,0.5915779984206893,19.965864999903715,20.716333970995038
3736,10007.504659533739,10007.504719819,10007.504719819,10007.505304014,10007.518892137,3,COMPLETED,True,0.06028526149748359,0.5841949987370754,13.588123001682106,14.232603261916665
3737,10007.512879889953,10007.512968009,10007.512968009,10007.513625213,10007.532987828,0,COMPLETED,True,0.08811904626782052,0.657204000162892,19.362615001227823,20.107938047658536
3738,10007.521951302238,10007.522050099,10007.522050099,10007.52268349,10007.536512287,2,COMPLETED,True,0.09879676144919358,0.633391000519623,13.828797000314808,14.560984762283624
3739,10007.522507337284,10007.522593422,10007.522593422,10007.52300619,10007.536383407,3,COMPLETED,True,0.08608471580373589,0.41276800038758665,13.377216999288066,13.876069715479389
3740,10007.531218262191,10007.531356237,10007.531356237,10007.532259733,10007.550542088,1,COMPLETED,True,0.1379748082399601,0.9034960003191372,18.282355000337702,19.3238258088968
3741,10007.544086063543,10007.544264313,10007.544264313,10007.545068632,10007.558337403,0,COMPLETED,True,0.1782494582585059,0.8043189991440158,13.268770999275148,14.25133945667767
3742,10007.552239132367,10007.552411525,10007.552411525,10007.553045404,10007.566563487,3,COMPLETED,True,0.17239263252122328,0.6338790008157957,13.518083000235492,14.324354633572511
3743,10007.5537688191,10007.553856652,10007.553856652,10007.554346038,10007.56763533,2,COMPLETED,True,0.08783290104474872,0.48938599866232835,13.289292000990827,13.866510900697904
3744,10007.56174015773,10007.561876542,10007.561876542,10007.562866029,10007.58121903,1,COMPLETED,True,0.1363842711725738,0.989486999969813,18.353000999923097,19.478872271065484
3745,10007.563161856198,10007.563352062,10007.563352062,10007.563841871,10007.577322184,0,COMPLETED,True,0.19020580111828167,0.48980900101014413,13.480313000400201,14.160327802528627
3746,10007.569080093168,10007.569213014,10007.569213014,10007.569887181,10007.583176151,3,COMPLETED,True,0.13292083167470992,0.6741670003975742,13.288969999848632,14.096057831920916
3747,10007.576556042988,10007.576656282,10007.576656282,10007.577376677,10007.590592114,2,COMPLETED,True,0.10023901268141344,0.7203949990071123,13.215437000326347,14.036071012014872
3748,10007.58792710667,10007.588086697,10007.588086697,10007.58884226,10007.602515666,0,COMPLETED,True,0.15959033044055104,0.7555629999842495,13.673405999725219,14.58855933015002
3749,10007.593371291834,10007.593475203,10007.593475203,10007.594169267,10007.607530056,1,COMPLETED,True,0.10391116666141897,0.6940639996173559,13.360789000216755,14.15876416649553
3750,10007.593832710094,10007.593988098,10007.593988098,10007.594341156,10007.607589974,3,COMPLETED,True,0.15538790648861323,0.35305799974594265,13.248818000647589,13.757263906882145
3751,10007.598578580257,10007.598740454,10007.598740454,10007.599383754,10007.613308707,2,COMPLETED,True,0.16187374239962082,0.6433000016841106,13.924952998422668,14.7301267425064
3752,10007.611718894037,10007.61196846,10007.61196846,10007.612778057,10007.625870867,0,COMPLETED,True,0.2495659628038993,0.8095970006252173,13.092809998852317,14.151972962281434
3753,10007.61291214291,10007.613089147,10007.613089147,10007.613515698,10007.626384319,1,COMPLETED,True,0.17700409080134705,0.4265509996912442,12.868621000961866,13.472176091454457
3754,10007.618282457572,10007.618376021,10007.618376021,10007.619158534,10007.637000166,3,COMPLETED,True,0.09356342889077496,0.7825129996490432,17.841631999544916,18.717708428084734
3755,10007.62727473371,10007.627373292,10007.627373292,10007.627980084,10007.641393195,2,COMPLETED,True,0.09855829011939932,0.6067920003260951,13.413110998953925,14.11846128939942
3756,10007.644829694269,10007.644915044,10007.644915044,10007.645560933,10007.658984962,0,COMPLETED,True,0.08534973130736034,0.6458890002249973,13.424028998997528,14.155267730529886
3757,10007.646816650786,10007.646963239,10007.646963239,10007.647786974,10007.66640089,1,COMPLETED,True,0.1465882141928887,0.8237349993578391,18.6139160014136,19.584239214964327
3758,10007.6504010049,10007.65051892,10007.65051892,10007.651063166,10007.664553431,3,COMPLETED,True,0.11791510041803122,0.544246000572457,13.49026499883621,14.152426099826698
3759,10007.651050980256,10007.651180246,10007.651180246,10007.65162949,10007.671794861,2,COMPLETED,True,0.12926574527227785,0.44924399844603613,20.165371000985033,20.743880744703347
3760,10007.654863280151,10007.654979927,10007.654979927,10007.65915273,10007.673282974,0,COMPLETED,True,0.11664684825518634,4.172803000983549,14.13024399880669,18.419693848045426
3761,10007.657552848512,10007.657649034,10007.657649034,10007.664718867,10007.678607968,3,COMPLETED,True,0.09618548756407108,7.069833000059589,13.889101001041126,21.055119488664786
3762,10007.66000380962,10007.660104266,10007.660104266,10007.666608855,10007.681574371,1,COMPLETED,True,0.10045638009614777,6.504588998723193,14.96551600030216,21.5705613791215
3763,10007.674753284637,10007.674926394,10007.674926394,10007.675407589,10007.691380179,2,COMPLETED,True,0.17310936345893424,0.4811950002476806,15.972589999364573,16.626894363071187
3764,10007.682299970067,10007.68240187,10007.68240187,10007.682811132,10007.695795376,0,COMPLETED,True,0.10189993372478057,0.4092619983566692,12.984244000108447,13.495405932189897
3765,10007.689397196798,10007.68950554,10007.68950554,10007.690103987,10007.703496226,3,COMPLETED,True,0.10834320164576638,0.598447000811575,13.39223899958597,14.099029202043312
3766,10007.693906747887,10007.693990839,10007.693990839,10007.694717254,10007.708583897,1,COMPLETED,True,0.08409111251239665,0.7264150008268189,13.866642999346368,14.677149112685584
3767,10007.696338052074,10007.696422544,10007.696422544,10007.696897832,10007.710834225,2,COMPLETED,True,0.08449192682746798,0.47528799950669054,13.936392999312375,14.496172925646533
3768,10007.704023858454,10007.70417508,10007.70417508,10007.704898794,10007.719184834,0,COMPLETED,True,0.1512215458205901,0.7237139998323983,14.286040001024958,15.160975546677946
3769,10007.71557950249,10007.715668011,10007.715668011,10007.716528855,10007.729754691,3,COMPLETED,True,0.08850851008901373,0.8608440002717543,13.225835999037372,14.17518850939814
3770,10007.722246016381,10007.722341916,10007.722341916,10007.722966801,10007.739228717,1,COMPLETED,True,0.09589961882738862,0.6248850004340056,16.26191600007587,16.982700619337265
3771,10007.726806210341,10007.726890809,10007.726890809,10007.727508438,10007.740850774,2,COMPLETED,True,0.08459865966869984,0.6176289989525685,13.34233600027801,14.044563658899278
3772,10007.73033881572,10007.730510428,10007.730510428,10007.730954577,10007.744963797,0,COMPLETED,True,0.1716122806101339,0.44414900003175717,14.00921999993443,14.624981280576321
3773,10007.731389761337,10007.731545913,10007.731545913,10007.732081317,10007.75037083,3,COMPLETED,True,0.15615166375937406,0.5354040004021954,18.289512998308055,18.981068662469625
3774,10007.752889448979,10007.75306478,10007.75306478,10007.753556015,10007.76693141,1,COMPLETED,True,0.17533102072775364,0.4912350013910327,13.375394999457058,14.041961021575844
3775,10007.76053024849,10007.760616263,10007.760616263,10007.761062947,10007.774384742,2,COMPLETED,True,0.08601451008871663,0.4466840000532102,13.321795000592829,13.854493510734756
3776,10007.76103508054,10007.761233702,10007.761233702,10007.761587192,10007.775357874,0,COMPLETED,True,0.19862145927618258,0.3534900006343378,13.770681998721557,14.322793458632077
3777,10007.765193312856,10007.765393392,10007.765393392,10007.766068723,10007.784267315,3,COMPLETED,True,0.20007914281450212,0.6753310008207336,18.198592000771896,19.07400214440713
3778,10007.771587864218,10007.771771185,10007.771771185,10007.772355034,10007.785737679,1,COMPLETED,True,0.18332078252569772,0.5838489996676799,13.382645000092452,14.14981478228583
3779,10007.781181196835,10007.781272688,10007.781272688,10007.78182004,10007.794992354,2,COMPLETED,True,0.09149116522166878,0.5473519995575771,13.172314000257757,13.811157165037002
3780,10007.798119728994,10007.79822121,10007.79822121,10007.799146329,10007.818989695,0,COMPLETED,True,0.10148100591322873,0.9251190003851661,19.843366000714013,20.86996600701241
3781,10007.798937088057,10007.799022359,10007.799022359,10007.799504508,10007.814051133,3,COMPLETED,True,0.08527094360033516,0.48214900016319007,14.54662499963888,15.114044943402405
3782,10007.804732619212,10007.804840005,10007.804840005,10007.805302359,10007.823079307,1,COMPLETED,True,0.10738578748714644,0.4623540007742122,17.776947999664117,18.346687787925475
3783,10007.806996878462,10007.807059193,10007.807059193,10007.807411486,10007.820944588,2,COMPLETED,True,0.06231453880900517,0.3522929982864298,13.53310200101987,13.947709538115305
3784,10007.807510752398,10007.807643967,10007.807643967,10007.814461429,10007.82849074,3,COMPLETED,True,0.13321460210136138,6.817461999162333,14.029310999831068,20.979987601094763
3785,10007.807741563998,10007.808194052,10007.808194052,10007.819537379,10007.835150264,0,COMPLETED,True,0.45248800233821385,11.343326999849523,15.612884999427479,27.408700001615216
3786,10007.812946788057,10007.813059953,10007.813059953,10007.821107127,10007.835285247,2,COMPLETED,True,0.11316494237689767,8.047174000239465,14.178119999996852,22.338458942613215
3787,10007.818532155281,10007.818684429,10007.818684429,10007.82353317,10007.838562999,1,COMPLETED,True,0.15227371841319837,4.8487410003872355,15.0298290009232,20.030843719723634
3788,10007.822193258831,10007.822334923,10007.822334923,10007.828835985,10007.842529307,3,COMPLETED,True,0.14166416804073378,6.5010620000975905,13.69332200010831,20.336048168246634
3789,10007.823675509097,10007.823813901,10007.823813901,10007.835688086,10007.849434842,0,COMPLETED,True,0.13839190432918258,11.874184998305282,13.74675600163755,25.759332904272014
3790,10007.838443040335,10007.838613226,10007.838613226,10007.839327747,10007.853390943,2,COMPLETED,True,0.17018566541082691,0.7145210001908708,14.063196000279277,14.947902665880974
3791,10007.844856881791,10007.844964575,10007.844964575,10007.845584151,10007.865054788,1,COMPLETED,True,0.10769320942927152,0.6195759997353889,19.470637000267743,20.197906209432404
3792,10007.847399405433,10007.847532727,10007.847532727,10007.848262164,10007.867519636,3,COMPLETED,True,0.1333215677732369,0.7294369988812832,19.257472000390408,20.120230567044928
3793,10007.850655106513,10007.850788286,10007.850788286,10007.851208951,10007.865077448,0,COMPLETED,True,0.13317948651092593,0.4206650010019075,13.868496998838964,14.422341486351797
3794,10007.855117882085,10007.855224415,10007.855224415,10007.855636028,10007.869126353,2,COMPLETED,True,0.10653291428752709,0.41161300032399595,13.490325000020675,14.008470914632198
3795,10007.872260097554,10007.872349678,10007.872349678,10007.87278167,10007.886294173,1,COMPLETED,True,0.08958044600149151,0.43199199899390806,13.512503001038567,14.034075446033967
3796,10007.88491148532,10007.884964107,10007.884964107,10007.885466176,10007.899173047,0,COMPLETED,True,0.052621679060393944,0.5020690005039796,13.706871000977117,14.26156168054149
3797,10007.890551572136,10007.890647305,10007.890647305,10007.891042664,10007.904515032,3,COMPLETED,True,0.09573286297381856,0.39535900032205973,13.4723680002935,13.963459863589378
3798,10007.893177039627,10007.893270783,10007.893270783,10007.893581519,10007.907253428,2,COMPLETED,True,0.09374337423651014,0.31073599893716164,13.671909000549931,14.076388373723603
3799,10007.910878485598,10007.910981556,10007.910981556,10007.911416726,10007.924823795,1,COMPLETED,True,0.10307040247425903,0.4351699990365887,13.407069000095362,13.94530940160621
3800,10007.91329138857,10007.91338013,10007.91338013,10007.9138025,10007.927424119,0,COMPLETED,True,0.08874142986314837,0.42236999979650136,13.62161900033243,14.13273042999208
3801,10007.919203390924,10007.919351683,10007.919351683,10007.919797141,10007.933396684,3,COMPLETED,True,0.14829207611910533,0.4454579993762309,13.599543000964331,14.193293076459668
3802,10007.919492857309,10007.919611036,10007.919611036,10007.919917967,10007.934701587,2,COMPLETED,True,0.11817869199148845,0.30693099870404694,14.78362000125344,15.208729691948975
3803,10007.923889204345,10007.923981685,10007.923981685,10007.924994505,10007.939021918,1,COMPLETED,True,0.09248065543943085,1.0128199992323061,14.02741300080379,15.132713655475527
3804,10007.930798348163,10007.930985468,10007.930985468,10007.931411139,10007.945477013,0,COMPLETED,True,0.18711983648245223,0.4256709999026498,14.06587400015269,14.678664836537791
3805,10007.930859260667,10007.931072195,10007.931072195,10007.933782183,10007.947253611,3,COMPLETED,True,0.21293433383107185,2.7099879989691544,13.47142800113943,16.394350333939656
3806,10007.934426518597,10007.93452599,10007.93452599,10007.935110085,10007.948926535,2,COMPLETED,True,0.0994714027910959,0.5840949997946154,13.81645000037679,14.500016402962501
3807,10007.934996601221,10007.93516762,10007.93516762,10007.939382421,10007.952825478,1,COMPLETED,True,0.17101877892855555,4.214800999761792,13.443056999676628,17.828876778366975
3808,10007.939410351306,10007.93958799,10007.93958799,10007.945901405,10007.960092274,0,COMPLETED,True,0.17763869436748791,6.313415000477107,14.190868998412043,20.681922693256638
3809,10007.942323907446,10007.942480817,10007.942480817,10007.947641281,10007.961471766,3,COMPLETED,True,0.15690955478930846,5.160463999345666,13.830485000653425,19.1478585547884
3810,10007.946121657253,10007.946243711,10007.946243711,10007.94926649,10007.963114234,2,COMPLETED,True,0.12205374696350191,3.022779001184972,13.847743999576778,16.992576747725252
3811,10007.951284741861,10007.951390118,10007.951390118,10007.953183024,10007.966643104,1,COMPLETED,True,0.10537613889027853,1.7929059995367425,13.460080001095776,15.358362139522796
3812,10007.957030929523,10007.957152513,10007.957152513,10007.960461449,10007.974533722,0,COMPLETED,True,0.12158347635704558,3.3089360003941692,14.072272999328561,17.502792476079776
3813,10007.958423540931,10007.958535928,10007.958535928,10007.961824125,10007.975271949,3,COMPLETED,True,0.11238706974836532,3.2881969982554438,13.447824001559638,16.848408069563447
3814,10007.962336698452,10007.962460437,10007.962460437,10007.963446623,10007.977256996,2,COMPLETED,True,0.12373854769975878,0.9861859998636646,13.810373000524123,14.920297548087547
3815,10007.981020419747,10007.981161309,10007.981161309,10007.981767101,10007.995024196,1,COMPLETED,True,0.1408892530889716,0.6057919999875594,13.257094999062247,14.003776252138778
3816,10007.984780199566,10007.985056104,10007.985056104,10007.985714001,10007.999475162,0,COMPLETED,True,0.27590443460212555,0.6578970005648443,13.761160998910782,14.694962434077752
3817,10007.993703755512,10007.993958259,10007.993958259,10007.994535338,10008.008163269,3,COMPLETED,True,0.2545034876675345,0.5770790012320504,13.62793099906412,14.459513487963704
3818,10007.998437695405,10007.998595143,10007.998595143,10007.999512159,10008.017945455,2,COMPLETED,True,0.1574475954839727,0.9170159992208937,18.433295999784605,19.50775959448947
3819,10007.999608407967,10007.999801836,10007.999801836,10008.000612187,10008.015437364,1,COMPLETED,True,0.19342803352628835,0.8103509990178281,14.825177000602707,15.828956033146824
3820,10008.008466705773,10008.008515799,10008.008515799,10008.009260546,10008.022478402,0,COMPLETED,True,0.04909322706225794,0.7447469997714506,13.217855999755557,14.011696226589265
3821,10008.013284002662,10008.013438306,10008.013438306,10008.013881803,10008.027362855,3,COMPLETED,True,0.15430333769472782,0.4434969996509608,13.48105200122518,14.078852338570869
3822,10008.026087018345,10008.026277768,10008.026277768,10008.026845208,10008.041031675,1,COMPLETED,True,0.19074965530307963,0.5674399999406887,14.186467000399716,14.944656655643485
3823,10008.026128431873,10008.026367793,10008.026367793,10008.026931416,10008.041031528,2,COMPLETED,True,0.23936112665978726,0.5636229998344788,14.100112000960507,14.903096127454774
3824,10008.026664907919,10008.026769617,10008.026769617,10008.027293899,10008.048291453,0,COMPLETED,True,0.10470908091519959,0.524282000696985,20.997554000132368,21.626545081744553
3825,10008.028724566031,10008.028840116,10008.028840116,10008.029153715,10008.043027078,3,COMPLETED,True,0.11554996854101773,0.31359900094685145,13.873362999220262,14.302511968708131
3826,10008.03098553523,10008.031009501,10008.031009501,10008.041424333,10008.055271299,2,COMPLETED,True,0.0239657711063046,10.414831998787122,13.846965999618988,24.285763769512414
3827,10008.031990962823,10008.032106519,10008.032106519,10008.041468774,10008.055039649,1,COMPLETED,True,0.11555617675185204,9.36225499935972,13.570875000368687,23.04868617648026
3828,10008.032302399548,10008.032414766,10008.032414766,10008.043202295,10008.057290552,3,COMPLETED,True,0.11236645150347613,10.787529001390794,14.088256999457371,24.988152452351642
3829,10008.037282045305,10008.037391368,10008.037391368,10008.048890112,10008.064919244,0,COMPLETED,True,0.10932269469776656,11.498744001073646,16.029131998948287,27.6371986947197
3830,10008.044701380233,10008.044812069,10008.044812069,10008.055256701,10008.068603158,1,COMPLETED,True,0.11068876665376592,10.444632000144338,13.346457000807277,23.90177776760538
3831,10008.062159309313,10008.062456849,10008.062456849,10008.063187224,10008.076413041,2,COMPLETED,True,0.29753968738077674,0.7303749989659991,13.225817001512041,14.253731687858817
3832,10008.06480509178,10008.064963673,10008.064963673,10008.065576885,10008.078806108,3,COMPLETED,True,0.15858121878409293,0.6132119997346308,13.22922300096252,14.001016219481244
3833,10008.077078613378,10008.077223474,10008.077223474,10008.077940214,10008.09213852,0,COMPLETED,True,0.1448606217309134,0.7167399999161717,14.19830600025307,15.059906621900154
3834,10008.079976071489,10008.08012065,10008.08012065,10008.080799157,10008.099082871,1,COMPLETED,True,0.14457851102633867,0.6785069999750704,18.2837140000629,19.10679951106431
3835,10008.084300715314,10008.084483425,10008.084483425,10008.085342428,10008.105799824,2,COMPLETED,True,0.18270968575961888,0.8590029992774362,20.45739599998342,21.499108685020474
3836,10008.088690605597,10008.08885595,10008.08885595,10008.08957852,10008.107975183,3,COMPLETED,True,0.16534440328541677,0.7225699991977308,18.396663001112756,19.284577403595904
3837,10008.091287957974,10008.091459914,10008.091459914,10008.09255011,10008.107040674,0,COMPLETED,True,0.17195602595165838,1.0901959994953359,14.490564000880113,15.752716026327107
3838,10008.098337848825,10008.098514632,10008.098514632,10008.099612304,10008.113447422,1,COMPLETED,True,0.1767831745382864,1.0976720004691742,13.835117999406066,15.109573174413526
3839,10008.09916361079,10008.099343186,10008.099343186,10008.106107207,10008.122605582,2,COMPLETED,True,0.17957521049538627,6.764020999980858,16.498375000082888,23.44197121055913
3840,10008.105484408154,10008.105636321,10008.105636321,10008.107408707,10008.121448001,0,COMPLETED,True,0.1519128454674501,1.772386000084225,14.039294001122471,15.963592846674146
3841,10008.12172266905,10008.121973127,10008.121973127,10008.122441088,10008.13563451,3,COMPLETED,True,0.2504579497326631,0.4679610010498436,13.193421998948907,13.911840949731413
3842,10008.130950351022,10008.131068694,10008.131068694,10008.131483945,10008.145015944,1,COMPLETED,True,0.1183429776574485,0.4152510009589605,13.531998998587369,14.065592977203778
3843,10008.137494624702,10008.137587093,10008.137587093,10008.138126982,10008.156511868,0,COMPLETED,True,0.09246829904441256,0.5398889989010058,18.384885999694234,19.017243297639652
3844,10008.156921719841,10008.157014383,10008.157014383,10008.157419833,10008.172384176,2,COMPLETED,True,0.09266315828426741,0.40545000047131907,14.964342999519431,15.462456158275018
3845,10008.164187099204,10008.164287092,10008.164287092,10008.164703712,10008.178836502,3,COMPLETED,True,0.09999279609473888,0.41661999966891017,14.132790000076056,14.649402795839706
3846,10008.165176336952,10008.165285957,10008.165285957,10008.165729752,10008.179775958,1,COMPLETED,True,0.10962004853354301,0.4437949992279755,14.046206000784878,14.599621048546396
3847,10008.167978364509,10008.168153397,10008.168153397,10008.168724474,10008.182486039,0,COMPLETED,True,0.1750324918248225,0.5710770001314813,13.761565000095288,14.507674492051592
3848,10008.168352829553,10008.168495719,10008.168495719,10008.172799142,10008.186665216,2,COMPLETED,True,0.1428894465789199,4.303423000237672,13.866074001271045,18.312386448087636
3849,10008.171190597397,10008.171300504,10008.171300504,10008.179017211,10008.193017356,3,COMPLETED,True,0.10990660302923061,7.716706999417511,14.0001449999545,21.82675860240124
3850,10008.174392691073,10008.174495366,10008.174495366,10008.180176182,10008.1941163,1,COMPLETED,True,0.1026749268930871,5.680816000676714,13.940117998572532,19.723608926142333
3851,10008.17631859249,10008.176417186,10008.176417186,10008.18266794,10008.196901041,0,COMPLETED,True,0.09859350939223077,6.250754000575398,14.233100999263115,20.582448509230744
3852,10008.177997807406,10008.178099466,10008.178099466,10008.187062547,10008.201328368,2,COMPLETED,True,0.10165859384869691,8.963080999819795,14.265821000662982,23.330560594331473
3853,10008.189807620096,10008.189946215,10008.189946215,10008.193345614,10008.206802234,3,COMPLETED,True,0.1385949035466183,3.3993990000453778,13.456620001306874,16.99461390489887
3854,10008.196555820527,10008.196698074,10008.196698074,10008.19722595,10008.213604431,1,COMPLETED,True,0.14225347331375815,0.5278759999782778,16.378480999264866,17.048610472556902
3855,10008.197321585532,10008.197450496,10008.197450496,10008.197714562,10008.211360215,0,COMPLETED,True,0.1289104675379349,0.26406600045447703,13.645652999912272,14.038629467904684
3856,10008.222769555749,10008.222861904,10008.222861904,10008.223360478,10008.237562408,2,COMPLETED,True,0.09234825120074674,0.4985739997209748,14.201930000126595,14.792852251048316
3857,10008.228539855227,10008.228722553,10008.228722553,10008.229177733,10008.243114518,3,COMPLETED,True,0.18269777319801506,0.4551799993350869,13.936785000623786,14.574662773156888
3858,10008.230031073634,10008.230143366,10008.230143366,10008.230483142,10008.244660184,0,COMPLETED,True,0.11229236588405911,0.3397760010557249,14.177041999573703,14.629110366513487
3859,10008.230885834135,10008.230972381,10008.230972381,10008.231249219,10008.244848982,1,COMPLETED,True,0.08654686462250538,0.2768379999906756,13.599763000456733,13.963147865069914
3860,10008.234778748654,10008.234913904,10008.234913904,10008.237995639,10008.251422374,2,COMPLETED,True,0.13515534556063358,3.0817349997960264,13.426735000393819,16.64362534575048
3861,10008.239394132452,10008.239487617,10008.239487617,10008.2434579,10008.25656896,3,COMPLETED,True,0.09348454841529019,3.9702829999441747,13.111059999573627,17.17482754793309
3862,10008.258231370763,10008.258321573,10008.258321573,10008.25873004,10008.272086673,0,COMPLETED,True,0.0902022366062738,0.4084669999429025,13.356633000512375,13.85530223706155
3863,10008.272335154756,10008.272794129,10008.272794129,10008.273382571,10008.286551923,1,COMPLETED,True,0.45897424388385843,0.5884420006623259,13.169351999749779,14.216768244295963
3864,10008.281034922968,10008.28126835,10008.28126835,10008.282043417,10008.295302067,2,COMPLETED,True,0.2334270320716314,0.7750670010864269,13.258649998533656,14.267144031691714
3865,10008.29171790865,10008.291976921,10008.291976921,10008.292771377,10008.306571105,3,COMPLETED,True,0.2590123494883301,0.794456000221544,13.799727999867173,14.853196349577047
3866,10008.295226603774,10008.295396856,10008.295396856,10008.295965578,10008.309904613,0,COMPLETED,True,0.17025222587108146,0.5687220000254456,13.939034999566502,14.678009225463029
3867,10008.320072789104,10008.320243527,10008.320243527,10008.320683629,10008.333724115,1,COMPLETED,True,0.1707378960418282,0.4401019996294053,13.040486001045792,13.651325896717026
3868,10008.341537954351,10008.341793053,10008.341793053,10008.342339831,10008.355920776,2,COMPLETED,True,0.2550986482674489,0.5467780010803835,13.580945000285283,14.382821649633115
3869,10008.342525859644,10008.342679749,10008.342679749,10008.343198263,10008.362383232,3,COMPLETED,True,0.15388935571536422,0.5185140016692458,19.1849689999799,19.85737235736451
3870,10008.346269718237,10008.346381858,10008.346381858,10008.346924202,10008.366350113,0,COMPLETED,True,0.11213976358703803,0.5423439997684909,19.425910999416374,20.080394762771903
3871,10008.34783831694,10008.347941403,10008.347941403,10008.34842344,10008.365061157,1,COMPLETED,True,0.10308606033504475,0.48203699952864554,16.63771699895733,17.22284005882102
3872,10008.35323774207,10008.353362985,10008.353362985,10008.356316514,10008.369849259,2,COMPLETED,True,0.12524293015303556,2.9535289995692438,13.532744998883572,16.61151692860585
3873,10008.364117735346,10008.364252816,10008.364252816,10008.364749695,10008.378204191,3,COMPLETED,True,0.13508065421774518,0.49687899991113227,13.454496000122163,14.08645565425104
3874,10008.372406810833,10008.372587811,10008.372587811,10008.373162143,10008.387637716,1,COMPLETED,True,0.18100016677635722,0.5743319998146035,14.475572999799624,15.230905166390585
3875,10008.380467753317,10008.380702601,10008.380702601,10008.381379418,10008.394885483,0,COMPLETED,True,0.23484768280468415,0.6768170005670981,13.506064999091905,14.417729682463687
3876,10008.386108469202,10008.38622409,10008.38622409,10008.386775619,10008.400854771,2,COMPLETED,True,0.1156207981694024,0.5515289994946215,14.079152000704198,14.746301798368222
3877,10008.391310275574,10008.391419031,10008.391419031,10008.392026354,10008.405313167,3,COMPLETED,True,0.10875542648136616,0.6073229997127783,13.286813000377151,14.002891426571296
3878,10008.401216452407,10008.401348583,10008.401348583,10008.401833331,10008.415038928,1,COMPLETED,True,0.13213059355621226,0.48474799950781744,13.205597000705893,13.822475593769923
3879,10008.409141205655,10008.409265143,10008.409265143,10008.409803003,10008.423201107,0,COMPLETED,True,0.12393734505167231,0.537859999894863,13.398103999861632,14.059901344808168
3880,10008.41402880343,10008.414126782,10008.414126782,10008.414698884,10008.428088936,2,COMPLETED,True,0.09797856910154223,0.5721020006603794,13.390051999522257,14.060132569284178
3881,10008.430213316118,10008.430299764,10008.430299764,10008.430796033,10008.444592952,3,COMPLETED,True,0.08644788249512203,0.49626899999566376,13.796919000014896,14.379635882505681
3882,10008.433199877889,10008.433347008,10008.433347008,10008.433855465,10008.448588373,1,COMPLETED,True,0.14713011114508845,0.5084570002509281,14.732907999132294,15.38849511052831
3883,10008.448662012835,10008.448760763,10008.448760763,10008.449551221,10008.467114837,0,COMPLETED,True,0.09875016439764295,0.7904579997557448,17.56361600018863,18.45282416434202
3884,10008.45121040191,10008.451313381,10008.451313381,10008.451833849,10008.465676743,2,COMPLETED,True,0.10297908920620102,0.5204680001043016,13.842894000845263,14.466341090155765
3885,10008.452038016627,10008.452276181,10008.452276181,10008.452758148,10008.465979112,3,COMPLETED,True,0.23816437351342756,0.4819669993594289,13.22096399962902,13.941095372501877
3886,10008.45328242946,10008.453438825,10008.453438825,10008.454040946,10008.469996985,1,COMPLETED,True,0.15639553930668626,0.6021210010658251,15.956039000229794,16.714555540602305
3887,10008.453826163597,10008.453915069,10008.453915069,10008.465895941,10008.48083206,2,COMPLETED,True,0.08890540266293101,11.980872001004172,14.936118999685277,27.00589640335238
3888,10008.457141372615,10008.457314046,10008.457314046,10008.466140261,10008.480142782,3,COMPLETED,True,0.17267338444071356,8.826215000226512,14.0025210002932,23.001409384960425
3889,10008.46528954809,10008.465479724,10008.465479724,10008.467369247,10008.481732897,0,COMPLETED,True,0.1901759096654132,1.8895230005000485,14.363649999722838,16.4433489098883
3890,10008.480874923534,10008.480897541,10008.480897541,10008.481569186,10008.494537023,1,COMPLETED,True,0.022617465219809674,0.6716450006933883,12.96783699945081,13.662099465364008
3891,10008.496662697771,10008.496850391,10008.496850391,10008.497556591,10008.516486246,3,COMPLETED,True,0.18769322923617437,0.706200000422541,18.929654999737977,19.823548229396692
3892,10008.498288341178,10008.498423064,10008.498423064,10008.49886108,10008.512190018,2,COMPLETED,True,0.13472282262227964,0.43801599895232357,13.32893800099555,13.901676822570153
3893,10008.51041829895,10008.510511625,10008.510511625,10008.510944718,10008.525283654,0,COMPLETED,True,0.09332604895462282,0.4330930005380651,14.338936000058311,14.865355049550999
3894,10008.53152639145,10008.53163146,10008.53163146,10008.532235264,10008.546498316,1,COMPLETED,True,0.10506854960112832,0.6038039991835831,14.263052000387688,14.9719245491724
3895,10008.536893912911,10008.537056826,10008.537056826,10008.537679373,10008.550891941,2,COMPLETED,True,0.16291308929794468,0.622546998783946,13.212568001108593,13.998028089190484
3896,10008.538757030243,10008.539010443,10008.539010443,10008.539761747,10008.554794058,3,COMPLETED,True,0.2534127579565393,0.7513040000048932,15.032310999231413,16.037027757192845
3897,10008.548551609747,10008.548696882,10008.548696882,10008.549405906,10008.576187535,0,COMPLETED,True,0.14527225357596762,0.70902399966144,26.78162899974268,27.635925252980087
3898,10008.549201868589,10008.54933833,10008.54933833,10008.54991099,10008.57611357,1,COMPLETED,True,0.13646141087519936,0.5726599993067794,26.20258000024478,26.91170141042676
3899,10008.568443632841,10008.568834518,10008.568834518,10008.569636126,10008.588765247,2,COMPLETED,True,0.3908851595042506,0.8016079991648439,19.12912099942332,20.321614158092416
3900,10008.579467894557,10008.579723985,10008.579723985,10008.580331029,10008.593853107,3,COMPLETED,True,0.25609044314478524,0.6070439994800836,13.522078001187765,14.385212443812634
3901,10008.58320059535,10008.583369215,10008.583369215,10008.584168336,10008.603016616,0,COMPLETED,True,0.1686196501395898,0.7991209986357717,18.848280000383966,19.816020649159327
3902,10008.584451769546,10008.584629514,10008.584629514,10008.585161843,10008.598761315,1,COMPLETED,True,0.17774445404938888,0.5323290006344905,13.599471998531953,14.309545453215833
3903,10008.592797798896,10008.592941524,10008.592941524,10008.593652055,10008.607568242,2,COMPLETED,True,0.14372510486282408,0.7105309996404685,13.916186999267666,14.770443103770958
3904,10008.607321565807,10008.607409161,10008.607409161,10008.607993247,10008.621626828,3,COMPLETED,True,0.08759519369050395,0.5840859994350467,13.63358100024925,14.305262193374801
3905,10008.607699920933,10008.607783606,10008.607783606,10008.608088363,10008.621622455,1,COMPLETED,True,0.08368506678380072,0.30475700077658985,13.534092000554665,13.922534068115056
3906,10008.611926961223,10008.612163911,10008.612163911,10008.612966274,10008.633833216,0,COMPLETED,True,0.23694977790000848,0.8023629998206161,20.866941998974653,21.906254776695278
3907,10008.614697025607,10008.614810212,10008.614810212,10008.615495069,10008.629440394,2,COMPLETED,True,0.11318639371893369,0.6848569992143894,13.945324999440345,14.743368392373668
3908,10008.616629313081,10008.616823218,10008.616823218,10008.621954588,10008.635726863,1,COMPLETED,True,0.19390491979720537,5.131369998707669,13.772275000519585,19.09754991902446
3909,10008.616811113323,10008.616949855,10008.616949855,10008.622035513,10008.635482085,3,COMPLETED,True,0.1387416778015904,5.085658000098192,13.446571998429135,18.670971676328918
3910,10008.62467268293,10008.624830918,10008.624830918,10008.62979169,10008.643395271,2,COMPLETED,True,0.15823506873857696,4.960772001140867,13.603580999188125,18.72258806906757
3911,10008.644916557896,10008.645002344,10008.645002344,10008.645643441,10008.659614132,0,COMPLETED,True,0.08578610322729219,0.641096999970614,13.970691001304658,14.697574104502564
3912,10008.648695339652,10008.648775817,10008.648775817,10008.64918142,10008.662867299,3,COMPLETED,True,0.08047734809224494,0.4056029993080301,13.68587899924023,14.171959346640506
3913,10008.656614290592,10008.656796246,10008.656796246,10008.657344236,10008.670984567,1,COMPLETED,True,0.18195540724263992,0.5479900009959238,13.640330998896388,14.370276407134952
3914,10008.657562492564,10008.657650855,10008.657650855,10008.657956491,10008.67143218,2,COMPLETED,True,0.08836243614496198,0.30563600012101233,13.47568899836915,13.869687434635125
3915,10008.661049504723,10008.661176343,10008.661176343,10008.661855802,10008.675539277,0,COMPLETED,True,0.12683827662840486,0.6794590008212253,13.683474999197642,14.489772276647273
3916,10008.66638533994,10008.666613826,10008.666613826,10008.66733396,10008.680792696,3,COMPLETED,True,0.2284860602230765,0.7201339994935552,13.45873599893821,14.407356058654841
3917,10008.674545609774,10008.674698894,10008.674698894,10008.675459658,10008.688541528,1,COMPLETED,True,0.153284225234529,0.7607640000060201,13.081869999950868,13.995918225191417
3918,10008.692919446918,10008.693118774,10008.693118774,10008.69377321,10008.70724455,2,COMPLETED,True,0.19932708164560609,0.6544360003317706,13.471340000251075,14.325103082228452
3919,10008.700327938705,10008.700482937,10008.700482937,10008.701127586,10008.714652964,0,COMPLETED,True,0.15499829532927833,0.6446490006055683,13.525377999030752,14.325025294965599
3920,10008.701478186467,10008.70163217,10008.70163217,10008.702117865,10008.715511054,3,COMPLETED,True,0.1539835320727434,0.4856949999521021,13.39318900136277,14.032867533387616
3921,10008.701781674055,10008.701929262,10008.701929262,10008.702300773,10008.72033057,1,COMPLETED,True,0.14758794532099273,0.3715109996846877,18.029797000053804,18.548895945059485
3922,10008.7035543836,10008.703747489,10008.703747489,10008.707623458,10008.721104186,2,COMPLETED,True,0.19310540119477082,3.875968999636825,13.480727999194642,17.549802400026238
3923,10008.71750851212,10008.71760493,10008.71760493,10008.718390497,10008.732446754,0,COMPLETED,True,0.0964178798312787,0.7855670010030735,14.056256999538164,14.938241880372516
3924,10008.718089293972,10008.718250991,10008.718250991,10008.718586369,10008.732539674,3,COMPLETED,True,0.16169702757906634,0.33537799936311785,13.95330500054115,14.450380027483334
3925,10008.719847916378,10008.720109058,10008.720109058,10008.720798845,10008.734630501,1,COMPLETED,True,0.2611416221043328,0.6897870007378515,13.83165599872882,14.782584621571004
3926,10008.729316102093,10008.729482525,10008.729482525,10008.730006514,10008.743600125,2,COMPLETED,True,0.16642290574964136,0.5239890015218407,13.593611000032979,14.284022907304461
3927,10008.752244643389,10008.752425209,10008.752425209,10008.752895414,10008.766073442,0,COMPLETED,True,0.18056561202683952,0.47020499914651737,13.178028000766062,13.828798611939419
3928,10008.768829333198,10008.768975335,10008.768975335,10008.769684444,10008.784269609,3,COMPLETED,True,0.14600180293200538,0.7091089992172783,14.585164999516564,15.440275801665848
3929,10008.79246074691,10008.792548005,10008.792548005,10008.793225997,10008.812456352,1,COMPLETED,True,0.08725808947929181,0.6779920004191808,19.230354999308474,19.995605089206947
3930,10008.793212020524,10008.793293221,10008.793293221,10008.793744851,10008.807516039,2,COMPLETED,True,0.08120047641568817,0.4516299995884765,13.771187999736867,14.304018475741032
3931,10008.794268969019,10008.794352017,10008.794352017,10008.794785277,10008.808069711,0,COMPLETED,True,0.08304798029712401,0.43326000013621524,13.284434000524925,13.800741980958264
3932,10008.796692548636,10008.796857658,10008.796857658,10008.797393427,10008.81676798,3,COMPLETED,True,0.165109364388627,0.5357689988159109,19.374553001398453,20.07543136460299
3933,10008.819200519605,10008.819299309,10008.819299309,10008.81994924,10008.832823678,2,COMPLETED,True,0.09878939454210922,0.6499310002254788,12.874437999926158,13.623158394693746
3934,10008.830495111843,10008.830585761,10008.830585761,10008.831401126,10008.850494129,0,COMPLETED,True,0.0906491568457568,0.815365001471946,19.093002998488373,19.999017156806076
3935,10008.83103406975,10008.831117817,10008.831117817,10008.831758262,10008.845341564,1,COMPLETED,True,0.08374725075555034,0.6404449995898176,13.583301999460673,14.307494249806041
3936,10008.831541037978,10008.831682145,10008.831682145,10008.832293368,10008.851214875,3,COMPLETED,True,0.1411070225003641,0.6112229984864825,18.92150700041384,19.673837021400686
3937,10008.838457331887,10008.838590691,10008.838590691,10008.83906348,10008.853155097,2,COMPLETED,True,0.13335911353351548,0.4727889991045231,14.091617000303813,14.697765112941852
3938,10008.842188804978,10008.842287824,10008.842287824,10008.845722926,10008.859048688,1,COMPLETED,True,0.09901902194542345,3.4351020003668964,13.325762000022223,16.859883022334543
3939,10008.844371696765,10008.844444888,10008.844444888,10008.850729841,10008.865411865,0,COMPLETED,True,0.07319123506022152,6.284953000431415,14.682023998830118,21.040168234321754
3940,10008.852119135916,10008.852226965,10008.852226965,10008.852930156,10008.867808908,3,COMPLETED,True,0.10782908429973759,0.703190999047365,14.878752001095563,15.689772084442666
3941,10008.874272401812,10008.874374122,10008.874374122,10008.874780269,10008.888110649,2,COMPLETED,True,0.10172018846787978,0.40614699901198037,13.330380001207232,13.838247188687092
3942,10008.902190976863,10008.902364599,10008.902364599,10008.902818342,10008.916324363,1,COMPLETED,True,0.17362213657179382,0.4537429995252751,13.506020999557222,14.133386135654291
3943,10008.905230281429,10008.905361563,10008.905361563,10008.905909175,10008.924043314,0,COMPLETED,True,0.13128157115716022,0.5476120004459517,18.13413899981242,18.813032571415533
3944,10008.921117730097,10008.921215067,10008.921215067,10008.921914199,10008.935004269,3,COMPLETED,True,0.0973369023995474,0.6991320005909074,13.090070000544074,13.886538903534529
3945,10008.939585347669,10008.939672805,10008.939672805,10008.94049591,10008.953523327,2,COMPLETED,True,0.0874573306646198,0.8231049996538786,13.027417000557762,13.93797933087626
3946,10008.955049746542,10008.95514666,10008.95514666,10008.955972171,10008.975802361,1,COMPLETED,True,0.09691345803730655,0.8255109987658216,19.83018999999331,20.752614456796437
3947,10008.959775700197,10008.959878386,10008.959878386,10008.960388822,10008.979575233,0,COMPLETED,True,0.1026858026307309,0.5104360006953357,19.186410998372594,19.79953280169866
3948,10008.962455666782,10008.962560167,10008.962560167,10008.963194337,10008.977971436,3,COMPLETED,True,0.10450021727592684,0.6341700009215856,14.777098998820293,15.515769217017805
3949,10008.983555492898,10008.983673797,10008.983673797,10008.984535484,10008.999488874,2,COMPLETED,True,0.11830410221591592,0.8616869999968912,14.953390000300715,15.933381102513522
3950,10009.002664480933,10009.002848248,10009.002848248,10009.003787503,10009.021630062,1,COMPLETED,True,0.1837670661188895,0.9392550000484334,17.84255900020071,18.96558106636803
3951,10009.006818776024,10009.007032664,10009.007032664,10009.007960815,10009.028168101,3,COMPLETED,True,0.21388797540566884,0.9281510010623606,20.20728599927679,21.34932497574482
3952,10009.010682697137,10009.010900491,10009.010900491,10009.011703632,10009.030990565,0,COMPLETED,True,0.2177938622480724,0.8031410015973961,19.286932998511475,20.307867862356943
3953,10009.012666201286,10009.01279027,10009.01279027,10009.01323051,10009.026918644,2,COMPLETED,True,0.1240687142853858,0.44023999907949474,13.688134000403807,14.252442713768687
3954,10009.035278889409,10009.035441627,10009.035441627,10009.036274338,10009.049357136,1,COMPLETED,True,0.16273759138130117,0.8327109990204917,13.082798001050833,14.078246591452626
3955,10009.042592353491,10009.04275581,10009.04275581,10009.043560841,10009.05659281,2,COMPLETED,True,0.1634565087442752,0.8050310007092776,13.031968999712262,14.000456509165815
3956,10009.073227695988,10009.073506439,10009.073506439,10009.074202852,10009.09326135,3,COMPLETED,True,0.27874301122210454,0.6964130006963387,19.058498000958934,20.033654012877378
3957,10009.079218752955,10009.079381906,10009.079381906,10009.079943255,10009.099498095,0,COMPLETED,True,0.16315304492309224,0.561348999326583,19.55484000063734,20.279342044887017
3958,10009.08013272131,10009.08027127,10009.08027127,10009.080781328,10009.10054145,1,COMPLETED,True,0.1385486903018318,0.5100580001453636,19.760121998842806,20.40872868929
3959,10009.10360649581,10009.10382486,10009.10382486,10009.104644543,10009.12345108,2,COMPLETED,True,0.21836419000464957,0.8196830003726063,18.806537000273238,19.844584190650494
3960,10009.104510422436,10009.104643091,10009.104643091,10009.1051207,10009.11883488,3,COMPLETED,True,0.13266856331028976,0.4776090008817846,13.714180000533815,14.32445756472589
3961,10009.117578618567,10009.117691226,10009.117691226,10009.11835582,10009.136904987,0,COMPLETED,True,0.11260743303864729,0.6645939993177308,18.549167001765454,19.326368434121832
3962,10009.11889546746,10009.119059258,10009.119059258,10009.120100829,10009.140741449,1,COMPLETED,True,0.16379054068238474,1.041571000314434,20.640619999539922,21.84598154053674
3963,10009.119229060696,10009.119371058,10009.119371058,10009.120088333,10009.133593405,3,COMPLETED,True,0.14199730321706738,0.7172750010795426,13.505072000043583,14.364344304340193
3964,10009.119397852124,10009.119745076,10009.119745076,10009.123665155,10009.137959343,2,COMPLETED,True,0.34722387499641627,3.9200790015456732,14.294187998530106,18.561490875072195
3965,10009.120672730416,10009.120842696,10009.120842696,10009.133809453,10009.147647656,3,COMPLETED,True,0.1699655840639025,12.966756999958307,13.838202999977511,26.97492558399972
3966,10009.12492943686,10009.125123143,10009.125123143,10009.137055344,10009.151540486,0,COMPLETED,True,0.19370613881619647,11.932200999581255,14.485142000921769,26.61104913931922
3967,10009.144699091821,10009.144890921,10009.144890921,10009.145591128,10009.163068446,2,COMPLETED,True,0.1918291782203596,0.7002070015005302,17.477317998782382,18.369354178503272
3968,10009.161349660564,10009.161438341,10009.161438341,10009.161967299,10009.175424958,1,COMPLETED,True,0.08868043551046867,0.5289580003591254,13.457659000778222,14.075297436647816
3969,10009.170320293533,10009.1704376,10009.1704376,10009.170916437,10009.184177097,3,COMPLETED,True,0.11730646656360477,0.4788370006281184,13.260660000014468,13.856803467206191
3970,10009.182727439604,10009.182880467,10009.182880467,10009.183316184,10009.196370488,0,COMPLETED,True,0.15302739666367415,0.4357170000730548,13.054303999524564,13.643048396261293
3971,10009.208306224207,10009.208354903,10009.208354903,10009.208794999,10009.22231662,2,COMPLETED,True,0.04867879215453286,0.44009600060235243,13.521621000109008,14.010395792865893
3972,10009.212632782504,10009.212676893,10009.212676893,10009.213035705,10009.226839874,1,COMPLETED,True,0.04411049485497642,0.35881199983123224,13.80416900065029,14.207091495336499
3973,10009.214681473553,10009.214824047,10009.214824047,10009.215436001,10009.234807299,3,COMPLETED,True,0.1425734462827677,0.6119540012150537,19.371297999896342,20.125825447394163
3974,10009.220144296096,10009.220330386,10009.220330386,10009.220875258,10009.234458283,0,COMPLETED,True,0.18608990467328113,0.5448720003187191,13.583024998297333,14.313986903289333
3975,10009.228071762951,10009.228370637,10009.228370637,10009.228826679,10009.242340254,2,COMPLETED,True,0.2988740488945041,0.45604200022353325,13.513575000615674,14.268491049733711
3976,10009.235559925051,10009.235686052,10009.235686052,10009.236116067,10009.24926262,1,COMPLETED,True,0.12612694808922242,0.4300150012568338,13.146552999387495,13.702694948733551
3977,10009.237163565911,10009.237360312,10009.237360312,10009.237877895,10009.256203937,0,COMPLETED,True,0.1967460884770844,0.5175830010557547,18.326041999898735,19.040371089431574
3978,10009.260224841571,10009.260403146,10009.260403146,10009.26102614,10009.27460095,3,COMPLETED,True,0.17830442811828107,0.6229940008779522,13.574810000136495,14.376108429132728
3979,10009.262158590951,10009.262411171,10009.262411171,10009.262952734,10009.276199955,2,COMPLETED,True,0.25258004825445823,0.5415630002971739,13.247221000710852,14.041364049262484
3980,10009.271588936803,10009.271741917,10009.271741917,10009.272603384,10009.291450978,1,COMPLETED,True,0.15298019752663095,0.86146700050449,18.847593999453238,19.86204119748436
3981,10009.290277726368,10009.290496809,10009.290496809,10009.291427228,10009.310841631,0,COMPLETED,True,0.21908263261138927,0.9304189989052247,19.414403001064784,20.563904632581398
3982,10009.30109242662,10009.301223935,10009.301223935,10009.301756384,10009.315497628,3,COMPLETED,True,0.13150837912689894,0.5324490011844318,13.741243999902508,14.405201380213839
3983,10009.303951179141,10009.304079538,10009.304079538,10009.304644463,10009.322974761,2,COMPLETED,True,0.1283588590013096,0.5649249997077277,18.330298000364564,19.0235818590736
3984,10009.327230031997,10009.327348462,10009.327348462,10009.327838406,10009.342575766,1,COMPLETED,True,0.11843000356748234,0.4899439991277177,14.737360001163324,15.345734003858524
3985,10009.348080903794,10009.348182314,10009.348182314,10009.34860993,10009.362232413,0,COMPLETED,True,0.10141020538867451,0.4276160016161157,13.622482998471241,14.151509205476032
3986,10009.360139015766,10009.360247832,10009.360247832,10009.360728161,10009.374471477,3,COMPLETED,True,0.1088162352971267,0.48032899940153584,13.74331599981815,14.332461234516813
3987,10009.365104402217,10009.365222862,10009.365222862,10009.365667105,10009.387804285,2,COMPLETED,True,0.1184597822430078,0.4442429999471642,22.137179999845102,22.699882782035274
3988,10009.373578026556,10009.373688648,10009.373688648,10009.374229337,10009.389577622,1,COMPLETED,True,0.11062144403695129,0.5406889995356323,15.348285000072792,15.999595443645376
3989,10009.375892418198,10009.375984706,10009.375984706,10009.376515422,10009.39225789,0,COMPLETED,True,0.0922878007258987,0.5307160008669598,15.742468000098597,16.365471801691456
3990,10009.41656729494,10009.416676452,10009.416676452,10009.417134427,10009.43555856,3,COMPLETED,True,0.10915705934166908,0.45797500024491455,18.42413300073531,18.991265060321894
3991,10009.418581238106,10009.418697939,10009.418697939,10009.419114414,10009.437851069,2,COMPLETED,True,0.1167008940683445,0.4164750007475959,18.736654999884195,19.269830894700135
3992,10009.426557192643,10009.426807631,10009.426807631,10009.427494708,10009.446383143,1,COMPLETED,True,0.2504383573977975,0.6870769993838621,18.888435000917525,19.825950357699185
3993,10009.434439164757,10009.434538757,10009.434538757,10009.434984049,10009.4485246,0,COMPLETED,True,0.09959224189515226,0.4452920002222527,13.540551000915002,14.085435243032407
3994,10009.440410240697,10009.44053532,10009.44053532,10009.44093228,10009.455928171,3,COMPLETED,True,0.1250793029612396,0.39696000021649525,14.995891000580741,15.517930303758476
3995,10009.451324821144,10009.451413879,10009.451413879,10009.451841741,10009.466178919,2,COMPLETED,True,0.089057855802821,0.4278619999240618,14.337177999550477,14.85409785527736
3996,10009.461194378138,10009.461300564,10009.461300564,10009.461865022,10009.475250148,1,COMPLETED,True,0.10618586202326696,0.5644579996442189,13.385125999775482,14.055769861442968
3997,10009.46138370949,10009.46154496,10009.46154496,10009.462138562,10009.479929693,0,COMPLETED,True,0.16125051115523092,0.5936019988439512,17.791131000194582,18.545983510193764
3998,10009.481011157113,10009.481103454,10009.481103454,10009.481516308,10009.494777832,3,COMPLETED,True,0.09229688657796942,0.4128540003875969,13.261523999972269,13.766674886937835
3999,10009.493483905928,10009.493582908,10009.493582908,10009.494128452,10009.5077609,2,COMPLETED,True,0.0990020726021612,0.545543998669018,13.632448000862496,14.276994072133675
4000,10009.513192027418,10009.513281705,10009.513281705,10009.513980364,10009.529662757,1,COMPLETED,True,0.08967758185463026,0.6986589996813564,15.682393001043238,16.470729582579224
4001,10009.514332821293,10009.514422303,10009.514422303,10009.514964391,10009.534195018,0,COMPLETED,True,0.08948170761868823,0.5420880006568041,19.230627000069944,19.862196708345436
4002,10009.514871491647,10009.514957819,10009.514957819,10009.515350177,10009.533154908,3,COMPLETED,True,0.08632735261926427,0.3923580006812699,17.804731000069296,18.28341635336983
4003,10009.51899695235,10009.519198209,10009.519198209,10009.519806523,10009.538807528,2,COMPLETED,True,0.2012566492339829,0.6083139996917453,19.001005000973237,19.810575649898965
4004,10009.525406028952,10009.525669796,10009.525669796,10009.529879051,10009.543296431,1,COMPLETED,True,0.26376704772701487,4.209255001114798,13.417379999737022,17.890402048578835
4005,10009.53174859048,10009.53192542,10009.53192542,10009.533442026,10009.548030141,3,COMPLETED,True,0.17682952056929935,1.5166060002229642,14.588115000151447,16.28155052094371
4006,10009.553065663891,10009.553238365,10009.553238365,10009.553998855,10009.567107553,0,COMPLETED,True,0.1727011094772024,0.7604900001751957,13.108697999996366,14.041889109648764
4007,10009.564067348108,10009.564110581,10009.564110581,10009.564795204,10009.582129087,2,COMPLETED,True,0.04323289067542646,0.6846230007795384,17.33388300090155,18.061738892356516
4008,10009.565702472777,10009.565931726,10009.565931726,10009.566434681,10009.579997812,1,COMPLETED,True,0.22925322264200076,0.5029550011386164,13.563130998591078,14.295339222371695
4009,10009.5664240908,10009.566651504,10009.566651504,10009.567181794,10009.58753119,3,COMPLETED,True,0.2274131984449923,0.530290000824607,20.349395999801345,21.107099199070944
4010,10009.57231960836,10009.572489638,10009.572489638,10009.573187891,10009.587249702,0,COMPLETED,True,0.17002963977574836,0.6982529994274955,14.061810999919544,14.930093639122788
4011,10009.580076349874,10009.580244152,10009.580244152,10009.581042214,10009.594182344,1,COMPLETED,True,0.16780212718003895,0.7980619993759319,13.140130000465433,14.105994127021404
4012,10009.58061592119,10009.580910827,10009.580910827,10009.582441331,10009.600035642,2,COMPLETED,True,0.2949058107333258,1.5305039996746927,17.594311000721063,19.419720811129082
4013,10009.584441907376,10009.584614667,10009.584614667,10009.587600073,10009.600830482,0,COMPLETED,True,0.17275962272833567,2.985406001243973,13.230409000243526,16.388574624215835
4014,10009.588246052248,10009.588449938,10009.588449938,10009.589062196,10009.605691198,3,COMPLETED,True,0.20388575285323896,0.6122579998191213,16.629001998808235,17.445145751480595
4015,10009.592524913212,10009.592741716,10009.592741716,10009.594531805,10009.607681053,1,COMPLETED,True,0.21680278769053984,1.7900889997690683,13.149247999535874,15.156139786995482
4016,10009.605660941637,10009.605694095,10009.605694095,10009.606488124,10009.620458939,2,COMPLETED,True,0.03315336289233528,0.7940289997350192,13.970814999993308,14.797997362620663
4017,10009.607894585479,10009.607967962,10009.607967962,10009.608626938,10009.621975035,0,COMPLETED,True,0.0733765209588455,0.6589759996131761,13.348096999834524,14.080449520406546
4018,10009.621058343988,10009.621152989,10009.621152989,10009.621781975,10009.63705341,3,COMPLETED,True,0.09464501272304915,0.6289859993557911,15.271435000613565,15.995066012692405
4019,10009.628624535517,10009.628707484,10009.628707484,10009.629315874,10009.642869074,1,COMPLETED,True,0.08294848339573946,0.6083900007070042,13.553199998568743,14.244538482671487
4020,10009.628721263376,10009.62874849,10009.62874849,10009.629483757,10009.646352768,2,COMPLETED,True,0.027226624297327362,0.7352669999818318,16.86901100038085,17.63150462466001
4021,10009.628908435427,10009.629115705,10009.629115705,10009.62962804,10009.643258843,0,COMPLETED,True,0.20726957336592022,0.5123350001667859,13.630802999614389,14.350407573147095
4022,10009.640783703904,10009.640947677,10009.640947677,10009.641778514,10009.657010056,3,COMPLETED,True,0.163973096277914,0.8308369997394038,15.231542000037734,16.226352096055052
4023,10009.641591275958,10009.641735316,10009.641735316,10009.643235508,10009.65669954,1,COMPLETED,True,0.1440400410501752,1.5001920000941027,13.464032001138548,15.108264042282826
4024,10009.644497644624,10009.644662059,10009.644662059,10009.645282126,10009.659304484,0,COMPLETED,True,0.16441437583125662,0.6200670013640774,14.022357998328516,14.80683937552385
4025,10009.672651966914,10009.672738958,10009.672738958,10009.673437793,10009.689234624,2,COMPLETED,True,0.08699108548171353,0.6988350014580647,15.796830999533995,16.582657086473773
4026,10009.679030384572,10009.679047532,10009.679047532,10009.679628112,10009.693192851,1,COMPLETED,True,0.017147427570307627,0.580580001042108,13.564738999775727,14.162466428388143
4027,10009.679940130047,10009.680127165,10009.680127165,10009.680762914,10009.699425697,3,COMPLETED,True,0.18703495334193576,0.6357490001391852,18.66278299894475,19.48556695242587
4028,10009.728344067602,10009.728432217,10009.728432217,10009.72917811,10009.751261662,0,COMPLETED,True,0.08814939792500809,0.7458929994754726,22.083552001276985,22.917594398677466
4029,10009.731412392528,10009.73149563,10009.73149563,10009.731805886,10009.747274876,2,COMPLETED,True,0.083237471699249,0.31025600037537515,15.468989999135374,15.862483471209998
4030,10009.738074956194,10009.738164643,10009.738164643,10009.738735684,10009.75761545,1,COMPLETED,True,0.08968680594989564,0.5710410005121958,18.879765999372466,19.540493805834558
4031,10009.7385503224,10009.73864344,10009.73864344,10009.739047801,10009.759553012,3,COMPLETED,True,0.09311760004493408,0.4043610006192466,20.505210999544943,21.002689600209123
4032,10009.739034335078,10009.739125339,10009.739125339,10009.747563747,10009.765838184,2,COMPLETED,True,0.09100392162508797,8.43840800007456,18.274436999490717,26.803848921190365
4033,10009.74583207251,10009.745940697,10009.745940697,10009.751519278,10009.768898476,0,COMPLETED,True,0.10862448834814131,5.578581000008853,17.379198001435725,23.06640348979272
4034,10009.753446672947,10009.753612036,10009.753612036,10009.758081426,10009.772401913,1,COMPLETED,True,0.16536305338377133,4.4693899999401765,14.320487000077264,18.955240053401212
4035,10009.756435936977,10009.756595252,10009.756595252,10009.75976531,10009.777349344,3,COMPLETED,True,0.15931502275634557,3.1700580002507195,17.584033999810345,20.91340702281741
4036,10009.769570794844,10009.769830814,10009.769830814,10009.770438828,10009.78597588,2,COMPLETED,True,0.2600191564852139,0.6080139992263867,15.537052000581753,16.405085156293353
4037,10009.771307489666,10009.771561824,10009.771561824,10009.772304996,10009.792128528,0,COMPLETED,True,0.25433433438593056,0.7431720005115494,19.823532000373234,20.821038335270714
4038,10009.77761856029,10009.777923374,10009.777923374,10009.778317279,10009.791631879,1,COMPLETED,True,0.3048137095902348,0.39390500023728237,13.31459999892104,14.013318708748557
4039,10009.7889585033,10009.789102257,10009.789102257,10009.789927117,10009.810028306,3,COMPLETED,True,0.14375369937624782,0.8248600006481865,20.101188998523867,21.0698026985483
4040,10009.794062874897,10009.794160377,10009.794160377,10009.794618541,10009.812522088,2,COMPLETED,True,0.09750210301717743,0.4581640005199006,17.90354699915042,18.4592131026875
4041,10009.794168215823,10009.794215221,10009.794215221,10009.794665647,10009.807784064,1,COMPLETED,True,0.047005176384118386,0.45042599958833307,13.118417000441696,13.615848176414147
4042,10009.798019580745,10009.798272501,10009.798272501,10009.798839275,10009.813002102,0,COMPLETED,True,0.2529202556615928,0.5667739987984532,14.16282700120064,14.982521255660686
4043,10009.798803174199,10009.798948578,10009.798948578,10009.807955548,10009.821889564,1,COMPLETED,True,0.14540380107064266,9.00696999997308,13.934016000348493,23.086389801392215
4044,10009.80208470548,10009.802234704,10009.802234704,10009.810447765,10009.829251496,3,COMPLETED,True,0.149998521010275,8.213060998969013,18.803730999934487,27.166790519913775
4045,10009.803563241905,10009.803726255,10009.803726255,10009.812766608,10009.830951296,2,COMPLETED,True,0.16301309551636223,9.040352999363677,18.184688000474125,27.388054095354164
4046,10009.805312691478,10009.805466474,10009.805466474,10009.813297622,10009.826938173,0,COMPLETED,True,0.15378252101072576,7.831148001059773,13.640551000207779,21.625481522278278
4047,10009.81073332926,10009.810895047,10009.810895047,10009.82223767,10009.835843491,1,COMPLETED,True,0.16171774041140452,11.342623000018648,13.60582100096508,25.11016174139513
4048,10009.811546231396,10009.811683117,10009.811683117,10009.827275097,10009.841266606,0,COMPLETED,True,0.13688560284208506,15.591980001772754,13.9915089985152,29.72037460313004
4049,10009.812589572251,10009.812955992,10009.812955992,10009.829549452,10009.847869427,3,COMPLETED,True,0.36641974838858005,16.593460000876803,18.31997499903082,35.2798547482962
4050,10009.815316483213,10009.81547604,10009.81547604,10009.83129299,10009.849631663,2,COMPLETED,True,0.15955678645696025,15.816950000953511,18.338673000471317,34.31517978788179
4051,10009.82128948786,10009.821463736,10009.821463736,10009.836219339,10009.850010363,1,COMPLETED,True,0.17424813995603472,14.75560300059442,13.791023999147,28.720875139697455
4052,10009.824532019911,10009.8246921,10009.8246921,10009.841623791,10009.855722187,0,COMPLETED,True,0.16008008969947696,16.93169099962688,14.098395999099012,31.19016708842537
4053,10009.825220165,10009.825361032,10009.825361032,10009.848244431,10009.866639239,3,COMPLETED,True,0.14086700139159802,22.88339899860148,18.39480800117599,41.419074001169065
4054,10009.82637506185,10009.826515091,10009.826515091,10009.849798627,10009.869218885,2,COMPLETED,True,0.14002914940647315,23.283536000235472,19.420258000536705,42.84382315017865
4055,10009.83609235271,10009.836526663,10009.836526663,10009.850353297,10009.863891684,1,COMPLETED,True,0.43431029007479083,13.826633999997284,13.538386998334317,27.799331288406393
4056,10009.842976446429,10009.843173077,10009.843173077,10009.856089511,10009.869617682,0,COMPLETED,True,0.19663057173602283,12.916433999635046,13.528170999052236,26.641235570423305
4057,10009.843816104309,10009.843977511,10009.843977511,10009.864276549,10009.877872654,1,COMPLETED,True,0.16140669140440878,20.29903800030297,13.596105000033276,34.056549691740656
4058,10009.84395935361,10009.844112621,10009.844112621,10009.866958316,10009.886027126,3,COMPLETED,True,0.1532673904875992,22.845695000796695,19.068809999225778,42.06777239051007
4059,10009.845573850369,10009.845834796,10009.845834796,10009.869506434,10009.888893192,2,COMPLETED,True,0.2609456314530689,23.671638000450912,19.386757998290705,43.319341630194685
4060,10009.868354431976,10009.868505497,10009.868505497,10009.869957338,10009.883705983,0,COMPLETED,True,0.1510650236014044,1.4518410007440252,13.74864500030526,15.35155102465069
4061,10009.868635488609,10009.869091824,10009.869091824,10009.878187503,10009.891942927,1,COMPLETED,True,0.4563353923003888,9.095678999074153,13.755424000919447,23.30743839229399
4062,10009.877604931853,10009.877876531,10009.877876531,10009.884063901,10009.897754667,0,COMPLETED,True,0.2715991467994172,6.187369999679504,13.690765999854193,20.149735146333114
4063,10009.880919946629,10009.881083148,10009.881083148,10009.886334187,10009.905537847,3,COMPLETED,True,0.16320137183356564,5.251038999631419,19.203660000130185,24.61790037159517
4064,10009.882544225751,10009.882654105,10009.882654105,10009.889214669,10009.907546675,2,COMPLETED,True,0.10987924906658009,6.560563999300939,18.332006000491674,25.002449248859193
4065,10009.911279624075,10009.911366551,10009.911366551,10009.912303138,10009.926713454,1,COMPLETED,True,0.08692692426848225,0.9365870009787614,14.410316000066814,15.433829925314058
4066,10009.916649287004,10009.91674388,10009.91674388,10009.917396593,10009.931015254,0,COMPLETED,True,0.09459299508307595,0.6527130008180393,13.61866099978215,14.365966995683266
4067,10009.927513595463,10009.92761095,10009.92761095,10009.928048055,10009.944292677,3,COMPLETED,True,0.09735453750181478,0.4371049999463139,16.244622000158415,16.779081537606544
4068,10009.934554918182,10009.934639583,10009.934639583,10009.934996529,10009.953657739,2,COMPLETED,True,0.0846648181322962,0.35694600046554115,18.661210000573192,19.10282081917103
4069,10009.937042810481,10009.937123045,10009.937123045,10009.937382872,10009.95069559,1,COMPLETED,True,0.08023451846383978,0.2598270002636127,13.312717999724555,13.652779518452007
4070,10009.93877700718,10009.938897931,10009.938897931,10009.939494264,10009.954213678,0,COMPLETED,True,0.12092381984984968,0.596332998611615,14.719414000865072,15.436670819326537
4071,10009.940736569757,10009.940824009,10009.940824009,10009.9445813,10009.963408056,3,COMPLETED,True,0.08743924263399094,3.7572910005110316,18.826756000635214,22.671486243780237
4072,10009.946352287663,10009.946449997,10009.946449997,10009.951060801,10009.964642265,1,COMPLETED,True,0.0977093368419446,4.610804000549251,13.58146399979887,18.289977337190066
4073,10009.946377622919,10009.946507637,10009.946507637,10009.95396425,10009.970278787,2,COMPLETED,True,0.13001408115087543,7.456613000613288,16.314536998834228,23.90116408059839
4074,10009.954685262739,10009.954786492,10009.954786492,10009.955157622,10009.968760553,0,COMPLETED,True,0.10122926141775679,0.3711299996211892,13.602930999695673,14.075290260734619
4075,10009.968292451433,10009.968389122,10009.968389122,10009.968851594,10009.982819237,3,COMPLETED,True,0.09667056656326167,0.4624720004358096,13.96764300079667,14.526785567795741
4076,10009.972246553894,10009.972336476,10009.972336476,10009.972696141,10009.985775112,1,COMPLETED,True,0.08992210496217012,0.35966500036010984,13.078971000140882,13.528558105463162
4077,10009.981244386188,10009.981334178,10009.981334178,10009.981790803,10009.995996631,0,COMPLETED,True,0.08979181257018354,0.4566249990602955,14.205827999830944,14.752244811461424
4078,10009.990955748068,10009.991063817,10009.991063817,10009.99144715,10010.006444335,2,COMPLETED,True,0.10806893260451034,0.3833329992630752,14.997185000538593,15.488586932406179
4079,10010.000246376716,10010.000360379,10010.000360379,10010.000794381,10010.016905892,3,COMPLETED,True,0.11400228322600015,0.43400200047472026,16.111511000417522,16.659515284118243
4080,10010.004697177123,10010.004780897,10010.004780897,10010.005135103,10010.018519886,1,COMPLETED,True,0.08371987678401638,0.3542060003383085,13.384783000219613,13.822708877341938
4081,10010.032194293912,10010.032347416,10010.032347416,10010.0328981,10010.050882489,0,COMPLETED,True,0.15312208779505454,0.5506840007001301,17.984389000048395,18.68819508854358
4082,10010.033836470488,10010.033983366,10010.033983366,10010.034426093,10010.05107455,2,COMPLETED,True,0.14689551244373433,0.442726999608567,16.64845699997386,17.23807951202616
4083,10010.040521081857,10010.040629258,10010.040629258,10010.041177726,10010.057542149,3,COMPLETED,True,0.10817614202096593,0.5484680004883558,16.364422999686212,17.021067142195534
4084,10010.0431847066,10010.043354031,10010.043354031,10010.043874606,10010.056930608,1,COMPLETED,True,0.169324401213089,0.5205750003369758,13.056001998847933,13.745901400397997
4085,10010.0531400055,10010.05328888,10010.05328888,10010.054008455,10010.068726785,0,COMPLETED,True,0.14887450015521608,0.7195749985839939,14.71833000141487,15.58677950015408
4086,10010.057189647085,10010.057446661,10010.057446661,10010.05825686,10010.073137603,2,COMPLETED,True,0.257013914961135,0.810199000625289,14.880742999594077,15.9479559151805
4087,10010.064148461237,10010.064293858,10010.064293858,10010.065012941,10010.078358675,1,COMPLETED,True,0.14539676340064034,0.7190830001491122,13.345733999813092,14.210213763362844
4088,10010.067952879692,10010.06817042,10010.06817042,10010.068870837,10010.089212271,3,COMPLETED,True,0.21754030785814393,0.7004170001891907,20.341433999419678,21.259391307467013
4089,10010.070523634191,10010.07060985,10010.07060985,10010.071153385,10010.08450926,0,COMPLETED,True,0.08621580855106004,0.5435350012703566,13.355874998524087,13.985625808345503
4090,10010.075240378408,10010.075339932,10010.075339932,10010.075904578,10010.093922628,2,COMPLETED,True,0.09955359200830571,0.564645999475033,18.018050001046504,18.682249592529843
4091,10010.079685149629,10010.079772761,10010.079772761,10010.080416771,10010.093911061,1,COMPLETED,True,0.08761137178225908,0.6440099987230496,13.494290000380715,14.225911370886024
4092,10010.080588603354,10010.080678222,10010.080678222,10010.08486998,10010.098535007,0,COMPLETED,True,0.08961864659795538,4.191758000160917,13.665026999660768,17.94640364641964
4093,10010.080613914562,10010.080716906,10010.080716906,10010.089640794,10010.108355036,3,COMPLETED,True,0.1029914383252617,8.923887999117142,18.71424199998728,27.741121437429683
4094,10010.084614547708,10010.084746687,10010.084746687,10010.094212229,10010.112989652,2,COMPLETED,True,0.13213929196354002,9.465541999816196,18.77742299984675,28.375104291626485
4095,10010.085387103958,10010.085494226,10010.085494226,10010.094271983,10010.108510606,1,COMPLETED,True,0.10712204129958991,8.77775700064376,14.238622999982908,23.12350204192626
4096,10010.087126668333,10010.087309341,10010.087309341,10010.09886965,10010.112935385,0,COMPLETED,True,0.1826726656872779,11.560309001652058,14.065734998439439,25.808716665778775
4097,10010.090554063458,10010.090656687,10010.090656687,10010.108684937,10010.125583217,3,COMPLETED,True,0.10262354226142634,18.028250000497792,16.898280000532395,35.02915354329161
4098,10010.094224574059,10010.094486135,10010.094486135,10010.108776557,10010.122923996,1,COMPLETED,True,0.2615609409986064,14.290421999248792,14.147439000225859,28.699421940473258
4099,10010.09433161325,10010.094631572,10010.094631572,10010.113258084,10010.126983074,0,COMPLETED,True,0.29995874865562655,18.62651200099208,13.724989999900572,32.65146074954828
4100,10010.116169164932,10010.116360444,10010.116360444,10010.117226921,10010.138012123,2,COMPLETED,True,0.19127906853100285,0.8664769993629307,20.785201999387937,21.84295806728187
4101,10010.127490679408,10010.127582415,10010.127582415,10010.128051476,10010.141340683,1,COMPLETED,True,0.09173559192277025,0.4690610003308393,13.289206999615999,13.850003591869608
4102,10010.12866705822,10010.128751314,10010.128751314,10010.129053123,10010.145360436,3,COMPLETED,True,0.08425578016613144,0.30180900103005115,16.307312998833368,16.69337778002955
4103,10010.137928191622,10010.138023526,10010.138023526,10010.138460414,10010.151841499,0,COMPLETED,True,0.09533437878417317,0.4368879999674391,13.381085000219173,13.913307378970785
4104,10010.142686167168,10010.142815894,10010.142815894,10010.143348145,10010.160463997,2,COMPLETED,True,0.12972683180123568,0.5322510005498771,17.115851998823928,17.77782983117504
4105,10010.14831656886,10010.148409774,10010.148409774,10010.148848496,10010.162646631,1,COMPLETED,True,0.09320513890997972,0.438721999671543,13.798135001707124,14.330062140288646
4106,10010.149662607531,10010.149767412,10010.149767412,10010.150147208,10010.169208377,3,COMPLETED,True,0.10480446871952154,0.3797959998337319,19.061168999542133,19.545769468095386
4107,10010.156091779083,10010.156132347,10010.156132347,10010.156522463,10010.169912978,0,COMPLETED,True,0.04056791658513248,0.39011599983496126,13.390515001447056,13.82119891786715
4108,10010.157495534888,10010.157582087,10010.157582087,10010.160800389,10010.178798038,2,COMPLETED,True,0.08655211240693461,3.218301999368123,17.997648999880766,21.302503111655824
4109,10010.166629461359,10010.166735676,10010.166735676,10010.167156393,10010.180510298,1,COMPLETED,True,0.10621464207360987,0.4207169986329973,13.353905000258237,13.880836640964844
4110,10010.171411227846,10010.171502066,10010.171502066,10010.171886834,10010.187665611,3,COMPLETED,True,0.09083815348276403,0.3847680000035325,15.778777000377886,16.254383153864183
4111,10010.200350806417,10010.200478703,10010.200478703,10010.200985968,10010.217163301,0,COMPLETED,True,0.12789658285328187,0.5072650001238799,16.177333000086946,16.812494583064108
4112,10010.202579188715,10010.202701792,10010.202701792,10010.203130475,10010.217172059,2,COMPLETED,True,0.12260328549018595,0.42868299897236284,14.041583999642171,14.59287028410472
4113,10010.214430598138,10010.214595742,10010.214595742,10010.215175616,10010.234262305,1,COMPLETED,True,0.16514386152266525,0.5798740003228886,19.08668900068733,19.831706862532883
4114,10010.221035972947,10010.221125887,10010.221125887,10010.221521257,10010.236824771,3,COMPLETED,True,0.08991405229608063,0.3953700015699724,15.303513999242568,15.788798053108621
4115,10010.227271943244,10010.227398419,10010.227398419,10010.227862445,10010.24189444,0,COMPLETED,True,0.12647575567825697,0.4640259994630469,14.031995000550523,14.622496755691827
4116,10010.231924372161,10010.232031253,10010.232031253,10010.232538511,10010.247541987,2,COMPLETED,True,0.10688083784771152,0.507258000652655,15.003476000856608,15.617614839356975
4117,10010.23346135255,10010.233561,10010.233561,10010.234583567,10010.248545437,1,COMPLETED,True,0.09964744822354987,1.022567001200514,13.961869999548071,15.084084448972135
4118,10010.25757469595,10010.257718247,10010.257718247,10010.258205853,10010.272123085,3,COMPLETED,True,0.1435510494047776,0.4876060011156369,13.917231999585056,14.54838905010547
4119,10010.271514634427,10010.27162264,10010.27162264,10010.272482593,10010.290996651,0,COMPLETED,True,0.10800557356560603,0.8599529992352473,18.51405799970962,19.482016572510474
4120,10010.289178200857,10010.289274664,10010.289274664,10010.289985245,10010.305839738,3,COMPLETED,True,0.09646314174460713,0.7105810000211932,15.854493000006187,16.661537141771987
4121,10010.297396302343,10010.29752245,10010.29752245,10010.298163059,10010.312186839,1,COMPLETED,True,0.1261476572835818,0.6406089996744413,14.023780000570696,14.790536657528719
4122,10010.298348411592,10010.298500758,10010.298500758,10010.29904051,10010.315789348,2,COMPLETED,True,0.15234640704875346,0.5397520017140778,16.748837999330135,17.440936408092966
4123,10010.306317031149,10010.306478576,10010.306478576,10010.307368627,10010.325785036,0,COMPLETED,True,0.1615448509255657,0.8900510001694784,18.41640900056518,19.468004851660226
4124,10010.313493064274,10010.313582297,10010.313582297,10010.314250654,10010.330077537,3,COMPLETED,True,0.08923272616812028,0.668357000904507,15.8268830000452,16.584472727117827
4125,10010.320432336897,10010.320637204,10010.320637204,10010.321482172,10010.335085091,1,COMPLETED,True,0.20486710309342016,0.8449679990008008,13.602918999822577,14.652754101916798
4126,10010.32270563793,10010.322857858,10010.322857858,10010.323415901,10010.339294472,2,COMPLETED,True,0.1522200709587196,0.5580430006375536,15.878570999120711,16.588834070716985
4127,10010.341484613427,10010.341582214,10010.341582214,10010.342466302,10010.362022697,0,COMPLETED,True,0.09760057218954898,0.8840880000207108,19.55639500010875,20.53808357231901
4128,10010.350426245212,10010.35061912,10010.35061912,10010.351184438,10010.365473681,3,COMPLETED,True,0.19287478789919987,0.5653179996443214,14.289243001258,15.047435788801522
4129,10010.359629117927,10010.359724942,10010.359724942,10010.360346484,10010.373864088,1,COMPLETED,True,0.09582407255948056,0.6215419998625293,13.517604000298888,14.234970072720898
4130,10010.369348243115,10010.369448142,10010.369448142,10010.370125338,10010.384438888,2,COMPLETED,True,0.09989888530981261,0.6771959997422528,14.313550000224495,15.09064488527656
4131,10010.384354973086,10010.384418009,10010.384418009,10010.385092621,10010.398591381,0,COMPLETED,True,0.06303591362666339,0.674611999784247,13.498759999492904,14.236407912903815
4132,10010.400693236543,10010.400835271,10010.400835271,10010.401333567,10010.417828445,3,COMPLETED,True,0.1420344578946242,0.4982959999324521,16.49487800023053,17.135208458057605
4133,10010.402123065309,10010.402248061,10010.402248061,10010.402603439,10010.416109406,1,COMPLETED,True,0.1249956912943162,0.35537800067686476,13.5059669992188,13.98634069118998
4134,10010.406664595594,10010.406798589,10010.406798589,10010.407416279,10010.424237714,2,COMPLETED,True,0.13399340605246834,0.6176900005812058,16.82143499965605,17.573118406289723
4135,10010.42358326564,10010.423687462,10010.423687462,10010.424177369,10010.437618775,0,COMPLETED,True,0.10419636055303272,0.48990699906426016,13.441406001220457,14.03550936083775
4136,10010.424792834492,10010.424898387,10010.424898387,10010.425252297,10010.438796909,1,COMPLETED,True,0.10555250810284633,0.3539099998306483,13.544612000259804,14.004074508193298
4137,10010.431883520232,10010.431983942,10010.431983942,10010.432468268,10010.451130322,3,COMPLETED,True,0.1004217683657771,0.484325999423163,18.6620540007425,19.24680176853144
4138,10010.434486887762,10010.434588318,10010.434588318,10010.43502523,10010.453361588,2,COMPLETED,True,0.10143023791897576,0.4369119997136295,18.336357999942265,18.87470023757487
4139,10010.443436604406,10010.443523895,10010.443523895,10010.44393893,10010.457930813,0,COMPLETED,True,0.08729059481993318,0.41503499960526824,13.991882999107474,14.494208593532676
4140,10010.45195377381,10010.452082626,10010.452082626,10010.452529893,10010.466363885,1,COMPLETED,True,0.1288521889364347,0.44726700070896186,13.833991999490536,14.410111189135932
4141,10010.453793047576,10010.453887958,10010.453887958,10010.454237781,10010.468575447,3,COMPLETED,True,0.09491042328590993,0.3498229998513125,14.33766599984665,14.782399422983872
4142,10010.47797632153,10010.478066069,10010.478066069,10010.478549767,10010.492919043,2,COMPLETED,True,0.0897474692465039,0.4836980006075464,14.36927599934279,14.94272146919684
4143,10010.494285984852,10010.494377355,10010.494377355,10010.494902435,10010.508159814,0,COMPLETED,True,0.09137014785665087,0.5250800004432676,13.257378999696812,13.87382914799673
4144,10010.49652668857,10010.496562084,10010.496562084,10010.497190806,10010.514579948,1,COMPLETED,True,0.035395429222262464,0.6287220003287075,17.389141999956337,18.053259429507307
4145,10010.515002480206,10010.515165057,10010.515165057,10010.516057219,10010.537015526,3,COMPLETED,True,0.16257679453701712,0.892161999217933,20.95830700091028,22.01304579466523
4146,10010.517591458696,10010.517726509,10010.517726509,10010.518454082,10010.536828964,2,COMPLETED,True,0.13505030437954701,0.7275729985849466,18.374881999989157,19.23750530295365
4147,10010.519297176586,10010.51944911,10010.51944911,10010.520204033,10010.53977787,0,COMPLETED,True,0.151933412780636,0.7549230012955377,19.573837000280037,20.48069341435621
4148,10010.519531382475,10010.519548437,10010.519548437,10010.520365162,10010.535168707,1,COMPLETED,True,0.017054524505510926,0.8167249998223269,14.80354500017711,15.637324524504947
4149,10010.519601425773,10010.519859795,10010.519859795,10010.535585275,10010.548610298,1,COMPLETED,True,0.2583692275948124,15.725479999673553,13.025022999499924,29.00887222676829
4150,10010.521345522553,10010.52149428,10010.52149428,10010.537000638,10010.554462469,2,COMPLETED,True,0.1487574463681085,15.506358000493492,17.461830999309313,33.116946446170914
4151,10010.540572676082,10010.540705447,10010.540705447,10010.541406644,10010.559483277,3,COMPLETED,True,0.13277091784402728,0.7011970010353252,18.076632999509457,18.91060091838881
4152,10010.545443399282,10010.545604982,10010.545604982,10010.546467694,10010.56090446,0,COMPLETED,True,0.16158271864696871,0.8627119987067999,14.43676600138133,15.461060718735098
4153,10010.550184396086,10010.550347312,10010.550347312,10010.551099147,10010.570027544,1,COMPLETED,True,0.1629159141884884,0.7518349993915763,18.92839699939941,19.843147912979475
4154,10010.555237281342,10010.555331271,10010.555331271,10010.555972101,10010.572159628,2,COMPLETED,True,0.09398965812579263,0.6408299996110145,16.18752700051118,16.92234665824799
4155,10010.5636457955,10010.563709245,10010.563709245,10010.564371944,10010.585026433,3,COMPLETED,True,0.06344949906633701,0.662698999803979,20.65448900066258,21.380637499532895
4156,10010.567358963794,10010.567461125,10010.567461125,10010.567792391,10010.581632769,0,COMPLETED,True,0.10216120608674828,0.3312660010124091,13.84037800016813,14.273805207267287
4157,10010.57061458939,10010.570766564,10010.570766564,10010.571128799,10010.585542281,1,COMPLETED,True,0.1519746110716369,0.3622349995566765,14.4134820002364,14.927691610864713
4158,10010.573981393043,10010.574103565,10010.574103565,10010.574631878,10010.593353517,2,COMPLETED,True,0.12217195762787014,0.5283129994495539,18.721639000432333,19.372123957509757
4159,10010.574116492899,10010.574181095,10010.574181095,10010.581842773,10010.595413028,0,COMPLETED,True,0.06460210170189384,7.6616779988398775,13.570255001468468,21.29653510201024
4160,10010.578914940934,10010.579013094,10010.579013094,10010.585227107,10010.60139633,3,COMPLETED,True,0.09815306657401379,6.214012999407714,16.16922299945145,22.481389065433177
4161,10010.584372100411,10010.584639805,10010.584639805,10010.585709653,10010.599368558,1,COMPLETED,True,0.26770458862301894,1.069848000042839,13.658904999829247,14.996457588495105
4162,10010.599300229207,10010.599410961,10010.599410961,10010.600088187,10010.613875391,2,COMPLETED,True,0.1107317930291174,0.6772260003344854,13.787203999527264,14.575161792890867
4163,10010.600350673858,10010.600539303,10010.600539303,10010.60093506,10010.614341671,0,COMPLETED,True,0.188629141121055,0.39575700066052377,13.406611000391422,13.990997142173
4164,10010.608899504996,10010.609023279,10010.609023279,10010.609674339,10010.623043207,1,COMPLETED,True,0.1237740034412127,0.6510600014735246,13.368867999815848,14.143702004730585
4165,10010.631906485181,10010.632166272,10010.632166272,10010.632760957,10010.652206187,3,COMPLETED,True,0.2597868187876884,0.5946849996689707,19.445230000201263,20.299701818657923
4166,10010.631975655047,10010.632299535,10010.632299535,10010.632859677,10010.652212175,2,COMPLETED,True,0.3238799527025549,0.5601419998129131,19.35249800044403,20.236519952959497
4167,10010.63792515715,10010.63808728,10010.63808728,10010.638964602,10010.65871077,0,COMPLETED,True,0.16212284936045762,0.8773219997237902,19.7461679999833,20.785612849067547
4168,10010.648841106065,10010.649017672,10010.649017672,10010.649753872,10010.669399989,1,COMPLETED,True,0.17656593445281032,0.7361999996646773,19.646116999865626,20.558882933983114
4169,10010.650810158775,10010.651046647,10010.651046647,10010.652431582,10010.668990265,3,COMPLETED,True,0.23648822570976336,1.3849349998054095,16.558682998947916,18.18010622446309
4170,10010.658554699909,10010.658725825,10010.658725825,10010.659344969,10010.675579671,2,COMPLETED,True,0.1711250915832352,0.6191440006659832,16.234701999565004,17.024971091814223
4171,10010.674585356719,10010.674717868,10010.674717868,10010.675445057,10010.688862917,0,COMPLETED,True,0.13251128075353336,0.7271890008269111,13.417860000117798,14.277560281698243
4172,10010.687729757306,10010.687895004,10010.687895004,10010.688419169,10010.70208618,3,COMPLETED,True,0.1652466944506159,0.5241649996605702,13.667010998688056,14.356422692799242
4173,10010.699057947068,10010.699151279,10010.699151279,10010.699779118,10010.713183863,1,COMPLETED,True,0.09333193156635389,0.6278390010265866,13.404744999206741,14.125915931799682
4174,10010.701498885657,10010.701666134,10010.701666134,10010.702405754,10010.722269136,2,COMPLETED,True,0.16724834313208703,0.7396199998765951,19.863382000039564,20.770250343048247
4175,10010.70240697548,10010.702687978,10010.702687978,10010.703140387,10010.72166027,3,COMPLETED,True,0.2810025198414223,0.45240899999043904,18.51988299858931,19.25329451842117
4176,10010.706192899053,10010.706352082,10010.706352082,10010.707229668,10010.724790146,0,COMPLETED,True,0.1591829459357541,0.8775860005698632,17.560477999722934,18.59724694622855
4177,10010.70783066028,10010.708095243,10010.708095243,10010.713565265,10010.726867117,1,COMPLETED,True,0.2645827207743423,5.470021998917218,13.30185200095002,19.03645672064158
4178,10010.710058904408,10010.710308107,10010.710308107,10010.721982832,10010.740146249,3,COMPLETED,True,0.24920259238569997,11.67472499946598,18.163417000323534,30.087344592175214
4179,10010.71256746697,10010.712678948,10010.712678948,10010.722746589,10010.741765115,2,COMPLETED,True,0.11148103112645913,10.067640998386196,19.018526001673308,29.197648031185963
4180,10010.727597372083,10010.727745849,10010.727745849,10010.72834647,10010.74199616,0,COMPLETED,True,0.14847691818431485,0.6006209987390321,13.649690001329873,14.39878791825322
4181,10010.739803212235,10010.739976141,10010.739976141,10010.740735904,10010.760337279,1,COMPLETED,True,0.1729287650960032,0.7597630010423018,19.601374999183463,20.534066765321768
4182,10010.745212442913,10010.745302118,10010.745302118,10010.745618085,10010.758986259,3,COMPLETED,True,0.089675088020158,0.3159669995511649,13.368173998969723,13.773816086541046
4183,10010.758808552519,10010.75890245,10010.75890245,10010.759889597,10010.773635294,2,COMPLETED,True,0.09389748083776794,0.9871470010693884,13.745696998739731,14.826741480646888
4184,10010.782485944004,10010.782613031,10010.782613031,10010.783257174,10010.8024997,0,COMPLETED,True,0.1270869961444987,0.6441429995902581,19.242525999288773,20.01375599502353
4185,10010.783652246113,10010.783783567,10010.783783567,10010.784190394,10010.801893994,3,COMPLETED,True,0.13132088679412846,0.40682700091565493,17.70359999864013,18.241747886349913
4186,10010.786013077948,10010.786092977,10010.786092977,10010.786779758,10010.803537863,1,COMPLETED,True,0.07989905134309083,0.6867810006951913,16.758104999098578,17.52478505113686
4187,10010.786062112309,10010.786126233,10010.786126233,10010.786833107,10010.805086054,2,COMPLETED,True,0.0641206916043302,0.7068739996611839,18.252947000291897,19.02394169155741
4188,10010.789588467602,10010.789674148,10010.789674148,10010.802228994,10010.820647328,3,COMPLETED,True,0.08568039811507333,12.554846000057296,18.418334000671166,31.058860398843535
4189,10010.790906571976,10010.790994676,10010.790994676,10010.803069237,10010.818116478,0,COMPLETED,True,0.08810402323433664,12.074561000190442,15.047241000502254,27.209906023927033
4190,10010.793259359292,10010.793364191,10010.793364191,10010.803929657,10010.817422011,1,COMPLETED,True,0.10483170808583964,10.56546600011643,13.492353999026818,24.162651707229088
4191,10010.803532956603,10010.803644988,10010.803644988,10010.80536537,10010.823286603,2,COMPLETED,True,0.11203139729332179,1.7203820007125614,17.9212329985603,19.753646396566182
4192,10010.81072531243,10010.81086369,10010.81086369,10010.817779235,10010.83128204,1,COMPLETED,True,0.13837756887369324,6.915545000083512,13.502805000825902,20.556727569783106
4193,10010.811476069211,10010.811589226,10010.811589226,10010.818560405,10010.831747547,0,COMPLETED,True,0.11315678784740157,6.971179000174743,13.187141999878804,20.27147778790095
4194,10010.82365541172,10010.823814293,10010.823814293,10010.824530018,10010.838644412,3,COMPLETED,True,0.15888128109509125,0.7157250001910143,14.114393999989261,14.989000281275366
4195,10010.835791254036,10010.836063069,10010.836063069,10010.836835186,10010.850699417,2,COMPLETED,True,0.2718149644351797,0.7721170004515443,13.864230999388383,14.908162964275107
4196,10010.846800259838,10010.84704946,10010.84704946,10010.84774755,10010.861148216,1,COMPLETED,True,0.24920016221585684,0.6980899997870438,13.400665999142802,14.347956161145703
4197,10010.855029536262,10010.855199257,10010.855199257,10010.855929499,10010.875822619,0,COMPLETED,True,0.1697207371762488,0.73024199991778,19.89312000114296,20.79308273823699
4198,10010.86667497537,10010.866839207,10010.866839207,10010.867487521,10010.886682097,3,COMPLETED,True,0.16423162924183998,0.6483140005002497,19.194575999790686,20.007121629532776
4199,10010.88259560666,10010.882757969,10010.882757969,10010.883280439,10010.901578745,2,COMPLETED,True,0.16236234114330728,0.5224699998507276,18.298306000360753,18.98313834135479
4200,10010.883645321554,10010.883771197,10010.883771197,10010.884242296,10010.902391634,1,COMPLETED,True,0.12587544733833056,0.4710989996965509,18.149337998693227,18.74631244572811
4201,10010.886159370682,10010.886263496,10010.886263496,10010.886771874,10010.900134705,0,COMPLETED,True,0.10412531810288783,0.5083779997221427,13.362830999540165,13.975334317365196
4202,10010.886967156994,10010.887215483,10010.887215483,10010.887674011,10010.906594525,3,COMPLETED,True,0.248326006840216,0.45852800030843355,18.92051399954653,19.62736800669518
4203,10010.894976023963,10010.895093117,10010.895093117,10010.900357706,10010.914200324,0,COMPLETED,True,0.11709303726092912,5.264588999125408,13.842618000126095,19.22430003651243
4204,10010.898646128913,10010.898830798,10010.898830798,10010.901888638,10010.918202534,2,COMPLETED,True,0.18466908659320325,3.0578400001104455,16.313895999701344,19.556405086404993
4205,10010.899188015574,10010.899282583,10010.899282583,10010.902665582,10010.918421031,1,COMPLETED,True,0.0945674255490303,3.3829990006779553,15.755448999698274,19.23301542592526
4206,10010.911364425976,10010.911585341,10010.911585341,10010.912087652,10010.928393376,3,COMPLETED,True,0.22091502432886045,0.5023109988542274,16.305724000631017,17.028950023814104
4207,10010.916950691826,10010.917064285,10010.917064285,10010.917806732,10010.934032839,0,COMPLETED,True,0.11359317431924865,0.7424470004480099,16.22610699996585,17.08214717473311
4208,10010.92416029609,10010.924262525,10010.924262525,10010.924937204,10010.939450014,2,COMPLETED,True,0.10222891069133766,0.6746789986209478,14.512810001178877,15.289717910491163
4209,10010.930495676972,10010.93075558,10010.93075558,10010.931348261,10010.945104511,1,COMPLETED,True,0.2599030285637127,0.5926809990342008,13.756250000369619,14.608834027967532
4210,10010.941245111288,10010.941339763,10010.941339763,10010.941735385,10010.960395766,3,COMPLETED,True,0.09465171206102241,0.3956220007239608,18.660380999790505,19.150654712575488
4211,10010.941453973152,10010.94153709,10010.94153709,10010.941868549,10010.955789581,0,COMPLETED,True,0.08311684905493166,0.33145899942610413,13.9210319994163,14.335607847897336
4212,10010.943441441672,10010.943524277,10010.943524277,10010.94374804,10010.962252515,2,COMPLETED,True,0.08283532770292368,0.22376299966708757,18.504475001464016,18.811073328834027
4213,10010.94635495758,10010.946441063,10010.946441063,10010.946801233,10010.960206209,1,COMPLETED,True,0.08610542136011645,0.36016999911225867,13.404975999947055,13.85125142041943
4214,10010.953018094338,10010.953119308,10010.953119308,10010.956177894,10010.969385803,0,COMPLETED,True,0.10121366176463198,3.058586000406649,13.207908999902429,16.36770866207371
4215,10010.963949758876,10010.964060206,10010.964060206,10010.964581124,10010.978189131,1,COMPLETED,True,0.11044712482544128,0.5209179998928448,13.608006998765632,14.239372123483918
4216,10010.966570194483,10010.966689182,10010.966689182,10010.967037951,10010.984263997,3,COMPLETED,True,0.11898751654371154,0.34876900099334307,17.22604599854094,17.693802516077994
4217,10010.971913308877,10010.972045439,10010.972045439,10010.972472075,10010.990916546,2,COMPLETED,True,0.13213012425694615,0.4266359992470825,18.444470999384066,19.003237122888095
4218,10010.974569579892,10010.974695181,10010.974695181,10010.975027482,10010.98870618,0,COMPLETED,True,0.12560110735648777,0.3323010005260585,13.67869800014887,14.136600108031416
4219,10010.978645095865,10010.978856701,10010.978856701,10010.97923721,10010.992698129,1,COMPLETED,True,0.21160513460927177,0.3805090000241762,13.460918999044225,14.053033133677673
4220,10010.981505553464,10010.981636166,10010.981636166,10010.984553478,10011.003038017,3,COMPLETED,True,0.13061253594059963,2.9173120001360076,18.484538999473443,21.53246353555005
4221,10010.981653162362,10010.981723357,10010.981723357,10010.989070075,10011.002683888,0,COMPLETED,True,0.07019463737378828,7.346718000917463,13.61381300011999,21.03072563841124
4222,10010.98190767022,10010.98203285,10010.98203285,10010.991043335,10011.007831413,2,COMPLETED,True,0.12517978029791266,9.010484998725588,16.788078000899986,25.923742779923487
4223,10010.988006657193,10010.988237753,10010.988237753,10010.993103928,10011.006542721,1,COMPLETED,True,0.23109580615710001,4.866175000643125,13.438792999295401,18.536063806095626
4224,10010.9901570661,10010.990413369,10010.990413369,10011.003149489,10011.015684522,0,COMPLETED,True,0.25630289928813,12.736120001136442,12.53503299994918,25.527455900373752
4225,10011.018429836635,10011.018689778,10011.018689778,10011.01941156,10011.035583782,3,COMPLETED,True,0.25994136558438186,0.7217820002551889,16.172222000022884,17.153945365862455
4226,10011.019381732507,10011.019529954,10011.019529954,10011.019998584,10011.03359145,1,COMPLETED,True,0.14822149205429014,0.46863000170560554,13.592865998361958,14.209717492121854
4227,10011.024865443378,10011.02502354,10011.02502354,10011.025688312,10011.042124204,2,COMPLETED,True,0.15809662181709427,0.6647720001637936,16.435891999208252,17.25876062118914
4228,10011.025092583117,10011.02514994,10011.02514994,10011.025864007,10011.039160494,0,COMPLETED,True,0.05735688318964094,0.7140670004446292,13.296486999024637,14.067910882658907
4229,10011.038454634005,10011.038617317,10011.038617317,10011.039378138,10011.052934792,1,COMPLETED,True,0.16268299623334315,0.7608209998579696,13.556653999330592,14.480157995421905
4230,10011.040472654084,10011.040724273,10011.040724273,10011.041417144,10011.054896975,3,COMPLETED,True,0.25161891608149745,0.6928710008651251,13.479830999131082,14.424320916077704
4231,10011.046833309614,10011.047082678,10011.047082678,10011.047813906,10011.061095562,0,COMPLETED,True,0.24936838599387556,0.7312279994948767,13.281655999890063,14.262252385378815
4232,10011.0605444166,10011.060705881,10011.060705881,10011.061472971,10011.07549183,2,COMPLETED,True,0.16146440066222567,0.7670899994991487,14.018859001225792,14.947413401387166
4233,10011.06483796221,10011.065033737,10011.065033737,10011.065649128,10011.078473193,0,COMPLETED,True,0.1957747899723472,0.6153909998829477,12.824064999222173,13.635230789077468
4234,10011.07148489491,10011.071734704,10011.071734704,10011.07250252,10011.086810247,3,COMPLETED,True,0.24980909074656665,0.7678160000068601,14.307726998595172,15.325352089348598
4235,10011.078557505387,10011.07871738,10011.07871738,10011.079659545,10011.092771327,1,COMPLETED,True,0.1598746130184736,0.9421649992873427,13.11178200012364,14.213821612429456
4236,10011.092124634384,10011.092286421,10011.092286421,10011.09306459,10011.106714663,2,COMPLETED,True,0.16178661644516978,0.7781690001138486,13.650072998643736,14.590028615202755
4237,10011.100133819147,10011.100344017,10011.100344017,10011.101188145,10011.11466415,0,COMPLETED,True,0.21019785344833508,0.8441279987891903,13.476005000484292,14.530330852721818
4238,10011.113923945926,10011.114184457,10011.114184457,10011.114944344,10011.132798289,3,COMPLETED,True,0.2605110730655724,0.7598870015499415,17.853944998933002,18.874343073548516
4239,10011.116734501315,10011.116933801,10011.116933801,10011.117534936,10011.131743741,1,COMPLETED,True,0.19929968584619928,0.601134999669739,14.208804999725544,15.009239685241482
4240,10011.117177132046,10011.11731526,10011.11731526,10011.117741233,10011.137188045,2,COMPLETED,True,0.13812795441481285,0.4259729994373629,19.44681200075138,20.010912954603555
4241,10011.119097148649,10011.119377162,10011.119377162,10011.120225071,10011.13969646,0,COMPLETED,True,0.2800133515847847,0.8479089992761146,19.47138900140999,20.599311352270888
4242,10011.121203884413,10011.121400361,10011.121400361,10011.131928031,10011.14610952,1,COMPLETED,True,0.19647658700705506,10.527669999646605,14.181488999383873,24.905635586037533
4243,10011.124600659234,10011.124760919,10011.124760919,10011.132952725,10011.151451168,3,COMPLETED,True,0.1602597658347804,8.191806000468205,18.498442999771214,26.8505087660742
4244,10011.12575399383,10011.125890559,10011.125890559,10011.137476989,10011.156063085,2,COMPLETED,True,0.13656516966875643,11.586430000534165,18.586095999125973,30.309091169328894
4245,10011.129428134293,10011.129587328,10011.129587328,10011.140307395,10011.154149514,0,COMPLETED,True,0.15919370707706548,10.720067000875133,13.842119000400999,24.721379708353197
4246,10011.13926460599,10011.139452488,10011.139452488,10011.146477983,10011.160094787,1,COMPLETED,True,0.18788200941344257,7.025495000561932,13.616803998957039,20.830181008932414
4247,10011.142546503801,10011.14274927,10011.14274927,10011.151790748,10011.166461132,3,COMPLETED,True,0.20276619943615515,9.041477998835035,14.670384000055492,23.91462819832668
4248,10011.15779500745,10011.157976961,10011.157976961,10011.158377115,10011.171404964,0,COMPLETED,True,0.1819535500544589,0.4001540000899695,13.027848999627167,13.609956549771596
4249,10011.188473868116,10011.18856542,10011.18856542,10011.18908775,10011.203907622,2,COMPLETED,True,0.09155188308795914,0.5223300013312837,14.819871999861789,15.433753884281032
4250,10011.20136009271,10011.201490747,10011.201490747,10011.202038392,10011.215625544,1,COMPLETED,True,0.13065429084235802,0.5476450005517108,13.587151999672642,14.26545129106671
4251,10011.209534509457,10011.209638128,10011.209638128,10011.210406568,10011.228718565,3,COMPLETED,True,0.10361854401708115,0.7684399988647783,18.311997000637348,19.184055543519207
4252,10011.214914394108,10011.215080074,10011.215080074,10011.215824404,10011.22949649,0,COMPLETED,True,0.16567989223403856,0.7443300000886666,13.672085999132833,14.582095891455538
4253,10011.215848103018,10011.215985928,10011.215985928,10011.216707604,10011.234890023,2,COMPLETED,True,0.13782498172076885,0.7216760004666867,18.1824190003681,19.041919982555555
4254,10011.216539943043,10011.216686118,10011.216686118,10011.217328746,10011.230871527,1,COMPLETED,True,0.1461749561713077,0.6426279996958328,13.542781000069226,14.331583955936367
4255,10011.22145013479,10011.221647961,10011.221647961,10011.229128075,10011.24447285,3,COMPLETED,True,0.19782620984187815,7.480113999918103,15.344774999903166,23.022715209663147
4256,10011.227204775552,10011.227369213,10011.227369213,10011.229897446,10011.24362524,0,COMPLETED,True,0.1644374478928512,2.5282330007030396,13.727793999350979,16.42046444794687
4257,10011.235832187136,10011.235982414,10011.235982414,10011.23678675,10011.250117464,1,COMPLETED,True,0.15022686420707032,0.8043359994189814,13.330714000403532,14.285276864029584
4258,10011.24922799825,10011.24931457,10011.24931457,10011.250217138,10011.270274264,2,COMPLETED,True,0.08657174839754589,0.902568001038162,20.057125999301206,21.046265748736914
4259,10011.250950487558,10011.251101732,10011.251101732,10011.251490422,10011.264864617,0,COMPLETED,True,0.15124444144021254,0.3886900012730621,13.374194999414613,13.914129442127887
4260,10011.252011979122,10011.252144742,10011.252144742,10011.252683068,10011.271226446,3,COMPLETED,True,0.1327628779108636,0.5383259995141998,18.54337800068606,19.214466878111125
4261,10011.255391518784,10011.255544664,10011.255544664,10011.256067111,10011.269428512,1,COMPLETED,True,0.15314521624532063,0.5224470005487092,13.361400999201578,14.036993215995608
4262,10011.268095341315,10011.268125988,10011.268125988,10011.268730355,10011.282201318,0,COMPLETED,True,0.030646684535895474,0.6043670000508428,13.470963000145275,14.105976684732013
4263,10011.27584970805,10011.275938358,10011.275938358,10011.276668179,10011.294819984,1,COMPLETED,True,0.08864994924806524,0.7298210002772976,18.151804999433807,18.97027594895917
4264,10011.278436121887,10011.278516596,10011.278516596,10011.279294093,10011.299411054,2,COMPLETED,True,0.08047411211009603,0.7774969999445602,20.116961000894662,20.97493211294932
4265,10011.2785551543,10011.278636095,10011.278636095,10011.279384011,10011.297566105,3,COMPLETED,True,0.08094069926301017,0.747916001273552,18.18209399971238,19.01095070024894
4266,10011.2999816074,10011.300154146,10011.300154146,10011.300780667,10011.313992042,0,COMPLETED,True,0.17253859914490022,0.6265209995035548,13.211375000537373,14.010434599185828
4267,10011.305162646062,10011.305418171,10011.305418171,10011.305979101,10011.319259724,1,COMPLETED,True,0.25552493752911687,0.5609300005744444,13.280622999445768,14.09707793754933
4268,10011.313778989455,10011.313950654,10011.313950654,10011.314581328,10011.33103346,3,COMPLETED,True,0.17166454381367657,0.6306740015133983,16.45213199844875,17.254470543775824
4269,10011.319990206026,10011.320166619,10011.320166619,10011.32066004,10011.338664296,2,COMPLETED,True,0.17641297381487675,0.4934210010105744,18.004255998675944,18.674089973501395
4270,10011.321267858879,10011.321365782,10011.321365782,10011.321704349,10011.337154596,0,COMPLETED,True,0.09792312084755395,0.33856700065371115,15.450246999535011,15.886737121036276
4271,10011.322870029124,10011.323299515,10011.323299515,10011.324213932,10011.344085421,1,COMPLETED,True,0.42948587542923633,0.9144169998762663,19.871489001161535,21.215391876467038
4272,10011.32727871169,10011.327539376,10011.327539376,10011.331457846,10011.347274471,3,COMPLETED,True,0.26066431018989533,3.9184699999168515,15.81662500029779,19.995759310404537
4273,10011.335591975212,10011.335691954,10011.335691954,10011.337337679,10011.351010835,0,COMPLETED,True,0.09997878805734217,1.6457250003441004,13.673155999640585,15.418859788042028
4274,10011.344912763681,10011.345008671,10011.345008671,10011.345690733,10011.36009334,2,COMPLETED,True,0.09590731860953383,0.6820620001235511,14.402606999283307,15.180576318016392
4275,10011.353399075417,10011.353511902,10011.353511902,10011.354091686,10011.367632218,1,COMPLETED,True,0.11282658306299709,0.57978400036518,13.540531999751693,14.23314258317987
4276,10011.356921484414,10011.357027989,10011.357027989,10011.357698185,10011.373499125,3,COMPLETED,True,0.10650458534655627,0.6701960010104813,15.800940000190167,16.577640586547204
4277,10011.36275091124,10011.362903784,10011.362903784,10011.363808458,10011.381729134,0,COMPLETED,True,0.1528727607364999,0.9046739996847464,17.92067600035807,18.978222760779317
4278,10011.367302771856,10011.367483445,10011.367483445,10011.368149254,10011.386978721,2,COMPLETED,True,0.18067314340441953,0.6658090005657868,18.829467000614386,19.675949144584592
4279,10011.372011729967,10011.372076017,10011.372076017,10011.372586036,10011.390636548,1,COMPLETED,True,0.06428703272831626,0.5100189991935622,18.05051200062735,18.62481803254923
4280,10011.373910170185,10011.374053256,10011.374053256,10011.374412974,10011.392881852,3,COMPLETED,True,0.14308581557997968,0.35971800025436096,18.46887799911201,18.97168181494635
4281,10011.374906220966,10011.375084279,10011.375084279,10011.382250589,10011.395825981,0,COMPLETED,True,0.17805803327064496,7.166310000684462,13.575392000348074,20.91976003430318
4282,10011.384246365522,10011.3844072,10011.3844072,10011.387112597,10011.40233244,2,COMPLETED,True,0.16083447735582013,2.7053970006818417,15.219843000522815,18.086074478560477
4283,10011.40790314036,10011.407993312,10011.407993312,10011.408662439,10011.422953695,1,COMPLETED,True,0.09017163938551676,0.6691270009469008,14.29125600043335,15.050554640765768
4284,10011.410512050932,10011.410594058,10011.410594058,10011.411051222,10011.424774453,3,COMPLETED,True,0.0820070672489237,0.4571640001813648,13.723231000767555,14.262402068197844
4285,10011.426462307916,10011.426566243,10011.426566243,10011.427006358,10011.440360669,0,COMPLETED,True,0.1039350845530862,0.44011499994667247,13.354310998693109,13.898361083192867
4286,10011.427835775054,10011.42795084,10011.42795084,10011.428445108,10011.446301731,2,COMPLETED,True,0.11506494593049865,0.4942680006934097,17.856623000625405,18.465955947249313
4287,10011.428173450588,10011.428258969,10011.428258969,10011.428502121,10011.441830899,1,COMPLETED,True,0.08551841165171936,0.24315200062119402,13.328778000868624,13.657448413141537
4288,10011.430513477428,10011.430592745,10011.430592745,10011.431008466,10011.449571026,3,COMPLETED,True,0.07926757280074526,0.4157209987170063,18.562560000646045,19.057548572163796
4289,10011.435835145454,10011.43609098,10011.43609098,10011.440775971,10011.454542374,0,COMPLETED,True,0.255834545896505,4.684990999521688,13.766403000772698,18.70722854619089
4290,10011.43879064335,10011.438957568,10011.438957568,10011.442206827,10011.455882134,1,COMPLETED,True,0.16692465032974724,3.2492589998582844,13.675307000085013,17.091490650273045
4291,10011.439560247041,10011.439738474,10011.439738474,10011.446656442,10011.465059784,2,COMPLETED,True,0.17822695917857345,6.91796799947042,18.403341999146505,25.4995369577955
4292,10011.443208924293,10011.443342722,10011.443342722,10011.44990803,10011.468452073,3,COMPLETED,True,0.13379770643950906,6.565308000062942,18.544043001384125,25.243148707886576
4293,10011.448682640264,10011.448827745,10011.448827745,10011.454921581,10011.468457733,0,COMPLETED,True,0.14510473556583747,6.093836000218289,13.536152000597212,19.77509273638134
4294,10011.448784911887,10011.448945019,10011.448945019,10011.456279339,10011.469874906,1,COMPLETED,True,0.16010711260605603,7.334320000154548,13.595567001175368,21.089994113935973
4295,10011.45006796635,10011.450221731,10011.450221731,10011.46537989,10011.483707645,2,COMPLETED,True,0.15376464943983592,15.158158999838633,18.327755000427715,33.639678649706184
4296,10011.456491266164,10011.456615514,10011.456615514,10011.468819068,10011.486587116,3,COMPLETED,True,0.12424783562892117,12.203554000734584,17.768047999197734,30.09584983556124
4297,10011.473302504934,10011.473431848,10011.473431848,10011.47414373,10011.487916607,0,COMPLETED,True,0.12934306687384378,0.7118819994502701,13.772877000519657,14.61410206684377
4298,10011.480306225456,10011.48046809,10011.48046809,10011.481093729,10011.494531356,1,COMPLETED,True,0.1618645437702071,0.6256390006456058,13.437626999802887,14.2251305442187
4299,10011.496786503838,10011.496872069,10011.496872069,10011.49756459,10011.514153843,2,COMPLETED,True,0.0855651614983799,0.6925210000190418,16.589253000347526,17.367339161864948
4300,10011.501894188195,10011.501983147,10011.501983147,10011.502571295,10011.519092409,3,COMPLETED,True,0.08895880455384031,0.5881479992240202,16.521114001079695,17.198220804857556
4301,10011.512730033632,10011.512812625,10011.512812625,10011.513498966,10011.527112425,0,COMPLETED,True,0.08259136848209891,0.6863409998913994,13.613458999316208,14.382391367689706
4302,10011.516423045423,10011.516539059,10011.516539059,10011.516937999,10011.530069374,1,COMPLETED,True,0.11601357618928887,0.39894000110507477,13.131374998920364,13.646328576214728
4303,10011.53528729102,10011.535389,10011.535389,10011.53604029,10011.553589567,2,COMPLETED,True,0.10170897985517513,0.6512899999506772,17.54927699948894,18.30227597929479
4304,10011.538538880643,10011.538633741,10011.538633741,10011.539247228,10011.55713839,3,COMPLETED,True,0.09486035742156673,0.6134870000096271,17.891162000523764,18.599509357954958
4305,10011.547883865222,10011.548025094,10011.548025094,10011.548711884,10011.562463301,0,COMPLETED,True,0.14122877837507986,0.6867899992357707,13.75141700009408,14.57943577770493
4306,10011.54852621949,10011.548637364,10011.548637364,10011.549182694,10011.568576144,1,COMPLETED,True,0.11114450899185613,0.5453300000226591,19.3934500002797,20.049924509294215
4307,10011.54888846392,10011.548997403,10011.548997403,10011.553727963,10011.568739777,2,COMPLETED,True,0.10893908074649516,4.730560000098194,15.011813999080914,19.851313079925603
4308,10011.566395117621,10011.566565294,10011.566565294,10011.567244237,10011.581058914,3,COMPLETED,True,0.1701763794699218,0.6789429990021745,13.814677000482334,14.66379637895443
4309,10011.576235668646,10011.576396961,10011.576396961,10011.577110759,10011.590274373,0,COMPLETED,True,0.1612923533684807,0.7137980010156753,13.163613999495283,14.038704353879439
4310,10011.590131267549,10011.590293453,10011.590293453,10011.591126656,10011.605083287,1,COMPLETED,True,0.16218545169977006,0.8332029992743628,13.95663100083766,14.952019451811793
4311,10011.593582396355,10011.593721925,10011.593721925,10011.59436598,10011.612724113,2,COMPLETED,True,0.1395286453771405,0.644054998701904,18.358133000219823,19.141716644298867
4312,10011.594162680487,10011.594303543,10011.594303543,10011.595036095,10011.615485005,3,COMPLETED,True,0.14086251212575007,0.7325520000449615,20.448910001505283,21.322324513675994
4313,10011.599131711613,10011.599349277,10011.599349277,10011.600229446,10011.618705935,0,COMPLETED,True,0.21756538626505062,0.880169000083697,18.47648900002241,19.57422338637116
4314,10011.6106796655,10011.610836825,10011.610836825,10011.61156652,10011.625194207,1,COMPLETED,True,0.1571595003042603,0.729694998881314,13.627686999825528,14.514541499011102
4315,10011.611661269677,10011.611799694,10011.611799694,10011.613012405,10011.627448841,2,COMPLETED,True,0.13842432235833257,1.2127110003348207,14.436436000323738,15.787571323016891
4316,10011.62749150976,10011.627635119,10011.627635119,10011.628411441,10011.642000492,3,COMPLETED,True,0.14360924069478642,0.7763219982734881,13.589051000963082,14.508982239931356
4317,10011.62762146092,10011.627763359,10011.627763359,10011.628557563,10011.642031498,0,COMPLETED,True,0.14189807916409336,0.7942040010675555,13.473934999638004,14.410037079869653
4318,10011.637090485778,10011.637242017,10011.637242017,10011.638081637,10011.651626631,1,COMPLETED,True,0.15153122149058618,0.8396200009883614,13.544994000767474,14.536145223246422
4319,10011.64116548969,10011.641326896,10011.641326896,10011.642030506,10011.656060718,2,COMPLETED,True,0.16140631123562343,0.703609999618493,14.030211999852327,14.895228310706443
4320,10011.664744536236,10011.664862558,10011.664862558,10011.665562765,10011.6832304,3,COMPLETED,True,0.11802176413766574,0.7002069996815408,17.66763500017987,18.485863763999077
4321,10011.665531240049,10011.665714804,10011.665714804,10011.666491532,10011.68038337,0,COMPLETED,True,0.18356395048613194,0.7767280003463384,13.891837999835843,14.852129950668314
4322,10011.66650149776,10011.666650793,10011.666650793,10011.667132346,10011.680733701,1,COMPLETED,True,0.14929523968021385,0.48155299919017125,13.6013549999916,14.232203238861985
4323,10011.66838576075,10011.66852626,10011.66852626,10011.669239301,10011.689514902,2,COMPLETED,True,0.14049925084691495,0.7130409994715592,20.27560100032133,21.129141250639805
4324,10011.674201341104,10011.674368083,10011.674368083,10011.68056616,10011.69406044,0,COMPLETED,True,0.16674189646437299,6.198076998771285,13.494280001395964,19.85909889663162
4325,10011.676577659206,10011.676679509,10011.676679509,10011.680946435,10011.694800462,1,COMPLETED,True,0.10184979510086123,4.266926000127569,13.854026999979396,18.222802795207826
4326,10011.683862274493,10011.6841634,10011.6841634,10011.684777622,10011.705070299,3,COMPLETED,True,0.3011255066667218,0.6142220008769073,20.29267699981574,21.20802450735937
4327,10011.693004607521,10011.693058761,10011.693058761,10011.693491145,10011.710284887,2,COMPLETED,True,0.05415347914095037,0.4323840003053192,16.793741999208578,17.280279478654847
4328,10011.69785186708,10011.698010988,10011.698010988,10011.698572098,10011.717061333,0,COMPLETED,True,0.1591209202160826,0.5611099986708723,18.489235000743065,19.20946591963002
4329,10011.703016958074,10011.703178088,10011.703178088,10011.703716948,10011.722071754,1,COMPLETED,True,0.16112992670969106,0.5388600002333988,18.35480599947914,19.05479592642223
4330,10011.719415714275,10011.719503905,10011.719503905,10011.720266504,10011.738508431,3,COMPLETED,True,0.08819072536425665,0.7625990001542959,18.24192700041749,19.092716725936043
4331,10011.72130177204,10011.72140234,10011.72140234,10011.721800649,10011.739933285,2,COMPLETED,True,0.10056795872515067,0.3983090009569423,18.13263599979109,18.631512959473184
4332,10011.72817546574,10011.728294759,10011.728294759,10011.728759149,10011.742951601,0,COMPLETED,True,0.11929325955861714,0.46439000107056927,14.19245199940633,14.776135260035517
4333,10011.73569010432,10011.735817069,10011.735817069,10011.736246224,10011.749700876,1,COMPLETED,True,0.12696468002104666,0.42915499943774194,13.45465200029139,14.010771679750178
4334,10011.738911931461,10011.739010163,10011.739010163,10011.739373923,10011.757683943,3,COMPLETED,True,0.09823153959587216,0.36375999843585305,18.310020001081284,18.77201153911301
4335,10011.740185229884,10011.740277273,10011.740277273,10011.740649889,10011.759051905,2,COMPLETED,True,0.09204311572830193,0.37261599936755374,18.402016001346055,18.86667511644191
4336,10011.745174415804,10011.745262588,10011.745262588,10011.745602315,10011.759315536,0,COMPLETED,True,0.08817219531920273,0.3397270011191722,13.713220998397446,14.141120194835821
4337,10011.751972690443,10011.752125287,10011.752125287,10011.75271843,10011.765714876,1,COMPLETED,True,0.1525965562905185,0.5931430005148286,12.99644600112515,13.742185557930497
4338,10011.77073264858,10011.770911671,10011.770911671,10011.771578503,10011.789887849,3,COMPLETED,True,0.1790224196156487,0.666832000206341,18.309346000023652,19.15520041984564
4339,10011.77238537317,10011.772557497,10011.772557497,10011.773089076,10011.791338869,2,COMPLETED,True,0.1721238313621143,0.5315789985615993,18.249792999995407,18.95349582991912
4340,10011.773249757087,10011.773349689,10011.773349689,10011.773766487,10011.787109205,0,COMPLETED,True,0.0999319127004128,0.41679800051497295,13.34271800078568,13.859447914001066
4341,10011.776318596085,10011.776423955,10011.776423955,10011.777052597,10011.790466953,1,COMPLETED,True,0.10535891487961635,0.6286420011747396,13.414355998975225,14.14835691502958
4342,10011.777779885264,10011.777900856,10011.777900856,10011.787531383,10011.800788416,0,COMPLETED,True,0.12097073522454593,9.630527001718292,13.257032998808427,23.008530735751265
4343,10011.78609673966,10011.786370641,10011.786370641,10011.790019717,10011.805246303,3,COMPLETED,True,0.273901341643068,3.6490759994194377,15.226585999698727,19.149563340761233
4344,10011.786227399327,10011.786533038,10011.786533038,10011.790838352,10011.804200275,1,COMPLETED,True,0.30563867221644614,4.3053140016127145,13.361923000047682,17.972875673876842
4345,10011.793326982119,10011.793490812,10011.793490812,10011.794191545,10011.812652635,2,COMPLETED,True,0.16382988178520463,0.7007329986663535,18.461090001437697,19.325652881889255
4346,10011.794755875771,10011.794910163,10011.794910163,10011.801138283,10011.814941407,0,COMPLETED,True,0.15428722872457,6.228119998922921,13.8031240003329,20.18553122798039
4347,10011.797759121226,10011.797902702,10011.797902702,10011.804546074,10011.818081543,1,COMPLETED,True,0.14358077351062093,6.643372000326053,13.535469000999,20.322421774835675
4348,10011.806993127902,10011.80713485,10011.80713485,10011.807768737,10011.821205606,3,COMPLETED,True,0.1417220973962685,0.6338870007311925,13.436868999633589,14.21247809776105
4349,10011.810829675076,10011.811089213,10011.811089213,10011.812942867,10011.828385486,2,COMPLETED,True,0.2595379246486118,1.8536539992055623,15.442619000168634,17.555810924022808
4350,10011.815149238406,10011.815656326,10011.815656326,10011.816410134,10011.833867734,0,COMPLETED,True,0.507087594087352,0.753808000808931,17.457599999033846,18.71849559393013
4351,10011.816508889126,10011.816735933,10011.816735933,10011.818416781,10011.831992396,1,COMPLETED,True,0.22704387447447516,1.6808479995233938,13.575615001172991,15.48350687517086
4352,10011.818118481797,10011.81832081,10011.81832081,10011.821566528,10011.834758517,3,COMPLETED,True,0.20232820315868594,3.2457180004712427,13.191988999096793,16.64003520272672
4353,10011.852835008198,10011.852926715,10011.852926715,10011.853553315,10011.866456085,2,COMPLETED,True,0.09170680277748033,0.6266000000323402,12.902769998618169,13.62107680142799
4354,10011.8538854252,10011.853967812,10011.853967812,10011.854318571,10011.867278756,1,COMPLETED,True,0.08238679947680794,0.3507590008666739,12.960185000338242,13.393330800681724
4355,10011.866359980711,10011.866503245,10011.866503245,10011.867205529,10011.880512818,0,COMPLETED,True,0.1432642893632874,0.7022839999990538,13.307288998475997,14.152837287838338
4356,10011.872746720346,10011.872987605,10011.872987605,10011.873598146,10011.891032091,3,COMPLETED,True,0.24088465397653636,0.6105409993324429,17.433945000448148,18.285370653757127
4357,10011.888713314494,10011.888811567,10011.888811567,10011.889556914,10011.902800857,2,COMPLETED,True,0.09825250526773743,0.7453470007021679,13.243942999906722,14.087542505876627
4358,10011.901887545477,10011.901994463,10011.901994463,10011.902576755,10011.915752846,1,COMPLETED,True,0.10691752322600223,0.5822919993079267,13.176091000786982,13.865300523320911
4359,10011.922130922067,10011.922246119,10011.922246119,10011.92279494,10011.936554715,0,COMPLETED,True,0.11519693362060934,0.5488209990289761,13.759774999925867,14.423792932575452
4360,10011.931048402723,10011.931084938,10011.931084938,10011.931633692,10011.945434258,3,COMPLETED,True,0.03653527710412163,0.5487540001922753,13.80056599919044,14.385855276486836
4361,10011.938149062691,10011.938308885,10011.938308885,10011.938882137,10011.952650151,2,COMPLETED,True,0.15982230979716405,0.5732519985031104,13.768014001470874,14.501088309771148
4362,10011.943436440797,10011.943594388,10011.943594388,10011.944239666,10011.962576905,1,COMPLETED,True,0.1579472027515294,0.6452779998653568,18.337239000175032,19.140464202791918
4363,10011.944276746039,10011.944418402,10011.944418402,10011.944846202,10011.958383654,0,COMPLETED,True,0.14165596076054499,0.42779999967024196,13.537452001401107,14.106907961831894
4364,10011.946390645791,10011.946539028,10011.946539028,10011.946954342,10011.961015386,3,COMPLETED,True,0.14838220886304043,0.4153139998379629,14.061043999390677,14.62474020809168
4365,10011.951557798566,10011.951700159,10011.951700159,10011.952825304,10011.966273736,2,COMPLETED,True,0.14236043352866545,1.1251450014242437,13.448431998767774,14.715937433720683
4366,10011.953389599246,10011.953533276,10011.953533276,10011.958766174,10011.972088842,0,COMPLETED,True,0.14367675430548843,5.232898000031128,13.322667999091209,18.699242753427825
4367,10011.970146982849,10011.970264236,10011.970264236,10011.970978509,10011.983956456,3,COMPLETED,True,0.11725315198418684,0.7142729991755914,12.977947000763379,13.809473151923157
4368,10011.984171443906,10011.984304771,10011.984304771,10011.984828262,10011.998871964,1,COMPLETED,True,0.13332709386304487,0.5234910004219273,14.04370199998084,14.700520094265812
4369,10011.999480223869,10011.999656331,10011.999656331,10012.000178298,10012.013148895,2,COMPLETED,True,0.17610713075555395,0.5219670001679333,12.970596999366535,13.668671130290022
4370,10012.00621983079,10012.00641996,10012.00641996,10012.007101761,10012.02727266,0,COMPLETED,True,0.20012921049783472,0.6818010006099939,20.17089899891289,21.052829210020718
4371,10012.017874239735,10012.01802326,10012.01802326,10012.018829233,10012.031924712,3,COMPLETED,True,0.14902026487106923,0.8059730007516919,13.09547900018515,14.050472265807912
4372,10012.025676431103,10012.025836962,10012.025836962,10012.02659045,10012.040471619,1,COMPLETED,True,0.16053089711931534,0.753487998736091,13.881169001251692,14.795187897107098
4373,10012.029303238762,10012.029462174,10012.029462174,10012.03018076,10012.049292131,2,COMPLETED,True,0.15893523777776863,0.7185860013123602,19.11137099887128,19.98889223796141
4374,10012.036364765067,10012.036525168,10012.036525168,10012.037366854,10012.051241402,0,COMPLETED,True,0.1604029330337653,0.8416860000579618,13.874547999876086,14.876636932967813
4375,10012.046643883528,10012.046797109,10012.046797109,10012.047645936,10012.061876184,3,COMPLETED,True,0.15322547187679447,0.8488269995723385,14.230247999876156,15.232300471325289
4376,10012.04684279,10012.046920883,10012.046920883,10012.047779329,10012.061558371,1,COMPLETED,True,0.0780930004111724,0.8584459992562188,13.779042001260677,14.715581000928069
4377,10012.049097633158,10012.049194306,10012.049194306,10012.049721048,10012.063845623,2,COMPLETED,True,0.09667284211900551,0.5267420001473511,14.124575000096229,14.747989842362585
4378,10012.057494209766,10012.057758249,10012.057758249,10012.058514552,10012.072114508,0,COMPLETED,True,0.26403923402540386,0.7563029994344106,13.599956000689417,14.620298234149232
4379,10012.05826022262,10012.05840556,10012.05840556,10012.061904028,10012.075497653,1,COMPLETED,True,0.14533737885358278,3.498468000543653,13.593625000794418,17.237430380191654
4380,10012.059472345418,10012.059608156,10012.059608156,10012.062185366,10012.076151264,3,COMPLETED,True,0.13581058192357887,2.577209999799379,13.965898000606103,16.67891858232906
4381,10012.061133120527,10012.061384812,10012.061384812,10012.064226765,10012.078085883,2,COMPLETED,True,0.2516914719308261,2.841953000825015,13.859118000254966,16.952762473010807
4382,10012.062317510265,10012.062484891,10012.062484891,10012.072505339,10012.086530708,0,COMPLETED,True,0.1673807346378453,10.020448000432225,14.025369000592036,24.213197735662106
4383,10012.073008006178,10012.073189766,10012.073189766,10012.075727708,10012.089369124,1,COMPLETED,True,0.18175982222601306,2.537941998525639,13.641416000609752,16.361117821361404
4384,10012.074213777609,10012.074355651,10012.074355651,10012.076313224,10012.090105581,3,COMPLETED,True,0.14187339183990844,1.9575730002543423,13.792357000056654,15.891803392150905
4385,10012.091668409452,10012.091754212,10012.091754212,10012.092518185,10012.106572388,2,COMPLETED,True,0.08580254871048965,0.763972999266116,14.054203000341658,14.903978548318264
4386,10012.094536289183,10012.094615922,10012.094615922,10012.095197323,10012.109608952,0,COMPLETED,True,0.07963281677803025,0.5814010000904091,14.411628999368986,15.072662816237425
4387,10012.094607021241,10012.094648234,10012.094648234,10012.095391846,10012.10936148,1,COMPLETED,True,0.04121275924262591,0.7436119994963519,13.969633999295183,14.754458758034161
4388,10012.09817474431,10012.09834967,10012.09834967,10012.098779716,10012.113586892,3,COMPLETED,True,0.1749256898619933,0.430046000474249,14.80717599952186,15.412147689858102
4389,10012.10258961788,10012.102753751,10012.102753751,10012.106917999,10012.120237052,2,COMPLETED,True,0.16413312005170155,4.164248000961379,13.319052999577252,17.647434120590333
4390,10012.121415305617,10012.121504155,10012.121504155,10012.122105288,10012.135671079,1,COMPLETED,True,0.08884938324627001,0.6011329987813951,13.565791001383332,14.255773383410997
4391,10012.126548364595,10012.12664442,10012.12664442,10012.127236564,10012.141097582,0,COMPLETED,True,0.0960554043558659,0.5921440006204648,13.861018000170588,14.54921740514692
4392,10012.134835234003,10012.134968203,10012.134968203,10012.135506177,10012.149342582,3,COMPLETED,True,0.1329689966951264,0.537973999598762,13.836405001711682,14.50734799800557
4393,10012.147293542863,10012.147475175,10012.147475175,10012.148285194,10012.162162451,2,COMPLETED,True,0.18163213644584175,0.8100190007098718,13.877257000785903,14.868908137941617
4394,10012.148412058466,10012.148588122,10012.148588122,10012.14913366,10012.164972803,1,COMPLETED,True,0.17606353321752977,0.5455379996419651,15.839143001358025,16.56074453421752
4395,10012.160869562422,10012.16096746,10012.16096746,10012.161444062,10012.175088415,0,COMPLETED,True,0.09789757859834936,0.4766019992530346,13.644353000927367,14.218852578778751
4396,10012.172090151445,10012.172179734,10012.172179734,10012.172708165,10012.186551707,3,COMPLETED,True,0.08958255421021022,0.5284310009301407,13.843541999449371,14.461555554589722
4397,10012.1725106168,10012.172619869,10012.172619869,10012.173023102,10012.186572306,2,COMPLETED,True,0.10925219976343215,0.40323299981537275,13.549204000810278,14.061689200389083
4398,10012.178202609908,10012.178293703,10012.178293703,10012.178772781,10012.192338124,1,COMPLETED,True,0.0910930921236286,0.4790780003531836,13.565342998845153,14.135514091321966
4399,10012.184000860521,10012.184153191,10012.184153191,10012.184720746,10012.200198084,0,COMPLETED,True,0.1523304781585466,0.5675550000887597,15.47733799998241,16.197223478229716
4400,10012.191860637151,10012.191988729,10012.191988729,10012.192516785,10012.205820112,3,COMPLETED,True,0.12809184954676311,0.5280559998936951,13.303326999448473,13.95947484888893
4401,10012.19410326441,10012.194299999,10012.194299999,10012.194739102,10012.208063993,2,COMPLETED,True,0.1967345906450646,0.4391029997350415,13.324891000593198,13.960728590973304
4402,10012.20321062431,10012.203310119,10012.203310119,10012.203799055,10012.217400455,1,COMPLETED,True,0.0994946913124295,0.48893599887378514,13.601399999970454,14.189830690156668
4403,10012.205154953905,10012.205295328,10012.205295328,10012.205746717,10012.219682841,0,COMPLETED,True,0.14037409528100397,0.4513889998634113,13.93612399988342,14.527887095027836
4404,10012.205196304594,10012.205377403,10012.205377403,10012.20619586,10012.219937149,3,COMPLETED,True,0.18109840493707452,0.8184570015146164,13.741288999881363,14.740844406333053
4405,10012.207293849027,10012.207438875,10012.207438875,10012.208233765,10012.221842968,2,COMPLETED,True,0.14502597332466394,0.7948900001792936,13.609202998850378,14.549118972354336
4406,10012.245826575674,10012.245996276,10012.245996276,10012.246665079,10012.264798826,1,COMPLETED,True,0.16970032629615162,0.6688029989163624,18.13374700032,18.972250325532514
4407,10012.269376811559,10012.269590305,10012.269590305,10012.270313226,10012.283536256,0,COMPLETED,True,0.21349344206100795,0.7229209986689966,13.22303000051761,14.159444441247615
4408,10012.282062294296,10012.282238307,10012.282238307,10012.283024199,10012.29705497,3,COMPLETED,True,0.17601270337763708,0.7858919998398051,14.030771000761888,14.99267570397933
4409,10012.2859086651,10012.286162743,10012.286162743,10012.287052693,10012.306997069,2,COMPLETED,True,0.2540778987167869,0.8899500007828465,19.944375999330077,21.08840389882971
4410,10012.290417968883,10012.290664987,10012.290664987,10012.291513861,10012.305705296,1,COMPLETED,True,0.24701811707927845,0.8488740004395368,14.191434998792829,15.287327116311644
4411,10012.290798051481,10012.291250189,10012.291250189,10012.29168501,10012.311328707,0,COMPLETED,True,0.45213751945993863,0.4348209986346774,19.643696999992244,20.53065551808686
4412,10012.295889372765,10012.296110796,10012.296110796,10012.297401491,10012.311139474,3,COMPLETED,True,0.22142323541629594,1.290694999624975,13.737983001192333,15.250101236233604
4413,10012.303546671863,10012.30371345,10012.30371345,10012.306079177,10012.319462223,1,COMPLETED,True,0.16677813619025983,2.3657270012336085,13.383045999944443,15.915551137368311
4414,10012.306567760268,10012.306729996,10012.306729996,10012.307516666,10012.322598583,2,COMPLETED,True,0.16223573220486287,0.7866699997975957,15.08191699940653,16.03082273140899
4415,10012.321249372762,10012.321336916,10012.321336916,10012.322110552,10012.335595158,3,COMPLETED,True,0.08754323789617047,0.773636000303668,13.4846059991105,14.345785237310338
4416,10012.323929901597,10012.324011954,10012.324011954,10012.324575147,10012.338466904,0,COMPLETED,True,0.08205240374081768,0.5631929998344276,13.891757000237703,14.537002403812949
4417,10012.323960956704,10012.324047691,10012.324047691,10012.324689243,10012.338091495,1,COMPLETED,True,0.08673429510963615,0.6415520001610275,13.402251999650616,14.13053829492128
4418,10012.325397865836,10012.325480852,10012.325480852,10012.325831428,10012.33918659,2,COMPLETED,True,0.08298616376123391,0.35057599961874075,13.355162000152632,13.788724163532606
4419,10012.353751391625,10012.353896199,10012.353896199,10012.354349545,10012.367739019,3,COMPLETED,True,0.1448073744541034,0.453345999630983,13.389474001087365,13.987627375172451
4420,10012.357458580236,10012.357546752,10012.357546752,10012.358305809,10012.373276596,1,COMPLETED,True,0.08817176421871409,0.7590570003230823,14.970786998674157,15.818015763215953
4421,10012.360788044827,10012.360870666,10012.360870666,10012.36153721,10012.375116567,0,COMPLETED,True,0.08262117262347601,0.6665439996140776,13.579357000708114,14.328522172945668
4422,10012.370058893717,10012.370206075,10012.370206075,10012.370725339,10012.384356654,2,COMPLETED,True,0.147181282954989,0.5192640001041582,13.631314999656752,14.297760282715899
4423,10012.38148593315,10012.381578296,10012.381578296,10012.382180647,10012.401408198,3,COMPLETED,True,0.0923628485907102,0.6023510013619671,19.227550999858067,19.922264849810745
4424,10012.4085538086,10012.408643201,10012.408643201,10012.409055015,10012.422166605,1,COMPLETED,True,0.08939240069594234,0.41181399865308776,13.111590000335127,13.612796399684157
4425,10012.41746120579,10012.417620205,10012.417620205,10012.418169845,10012.435333163,0,COMPLETED,True,0.15899920981610194,0.5496399990079226,17.16331800162152,17.871957210445544
4426,10012.422863141659,10012.423024039,10012.423024039,10012.423676376,10012.438431117,2,COMPLETED,True,0.16089734162960667,0.6523369993374217,14.754740999705973,15.567975340673001
4427,10012.429440463853,10012.429586825,10012.429586825,10012.430189677,10012.443812753,3,COMPLETED,True,0.14636114610766526,0.6028520001564175,13.623075999930734,14.372289146194817
4428,10012.444090027588,10012.444180364,10012.444180364,10012.444718408,10012.457722476,1,COMPLETED,True,0.09033641254063696,0.5380439997679787,13.004067999645486,13.632448411954101
4429,10012.460738834146,10012.460852092,10012.460852092,10012.461367535,10012.475985952,0,COMPLETED,True,0.11325785271765199,0.5154430000402499,14.618417000747286,15.247117853505188
4430,10012.46084713819,10012.460922025,10012.460922025,10012.461473113,10012.475002084,2,COMPLETED,True,0.07488680967071559,0.5510880000656471,13.528970999686862,14.154945809423225
4431,10012.464244636829,10012.464364591,10012.464364591,10012.465051344,10012.478983799,3,COMPLETED,True,0.11995417116850149,0.6867529991723131,13.932455000031041,14.739162170371856
4432,10012.466584145843,10012.466656926,10012.466656926,10012.467257424,10012.48115177,1,COMPLETED,True,0.07278015800693538,0.6004979986755643,13.89434600059758,14.567624157280079
4433,10012.469297022988,10012.469435616,10012.469435616,10012.475440409,10012.488634267,2,COMPLETED,True,0.1385930117976386,6.004793000101927,13.193857999795,19.337244011694565
4434,10012.490395966752,10012.490579544,10012.490579544,10012.491379612,10012.509020491,0,COMPLETED,True,0.18357724911766127,0.8000679990800563,17.640878999372944,18.624524247570662
4435,10012.492366546621,10012.492529885,10012.492529885,10012.493136724,10012.50682363,3,COMPLETED,True,0.16333837811544072,0.6068390011932934,13.686905998838483,14.457083378147217
4436,10012.49671077415,10012.49703546,10012.49703546,10012.497507765,10012.510973091,1,COMPLETED,True,0.32468584868183825,0.4723050005850382,13.4653260010964,14.262316850363277
4437,10012.524767537014,10012.524937239,10012.524937239,10012.525646473,10012.5391268,2,COMPLETED,True,0.16970198703347705,0.7092339983501006,13.48032700116164,14.359262986545218
4438,10012.54882311031,10012.548935335,10012.548935335,10012.549608447,10012.562582549,3,COMPLETED,True,0.11222469038330019,0.6731119992764434,12.97410200095328,13.759438690613024
4439,10012.562959568955,10012.563104662,10012.563104662,10012.564071457,10012.584238049,0,COMPLETED,True,0.14509304492094088,0.9667949998402037,20.166591999441152,21.278480044202297
4440,10012.56961820653,10012.569873067,10012.569873067,10012.570579648,10012.584372837,1,COMPLETED,True,0.2548604697949486,0.7065810004860396,13.793189000352868,14.754630470633856
4441,10012.570504629763,10012.570648124,10012.570648124,10012.571146397,10012.5845516,2,COMPLETED,True,0.14349423690873664,0.49827300063043367,13.40520300072967,14.046970238268841
4442,10012.576263233093,10012.576424735,10012.576424735,10012.577261656,10012.596304328,3,COMPLETED,True,0.16150190640473738,0.8369210008822847,19.042672000068706,20.041094907355728
4443,10012.58879751128,10012.588951134,10012.588951134,10012.589674657,10012.603653413,0,COMPLETED,True,0.15362271915364545,0.7235230004880577,13.978756000142312,14.855901719784015
4444,10012.59619496639,10012.596337584,10012.596337584,10012.596816611,10012.610080101,1,COMPLETED,True,0.14261760952649638,0.479026999528287,13.26349000009941,13.885134609154193
4445,10012.599292300547,10012.599397828,10012.599397828,10012.599999717,10012.613754897,2,COMPLETED,True,0.10552745334280189,0.6018889998813393,13.755179999861866,14.462596453086007
4446,10012.61294070943,10012.613047214,10012.613047214,10012.613667855,10012.627392635,3,COMPLETED,True,0.10650456897565164,0.620640999841271,13.724780001211911,14.451925570028834
4447,10012.625298678728,10012.625415503,10012.625415503,10012.626179893,10012.640634506,0,COMPLETED,True,0.1168242724816082,0.7643900007678894,14.454612999543315,15.335827272792812
4448,10012.630087180723,10012.630198723,10012.630198723,10012.630889206,10012.64617282,1,COMPLETED,True,0.11154227649967652,0.6904830006533302,15.28361399869027,16.085639275843278
4449,10012.630673218384,10012.630771329,10012.630771329,10012.631205791,10012.644873504,2,COMPLETED,True,0.09811061681830324,0.43446199924801476,13.667712999449577,14.200285615515895
4450,10012.634895965737,10012.63510571,10012.63510571,10012.635769464,10012.654452093,3,COMPLETED,True,0.20974426297470927,0.6637539991061203,18.682629000977613,19.556127263058443
4451,10012.635800243512,10012.635962365,10012.635962365,10012.640863321,10012.655429733,0,COMPLETED,True,0.16212148875638377,4.900955998891732,14.56641200093145,19.629489488579566
4452,10012.655174370979,10012.655278966,10012.655278966,10012.655827277,10012.669251059,2,COMPLETED,True,0.10459502118465025,0.5483109998749569,13.42378200024541,14.076688021305017
4453,10012.717499671686,10012.717594703,10012.717594703,10012.718357468,10012.733272824,0,COMPLETED,True,0.09503131332166959,0.7627650011272635,14.91535599961935,15.773152314068284
4454,10012.719453575204,10012.719687148,10012.719687148,10012.720282374,10012.739550741,3,COMPLETED,True,0.23357279496849515,0.5952260016783839,19.268366999313002,20.09716579595988
4455,10012.74476327558,10012.744872206,10012.744872206,10012.745504779,10012.759222119,1,COMPLETED,True,0.10893042053794488,0.6325730009848485,13.717339999857359,14.458843421380152
4456,10012.748281612083,10012.748415158,10012.748415158,10012.748977282,10012.763998404,2,COMPLETED,True,0.13354591646930203,0.5621240015898366,15.021121998870512,15.716791916929651
4457,10012.755300412464,10012.755450506,10012.755450506,10012.756305662,10012.775576496,0,COMPLETED,True,0.15009353592176922,0.855156000397983,19.270834000053583,20.276083536373335
4458,10012.759253653914,10012.759476926,10012.759476926,10012.760767148,10012.776832367,3,COMPLETED,True,0.2232720853498904,1.2902220005344134,16.06521900066582,17.578713086550124
4459,10012.764269573772,10012.764484464,10012.764484464,10012.764966132,10012.783273543,1,COMPLETED,True,0.21489022765308619,0.4816679993382422,18.307411000932916,19.003969227924244
4460,10012.765552310462,10012.765690072,10012.765690072,10012.766217139,10012.785889225,2,COMPLETED,True,0.13776153718936257,0.527067000803072,19.672086000355193,20.336914538347628
4461,10012.766845762051,10012.766994957,10012.766994957,10012.776100303,10012.789764827,0,COMPLETED,True,0.14919494969944935,9.105345998250414,13.664524001796963,22.919064949746826
4462,10012.776987297879,10012.777204546,10012.777204546,10012.778015763,10012.791190164,3,COMPLETED,True,0.21724812177126296,0.8112169998639729,13.17440099956002,14.202866121195257
4463,10012.795784803036,10012.795886341,10012.795886341,10012.796657744,10012.81573629,1,COMPLETED,True,0.10153796392842196,0.7714029998169281,19.078545999946073,19.951486963691423
4464,10012.828202855384,10012.828305906,10012.828305906,10012.828898263,10012.842278077,2,COMPLETED,True,0.10305061550752725,0.5923570006416412,13.37981399956334,14.075221615712508
4465,10012.82832408279,10012.828380131,10012.828380131,10012.829177339,10012.848767389,0,COMPLETED,True,0.05604821126325987,0.7972079984028824,19.590050000260817,20.44330620992696
4466,10012.830854612865,10012.830982758,10012.830982758,10012.831471488,10012.848115381,3,COMPLETED,True,0.1281451350223506,0.488730000142823,16.643893000946264,17.260768136111437
4467,10012.844029462263,10012.844189183,10012.844189183,10012.844704443,10012.858161417,1,COMPLETED,True,0.15972073742887005,0.5152599987923168,13.456974000291666,14.131954736512853
4468,10012.851458096344,10012.851591863,10012.851591863,10012.852349822,10012.870641597,2,COMPLETED,True,0.13376665629039053,0.7579590001114411,18.291774998942856,19.183500655344687
4469,10012.862306127994,10012.862342972,10012.862342972,10012.863140573,10012.876449894,3,COMPLETED,True,0.03684400508063845,0.7976010001584655,13.309321000633645,14.143766005872749
4470,10012.875565866978,10012.875703874,10012.875703874,10012.876616747,10012.895301027,0,COMPLETED,True,0.1380070225422969,0.9128729998337803,18.684279999433784,19.73516002180986
4471,10012.882640659629,10012.882740459,10012.882740459,10012.883447219,10012.897252086,3,COMPLETED,True,0.09979937021853402,0.7067599999572849,13.804867001454113,14.611426371629932
4472,10012.893896915137,10012.894007449,10012.894007449,10012.894868523,10012.90785887,2,COMPLETED,True,0.11053386333514936,0.8610740005678963,12.990346998776658,13.961954862679704
4473,10012.90909077833,10012.909190571,10012.909190571,10012.910063659,10012.926078578,1,COMPLETED,True,0.09979266906157136,0.8730879999347962,16.014919001463568,16.987799670459935
4474,10012.92017562078,10012.920274709,10012.920274709,10012.921027363,10012.935087347,0,COMPLETED,True,0.09908821994031314,0.7526539993705228,14.059983999686665,14.9117262189975
4475,10012.921122528212,10012.921207508,10012.921207508,10012.921639926,10012.934999023,3,COMPLETED,True,0.08497978706145659,0.4324180008552503,13.359096999920439,13.876494787837146
4476,10012.98167915216,10012.981883216,10012.981883216,10012.982847757,10013.000711984,2,COMPLETED,True,0.2040638391918037,0.9645410009397892,17.864226998426602,19.032831838558195
4477,10012.985865820106,10012.986009633,10012.986009633,10012.9866814,10013.004848859,1,COMPLETED,True,0.143812892929418,0.6717670003126841,18.167459000324016,18.983038893566118
4478,10012.986680785307,10012.986839308,10012.986839308,10012.987481369,10013.007537556,3,COMPLETED,True,0.15852269280003384,0.6420610006898642,20.056187000591308,20.856770694081206
4479,10012.988007626345,10012.988235517,10012.988235517,10012.988815584,10013.008940818,0,COMPLETED,True,0.22789065405959263,0.580067000555573,20.12523399935162,20.933191653966787
4480,10012.9910151022,10012.99115403,10012.99115403,10013.000871569,10013.015375376,2,COMPLETED,True,0.13892780043534003,9.717539000121178,14.503807000437519,24.360273800994037
4481,10012.992675676574,10012.99283262,10012.99283262,10013.005011345,10013.019749597,1,COMPLETED,True,0.15694342619099189,12.178724999102997,14.738252000825014,27.073920426119003
4482,10012.995845662404,10012.996116683,10012.996116683,10013.007793577,10013.02439815,3,COMPLETED,True,0.2710205953917466,11.676894000629545,16.604573000222445,28.552487596243736
4483,10013.02239607133,10013.022535664,10013.022535664,10013.023454167,10013.036774518,0,COMPLETED,True,0.1395926701661665,0.9185029994114302,13.320350999492803,14.3784466690704
4484,10013.031747359479,10013.031889031,10013.031889031,10013.032554236,10013.046034655,2,COMPLETED,True,0.14167152221489232,0.6652049996773712,13.480419000188704,14.287295522080967
4485,10013.037524739531,10013.037681348,10013.037681348,10013.038580916,10013.05234209,1,COMPLETED,True,0.15660846838727593,0.8995680000225548,13.761174001047038,14.81735046945687
4486,10013.045753367025,10013.045900033,10013.045900033,10013.046747037,10013.067436554,3,COMPLETED,True,0.14666597417090088,0.8470040011161473,20.689516999482294,21.68318697476934
4487,10013.045960664862,10013.045976089,10013.045976089,10013.047039846,10013.061077753,0,COMPLETED,True,0.015424138837261125,1.0637569994287333,14.037906999874394,15.117088138140389
4488,10013.04635793583,10013.046484394,10013.046484394,10013.047214886,10013.067765765,2,COMPLETED,True,0.1264581715076929,0.730492000002414,20.550878998619737,21.407829170129844
4489,10013.052448752633,10013.052557471,10013.052557471,10013.053374951,10013.066675879,1,COMPLETED,True,0.10871836639125831,0.8174800004780991,13.300927999807755,14.227126366677112
4490,10013.057886632161,10013.058019662,10013.058019662,10013.06143887,10013.075128075,0,COMPLETED,True,0.1330298382526962,3.4192080001957947,13.689204999536742,17.241442837985232
4491,10013.07418805861,10013.074332538,10013.074332538,10013.074780234,10013.088052204,1,COMPLETED,True,0.14447939065576065,0.44769599844585173,13.271970001369482,13.864145390471094
4492,10013.08059314217,10013.080840869,10013.080840869,10013.081244315,10013.09441503,3,COMPLETED,True,0.247726831730688,0.40344599983654916,13.170714999432676,13.821887830999913
4493,10013.091802550873,10013.091946267,10013.091946267,10013.092668667,10013.113666803,2,COMPLETED,True,0.14371612815011758,0.7224000000860542,20.99813599852496,21.86425212676113
4494,10013.092962363095,10013.09322482,10013.09322482,10013.093640178,10013.108326321,0,COMPLETED,True,0.26245690605719574,0.4153579993726453,14.68614300029003,15.363957905719872
4495,10013.094648873392,10013.09482197,10013.09482197,10013.095520651,10013.109346813,1,COMPLETED,True,0.17309660870523658,0.6986810003581923,13.826161999531905,14.697939608595334
4496,10013.098895314391,10013.099031376,10013.099031376,10013.099760962,10013.113881227,3,COMPLETED,True,0.1360616079182364,0.7295860013982747,14.120264999291976,14.985912608608487
4497,10013.10224108287,10013.102450257,10013.102450257,10013.108709893,10013.122368494,0,COMPLETED,True,0.20917412984999828,6.259636000322644,13.65860099940619,20.12741112957883
4498,10013.103400410226,10013.103578553,10013.103578553,10013.109661682,10013.123105865,1,COMPLETED,True,0.17814277452998795,6.083128999307519,13.444182999592158,19.705454773429665
4499,10013.119943248696,10013.120062658,10013.120062658,10013.120760728,10013.134778924,2,COMPLETED,True,0.11940930380660575,0.6980699999985518,14.018196001416072,14.83567530522123
4500,10013.136666962697,10013.136765721,10013.136765721,10013.137542456,10013.151297909,3,COMPLETED,True,0.09875830255623441,0.7767349998175632,13.755453001067508,14.630946303441306
4501,10013.141647248678,10013.14173772,10013.14173772,10013.14233203,10013.155769831,0,COMPLETED,True,0.09047132152772974,0.5943100004515145,13.437801000691252,14.122582322670496
4502,10013.147217756488,10013.147354389,10013.147354389,10013.148060746,10013.165462642,1,COMPLETED,True,0.1366325122944545,0.7063569992169505,17.401896000592387,18.244885512103792
4503,10013.161630729088,10013.161735525,10013.161735525,10013.162342478,10013.175490586,2,COMPLETED,True,0.10479591219336726,0.606952999078203,13.148108000677894,13.859856911949464
4504,10013.169350620985,10013.169496608,10013.169496608,10013.169971131,10013.184288317,3,COMPLETED,True,0.14598701454815455,0.4745229998661671,14.317185999971116,14.937696014385438
4505,10013.170558084723,10013.170680913,10013.170680913,10013.171195828,10013.185183814,0,COMPLETED,True,0.12282827628951054,0.5149150001670932,13.987985999847297,14.6257292763039
4506,10013.174391516317,10013.174476713,10013.174476713,10013.174902455,10013.188731651,1,COMPLETED,True,0.0851966833579354,0.4257420005160384,13.829195999278454,14.340134683152428
4507,10013.190367464245,10013.190451189,10013.190451189,10013.191056339,10013.204955775,2,COMPLETED,True,0.08372475531359669,0.6051499985915143,13.899436000428977,14.588310754334088
4508,10013.21099040437,10013.211073714,10013.211073714,10013.211808483,10013.225964167,3,COMPLETED,True,0.08330962918989826,0.7347690007009078,14.155684000797919,14.973762630688725
4509,10013.21669183956,10013.216794388,10013.216794388,10013.217489564,10013.231109704,0,COMPLETED,True,0.10254843982693274,0.6951760005904362,13.62014000005729,14.41786444047466
4510,10013.217000403503,10013.217266782,10013.217266782,10013.217683993,10013.231667573,1,COMPLETED,True,0.2663784962351201,0.41721100024005864,13.983580000058282,14.667169496533461
4511,10013.219060256391,10013.219201391,10013.219201391,10013.219611169,10013.23348885,2,COMPLETED,True,0.1411346092936583,0.4097779983567307,13.877681001758901,14.42859360940929
4512,10013.226659470383,10013.226760074,10013.226760074,10013.227273201,10013.24540866,3,COMPLETED,True,0.10060361637442838,0.5131270008860156,18.13545899858582,18.749189615846262
4513,10013.22692244587,10013.227013752,10013.227013752,10013.231291319,10013.245314369,0,COMPLETED,True,0.09130613034358248,4.277566999007831,14.023050000105286,18.3919231294567
4514,10013.229035373492,10013.229114862,10013.229114862,10013.232076887,10013.245612733,1,COMPLETED,True,0.07948850907268934,2.9620249988511205,13.535846001104801,16.57735950902861
4515,10013.23195895463,10013.232228145,10013.232228145,10013.233810271,10013.24751007,2,COMPLETED,True,0.26919037009065505,1.5821260003576754,13.699798999368795,15.551115369817126
4516,10013.235176628601,10013.235269756,10013.235269756,10013.245663988,10013.259540235,0,COMPLETED,True,0.09312739894085098,10.394232000180637,13.876246999643627,24.363606398765114
4517,10013.250633684343,10013.250775852,10013.250775852,10013.251331183,10013.264835529,3,COMPLETED,True,0.14216765703167766,0.5553310002142098,13.504345999535872,14.20184465678176
4518,10013.25177905588,10013.25190692,10013.25190692,10013.252367802,10013.266056977,1,COMPLETED,True,0.1278641211683862,0.46088199997029733,13.689174998944509,14.277921120083192
4519,10013.252156084867,10013.252296148,10013.252296148,10013.252619115,10013.265986025,2,COMPLETED,True,0.1400631335854996,0.3229669982829364,13.366910001423093,13.82994013329153
4520,10013.2565386857,10013.256570515,10013.256570515,10013.259879068,10013.273027178,0,COMPLETED,True,0.03182929867762141,3.3085530012613162,13.148109999747248,16.488492299686186
4521,10013.27100456769,10013.27114547,10013.27114547,10013.271831765,10013.285603115,3,COMPLETED,True,0.14090230979491025,0.6862949994683731,13.771350000752136,14.59854731001542
4522,10013.271172008355,10013.271269258,10013.271269258,10013.272000187,10013.285522823,2,COMPLETED,True,0.0972496454778593,0.73092899947369,13.522635999834165,14.350814644785714
4523,10013.271435349798,10013.271559893,10013.271559893,10013.272066983,10013.285815871,1,COMPLETED,True,0.12454320312826894,0.5070899987913435,13.748888000918669,14.380521202838281
4524,10013.304346916488,10013.304500027,10013.304500027,10013.305130947,10013.318272012,0,COMPLETED,True,0.15311051174649037,0.6309199998213444,13.141065001036623,13.925095512604457
4525,10013.306743566976,10013.30687116,10013.30687116,10013.307440549,10013.320543719,3,COMPLETED,True,0.12759302444464993,0.5693889997928636,13.10317000024952,13.800152024487033
4526,10013.3147877137,10013.314916824,10013.314916824,10013.315774754,10013.330077657,2,COMPLETED,True,0.12911029989481904,0.8579300010751467,14.302902998679201,15.289943299649167
4527,10013.328794199455,10013.328936377,10013.328936377,10013.329831872,10013.343484947,1,COMPLETED,True,0.14217754505807534,0.895495000804658,13.653074998728698,14.690747544591432
4528,10013.350210595492,10013.350337279,10013.350337279,10013.351047557,10013.36484576,0,COMPLETED,True,0.12668350791500416,0.7102780000423081,13.798202999169007,14.63516450712632
4529,10013.354943731963,10013.355076966,10013.355076966,10013.355899565,10013.37682483,3,COMPLETED,True,0.13323403618414886,0.8225990004575578,20.92526500018721,21.881098036828917
4530,10013.355784178331,10013.355922314,10013.355922314,10013.356411171,10013.370261439,2,COMPLETED,True,0.13813566874887329,0.48885700016398914,13.850268000169308,14.47726066908217
4531,10013.368689117442,10013.368858585,10013.368858585,10013.369564092,10013.38299055,1,COMPLETED,True,0.16946755749813747,0.7055070000205887,13.426458001049468,14.301432558568195
4532,10013.37027037142,10013.370412384,10013.370412384,10013.371071201,10013.387111112,0,COMPLETED,True,0.14201257909007836,0.6588169999304228,16.039911000916618,16.84074057993712
4533,10013.405545345218,10013.405638554,10013.405638554,10013.406287617,10013.422068504,2,COMPLETED,True,0.09320878234575503,0.6490629984909901,15.780887000801158,16.523158781637903
4534,10013.406523795742,10013.406619975,10013.406619975,10013.407031703,10013.423147913,3,COMPLETED,True,0.09617925752536394,0.4117280004720669,16.11620999938168,16.624117257379112
4535,10013.408097608986,10013.408197978,10013.408197978,10013.408659643,10013.424143715,1,COMPLETED,True,0.10036901403509546,0.4616650003299583,15.484071998798754,16.046106013163808
4536,10013.41359991179,10013.413743706,10013.413743706,10013.414370292,10013.43326323,0,COMPLETED,True,0.1437942100892542,0.6265859992709011,18.892938000135473,19.66331820949563
4537,10013.421078031974,10013.421173139,10013.421173139,10013.422615608,10013.437724232,2,COMPLETED,True,0.09510702693660278,1.442468999812263,15.108624000276905,16.64620002702577
4538,10013.426576822354,10013.426663887,10013.426663887,10013.427109048,10013.442011106,3,COMPLETED,True,0.08706464541319292,0.4451610002433881,14.90205800109834,15.43428364675492
4539,10013.444786645332,10013.44488439,10013.44488439,10013.445324692,10013.461176637,1,COMPLETED,True,0.09774466889211908,0.4403019993333146,15.851944999667467,16.3899916678929
4540,10013.44784504672,10013.447963706,10013.447963706,10013.448345684,10013.461984607,0,COMPLETED,True,0.11865927990584169,0.3819780013145646,13.638922999234637,14.139560280455044
4541,10013.457102727267,10013.457196716,10013.457196716,10013.457709424,10013.477276486,2,COMPLETED,True,0.09398873407917563,0.5127079984958982,19.567062001442537,20.17375873401761
4542,10013.459785836083,10013.459907969,10013.459907969,10013.460385547,10013.47978224,3,COMPLETED,True,0.12213291665830184,0.47757799984537996,19.396693000089726,19.996403916593408
4543,10013.462947119637,10013.463040835,10013.463040835,10013.463601594,10013.477320596,1,COMPLETED,True,0.09371536361868493,0.5607589991996065,13.719001999561442,14.373476362379733
4544,10013.467489584915,10013.467607349,10013.467607349,10013.468056066,10013.482310786,0,COMPLETED,True,0.11776408609875944,0.4487169990170514,14.254719999371446,14.821201084487257
4545,10013.482390332247,10013.482463876,10013.482463876,10013.483145192,10013.496741712,2,COMPLETED,True,0.0735437533876393,0.6813159998273477,13.596520000646706,14.351379753861693
4546,10013.497566078648,10013.497654153,10013.497654153,10013.498273113,10013.515473541,1,COMPLETED,True,0.088074351879186,0.6189600007928675,17.200427999341628,17.90746235201368
4547,10013.506020308769,10013.506136506,10013.506136506,10013.5066743,10013.520700454,3,COMPLETED,True,0.11619723045441788,0.5377940015023341,14.026154000021052,14.680145231977804
4548,10013.508243838865,10013.508340081,10013.508340081,10013.50883107,10013.524785396,0,COMPLETED,True,0.0962421345320763,0.49098899944510777,15.954326001519803,16.541557135496987
4549,10013.520312517297,10013.520469019,10013.520469019,10013.521130933,10013.534738221,2,COMPLETED,True,0.1565017028042348,0.6619140003749635,13.607287999548134,14.425703702727333
4550,10013.52137954756,10013.521517947,10013.521517947,10013.521948823,10013.535824507,1,COMPLETED,True,0.13839944040228147,0.4308759998821188,13.875684000595356,14.444959440879757
4551,10013.523737021233,10013.523831702,10013.523831702,10013.524189687,10013.537853673,3,COMPLETED,True,0.09468076677876525,0.3579849999368889,13.663986001120065,14.11665176783572
4552,10013.533498361006,10013.533666464,10013.533666464,10013.534433875,10013.549175814,0,COMPLETED,True,0.16810299348435365,0.7674110001971712,14.741938999577542,15.677452993259067
4553,10013.547494992601,10013.547589029,10013.547589029,10013.548186141,10013.561671269,2,COMPLETED,True,0.09403639887750614,0.597112000832567,13.485127999956603,14.176276399666676
4554,10013.55590037401,10013.556060604,10013.556060604,10013.556581493,10013.570095978,1,COMPLETED,True,0.16022998897824436,0.5208889997447841,13.514485000996501,14.19560398971953
4555,10013.564959816284,10013.565052058,10013.565052058,10013.565456455,10013.57919564,3,COMPLETED,True,0.09224171662935987,0.4043970002385322,13.739185000304133,14.235823717172025
4556,10013.571260395187,10013.571489851,10013.571489851,10013.572242384,10013.590548625,0,COMPLETED,True,0.22945581258682068,0.7525330001953989,18.306240999663714,19.288229812445934
4557,10013.579968206868,10013.580104002,10013.580104002,10013.580551078,10013.594298795,2,COMPLETED,True,0.13579513142758515,0.44707599954563193,13.747717001024284,14.330588131997501
4558,10013.58012014086,10013.580177583,10013.580177583,10013.580707385,10013.594388478,1,COMPLETED,True,0.05744214104197454,0.5298019987094449,13.68109300165088,14.268337141402299
4559,10013.601399126259,10013.601493108,10013.601493108,10013.602358471,10013.620310929,3,COMPLETED,True,0.0939817418839084,0.8653629993204959,17.952457999854232,18.911802741058636
4560,10013.610186928834,10013.610278975,10013.610278975,10013.610976095,10013.624608505,0,COMPLETED,True,0.09204616617353167,0.6971200000407407,13.632410000354866,14.421576166569139
4561,10013.61615956276,10013.616387697,10013.616387697,10013.617219391,10013.635341878,2,COMPLETED,True,0.22813424038758967,0.8316940002259798,18.12248699934571,19.18231523995928
4562,10013.62091766131,10013.620962861,10013.620962861,10013.621653831,10013.638832444,1,COMPLETED,True,0.04519968933891505,0.690970000505331,17.178612999487086,17.914782689331332
4563,10013.624340464792,10013.624462412,10013.624462412,10013.625287973,10013.642878133,3,COMPLETED,True,0.12194720875413623,0.8255609991465462,17.590159999599564,18.537668207500246
4564,10013.633497780142,10013.633630974,10013.633630974,10013.634365458,10013.647614495,0,COMPLETED,True,0.13319385834620334,0.7344839996221708,13.249036999695818,14.116714857664192
4565,10013.64316911006,10013.643309397,10013.643309397,10013.644072571,10013.657352007,2,COMPLETED,True,0.14028694022272248,0.7631739990756614,13.27943599972059,14.182896939018974
4566,10013.678144812033,10013.678281862,10013.678281862,10013.679135246,10013.695551802,1,COMPLETED,True,0.13704996672458947,0.853384000947699,16.416555999967386,17.406989967639674
4567,10013.678559926091,10013.678933029,10013.678933029,10013.679306218,10013.692579535,3,COMPLETED,True,0.3731029082700843,0.3731890010385541,13.273316999402596,14.019608908711234
4568,10013.68533795812,10013.685491564,10013.685491564,10013.686362278,10013.705549765,0,COMPLETED,True,0.15360587894974742,0.8707140004844405,19.18748699972639,20.211806879160576
4569,10013.688283714502,10013.688448565,10013.688448565,10013.689256925,10013.707106113,2,COMPLETED,True,0.16485049854964018,0.8083599987003254,17.849187999672722,18.822398496922688
4570,10013.693261417886,10013.693430775,10013.693430775,10013.69397114,10013.707446809,3,COMPLETED,True,0.16935711391852237,0.5403649993240833,13.475669000399648,14.185391113642254
4571,10013.708110524567,10013.708239658,10013.708239658,10013.70898011,10013.725282967,1,COMPLETED,True,0.12913343380205333,0.7404519983538194,16.302857000482618,17.17244243263849
4572,10013.724413269516,10013.724547076,10013.724547076,10013.725353816,10013.738632534,0,COMPLETED,True,0.13380648488237057,0.8067399994615698,13.278717999128276,14.219264483472216
4573,10013.725673551373,10013.725783345,10013.725783345,10013.726241862,10013.740040943,2,COMPLETED,True,0.10979362741636578,0.4585169990605209,13.799080999888247,14.367391626365134
4574,10013.746583537086,10013.746733969,10013.746733969,10013.747452761,10013.760806658,3,COMPLETED,True,0.15043191342556383,0.7187920000433223,13.35389700034284,14.223120913811726
4575,10013.75132071846,10013.751460497,10013.751460497,10013.752376386,10013.765788639,1,COMPLETED,True,0.13977853996038903,0.9158890006801812,13.412252999842167,14.467920540482737
4576,10013.777577763141,10013.777714937,10013.777714937,10013.778569132,10013.797111552,0,COMPLETED,True,0.13717385809286498,0.8541950010112487,18.542419998993864,19.533788858097978
4577,10013.810883557608,10013.811017042,10013.811017042,10013.811733299,10013.82458662,2,COMPLETED,True,0.1334843927907059,0.7162570000218693,12.85332099905645,13.703062391869025
4578,10013.82223933896,10013.82237336,10013.82237336,10013.823426167,10013.842706416,3,COMPLETED,True,0.134021040139487,1.0528069997235434,19.280249000075855,20.467077039938886
4579,10013.83940361156,10013.839547044,10013.839547044,10013.840344063,10013.859320508,1,COMPLETED,True,0.14343243856274057,0.7970190017658751,18.976444998770603,19.91689643909922
4580,10013.841692859678,10013.841901463,10013.841901463,10013.842511686,10013.860647017,0,COMPLETED,True,0.20860332188021857,0.6102229999669362,18.13533099993947,18.954157321786624
4581,10013.84756938662,10013.847917923,10013.847917923,10013.848783814,10013.862618542,2,COMPLETED,True,0.3485363795334706,0.8658910010126419,13.834727998982999,15.049155379529111
4582,10013.853110494625,10013.853242391,10013.853242391,10013.85395194,10013.870391161,3,COMPLETED,True,0.1318963750236435,0.7095490000210702,16.43922099901829,17.280666374063003
4583,10013.857114477425,10013.857317911,10013.857317911,10013.859479749,10013.878536381,1,COMPLETED,True,0.2034335757343797,2.1618379996652948,19.056631999774254,21.42190357517393
4584,10013.862978529072,10013.863253085,10013.863253085,10013.863847101,10013.877636486,0,COMPLETED,True,0.27455592862679623,0.5940159990132088,13.789385000563925,14.65795692820393
4585,10013.867362894483,10013.867528119,10013.867528119,10013.868297994,10013.885341357,2,COMPLETED,True,0.16522451733180787,0.7698749996052356,17.04336299917486,17.978462516111904
4586,10013.875805013391,10013.876024469,10013.876024469,10013.876706376,10013.890558206,3,COMPLETED,True,0.21945560911262874,0.6819070003984962,13.851829999111942,14.753192608623067
4587,10013.89029913914,10013.89042922,10013.89042922,10013.8911769,10013.905882315,0,COMPLETED,True,0.1300808598898584,0.7476800001313677,14.705415000207722,15.583175860228948
4588,10013.902226089576,10013.902343192,10013.902343192,10013.902945146,10013.916765348,1,COMPLETED,True,0.11710242324625142,0.6019539996486856,13.820202000715653,14.53925842361059
4589,10013.902780047463,10013.902873419,10013.902873419,10013.903238049,10013.916748797,2,COMPLETED,True,0.09337153642263729,0.3646300010586856,13.51074800004426,13.968749537525582
4590,10013.91449160294,10013.91462797,10013.91462797,10013.915242006,10013.930378955,3,COMPLETED,True,0.13636705989483744,0.6140360001154477,15.13694899949769,15.887352059507975
4591,10013.92922931839,10013.929302003,10013.929302003,10013.92978348,10013.943191779,0,COMPLETED,True,0.07268461013154592,0.4814769999939017,13.40829900073004,13.962460610855487
4592,10013.939779287954,10013.939865108,10013.939865108,10013.94040836,10013.953700972,2,COMPLETED,True,0.08582004556956235,0.5432520010799635,13.292612000441295,13.921684047090821
4593,10013.940408662871,10013.940491094,10013.940491094,10013.940776573,10013.955170996,1,COMPLETED,True,0.08243112824857235,0.285479000012856,14.394423000339884,14.762333128601313
4594,10013.94706156099,10013.947171673,10013.947171673,10013.947889399,10013.962092135,3,COMPLETED,True,0.11011201058863662,0.7177259994932683,14.202735999788274,15.030574009870179
4595,10013.949935479191,10013.950101185,10013.950101185,10013.950726252,10013.964166936,0,COMPLETED,True,0.16570580919506028,0.6250669994187774,13.440684000670444,14.231456809284282
4596,10013.955137482299,10013.955299781,10013.955299781,10013.955913489,10013.970048151,2,COMPLETED,True,0.16229870198003482,0.6137079999462003,14.13466200028779,14.910668702214025
4597,10013.979460343104,10013.979720141,10013.979720141,10013.980362703,10013.993161186,1,COMPLETED,True,0.259797896433156,0.6425619994843146,12.798482999642147,13.700842895559617
4598,10014.025368592329,10014.025454898,10014.025454898,10014.026348411,10014.04526444,3,COMPLETED,True,0.08630567026557401,0.893513000846724,18.91602899922873,19.895847670341027
4599,10014.049168380297,10014.049269513,10014.049269513,10014.050127831,10014.070432781,0,COMPLETED,True,0.10113270218425896,0.8583180006098701,20.304949999626842,21.26440070242097
4600,10014.081884874482,10014.082005863,10014.082005863,10014.082928772,10014.102762597,2,COMPLETED,True,0.120988517664955,0.9229090010194341,19.833824999295757,20.877722517980146
4601,10014.082181717324,10014.082470489,10014.082470489,10014.08313088,10014.103247652,1,COMPLETED,True,0.2887716764234938,0.6603910005651414,20.116771998800687,21.06593467578932
4602,10014.089513721638,10014.089766263,10014.089766263,10014.090487341,10014.110542465,3,COMPLETED,True,0.2525413619878236,0.7210780004243134,20.05512399955478,21.028743361966917
4603,10014.094072331898,10014.094329562,10014.094329562,10014.095255772,10014.114657245,0,COMPLETED,True,0.25723010185174644,0.9262099993065931,19.401473000471015,20.584913101629354
4604,10014.10683894402,10014.107097405,10014.107097405,10014.107990454,10014.122361476,2,COMPLETED,True,0.25846097923931666,0.8930490002967417,14.371021999977529,15.522531979513587
4605,10014.10951738792,10014.109639699,10014.109639699,10014.11018437,10014.124373731,1,COMPLETED,True,0.12231107939442154,0.5446710001706379,14.189360999807832,14.856343079372891
4606,10014.124478554864,10014.124606859,10014.124606859,10014.125409911,10014.142377546,3,COMPLETED,True,0.12830413652409334,0.8030519984458806,16.967635001492454,17.898991136462428
4607,10014.126963900695,10014.127087365,10014.127087365,10014.127614221,10014.141720671,0,COMPLETED,True,0.12346430412435438,0.5268560016702395,14.106449998507742,14.756770304302336
4608,10014.13942927686,10014.139568351,10014.139568351,10014.140363264,10014.154168807,2,COMPLETED,True,0.1390741399518447,0.794912999481312,13.80554299976211,14.739530139195267
4609,10014.146994355642,10014.147094348,10014.147094348,10014.147657292,10014.161173427,1,COMPLETED,True,0.09999235771829262,0.5629440001939656,13.51613500082749,14.179071358739748
4610,10014.164783287319,10014.164889102,10014.164889102,10014.165421518,10014.179068909,0,COMPLETED,True,0.1058146808645688,0.5324160010786727,13.647390998812625,14.285621680755867
4611,10014.171008919417,10014.171099648,10014.171099648,10014.171650102,10014.184996355,3,COMPLETED,True,0.09072858301806264,0.5504540004039882,13.34625299932668,13.98743558274873
4612,10014.180265290164,10014.180368417,10014.180368417,10014.180738589,10014.194503653,2,COMPLETED,True,0.10312683662050404,0.3701719997479813,13.765063999017002,14.238362835385487
4613,10014.190906678677,10014.191020129,10014.191020129,10014.191591141,10014.205053232,1,COMPLETED,True,0.11345032180543058,0.571012000364135,13.46209100120177,14.146553323371336
4614,10014.191302425794,10014.19141453,10014.19141453,10014.191760363,10014.205471557,0,COMPLETED,True,0.11210420598217752,0.34583300111989956,13.711193998460658,14.169131205562735
4615,10014.200475271875,10014.200619555,10014.200619555,10014.201308931,10014.218508555,3,COMPLETED,True,0.14428312533709686,0.6893760000821203,17.199624000568292,18.03328312598751
4616,10014.212508975319,10014.21268172,10014.21268172,10014.213437162,10014.227581185,2,COMPLETED,True,0.17274468154937495,0.7554419989901362,14.14402299997164,15.07220968051115
4617,10014.214641399112,10014.2149014,10014.2149014,10014.215501801,10014.231385167,1,COMPLETED,True,0.2600008883746341,0.6004009992466308,15.88336600070761,16.743767888328875
4618,10014.219002414542,10014.219200679,10014.219200679,10014.219751779,10014.233199116,0,COMPLETED,True,0.19826445713988505,0.5510999999387423,13.447337001707638,14.196701458786265
4619,10014.22069256774,10014.220900306,10014.220900306,10014.221399177,10014.240341983,3,COMPLETED,True,0.20773825963260606,0.498871000672807,18.94280600026832,19.649415260573733
4620,10014.221063980256,10014.221259645,10014.221259645,10014.22778274,10014.241694121,2,COMPLETED,True,0.1956647447514115,6.523094998556189,13.911381000070833,20.630140743378433
4621,10014.236801757805,10014.23695666,10014.23695666,10014.237457566,10014.25136242,1,COMPLETED,True,0.1549021944811102,0.5009060005249921,13.904854000429623,14.560662195435725
4622,10014.242198071772,10014.242394608,10014.242394608,10014.242962513,10014.256779387,0,COMPLETED,True,0.19653622803161852,0.567905000934843,13.816873999530799,14.58131522849726
4623,10014.242484447315,10014.242523862,10014.242523862,10014.243147633,10014.257349637,3,COMPLETED,True,0.03941468457924202,0.6237710003915709,14.20200400025351,14.865189685224323
4624,10014.248121148803,10014.248243214,10014.248243214,10014.248710702,10014.262528378,2,COMPLETED,True,0.12206519750179723,0.46748800014029257,13.81767599923478,14.40722919687687
4625,10014.248762551933,10014.249019832,10014.249019832,10014.251536012,10014.26517561,1,COMPLETED,True,0.25728006585268304,2.516180000384338,13.639598000736441,16.413058066973463
4626,10014.268880121272,10014.268968659,10014.268968659,10014.269797282,10014.288873145,0,COMPLETED,True,0.08853772851580288,0.8286230004159734,19.07586299967079,19.993023728602566
4627,10014.277057124242,10014.27714049,10014.27714049,10014.277631276,10014.291688351,3,COMPLETED,True,0.08336575774592347,0.49078600022767205,14.057075000891928,14.631226758865523
4628,10014.27999774477,10014.28008255,10014.28008255,10014.280693763,10014.303058808,2,COMPLETED,True,0.08480522956233472,0.6112129995017312,22.365045000697137,23.061063229761203
4629,10014.280230324184,10014.280481337,10014.280481337,10014.280839493,10014.294323124,1,COMPLETED,True,0.25101281607931014,0.35815599949273746,13.483631000781315,14.092799816353363
4630,10014.28211361278,10014.282298551,10014.282298551,10014.289095695,10014.304106926,0,COMPLETED,True,0.18493821880838368,6.797144000302069,15.011231000244152,21.993313219354604
4631,10014.295447065711,10014.295536435,10014.295536435,10014.296222518,10014.310146161,3,COMPLETED,True,0.08936928861658089,0.6860829998913687,13.923643000453012,14.699095288960962
4632,10014.296001675675,10014.296116665,10014.296116665,10014.296585163,10014.310389066,1,COMPLETED,True,0.11498932508402504,0.4684979994635796,13.803903000734863,14.387390325282468
4633,10014.305571743345,10014.305728279,10014.305728279,10014.306538312,10014.325914793,2,COMPLETED,True,0.156535654241452,0.8100329996523215,19.376481001017964,20.343049654911738
4634,10014.318872280537,10014.318960731,10014.318960731,10014.319660695,10014.332956411,0,COMPLETED,True,0.08845046249916777,0.6999640008871211,13.29571600035706,14.08413046374335
4635,10014.329447819055,10014.329528252,10014.329528252,10014.330108784,10014.343592033,3,COMPLETED,True,0.08043294474191498,0.5805319997307379,13.483249000273645,14.144213944746298
4636,10014.33482000975,10014.33501111,10014.33501111,10014.335604624,10014.349146805,1,COMPLETED,True,0.19110025095869787,0.5935139997745864,13.542180999138509,14.326795249871793
4637,10014.340795784623,10014.34090999,10014.34090999,10014.341638522,10014.354864623,2,COMPLETED,True,0.11420537703088485,0.7285320007213159,13.226100998508628,14.068838376260828
4638,10014.34691032489,10014.347038057,10014.347038057,10014.347706172,10014.361206729,0,COMPLETED,True,0.12773210983141325,0.6681150007352699,13.50055699913355,14.296404109700234
4639,10014.353205028043,10014.353339565,10014.353339565,10014.353900874,10014.36731227,3,COMPLETED,True,0.13453695646603592,0.5613090015685884,13.411395999355591,14.107241957390215
4640,10014.360024558138,10014.360218827,10014.360218827,10014.360906959,10014.3743704,1,COMPLETED,True,0.19426886137807742,0.6881320005049929,13.4634410005674,14.34584186245047
4641,10014.36449299896,10014.364619982,10014.364619982,10014.365208743,10014.382791191,2,COMPLETED,True,0.12698303908109665,0.5887610004720045,17.58244799930253,18.298192038855632
4642,10014.365955403933,10014.366095319,10014.366095319,10014.3667321,10014.379898311,0,COMPLETED,True,0.13991506602906156,0.6367810001393082,13.166210999770556,13.942907065938925
4643,10014.385008238494,10014.385111578,10014.385111578,10014.385787697,10014.39930658,3,COMPLETED,True,0.103339505585609,0.6761189997632755,13.518883000870119,14.298341506219003
4644,10014.38970030448,10014.389789208,10014.389789208,10014.390362591,10014.403813637,1,COMPLETED,True,0.08890352000889834,0.5733830003009643,13.451045999318012,14.113332519627875
4645,10014.394845297942,10014.394931883,10014.394931883,10014.395521284,10014.409014908,0,COMPLETED,True,0.08658505794301163,0.5894009991607163,13.49362400105747,14.169610058161197
4646,10014.40597636363,10014.40610962,10014.40610962,10014.406792916,10014.422504984,2,COMPLETED,True,0.1332563697360456,0.6832959988969378,15.712068001448642,16.528620370081626
4647,10014.415894338903,10014.416034744,10014.416034744,10014.416510007,10014.430141047,3,COMPLETED,True,0.1404050963174086,0.4752630011353176,13.631039999381755,14.246708096834482
4648,10014.41723863611,10014.417367702,10014.417367702,10014.417730089,10014.431200273,1,COMPLETED,True,0.12906589108752087,0.362386999768205,13.470183999743313,13.961636890599038
4649,10014.43448034557,10014.434674357,10014.434674357,10014.435204384,10014.448929001,0,COMPLETED,True,0.19401143072173,0.5300270004227059,13.72461699975247,14.448655430896906
4650,10014.449434939475,10014.449584422,10014.449584422,10014.450168343,10014.46665057,2,COMPLETED,True,0.14948252464819234,0.5839210007252404,16.482226999869454,17.215630525242887
4651,10014.465153352145,10014.465256604,10014.465256604,10014.465954211,10014.479352791,3,COMPLETED,True,0.10325185576220974,0.6976069998927414,13.39858000028471,14.199438855939661
4652,10014.468653270622,10014.468780064,10014.468780064,10014.469690318,10014.48884448,1,COMPLETED,True,0.12679337851295713,0.9102539988816716,19.154162000631914,20.191209378026542
4653,10014.476536729366,10014.476655147,10014.476655147,10014.47736242,10014.49056219,0,COMPLETED,True,0.11841763443953823,0.7072730004438199,13.199769999118871,14.02546063400223
4654,10014.491727043101,10014.491990992,10014.491990992,10014.492690904,10014.505904971,2,COMPLETED,True,0.26394889937364496,0.6999119996180525,13.214066999353236,14.177927898344933
4655,10014.538200476276,10014.538382457,10014.538382457,10014.539146239,10014.55255427,3,COMPLETED,True,0.18198072393715847,0.7637819999217754,13.408030999926268,14.353793723785202
4656,10014.538707350419,10014.538879106,10014.538879106,10014.539481239,10014.558413452,1,COMPLETED,True,0.17175558059534524,0.6021330009389203,18.93221299906145,19.706101580595714
4657,10014.53873153809,10014.538890804,10014.538890804,10014.539737351,10014.558663749,0,COMPLETED,True,0.15926591004244983,0.8465470000373898,18.92639799916651,19.93221090924635
4658,10014.543338644282,10014.543420739,10014.543420739,10014.543870727,10014.563162534,2,COMPLETED,True,0.08209471889131237,0.44998799967288505,19.29180699880817,19.823889717372367
4659,10014.551525285351,10014.55179375,10014.55179375,10014.552729246,10014.56662963,3,COMPLETED,True,0.26846464970731176,0.9354959984193556,13.900384001317434,15.104344649444101
4660,10014.552292150602,10014.552435506,10014.552435506,10014.558854251,10014.573095616,1,COMPLETED,True,0.1433553989045322,6.418744998882175,14.241365000998485,20.803465398785193
4661,10014.562173957394,10014.562336153,10014.562336153,10014.563148313,10014.57801399,0,COMPLETED,True,0.16219560529862065,0.8121600003505591,14.86567699976149,15.84003260541067
4662,10014.580074895379,10014.580224412,10014.580224412,10014.58069821,10014.594367874,2,COMPLETED,True,0.1495166216045618,0.4737979998026276,13.669664000190096,14.292978621597285
4663,10014.618132709584,10014.618286622,10014.618286622,10014.618817485,10014.632107535,3,COMPLETED,True,0.15391241686302237,0.5308629988576286,13.290050001160125,13.974825416880776
4664,10014.641381214875,10014.641468002,10014.641468002,10014.642293975,10014.661003398,1,COMPLETED,True,0.08678712583787274,0.82597299842746,18.70942300047318,19.622183124738513
4665,10014.645644454637,10014.64567695,10014.64567695,10014.646364608,10014.666210151,0,COMPLETED,True,0.032495363484486006,0.6876579991512699,19.845542999973986,20.565696362609742
4666,10014.647701369398,10014.647841153,10014.647841153,10014.648363786,10014.662427927,2,COMPLETED,True,0.1397836022078991,0.5226329994911794,14.064140999835217,14.726557601534296
4667,10014.67739614353,10014.677483315,10014.677483315,10014.678372616,10014.698227121,3,COMPLETED,True,0.08717146920389496,0.8893009999155765,19.85450500069419,20.83097746981366
4668,10014.684347630397,10014.684435426,10014.684435426,10014.685225768,10014.703224593,1,COMPLETED,True,0.08779560266702902,0.7903420009824913,17.99882500017702,18.87696260382654
4669,10014.697648030096,10014.697752057,10014.697752057,10014.698430138,10014.71158802,2,COMPLETED,True,0.10402690350019839,0.6780809999327175,13.157882000086829,13.939989903519745
4670,10014.701337231818,10014.701432591,10014.701432591,10014.702157656,10014.715548908,3,COMPLETED,True,0.09535918252367992,0.7250649996421998,13.391251999564702,14.211676181730581
4671,10014.70766545466,10014.707747267,10014.707747267,10014.708432957,10014.727033853,0,COMPLETED,True,0.08181234079529531,0.685689999954775,18.600895999043132,19.368398339793202
4672,10014.723246874435,10014.723341223,10014.723341223,10014.723975754,10014.739726074,1,COMPLETED,True,0.09434856474399567,0.6345309993776027,15.750320000734064,16.479199564855662
4673,10014.726447006857,10014.726531878,10014.726531878,10014.727148738,10014.740593621,2,COMPLETED,True,0.0848711424623616,0.6168600011733361,13.444882999465335,14.146614143101033
4674,10014.727554098861,10014.727641151,10014.727641151,10014.728120538,10014.742021247,3,COMPLETED,True,0.08705213804205414,0.47938700117811095,13.900709000154166,14.46714813937433
4675,10014.731161692836,10014.731387491,10014.731387491,10014.732103202,10014.753018735,0,COMPLETED,True,0.22579816322831903,0.7157110012485646,20.915532999424613,21.857042163901497
4676,10014.732980831544,10014.733172316,10014.733172316,10014.740045511,10014.757009926,1,COMPLETED,True,0.19148445608152542,6.873194999570842,16.964414999165456,24.029094454817823
4677,10014.738929159743,10014.739085666,10014.739085666,10014.740982717,10014.7546166,2,COMPLETED,True,0.1565062575537013,1.8970509991049767,13.633882999783964,15.687440256442642
4678,10014.750966026362,10014.751111881,10014.751111881,10014.7518204,10014.77043139,3,COMPLETED,True,0.1458546375943115,0.7085190009092912,18.610989998705918,19.46536363720952
4679,10014.758416424704,10014.758508067,10014.758508067,10014.759201347,10014.777973343,0,COMPLETED,True,0.09164229595626239,0.6932800006325124,18.771995999486535,19.55691829607531
4680,10014.758625228169,10014.75877756,10014.75877756,10014.759194466,10014.772348361,2,COMPLETED,True,0.15233183148666285,0.4169059993728297,13.153895000868943,13.723132831728435
4681,10014.782314409305,10014.782450751,10014.782450751,10014.782978293,10014.796094372,1,COMPLETED,True,0.136341694087605,0.5275420007819775,13.116079000610625,13.779962695480208
4682,10014.786138853044,10014.786308228,10014.786308228,10014.786760938,10014.800462565,3,COMPLETED,True,0.16937495638558175,0.4527099990809802,13.701627000045846,14.323711955512408
4683,10014.787400494755,10014.787591655,10014.787591655,10014.787995573,10014.802480585,2,COMPLETED,True,0.19116024486720562,0.40391800030192826,14.485011999568087,15.080090244737221
4684,10014.797609793353,10014.797744545,10014.797744545,10014.798281827,10014.811003804,0,COMPLETED,True,0.13475164632836822,0.5372819996409817,12.72197700018296,13.39401064615231
4685,10014.810087445914,10014.81025482,10014.81025482,10014.811023724,10014.824618653,1,COMPLETED,True,0.16737408623157535,0.7689039994147606,13.594928999737022,14.531207085383357
4686,10014.814866231907,10014.814950871,10014.814950871,10014.815509765,10014.82932732,3,COMPLETED,True,0.08463909216516186,0.5588940002780873,13.817555000059656,14.461088092502905
4687,10014.817012495954,10014.817134404,10014.817134404,10014.817691632,10014.831188173,2,COMPLETED,True,0.12190804591227788,0.5572280006163055,13.496540999767603,14.175677046296187
4688,10014.819486252994,10014.819653037,10014.819653037,10014.820449033,10014.83952791,0,COMPLETED,True,0.16678400606906507,0.7959960003063316,19.078876999628847,20.041657006004243
4689,10014.821551897849,10014.821699853,10014.821699853,10014.825007607,10014.838558985,1,COMPLETED,True,0.14795515198784415,3.3077539992518723,13.551378000556724,17.00708715179644
4690,10014.827660586203,10014.827923736,10014.827923736,10014.829661013,10014.843062228,3,COMPLETED,True,0.26314979731978383,1.7372769998473814,13.401214999248623,15.401641796415788
4691,10014.839363011793,10014.839465605,10014.839465605,10014.840228556,10014.85378125,2,COMPLETED,True,0.1025932069751434,0.7629510000697337,13.552693999372423,14.4182382064173
4692,10014.846797434311,10014.846891354,10014.846891354,10014.847500351,10014.860808449,1,COMPLETED,True,0.09391968887939584,0.6089969992899569,13.308098001289181,14.011014689458534
4693,10014.870997265118,10014.871104381,10014.871104381,10014.872207916,10014.893073978,0,COMPLETED,True,0.1071158822014695,1.1035349998564925,20.866062001005048,22.07671288306301
4694,10014.871017295001,10014.871168384,10014.871168384,10014.872252613,10014.892747227,3,COMPLETED,True,0.15108899788174313,1.0842290012078593,20.494614000199363,21.729931999288965
4695,10014.87634172147,10014.876439171,10014.876439171,10014.876820861,10014.893484094,2,COMPLETED,True,0.09744952876644675,0.3816900007223012,16.663233000144828,17.142372529633576
4696,10014.878548263221,10014.878604885,10014.878604885,10014.87922133,10014.892902516,1,COMPLETED,True,0.05662177863996476,0.6164450005599065,13.681185999303125,14.354252778502996
4697,10014.88068113282,10014.880829324,10014.880829324,10014.893313782,10014.90823501,3,COMPLETED,True,0.14819118041486945,12.484458000471932,14.921227999366238,27.55387718025304
4698,10014.889876060346,10014.890027213,10014.890027213,10014.893563027,10014.911621653,0,COMPLETED,True,0.1511526534159202,3.535814001224935,18.058625999401556,21.74559265404241
4699,10014.890691488941,10014.890844275,10014.890844275,10014.893532975,10014.906976592,1,COMPLETED,True,0.1527860586065799,2.688700000362587,13.443616999211372,16.28510305818054
4700,10014.915616446951,10014.915722778,10014.915722778,10014.916278527,10014.929417829,2,COMPLETED,True,0.10633104830048978,0.5557490003411658,13.139302000126918,13.801382048768573
4701,10014.921517926427,10014.921704737,10014.921704737,10014.922097892,10014.935463867,1,COMPLETED,True,0.18681057372305077,0.39315499998338055,13.365974999032915,13.945940572739346
4702,10014.92866258308,10014.928767294,10014.928767294,10014.929494903,10014.943102371,3,COMPLETED,True,0.10471092173247598,0.7276090000232216,13.607467999463552,14.43978792121925
4703,10014.933487535238,10014.933600966,10014.933600966,10014.934281136,10014.94774566,0,COMPLETED,True,0.11343076221237425,0.6801700001233257,13.46452399957343,14.25812476190913
4704,10014.936810720295,10014.937062975,10014.937062975,10014.937740906,10014.956699823,2,COMPLETED,True,0.25225470380974,0.6779310006095329,18.958917000418296,19.88910270483757
4705,10014.940626489099,10014.940721569,10014.940721569,10014.941082245,10014.955084973,1,COMPLETED,True,0.0950799021666171,0.36067600012756884,14.002727999468334,14.45848390176252
4706,10014.943000946067,10014.943130078,10014.943130078,10014.943446544,10014.957426687,3,COMPLETED,True,0.1291319331357954,0.31646600109525025,13.980142999571399,14.425740933802444
4707,10014.94863561738,10014.948748672,10014.948748672,10014.949158646,10014.965704519,0,COMPLETED,True,0.11305462066957261,0.40997399992193095,16.545872998904088,17.06890161949559
4708,10014.957704281196,10014.957827609,10014.957827609,10014.958217005,10014.971268751,1,COMPLETED,True,0.1233278035215335,0.3893960001732921,13.051746000201092,13.564469803895918
4709,10014.964239223831,10014.964324281,10014.964324281,10014.964800765,10014.978182409,2,COMPLETED,True,0.08505716868967284,0.47648399959143717,13.381644001128734,13.943185169409844
4710,10014.971487221048,10014.971674195,10014.971674195,10014.972095652,10014.985234181,3,COMPLETED,True,0.18697395171329845,0.4214569999021478,13.138529000570998,13.746959952186444
4711,10015.010930810648,10015.01103496,10015.01103496,10015.011930171,10015.030160622,0,COMPLETED,True,0.10414935240987688,0.895211000170093,18.2304509999085,19.22981135248847
4712,10015.015695952061,10015.015799989,10015.015799989,10015.016464713,10015.02974485,1,COMPLETED,True,0.10403693886473775,0.6647240006714128,13.28013700003794,14.04889793957409
4713,10015.057977059703,10015.058137931,10015.058137931,10015.058882777,10015.074373861,2,COMPLETED,True,0.1608712973393267,0.744846000088728,15.49108399922261,16.396801296650665
4714,10015.080041179259,10015.080291095,10015.080291095,10015.08094129,10015.099288449,3,COMPLETED,True,0.24991574173327535,0.6501949992525624,18.347159000768443,19.24726974175428
4715,10015.087284068335,10015.087442914,10015.087442914,10015.088253051,10015.106512188,1,COMPLETED,True,0.15884566528256983,0.8101370003714692,18.25913699940429,19.22811966505833
4716,10015.09632264085,10015.096427742,10015.096427742,10015.097369226,10015.116576982,0,COMPLETED,True,0.10510115134820808,0.9414839987584855,19.20775600046909,20.254341150575783
4717,10015.097378307733,10015.097650806,10015.097650806,10015.098308466,10015.117888914,2,COMPLETED,True,0.2724982659856323,0.6576600007974776,19.580447999032913,20.510606265816023
4718,10015.101021426985,10015.101192204,10015.101192204,10015.101741192,10015.117233754,3,COMPLETED,True,0.17077701522794086,0.5489880004461156,15.492561999053578,16.212327014727634
4719,10015.105038353997,10015.105298179,10015.105298179,10015.106747496,10015.123040712,1,COMPLETED,True,0.2598250030132476,1.4493170001514954,16.2932160001219,18.002358003286645
4720,10015.11745915317,10015.11776795,10015.11776795,10015.118311883,10015.131898562,0,COMPLETED,True,0.3087968289037235,0.5439329997898312,13.58667900058208,14.439408829275635
4721,10015.130970421204,10015.131111414,10015.131111414,10015.132110348,10015.146783722,3,COMPLETED,True,0.14099279724177904,0.9989339996536728,14.673374000267358,15.81330079716281
4722,10015.131165461906,10015.131226879,10015.131226879,10015.132201781,10015.146006395,0,COMPLETED,True,0.061417094912030734,0.9749019991431851,13.804614000036963,14.840933094092179
4723,10015.1442642751,10015.144529409,10015.144529409,10015.145393385,10015.164340843,2,COMPLETED,True,0.26513390002946835,0.8639759998914087,18.94745800018427,20.076567900105147
4724,10015.148455522765,10015.148599976,10015.148599976,10015.149095907,10015.164147946,1,COMPLETED,True,0.14445323540712707,0.4959309990226757,15.05203899978369,15.692423234213493
4725,10015.15408813682,10015.154218941,10015.154218941,10015.154736192,10015.169393871,0,COMPLETED,True,0.130804179207189,0.5172510009288089,14.657678999355994,15.305734179491992
4726,10015.15772793789,10015.157825302,10015.157825302,10015.158241196,10015.172594202,3,COMPLETED,True,0.09736410902405623,0.41589400098018814,14.35300599951006,14.866264109514304
4727,10015.158633683766,10015.158789714,10015.158789714,10015.164519131,10015.178424921,1,COMPLETED,True,0.15603023348376155,5.729417000111425,13.905789999625995,19.79123723322118
4728,10015.160910327717,10015.160991064,10015.160991064,10015.164794703,10015.179548675,2,COMPLETED,True,0.0807362830528291,3.803638999670511,14.753972000107751,18.63834728283109
4729,10015.161233656401,10015.161403222,10015.161403222,10015.169747928,10015.18335781,0,COMPLETED,True,0.16956559920799918,8.344705998752033,13.60988200030988,22.124153598269913
4730,10015.16163364014,10015.16171654,10015.16171654,10015.172775557,10015.186780285,3,COMPLETED,True,0.08289985998999327,11.059016998842708,14.004728000145406,25.146644858978107
4731,10015.162058774882,10015.162139799,10015.162139799,10015.178766787,10015.192435861,1,COMPLETED,True,0.08102411811705679,16.626987999188714,13.66907400006312,30.37708611736889
4732,10015.165359937628,10015.165459178,10015.165459178,10015.179735094,10015.193470828,2,COMPLETED,True,0.09924037294695154,14.27591599895095,13.7357340008748,28.1108903727727
4733,10015.173226380099,10015.17338381,10015.17338381,10015.183705577,10015.197187066,0,COMPLETED,True,0.1574299021740444,10.32176699845877,13.481489000696456,23.96068590132927
4734,10015.175504744846,10015.175570918,10015.175570918,10015.187124683,10015.20096273,3,COMPLETED,True,0.06617315375478938,11.553764999916893,13.838046999808284,25.457985153479967
4735,10015.17571943565,10015.175816619,10015.175816619,10015.192757273,10015.207305451,1,COMPLETED,True,0.09718334877106827,16.940654000791255,14.548178000040934,31.586015349603258
4736,10015.182919540015,10015.183076933,10015.183076933,10015.193845917,10015.207724332,2,COMPLETED,True,0.15739298578409944,10.768983998787007,13.87841500036302,24.804791984934127
4737,10015.19043260282,10015.190526329,10015.190526329,10015.197516227,10015.211496634,0,COMPLETED,True,0.09372617932967842,6.989898000028916,13.980407000417472,21.064031179776066
4738,10015.195295749858,10015.195384198,10015.195384198,10015.20132679,10015.214709095,3,COMPLETED,True,0.08844814146868885,5.9425920007925015,13.38230500005011,19.4133451423113
4739,10015.20713143804,10015.207262211,10015.207262211,10015.20777894,10015.22127328,1,COMPLETED,True,0.13077296171104535,0.5167289982637158,13.49434000076144,14.141841960736201
4740,10015.228699691052,10015.228787859,10015.228787859,10015.229224184,10015.242826328,2,COMPLETED,True,0.08816794797894545,0.4363250009191688,13.602143999378313,14.126636948276428
4741,10015.231719419502,10015.231802688,10015.231802688,10015.23213479,10015.245659573,0,COMPLETED,True,0.08326849820150528,0.33210199944733176,13.524783000320895,13.940153497969732
4742,10015.252767247992,10015.252857733,10015.252857733,10015.253290533,10015.267159689,3,COMPLETED,True,0.09048500760400202,0.43280000136292074,13.869155998690985,14.392441007657908
4743,10015.253310993063,10015.253441372,10015.253441372,10015.253769884,10015.266971392,1,COMPLETED,True,0.13037893768341746,0.3285120001237374,13.201507999838213,13.660398937645368
4744,10015.27846250944,10015.278629767,10015.278629767,10015.279191547,10015.292731958,2,COMPLETED,True,0.1672575617703842,0.5617799997708062,13.54041099875758,14.26944856029877
4745,10015.2911959624,10015.291372109,10015.291372109,10015.291950284,10015.309874307,0,COMPLETED,True,0.1761466010066215,0.5781749987363582,17.924023000887246,18.678344600630226
4746,10015.296058534977,10015.296149139,10015.296149139,10015.296618573,10015.311521827,1,COMPLETED,True,0.09060402226168662,0.469434000478941,14.903253999364097,15.463292022104724
4747,10015.302014753377,10015.302182825,10015.302182825,10015.302804737,10015.324335658,3,COMPLETED,True,0.1680716231931001,0.6219120004971046,21.530920999794034,22.32090462348424
4748,10015.302527377362,10015.302673593,10015.302673593,10015.30307945,10015.323363262,2,COMPLETED,True,0.14621563786931802,0.40585699935036246,20.28381200034346,20.83588463756314
4749,10015.318773641131,10015.318869484,10015.318869484,10015.319355689,10015.332961519,0,COMPLETED,True,0.0958428681769874,0.48620500092511065,13.605829999505659,14.187877868607757
4750,10015.321552807245,10015.32171414,10015.32171414,10015.32230129,10015.341651811,1,COMPLETED,True,0.16133275494212285,0.5871499997738283,19.350521000887966,20.099003755603917
4751,10015.323632534095,10015.323793574,10015.323793574,10015.324140661,10015.337688,2,COMPLETED,True,0.16103990492410958,0.34708699968177825,13.547339000069769,14.055465904675657
4752,10015.334851541262,10015.334949648,10015.334949648,10015.335463557,10015.351424809,3,COMPLETED,True,0.09810673873289488,0.5139089989825152,15.96125200012466,16.57326773784007
4753,10015.343518058506,10015.343610305,10015.343610305,10015.344139824,10015.357722292,0,COMPLETED,True,0.09224649511452299,0.5295189985190518,13.582468000095105,14.20423349372868
4754,10015.357755694504,10015.357845127,10015.357845127,10015.358403075,10015.371710156,2,COMPLETED,True,0.0894324966793647,0.5579480002779746,13.30708099885669,13.95446149581403
4755,10015.364743769385,10015.364841493,10015.364841493,10015.365388288,10015.379767684,1,COMPLETED,True,0.09772361408977304,0.5467950013553491,14.37939599964011,15.023914615085232
4756,10015.372705414979,10015.37280567,10015.37280567,10015.373248469,10015.387122997,3,COMPLETED,True,0.10025502160715405,0.44279900066612754,13.874527998268604,14.417582020541886
4757,10015.383719899459,10015.3838344,10015.3838344,10015.384394381,10015.397635889,0,COMPLETED,True,0.11450054080341943,0.5599810010608053,13.241507998827728,13.915989540691953
4758,10015.39724274731,10015.397342974,10015.397342974,10015.398002325,10015.411645125,2,COMPLETED,True,0.10022668902820442,0.6593510006496217,13.642799998706323,14.40237768838415
4759,10015.40947355208,10015.409650393,10015.409650393,10015.41015325,10015.423451901,0,COMPLETED,True,0.17684092017589137,0.5028570012655109,13.298650999786332,13.978348921227735
4760,10015.422634384033,10015.422725318,10015.422725318,10015.423227145,10015.436454636,3,COMPLETED,True,0.0909339669306064,0.5018270003347425,13.22749099927023,13.82025196653558
4761,10015.433977851862,10015.434134612,10015.434134612,10015.43474811,10015.447909724,1,COMPLETED,True,0.156760137542733,0.6134979994385503,13.1616140006372,13.931872137618484
4762,10015.453899014836,10015.453941025,10015.453941025,10015.454483462,10015.468773529,2,COMPLETED,True,0.04201016417937353,0.542436999239726,14.290067001638818,14.874514165057917
4763,10015.456087660534,10015.456162211,10015.456162211,10015.456616215,10015.470584527,0,COMPLETED,True,0.07455046579707414,0.45400400085782167,13.968311999633443,14.496866466288338
4764,10015.462735641351,10015.462798301,10015.462798301,10015.463454768,10015.477206609,3,COMPLETED,True,0.06265964839258231,0.6564670002262574,13.751841001067078,14.470967649685917
4765,10015.488001020492,10015.488126334,10015.488126334,10015.488628816,10015.501993578,1,COMPLETED,True,0.12531350694189314,0.5024820002290653,13.364762000492192,13.99255750766315
4766,10015.499099682424,10015.499354375,10015.499354375,10015.499948542,10015.513902632,2,COMPLETED,True,0.2546925770730013,0.5941669987805653,13.954089999970165,14.802949575823732
4767,10015.509147680512,10015.509311139,10015.509311139,10015.509961925,10015.528315538,0,COMPLETED,True,0.16345848780474626,0.6507859998237109,18.35361300072691,19.167857488355367
4768,10015.511992216365,10015.512087154,10015.512087154,10015.512457545,10015.526320672,3,COMPLETED,True,0.09493763536738697,0.37039100061520003,13.8631269983307,14.328455634313286
4769,10015.520085647498,10015.520197709,10015.520197709,10015.520711642,10015.534592144,1,COMPLETED,True,0.11206150156795047,0.513933000547695,13.880501999665285,14.50649650178093
4770,10015.520455489679,10015.520553397,10015.520553397,10015.5209192,10015.536829276,2,COMPLETED,True,0.09790732110559475,0.3658030000224244,15.910075999272522,16.37378632040054
4771,10015.563983027203,10015.564072606,10015.564072606,10015.564735721,10015.578388159,3,COMPLETED,True,0.0895787961781025,0.6631150008615805,13.652437999553513,14.405131796593196
4772,10015.567348159144,10015.567455528,10015.567455528,10015.567996446,10015.581823578,0,COMPLETED,True,0.10736885633377824,0.5409179993876023,13.827132001097198,14.475418856818578
4773,10015.567375850787,10015.567517163,10015.567517163,10015.568204775,10015.586908003,1,COMPLETED,True,0.1413122117810417,0.687612000547233,18.703228000958916,19.53215221328719
4774,10015.568461284916,10015.56857195,10015.56857195,10015.568962727,10015.582832132,2,COMPLETED,True,0.11066508341173176,0.3907770005753264,13.869405000150437,14.370847084137495
4775,10015.568914999452,10015.569036428,10015.569036428,10015.578813189,10015.592485174,3,COMPLETED,True,0.12142854757257737,9.77676100046665,13.6719849997462,23.570174547785427
4776,10015.569679483197,10015.569782832,10015.569782832,10015.582188272,10015.595750496,0,COMPLETED,True,0.10334880425943993,12.405439998474321,13.562224001361756,26.071012804095517
4777,10015.572908074757,10015.573082055,10015.573082055,10015.583189301,10015.597052164,2,COMPLETED,True,0.1739802428346593,10.107246000188752,13.862862999303616,24.144089242327027
4778,10015.573489496348,10015.57364829,10015.57364829,10015.587084668,10015.605514842,1,COMPLETED,True,0.15879365128057543,13.436378001642879,18.4301739991497,32.025345652073156
4779,10015.58932223657,10015.589468969,10015.589468969,10015.592854599,10015.60638826,3,COMPLETED,True,0.14673242912977003,3.38562999968417,13.533661000110442,17.06602342892438
4780,10015.632561059023,10015.632759054,10015.632759054,10015.633238558,10015.646523782,0,COMPLETED,True,0.19799497749772854,0.4795040003955364,13.285223998536821,13.962722976430086
4781,10015.643481444218,10015.643673543,10015.643673543,10015.64430536,10015.661392795,2,COMPLETED,True,0.19209878155379556,0.6318169998849044,17.08743500057608,17.91135078201478
4782,10015.650203551328,10015.650291775,10015.650291775,10015.650810719,10015.66489132,1,COMPLETED,True,0.08822367271932308,0.5189439998503076,14.080601000387105,14.687768672956736
4783,10015.662914650324,10015.663050575,10015.663050575,10015.663803366,10015.681811076,3,COMPLETED,True,0.13592467621492688,0.7527910001954297,18.007709999437793,18.89642567584815
4784,10015.667869188002,10015.668060048,10015.668060048,10015.668679065,10015.682058237,0,COMPLETED,True,0.19085999701928813,0.619017000644817,13.379171999986283,14.189048997650389
4785,10015.670523179597,10015.670636384,10015.670636384,10015.671382697,10015.685125473,2,COMPLETED,True,0.1132044035330182,0.7463130004907725,13.742776000071899,14.60229340409569
4786,10015.681329275805,10015.681493585,10015.681493585,10015.682219122,10015.697867192,1,COMPLETED,True,0.16430919458798598,0.7255370001075789,15.648070000679581,16.537916195375146
4787,10015.688246606276,10015.688344764,10015.688344764,10015.68896853,10015.702362447,0,COMPLETED,True,0.09815772318688687,0.6237659999897005,13.393917000939837,14.115840724116424
4788,10015.705791444801,10015.705898758,10015.705898758,10015.706341158,10015.720031133,3,COMPLETED,True,0.10731319889600854,0.44239999988349155,13.689974999579135,14.239688198358635
4789,10015.706999481066,10015.707139251,10015.707139251,10015.707666834,10015.720842059,2,COMPLETED,True,0.13976993432152085,0.5275829989841441,13.175224999940838,13.842577933246503
4790,10015.711154832394,10015.71132393,10015.71132393,10015.711965796,10015.72533838,1,COMPLETED,True,0.1690976059762761,0.6418659995688358,13.372584000535426,14.183547606080538
4791,10015.73416645259,10015.734267321,10015.734267321,10015.735047702,10015.748744165,0,COMPLETED,True,0.10086841029988136,0.7803810003679246,13.696462998268544,14.57771240893635
4792,10015.742428851876,10015.742605776,10015.742605776,10015.743270571,10015.75696175,3,COMPLETED,True,0.17692412438918836,0.664794999465812,13.691178999579279,14.53289812343428
4793,10015.748640366935,10015.748847292,10015.748847292,10015.749659977,10015.76452553,2,COMPLETED,True,0.20692506404884625,0.8126850007101893,14.86555299925385,15.885163064012886
4794,10015.76713971217,10015.767235735,10015.767235735,10015.768094008,10015.781699563,1,COMPLETED,True,0.0960228298936272,0.8582730006310157,13.605554999230662,14.559850829755305
4795,10015.76816110281,10015.76824881,10015.76824881,10015.768709994,10015.782003521,0,COMPLETED,True,0.08770719068706967,0.46118399950501043,13.293527001223993,13.842418191416073
4796,10015.787643567706,10015.787756729,10015.787756729,10015.788481622,10015.801417767,3,COMPLETED,True,0.11316129348415416,0.7248929996421793,12.936144999912358,13.774199293038691
4797,10015.810518550119,10015.810690256,10015.810690256,10015.811477765,10015.829910601,2,COMPLETED,True,0.17170588034787215,0.7875090013840236,18.43283599919232,19.392050880924216
4798,10015.811185300356,10015.811273506,10015.811273506,10015.811696602,10015.825197269,1,COMPLETED,True,0.08820564471534453,0.4230960003042128,13.500666998879751,14.011968643899309
4799,10015.81493857144,10015.81510629,10015.81510629,10015.815525651,10015.834776201,0,COMPLETED,True,0.16771855916886125,0.41936100024031475,19.25054999992426,19.837629559333436
4800,10015.816256615262,10015.816394503,10015.816394503,10015.817020734,10015.830823795,3,COMPLETED,True,0.13788773685519118,0.6262310016609263,13.803060999634909,14.567179738151026
4801,10015.82516500466,10015.825338245,10015.825338245,10015.826169957,10015.839457318,1,COMPLETED,True,0.17324033979093656,0.8317119991261279,13.2873610000388,14.292313338955864
4802,10015.841519840564,10015.841621319,10015.841621319,10015.842379847,10015.856150197,2,COMPLETED,True,0.10147843568120152,0.7585280000057537,13.7703500004136,14.630356436100556
4803,10015.847684723485,10015.847864618,10015.847864618,10015.848419249,10015.861748587,3,COMPLETED,True,0.1798945140762953,0.5546310003410326,13.329338000403368,14.063863514820696
4804,10015.857348764232,10015.857491444,10015.857491444,10015.858090652,10015.871540929,0,COMPLETED,True,0.14267976803239435,0.5992080004944,13.45027699971979,14.192164768246585
4805,10015.858790234808,10015.85896224,10015.85896224,10015.859623548,10015.87585242,1,COMPLETED,True,0.17200519141624682,0.6613080004171934,16.228872000283445,17.062185192116885
4806,10015.859760852733,10015.859903732,10015.859903732,10015.860356268,10015.874291699,2,COMPLETED,True,0.14287926751421764,0.4525360000116052,13.935430999481468,14.530846267007291
4807,10015.863556147355,10015.863650698,10015.863650698,10015.864128496,10015.877590543,3,COMPLETED,True,0.0945506453717826,0.4777979993377812,13.462046999848098,14.034395644557662
4808,10015.867390628264,10015.867583976,10015.867583976,10015.871720435,10015.885246887,0,COMPLETED,True,0.19334773605805822,4.1364589997101575,13.526452001315192,17.856258737083408
4809,10015.876155376354,10015.876543987,10015.876543987,10015.877256018,10015.890989168,2,COMPLETED,True,0.388610646041343,0.7120310001482721,13.733149999097805,14.83379164528742
4810,10015.879250364154,10015.879427387,10015.879427387,10015.879979383,10015.894108246,1,COMPLETED,True,0.177022846401087,0.5519959995581303,14.128863000223646,14.857881846182863
4811,10015.884145268083,10015.884302608,10015.884302608,10015.885055941,10015.904439759,3,COMPLETED,True,0.157339916768251,0.7533330008300254,19.383818000278552,20.29449091787683
4812,10015.885193835644,10015.885384729,10015.885384729,10015.885940881,10015.899767262,0,COMPLETED,True,0.19089335546595976,0.5561520010815002,13.826381000399124,14.573426356946584
4813,10015.88551039982,10015.886225255,10015.886225255,10015.891171681,10015.905070585,2,COMPLETED,True,0.7148551812861115,4.946425999150961,13.898904000598122,19.560185181035195
4814,10015.89853916988,10015.898709916,10015.898709916,10015.899559625,10015.91759987,1,COMPLETED,True,0.17074611969292164,0.8497090002492769,18.040244998701382,19.06070011864358
4815,10015.90028309019,10015.900410146,10015.900410146,10015.900867011,10015.914363474,0,COMPLETED,True,0.1270558095711749,0.45686500016017817,13.49646299968299,14.080383809414343
4816,10015.909283469799,10015.90937512,10015.90937512,10015.910077904,10015.925870589,3,COMPLETED,True,0.0916502012842102,0.7027840001683217,15.792685000633355,16.587119202085887
4817,10015.9275893478,10015.927688708,10015.927688708,10015.928361586,10015.941726591,2,COMPLETED,True,0.09936019887391012,0.6728780008415924,13.365004999286612,14.137243199002114
4818,10015.941497891768,10015.94158743,10015.94158743,10015.942231782,10015.955866946,0,COMPLETED,True,0.08953823089541402,0.6443520014727255,13.635163999424549,14.369054231792688
4819,10015.957147200144,10015.957240758,10015.957240758,10015.957827629,10015.971058249,1,COMPLETED,True,0.0935578555072425,0.5868709995411336,13.230620001195348,13.911048856243724
4820,10015.970186635348,10015.9702848,10015.9702848,10015.97093524,10015.985759846,3,COMPLETED,True,0.09816465171752498,0.6504400007543154,14.82460599982005,15.573210652291891
4821,10015.971272282712,10015.971458721,10015.971458721,10015.972375669,10015.985749113,2,COMPLETED,True,0.18643828843778465,0.916947999940021,13.373444000535528,14.476830288913334
4822,10015.99789618555,10015.998027834,10015.998027834,10015.99870819,10016.012291497,0,COMPLETED,True,0.131648450405919,0.6803559990657959,13.583306999862543,14.395311449334258
4823,10015.998574315214,10015.998703979,10015.998703979,10015.999229755,10016.01260046,1,COMPLETED,True,0.12966378562850878,0.5257760003587464,13.370705000852467,14.026144786839723
4824,10015.999430005122,10015.999618562,10015.999618562,10016.000198853,10016.013572438,3,COMPLETED,True,0.18855687812902033,0.5802910000056727,13.373584999499144,14.142432877633837
4825,10016.008874573477,10016.009033599,10016.009033599,10016.009821478,10016.028330317,2,COMPLETED,True,0.15902552331681363,0.78787899838062,18.508839000787702,19.455743522485136
4826,10016.028214743712,10016.02833048,10016.02833048,10016.028977893,10016.042552547,0,COMPLETED,True,0.11573628762562294,0.6474130004789913,13.574653999967268,14.337803288071882
4827,10016.028843944023,10016.029105747,10016.029105747,10016.029575796,10016.04298086,1,COMPLETED,True,0.2618029775476316,0.47004899897729047,13.40506400083541,14.136915977360331
4828,10016.029813831128,10016.029921047,10016.029921047,10016.0303481,10016.043628776,3,COMPLETED,True,0.10721587204898242,0.4270529989298666,13.280676001159009,13.814944872137858
4829,10016.04933160206,10016.04944609,10016.04944609,10016.050002502,10016.063062496,2,COMPLETED,True,0.11448794066382106,0.556411998331896,13.059994000286679,13.730893939282396
4830,10016.061021318483,10016.061113138,10016.061113138,10016.061834418,10016.077791043,0,COMPLETED,True,0.09181951645587105,0.7212800010165665,15.956625000399072,16.76972451787151
4831,10016.061494173106,10016.061577301,10016.061577301,10016.061934129,10016.076240757,1,COMPLETED,True,0.08312789395859,0.3568280008039437,14.306627999758348,14.746583894520882
4832,10016.061705648934,10016.061794975,10016.061794975,10016.062090476,10016.07558165,3,COMPLETED,True,0.08932606579037383,0.2955010004370706,13.491174000591855,13.876001066819299
4833,10016.068957426494,10016.069115535,10016.069115535,10016.069918677,10016.085755638,2,COMPLETED,True,0.15810850527486764,0.8031420002225786,15.836960999877192,16.79821150537464
4834,10016.087202866434,10016.087357388,10016.087357388,10016.087969854,10016.101167919,3,COMPLETED,True,0.15452156549145002,0.6124659994384274,13.198065000324277,13.965052565254155
4835,10016.091570684119,10016.091738325,10016.091738325,10016.092334477,10016.105365663,1,COMPLETED,True,0.16764088104537223,0.5961520000710152,13.031185999352601,13.794978880468989
4836,10016.096140429034,10016.096238926,10016.096238926,10016.096891824,10016.115578641,0,COMPLETED,True,0.09849696652963758,0.6528979993163375,18.68681700034358,19.438211966189556
4837,10016.106914407657,10016.107089279,10016.107089279,10016.107773481,10016.121460503,2,COMPLETED,True,0.17487134209659416,0.6842020011390559,13.687021999430726,14.546095342666376
4838,10016.107930415425,10016.108033426,10016.108033426,10016.108449098,10016.121708467,3,COMPLETED,True,0.1030105759127764,0.4156719987804536,13.259369001389132,13.778051576082362
4839,10016.10919002693,10016.109279026,10016.109279026,10016.10965228,10016.123220832,1,COMPLETED,True,0.0889990715222666,0.37325399898691103,13.568551999924239,14.030805070433416
4840,10016.119296910203,10016.119465451,10016.119465451,10016.120159107,10016.133971977,0,COMPLETED,True,0.16854079694894608,0.6936560002941405,13.812870000037947,14.675066797281033
4841,10016.127774779048,10016.127965093,10016.127965093,10016.128699462,10016.142712724,2,COMPLETED,True,0.1903139509522589,0.7343690012930892,14.013261999934912,14.93794495218026
4842,10016.13074950526,10016.131030907,10016.131030907,10016.131850822,10016.145813943,3,COMPLETED,True,0.28140173890278675,0.8199149997381028,13.963121000415413,15.064437739056302
4843,10016.144170854526,10016.144270249,10016.144270249,10016.144960303,10016.159425359,1,COMPLETED,True,0.09939447409124114,0.6900539992784616,14.465055999608012,15.254504472977715
4844,10016.148807832386,10016.14889515,10016.14889515,10016.149557748,10016.164420201,0,COMPLETED,True,0.08731761408853345,0.6625980004173471,14.862452999295783,15.612368613801664
4845,10016.148962753376,10016.149298197,10016.149298197,10016.149717802,10016.163725403,2,COMPLETED,True,0.335443624862819,0.4196049994789064,14.007600999320857,14.762649623662583
4846,10016.14966612624,10016.149773581,10016.149773581,10016.15030688,10016.164203844,3,COMPLETED,True,0.1074547599273501,0.5332989985618042,13.896964001105516,14.53771775959467
4847,10016.165897696526,10016.166041668,10016.166041668,10016.166749286,10016.18005943,1,COMPLETED,True,0.14397147424460854,0.7076179990690434,13.31014400057029,14.161733473883942
4848,10016.181627327896,10016.181725041,10016.181725041,10016.182429529,10016.196473998,2,COMPLETED,True,0.09771310396899935,0.704488000337733,14.044468998690718,14.84667010299745
4849,10016.183372024781,10016.183489819,10016.183489819,10016.184060144,10016.197468277,3,COMPLETED,True,0.11779421947721858,0.5703249989892356,13.408132999757072,14.096252218223526
4850,10016.18617018596,10016.186350761,10016.186350761,10016.186857251,10016.203351804,0,COMPLETED,True,0.1805750398489181,0.5064899996796157,16.494553001393797,17.18161804092233
4851,10016.215083754503,10016.215211985,10016.215211985,10016.216033845,10016.230028694,1,COMPLETED,True,0.1282304965570802,0.8218599996325793,13.99484900139214,14.9449394975818
4852,10016.220922453893,10016.221070531,10016.221070531,10016.221809213,10016.235606879,2,COMPLETED,True,0.14807710795139428,0.7386819997918792,13.797665998936282,14.684425106679555
4853,10016.22428894883,10016.224438278,10016.224438278,10016.225015986,10016.238262249,3,COMPLETED,True,0.1493291711085476,0.5777079986728495,13.246263000837644,13.97330017061904
4854,10016.229924555402,10016.230066207,10016.230066207,10016.230596792,10016.244133995,0,COMPLETED,True,0.14165159700496588,0.5305850008880952,13.537202999941655,14.209439597834717
4855,10016.244284377775,10016.244380766,10016.244380766,10016.244899994,10016.258253686,1,COMPLETED,True,0.09638822484703269,0.5192280004848726,13.35369200023706,13.969308225568966
4856,10016.249887120894,10016.250014782,10016.250014782,10016.250680758,10016.264517958,2,COMPLETED,True,0.12766110558004584,0.665976000163937,13.83720000012545,14.630837105869432
4857,10016.25024633607,10016.250464705,10016.250464705,10016.250852812,10016.264488094,3,COMPLETED,True,0.2183689284720458,0.3881070006173104,13.635282000905136,14.241757929994492
4858,10016.270597762239,10016.270700583,10016.270700583,10016.27134231,10016.28475694,0,COMPLETED,True,0.10282076073053759,0.6417269996745745,13.414630000625039,14.15917776103015
4859,10016.27923824403,10016.279322763,10016.279322763,10016.279952248,10016.293710462,1,COMPLETED,True,0.0845189715619199,0.6294849990808871,13.758213999608415,14.472217970251222
4860,10016.286449125993,10016.286549276,10016.286549276,10016.287153295,10016.300628753,3,COMPLETED,True,0.10015000589191914,0.6040190000931034,13.475458001266816,14.179627007251838
4861,10016.304902792544,10016.304993976,10016.304993976,10016.305597581,10016.319524273,2,COMPLETED,True,0.09118345587921795,0.6036049999238458,13.926691999586183,14.621480455389246
4862,10016.305641721778,10016.305821184,10016.305821184,10016.306291612,10016.320286788,0,COMPLETED,True,0.17946222214959562,0.4704279999714345,13.995176001117215,14.645066223238246
4863,10016.315837427504,10016.315947925,10016.315947925,10016.316629732,10016.329558675,1,COMPLETED,True,0.11049749628000427,0.6818069996370468,12.928942998769344,13.721247494686395
4864,10016.329072600945,10016.329169011,10016.329169011,10016.329826975,10016.343696029,3,COMPLETED,True,0.09641005453886464,0.6579639994015452,13.86905400067917,14.62342805461958
4865,10016.337373755196,10016.337554215,10016.337554215,10016.338123655,10016.351829474,2,COMPLETED,True,0.18045980505121406,0.5694399987987708,13.705819001188502,14.455718805038487
4866,10016.340614928855,10016.34080634,10016.34080634,10016.341330336,10016.354915544,0,COMPLETED,True,0.19141114535159431,0.5239959991740761,13.585208000222337,14.300615144748008
4867,10016.352326204598,10016.352425336,10016.352425336,10016.353001955,10016.365831978,1,COMPLETED,True,0.09913140092976391,0.5766190006397665,12.83002300078806,13.50577340235759
4868,10016.363543869302,10016.363641159,10016.363641159,10016.364307358,10016.378137244,3,COMPLETED,True,0.09728969780553598,0.6661990009888541,13.82988600016688,14.59337469896127
4869,10016.369915823878,10016.370090286,10016.370090286,10016.370787328,10016.384059978,2,COMPLETED,True,0.17446212223148905,0.6970419999561273,13.272649999635178,14.144154121822794
4870,10016.381255359045,10016.381354827,10016.381354827,10016.3823714,10016.403558022,0,COMPLETED,True,0.09946795580617618,1.0165729981963523,21.18662200155086,22.302662955553387
4871,10016.390427219927,10016.390527876,10016.390527876,10016.391101126,10016.404738972,1,COMPLETED,True,0.10065607239084784,0.5732500012527453,13.63784599925566,14.311752072899253
4872,10016.40233126251,10016.402438362,10016.402438362,10016.403130929,10016.416628675,3,COMPLETED,True,0.10709948946896475,0.6925670004420681,13.497746000211919,14.297412490122952
4873,10016.426840166685,10016.426941443,10016.426941443,10016.42775352,10016.445960765,2,COMPLETED,True,0.10127631503564771,0.8120769998640753,18.20724500066717,19.120598315566895
4874,10016.428544140224,10016.428713758,10016.428713758,10016.429199157,10016.44337797,0,COMPLETED,True,0.1696177751000505,0.4853990012634313,14.178812998579815,14.833829774943297
4875,10016.429436504593,10016.42967293,10016.42967293,10016.430196106,10016.444339199,1,COMPLETED,True,0.2364254069107119,0.5231759987509577,14.14309300162131,14.90269440728298
4876,10016.43014460689,10016.430284101,10016.430284101,10016.430705076,10016.44462489,3,COMPLETED,True,0.13949411004432477,0.4209750004520174,13.919814000473707,14.48028311097005
4877,10016.460997126254,10016.461095787,10016.461095787,10016.461689211,10016.474864995,0,COMPLETED,True,0.09866074651654344,0.5934239998168778,13.17578399903141,13.86786874536483
4878,10016.463516364958,10016.463612465,10016.463612465,10016.464064202,10016.477458959,1,COMPLETED,True,0.09610004235582892,0.4517369998211507,13.394756999332458,13.942594041509437
4879,10016.472212440298,10016.472494743,10016.472494743,10016.473167772,10016.486508814,3,COMPLETED,True,0.28230270254425704,0.6730289987899596,13.341042000320158,14.296373701654375
4880,10016.482629926473,10016.48272666,10016.48272666,10016.483324731,10016.500818232,2,COMPLETED,True,0.0967335272434866,0.5980709993309574,17.49350099998992,18.188305526564363
4881,10016.48790717194,10016.487992696,10016.487992696,10016.488630327,10016.502658992,0,COMPLETED,True,0.08552405961381737,0.6376309993356699,14.028665000296314,14.751820059245802
4882,10016.488679679776,10016.488762567,10016.488762567,10016.48918626,10016.503043767,1,COMPLETED,True,0.08288722347060684,0.42369299990241416,13.85750699955679,14.364087222929811
4883,10016.495860520705,10016.49609921,10016.49609921,10016.497038989,10016.51602986,3,COMPLETED,True,0.23868929565651342,0.9397789999638917,18.990870999914478,20.169339295534883
4884,10016.501783836056,10016.501986081,10016.501986081,10016.502897856,10016.519656423,2,COMPLETED,True,0.20224494437570684,0.9117749996221391,16.758566998760216,17.872586942758062
4885,10016.512863268894,10016.512955674,10016.512955674,10016.513710661,10016.527303159,0,COMPLETED,True,0.09240510553354397,0.754987000618712,13.592498000434716,14.439890106586972
4886,10016.51425289646,10016.514338083,10016.514338083,10016.514753558,10016.532904084,1,COMPLETED,True,0.08518653885403182,0.41547500040906016,18.150526000681566,18.651187539944658
4887,10016.517634489617,10016.517764449,10016.517764449,10016.518413637,10016.531586723,3,COMPLETED,True,0.1299593823205214,0.6491880012617912,13.173085999369505,13.952233382951817
4888,10016.51919708026,10016.519344635,10016.519344635,10016.519875439,10016.538749602,2,COMPLETED,True,0.147554739669431,0.5308039999363245,18.874162999054533,19.55252173866029
4889,10016.536965293846,10016.537074332,10016.537074332,10016.537638404,10016.551249635,0,COMPLETED,True,0.1090381538233487,0.5640719991788501,13.611231001050328,14.284341154052527
4890,10016.53983583569,10016.539927897,10016.539927897,10016.540341621,10016.553789014,3,COMPLETED,True,0.0920613092603162,0.41372399937245063,13.447393001115415,13.953178309748182
4891,10016.562101524789,10016.562186252,10016.562186252,10016.562772464,10016.575749298,1,COMPLETED,True,0.08472721128782723,0.5862119996891124,12.976833999346127,13.647773210323066
4892,10016.572299459633,10016.572389769,10016.572389769,10016.572988596,10016.586928868,2,COMPLETED,True,0.09030936780618504,0.5988270004309015,13.940271999672404,14.629408367909491
4893,10016.57328136173,10016.573375118,10016.573375118,10016.573838524,10016.5871963,0,COMPLETED,True,0.09375626905239187,0.4634060005628271,13.35777600070287,13.914938270318089
4894,10016.579061700892,10016.579198536,10016.579198536,10016.580210059,10016.600582393,3,COMPLETED,True,0.13683510769624263,1.011523001579917,20.37233400005789,21.52069210933405
4895,10016.580090576257,10016.580258796,10016.580258796,10016.58090687,10016.594916262,1,COMPLETED,True,0.16821974350023083,0.648073999400367,14.00939199993445,14.825685742835049
4896,10016.581575523987,10016.581728873,10016.581728873,10016.587295862,10016.600899794,2,COMPLETED,True,0.1533490121801151,5.566989000726608,13.60393200047838,19.324270013385103
4897,10016.587477559502,10016.587655903,10016.587655903,10016.588268585,10016.601736835,0,COMPLETED,True,0.17834349819167983,0.6126819989731302,13.468250001096749,14.259275498261559
4898,10016.594618849713,10016.594822242,10016.594822242,10016.595531798,10016.609010915,1,COMPLETED,True,0.20339228649390861,0.7095560013112845,13.479117000315455,14.392065288120648
4899,10016.621209619054,10016.62137977,10016.62137977,10016.622082841,10016.635438712,3,COMPLETED,True,0.17015094636008143,0.7030710003164131,13.355871000385378,14.229092947061872
4900,10016.628905008305,10016.628999368,10016.628999368,10016.629678254,10016.643196322,2,COMPLETED,True,0.09435969514015596,0.678885999150225,13.51806800084887,14.291313695139252
4901,10016.633939475505,10016.634043493,10016.634043493,10016.63480892,10016.648271587,0,COMPLETED,True,0.10401749568700325,0.7654269993508933,13.462667000567308,14.332111495605204
4902,10016.641201862883,10016.641363678,10016.641363678,10016.642025145,10016.66052031,1,COMPLETED,True,0.16181511637114454,0.6614670000999467,18.495165000786074,19.318447117257165
4903,10016.64386413337,10016.643963676,10016.643963676,10016.644353471,10016.658053728,3,COMPLETED,True,0.09954263077815995,0.3897949991369387,13.700257000891725,14.189594630806823
4904,10016.658350633084,10016.658536077,10016.658536077,10016.658987801,10016.672143471,2,COMPLETED,True,0.18544391605246346,0.45172399950388353,13.155669999832753,13.7928379153891
4905,10016.674993173086,10016.675160664,10016.675160664,10016.675650514,10016.689430286,0,COMPLETED,True,0.16749091264500748,0.48985000103130005,13.779771999907098,14.437112913583405
4906,10016.684380913708,10016.684501067,10016.684501067,10016.685212208,10016.699136231,3,COMPLETED,True,0.12015329230052885,0.711140999555937,13.924023000072339,14.755317291928804
4907,10016.686160539568,10016.686280747,10016.686280747,10016.686824129,10016.700713156,1,COMPLETED,True,0.12020743270113599,0.5433819987956667,13.889027000914211,14.552616432411014
4908,10016.68766250368,10016.687832641,10016.687832641,10016.688496118,10016.707701068,2,COMPLETED,True,0.17013732031045947,0.6634769997617695,19.20495000013034,20.038564320202568
4909,10016.68868635355,10016.68884862,10016.68884862,10016.689605538,10016.703600387,0,COMPLETED,True,0.16226645129790995,0.7569179997517494,13.99484899957315,14.91403345062281
4910,10016.689444803049,10016.689566405,10016.689566405,10016.69934089,10016.712999324,3,COMPLETED,True,0.1216019518324174,9.77448499907041,13.65843399980804,23.554520950710867
4911,10016.691980455762,10016.692219728,10016.692219728,10016.70089039,10016.714776235,1,COMPLETED,True,0.23927223810460418,8.670662000440643,13.885844999094843,22.79577923764009
4912,10016.703551345918,10016.703763096,10016.703763096,10016.704404704,10016.721482998,0,COMPLETED,True,0.21175008259888273,0.6416079995688051,17.07829400038463,17.93165208255232
4913,10016.7090175357,10016.709217222,10016.709217222,10016.709694737,10016.723843798,2,COMPLETED,True,0.19968629931099713,0.47751499914738815,14.149061000352958,14.826262298811343
4914,10016.717136170259,10016.71723768,10016.71723768,10016.7176743,10016.731001972,3,COMPLETED,True,0.10150974230782595,0.43661999916366767,13.327672000741586,13.86580174221308
4915,10016.739152722777,10016.739249874,10016.739249874,10016.739847679,10016.753276896,1,COMPLETED,True,0.09715122178022284,0.5978050012345193,13.429217000521021,14.124173223535763
4916,10016.739368297132,10016.739566746,10016.739566746,10016.739934014,10016.753041654,0,COMPLETED,True,0.19844886810460594,0.367267999536125,13.107639999361709,13.67335686700244
4917,10016.757569797666,10016.757679968,10016.757679968,10016.758197426,10016.771281107,2,COMPLETED,True,0.11017033284588251,0.517458000103943,13.083681000352954,13.71130933330278
4918,10016.762681547394,10016.76278519,10016.76278519,10016.763335406,10016.777974397,3,COMPLETED,True,0.10364260560891125,0.5502160001924494,14.638991000538226,15.292849606339587
4919,10016.785772606572,10016.7858858,10016.7858858,10016.786702983,10016.805188317,0,COMPLETED,True,0.1131934277509572,0.8171829995262669,18.4853339997062,19.415710426983424
4920,10016.788916221702,10016.789021036,10016.789021036,10016.789576113,10016.80316703,1,COMPLETED,True,0.1048142985382583,0.5550770001718774,13.590917000328773,14.250808299038908
4921,10016.794920252907,10016.795087601,10016.795087601,10016.795829467,10016.809281536,2,COMPLETED,True,0.16734809287299868,0.7418660006806022,13.452068998958566,14.361283092512167
4922,10016.796052716609,10016.796216863,10016.796216863,10016.796891925,10016.812996978,3,COMPLETED,True,0.16414639139838982,0.6750619995727902,16.105053000501357,16.944261391472537
4923,10016.805418401791,10016.805788746,10016.805788746,10016.806478754,10016.819566786,1,COMPLETED,True,0.3703442089317832,0.6900080006744247,13.088031999359373,14.148384208965581
4924,10016.815098019142,10016.815195454,10016.815195454,10016.815823489,10016.828980493,0,COMPLETED,True,0.09743485861690715,0.6280349989538081,13.15700399936759,13.882473856938304
4925,10016.822538057784,10016.822696372,10016.822696372,10016.823328262,10016.838235302,2,COMPLETED,True,0.15831421660550404,0.6318899995676475,14.907040000252891,15.697244216426043
4926,10016.832615887623,10016.83281881,10016.83281881,10016.833428668,10016.848197785,3,COMPLETED,True,0.2029223778663436,0.6098579997342313,14.769117000469123,15.581897378069698
4927,10016.834356412957,10016.834494221,10016.834494221,10016.835256491,10016.84958501,1,COMPLETED,True,0.13780804329144303,0.7622699995408766,14.328519000628148,15.228597043460468
4928,10016.856647740351,10016.856746191,10016.856746191,10016.85751194,10016.870772995,0,COMPLETED,True,0.09845064960245509,0.7657489986740984,13.261055000839406,14.12525464911596
4929,10016.860386084594,10016.860735393,10016.860735393,10016.861287882,10016.875152215,2,COMPLETED,True,0.34930840593005996,0.5524890002561733,13.864332999219187,14.76613040540542
4930,10016.861492335394,10016.861664211,10016.861664211,10016.862143272,10016.875716257,3,COMPLETED,True,0.1718756047921488,0.47906100007821806,13.57298500079196,14.223921605662326
4931,10016.865211400183,10016.865418739,10016.865418739,10016.866102287,10016.886082456,1,COMPLETED,True,0.207338816835545,0.6835479998699157,19.980168999609305,20.871055816314765
4932,10016.867283080801,10016.867486164,10016.867486164,10016.871227006,10016.885006355,0,COMPLETED,True,0.2030831983574899,3.7408420012070565,13.779348999378271,17.723274198942818
4933,10016.877876389035,10016.878060599,10016.878060599,10016.878661471,10016.892120791,2,COMPLETED,True,0.18420996457280125,0.6008720010868274,13.459320000038133,14.244401965697762
4934,10016.880198143861,10016.880326847,10016.880326847,10016.880942686,10016.894329565,3,COMPLETED,True,0.12870313912571874,0.6158390006021364,13.386878999881446,14.131421139609301
4935,10016.89342398331,10016.893548655,10016.893548655,10016.894243654,10016.907837317,0,COMPLETED,True,0.12467168926377781,0.6949990001885453,13.593662999483058,14.413333688935381
4936,10016.897257807823,10016.897430133,10016.897430133,10016.89813054,10016.912509045,1,COMPLETED,True,0.17232517711818218,0.70040699938545,14.378505000422592,15.251237176926224
4937,10016.900700014565,10016.9008324,10016.9008324,10016.901381937,10016.914632436,2,COMPLETED,True,0.13238543579063844,0.5495369987329468,13.250499001514982,13.932421436038567
4938,10016.906944975015,10016.90712861,10016.90712861,10016.907789508,10016.921545214,3,COMPLETED,True,0.18363498566031922,0.6608980002056342,13.755705998846679,14.600238984712632
4939,10016.925402764557,10016.925489871,10016.925489871,10016.926071755,10016.939669416,0,COMPLETED,True,0.087106443970697,0.5818839999847114,13.597660999948857,14.266651443904266
4940,10016.931631175239,10016.931755549,10016.931755549,10016.932398224,10016.945930787,1,COMPLETED,True,0.12437376062734984,0.6426750005630311,13.5325629998988,14.299611761089182
4941,10016.936415179069,10016.936510153,10016.936510153,10016.937120288,10016.955600939,2,COMPLETED,True,0.09497393148194533,0.610134999078582,18.480651000572834,19.18575993113336
4942,10016.938055433877,10016.938170593,10016.938170593,10016.93850869,10016.951850485,3,COMPLETED,True,0.11515912410686724,0.33809699925768655,13.341795000087586,13.79505112345214
4943,10016.95267016154,10016.952768526,10016.952768526,10016.953357826,10016.966617682,0,COMPLETED,True,0.09836446042754687,0.5892999997740844,13.259855999422143,13.947520459623775
4944,10016.961267568477,10016.961356104,10016.961356104,10016.961925647,10016.975501483,1,COMPLETED,True,0.08853552390064579,0.5695429990737466,13.575836001109565,14.233914524083957
4945,10016.965361289036,10016.965456484,10016.965456484,10016.965949418,10016.982028191,3,COMPLETED,True,0.0951949641603278,0.49293399933958426,16.078773000117508,16.66690196361742
4946,10016.970747261705,10016.970834221,10016.970834221,10016.971177993,10016.984840172,2,COMPLETED,True,0.08695929500390776,0.34377200063318014,13.662178998856689,14.092910294493777
4947,10016.986127473076,10016.986231486,10016.986231486,10016.986759669,10017.000028506,0,COMPLETED,True,0.10401292456663214,0.5281829999148613,13.268836999486666,13.90103292396816
4948,10016.993344141674,10016.99343213,10016.99343213,10016.993934224,10017.007176111,1,COMPLETED,True,0.0879883264133241,0.5020939988753526,13.241886999821872,13.831969325110549
4949,10017.008060908387,10017.008238482,10017.008238482,10017.00907908,10017.025552902,3,COMPLETED,True,0.17757361274561845,0.8405980006500613,16.473821999170468,17.491993612566148
4950,10017.011160760878,10017.011260434,10017.011260434,10017.011879981,10017.025156617,2,COMPLETED,True,0.09967312143999152,0.6195470014063176,13.276636000227882,13.99585612307419
4951,10017.013021402328,10017.013266331,10017.013266331,10017.013939457,10017.032981058,0,COMPLETED,True,0.24492867123626638,0.6731260000378825,19.04160100093577,19.95965567220992
4952,10017.015995508791,10017.016137445,10017.016137445,10017.016847045,10017.035548313,1,COMPLETED,True,0.1419362088199705,0.7096000008459669,18.70126799985883,19.552804209524766
4953,10017.026703036807,10017.02697462,10017.02697462,10017.027594922,10017.040732893,2,COMPLETED,True,0.2715831924433587,0.6203020002431003,13.137971000105608,14.029856192792067
4954,10017.03929730137,10017.039459335,10017.039459335,10017.040216228,10017.058227912,3,COMPLETED,True,0.1620336297492031,0.7568930013803765,18.011684000157402,18.93061063128698
4955,10017.042591321775,10017.042684217,10017.042684217,10017.043130855,10017.056602332,0,COMPLETED,True,0.09289522495237179,0.4466379996301839,13.471477001075982,14.011010225658538
4956,10017.042746743542,10017.042972916,10017.042972916,10017.043227924,10017.056348723,1,COMPLETED,True,0.22617245849687606,0.25500799893052317,13.120798999807448,13.601979457234847
4957,10017.057565779898,10017.057780392,10017.057780392,10017.058675723,10017.077437571,2,COMPLETED,True,0.21461210235429462,0.895330998901045,18.761848001304315,19.871791102559655
4958,10017.066834447074,10017.06699188,10017.06699188,10017.067538778,10017.080472628,3,COMPLETED,True,0.1574329253344331,0.5468979998113355,12.933850000990788,13.638180926136556
4959,10017.085383804686,10017.085483158,10017.085483158,10017.085991919,10017.100285749,0,COMPLETED,True,0.0993533139990177,0.5087610006739851,14.293829999587615,14.901944314260618
4960,10017.085875709043,10017.085961075,10017.085961075,10017.086547978,10017.100095637,1,COMPLETED,True,0.08536595669283997,0.5869030010217102,13.54765900032362,14.21992795803817
4961,10017.093631520715,10017.093716034,10017.093716034,10017.094377771,10017.108377391,2,COMPLETED,True,0.08451328540104441,0.6617369999730727,13.99961999959487,14.745870284968987
4962,10017.094757935543,10017.094841756,10017.094841756,10017.095225344,10017.10917099,3,COMPLETED,True,0.08382045598409604,0.38358799974957947,13.945646000138368,14.413054455872043
4963,10017.094773398663,10017.094879991,10017.094879991,10017.100550946,10017.114010757,1,COMPLETED,True,0.10659233703336213,5.670954999004607,13.459811001666822,19.23735833770479
4964,10017.095786874528,10017.096061339,10017.096061339,10017.100674669,10017.115204507,0,COMPLETED,True,0.27446447165857535,4.6133300002111355,14.529837999361916,19.417632471231627
4965,10017.10019737146,10017.10039138,10017.10039138,10017.10855876,10017.122285901,2,COMPLETED,True,0.19400854034756776,8.167379999576951,13.727141000345,22.08852954026952
4966,10017.105636011254,10017.105863556,10017.105863556,10017.109512827,10017.123229304,3,COMPLETED,True,0.22754474593966734,3.649271000540466,13.71647699852474,17.593292745004874
4967,10017.114947120781,10017.115116266,10017.115116266,10017.115809124,10017.129074609,1,COMPLETED,True,0.16914521984290332,0.6928579987288686,13.26548500037461,14.127488218946382
4968,10017.11562136496,10017.116069159,10017.116069159,10017.116935302,10017.135992335,0,COMPLETED,True,0.44779404015571345,0.8661430001666304,19.057032999626244,20.37097003994859
4969,10017.116195592673,10017.116232011,10017.116232011,10017.122632598,10017.13569208,2,COMPLETED,True,0.036418326999410056,6.400587000825908,13.059482000244316,19.496487328069634
4970,10017.13187322735,10017.131965571,10017.131965571,10017.132691204,10017.14658354,3,COMPLETED,True,0.09234364915755577,0.7256330009113299,13.892335999116767,14.710312649185653
4971,10017.15779873554,10017.157904155,10017.157904155,10017.158572916,10017.174871498,1,COMPLETED,True,0.10541945994191337,0.6687610002700239,16.298582000672468,17.072762460884405
4972,10017.169086003632,10017.169177048,10017.169177048,10017.1698215,10017.184710052,2,COMPLETED,True,0.09104436685447581,0.6444520004151855,14.888552001139033,15.624048368408694
4973,10017.17169254596,10017.171779205,10017.171779205,10017.172119175,10017.185653836,0,COMPLETED,True,0.08665903988003265,0.3399699999135919,13.534661000448978,13.961290040242602
4974,10017.177036513618,10017.177124852,10017.177124852,10017.177764316,10017.191760736,3,COMPLETED,True,0.08833838182908949,0.6394640004145913,13.996419998875353,14.724222381119034
4975,10017.181293241189,10017.181456931,10017.181456931,10017.18201981,10017.200518134,1,COMPLETED,True,0.163689812325174,0.5628789986076299,18.498323999665445,19.22489281059825
4976,10017.18628195028,10017.186406234,10017.186406234,10017.18684711,10017.200234075,2,COMPLETED,True,0.12428371883288492,0.44087600144848693,13.386964999881457,13.952124720162828
4977,10017.198373923613,10017.1984603,10017.1984603,10017.198844405,10017.212627699,0,COMPLETED,True,0.08637638711661566,0.3841050001938129,13.78329399994982,14.253775387260248
4978,10017.200355878562,10017.200498806,10017.200498806,10017.200954731,10017.214370156,3,COMPLETED,True,0.14292743799160235,0.4559250010061078,13.415424999038805,14.014277438036515
4979,10017.20346880771,10017.203614212,10017.203614212,10017.20416289,10017.21842176,2,COMPLETED,True,0.1454042903787922,0.5486780009960057,14.258870000048773,14.952952291423571
4980,10017.211614111571,10017.211736812,10017.211736812,10017.21224747,10017.226469704,1,COMPLETED,True,0.12270042861928232,0.5106580010760808,14.22223399822542,14.855592427920783
4981,10017.212771695735,10017.212942428,10017.212942428,10017.213474618,10017.227058084,0,COMPLETED,True,0.17073226445063483,0.5321900007402292,13.583465999545297,14.28638826473616
4982,10017.22343662369,10017.223531646,10017.223531646,10017.223989913,10017.237610304,3,COMPLETED,True,0.09502230932412203,0.45826700079487637,13.620391000586096,14.173680310705095
4983,10017.231658265155,10017.231757598,10017.231757598,10017.23218398,10017.245700231,2,COMPLETED,True,0.0993328449112596,0.4263820010237396,13.516250999600743,14.041965845535742
4984,10017.260443511934,10017.260577866,10017.260577866,10017.261218772,10017.280604885,1,COMPLETED,True,0.1343540661764564,0.6409060006262735,19.386112999200122,20.161373066002852
4985,10017.262020238988,10017.262108251,10017.262108251,10017.262627878,10017.280267142,0,COMPLETED,True,0.08801201147434767,0.5196270012675086,17.63926399871707,18.246903011458926
4986,10017.2628160102,10017.262899769,10017.262899769,10017.263189859,10017.276968024,3,COMPLETED,True,0.08375880133826286,0.29008999990765005,13.77816499916662,14.152013800412533
4987,10017.268225607224,10017.268325943,10017.268325943,10017.268742104,10017.282559058,2,COMPLETED,True,0.10033577564172447,0.4161609995207982,13.816954000503756,14.333450775666279
4988,10017.270903115139,10017.27100246,10017.27100246,10017.277380801,10017.291238755,3,COMPLETED,True,0.09934486115525942,6.3783410005271435,13.857953999831807,20.33563986151421
4989,10017.274273313018,10017.274374753,10017.274374753,10017.28047065,10017.295031898,0,COMPLETED,True,0.10143998224521056,6.095896998886019,14.561248000973137,20.758584982104367
4990,10017.291233611175,10017.291420857,10017.291420857,10017.292084899,10017.306015967,1,COMPLETED,True,0.18724582514551003,0.6640419996983837,13.931068000601954,14.782355825445848
4991,10017.291328339563,10017.291519348,10017.291519348,10017.292320764,10017.306136399,2,COMPLETED,True,0.1910084374685539,0.8014159993763315,13.815635000355542,14.808059437200427
4992,10017.309224049146,10017.309311681,10017.309311681,10017.309764135,10017.323127261,3,COMPLETED,True,0.08763185360294301,0.45245399996929336,13.363125999603653,13.90321185317589
4993,10017.31868170834,10017.318790395,10017.318790395,10017.319271014,10017.333046531,0,COMPLETED,True,0.1086866595869651,0.48061899906315375,13.77551699988544,14.364822658535559
4994,10017.321329494991,10017.321412147,10017.321412147,10017.321941123,10017.341625751,1,COMPLETED,True,0.08265200813184492,0.5289760010782629,19.68462799959525,20.296256008805358
4995,10017.330587643679,10017.330673595,10017.330673595,10017.331302242,10017.344937828,2,COMPLETED,True,0.08595132021582685,0.6286470015766099,13.635585999509203,14.35018432130164
4996,10017.337248226228,10017.337333244,10017.337333244,10017.338055161,10017.357906848,3,COMPLETED,True,0.08501777301717084,0.7219170001917519,19.851686998663354,20.658621771872276
4997,10017.337591666585,10017.337738932,10017.337738932,10017.338137295,10017.351381057,0,COMPLETED,True,0.1472654148528818,0.3983630012953654,13.243761999547132,13.78939041569538
4998,10017.33957418515,10017.339672118,10017.339672118,10017.341845923,10017.35979562,1,COMPLETED,True,0.09793285062187351,2.173804999983986,17.949696999494336,20.221434850100195
4999,10017.350871704932,10017.351008482,10017.351008482,10017.35145623,10017.364692334,2,COMPLETED,True,0.1367770692013437,0.4477479997149203,13.236103999588522,13.820629068504786
5000,10017.359578243428,10017.359832262,10017.359832262,10017.360443363,10017.373368621,0,COMPLETED,True,0.25401857237739023,0.6111010006861761,12.92525799908617,13.790377572149737
5001,10017.373305494913,10017.373467057,10017.373467057,10017.374264172,10017.388062615,3,COMPLETED,True,0.1615620858501643,0.7971150007506367,13.79844300026889,14.75712008686969
5002,10017.376673988063,10017.37682383,10017.37682383,10017.377335463,10017.390693692,1,COMPLETED,True,0.14984193694544956,0.5116329994052649,13.35822900000494,14.019703936355654
5003,10017.379482162298,10017.379639668,10017.379639668,10017.380243676,10017.398275296,2,COMPLETED,True,0.15750570310046896,0.6040079988451907,18.031620000328985,18.793133702274645
5004,10017.396446433248,10017.396610016,10017.396610016,10017.397243083,10017.411185445,0,COMPLETED,True,0.1635827520658495,0.6330670003080741,13.942362000307185,14.739011752681108
5005,10017.406889859163,10017.407067604,10017.407067604,10017.407838725,10017.422412849,3,COMPLETED,True,0.17774483603716362,0.7711210000707069,14.574124001228483,15.522989837336354
5006,10017.413730287273,10017.413829416,10017.413829416,10017.414245087,10017.427752779,1,COMPLETED,True,0.0991287270153407,0.41567100015527103,13.507691999620874,14.022491726791486
5007,10017.441312153876,10017.441409518,10017.441409518,10017.442006586,10017.457584022,2,COMPLETED,True,0.09736412357597146,0.5970679994788952,15.577436000967282,16.27186812402215
5008,10017.457156521377,10017.457256583,10017.457256583,10017.457972804,10017.472257178,0,COMPLETED,True,0.10006162301579025,0.7162210004025837,14.284373999544187,15.10065662296256
5009,10017.458586978271,10017.458678833,10017.458678833,10017.459039014,10017.47236279,2,COMPLETED,True,0.0918547284527449,0.3601810003601713,13.32377600010659,13.775811728919507
5010,10017.473881068565,10017.473993123,10017.473993123,10017.47446277,10017.488205963,1,COMPLETED,True,0.1120544347941177,0.46964700050011743,13.743192999754683,14.324894435048918
5011,10017.482211121478,10017.482450333,10017.482450333,10017.483115765,10017.496809551,3,COMPLETED,True,0.23921152205730323,0.6654320004599867,13.693785998839303,14.598429521356593
5012,10017.487040139074,10017.48720922,10017.48720922,10017.488081934,10017.50710028,0,COMPLETED,True,0.16908092584344558,0.8727139993425226,19.0183459999389,20.06014092512487
5013,10017.49078840994,10017.490943777,10017.490943777,10017.491666784,10017.511067884,2,COMPLETED,True,0.1553670608700486,0.7230070004879963,19.401099998503923,20.27947405986197
5014,10017.496120687802,10017.496233316,10017.496233316,10017.49677535,10017.511188559,1,COMPLETED,True,0.11262819862167817,0.542034000318381,14.413208999030758,15.067871197970817
5015,10017.509348660436,10017.509477313,10017.509477313,10017.510139232,10017.526752909,3,COMPLETED,True,0.12865256394434255,0.6619189989578445,16.613677000350435,17.404248563252622
5016,10017.517325602426,10017.517529682,10017.517529682,10017.518042602,10017.532238937,0,COMPLETED,True,0.20407957345014438,0.5129199998918921,14.196334999724058,14.913334573066095
5017,10017.518768660973,10017.51891671,10017.51891671,10017.519340003,10017.536950881,1,COMPLETED,True,0.14804902639298234,0.4232930004945956,17.610877999686636,18.182220026574214
5018,10017.522470055646,10017.522615984,10017.522615984,10017.523144141,10017.542381271,2,COMPLETED,True,0.1459283539588796,0.528156999280327,19.237129999964964,19.91121535320417
5019,10017.526420600709,10017.526533879,10017.526533879,10017.526957535,10017.541480022,3,COMPLETED,True,0.11327829088259023,0.42365599983895663,14.52248700115888,15.059421291880426
5020,10017.540494981386,10017.540599039,10017.540599039,10017.541094648,10017.554628779,0,COMPLETED,True,0.10405761531728785,0.4956089996994706,13.534130999687477,14.133797614704235
5021,10017.542869073995,10017.542964025,10017.542964025,10017.543339014,10017.556929706,1,COMPLETED,True,0.09495100493950304,0.37498900019272696,13.590691998615512,14.060632003747742
5022,10017.557713289641,10017.557836945,10017.557836945,10017.558324833,10017.572597698,3,COMPLETED,True,0.12365535803837702,0.487888000861858,14.272864998929435,14.88440835782967
5023,10017.56613549049,10017.566237731,10017.566237731,10017.566625165,10017.58052044,2,COMPLETED,True,0.10224051038676407,0.3874340000038501,13.895275000322727,14.38494951071334
5024,10017.575721821611,10017.575852863,10017.575852863,10017.576339338,10017.589728267,0,COMPLETED,True,0.1310413881583372,0.4864750007982366,13.388928999120253,14.006445388076827
5025,10017.591060287796,10017.591164087,10017.591164087,10017.591647011,10017.605549719,1,COMPLETED,True,0.10379920422565192,0.4829240006074542,13.902707998568076,14.489431203401182
5026,10017.593231954505,10017.59334075,10017.59334075,10017.593706388,10017.608711297,3,COMPLETED,True,0.10879549517994747,0.36563799949362874,15.004909000708722,15.479342495382298
5027,10017.599165279133,10017.59929783,10017.59929783,10017.599886726,10017.614063695,2,COMPLETED,True,0.13255086741992272,0.5888960004085675,14.17696899989096,14.89841586771945
5028,10017.60124574333,10017.601358422,10017.601358422,10017.601808649,10017.616908259,0,COMPLETED,True,0.11267867012065835,0.45022700032859575,15.099610000106622,15.662515670555877
5029,10017.603241206372,10017.603347254,10017.603347254,10017.605733034,10017.619749316,1,COMPLETED,True,0.1060476279235445,2.385780000622617,14.016281998920022,16.508109627466183
5030,10017.617033128308,10017.617192174,10017.617192174,10017.61782556,10017.631148183,3,COMPLETED,True,0.15904569227132015,0.6333860001177527,13.322622999112355,14.115054691501427
5031,10017.620588737185,10017.620695264,10017.620695264,10017.621120319,10017.635237004,2,COMPLETED,True,0.106526815216057,0.425054999141139,14.116685000772122,14.648266815129318
5032,10017.62479932861,10017.624890321,10017.624890321,10017.625205623,10017.639014712,0,COMPLETED,True,0.09099238923226949,0.3153020006720908,13.809088999551022,14.215383389455383
5033,10017.629236914332,10017.629347202,10017.629347202,10017.629764974,10017.643115573,1,COMPLETED,True,0.11028766857634764,0.4177720002189744,13.350598999750218,13.87865866854554
5034,10017.657364417926,10017.657458859,10017.657458859,10017.657945219,10017.671485507,3,COMPLETED,True,0.0944410730880918,0.4863600006501656,13.540288000513101,14.121089074251358
5035,10017.669621896073,10017.669728469,10017.669728469,10017.670327812,10017.684160389,2,COMPLETED,True,0.10657292659743689,0.599343000430963,13.83257700035756,14.53849292738596
5036,10017.673077489511,10017.673171958,10017.673171958,10017.673718209,10017.687142092,0,COMPLETED,True,0.09446848889638204,0.5462509998324094,13.423882999632042,14.064602488360833
5037,10017.675947527996,10017.676085704,10017.676085704,10017.676570225,10017.69195864,1,COMPLETED,True,0.13817600483889692,0.48452099872520193,15.38841500041599,16.011112003980088
5038,10017.69328394574,10017.693400636,10017.693400636,10017.694028987,10017.709938522,3,COMPLETED,True,0.11669026025629137,0.6283509992499603,15.909535000901087,16.65457626040734
5039,10017.703730318668,10017.703838275,10017.703838275,10017.704602395,10017.721225417,2,COMPLETED,True,0.10795633170346264,0.7641200008947635,16.62302200020349,17.495098332801717
5040,10017.708033804513,10017.70806499,10017.70806499,10017.708591376,10017.722494838,0,COMPLETED,True,0.031185487387119792,0.5263860002742149,13.903462000598665,14.46103348826
5041,10017.719505429408,10017.71961739,10017.71961739,10017.72036642,10017.734461232,1,COMPLETED,True,0.11196059131179936,0.7490300013159867,14.09481199880247,14.955802591430256
5042,10017.72341875412,10017.723625726,10017.723625726,10017.724207944,10017.738173411,3,COMPLETED,True,0.2069718793791253,0.5822180010000011,13.96546700016188,14.754656880541006
5043,10017.725046924343,10017.725238732,10017.725238732,10017.725693163,10017.739654617,2,COMPLETED,True,0.19180765775672626,0.45443099952535704,13.961454000309459,14.607692657591542
5044,10017.730188179019,10017.730347675,10017.730347675,10017.730894343,10017.747904505,0,COMPLETED,True,0.15949598127917852,0.5466679995151935,17.010162000588025,17.716325981382397
5045,10017.731617991927,10017.731767389,10017.731767389,10017.734832944,10017.748505909,1,COMPLETED,True,0.14939707216399256,3.065554999921005,13.672965000296244,16.887917072381242
5046,10017.746981969876,10017.747085107,10017.747085107,10017.74807758,10017.762052355,3,COMPLETED,True,0.10313712300558109,0.9924730002239812,13.974774999951478,15.07038512318104
5047,10017.763691064665,10017.763780467,10017.763780467,10017.764369901,10017.778527487,2,COMPLETED,True,0.0894023341970751,0.5894340010854648,14.157585999782896,14.836422335065436
5048,10017.76422822645,10017.764376433,10017.764376433,10017.764710055,10017.777748024,0,COMPLETED,True,0.1482065508753294,0.3336219997436274,13.037968999924487,13.519797550543444
5049,10017.777744127825,10017.777844252,10017.777844252,10017.778479762,10017.791933539,1,COMPLETED,True,0.10012417442339938,0.6355100013024639,13.453776999085676,14.18941117481154
5050,10017.78009676143,10017.780141817,10017.780141817,10017.780572008,10017.796057929,3,COMPLETED,True,0.04505557080847211,0.43019099939556327,15.485920999708469,15.961167569912504
5051,10017.780364203341,10017.780485396,10017.780485396,10017.780849243,10017.794440812,0,COMPLETED,True,0.12119265920773614,0.36384699888003524,13.591569000709569,14.07660865879734
5052,10017.784178721775,10017.784296722,10017.784296722,10017.784708116,10017.798654969,2,COMPLETED,True,0.11800022548413835,0.41139399945677724,13.946852999652037,14.476247224592953
5053,10017.786845622022,10017.786947832,10017.786947832,10017.792392221,10017.809982525,1,COMPLETED,True,0.10220997864962555,5.444388998512295,17.590303999895696,23.136902977057616
5054,10017.7913898228,10017.791500364,10017.791500364,10017.794661706,10017.813296327,0,COMPLETED,True,0.11054119931941386,3.1613420014764415,18.634620999364415,21.90650420016027
5055,10017.791466661038,10017.791582246,10017.791582246,10017.796258046,10017.810273776,3,COMPLETED,True,0.11558496225916315,4.675800000768504,14.015729999300675,18.807114962328342
5056,10017.791651227637,10017.791894738,10017.791894738,10017.798821107,10017.812956278,2,COMPLETED,True,0.2435103633615654,6.926369000211707,14.135170998997637,21.30505036257091
5057,10017.792114146674,10017.79221319,10017.79221319,10017.810524614,10017.824878151,1,COMPLETED,True,0.09904332546284422,18.311424000785337,14.353536998896743,32.764004325144924
5058,10017.808780962603,10017.808921686,10017.808921686,10017.810646852,10017.824273094,3,COMPLETED,True,0.1407233976351563,1.7251659992325585,13.62624200010032,15.492131396968034
5059,10017.810495349848,10017.810635939,10017.810635939,10017.81328911,10017.826554236,2,COMPLETED,True,0.1405891525791958,2.6531709991104435,13.265126000987948,16.058886152677587
5060,10017.815927371455,10017.816072518,10017.816072518,10017.81662158,10017.82983201,0,COMPLETED,True,0.14514654503727797,0.5490619987540413,13.210430000981432,13.904638544772752
5061,10017.847741785481,10017.847833526,10017.847833526,10017.848268693,10017.861569442,3,COMPLETED,True,0.09174051956506446,0.43516699952306226,13.30074900033651,13.827656519424636
5062,10017.848108773176,10017.848229262,10017.848229262,10017.848535155,10017.861938303,1,COMPLETED,True,0.12048882308590692,0.3058930014958605,13.403147999270004,13.829529823851772
5063,10017.85271827886,10017.852808892,10017.852808892,10017.853459925,10017.867055076,2,COMPLETED,True,0.0906131390365772,0.6510330003948184,13.595151000117767,14.336797139549162
5064,10017.855463530192,10017.85565001,10017.85565001,10017.856293985,10017.875502743,0,COMPLETED,True,0.18647980868991,0.643974999547936,19.20875799987698,20.039212808114826
5065,10017.856250711002,10017.856385778,10017.856385778,10017.861943098,10017.875929127,3,COMPLETED,True,0.13506699724530336,5.557320000662003,13.986029000079725,19.67841599798703
5066,10017.86132319777,10017.861416071,10017.861416071,10017.86231208,10017.875958777,1,COMPLETED,True,0.09287322973250411,0.8960089999163756,13.64669699978549,14.63557922943437
5067,10017.866423307214,10017.8666,10017.8666,10017.867458524,10017.880920238,2,COMPLETED,True,0.1766927853168454,0.8585240011598216,13.46171399927698,14.496930785753648
5068,10017.867416179854,10017.868080925,10017.868080925,10017.876096521,10017.890647493,0,COMPLETED,True,0.664745146423229,8.015596000404912,14.55097200050659,23.23131314733473
5069,10017.901754444312,10017.901843472,10017.901843472,10017.902401952,10017.921068033,3,COMPLETED,True,0.08902768786356319,0.5584800001088297,18.66608099953737,19.313588687509764
5070,10017.9070101903,10017.907098151,10017.907098151,10017.907685799,10017.92143363,1,COMPLETED,True,0.08796069960226305,0.5876480008737417,13.747830998909194,14.423439699385199
5071,10017.907222126276,10017.9074893,10017.9074893,10017.907873811,10017.921887582,2,COMPLETED,True,0.2671737238415517,0.3845110004476737,14.013771000463748,14.665455724752974
5072,10017.909380355924,10017.909579274,10017.909579274,10017.910317784,10017.923943803,0,COMPLETED,True,0.1989180764212506,0.7385099997918587,13.626018999275402,14.563447075488511
5073,10017.917316118894,10017.917527841,10017.917527841,10017.921565607,10017.935062955,3,COMPLETED,True,0.2117221065418562,4.03776599887351,13.497348001692444,17.74683610710781
5074,10017.918591756283,10017.918758817,10017.918758817,10017.921608307,10017.935627517,1,COMPLETED,True,0.16706071801309008,2.849489999789512,14.019209998878068,17.03576071668067
5075,10017.932068334829,10017.932161903,10017.932161903,10017.932754868,10017.946187397,2,COMPLETED,True,0.09356817099615,0.5929649996687658,13.432529000056093,14.119062170721008
5076,10017.93419138545,10017.934382588,10017.934382588,10017.934857034,10017.94821598,0,COMPLETED,True,0.1912025509227533,0.4744460002257256,13.358946000153082,14.024594551301561
5077,10017.948695017505,10017.948790477,10017.948790477,10017.949300618,10017.962912949,3,COMPLETED,True,0.09545949433231726,0.5101410006318474,13.612331000331324,14.217931495295488
5078,10017.954011324671,10017.954122346,10017.954122346,10017.954558957,10017.967676852,1,COMPLETED,True,0.1110213288484374,0.43661100062308833,13.117894999595592,13.665527329067118
5079,10017.964111518775,10017.964228344,10017.964228344,10017.964650048,10017.978160636,2,COMPLETED,True,0.11682522563205566,0.4217039986542659,13.510587999917334,14.049117224203655
5080,10017.97897904751,10017.97907288,10017.97907288,10017.979475422,10017.992797747,0,COMPLETED,True,0.09383249016536865,0.40254200030176435,13.32232499953534,13.818699490002473
5081,10017.989158814931,10017.989251108,10017.989251108,10017.98967671,10018.002974483,3,COMPLETED,True,0.09229306851921137,0.4256020001776051,13.297773000886082,13.815668069582898
5082,10018.017848203915,10018.017980303,10018.017980303,10018.018612859,10018.036487584,1,COMPLETED,True,0.13209908502176404,0.6325559988908935,17.874725001092884,18.63938008500554
5083,10018.034697138637,10018.034846911,10018.034846911,10018.035888888,10018.049664499,2,COMPLETED,True,0.14977236241975334,1.041977000568295,13.775610999800847,14.967360362788895
5084,10018.034891221865,10018.034980738,10018.034980738,10018.036088591,10018.050923031,0,COMPLETED,True,0.08951613563112915,1.1078529987571528,14.834440000413451,16.031809134801733
5085,10018.038724451471,10018.039045895,10018.039045895,10018.039862522,10018.059255559,3,COMPLETED,True,0.3214435291738482,0.8166269999492215,19.393036998735624,20.531107527858694
5086,10018.040587708638,10018.040733805,10018.040733805,10018.041324212,10018.056549851,1,COMPLETED,True,0.1460963630961487,0.590406998526305,15.225639001073432,15.962142362695886
5087,10018.049565725643,10018.049738106,10018.049738106,10018.050461627,10018.070773435,2,COMPLETED,True,0.17238035616173875,0.7235209995997138,20.311808000769815,21.207709356531268
5088,10018.051476155973,10018.051594053,10018.051594053,10018.051967159,10018.06559422,0,COMPLETED,True,0.11789702693931758,0.3731059987330809,13.627061000079266,14.118064025751664
5089,10018.055477691049,10018.055577707,10018.055577707,10018.056900836,10018.075347314,1,COMPLETED,True,0.10001595182984602,1.3231289995019324,18.446477999532362,19.86962295086414
5090,10018.056304260575,10018.056393087,10018.056393087,10018.059725437,10018.074423725,3,COMPLETED,True,0.08882642396201845,3.3323500010737916,14.698287999635795,18.119464424671605
5091,10018.056449879392,10018.056598195,10018.056598195,10018.065816412,10018.079266861,0,COMPLETED,True,0.148315608385019,9.218216999215656,13.45044899971981,22.816981607320486
5092,10018.063054530938,10018.063142861,10018.063142861,10018.071004927,10018.089832895,2,COMPLETED,True,0.08833006177155767,7.8620660005981335,18.827968000550754,26.778364062920446
5093,10018.069699328305,10018.069843745,10018.069843745,10018.07477129,10018.087818818,3,COMPLETED,True,0.14441669372899923,4.927545000100508,13.047528000242892,18.1194896940724
5094,10018.078888652333,10018.078984903,10018.078984903,10018.079381158,10018.096132459,1,COMPLETED,True,0.09625066741136834,0.39625499994144775,16.751301000113017,17.243806667465833
5095,10018.089728083847,10018.089830963,10018.089830963,10018.090614005,10018.103732499,0,COMPLETED,True,0.10287915210938081,0.7830419999663718,13.118494000082137,14.00441515215789
5096,10018.092937362155,10018.093033598,10018.093033598,10018.093612885,10018.107184548,3,COMPLETED,True,0.09623584446671885,0.5792870015284279,13.57166299931123,14.247185845306376
5097,10018.103830133105,10018.104063301,10018.104063301,10018.105149318,10018.125094668,2,COMPLETED,True,0.23316789520322345,1.086017000488937,19.94534999903408,21.26453489472624
5098,10018.113097352976,10018.113183146,10018.113183146,10018.113541658,10018.126933153,1,COMPLETED,True,0.08579302448197268,0.35851199936587363,13.39149500017811,13.835800024025957
5099,10018.11574250177,10018.115827232,10018.115827232,10018.116111003,10018.129597263,0,COMPLETED,True,0.08473023081023712,0.2837709998857463,13.486259998899186,13.85476122959517
5100,10018.1308641191,10018.130953502,10018.130953502,10018.131560487,10018.150309638,3,COMPLETED,True,0.08938289829529822,0.6069850005587796,18.749151000520214,19.445518899374292
5101,10018.13205510697,10018.132145235,10018.132145235,10018.132743246,10018.146706093,2,COMPLETED,True,0.09012803093355615,0.5980109999654815,13.962847000584588,14.650986031483626
5102,10018.14757387524,10018.147663427,10018.147663427,10018.148512082,10018.165134893,1,COMPLETED,True,0.08955176053859759,0.848654999572318,16.62281100107066,17.561017761181574
5103,10018.1503305314,10018.150496361,10018.150496361,10018.151226802,10018.165267007,0,COMPLETED,True,0.1658296005189186,0.7304409991775174,14.04020500012848,14.936475599824917
5104,10018.159088777804,10018.15927746,10018.15927746,10018.159939927,10018.178778776,2,COMPLETED,True,0.18868219558498822,0.6624670004384825,18.8388490005309,19.68999819655437
5105,10018.1619679842,10018.162067696,10018.162067696,10018.162574654,10018.176498012,3,COMPLETED,True,0.09971179861167911,0.5069580001872964,13.923358001193264,14.53002779999224
5106,10018.16870416186,10018.168833659,10018.168833659,10018.16941092,10018.185999593,1,COMPLETED,True,0.12949713891430292,0.5772610002168221,16.58867300102429,17.295431140155415
5107,10018.195725542098,10018.19581343,10018.19581343,10018.19623365,10018.213510608,0,COMPLETED,True,0.08788790182734374,0.42021999979624525,17.276958000365994,17.785065901989583
5108,10018.197210933955,10018.197295234,10018.197295234,10018.197770695,10018.211307996,3,COMPLETED,True,0.08430004527326673,0.475460999950883,13.53730099981476,14.09706204503891
5109,10018.203556040828,10018.203804529,10018.203804529,10018.20431991,10018.22452273,2,COMPLETED,True,0.2484881715645315,0.5153810016054194,20.2028200001223,20.966689173292252
5110,10018.204374491315,10018.204497289,10018.204497289,10018.204910744,10018.22412395,1,COMPLETED,True,0.1227976845257217,0.41345499994349666,19.213206000131322,19.74945868460054
5111,10018.222428356199,10018.222520773,10018.222520773,10018.222991586,10018.236861277,3,COMPLETED,True,0.09241680163540877,0.4708129999926314,13.869690999854356,14.432920801482396
5112,10018.230049937796,10018.230211955,10018.230211955,10018.230726688,10018.244327336,0,COMPLETED,True,0.16201720427488908,0.514732999363332,13.600648000647197,14.277398204285419
5113,10018.231062014585,10018.23120454,10018.23120454,10018.231593407,10018.245469391,1,COMPLETED,True,0.14252541404857766,0.3888669998559635,13.875984001060715,14.407376414965256
5114,10018.234949226759,10018.235208141,10018.235208141,10018.23579945,10018.255147084,2,COMPLETED,True,0.25891424229484983,0.5913089989917353,19.347634000951075,20.19785724223766
5115,10018.241365004933,10018.241520941,10018.241520941,10018.242137646,10018.256070943,3,COMPLETED,True,0.15593606622132938,0.6167050014482811,13.933296999312006,14.705938066981616
5116,10018.250344156466,10018.250434391,10018.250434391,10018.250950513,10018.264653978,0,COMPLETED,True,0.09023453458212316,0.5161219996807631,13.703464999707649,14.309821533970535
5117,10018.264423150407,10018.26459447,10018.26459447,10018.265218702,10018.278587343,1,COMPLETED,True,0.17131959248217754,0.6242319996090373,13.368641000852222,14.164192592943436
5118,10018.280639950033,10018.280736755,10018.280736755,10018.281206911,10018.295048064,2,COMPLETED,True,0.09680496623332147,0.47015600102895405,13.841152998793405,14.40811396605568
5119,10018.288789293621,10018.288903911,10018.288903911,10018.28951658,10018.302834833,3,COMPLETED,True,0.11461737813078798,0.6126690004748525,13.318253000761615,14.045539379367256
5120,10018.309319819244,10018.309479805,10018.309479805,10018.310024096,10018.323822458,0,COMPLETED,True,0.15998575690900907,0.5442909987323219,13.79836200067075,14.50263875631208
5121,10018.310806134245,10018.310956844,10018.310956844,10018.311523953,10018.329321302,1,COMPLETED,True,0.15070975496200845,0.5671090002579149,17.797349000829854,18.515167756049777
5122,10018.313442311894,10018.313605489,10018.313605489,10018.314193874,10018.332997377,2,COMPLETED,True,0.16317710651492234,0.588384998991387,18.80350300052669,19.555065106033
5123,10018.322365944563,10018.322459067,10018.322459067,10018.323000603,10018.336884357,3,COMPLETED,True,0.09312243673775811,0.541536001037457,13.88375399983488,14.518412437610095
5124,10018.324762302635,10018.324884189,10018.324884189,10018.325415236,10018.338928224,0,COMPLETED,True,0.12188636537757702,0.5310470005497336,13.512988000002224,14.165921365929535
5125,10018.344553142962,10018.344682103,10018.344682103,10018.345488518,10018.364915254,1,COMPLETED,True,0.12896003681817092,0.8064150006248383,19.426736000241362,20.36211103768437
5126,10018.366136405295,10018.366440271,10018.366440271,10018.367295525,10018.385947435,2,COMPLETED,True,0.3038657050637994,0.8552540002710884,18.65190999888,19.81102970421489
5127,10018.367627965854,10018.367779556,10018.367779556,10018.368382808,10018.382174812,3,COMPLETED,True,0.15159014583332464,0.603251999564236,13.792004001516034,14.546846146913595
5128,10018.370291987356,10018.370435702,10018.370435702,10018.371204735,10018.385394945,0,COMPLETED,True,0.1437146438547643,0.7690330003242707,14.190210000379011,15.102957644558046
5129,10018.389659017292,10018.389795979,10018.389795979,10018.390544597,10018.405651806,1,COMPLETED,True,0.13696170753974002,0.7486180002160836,15.107209001143929,15.992788708899752
5130,10018.433596816252,10018.433752227,10018.433752227,10018.434801461,10018.454822967,3,COMPLETED,True,0.15541074753855355,1.0492340006749146,20.02150599946617,21.22615074767964
5131,10018.43988088316,10018.440127341,10018.440127341,10018.44065017,10018.453916223,0,COMPLETED,True,0.24645784105814528,0.5228289992373902,13.266052999824751,14.035339840120287
5132,10018.447056102053,10018.447215541,10018.447215541,10018.448155009,10018.467746803,2,COMPLETED,True,0.15943894686643034,0.9394680000696098,19.591794000007212,20.690700946943252
5133,10018.456811906046,10018.456908011,10018.456908011,10018.457478487,10018.47072119,1,COMPLETED,True,0.09610495362721849,0.5704760005755816,13.242703000287293,13.909283954490093
5134,10018.461956226472,10018.462063491,10018.462063491,10018.462790068,10018.478388936,0,COMPLETED,True,0.10726452819653787,0.7265770000230987,15.59886799986998,16.432709528089617
5135,10018.477452138908,10018.477559656,10018.477559656,10018.478266396,10018.495206452,3,COMPLETED,True,0.1075170912372414,0.7067400001687929,16.940056000748882,17.754313092154916
5136,10018.481044860297,10018.48114837,10018.48114837,10018.481718884,10018.495180442,2,COMPLETED,True,0.10350970296713058,0.570514001083211,13.461557999107754,14.135581703158095
5137,10018.489796416203,10018.489957633,10018.489957633,10018.490457741,10018.504254181,1,COMPLETED,True,0.1612167980056256,0.5001079989597201,13.796440000078292,14.457764797043637
5138,10018.496861084554,10018.496961778,10018.496961778,10018.49755584,10018.51719387,0,COMPLETED,True,0.1006934471661225,0.594061999436235,19.638030000351137,20.332785446953494
5139,10018.499178580518,10018.499263777,10018.499263777,10018.499581621,10018.51324894,2,COMPLETED,True,0.0851964814501116,0.31784400016476866,13.667319000887801,14.070359482502681
5140,10018.49959566213,10018.499757837,10018.499757837,10018.500242144,10018.51566635,3,COMPLETED,True,0.16217487063840963,0.484307000078843,15.424205999806873,16.070687870524125
5141,10018.500390493577,10018.500529606,10018.500529606,10018.504445728,10018.518487608,1,COMPLETED,True,0.13911242422182113,3.9161219992820406,14.041880000149831,18.097114423653693
5142,10018.501598876714,10018.501753507,10018.501753507,10018.513469077,10018.52722985,2,COMPLETED,True,0.15463028648809996,11.715569999068975,13.760773001195048,25.630973286752123
5143,10018.519391565125,10018.519571641,10018.519571641,10018.520062285,10018.533784872,3,COMPLETED,True,0.18007587459578644,0.49064400081988424,13.722586998483166,14.393306873898837
5144,10018.52125099673,10018.521512336,10018.521512336,10018.522205033,10018.536143413,0,COMPLETED,True,0.26133926985494327,0.6926969999767607,13.938380001491169,14.892416271322872
5145,10018.530754186235,10018.53085071,10018.53085071,10018.531392958,10018.545008933,1,COMPLETED,True,0.0965237650234485,0.5422480007837294,13.615974999993341,14.254746765800519
5146,10018.531078626958,10018.531233997,10018.531233997,10018.531509121,10018.545077707,2,COMPLETED,True,0.155370042193681,0.2751239990175236,13.56858600047417,13.999080041685374
5147,10018.54130766349,10018.541396292,10018.541396292,10018.542218539,10018.55592909,3,COMPLETED,True,0.08862850881996565,0.8222470005421201,13.71055100025842,14.621426509620505
5148,10018.54370014939,10018.543862999,10018.543862999,10018.54442984,10018.558661053,0,COMPLETED,True,0.16284961020573974,0.5668409994541435,14.231213001039578,14.96090361069946
5149,10018.551179844775,10018.551346792,10018.551346792,10018.552046619,10018.565556401,1,COMPLETED,True,0.16694722398824524,0.6998270000622142,13.509782000255655,14.376556224306114
5150,10018.563258292153,10018.563414405,10018.563414405,10018.564129891,10018.579978264,2,COMPLETED,True,0.1561128465255024,0.7154859995353036,15.84837300106301,16.719971847123816
5151,10018.567558891098,10018.567650252,10018.567650252,10018.56797923,10018.581111835,3,COMPLETED,True,0.09136090193351265,0.3289779997430742,13.132604999555042,13.552943901231629
5152,10018.582437734749,10018.58264359,10018.58264359,10018.583287256,10018.597023306,0,COMPLETED,True,0.2058552508970024,0.6436660005419981,13.736049999351962,14.585571250790963
5153,10018.589691411253,10018.589778598,10018.589778598,10018.590514178,10018.603626695,1,COMPLETED,True,0.08718674689589534,0.7355800007644575,13.11251699917193,13.935283746832283
5154,10018.596203854031,10018.596274921,10018.596274921,10018.597073573,10018.617014679,2,COMPLETED,True,0.07106696830305737,0.7986520013218978,19.941105998441344,20.8108249680663
5155,10018.596986641076,10018.597073573,10018.597073573,10018.597553744,10018.611262022,3,COMPLETED,True,0.0869319246703526,0.48017100016295444,13.708277998375706,14.275380923209013
5156,10018.604589267472,10018.604682565,10018.604682565,10018.605256405,10018.619405278,0,COMPLETED,True,0.09329752720077522,0.5738400013797218,14.148872998703155,14.816010527283652
5157,10018.606099002303,10018.606183944,10018.606183944,10018.606710532,10018.620754674,1,COMPLETED,True,0.08494169742334634,0.5265879990474787,14.044142000784632,14.655671697255457
5158,10018.608339706523,10018.608421733,10018.608421733,10018.611443977,10018.625505907,3,COMPLETED,True,0.08202647768484894,3.022244000021601,14.061930000025313,17.166200477731763
5159,10018.6088032859,10018.608884958,10018.608884958,10018.617265249,10018.632318322,2,COMPLETED,True,0.08167209853127133,8.380291001230944,15.053072998853168,23.515036098615383
5160,10018.616144216216,10018.616311709,10018.616311709,10018.619605077,10018.633736428,0,COMPLETED,True,0.16749278438510373,3.293367999503971,14.13135100119689,17.592211785085965
5161,10018.619990364668,10018.62014562,10018.62014562,10018.621082948,10018.634226838,1,COMPLETED,True,0.1552553312649252,0.9373280008730944,13.143889998900704,14.236473331038724
5162,10018.629704679022,10018.629807543,10018.629807543,10018.630648068,10018.644241242,3,COMPLETED,True,0.10286397809977643,0.8405249991483288,13.593174000561703,14.536562977809808
5163,10018.653548568662,10018.653671052,10018.653671052,10018.654101638,10018.667095142,2,COMPLETED,True,0.12248333769093733,0.43058600022050086,12.993504000405665,13.546573338317103
5164,10018.656801692587,10018.656890379,10018.656890379,10018.657412325,10018.670518664,0,COMPLETED,True,0.08868641270964872,0.5219459999352694,13.106338999932632,13.71697141257755
5165,10018.669114383854,10018.669300296,10018.669300296,10018.669895199,10018.683673775,1,COMPLETED,True,0.185912145752809,0.5949030000920175,13.778575999822351,14.559391145667178
5166,10018.675913970692,10018.67606192,10018.67606192,10018.67664512,10018.690246457,3,COMPLETED,True,0.14794930757489055,0.5832000006193994,13.601336999272462,14.332486307466752
5167,10018.679241772807,10018.679373357,10018.679373357,10018.680067934,10018.693492658,2,COMPLETED,True,0.13158419278624933,0.6945770001038909,13.424724000287824,14.250885193177965
5168,10018.687751429386,10018.68786195,10018.68786195,10018.688510644,10018.701714692,0,COMPLETED,True,0.11052061381633393,0.6486940001195762,13.204048000261537,13.963262614197447
5169,10018.69610635451,10018.696249285,10018.696249285,10018.696943119,10018.713133061,1,COMPLETED,True,0.1429304902558215,0.6938339993212139,16.189941999982693,17.02670648955973
5170,10018.698913881162,10018.699033012,10018.699033012,10018.699646943,10018.719649489,3,COMPLETED,True,0.11913083835679572,0.613930998952128,20.002545999886934,20.735607837195857
5171,10018.70170072738,10018.701821691,10018.701821691,10018.702448727,10018.720945417,2,COMPLETED,True,0.12096361933799926,0.6270359990594443,18.49669000148424,19.244689619881683
5172,10018.714772490113,10018.714847,10018.714847,10018.715464223,10018.729677252,0,COMPLETED,True,0.07450988596247043,0.6172230005176971,14.213029000529787,14.904761887009954
5173,10018.717289432972,10018.71739589,10018.71739589,10018.717982675,10018.731359983,1,COMPLETED,True,0.10645702786860056,0.5867849995411234,13.377307999689947,14.07055002709967
5174,10018.719839069792,10018.719927255,10018.719927255,10018.72058871,10018.740477543,3,COMPLETED,True,0.0881852083693957,0.6614550002268516,19.888832999640726,20.638473208236974
5175,10018.722774093034,10018.722868778,10018.722868778,10018.723320813,10018.742327438,2,COMPLETED,True,0.09468496682529803,0.4520349993981654,19.006624999747146,19.55334496597061
5176,10018.72556207417,10018.725669755,10018.725669755,10018.730091387,10018.743708591,0,COMPLETED,True,0.10768082938739099,4.421632000230602,13.617204000183847,18.14651682980184
5177,10018.733790105203,10018.733898428,10018.733898428,10018.734526161,10018.747820509,1,COMPLETED,True,0.10832279622263741,0.6277330012380844,13.294347998453304,14.030403795914026
5178,10018.736256689119,10018.736358466,10018.736358466,10018.74098678,10018.761629518,3,COMPLETED,True,0.1017768809106201,4.62831400000141,20.64273799987859,25.37282888079062
5179,10018.739938024635,10018.740063395,10018.740063395,10018.742635773,10018.761383153,2,COMPLETED,True,0.12537036491266917,2.572377999968012,18.747379999695113,21.445128364575794
5180,10018.746852867755,10018.74696627,10018.74696627,10018.747528771,10018.764162984,0,COMPLETED,True,0.11340224591549486,0.5625009998766473,16.634212999633746,17.31011624542589
5181,10018.74778879254,10018.747942245,10018.747942245,10018.748454277,10018.761720849,1,COMPLETED,True,0.15345245992648415,0.5120320001879008,13.266571999338339,13.932056459452724
5182,10018.753884933189,10018.753983425,10018.753983425,10018.76168896,10018.774570048,2,COMPLETED,True,0.09849181151366793,7.705534999331576,12.881088001449825,20.68511481229507
5183,10018.765655598487,10018.765778518,10018.765778518,10018.766791036,10018.782916618,3,COMPLETED,True,0.1229195131600136,1.012517999697593,16.125582000313443,17.26101951317105
5184,10018.775695111663,10018.77578732,10018.77578732,10018.776458003,10018.78972928,1,COMPLETED,True,0.0922083381738048,0.6706829990434926,13.27127700096753,14.034168338184827
5185,10018.77783369649,10018.778007412,10018.778007412,10018.778559816,10018.792620863,0,COMPLETED,True,0.17371551075484604,0.552404000700335,14.061046998904203,14.787166510359384
5186,10018.782865586454,10018.783003743,10018.783003743,10018.783860417,10018.802856583,2,COMPLETED,True,0.13815654529025778,0.8566739998059347,18.996166001670645,19.990996546766837
5187,10018.78339652259,10018.783796425,10018.783796425,10018.784242934,10018.800087592,3,COMPLETED,True,0.39990241020859685,0.44650900053966325,15.844658000787604,16.691069411535864
5188,10018.790234005517,10018.790376307,10018.790376307,10018.790893624,10018.804189105,1,COMPLETED,True,0.14230148372007534,0.5173169993213378,13.295480999659048,13.955099482700462
5189,10018.79064575135,10018.790766882,10018.790766882,10018.79298425,10018.806208721,0,COMPLETED,True,0.12113064985896926,2.2173679990373785,13.22447100028512,15.562969649181468
5190,10018.809880619554,10018.80997186,10018.80997186,10018.810446185,10018.823563028,3,COMPLETED,True,0.09124044663622044,0.4743249992316123,13.116842999806977,13.68240844567481
5191,10018.810585056255,10018.810835374,10018.810835374,10018.811429532,10018.825052571,2,COMPLETED,True,0.2503177456674166,0.5941579984209966,13.623038999867276,14.46751474395569
5192,10018.846132668916,10018.8462196,10018.8462196,10018.846845598,10018.862791543,1,COMPLETED,True,0.08693108429724816,0.6259980000322685,15.945945000567008,16.658874084896524
5193,10018.851501198897,10018.851614719,10018.851614719,10018.852519158,10018.871566126,0,COMPLETED,True,0.1135201036959188,0.9044389989867341,19.04696800011152,20.064927102794172
5194,10018.852130115334,10018.852239776,10018.852239776,10018.85256737,10018.866359342,3,COMPLETED,True,0.10966066656692419,0.32759399982751347,13.791972000035457,14.229226666429895
5195,10018.856711327462,10018.856800898,10018.856800898,10018.857448312,10018.870941494,2,COMPLETED,True,0.0895705379662104,0.6474139991041739,13.493182001184323,14.230166538254707
5196,10018.860992451315,10018.861161732,10018.861161732,10018.86320885,10018.876908543,1,COMPLETED,True,0.1692806854407536,2.047117999609327,13.699692999580293,15.916091684630373
5197,10018.870540577775,10018.87063976,10018.87063976,10018.871293735,10018.884312016,3,COMPLETED,True,0.09918222531268839,0.6539749992953148,13.018281000768184,13.771438225376187
5198,10018.880635729201,10018.880722051,10018.880722051,10018.88142288,10018.894886398,2,COMPLETED,True,0.08632179924461525,0.7008289994701045,13.463518000207841,14.250668798922561
5199,10018.889205668287,10018.889296387,10018.889296387,10018.889935802,10018.90387548,0,COMPLETED,True,0.090718713181559,0.6394150004780386,13.93967799958773,14.669811713247327
5200,10018.892055425518,10018.892140146,10018.892140146,10018.892954895,10018.912056014,1,COMPLETED,True,0.08472048102703411,0.8147490007104352,19.101118999969913,20.000588481707382
5201,10018.91749001253,10018.917582994,10018.917582994,10018.918427747,10018.9318626,3,COMPLETED,True,0.09298146869696211,0.8447529999102699,13.434853000944713,14.372587469551945
5202,10018.932062773594,10018.932245821,10018.932245821,10018.932945441,10018.946352528,2,COMPLETED,True,0.18304740660823882,0.6996199990680907,13.4070870008145,14.289754406490829
5203,10018.954255213866,10018.954378991,10018.954378991,10018.954850559,10018.967601236,0,COMPLETED,True,0.1237771339219762,0.47156799882941414,12.750677000440191,13.346022133191582
5204,10018.971923649124,10018.972025392,10018.972025392,10018.972770018,10018.985704699,1,COMPLETED,True,0.10174287672271021,0.7446259987773374,12.93468100084283,13.781049876342877
5205,10018.980998975805,10018.98109278,10018.98109278,10018.981511709,10018.994456856,3,COMPLETED,True,0.0938041957851965,0.41892899935191963,12.945147000209545,13.457880195346661
5206,10019.005984997288,10019.006087353,10019.006087353,10019.006463645,10019.021659324,2,COMPLETED,True,0.10235571244265884,0.3762920005101478,15.19567899958929,15.674326712542097
5207,10019.01215105521,10019.012322175,10019.012322175,10019.013156086,10019.032376763,0,COMPLETED,True,0.17111978922912385,0.8339110008819262,19.2206769988843,20.22570778899535
5208,10019.012946710069,10019.013048661,10019.013048661,10019.013634075,10019.032746138,1,COMPLETED,True,0.10195093091169838,0.5854139999428298,19.11206300064805,19.799427931502578
5209,10019.017479266962,10019.017644295,10019.017644295,10019.018225351,10019.036961669,3,COMPLETED,True,0.16502803737239446,0.5810559996461961,18.736318001174368,19.48240203819296
5210,10019.018060675919,10019.018190217,10019.018190217,10019.022175681,10019.040114792,2,COMPLETED,True,0.12954108206031378,3.985463999924832,17.93911099957768,22.054116081562825
5211,10019.022415471534,10019.022532401,10019.022532401,10019.032895059,10019.047438321,0,COMPLETED,True,0.11692946645780466,10.362657998484792,14.5432620010979,25.022849466040498
5212,10019.041962477262,10019.042034687,10019.042034687,10019.042710115,10019.055942766,1,COMPLETED,True,0.07220973748189863,0.6754280002496671,13.232650999270845,13.980288737002411
5213,10019.060502599106,10019.060615606,10019.060615606,10019.061391544,10019.079180149,3,COMPLETED,True,0.11300689402560238,0.7759380005154526,17.78860499871371,18.677549893254763
5214,10019.074205409075,10019.074352201,10019.074352201,10019.074911433,10019.091463924,2,COMPLETED,True,0.1467919246351812,0.559231999432086,16.552491000766167,17.258514924833435
5215,10019.080602283932,10019.080812072,10019.080812072,10019.081431204,10019.094903189,0,COMPLETED,True,0.20978806787752546,0.619132000792888,13.471984999341657,14.30090506801207
5216,10019.090220355858,10019.090306603,10019.090306603,10019.090937082,10019.104784947,1,COMPLETED,True,0.08624714246252552,0.6304790003923699,13.847864998751902,14.564591141606797
5217,10019.092223838032,10019.092363524,10019.092363524,10019.092895926,10019.106553641,3,COMPLETED,True,0.13968596795166377,0.5324020003172336,13.657715000590542,14.32980296885944
5218,10019.100171382037,10019.100285209,10019.100285209,10019.100956166,10019.114063134,2,COMPLETED,True,0.11382696357031818,0.6709569988743169,13.10696800101141,13.891751963456045
5219,10019.121451929013,10019.12153756,10019.12153756,10019.122259873,10019.137066391,0,COMPLETED,True,0.08563098708691541,0.722312999641872,14.80651800011401,15.614461986842798
5220,10019.122369428576,10019.122450386,10019.122450386,10019.122863333,10019.136691476,1,COMPLETED,True,0.08095742305158637,0.412946999858832,13.828143000864657,14.322047423775075
5221,10019.13043320926,10019.130646566,10019.130646566,10019.131345127,10019.147478364,3,COMPLETED,True,0.21335673955036327,0.6985609998082509,16.133237000758527,17.04515474011714
5222,10019.140196262624,10019.140374512,10019.140374512,10019.141065681,10019.157466725,2,COMPLETED,True,0.17824937640398275,0.6911689997650683,16.401044000303955,17.270462376473006
5223,10019.145505690616,10019.14564447,10019.14564447,10019.14637431,10019.166527405,1,COMPLETED,True,0.13877938363293651,0.7298399996216176,20.153094999841414,21.02171438309597
5224,10019.147421056261,10019.147598196,10019.147598196,10019.148329514,10019.167016175,0,COMPLETED,True,0.17713973829813767,0.7313180012715748,18.686661000174354,19.595118739744066
5225,10019.152782211311,10019.152950022,10019.152950022,10019.153685466,10019.173420481,3,COMPLETED,True,0.16781068916316144,0.7354440003837226,19.735014999241685,20.63826968878857
5226,10019.157602976087,10019.157746205,10019.157746205,10019.158866629,10019.178780012,2,COMPLETED,True,0.14322891365736723,1.1204239999642596,19.91338299922063,21.177035912842257
5227,10019.16654970315,10019.166668994,10019.166668994,10019.167370621,10019.188356698,1,COMPLETED,True,0.11929084939765744,0.7016270010353765,20.986076999179204,21.806994849612238
5228,10019.168302245213,10019.168447683,10019.168447683,10019.16891676,10019.188810627,0,COMPLETED,True,0.1454377870686585,0.4690770001616329,19.893867000064347,20.50838178729464
5229,10019.170081078306,10019.170213422,10019.170213422,10019.173881038,10019.18790173,3,COMPLETED,True,0.13234369362180587,3.667615999802365,14.020692000485724,17.820651693909895
5230,10019.18230783613,10019.182426953,10019.182426953,10019.183027212,10019.203151094,2,COMPLETED,True,0.11911687033716589,0.600258999838843,20.123881999097648,20.843257869273657
5231,10019.188904718498,10019.188993827,10019.188993827,10019.18952593,10019.203078352,3,COMPLETED,True,0.08910850192478392,0.532103000296047,13.552422000429942,14.173633502650773
5232,10019.194687173156,10019.194773821,10019.194773821,10019.195272738,10019.209824286,1,COMPLETED,True,0.08664784400025383,0.49891699927684385,14.551547999872128,15.137112843149225
5233,10019.19849696993,10019.198611222,10019.198611222,10019.199015457,10019.212701845,0,COMPLETED,True,0.11425207048887387,0.404234999223263,13.686387999769067,14.204875069481204
5234,10019.202422814576,10019.20252401,10019.20252401,10019.203493191,10019.216857053,3,COMPLETED,True,0.10119542275788262,0.969181000982644,13.363861999096116,14.434238422836643
5235,10019.212177068339,10019.212267424,10019.212267424,10019.212748783,10019.226589255,2,COMPLETED,True,0.09035566108650528,0.4813590003323043,13.840472000083537,14.412186661502346
5236,10019.213705369117,10019.213852315,10019.213852315,10019.214365315,10019.230442818,1,COMPLETED,True,0.14694588389829732,0.51299999904586,16.077502999905846,16.737448882850003
5237,10019.226536324632,10019.226651971,10019.226651971,10019.227367389,10019.242871237,0,COMPLETED,True,0.11564636770344805,0.7154180002544308,15.503848000662401,16.33491236862028
5238,10019.23407411845,10019.234168095,10019.234168095,10019.234943269,10019.248971133,3,COMPLETED,True,0.09397654866916128,0.7751740013191011,14.027863999217516,14.897014549205778
5239,10019.23629462812,10019.236313986,10019.236313986,10019.236933057,10019.250470653,2,COMPLETED,True,0.019357881683390588,0.6190709991642507,13.53759599987825,14.17602488072589
5240,10019.236512439405,10019.236596401,10019.236596401,10019.237061907,10019.257016608,1,COMPLETED,True,0.08396159500989597,0.46550600018235855,19.954700999733177,20.50416859492543
5241,10019.238353009325,10019.238457127,10019.238457127,10019.243219246,10019.25998244,0,COMPLETED,True,0.10411767470941413,4.762119000588427,16.763194000304793,21.629430675602634
5242,10019.260819550682,10019.260947359,10019.260947359,10019.261644211,10019.274890183,3,COMPLETED,True,0.1278083182114642,0.6968519992369693,13.245972000731854,14.070632318180287
5243,10019.276899213784,10019.277061996,10019.277061996,10019.277827083,10019.291840253,2,COMPLETED,True,0.16278221482934896,0.7650870011275401,14.01316999908886,14.941039215045748
5244,10019.280158920541,10019.280297556,10019.280297556,10019.280975513,10019.299728568,1,COMPLETED,True,0.13863545973435976,0.6779569994250778,18.753054999251617,19.569647458411055
5245,10019.28350117495,10019.283609574,10019.283609574,10019.284121831,10019.297778756,0,COMPLETED,True,0.10839905007742345,0.5122570000821725,13.656924998940667,14.277581049100263
5246,10019.294767925949,10019.294867516,10019.294867516,10019.295512872,10019.309323427,3,COMPLETED,True,0.09959005183191039,0.6453559999499703,13.810554999508895,14.555501051290776
5247,10019.29882659725,10019.298947901,10019.298947901,10019.299529583,10019.313015694,2,COMPLETED,True,0.1213037485285895,0.5816820012114476,13.486111000020173,14.18909674976021
5248,10019.300449383232,10019.300609324,10019.300609324,10019.301174464,10019.314850282,0,COMPLETED,True,0.15994076784409117,0.565140000617248,13.675817999683204,14.400898768144543
5249,10019.313148053263,10019.313281395,10019.313281395,10019.313797736,10019.327516607,1,COMPLETED,True,0.1333417367277434,0.5163410005479818,13.718870999582577,14.368553736858303
5250,10019.314005475158,10019.314115922,10019.314115922,10019.314445396,10019.327863892,3,COMPLETED,True,0.11044684106309433,0.32947399995464366,13.418496000667801,13.858416841685539
5251,10019.317482895265,10019.317612756,10019.317612756,10019.318137819,10019.336793522,2,COMPLETED,True,0.1298607348871883,0.5250630001683021,18.65570299924002,19.31062673429551
5252,10019.323774825241,10019.323973051,10019.323973051,10019.324458225,10019.338077543,0,COMPLETED,True,0.19822575814032461,0.48517400136915967,13.619317998745828,14.302717758255312
5253,10019.32559133413,10019.325718662,10019.325718662,10019.327683896,10019.34140983,1,COMPLETED,True,0.12732786854030564,1.965233999726479,13.72593400083133,15.818495869098115
5254,10019.34101540429,10019.341060562,10019.341060562,10019.34170846,10019.355205334,3,COMPLETED,True,0.045157708882470615,0.6478980012616375,13.496874000338721,14.18992971048283
5255,10019.353719401357,10019.353812736,10019.353812736,10019.354619526,10019.37152514,2,COMPLETED,True,0.09333464367955457,0.8067899998422945,16.905614000279456,17.805738643801305
5256,10019.359176698114,10019.359258779,10019.359258779,10019.359686443,10019.372955246,0,COMPLETED,True,0.0820808872958878,0.42766399928950705,13.268803000755724,13.77854788734112
5257,10019.362547997893,10019.362630653,10019.362630653,10019.363074863,10019.376638124,1,COMPLETED,True,0.08265510768978857,0.4442099998414051,13.56326099994476,14.090126107475953
5258,10019.362833397628,10019.362914492,10019.362914492,10019.36320234,10019.376637921,3,COMPLETED,True,0.08109437112580054,0.2878480008803308,13.43558099870279,13.804523370708921
5259,10019.385103371475,10019.385203752,10019.385203752,10019.38581558,10019.399604048,2,COMPLETED,True,0.1003805246000411,0.6118280016380595,13.788467998892884,14.500676525130984
5260,10019.39585402235,10019.395942044,10019.395942044,10019.39675218,10019.4151405,0,COMPLETED,True,0.08802165029919706,0.8101359999272972,18.3883199988486,19.286477649075096
5261,10019.407599993387,10019.407690688,10019.407690688,10019.408296331,10019.421816435,3,COMPLETED,True,0.09069461339095142,0.6056429992895573,13.520104001145228,14.216441613825737
5262,10019.436962540492,10019.437050725,10019.437050725,10019.437722312,10019.456989706,1,COMPLETED,True,0.08818450805847533,0.6715869985782774,19.267394000053173,20.027165506689926
5263,10019.4430873292,10019.443170499,10019.443170499,10019.44375386,10019.462590113,2,COMPLETED,True,0.08316979983646888,0.5833609993715072,18.8362530006998,19.502783799907775
5264,10019.443945641673,10019.44405213,10019.44405213,10019.444568138,10019.458312238,0,COMPLETED,True,0.10648832721926738,0.5160079999768641,13.744100000621984,14.366596327818115
5265,10019.445260227802,10019.445353708,10019.445353708,10019.445954726,10019.459901083,3,COMPLETED,True,0.09348019921162631,0.6010179986333242,13.946357001259457,14.640855199104408
5266,10019.45220602982,10019.452303012,10019.452303012,10019.45721242,10019.471719976,1,COMPLETED,True,0.09698217945697252,4.9094080004579155,14.507555999443866,19.513946179358754
5267,10019.462638178766,10019.462823202,10019.462823202,10019.463424195,10019.476672435,0,COMPLETED,True,0.1850232347351266,0.6009930002619512,13.248239998574718,14.034256233571796
5268,10019.494191788304,10019.49435156,10019.49435156,10019.495074069,10019.515212022,3,COMPLETED,True,0.1597716964170104,0.7225089993880829,20.13795299899357,21.020233694798662
5269,10019.503735240283,10019.503889463,10019.503889463,10019.50459116,10019.517908415,2,COMPLETED,True,0.15422271644638386,0.7016969993856037,13.317255001311423,14.17317471714341
5270,10019.50634757333,10019.506454637,10019.506454637,10019.506860642,10019.520455151,1,COMPLETED,True,0.10706366992963012,0.40600500142318197,13.594508998721722,14.107577670074534
5271,10019.516890881114,10019.517061974,10019.517061974,10019.518154753,10019.537354587,0,COMPLETED,True,0.1710928863758454,1.0927789990091696,19.199834001483396,20.46370588686841
5272,10019.517421257317,10019.51779077,10019.51779077,10019.518373329,10019.531734834,2,COMPLETED,True,0.3695126833918039,0.5825589996675262,13.361504999920726,14.313576682980056
5273,10019.533363594815,10019.533525519,10019.533525519,10019.534315052,10019.55360576,3,COMPLETED,True,0.16192418479477055,0.7895329999882961,19.290707999971346,20.242165184754413
5274,10019.53556900629,10019.535712193,10019.535712193,10019.536167207,10019.550007922,1,COMPLETED,True,0.14318670946522616,0.4550140001811087,13.840715000696946,14.43891571034328
5275,10019.539601460585,10019.539845416,10019.539845416,10019.540434684,10019.554013948,2,COMPLETED,True,0.24395541549893096,0.5892680001124972,13.57926399941789,14.412487415029318
5276,10019.584041598073,10019.584181566,10019.584181566,10019.584700624,10019.597837434,0,COMPLETED,True,0.139967927680118,0.5190579995542066,13.136809999195975,13.7958359264303
5277,10019.59179851058,10019.591912588,10019.591912588,10019.592499538,10019.611021238,1,COMPLETED,True,0.11407741840230301,0.586950000069919,18.521700001656427,19.22272742012865
5278,10019.593033946438,10019.593129171,10019.593129171,10019.593744285,10019.607287639,3,COMPLETED,True,0.0952245627559023,0.6151140005385969,13.543353999921237,14.253692563215736
5279,10019.611835637697,10019.611928332,10019.611928332,10019.612609796,10019.626065974,2,COMPLETED,True,0.09269430302083492,0.6814640000811778,13.456177999614738,14.23033630271675
5280,10019.61646995272,10019.616629616,10019.616629616,10019.617345463,10019.636705166,0,COMPLETED,True,0.15966328101058025,0.7158469998103101,19.35970299928158,20.23521328010247
5281,10019.621085732662,10019.621172349,10019.621172349,10019.621878349,10019.635553221,3,COMPLETED,True,0.08661633728479501,0.7060000007186318,13.674871999683091,14.467488337686518
5282,10019.622041683995,10019.622133159,10019.622133159,10019.622578385,10019.636288856,1,COMPLETED,True,0.09147500531980768,0.4452260000107344,13.710470999285462,14.247172004616004
5283,10019.623736052672,10019.624040575,10019.624040575,10019.626238643,10019.639967782,2,COMPLETED,True,0.3045223274966702,2.1980680012347875,13.729139000133728,16.231729328865185
5284,10019.624414776137,10019.624568287,10019.624568287,10019.635741244,10019.649843416,3,COMPLETED,True,0.1535108622192638,11.17295699987153,14.102172001003055,25.42863986309385
5285,10019.6309642283,10019.631133642,10019.631133642,10019.63666599,10019.650457491,1,COMPLETED,True,0.16941370085987728,5.532347999178455,13.79150100001425,19.493262700052583
5286,10019.63370710288,10019.63386089,10019.63386089,10019.636880471,10019.651748884,0,COMPLETED,True,0.15378712123492733,3.01958099953481,14.868412999931024,18.04178112070076
5287,10019.637891076563,10019.638085516,10019.638085516,10019.640273157,10019.654257534,2,COMPLETED,True,0.19443943710939493,2.1876409991818946,13.984377001179382,16.36645743747067
5288,10019.65080953359,10019.651121317,10019.651121317,10019.651562478,10019.665449223,3,COMPLETED,True,0.3117834094155114,0.4411610007082345,13.886745000490919,14.639689410614665
5289,10019.651480830713,10019.651590126,10019.651590126,10019.651942342,10019.665823763,1,COMPLETED,True,0.10929528798442334,0.3522159986459883,13.88142100040568,14.342932287036092
5290,10019.652110499837,10019.652281513,10019.652281513,10019.652677872,10019.666553372,0,COMPLETED,True,0.1710131618892774,0.3963590006605955,13.87550000072224,14.442872163272114
5291,10019.656825218415,10019.656917275,10019.656917275,10019.657450534,10019.671803584,2,COMPLETED,True,0.09205658534483518,0.5332589989848202,14.353050000863732,14.978365585193387
5292,10019.659439767396,10019.659631453,10019.659631453,10019.665778069,10019.67993769,3,COMPLETED,True,0.19168560356774833,6.146616000478389,14.15962099963508,20.497922603681218
5293,10019.659490789185,10019.65974399,10019.65974399,10019.666160871,10019.679820538,1,COMPLETED,True,0.25320081476820633,6.416881000404828,13.659666999956244,20.32974881512928
5294,10019.661820416975,10019.661916914,10019.661916914,10019.666876272,10019.68034121,0,COMPLETED,True,0.09649702406022698,4.959358000633074,13.464937999742688,18.52079302443599
5295,10019.670682204782,10019.670734718,10019.670734718,10019.672184224,10019.685828221,2,COMPLETED,True,0.052513218179228716,1.4495060004264815,13.643996999235242,15.146016217840952
5296,10019.676486216846,10019.676634092,10019.676634092,10019.680264707,10019.693603971,1,COMPLETED,True,0.1478751546528656,3.630614999565296,13.339264000023832,17.117754154241993
5297,10019.69122086429,10019.691312768,10019.691312768,10019.691927421,10019.705377065,3,COMPLETED,True,0.09190371019940358,0.614652999502141,13.449644000502303,14.156200710203848
5298,10019.694742693555,10019.694838283,10019.694838283,10019.695317647,10019.710333542,0,COMPLETED,True,0.09558944475429598,0.4793640000571031,15.015895000033197,15.590848444844596
5299,10019.705459045432,10019.705549054,10019.705549054,10019.706251133,10019.719798828,2,COMPLETED,True,0.09000856880447827,0.7020789998932742,13.547694999942905,14.339782568640658
5300,10019.705600067704,10019.705625779,10019.705625779,10019.706352487,10019.719799192,1,COMPLETED,True,0.025711295165820047,0.7267080000019632,13.446705001115333,14.199124296283117
5301,10019.711656852569,10019.711775988,10019.711775988,10019.712385545,10019.725899201,3,COMPLETED,True,0.11913543130503967,0.6095570006436901,13.513655998394825,14.242348430343554
5302,10019.714075405825,10019.714172978,10019.714172978,10019.714766865,10019.728303993,0,COMPLETED,True,0.09757217412698083,0.5938869999226881,13.537128001189558,14.228587175239227
5303,10019.723294089461,10019.723388097,10019.723388097,10019.72410389,10019.737427739,2,COMPLETED,True,0.09400753879162949,0.715792999471887,13.323849001608323,14.13364953987184
