request_id,scheduled_ts,enqueue_ts,enqueue_attempt_ts,execution_start,completion_ts,worker_id,outcome,outcome_confirmed,phase_id,input_id,generator_delay_ms,queueing_delay_ms,service_time_ms,e2e_latency_ms
0,16532.361664144068,16532.361827611,16532.361827611,16532.363217421,16532.382474528,2,COMPLETED,True,baseline_0,0,0.16346693155355752,1.3898100005462766,19.257107000157703,20.810383932257537
1,16532.415679522557,16532.415801604,16532.415801604,16532.416681689,16532.435957255,3,COMPLETED,True,baseline_0,1,0.1220814410771709,0.8800850009720307,19.2755659991235,20.277732441172702
2,16532.46060492487,16532.460761239,16532.460761239,16532.461677904,16532.481582083,0,COMPLETED,True,baseline_0,2,0.15631413043593056,0.9166650015686173,19.90417900015018,20.977158132154727
3,16532.46522066953,16532.465288626,16532.465288626,16532.466181253,16532.484175834,1,COMPLETED,True,baseline_0,3,0.0679564727761317,0.8926269983930979,17.994581001403276,18.955164472572505
4,16532.48122983844,16532.481391567,16532.481391567,16532.48219423,16532.499251204,2,COMPLETED,True,baseline_0,4,0.1617285597603768,0.8026630021049641,17.056974000297487,18.021365562162828
5,16532.530524618465,16532.530749028,16532.530749028,16532.531643042,16532.547832523,3,COMPLETED,True,baseline_0,5,0.2244095339847263,0.8940139996411745,16.189481000765227,17.307904534391128
6,16532.5310529966,16532.531404046,16532.531404046,16532.531832079,16532.546129788,0,COMPLETED,True,baseline_0,6,0.3510493988869712,0.42803299947991036,14.297708999947645,15.076791398314526
7,16532.532200967697,16532.532333986,16532.532333986,16532.532880801,16532.552343335,1,COMPLETED,True,baseline_0,7,0.13301830404088832,0.5468150011438411,19.46253399728448,20.14236730246921
8,16532.532623724615,16532.532760211,16532.532760211,16532.533500528,16532.552549028,2,COMPLETED,True,baseline_0,8,0.13648638559971005,0.7403169984172564,19.0485000020999,19.925303386116866
9,16532.557434302365,16532.557530937,16532.557530937,16532.558141182,16532.571625347,0,COMPLETED,True,baseline_0,9,0.09663463424658403,0.6102449988247827,13.484164999681525,14.191044632752892
10,16532.5610888142,16532.561175843,16532.561175843,16532.561979105,16532.580694803,3,COMPLETED,True,baseline_0,10,0.08702879858901724,0.8032620025915094,18.715697999141412,19.60598880032194
11,16532.58695475658,16532.587051063,16532.587051063,16532.587618759,16532.602032098,1,COMPLETED,True,baseline_0,11,0.09630641943658702,0.5676959990523756,14.41333899856545,15.077341417054413
12,16532.601577073256,16532.601666907,16532.601666907,16532.602367327,16532.620159899,2,COMPLETED,True,baseline_0,12,0.08983374573290348,0.7004199978837278,17.792572001781082,18.582825745397713
13,16532.62898633976,16532.62908017,16532.62908017,16532.629960405,16532.648630998,0,COMPLETED,True,baseline_0,13,0.09383024007547647,0.8802349984762259,18.670592999114888,19.64465823766659
14,16532.662140460496,16532.662304281,16532.662304281,16532.662895657,16532.680829236,3,COMPLETED,True,baseline_0,14,0.16382050307583995,0.5913759996474255,17.933579001692124,18.68877550441539
15,16532.75097669256,16532.751064283,16532.751064283,16532.752108238,16532.772381608,1,COMPLETED,True,baseline_0,15,0.08759043703321368,1.04395500238752,20.273369998903945,21.40491543832468
16,16532.784830480214,16532.784933761,16532.784933761,16532.785869783,16532.805599255,2,COMPLETED,True,baseline_0,16,0.10328078496968374,0.9360220028611366,19.729471998289227,20.768774786120048
17,16532.802088293713,16532.802270713,16532.802270713,16532.803201846,16532.821212731,0,COMPLETED,True,baseline_0,17,0.1824192877393216,0.931132999539841,18.010884999966947,19.12443728724611
18,16532.804977651173,16532.805110593,16532.805110593,16532.805950064,16532.825996953,3,COMPLETED,True,baseline_0,18,0.13294182645040564,0.8394710021093488,20.04688899978646,21.019301828346215
19,16532.817150024737,16532.817310913,16532.817310913,16532.818019684,16532.834240466,1,COMPLETED,True,baseline_0,19,0.16088826305349357,0.7087710000632796,16.22078199943644,17.090441262553213
20,16532.840377811048,16532.84052157,16532.84052157,16532.841346465,16532.854522905,2,COMPLETED,True,baseline_0,20,0.14375895261764526,0.8248949998233002,13.176439999369904,14.14509395181085
21,16532.87413963249,16532.87430039,16532.87430039,16532.874804372,16532.892601952,0,COMPLETED,True,baseline_0,21,0.1607575104571879,0.5039819989178795,17.79757999975118,18.462319509126246
22,16532.89640771247,16532.896545853,16532.896545853,16532.89702633,16532.915004947,3,COMPLETED,True,baseline_0,22,0.13814053090754896,0.48047699965536594,17.978617001062958,18.597234531625872
23,16532.927184383097,16532.927326924,16532.927326924,16532.927999212,16532.946234008,1,COMPLETED,True,baseline_0,23,0.14254090274334885,0.6722879988956265,18.234795999887865,19.04962490152684
24,16532.935111998326,16532.935273405,16532.935273405,16532.93594138,16532.954377602,2,COMPLETED,True,baseline_0,24,0.16140667503350414,0.6679750003968365,18.436221998854307,19.265603674284648
25,16532.94969614404,16532.949852594,16532.949852594,16532.950773682,16532.967385903,0,COMPLETED,True,baseline_0,25,0.15644995801267214,0.9210880016325973,16.612220999377314,17.689758959022583
26,16532.974399475166,16532.974496382,16532.974496382,16532.97499105,16532.989067787,3,COMPLETED,True,baseline_0,26,0.09690683509688824,0.49466799828223884,14.076736999413697,14.668311832792824
27,16532.98327866381,16532.983508536,16532.983508536,16532.984417684,16533.003782711,1,COMPLETED,True,baseline_0,27,0.22987218835623935,0.9091480023926124,19.36502699754783,20.50404718829668
28,16533.007546996607,16533.007796276,16533.007796276,16533.008579884,16533.028352823,2,COMPLETED,True,baseline_0,28,0.24927939375629649,0.7836080003471579,19.77293899835786,20.805826392461313
29,16533.008066202023,16533.008209596,16533.008209596,16533.009363684,16533.029119321,0,COMPLETED,True,baseline_0,29,0.1433939760318026,1.1540880004758947,19.755637000343995,21.053118976851692
30,16533.01209629521,16533.012342759,16533.012342759,16533.013024384,16533.031618344,3,COMPLETED,True,baseline_0,30,0.24646379097248428,0.6816249988332856,18.593960001453524,19.522048791259294
31,16533.025266041826,16533.025447167,16533.025447167,16533.026303056,16533.041056605,1,COMPLETED,True,baseline_0,31,0.1811251750041265,0.8558890003769193,14.753548999578925,15.79056317495997
32,16533.09507943645,16533.095232471,16533.095232471,16533.096089453,16533.111467202,2,COMPLETED,True,baseline_0,32,0.1530345507489983,0.8569819983677007,15.377749001345364,16.387765550462063
33,16533.1211412383,16533.121305741,16533.121305741,16533.122289801,16533.141557653,0,COMPLETED,True,baseline_0,33,0.1645026968617458,0.9840599996095989,19.26785200339509,20.416414699866436
34,16533.132406260724,16533.13255074,16533.13255074,16533.133415037,16533.153442208,3,COMPLETED,True,baseline_0,34,0.14447927605942823,0.8642969987704419,20.027171001856914,21.035947276686784
35,16533.141466378165,16533.14160702,16533.14160702,16533.142524707,16533.160529052,1,COMPLETED,True,baseline_0,35,0.1406418341503013,0.9176870007649995,18.00434499818948,19.062673833104782
36,16533.148489947365,16533.148692753,16533.148692753,16533.149285435,16533.168676942,2,COMPLETED,True,baseline_0,36,0.20280563330743462,0.5926820012973621,19.391507001273567,20.186994635878364
37,16533.152412870313,16533.15256679,16533.15256679,16533.153264062,16533.171835434,0,COMPLETED,True,baseline_0,37,0.15391968554467894,0.6972720002522692,18.571372002043063,19.42256368784001
38,16533.224146491833,16533.224289616,16533.224289616,16533.225134337,16533.243323558,3,COMPLETED,True,baseline_0,38,0.14312416533357464,0.8447210020676721,18.189220998465316,19.177066165866563
39,16533.23256798756,16533.232757299,16533.232757299,16533.233598378,16533.248705066,1,COMPLETED,True,baseline_0,39,0.18931143858935684,0.8410789996560197,15.106687998923007,16.137078437168384
40,16533.250271537705,16533.250404936,16533.250404936,16533.25115089,16533.264979343,2,COMPLETED,True,baseline_0,40,0.13339829456526786,0.7459539992851205,13.828453000314767,14.707805294165155
41,16533.251426570092,16533.251562571,16533.251562571,16533.252187139,16533.271065418,0,COMPLETED,True,baseline_0,41,0.13600090824184008,0.6245680015126709,18.87827899918193,19.63884790893644
42,16533.258693624834,16533.258908994,16533.258908994,16533.259749346,16533.279703265,3,COMPLETED,True,baseline_0,42,0.2153691675630398,0.8403520005231258,19.953918999817688,21.009640167903854
43,16533.300037274188,16533.300170933,16533.300170933,16533.30103623,16533.319022775,1,COMPLETED,True,baseline_0,43,0.1336588102276437,0.8652970027469564,17.986544997256715,18.985500810231315
44,16533.328049382446,16533.328228969,16533.328228969,16533.328930558,16533.341908293,2,COMPLETED,True,baseline_0,44,0.17958655371330678,0.701589000527747,12.977735001186375,13.858910555427428
45,16533.355290496896,16533.355452656,16533.355452656,16533.356339273,16533.376078314,0,COMPLETED,True,baseline_0,45,0.1621591036382597,0.8866169991961215,19.739040999411372,20.787817102245754
46,16533.37122630271,16533.371395249,16533.371395249,16533.372150448,16533.390706592,3,COMPLETED,True,baseline_0,46,0.16894629152375273,0.7551990020147059,18.55614399755723,19.480289291095687
47,16533.375698465123,16533.375840918,16533.375840918,16533.376671362,16533.395437379,1,COMPLETED,True,baseline_0,47,0.14245287820813246,0.8304439979838207,18.766017001325963,19.738913877517916
48,16533.39022665262,16533.390312792,16533.390312792,16533.391020682,16533.405129452,2,COMPLETED,True,baseline_0,48,0.08613937825430185,0.7078900016495027,14.108769999438664,14.902799379342468
49,16533.393552626978,16533.393661507,16533.393661507,16533.394332038,16533.407677412,0,COMPLETED,True,baseline_0,49,0.10888002361753024,0.6705309970129747,13.345374001801247,14.124785022431752
50,16533.39676509667,16533.396910294,16533.396910294,16533.397606819,16533.412518671,3,COMPLETED,True,baseline_0,50,0.14519732940243557,0.6965249995118938,14.911852002114756,15.753574331029085
51,16533.422632242247,16533.422805071,16533.422805071,16533.423580221,16533.437668332,1,COMPLETED,True,baseline_0,51,0.17282875342061743,0.7751499979349319,14.088111001910875,15.036089753266424
52,16533.4855996015,16533.48576661,16533.48576661,16533.486588787,16533.501478384,2,COMPLETED,True,baseline_0,52,0.1670085002842825,0.8221770003729034,14.889597001456423,15.878782502113609
53,16533.493155978456,16533.493322865,16533.493322865,16533.494086698,16533.513005015,0,COMPLETED,True,baseline_0,53,0.16688654432073236,0.7638329989276826,18.918317000498064,19.84903654374648
54,16533.496816093,16533.496975797,16533.496975797,16533.497603212,16533.517567875,3,COMPLETED,True,baseline_0,54,0.15970399908837862,0.6274150000535883,19.964662998972926,20.751781998114893
55,16533.561557661207,16533.561649984,16533.561649984,16533.562660534,16533.581815258,1,COMPLETED,True,baseline_0,55,0.09232279262505472,1.0105500005010981,19.154723999236012,20.257596792362165
56,16533.569527818636,16533.569617852,16533.569617852,16533.570524956,16533.589965739,2,COMPLETED,True,baseline_0,56,0.09003336526802741,0.9071040003618691,19.440782998572104,20.437920364202
57,16533.58954727168,16533.589638301,16533.589638301,16533.590339478,16533.606106715,0,COMPLETED,True,baseline_0,57,0.09102932017412968,0.7011769994278438,15.76723700054572,16.559443320147693
58,16533.637157068115,16533.637318376,16533.637318376,16533.637893147,16533.655801189,3,COMPLETED,True,baseline_0,58,0.16130788571899757,0.574770998355234,17.90804200209095,18.644120886165183
59,16533.661549550845,16533.661644565,16533.661644565,16533.66235217,16533.681989688,1,COMPLETED,True,baseline_0,59,0.09501415479462594,0.7076049987517763,19.637518002127763,20.440137155674165
60,16533.68805056077,16533.688207521,16533.688207521,16533.689223686,16533.708413103,2,COMPLETED,True,baseline_0,60,0.15696023183409125,1.016164998873137,19.189416998415254,20.362542229122482
61,16533.715561336543,16533.715654866,16533.715654866,16533.716516099,16533.736800777,0,COMPLETED,True,baseline_0,61,0.09352945562568493,0.861233002069639,20.284677997551626,21.23944045524695
62,16533.76077527176,16533.760953517,16533.760953517,16533.761518735,16533.77973606,3,COMPLETED,True,baseline_0,62,0.1782452418410685,0.5652179970638826,18.217325003206497,18.960788242111448
63,16533.795372729586,16533.795480889,16533.795480889,16533.796375146,16533.809505605,1,COMPLETED,True,baseline_0,63,0.10815941277542152,0.894257002073573,13.130458999512484,14.132875414361479
64,16533.809744529826,16533.810144011,16533.810144011,16533.810941532,16533.829704072,2,COMPLETED,True,baseline_0,64,0.3994811740994919,0.7975209991855081,18.762539999443106,19.959542172728106
65,16533.813603876537,16533.8137661,16533.8137661,16533.814540894,16533.832323841,0,COMPLETED,True,baseline_0,65,0.16222346312133595,0.7747939998807851,17.78294700125116,18.71996446425328
66,16533.814824794503,16533.815015969,16533.815015969,16533.815693384,16533.834966367,3,COMPLETED,True,baseline_0,66,0.1911744984681718,0.6774149987904821,19.272983001428656,20.14157249868731
67,16533.816770995443,16533.816949132,16533.816949132,16533.817609619,16533.836298506,1,COMPLETED,True,baseline_0,67,0.17813655722420663,0.660486999549903,18.68888700118987,19.52751055796398
68,16533.8408333996,16533.840977695,16533.840977695,16533.841583458,16533.854620111,2,COMPLETED,True,baseline_0,68,0.1442953980586026,0.6057630016584881,13.0366529992898,13.78671139900689
69,16533.849261558193,16533.849381134,16533.849381134,16533.850021387,16533.862698295,0,COMPLETED,True,baseline_0,69,0.11957580863963813,0.6402529979823157,12.676908001594711,13.436736808216665
70,16534.007847229655,16534.008127301,16534.008127301,16534.009271101,16534.030321293,3,COMPLETED,True,baseline_0,70,0.28007134460494854,1.1438000001362525,21.05019200098468,22.47406334572588
71,16534.02784895975,16534.028122004,16534.028122004,16534.029184563,16534.049662295,1,COMPLETED,True,baseline_0,71,0.27304425020702183,1.0625590002746321,20.47773199956282,21.813335250044474
72,16534.095570480367,16534.095736043,16534.095736043,16534.096680182,16534.115084539,2,COMPLETED,True,baseline_0,72,0.16556263290112838,0.9441389993298799,18.404357000690652,19.51405863292166
73,16534.108312537817,16534.108475015,16534.108475015,16534.109396058,16534.129548389,0,COMPLETED,True,baseline_0,73,0.16247718303930014,0.9210429998347536,20.152330998826073,21.235851181700127
74,16534.11276755833,16534.112954199,16534.112954199,16534.113832972,16534.133309893,3,COMPLETED,True,baseline_0,74,0.18664067101781256,0.8787730002950411,19.476920999295544,20.542334670608398
75,16534.20270422922,16534.202959211,16534.202959211,16534.203872711,16534.224628616,1,COMPLETED,True,baseline_0,75,0.25498178001726046,0.9135000000242144,20.755904999532504,21.92438677957398
76,16534.241243746204,16534.241407845,16534.241407845,16534.242417356,16534.262672488,2,COMPLETED,True,baseline_0,76,0.16409879390266724,1.0095110010297503,20.25513199987472,21.428741794807138
77,16534.254952847386,16534.255038769,16534.255038769,16534.255733212,16534.272487318,0,COMPLETED,True,baseline_0,77,0.08592161248088814,0.6944430024304893,16.754106000007596,17.534470614918973
78,16534.29625803499,16534.296359096,16534.296359096,16534.29708415,16534.311850386,3,COMPLETED,True,baseline_0,78,0.10106101035489701,0.7250540002132766,14.766235999559285,15.592351010127459
79,16534.305168878604,16534.305262386,16534.305262386,16534.305720567,16534.318553724,1,COMPLETED,True,baseline_0,79,0.09350739492219873,0.4581810026138555,12.83315699765808,13.384845395194134
80,16534.324820933536,16534.324907518,16534.324907518,16534.325312812,16534.338054007,2,COMPLETED,True,baseline_0,80,0.08658446313347667,0.4052940021210816,12.74119499794324,13.233073463197798
81,16534.328974735043,16534.3291029,16534.3291029,16534.329625148,16534.342381623,0,COMPLETED,True,baseline_0,81,0.12816495654988103,0.5222479994699825,12.756475000060163,13.406887956080027
82,16534.36798016945,16534.368130008,16534.368130008,16534.368849604,16534.381895801,3,COMPLETED,True,baseline_0,82,0.14983854998718016,0.7195960024546366,13.046197000221582,13.915631552663399
83,16534.39062115561,16534.390726399,16534.390726399,16534.391742669,16534.405093222,1,COMPLETED,True,baseline_0,83,0.10524339086259715,1.0162699982174672,13.350553002965171,14.472066392045235
84,16534.457319938963,16534.457475816,16534.457475816,16534.457995098,16534.471464195,2,COMPLETED,True,baseline_0,84,0.15587703819619492,0.5192819990043063,13.469097000779584,14.144256037980085
85,16534.49747419225,16534.497577335,16534.497577335,16534.498465417,16534.515951566,0,COMPLETED,True,baseline_0,85,0.10314275277778506,0.8880819987098221,17.48614900134271,18.477373752830317
86,16534.4979269045,16534.498204371,16534.498204371,16534.498681428,16534.512957246,3,COMPLETED,True,baseline_0,86,0.27746650084736757,0.47705699762445875,14.275818000896834,15.03034149936866
87,16534.55868216374,16534.558886739,16534.558886739,16534.559653378,16534.579119164,1,COMPLETED,True,baseline_0,87,0.20457525897654705,0.7666390010854229,19.465785997454077,20.437000257516047
88,16534.560497934206,16534.560627734,16534.560627734,16534.561065698,16534.574884528,2,COMPLETED,True,baseline_0,88,0.1297997951041907,0.437963997683255,13.818830000673188,14.386593793460634
89,16534.561440420952,16534.561775781,16534.561775781,16534.562272388,16534.578895734,3,COMPLETED,True,baseline_0,89,0.33536004775669426,0.49660700096865185,16.62334600041504,17.455313049140386
90,16534.590374797353,16534.590466386,16534.590466386,16534.591091855,16534.610676456,0,COMPLETED,True,baseline_0,90,0.0915886448638048,0.6254690015339293,19.584600999223767,20.3016586456215
91,16534.609534503987,16534.609680935,16534.609680935,16534.610533034,16534.625102082,2,COMPLETED,True,baseline_0,91,0.14643101167166606,0.8520990013494156,14.569047998520546,15.567578011541627
92,16534.614815035522,16534.614934243,16534.614934243,16534.615350361,16534.629534021,3,COMPLETED,True,baseline_0,92,0.11920747783733532,0.4161180004302878,14.183660001435783,14.718985479703406
93,16534.63157053054,16534.631655877,16534.631655877,16534.632225458,16534.64513012,1,COMPLETED,True,baseline_0,93,0.08534646258340217,0.5695809995813761,12.904661998618394,13.559589460783172
94,16534.71093060796,16534.711055188,16534.711055188,16534.711976955,16534.731758471,0,COMPLETED,True,baseline_0,94,0.12458004130166955,0.9217670012731105,19.781515999056865,20.827863041631645
95,16534.727108031897,16534.727302598,16534.727302598,16534.727884798,16534.741441956,2,COMPLETED,True,baseline_0,95,0.19456610243651085,0.582200002099853,13.557157999457559,14.333924103993922
96,16534.729450955063,16534.72958667,16534.72958667,16534.730373651,16534.74952455,3,COMPLETED,True,baseline_0,96,0.13571493764175102,0.7869809996918775,19.150898999214405,20.073594936548034
97,16534.73631926108,16534.736470545,16534.736470545,16534.737290384,16534.756194684,1,COMPLETED,True,baseline_0,97,0.1512839226052165,0.8198389987228438,18.904299999121577,19.875422920449637
98,16534.769372106675,16534.769484945,16534.769484945,16534.770186111,16534.783593355,0,COMPLETED,True,baseline_0,98,0.11283832645858638,0.7011659981799312,13.407244001427898,14.221248326066416
99,16534.779303666957,16534.779428704,16534.779428704,16534.780195929,16534.794404176,2,COMPLETED,True,baseline_0,99,0.12503704419941641,0.7672249994357117,14.208246997441165,15.100509041076293
100,16534.794803532517,16534.794927446,16534.794927446,16534.795396808,16534.808878663,3,COMPLETED,True,baseline_0,100,0.1239134835486766,0.46936199942138046,13.481854999554344,14.0751304825244
101,16534.819413058394,16534.819523778,16534.819523778,16534.820053942,16534.834084719,1,COMPLETED,True,baseline_0,101,0.11071960398112424,0.5301640012476128,14.03077700160793,14.671660606836667
102,16534.81983067894,16534.819923183,16534.819923183,16534.820276867,16534.834300034,0,COMPLETED,True,baseline_0,102,0.09250405855709687,0.35368400131119415,14.023166997503722,14.469355057372013
103,16534.842875924718,16534.843017892,16534.843017892,16534.843644669,16534.857221643,2,COMPLETED,True,baseline_0,103,0.14196728079696186,0.626777000434231,13.57697400089819,14.345718282129383
104,16534.87311234749,16534.873361682,16534.873361682,16534.874029847,16534.893209277,3,COMPLETED,True,baseline_0,104,0.24933450913522393,0.6681650011159945,19.179430000804132,20.09692951105535
105,16534.89417583084,16534.894334766,16534.894334766,16534.895223434,16534.91423887,1,COMPLETED,True,baseline_0,105,0.15893515956122428,0.8886680006980896,19.015435998881003,20.063039159140317
106,16534.910325860073,16534.910477335,16534.910477335,16534.91124191,16534.924598213,0,COMPLETED,True,baseline_0,106,0.15147492740652524,0.7645749974471983,13.356303003092762,14.272352927946486
107,16534.959288262653,16534.959463447,16534.959463447,16534.959988159,16534.975065546,2,COMPLETED,True,baseline_0,107,0.17518434833618812,0.5247119988780469,15.077387000928866,15.7772833481431
108,16534.971842640683,16534.972112788,16534.972112788,16534.972808606,16534.992747496,3,COMPLETED,True,baseline_0,108,0.2701473167689983,0.6958179983485024,19.93889000004856,20.90485531516606
109,16534.99626686608,16534.996510547,16534.996510547,16534.997325538,16535.015119604,1,COMPLETED,True,baseline_0,109,0.24368091908399947,0.814990999060683,17.794065999623854,18.852737917768536
110,16535.001287943913,16535.001445389,16535.001445389,16535.002377549,16535.021820048,0,COMPLETED,True,baseline_0,110,0.1574450870975852,0.932160000957083,19.4424990004336,20.532104088488268
111,16535.00529472146,16535.005443044,16535.005443044,16535.00618949,16535.025092475,2,COMPLETED,True,baseline_0,111,0.14832253873464651,0.7464459995389916,18.90298500075005,19.797753539023688
112,16535.022296539504,16535.022624851,16535.022624851,16535.02350356,16535.042987279,3,COMPLETED,True,baseline_0,112,0.3283114965597633,0.8787090009718668,19.48371899925405,20.69073949678568
113,16535.029260368272,16535.029360921,16535.029360921,16535.030174698,16535.043870278,1,COMPLETED,True,baseline_0,113,0.10055272650788538,0.8137770018947776,13.695580000785412,14.609909729188075
114,16535.162865615395,16535.163018135,16535.163018135,16535.164185529,16535.184483238,0,COMPLETED,True,baseline_0,114,0.1525196057627909,1.1673939989123028,20.297709001170006,21.6176226058451
115,16535.242357811563,16535.242515779,16535.242515779,16535.243480818,16535.264103188,2,COMPLETED,True,baseline_0,115,0.15796743537066504,0.9650390020397026,20.622370000637602,21.74537643804797
116,16535.24703262079,16535.247171639,16535.247171639,16535.248222046,16535.267976681,3,COMPLETED,True,baseline_0,116,0.13901820784667507,1.0504070014576428,19.754634999117116,20.944060208421433
117,16535.288082921346,16535.288221292,16535.288221292,16535.288963971,16535.306943789,1,COMPLETED,True,baseline_0,117,0.13837065489497036,0.7426789998135064,17.979817999730585,18.860867654439062
118,16535.333721944422,16535.333862241,16535.333862241,16535.334583007,16535.355010591,0,COMPLETED,True,baseline_0,118,0.14029657904757187,0.7207659982668702,20.427584000572097,21.28864657788654
119,16535.40928968588,16535.409499142,16535.409499142,16535.410464305,16535.430437865,2,COMPLETED,True,baseline_0,119,0.20945612050127238,0.9651630025473423,19.973559999925783,21.148179122974398
120,16535.443836183607,16535.444090899,16535.444090899,16535.445135387,16535.465330138,3,COMPLETED,True,baseline_0,0,0.25471539265709,1.0444879990245681,20.19475099950796,21.493954391189618
121,16535.45672390466,16535.456880068,16535.456880068,16535.457665896,16535.477721417,1,COMPLETED,True,baseline_0,1,0.15616333985235542,0.7858280005166307,20.055520999449072,20.99751233981806
122,16535.467725663286,16535.467925819,16535.467925819,16535.468703966,16535.487075261,0,COMPLETED,True,baseline_0,2,0.2001557149924338,0.7781469976180233,18.371295001998078,19.349597714608535
123,16535.468897194583,16535.468999811,16535.468999811,16535.469662988,16535.485705572,2,COMPLETED,True,baseline_0,3,0.10261641727993265,0.6631770011154003,16.04258399675018,16.808377415145515
124,16535.47121194913,16535.471285677,16535.471285677,16535.471842559,16535.490165473,3,COMPLETED,True,baseline_0,4,0.0737278678570874,0.55688200154691,18.32291399841779,18.953523867821787
125,16535.47460169898,16535.474694488,16535.474694488,16535.477922377,16535.493376015,1,COMPLETED,True,baseline_0,5,0.09278901779907756,3.227888999390416,15.453638003236847,18.77431602042634
126,16535.49559913262,16535.49570429,16535.49570429,16535.496114027,16535.509537778,2,COMPLETED,True,baseline_0,6,0.10515737812966108,0.40973700015456416,13.423751002846984,13.93864538113121
127,16535.504552787614,16535.504644609,16535.504644609,16535.505167115,16535.518489236,0,COMPLETED,True,baseline_0,7,0.0918213845579885,0.5225060012890026,13.322121001692722,13.936448387539713
128,16535.545679742674,16535.545771977,16535.545771977,16535.546204636,16535.559169144,3,COMPLETED,True,baseline_0,8,0.09223432425642386,0.4326590023993049,12.964507997821784,13.489401324477512
129,16535.586717730304,16535.586974135,16535.586974135,16535.587860222,16535.607625155,1,COMPLETED,True,baseline_0,9,0.25640469539212063,0.8860870002536103,19.7649330002605,20.90742469590623
130,16535.59306300192,16535.593248805,16535.593248805,16535.593858876,16535.609957308,2,COMPLETED,True,baseline_0,10,0.185803077329183,0.6100710015743971,16.09843199912575,16.89430607802933
131,16535.639180313538,16535.639435207,16535.639435207,16535.640414893,16535.659474718,0,COMPLETED,True,baseline_0,11,0.2548934608057607,0.9796860031201504,19.059824997384567,20.294404461310478
132,16535.767479626407,16535.767734574,16535.767734574,16535.768774913,16535.788641646,3,COMPLETED,True,baseline_0,12,0.2549475939304102,1.040338996972423,19.866733000526438,21.16201959142927
133,16535.77091123601,16535.771069408,16535.771069408,16535.771746255,16535.785629419,1,COMPLETED,True,baseline_0,13,0.1581719916430302,0.676846997521352,13.883163999707904,14.718182988872286
134,16535.787240945956,16535.787408742,16535.787408742,16535.788350867,16535.808230757,2,COMPLETED,True,baseline_0,14,0.1677960426604841,0.9421249997103587,19.879890001902822,20.989811044273665
135,16535.787966522035,16535.788195351,16535.788195351,16535.788832404,16535.804211371,0,COMPLETED,True,baseline_0,15,0.22882896519149654,0.6370529990817886,15.378967000287957,16.244848964561243
136,16535.79036896896,16535.790531124,16535.790531124,16535.791355583,16535.807249618,3,COMPLETED,True,baseline_0,16,0.16215504001593217,0.8244589989772066,15.894035001110751,16.88064904010389
137,16535.800945413826,16535.801096829,16535.801096829,16535.801913002,16535.820767177,1,COMPLETED,True,baseline_0,17,0.15141517360461876,0.8161730002029799,18.85417499943287,19.82176317324047
138,16535.808144688417,16535.808300172,16535.808300172,16535.809144866,16535.825608954,0,COMPLETED,True,baseline_0,18,0.15548358351225033,0.8446940009889659,16.464087999338517,17.464265583839733
139,16535.84566485104,16535.845869712,16535.845869712,16535.846488617,16535.86144019,3,COMPLETED,True,baseline_0,19,0.20486096036620438,0.6189050000102725,14.951573000871576,15.775338961248053
140,16535.848636483737,16535.848794183,16535.848794183,16535.849389234,16535.867180349,2,COMPLETED,True,baseline_0,20,0.15769926176290028,0.595051002164837,17.7911149985448,18.543865262472536
141,16535.850190208774,16535.850369121,16535.850369121,16535.851198385,16535.866505866,1,COMPLETED,True,baseline_0,21,0.17891222523758188,0.8292640013678465,15.307481000490952,16.31565722709638
142,16535.85286173789,16535.852983464,16535.852983464,16535.85366543,16535.868281691,0,COMPLETED,True,baseline_0,22,0.12172610877314582,0.6819660011387896,14.616260999900987,15.419953109812923
143,16535.860568238146,16535.86074341,16535.86074341,16535.861615594,16535.875022137,3,COMPLETED,True,baseline_0,23,0.17517185551696457,0.872183998581022,13.40654299929156,14.453898853389546
144,16535.881167166266,16535.881271047,16535.881271047,16535.881895655,16535.899887782,1,COMPLETED,True,baseline_0,24,0.10388073496869765,0.6246079974516761,17.992127002798952,18.720615735219326
145,16535.934459687036,16535.934628445,16535.934628445,16535.935396053,16535.953559717,2,COMPLETED,True,baseline_0,25,0.16875796427484602,0.7676079985685647,18.16366400089464,19.100029963738052
146,16535.961205019186,16535.961225957,16535.961225957,16535.962162077,16535.98149562,0,COMPLETED,True,baseline_0,26,0.020937812223564833,0.936120002734242,19.333542997628683,20.29060081258649
147,16535.980691426135,16535.980840418,16535.980840418,16535.981698553,16536.000754908,3,COMPLETED,True,baseline_0,27,0.14899186498951167,0.8581350011809263,19.056354998610914,20.06348186478135
148,16535.994807625866,16535.994951161,16535.994951161,16535.995710407,16536.009526104,0,COMPLETED,True,baseline_0,28,0.14353513324749656,0.7592460024170578,13.815696998790372,14.718478134454926
149,16536.06356169774,16536.06371326,16536.06371326,16536.064640348,16536.082101951,2,COMPLETED,True,baseline_0,29,0.15156225708778948,0.927088000025833,17.461603001720505,18.540253258834127
150,16536.068298197406,16536.068476028,16536.068476028,16536.069104544,16536.086959234,1,COMPLETED,True,baseline_0,30,0.1778305922925938,0.6285160015977453,17.854689998785034,18.661036592675373
151,16536.072533254566,16536.072727307,16536.072727307,16536.07356634,16536.092888304,3,COMPLETED,True,baseline_0,31,0.19405243438086472,0.8390330003749114,19.321963998663705,20.35504943341948
152,16536.177673314472,16536.177820662,16536.177820662,16536.178638478,16536.197873394,0,COMPLETED,True,baseline_0,32,0.14734752767253667,0.8178159987437539,19.234916002460523,20.200079528876813
153,16536.202212574517,16536.202483765,16536.202483765,16536.203465657,16536.22365542,2,COMPLETED,True,baseline_0,33,0.2711904817260802,0.9818920007091947,20.189762999507366,21.44284548194264
154,16536.22348447593,16536.223646685,16536.223646685,16536.224594183,16536.243110323,1,COMPLETED,True,baseline_0,34,0.1622090712771751,0.9474979997321498,18.516140000429004,19.62584707143833
155,16536.230347108958,16536.230435836,16536.230435836,16536.23122971,16536.249580693,3,COMPLETED,True,baseline_0,35,0.08872704347595572,0.7938739981909748,18.350982998526888,19.23358404019382
156,16536.23503712187,16536.235195906,16536.235195906,16536.2360859,16536.255233843,0,COMPLETED,True,baseline_0,36,0.15878412887104787,0.8899940003175288,19.14794299955247,20.196721128741046
157,16536.249527211156,16536.249657529,16536.249657529,16536.25064857,16536.269881225,2,COMPLETED,True,baseline_0,37,0.13031784328632057,0.9910410008160397,19.232654998631915,20.354013842734275
158,16536.253880383276,16536.25405426,16536.25405426,16536.25475314,16536.27208874,1,COMPLETED,True,baseline_0,38,0.1738767241477035,0.698880001436919,17.33559999775025,18.208356723334873
159,16536.27851889489,16536.278639627,16536.278639627,16536.279191553,16536.29234223,3,COMPLETED,True,baseline_0,39,0.12073210746166296,0.551926001207903,13.150677001249278,13.823335109918844
160,16536.28559974913,16536.28569077,16536.28569077,16536.286529405,16536.307852808,0,COMPLETED,True,baseline_0,40,0.0910208691493608,0.8386349982174579,21.323403001588304,22.253058868955122
161,16536.292187511106,16536.292341286,16536.292341286,16536.29280001,16536.306451272,2,COMPLETED,True,baseline_0,41,0.1537748939881567,0.4587240000546444,13.651262001076248,14.263760895119049
162,16536.30820236015,16536.308360409,16536.308360409,16536.308918886,16536.325870398,1,COMPLETED,True,baseline_0,42,0.15804884969838895,0.5584770005953033,16.951511999650393,17.668037849944085
163,16536.314379701897,16536.314547802,16536.314547802,16536.315001245,16536.328139535,3,COMPLETED,True,baseline_0,43,0.16810010492918082,0.45344299724092707,13.138289999915287,13.759833102085395
164,16536.330297341963,16536.330386207,16536.330386207,16536.330885499,16536.3444707,2,COMPLETED,True,baseline_0,44,0.08886503565008752,0.49929200031328946,13.585201002570102,14.173358038533479
165,16536.33189644,16536.331981199,16536.331981199,16536.332425236,16536.350294866,0,COMPLETED,True,baseline_0,45,0.084759001765633,0.44403699939721264,17.869629999040626,18.39842600020347
166,16536.36462991546,16536.364743237,16536.364743237,16536.365185123,16536.37929717,1,COMPLETED,True,baseline_0,46,0.11332154099363834,0.44188599713379517,14.112046999798622,14.667254537926055
167,16536.396798855112,16536.397056163,16536.397056163,16536.397586728,16536.410302845,3,COMPLETED,True,baseline_0,47,0.2573078891145997,0.5305649974616244,12.716117002128158,13.503989888704382
168,16536.449943510735,16536.450182779,16536.450182779,16536.450792931,16536.466002595,2,COMPLETED,True,baseline_0,48,0.23926826543174684,0.6101519975345582,15.20966400130419,16.059084264270496
169,16536.462673412658,16536.462844158,16536.462844158,16536.463733259,16536.484316962,0,COMPLETED,True,baseline_0,49,0.17074534116545692,0.8891010002116673,20.58370300073875,21.643549342115875
170,16536.469174781534,16536.469341054,16536.469341054,16536.470114647,16536.490749571,1,COMPLETED,True,baseline_0,50,0.1662724644120317,0.7735930012131575,20.634923999750754,21.574789465375943
171,16536.47582592688,16536.475852946,16536.475852946,16536.476366874,16536.494408662,3,COMPLETED,True,baseline_0,51,0.02701912308111787,0.5139280001458246,18.041788000118686,18.58273512334563
172,16536.477076413696,16536.477203286,16536.477203286,16536.477535881,16536.491446954,2,COMPLETED,True,baseline_0,52,0.12687230264418758,0.3325950019643642,13.911073001509067,14.370540306117618
173,16536.479077351793,16536.479246828,16536.479246828,16536.484512939,16536.49959891,0,COMPLETED,True,baseline_0,53,0.16947620679275133,5.266111002129037,15.085970997461118,20.521558206382906
174,16536.507466176154,16536.507562001,16536.507562001,16536.508185741,16536.522237437,1,COMPLETED,True,baseline_0,54,0.09582484562997706,0.6237400011741556,14.051695998205105,14.771260845009238
175,16536.5191658472,16536.519265026,16536.519265026,16536.519765553,16536.534122871,2,COMPLETED,True,baseline_0,55,0.09917880015564151,0.5005269995308481,14.357317999383667,14.957023799070157
176,16536.591077499037,16536.591187226,16536.591187226,16536.592102293,16536.612412611,3,COMPLETED,True,baseline_0,56,0.10972696327371523,0.9150670011877082,20.310317999246763,21.335111963708187
177,16536.649313964208,16536.649460846,16536.649460846,16536.650449924,16536.67074154,0,COMPLETED,True,baseline_0,57,0.1468817936256528,0.9890779983834364,20.291616001486545,21.427575793495635
178,16536.710462097257,16536.710611945,16536.710611945,16536.711538815,16536.73181835,1,COMPLETED,True,baseline_0,58,0.14984774315962568,0.9268700014217757,20.279534997825976,21.356252742407378
179,16536.712040602542,16536.712214659,16536.712214659,16536.713020516,16536.73355956,2,COMPLETED,True,baseline_0,59,0.17405645849066786,0.8058569983404595,20.53904400236206,21.51895745919319
180,16536.74048991952,16536.740742688,16536.740742688,16536.741702909,16536.761465945,3,COMPLETED,True,baseline_0,60,0.25276848100475036,0.9602209975128062,19.763036001677392,20.97602548019495
181,16536.75638766844,16536.75648697,16536.75648697,16536.757286846,16536.775399903,0,COMPLETED,True,baseline_0,61,0.09930156011250801,0.7998760011105333,18.113056998117827,19.012234559340868
182,16536.768813174815,16536.768970064,16536.768970064,16536.769774724,16536.788615624,1,COMPLETED,True,baseline_0,62,0.15688918574596755,0.8046600014495198,18.8408999965759,19.802449183771387
183,16536.78308917599,16536.78325459,16536.78325459,16536.784142864,16536.802732516,2,COMPLETED,True,baseline_0,63,0.16541400691494346,0.888274000317324,18.589652001537615,19.643340008769883
184,16536.82715323584,16536.827258157,16536.827258157,16536.827841859,16536.841793043,3,COMPLETED,True,baseline_0,64,0.10492116052773781,0.5837019998580217,13.951183998869965,14.639807159255724
185,16536.83241770878,16536.832500057,16536.832500057,16536.833205705,16536.851975778,0,COMPLETED,True,baseline_0,65,0.08234821871155873,0.7056479989842046,18.770073002087884,19.558069219783647
186,16536.838315903733,16536.838398048,16536.838398048,16536.839053067,16536.852554532,1,COMPLETED,True,baseline_0,66,0.08214426634367555,0.6550190009875223,13.501465000445023,14.238628267776221
187,16536.85356479907,16536.853651503,16536.853651503,16536.85437261,16536.872703526,2,COMPLETED,True,baseline_0,67,0.08670393071952276,0.7211070005723741,18.33091600201442,19.138726933306316
188,16536.89200083605,16536.892168621,16536.892168621,16536.892895158,16536.911877343,3,COMPLETED,True,baseline_0,68,0.16778495046310127,0.7265369968081359,18.982184999913443,19.87650694718468
189,16536.896233853015,16536.896423583,16536.896423583,16536.896913967,16536.91581041,0,COMPLETED,True,baseline_0,69,0.18972998441313393,0.490384001750499,18.89644299808424,19.576556984247873
190,16536.91323405314,16536.913252457,16536.913252457,16536.913829585,16536.926822107,1,COMPLETED,True,baseline_0,70,0.018403861758997664,0.5771279975306243,12.992522002605256,13.588053861894878
191,16536.959882118674,16536.960056263,16536.960056263,16536.96096231,16536.975078837,2,COMPLETED,True,baseline_0,71,0.17414432659279555,0.9060470001713838,14.116526999714551,15.19671832647873
192,16536.979838992116,16536.979919629,16536.979919629,16536.980576398,16536.994365184,3,COMPLETED,True,baseline_0,72,0.08063688437687233,0.6567689997609705,13.78878600007738,14.526191884215223
193,16536.982637804038,16536.9828021,16536.9828021,16536.983716167,16537.004195173,0,COMPLETED,True,baseline_0,73,0.1642959614400752,0.9140670008491725,20.47900600155117,21.557368963840418
194,16537.002588065243,16537.002670744,16537.002670744,16537.003612194,16537.021762706,1,COMPLETED,True,baseline_0,74,0.08267875819001347,0.9414499982085545,18.150512001739116,19.174640758137684
195,16537.01694275849,16537.017039508,16537.017039508,16537.017709807,16537.031487416,2,COMPLETED,True,baseline_0,75,0.09674950706539676,0.6702990031044465,13.777608997770585,14.544657507940428
196,16537.048413539356,16537.04850951,16537.04850951,16537.049232805,16537.062353711,3,COMPLETED,True,baseline_0,76,0.09597064490662888,0.7232949974422809,13.120906001859112,13.940171644208021
197,16537.06719176536,16537.067302043,16537.067302043,16537.068302235,16537.087382893,0,COMPLETED,True,baseline_0,77,0.1102776404877659,1.0001919981732499,19.080658003076678,20.191127641737694
198,16537.0709712074,16537.071069305,16537.071069305,16537.071928693,16537.090986383,1,COMPLETED,True,baseline_0,78,0.09809760013013147,0.8593880011176225,19.05768999858992,20.015175599837676
199,16537.08194909199,16537.082072054,16537.082072054,16537.082750136,16537.097609552,2,COMPLETED,True,baseline_0,79,0.12296201020944864,0.6780820003768895,14.859416001854697,15.660460012441035
200,16537.09839145608,16537.098492076,16537.098492076,16537.098899682,16537.112024252,3,COMPLETED,True,baseline_0,80,0.10061991997645237,0.4076060031366069,13.124569999490632,13.632795922603691
201,16537.104648285396,16537.104740162,16537.104740162,16537.105434771,16537.118761773,0,COMPLETED,True,baseline_0,81,0.09187660543830134,0.6946089997654781,13.327001997822663,14.113487603026442
202,16537.175992255758,16537.176164764,16537.176164764,16537.177166999,16537.197079819,1,COMPLETED,True,baseline_0,82,0.17250824384973384,1.0022349997598212,19.91282000017236,21.087563243781915
203,16537.230181115825,16537.230323958,16537.230323958,16537.231435076,16537.251331592,2,COMPLETED,True,baseline_0,83,0.14284217468230054,1.1111179992440157,19.89651600160869,21.150476175535005
204,16537.242739163354,16537.242888714,16537.242888714,16537.243748306,16537.263926063,3,COMPLETED,True,baseline_0,84,0.14955064762034453,0.8595919971412513,20.177757000055863,21.18689964481746
205,16537.24413249986,16537.244264409,16537.244264409,16537.244915674,16537.263177571,0,COMPLETED,True,baseline_0,85,0.13190913887228817,0.6512649997603148,18.261896999320015,19.04507113795262
206,16537.251724911945,16537.252098012,16537.252098012,16537.252867501,16537.271398835,1,COMPLETED,True,baseline_0,86,0.37310005427571014,0.7694890009588562,18.53133400072693,19.673923055961495
207,16537.269080363247,16537.269203939,16537.269203939,16537.270125592,16537.286875194,2,COMPLETED,True,baseline_0,87,0.12357575178612024,0.9216530015692115,16.749602000345476,17.794830753700808
208,16537.315021885464,16537.315124685,16537.315124685,16537.315551311,16537.330785801,0,COMPLETED,True,baseline_0,88,0.10279953494318761,0.4266260002623312,15.234490001603262,15.763915536808781
209,16537.335893973304,16537.336034367,16537.336034367,16537.336706914,16537.356609551,3,COMPLETED,True,baseline_0,89,0.14039369489182718,0.6725470011588186,19.902636999177048,20.715577695227694
210,16537.360035970974,16537.360137424,16537.360137424,16537.360996723,16537.380387444,1,COMPLETED,True,burst_0,90,0.10145302439923398,0.8592990016040858,19.3907209977624,20.35147302376572
211,16537.367504214137,16537.367636641,16537.367636641,16537.368556402,16537.385355139,2,COMPLETED,True,burst_0,91,0.1324268632743042,0.9197610015689861,16.798736996861408,17.850924861704698
212,16537.38365695437,16537.383790896,16537.383790896,16537.384814096,16537.403462711,0,COMPLETED,True,burst_0,92,0.13394163033808582,1.0231999985990115,18.648615001438884,19.80575663037598
213,16537.396950759183,16537.397087964,16537.397087964,16537.397978406,16537.414864244,3,COMPLETED,True,burst_0,93,0.13720481729251333,0.8904419992177282,16.885838002053788,17.91348481856403
214,16537.409730636322,16537.409921092,16537.409921092,16537.410872892,16537.429636649,1,COMPLETED,True,burst_0,94,0.19045567751163617,0.9518000006210059,18.763757001579506,19.90601267971215
215,16537.421782925114,16537.421915061,16537.421915061,16537.422760343,16537.43697903,2,COMPLETED,True,burst_0,95,0.13213588681537658,0.8452820002275985,14.218686999811325,15.1961048868543
216,16537.42658792335,16537.426801082,16537.426801082,16537.427846134,16537.444949927,0,COMPLETED,True,burst_0,96,0.21315865160431713,1.0450519985170104,17.103793001297163,18.36200365141849
217,16537.433395925593,16537.43359469,16537.43359469,16537.434354016,16537.453549253,3,COMPLETED,True,burst_0,97,0.19876440637744963,0.7593260015710257,19.19523700053105,20.153327408479527
218,16537.43360388942,16537.433730337,16537.433730337,16537.43436118,16537.447987729,1,COMPLETED,True,burst_0,98,0.12644757953239605,0.6308429983619135,13.626549000036903,14.383839577931212
219,16537.438774019476,16537.438954772,16537.438954772,16537.439623718,16537.455721147,2,COMPLETED,True,burst_0,99,0.18075252228300087,0.668946002406301,16.0974289974547,16.947127522144
220,16537.447236688025,16537.447430405,16537.447430405,16537.448027584,16537.461276315,0,COMPLETED,True,burst_0,100,0.1937169763550628,0.5971789978502784,13.248731000203406,14.039626974408748
221,16537.460723440407,16537.460821613,16537.460821613,16537.461246574,16537.475838196,1,COMPLETED,True,burst_0,101,0.09817259342526086,0.42496099922573194,14.591621998988558,15.11475559163955
222,16537.4617694091,16537.461889218,16537.461889218,16537.4622427,16537.476348656,3,COMPLETED,True,burst_0,102,0.1198089012177661,0.3534819988999516,14.105956001003506,14.579246901121223
223,16537.477860048937,16537.477954054,16537.477954054,16537.478381236,16537.492146051,2,COMPLETED,True,burst_0,103,0.09400506314705126,0.42718199983937666,13.76481500119553,14.286002064181957
224,16537.479877785463,16537.479984654,16537.479984654,16537.480472121,16537.493733711,0,COMPLETED,True,burst_0,104,0.10686853784136474,0.48746699758339673,13.261590000183787,13.855925535608549
225,16537.486800958744,16537.486886596,16537.486886596,16537.487233393,16537.501290862,1,COMPLETED,True,burst_0,105,0.08563725714338943,0.34679699820117094,14.057469001272693,14.489903256617254
226,16537.488853023555,16537.488967153,16537.488967153,16537.489292467,16537.503082117,3,COMPLETED,True,burst_0,106,0.11412944513722323,0.32531399847357534,13.78965000185417,14.229093445464969
227,16537.494379265685,16537.494475265,16537.494475265,16537.495089462,16537.509105023,2,COMPLETED,True,burst_0,107,0.09599931581760757,0.6141970006865449,14.01556099881418,14.725757315318333
228,16537.50302456864,16537.503122016,16537.503122016,16537.503602912,16537.517372739,0,COMPLETED,True,burst_0,108,0.09744736235006712,0.4808959965885151,13.769827000942314,14.348170359880896
229,16537.506572946408,16537.506673052,16537.506673052,16537.507099337,16537.520934231,1,COMPLETED,True,burst_0,109,0.10010559344664216,0.4262849979568273,13.834894001774956,14.361284593178425
230,16537.524299565957,16537.524391459,16537.524391459,16537.524828509,16537.53815163,3,COMPLETED,True,burst_0,110,0.09189304182655178,0.4370499991637189,13.323121002031257,13.852064043021528
231,16537.528768063694,16537.528859529,16537.528859529,16537.529322078,16537.543181162,2,COMPLETED,True,burst_0,111,0.09146530646830797,0.4625490000762511,13.859083999705035,14.413098306249594
232,16537.56097512855,16537.561112177,16537.561112177,16537.561575872,16537.574840934,0,COMPLETED,True,burst_0,112,0.13704845332540572,0.46369499978027306,13.265061999845784,13.865805452951463
233,16537.570830133533,16537.570959942,16537.570959942,16537.571415458,16537.585469864,1,COMPLETED,True,burst_0,113,0.1298084680456668,0.4555159976007417,14.054406001378084,14.639730467024492
234,16537.573153570647,16537.573209135,16537.573209135,16537.573806031,16537.594347189,3,COMPLETED,True,burst_0,114,0.05556435280595906,0.5968959994788747,20.541157999105053,21.193618351389887
235,16537.573488429007,16537.57363617,16537.57363617,16537.574111872,16537.587441017,2,COMPLETED,True,burst_0,115,0.14774099327041768,0.4757019996759482,13.329145000170683,13.95258799311705
236,16537.580953986693,16537.581130835,16537.581130835,16537.581826104,16537.595242376,0,COMPLETED,True,burst_0,116,0.17684830527286977,0.6952690018806607,13.41627199872164,14.288389305875171
237,16537.584809886812,16537.584973923,16537.584973923,16537.585640963,16537.599884943,1,COMPLETED,True,burst_0,117,0.164036187925376,0.6670399998256471,14.243980000173906,15.075056187924929
238,16537.592521418912,16537.592667941,16537.592667941,16537.593308618,16537.606570708,2,COMPLETED,True,burst_0,118,0.1465220884711016,0.6406770007743035,13.262090000353055,14.04928908959846
239,16537.61641346796,16537.616548557,16537.616548557,16537.617367275,16537.634148195,3,COMPLETED,True,burst_0,119,0.13508904157788493,0.8187179992091842,16.780919999291655,17.734727040078724
240,16537.62846394062,16537.628603528,16537.628603528,16537.629513487,16537.648864316,0,COMPLETED,True,burst_0,0,0.139587380544981,0.9099590024561621,19.350828999449732,20.400375382450875
241,16537.67971129248,16537.679853671,16537.679853671,16537.680404384,16537.698773547,1,COMPLETED,True,burst_0,1,0.1423785215592943,0.550712997210212,18.36916300089797,19.062254519667476
242,16537.683476377857,16537.683608762,16537.683608762,16537.684185936,16537.703327522,2,COMPLETED,True,burst_0,2,0.13238414248917252,0.57717399977264,19.141585999022936,19.85114414128475
243,16537.68453167576,16537.684669397,16537.684669397,16537.685161066,16537.705055749,3,COMPLETED,True,burst_0,3,0.13772123929811642,0.49166900134878233,19.894682998710778,20.524073239357676
244,16537.69637505205,16537.696523277,16537.696523277,16537.697329242,16537.716066111,0,COMPLETED,True,burst_0,4,0.14822494995314628,0.8059649990173057,18.736868998530554,19.691058947501006
245,16537.70151326859,16537.701648476,16537.701648476,16537.702335716,16537.716408981,1,COMPLETED,True,burst_0,5,0.13520741049433127,0.6872400008433033,14.0732649997517,14.895712411089335
246,16537.71429318981,16537.714438996,16537.714438996,16537.715296532,16537.734634815,2,COMPLETED,True,burst_0,6,0.14580619244952686,0.8575359970564023,19.338283000251977,20.341625189757906
247,16537.714778188853,16537.714924543,16537.714924543,16537.715302815,16537.728396806,3,COMPLETED,True,burst_0,7,0.14635414845542982,0.3782719977607485,13.093991001369432,13.61861714758561
248,16537.725300741466,16537.725570543,16537.725570543,16537.726393359,16537.744725717,0,COMPLETED,True,burst_0,8,0.2698015341593418,0.8228160004364327,18.332357998588122,19.424975533183897
249,16537.779119436098,16537.779261708,16537.779261708,16537.779759349,16537.792557813,1,COMPLETED,True,burst_0,9,0.14227190331439488,0.4976409982191399,12.798464002116816,13.43837690365035
250,16537.796530787582,16537.796656029,16537.796656029,16537.797380872,16537.816657024,3,COMPLETED,True,burst_0,10,0.1252414185728412,0.7248430010804441,19.27615199747379,20.126236417127075
251,16537.797292054387,16537.797424841,16537.797424841,16537.797804279,16537.811142922,2,COMPLETED,True,burst_0,11,0.13278661208460107,0.37943799907225184,13.33864300249843,13.850867613655282
252,16537.808868319804,16537.809072675,16537.809072675,16537.809769337,16537.829710426,0,COMPLETED,True,burst_0,12,0.20435519763850607,0.6966619985178113,19.94108899816638,20.842106194322696
253,16537.81651336573,16537.81666363,16537.81666363,16537.817487375,16537.832848535,1,COMPLETED,True,burst_0,13,0.15026426990516484,0.8237449983425904,15.361159999883967,16.33516926813172
254,16537.819675010793,16537.819875639,16537.819875639,16537.820616339,16537.834708763,2,COMPLETED,True,burst_0,14,0.20062820840394124,0.7406999975501094,14.092424000409665,15.033752206363715
255,16537.82438280439,16537.824520087,16537.824520087,16537.825278236,16537.84438543,3,COMPLETED,True,burst_0,15,0.13728261183132418,0.7581489990116097,19.107193998934235,20.00262560977717
256,16537.844310485132,16537.844409167,16537.844409167,16537.845234331,16537.858456404,0,COMPLETED,True,burst_0,16,0.09868186680250801,0.8251639992522541,13.222073001088575,14.145918867143337
257,16537.851156791225,16537.851250909,16537.851250909,16537.8519571,16537.865402647,1,COMPLETED,True,burst_0,17,0.09411777500645258,0.7061910000629723,13.445546999719227,14.245855774788652
258,16537.851185166644,16537.851306842,16537.851306842,16537.852075564,16537.868695545,2,COMPLETED,True,burst_0,18,0.12167535533080809,0.7687219986109994,16.619981000985717,17.510378354927525
259,16537.85127015217,16537.851318494,16537.851318494,16537.852268592,16537.866829744,3,COMPLETED,True,burst_0,19,0.0483418298244942,0.9500980013399385,14.561152001988376,15.559591833152808
260,16537.85387337083,16537.854032279,16537.854032279,16537.858617994,16537.872101426,0,COMPLETED,True,burst_0,20,0.15890816939645447,4.585714999848278,13.483432001521578,18.22805517076631
261,16537.85476532979,16537.854905714,16537.854905714,16537.865779438,16537.878980884,1,COMPLETED,True,burst_0,21,0.1403842106810771,10.873724000703078,13.201445999584394,24.21555421096855
262,16537.857685812993,16537.857835346,16537.857835346,16537.866985977,16537.880487051,3,COMPLETED,True,burst_0,22,0.14953300706110895,9.150631001830334,13.501073997758795,22.801238006650237
263,16537.868334511488,16537.868429457,16537.868429457,16537.868929425,16537.886004652,2,COMPLETED,True,burst_0,23,0.09494551341049373,0.4999679986212868,17.075226998713333,17.670140510745114
264,16537.902342955793,16537.902457258,16537.902457258,16537.903123573,16537.915953857,0,COMPLETED,True,burst_0,24,0.1143022054748144,0.666315001581097,12.830283998482628,13.61090120553854
265,16537.907311403033,16537.90745111,16537.90745111,16537.908109196,16537.921693214,1,COMPLETED,True,burst_0,25,0.1397069681843277,0.658085999020841,13.584018000983633,14.381810968188802
266,16537.908167937094,16537.908295565,16537.908295565,16537.908777517,16537.9222679,3,COMPLETED,True,burst_0,26,0.12762790720444173,0.48195199997280724,13.490383000316797,14.099962907494046
267,16537.915572373615,16537.915714542,16537.915714542,16537.916532291,16537.930029322,2,COMPLETED,True,burst_0,27,0.14216838462743908,0.8177490017260425,13.49703099913313,14.456948385486612
268,16537.917082704167,16537.917224754,16537.917224754,16537.91767762,16537.931208526,0,COMPLETED,True,burst_0,28,0.14204983381205238,0.4528659992502071,13.530905998777598,14.125821831839858
269,16537.92276004413,16537.922902721,16537.922902721,16537.923756731,16537.94276163,1,COMPLETED,True,burst_0,29,0.1426768685632851,0.8540100025129505,19.004899000719888,20.001585871796124
270,16537.92847533765,16537.928618972,16537.928618972,16537.929091557,16537.942021478,3,COMPLETED,True,burst_0,30,0.14363435184350237,0.47258500126190484,12.929920998431044,13.546140351536451
271,16537.943486028173,16537.943637957,16537.943637957,16537.944380661,16537.960314272,2,COMPLETED,True,burst_0,31,0.15192882710834965,0.7427040000038687,15.933611000946257,16.828243828058476
272,16537.94444228882,16537.944571369,16537.944571369,16537.945006932,16537.961629344,0,COMPLETED,True,burst_0,32,0.12908018106827512,0.4355630007921718,16.622412000288023,17.18705518214847
273,16537.946552898822,16537.946679478,16537.946679478,16537.947116919,16537.960290146,3,COMPLETED,True,burst_0,33,0.12657917613978498,0.4374410018499475,13.17322699833312,13.737247176322853
274,16537.95446283124,16537.954594507,16537.954594507,16537.955248779,16537.972541461,1,COMPLETED,True,burst_0,34,0.13167575889383443,0.6542720002471469,17.29268200142542,18.0786297605664
275,16537.955405040415,16537.955564243,16537.955564243,16537.960669782,16537.97391748,3,COMPLETED,True,burst_0,35,0.1592025837453548,5.105539003125159,13.247697999759112,18.512439586629625
276,16537.95710744346,16537.957249453,16537.957249453,16537.960813791,16537.975147061,2,COMPLETED,True,burst_0,36,0.14200953955878504,3.564337999705458,14.333269999042386,18.03961753830663
277,16537.965180752533,16537.965432129,16537.965432129,16537.966150373,16537.982209144,0,COMPLETED,True,burst_0,37,0.2513764666218776,0.7182439985626843,16.058771001553396,17.028391466737958
278,16537.985451176533,16537.985554863,16537.985554863,16537.986189317,16537.999122015,1,COMPLETED,True,burst_0,38,0.10368646690039895,0.6344539979181718,12.932698002259713,13.670838467078283
279,16537.98662899477,16537.986725653,16537.986725653,16537.987083787,16538.000119113,3,COMPLETED,True,burst_0,39,0.09665823017712682,0.3581339988159016,13.035325999226188,13.490118228219217
280,16537.99790634107,16537.998012137,16537.998012137,16537.998816127,16538.017473961,2,COMPLETED,True,burst_0,40,0.10579593072179705,0.8039900021685753,18.657833999895956,19.56761993278633
281,16538.000593248693,16538.000699624,16538.000699624,16538.001231461,16538.014355885,0,COMPLETED,True,burst_0,41,0.10637530795065686,0.53183699856163,13.124424000125146,13.762636306637432
282,16538.002824359573,16538.002881694,16538.002881694,16538.00334485,16538.016384788,1,COMPLETED,True,burst_0,42,0.05733442594646476,0.46315600047819316,13.039937999565154,13.560428425989812
283,16538.023896605548,16538.024038641,16538.024038641,16538.024989315,16538.041853031,3,COMPLETED,True,burst_0,43,0.14203545288182795,0.9506739988864865,16.863716002262663,17.956425454030978
284,16538.03255502148,16538.032804828,16538.032804828,16538.033591523,16538.046257371,0,COMPLETED,True,burst_0,44,0.24980651869555004,0.786694999987958,12.665848000324331,13.70234951900784
285,16538.04146949728,16538.041570504,16538.041570504,16538.042420235,16538.060648947,1,COMPLETED,True,burst_0,45,0.10100672079715878,0.8497310009261128,18.228712000563974,19.179449722287245
286,16538.046004851716,16538.046115738,16538.046115738,16538.046892051,16538.064198716,2,COMPLETED,True,burst_0,46,0.11088628525612876,0.7763129979139194,17.306665002251975,18.193864285422023
287,16538.04760904498,16538.047775989,16538.047775989,16538.048479211,16538.061802866,3,COMPLETED,True,burst_0,47,0.1669440171099268,0.7032220019027591,13.323654999112478,14.193821018125163
288,16538.04767781595,16538.047892424,16538.047892424,16538.048687139,16538.062396056,0,COMPLETED,True,burst_0,48,0.21460805146489292,0.7947149970277678,13.708917002077214,14.718240050569875
289,16538.04788876343,16538.047914744,16538.047914744,16538.06089012,16538.076147831,1,COMPLETED,True,burst_0,49,0.025980567443184555,12.97537600112264,15.2577110020502,28.259067570616025
290,16538.049924002444,16538.050196997,16538.050196997,16538.061962704,16538.075823972,3,COMPLETED,True,burst_0,50,0.27299455541651696,11.765707000449765,13.861268002074212,25.899969557940494
291,16538.050830756267,16538.050975345,16538.050975345,16538.062588232,16538.076233368,0,COMPLETED,True,burst_0,51,0.1445887319277972,11.612886999500915,13.645136001287028,25.40261173271574
292,16538.050891580286,16538.051066958,16538.051066958,16538.064413446,16538.081542707,2,COMPLETED,True,burst_0,52,0.17537771418574266,13.346488001843682,17.1292609993543,30.651126715383725
293,16538.06832116916,16538.068483854,16538.068483854,16538.076156541,16538.089074567,3,COMPLETED,True,burst_0,53,0.16268483886960894,7.672686999285361,12.918026000988903,20.753397839143872
294,16538.082961885266,16538.083054961,16538.083054961,16538.08372574,16538.096998608,1,COMPLETED,True,burst_0,54,0.09307573418482207,0.6707790016662329,13.272868000058224,14.03672273590928
295,16538.107268920463,16538.107389673,16538.107389673,16538.108049957,16538.120797862,0,COMPLETED,True,burst_0,55,0.12075253835064359,0.6602840003324673,12.747904998832382,13.528941537515493
296,16538.11811286768,16538.118184771,16538.118184771,16538.118769779,16538.133017418,2,COMPLETED,True,burst_0,56,0.07190331962192431,0.5850080015079584,14.247638999222545,14.904550320352428
297,16538.124836624473,16538.124965921,16538.124965921,16538.125409811,16538.141266695,3,COMPLETED,True,burst_0,57,0.12929652802995406,0.4438899995875545,15.856883997912519,16.430070525530027
298,16538.13343132088,16538.133592197,16538.133592197,16538.134346585,16538.148892916,1,COMPLETED,True,burst_0,58,0.1608761194802355,0.7543880019511562,14.546331000019563,15.461595121450955
299,16538.140179013913,16538.14031853,16538.14031853,16538.140790652,16538.15404231,0,COMPLETED,True,burst_0,59,0.1395160870742984,0.4721219993371051,13.25165800153627,13.863296087947674
300,16538.15917186456,16538.159312351,16538.159312351,16538.160173715,16538.177973637,2,COMPLETED,True,burst_0,60,0.14048643788555637,0.8613640020485036,17.799921999539947,18.801772439474007
301,16538.16257867015,16538.162663315,16538.162663315,16538.163322524,16538.176695116,3,COMPLETED,True,burst_0,61,0.08464484926662408,0.6592089994228445,13.372591998631833,14.116445847321302
302,16538.1640648846,16538.164146639,16538.164146639,16538.164676546,16538.18188435,1,COMPLETED,True,burst_0,62,0.08175439870683476,0.5299069998727646,17.207804001373006,17.819465399952605
303,16538.177058312376,16538.177191875,16538.177191875,16538.177833532,16538.191136564,0,COMPLETED,True,burst_0,63,0.1335626220679842,0.6416570031433366,13.303031999384984,14.078251624596305
304,16538.19532283677,16538.195458497,16538.195458497,16538.196121532,16538.208810809,3,COMPLETED,True,burst_0,64,0.13566022971644998,0.6630349998886231,12.689276998571586,13.487972228176659
305,16538.24180019295,16538.241974054,16538.241974054,16538.242727941,16538.256546119,2,COMPLETED,True,burst_0,65,0.17386104809702374,0.7538870013377164,13.818177998473402,14.745926047908142
306,16538.242417958678,16538.242557018,16538.242557018,16538.243033642,16538.263337966,1,COMPLETED,True,burst_0,66,0.139059320645174,0.4766240017488599,20.30432399988058,20.920007322274614
307,16538.252180265175,16538.252317638,16538.252317638,16538.253139347,16538.272720198,0,COMPLETED,True,burst_0,67,0.13737282279180363,0.8217090035032015,19.580850999773247,20.539932826068252
308,16538.254180629538,16538.254268387,16538.254268387,16538.254850305,16538.273121408,3,COMPLETED,True,burst_0,68,0.08775746391620487,0.5819179968966637,18.27110300291679,18.940778463729657
309,16538.260737801582,16538.260839737,16538.260839737,16538.261482796,16538.275021553,2,COMPLETED,True,burst_0,69,0.10193541675107554,0.643059000140056,13.538757000787882,14.283751417679014
310,16538.266608048874,16538.266792515,16538.266792515,16538.26762643,16538.286449686,1,COMPLETED,True,burst_0,70,0.1844661273935344,0.8339149972016457,18.82325599945034,19.84163712404552
311,16538.267825074206,16538.267971717,16538.267971717,16538.273299972,16538.287955563,0,COMPLETED,True,burst_0,71,0.1466427929699421,5.328254999767523,14.655590999609558,20.130488792347023
312,16538.27255036792,16538.272717223,16538.272717223,16538.273523777,16538.288490352,3,COMPLETED,True,burst_0,72,0.16685507944202982,0.8065539987001102,14.966574999561999,15.939984077704139
313,16538.28126725603,16538.281590786,16538.281590786,16538.282094572,16538.295916313,2,COMPLETED,True,burst_0,73,0.32352997004636563,0.5037860028096475,13.82174099853728,14.649056971393293
314,16538.29220415853,16538.292323928,16538.292323928,16538.29282283,16538.30661098,1,COMPLETED,True,burst_0,74,0.11976946916547604,0.4989020017092116,13.788149997708388,14.406821468583075
315,16538.29792480525,16538.298016238,16538.298016238,16538.298494964,16538.311980203,0,COMPLETED,True,burst_0,75,0.09143275019596331,0.4787260004377458,13.485239000146976,14.055397750780685
316,16538.30139403353,16538.301487256,16538.301487256,16538.301973981,16538.315512987,3,COMPLETED,True,burst_0,76,0.09322247206000611,0.4867249990638811,13.539005998609355,14.118953469733242
317,16538.3133092635,16538.313407112,16538.313407112,16538.313983504,16538.329095546,2,COMPLETED,True,burst_0,77,0.09784850044525228,0.5763919980381615,15.112042001419468,15.786282499902882
318,16538.32399541799,16538.324117301,16538.324117301,16538.324527821,16538.337766657,1,COMPLETED,True,burst_0,78,0.12188300752313808,0.4105200023332145,13.238835999800358,13.77123900965671
319,16538.332281081843,16538.332401372,16538.332401372,16538.332921284,16538.346057793,0,COMPLETED,True,burst_0,79,0.12029015852021985,0.5199119987082668,13.136509001924424,13.77671115915291
320,16538.337114651215,16538.337246497,16538.337246497,16538.337786369,16538.351039681,3,COMPLETED,True,burst_0,80,0.13184578710934147,0.5398719986260403,13.253312001324957,13.925029787060339
321,16538.35804251909,16538.358180891,16538.358180891,16538.358773989,16538.374749419,2,COMPLETED,True,burst_0,81,0.1383719099976588,0.5930980005359743,15.975430000253255,16.706899910786888
322,16538.373985965005,16538.374084254,16538.374084254,16538.374816006,16538.389142862,1,COMPLETED,True,burst_0,82,0.09828899419517256,0.731751999410335,14.326856002298882,15.15689699590439
323,16538.383519848732,16538.383623782,16538.383623782,16538.384441784,16538.401042357,0,COMPLETED,True,burst_0,83,0.10393326738267206,0.8180020013242029,16.6005729988683,17.522508267575176
324,16538.387225887076,16538.387332196,16538.387332196,16538.387777173,16538.406315202,3,COMPLETED,True,burst_0,84,0.10630892575136386,0.44497699855128303,18.53802899859147,19.08931492289412
325,16538.39562832162,16538.395924219,16538.395924219,16538.396440642,16538.410330872,2,COMPLETED,True,burst_0,85,0.2958973782369867,0.5164229987713043,13.890230002289172,14.702550379297463
326,16538.40818200507,16538.408276401,16538.408276401,16538.408754736,16538.422165922,1,COMPLETED,True,burst_0,86,0.094395931228064,0.4783349977515172,13.411185998847941,13.983916927827522
327,16538.40820000088,16538.408338873,16538.408338873,16538.40885881,16538.422481308,0,COMPLETED,True,burst_0,87,0.1388721211696975,0.5199369988986291,13.622498001495842,14.281307121564168
328,16538.40944034423,16538.409568568,16538.409568568,16538.410056246,16538.429469206,3,COMPLETED,True,burst_0,88,0.12822377175325528,0.48767800035420805,19.41295999858994,20.028861770697404
329,16538.41434719734,16538.414447577,16538.414447577,16538.414889933,16538.435154046,2,COMPLETED,True,burst_0,89,0.10037966058007441,0.44235599852981977,20.264113001758233,20.806848660868127
330,16538.418025319977,16538.418164782,16538.418164782,16538.422546329,16538.436269976,1,COMPLETED,True,burst_0,90,0.13946202307124622,4.38154699804727,13.723647000006167,18.244656021124683
331,16538.42313599141,16538.423231988,16538.423231988,16538.423585403,16538.43693104,0,COMPLETED,True,burst_0,91,0.09599659097148106,0.3534150018822402,13.345636998565169,13.79504859141889
332,16538.42905940337,16538.429162426,16538.429162426,16538.429739791,16538.445389812,3,COMPLETED,True,burst_0,92,0.1030226303555537,0.5773650009359699,15.65002099960111,16.330408630892634
333,16538.439799393247,16538.439883832,16538.439883832,16538.44020437,16538.454106503,2,COMPLETED,True,burst_0,93,0.08443875412922353,0.3205379980499856,13.90213299964671,14.30710975182592
334,16538.44069912126,16538.440818824,16538.440818824,16538.441222532,16538.461211925,1,COMPLETED,True,burst_0,94,0.11970274135819636,0.4037079997942783,19.989393000287237,20.51280374143971
335,16538.44165278547,16538.441767336,16538.441767336,16538.442208986,16538.461844083,0,COMPLETED,True,burst_0,95,0.11455053027020767,0.44165000144857913,19.63509699999122,20.191297531710006
336,16538.442986181028,16538.443091517,16538.443091517,16538.445772018,16538.459191965,3,COMPLETED,True,burst_0,96,0.10533597378525883,2.680500998394564,13.419947001239052,16.205783973418875
337,16538.448810650083,16538.448984635,16538.448984635,16538.454474616,16538.467776773,2,COMPLETED,True,burst_0,97,0.1739849176374264,5.48998099839082,13.30215699999826,18.966122916026507
338,16538.460126266946,16538.460250781,16538.460250781,16538.460696191,16538.47437656,3,COMPLETED,True,burst_0,98,0.12451405564206652,0.4454099980648607,13.680369000212522,14.25029305391945
339,16538.47351750013,16538.473648429,16538.473648429,16538.474094585,16538.494083716,1,COMPLETED,True,burst_0,99,0.13092887093080208,0.4461559983610641,19.989131000329508,20.566215869621374
340,16538.47471342274,16538.474808066,16538.474808066,16538.47533599,16538.494834337,0,COMPLETED,True,burst_0,100,0.09464325921726413,0.5279239994706586,19.49834700280917,20.12091426149709
341,16538.49216558964,16538.492267586,16538.492267586,16538.49271881,16538.506241087,2,COMPLETED,True,burst_0,101,0.10199636017205194,0.45122400115360506,13.522277000447502,14.07549736177316
342,16538.49918822279,16538.499313121,16538.499313121,16538.499755784,16538.514220941,3,COMPLETED,True,burst_0,102,0.12489820801420137,0.4426630002853926,14.465157000813633,15.032718209113227
343,16538.509460205823,16538.509596858,16538.509596858,16538.510049313,16538.523570672,1,COMPLETED,True,burst_0,103,0.13665217556990683,0.4524550022324547,13.521359000151278,14.11046617795364
344,16538.514601469982,16538.514709944,16538.514709944,16538.515161465,16538.53029644,0,COMPLETED,True,burst_0,104,0.10847401790670119,0.4515209984674584,15.134975001274142,15.694970017648302
345,16538.519051384137,16538.519194846,16538.519194846,16538.519686847,16538.53513895,2,COMPLETED,True,burst_0,105,0.14346186435432173,0.4920009996567387,15.452102998096962,16.087565862108022
346,16538.53567157852,16538.535783249,16538.535783249,16538.536333535,16538.550266715,3,COMPLETED,True,burst_0,106,0.11167048069182783,0.5502860003616661,13.933179998275591,14.595136479329085
347,16538.540518842543,16538.540668514,16538.540668514,16538.541196537,16538.555041842,1,COMPLETED,True,burst_0,107,0.14967145762057044,0.528022999787936,13.845304998540087,14.522999455948593
348,16538.543051812645,16538.543175107,16538.543175107,16538.543595159,16538.557800467,0,COMPLETED,True,burst_0,108,0.12329435412539169,0.42005200157291256,14.205307998054195,14.7486543537525
349,16538.56914826845,16538.569254984,16538.569254984,16538.569775456,16538.583252109,2,COMPLETED,True,burst_0,109,0.10671554991859011,0.520472000062,13.47665300272638,14.10384055270697
350,16538.574567160438,16538.574703265,16538.574703265,16538.575347419,16538.591648607,3,COMPLETED,True,burst_0,110,0.13610456153401174,0.6441539990191814,16.30118799948832,17.081446560041513
351,16538.57651315026,16538.576759346,16538.576759346,16538.577376839,16538.598119498,1,COMPLETED,True,burst_0,111,0.24619574105599895,0.6174929985718336,20.74265900228056,21.606347741908394
352,16538.57805705078,16538.578184254,16538.578184254,16538.578771118,16538.599458089,0,COMPLETED,True,burst_0,112,0.12720321683445945,0.5868640000699088,20.686971001850907,21.401038218755275
353,16538.586658453132,16538.586763361,16538.586763361,16538.587227727,16538.603096664,2,COMPLETED,True,burst_0,113,0.1049078673531767,0.4643659995053895,15.86893700005021,16.438210866908776
354,16538.593317094936,16538.593352902,16538.593352902,16538.593900635,16538.61277542,3,COMPLETED,True,burst_0,114,0.03580706470529549,0.547733001440065,18.874784997024108,19.458325063169468
355,16538.593880685134,16538.594018528,16538.594018528,16538.598345791,16538.618732682,1,COMPLETED,True,burst_0,115,0.1378428678435739,4.3272629991406575,20.38689099936164,24.85199686634587
356,16538.594838823476,16538.594968973,16538.594968973,16538.599659746,16538.619531328,0,COMPLETED,True,burst_0,116,0.13014952492085285,4.690772999310866,19.87158200063277,24.69250452486449
357,16538.606825861203,16538.606997103,16538.606997103,16538.607638275,16538.625032123,2,COMPLETED,True,burst_0,117,0.1712417979433667,0.6411719987227116,17.39384800021071,18.206261796876788
358,16538.614525788147,16538.614631585,16538.614631585,16538.615032544,16538.628633088,3,COMPLETED,True,burst_0,118,0.10579685113043524,0.4009590011264663,13.60054399992805,14.107299852184951
359,16538.641469538274,16538.641601428,16538.641601428,16538.642132923,16538.655664873,1,COMPLETED,True,burst_0,119,0.13188972661737353,0.531494999449933,13.531950000469806,14.195334726537112
360,16538.648456048275,16538.648623297,16538.648623297,16538.649136655,16538.662960042,0,COMPLETED,True,burst_0,0,0.16724872330087237,0.5133580016263295,13.82338699841057,14.503993723337771
361,16538.648860016398,16538.648948963,16538.648948963,16538.649233493,16538.662816314,2,COMPLETED,True,burst_0,1,0.08894660277292132,0.28453000049921684,13.582821000454715,13.956297603726853
362,16538.649427724133,16538.649523402,16538.649523402,16538.649911263,16538.663972321,3,COMPLETED,True,burst_0,2,0.09567786764819175,0.38786100049037486,14.061057998333126,14.544596866471693
363,16538.66080608239,16538.660903405,16538.660903405,16538.661484993,16538.67510629,1,COMPLETED,True,burst_0,3,0.09732261241879314,0.5815879994770512,13.621296999190236,14.30020761108608
364,16538.6623090691,16538.662443204,16538.662443204,16538.663019438,16538.677016622,2,COMPLETED,True,burst_0,4,0.13413490160019137,0.5762340006185696,13.997183999890694,14.707552902109455
365,16538.663730015003,16538.663833248,16538.663833248,16538.664347837,16538.678112502,0,COMPLETED,True,burst_0,5,0.10323299648007378,0.5145889990672003,13.764665000053355,14.38248699560063
366,16538.68418982158,16538.68430045,16538.68430045,16538.684735601,16538.698690804,3,COMPLETED,True,burst_0,6,0.11062842168030329,0.43515099969226867,13.955203001387417,14.50098242275999
367,16538.693022926567,16538.693114376,16538.693114376,16538.693627502,16538.707715883,1,COMPLETED,True,burst_0,7,0.09144943396677263,0.5131260004418436,14.088380998146022,14.692956432554638
368,16538.697370680173,16538.697425405,16538.697425405,16538.697905751,16538.712776441,2,COMPLETED,True,burst_0,8,0.05472482735058293,0.4803459996765014,14.870689999952447,15.405760826979531
369,16538.70506978804,16538.705200536,16538.705200536,16538.705748376,16538.719979406,0,COMPLETED,True,burst_0,9,0.1307479578827042,0.5478400016727392,14.231029999791645,14.909617959347088
370,16538.71826923818,16538.718371095,16538.718371095,16538.718903666,16538.732874716,3,COMPLETED,True,burst_0,10,0.10185682185692713,0.5325709971657488,13.97105000069132,14.605477819713997
371,16538.720870860492,16538.72095844,16538.72095844,16538.721350487,16538.734942692,1,COMPLETED,True,burst_0,11,0.08757950854487717,0.39204700078698806,13.592204999440582,14.071831508772448
372,16538.7328405585,16538.732931134,16538.732931134,16538.733438301,16538.749147721,2,COMPLETED,True,burst_0,12,0.09057550050783902,0.507166998431785,15.709420000348473,16.307162499288097
373,16538.736464167476,16538.73655986,16538.73655986,16538.737020481,16538.750359256,0,COMPLETED,True,burst_0,13,0.09569252506480552,0.46062099863775074,13.338774999283487,13.895088522986043
374,16538.74206490794,16538.742168985,16538.742168985,16538.742817446,16538.763190532,3,COMPLETED,True,burst_0,14,0.10407706213300116,0.6484609984909184,20.373086001200136,21.125624061824055
375,16538.745858322134,16538.745983423,16538.745983423,16538.746390033,16538.760118189,1,COMPLETED,True,burst_0,15,0.12510086526162922,0.4066100009367801,13.728155998251168,14.259866864449577
376,16538.746032078314,16538.746063034,16538.746063034,16538.749483398,16538.76826293,2,COMPLETED,True,burst_0,16,0.030955685360822827,3.420364002522547,18.77953199800686,22.23085168589023
377,16538.750409775315,16538.750505306,16538.750505306,16538.750964392,16538.764424191,0,COMPLETED,True,burst_0,17,0.09553068593959324,0.4590859971358441,13.459798999974737,14.014415683050174
378,16538.753572021855,16538.753667797,16538.753667797,16538.760533363,16538.774236941,1,COMPLETED,True,burst_0,18,0.09577514356351458,6.865566003398271,13.703577998967376,20.66491914592916
379,16538.754884380967,16538.75498039,16538.75498039,16538.763459446,16538.783962093,3,COMPLETED,True,burst_0,19,0.09600903285900131,8.479055999487173,20.50264699937543,29.077712031721603
380,16538.761708729315,16538.761818133,16538.761818133,16538.764791088,16538.778388514,0,COMPLETED,True,burst_0,20,0.10940368520095944,2.9729550005868077,13.597426001069834,16.6797846868576
381,16538.762132427193,16538.762246709,16538.762246709,16538.768580258,16538.787054016,2,COMPLETED,True,burst_0,21,0.11428180732764304,6.333549001283245,18.473757998435758,24.921588807046646
382,16538.767747427897,16538.767861699,16538.767861699,16538.774604482,16538.787845177,1,COMPLETED,True,burst_0,22,0.11427110439399257,6.742782999936026,13.240694999694824,20.097749104024842
383,16538.772985332194,16538.77312055,16538.77312055,16538.778751045,16538.791883565,0,COMPLETED,True,burst_0,23,0.13521780419978313,5.630495001241798,13.132520001818193,18.898232807259774
384,16538.779162007013,16538.77925271,16538.77925271,16538.784492795,16538.799712882,3,COMPLETED,True,burst_0,24,0.09070298619917594,5.240084999968531,15.220086999761406,20.550874985929113
385,16538.799191908172,16538.799296379,16538.799296379,16538.799775409,16538.813189414,2,COMPLETED,True,burst_0,25,0.10447082604514435,0.47903000086080283,13.414004999503959,13.997505826409906
386,16538.804417717027,16538.804512449,16538.804512449,16538.804944022,16538.818580619,1,COMPLETED,True,burst_0,26,0.09473197496845387,0.43157299660379067,13.636597002914641,14.162901974486886
387,16538.808438642613,16538.808615337,16538.808615337,16538.809024556,16538.822966041,0,COMPLETED,True,burst_0,27,0.17669438602752052,0.4092190029041376,13.941484998213127,14.527398387144785
388,16538.809751171077,16538.809863197,16538.809863197,16538.810217031,16538.823730696,3,COMPLETED,True,burst_0,28,0.11202592213521712,0.35383400245336816,13.513664998754393,13.979524923342979
389,16538.811985633623,16538.812169249,16538.812169249,16538.81335102,16538.827036731,2,COMPLETED,True,burst_0,29,0.1836153751355596,1.1817710001196247,13.685711001016898,15.051097376272082
390,16538.81227204246,16538.812308744,16538.812308744,16538.81878672,16538.83254902,1,COMPLETED,True,burst_0,30,0.036701538192573935,6.4779759995872155,13.762300000962568,20.276977538742358
391,16538.812611475216,16538.812754859,16538.812754859,16538.823387045,16538.837065965,0,COMPLETED,True,burst_0,31,0.14338378241518512,10.632186000293586,13.678920000529615,24.454489783238387
392,16538.8209249983,16538.821023701,16538.821023701,16538.824139686,16538.837206715,3,COMPLETED,True,burst_0,32,0.09870269786915742,3.1159850004769396,13.067029001831543,16.28171670017764
393,16538.828253736145,16538.828346373,16538.828346373,16538.828848271,16538.841994901,2,COMPLETED,True,burst_0,33,0.09263685569749214,0.5018980009481311,13.146629997208947,13.74116485385457
394,16538.840351428666,16538.840587104,16538.840587104,16538.84105557,16538.854377802,1,COMPLETED,True,burst_0,34,0.23567533571622334,0.46846599798300304,13.322232000064105,14.026373333763331
395,16538.84805392283,16538.848153269,16538.848153269,16538.848784773,16538.862057837,0,COMPLETED,True,burst_0,35,0.09934616900864057,0.631504000921268,13.273063999804435,14.003914169734344
396,16538.859267535132,16538.859388473,16538.859388473,16538.860187675,16538.876582757,3,COMPLETED,True,burst_0,36,0.12093786790501326,0.799202000052901,16.39508199878037,17.315221866738284
397,16538.881636373746,16538.88172211,16538.88172211,16538.882295547,16538.895337371,2,COMPLETED,True,burst_0,37,0.08573625382268801,0.573436998820398,13.041824000538327,13.700997253181413
398,16538.886002612217,16538.886017341,16538.886017341,16538.886454796,16538.899567934,1,COMPLETED,True,burst_0,38,0.01472878284403123,0.4374550007923972,13.113138000335312,13.56532178397174
399,16538.89629328149,16538.896400982,16538.896400982,16538.897110249,16538.910447075,0,COMPLETED,True,burst_0,39,0.10770051085273735,0.7092669984558597,13.336825999431312,14.15379350873991
400,16538.90172024352,16538.901838573,16538.901838573,16538.902470973,16538.917320156,3,COMPLETED,True,burst_0,40,0.11832948075607419,0.6323999987216666,14.84918300047866,15.599912479956402
401,16538.90511220201,16538.90522572,16538.90522572,16538.9059686,16538.919866464,2,COMPLETED,True,burst_0,41,0.11351798821124248,0.742880001780577,13.897863998863613,14.754261988855433
402,16538.916056590413,16538.916169439,16538.916169439,16538.916923514,16538.930502399,1,COMPLETED,True,burst_0,42,0.11284858555882238,0.7540750011685304,13.578884998423746,14.445808585151099
403,16538.91637238934,16538.916705586,16538.916705586,16538.917010197,16538.930462522,0,COMPLETED,True,burst_0,43,0.33319666181341745,0.30461099959211424,13.452324998070253,14.090132659475785
404,16538.926452271004,16538.926616118,16538.926616118,16538.927272809,16538.940775561,3,COMPLETED,True,burst_0,44,0.1638469948375132,0.6566910014953464,13.50275200093165,14.32328999726451
405,16538.930496875437,16538.930668336,16538.930668336,16538.931379988,16538.950591413,2,COMPLETED,True,burst_0,45,0.17146056416095234,0.7116519991541281,19.21142499850248,20.09453756181756
406,16538.93854090829,16538.938695048,16538.938695048,16538.939366717,16538.957981921,1,COMPLETED,True,burst_0,46,0.15413971050293185,0.6716690004395787,18.61520400052541,19.44101271146792
407,16538.941685881116,16538.941778287,16538.941778287,16538.942451151,16538.960623903,0,COMPLETED,True,burst_0,47,0.09240588406100869,0.6728640000801533,18.17275199937285,18.93802188351401
408,16538.941815423277,16538.941821732,16538.941821732,16538.942472038,16538.955511903,3,COMPLETED,True,burst_0,48,0.006308724550763145,0.650305999442935,13.039864999882411,13.69647972387611
409,16538.967057979953,16538.96714188,16538.96714188,16538.96764234,16538.981684527,2,COMPLETED,True,burst_0,49,0.08390004586544819,0.5004600025131367,14.042186998267425,14.62654704664601
410,16538.97068363757,16538.970770291,16538.970770291,16538.97125129,16538.987595649,3,COMPLETED,True,burst_0,50,0.08665342829772271,0.4809990023204591,16.34435899904929,16.912011429667473
411,16538.971423120667,16538.971615363,16538.971615363,16538.972317607,16538.985486372,1,COMPLETED,True,burst_0,51,0.1922423325595446,0.7022440004220698,13.168764999136329,14.063251332117943
412,16538.97868974897,16538.978813508,16538.978813508,16538.979622261,16538.998987562,0,COMPLETED,True,burst_0,52,0.12375903315842152,0.8087529968179297,19.365301002835622,20.297813032811973
413,16538.983361014398,16538.98345512,16538.98345512,16538.983921638,16538.998099905,2,COMPLETED,True,burst_0,53,0.09410560232936405,0.4665179985750001,14.17826699980651,14.738890600710874
414,16539.004323549074,16539.004454483,16539.004454483,16539.005160731,16539.018173851,1,COMPLETED,True,burst_0,54,0.13093392772134393,0.7062479999149218,13.013119998504408,13.850301926140673
415,16539.01258441674,16539.012826049,16539.012826049,16539.01344625,16539.02680397,3,COMPLETED,True,burst_0,55,0.2416322568024043,0.6202010008564685,13.357719999476103,14.219553257134976
416,16539.015034149692,16539.015177269,16539.015177269,16539.015858309,16539.034171971,2,COMPLETED,True,burst_0,56,0.14311930863186717,0.6810400009271689,18.313661999854958,19.137821309413994
417,16539.015666113744,16539.015884793,16539.015884793,16539.016432258,16539.034312578,0,COMPLETED,True,burst_0,57,0.21867925534024835,0.5474649988173041,17.88031999967643,18.646464253833983
418,16539.030077298637,16539.03020823,16539.03020823,16539.030916933,16539.043688334,1,COMPLETED,True,burst_0,58,0.13093136294628493,0.7087029989634175,12.771401001373306,13.611035363283008
419,16539.03322643317,16539.033347205,16539.033347205,16539.03393641,16539.047058971,3,COMPLETED,True,burst_0,59,0.1207718305522576,0.5892049994145054,13.122560998453991,13.832537828420755
420,16539.046418750477,16539.046437461,16539.046437461,16539.04738809,16539.065888554,2,COMPLETED,True,burst_0,60,0.018710521544562653,0.9506290007266216,18.50046400068095,19.469803522952134
421,16539.050251841043,16539.050380951,16539.050380951,16539.051025843,16539.064374124,0,COMPLETED,True,burst_0,61,0.12910995792481117,0.644891999399988,13.34828099788865,14.12228295521345
422,16539.057914528308,16539.058040192,16539.058040192,16539.058692879,16539.072165466,1,COMPLETED,True,burst_0,62,0.12566369332489558,0.6526869983645156,13.472587001160719,14.25093769285013
423,16539.06191105106,16539.062050622,16539.062050622,16539.062802325,16539.082596266,3,COMPLETED,True,burst_0,63,0.13957094051875174,0.7517029989685398,19.793940999079496,20.685214938566787
424,16539.06819859139,16539.06844736,16539.06844736,16539.069209259,16539.083023088,0,COMPLETED,True,burst_0,64,0.2487686106178444,0.7618989984621294,13.813828998536337,14.824496607616311
425,16539.06840538553,16539.068598147,16539.068598147,16539.069374249,16539.083402018,2,COMPLETED,True,burst_0,65,0.19276147213531658,0.7761019987810869,14.027769000676926,14.99663247159333
426,16539.070135384125,16539.070379254,16539.070379254,16539.072316082,16539.086046587,1,COMPLETED,True,burst_0,66,0.2438698757032398,1.9368280009075534,13.730504997511161,15.911202874121955
427,16539.072653253803,16539.07275501,16539.07275501,16539.083147629,16539.100035679,3,COMPLETED,True,burst_0,67,0.10175619536312297,10.392619002232095,16.888049998669885,27.382425196265103
428,16539.081914429407,16539.082035652,16539.082035652,16539.083181261,16539.097311767,0,COMPLETED,True,burst_0,68,0.1212225943163503,1.145608999649994,14.13050599876442,15.397337592730764
429,16539.08270372054,16539.082814512,16539.082814512,16539.083740559,16539.097262376,2,COMPLETED,True,burst_0,69,0.1107914577005431,0.9260469996661413,13.521816999855218,14.558655457221903
430,16539.0827558875,16539.082882823,16539.082882823,16539.086394107,16539.099995573,1,COMPLETED,True,burst_0,70,0.12693550161202438,3.5112839977955446,13.601466002000961,17.23968550140853
431,16539.09092734651,16539.091088423,16539.091088423,16539.097626554,16539.110676275,2,COMPLETED,True,burst_0,71,0.1610764884389937,6.538131001434522,13.049720997514669,19.748928487388184
432,16539.120400955053,16539.120487625,16539.120487625,16539.121151795,16539.134485783,0,COMPLETED,True,burst_0,72,0.08666994835948572,0.6641699983447324,13.333988001249963,14.084827947954182
433,16539.132351174787,16539.132438742,16539.132438742,16539.133218682,16539.146754235,3,COMPLETED,True,burst_0,73,0.0875672121765092,0.7799400009389501,13.535553000110667,14.403060213226127
434,16539.13464911152,16539.13488452,16539.13488452,16539.13563767,16539.14881025,1,COMPLETED,True,burst_0,74,0.23540848269476555,0.7531499977631029,13.172580001992173,14.161138482450042
435,16539.135154438874,16539.135449677,16539.135449677,16539.135808135,16539.149305856,2,COMPLETED,True,burst_0,75,0.2952381255454384,0.35845800084644,13.497721000021556,14.151417126413435
436,16539.148846232958,16539.148988273,16539.148988273,16539.150221933,16539.163368791,0,COMPLETED,True,burst_0,76,0.1420400403731037,1.2336600011622068,13.146858000254724,14.522558041790035
437,16539.17491829771,16539.175136102,16539.175136102,16539.17599399,16539.189654884,3,COMPLETED,True,burst_0,77,0.21780428869533353,0.8578880006098188,13.660894001077395,14.736586290382547
438,16539.19148055071,16539.19161827,16539.19161827,16539.192587822,16539.21177273,1,COMPLETED,True,burst_0,78,0.13771928934147581,0.9695519984234124,19.184908000170253,20.29217928793514
439,16539.19190725344,16539.192247467,16539.192247467,16539.192619604,16539.205615734,2,COMPLETED,True,burst_0,79,0.3402135589567479,0.3721370012499392,12.996130000828998,13.708480561035685
440,16539.201736421157,16539.201871971,16539.201871971,16539.202554225,16539.217098274,0,COMPLETED,True,burst_0,80,0.1355498425255064,0.682254001731053,14.544048997777281,15.36185284203384
441,16539.221285282514,16539.221424853,16539.221424853,16539.222049782,16539.2351145,3,COMPLETED,True,burst_0,81,0.13957048577140085,0.6249290017876774,13.06471799762221,13.829217485181289
442,16539.23603439082,16539.236173327,16539.236173327,16539.236966501,16539.249998183,2,COMPLETED,True,burst_0,82,0.13893618233851157,0.7931740001367871,13.03168199956417,13.96379218203947
443,16539.24397192732,16539.244168739,16539.244168739,16539.244963926,16539.260818548,1,COMPLETED,True,burst_0,83,0.19681167759699747,0.7951870029501151,15.854621997277718,16.84662067782483
444,16539.244788235985,16539.244966311,16539.244966311,16539.24566642,16539.264574752,0,COMPLETED,True,burst_0,84,0.17807501353672706,0.7001090016274247,18.908332000137307,19.78651601530146
445,16539.251602792385,16539.251740341,16539.251740341,16539.252594181,16539.272276699,3,COMPLETED,True,burst_0,85,0.1375486135657411,0.8538400034012739,19.682517999171978,20.673906616138993
446,16539.260417913632,16539.260649818,16539.260649818,16539.261351301,16539.276271471,2,COMPLETED,True,burst_0,86,0.2319043669558596,0.7014830007392447,14.92017000055057,15.853557368245674
447,16539.26371277239,16539.263811658,16539.263811658,16539.26414529,16539.278014708,1,COMPLETED,True,burst_0,87,0.09888560816762038,0.3336320005473681,13.869418002286693,14.301935611001682
448,16539.271984819505,16539.272209539,16539.272209539,16539.272795833,16539.286859463,0,COMPLETED,True,burst_0,88,0.22471949705504812,0.5862939979124349,14.063630002056016,14.874643497023499
449,16539.27366895134,16539.273857694,16539.273857694,16539.274312218,16539.290264796,3,COMPLETED,True,burst_0,89,0.18874265879276209,0.45452400081558153,15.95257799999672,16.595844659605063
450,16539.274643762838,16539.274829507,16539.274829507,16539.276448702,16539.290604972,2,COMPLETED,True,burst_0,90,0.18574416390038095,1.6191949980566278,14.156270000967197,15.961209162924206
451,16539.28161986474,16539.281784529,16539.281784529,16539.282487619,16539.296532355,1,COMPLETED,True,burst_0,91,0.16466425950056873,0.7030899978417438,14.044736002688296,14.912490260030609
452,16539.28626503896,16539.286386734,16539.286386734,16539.287026705,16539.300796235,0,COMPLETED,True,burst_0,92,0.12169503679615445,0.639971000055084,13.769529999990482,14.53119603684172
453,16539.293563440973,16539.293668991,16539.293668991,16539.294059394,16539.307410827,3,COMPLETED,True,burst_0,93,0.10555002518231049,0.3904030018020421,13.351433000934776,13.847386027919129
454,16539.294374146783,16539.294498981,16539.294498981,16539.294847042,16539.308737155,2,COMPLETED,True,burst_0,94,0.12483421596698463,0.34806100302375853,13.890112997614779,14.363008216605522
455,16539.297367528685,16539.297456898,16539.297456898,16539.297758426,16539.311001749,1,COMPLETED,True,burst_0,95,0.08936931408243254,0.301528001728002,13.243322999187512,13.634220314997947
456,16539.301154100154,16539.301316264,16539.301316264,16539.301570454,16539.314548577,0,COMPLETED,True,burst_0,96,0.16216384756262414,0.2541899993957486,12.978122998902109,13.394476845860481
457,16539.317886140612,16539.317981388,16539.317981388,16539.318370778,16539.331588557,3,COMPLETED,True,burst_0,97,0.0952473892539274,0.3893899993272498,13.217779000115115,13.702416388696292
458,16539.32357730794,16539.323678164,16539.323678164,16539.324087099,16539.339285825,2,COMPLETED,True,burst_0,98,0.10085606118082069,0.4089350004505832,15.198725999653107,15.70851706128451
459,16539.324675559536,16539.324797197,16539.324797197,16539.325121279,16539.338697771,1,COMPLETED,True,burst_0,99,0.12163746578153223,0.32408199695055373,13.57649200144806,14.022211464180145
460,16539.333611013044,16539.333707079,16539.333707079,16539.33415618,16539.347465149,0,COMPLETED,True,burst_0,100,0.09606595631339587,0.4491010004130658,13.308968998899218,13.85413595562568
461,16539.33574472938,16539.335873174,16539.335873174,16539.336184499,16539.350133554,3,COMPLETED,True,burst_0,101,0.1284446225326974,0.3113249986199662,13.949054999102373,14.388824620255036
462,16539.369867683916,16539.369982493,16539.369982493,16539.370570325,16539.386567287,1,COMPLETED,True,baseline_1,102,0.11480908506200649,0.5878320007468574,15.996961999917403,16.699603085726267
463,16539.397594637645,16539.397716734,16539.397716734,16539.398674755,16539.418540306,2,COMPLETED,True,baseline_1,103,0.12209635679027997,0.9580209989508148,19.86555099938414,20.945668355125235
464,16539.41200198837,16539.412331323,16539.412331323,16539.413185055,16539.431553098,0,COMPLETED,True,baseline_1,104,0.3293346308055334,0.8537319990864489,18.368042998190504,19.551109628082486
465,16539.444608306992,16539.444810402,16539.444810402,16539.445664549,16539.465233996,3,COMPLETED,True,baseline_1,105,0.20209500871715136,0.8541469978808891,19.569447002140805,20.625689008738846
466,16539.49064020176,16539.490782919,16539.490782919,16539.491502863,16539.511904978,1,COMPLETED,True,baseline_1,106,0.1427172428520862,0.7199439969554078,20.402115002070786,21.26477624187828
467,16539.493322524366,16539.493457874,16539.493457874,16539.494126563,16539.512332632,2,COMPLETED,True,baseline_1,107,0.13534963363781571,0.6686890010314528,18.206068998551928,19.010107633221196
468,16539.567043628278,16539.567183304,16539.567183304,16539.56813782,16539.586222216,0,COMPLETED,True,baseline_1,108,0.1396757215843536,0.9545159991830587,18.084396000631386,19.1785877213988
469,16539.59004304041,16539.590175137,16539.590175137,16539.591016596,16539.610955787,3,COMPLETED,True,baseline_1,109,0.13209658936830238,0.8414590010943357,19.9391909991391,20.91274658960174
470,16539.603259963398,16539.603396648,16539.603396648,16539.603878454,16539.621005726,1,COMPLETED,True,baseline_1,110,0.13668460087501444,0.48180600060732104,17.127271999925142,17.745762601407478
471,16539.623563023866,16539.623704846,16539.623704846,16539.62459254,16539.644512682,2,COMPLETED,True,baseline_1,111,0.1418221327185165,0.8876940009940881,19.920142000046326,20.94965813375893
472,16539.625019053434,16539.625150614,16539.625150614,16539.62588756,16539.639396599,0,COMPLETED,True,baseline_1,112,0.13156056593288668,0.7369459999608807,13.509038999472978,14.377545565366745
473,16539.63251069172,16539.632652438,16539.632652438,16539.63349914,16539.650362357,3,COMPLETED,True,baseline_1,113,0.14174627722240984,0.8467020015814342,16.86321699889959,17.851665277703432
474,16539.634444785854,16539.634620555,16539.634620555,16539.635185323,16539.653743399,1,COMPLETED,True,baseline_1,114,0.1757691461534705,0.5647680009133182,18.558076000772417,19.298613147839205
475,16539.65125567892,16539.651383221,16539.651383221,16539.651915918,16539.665366236,0,COMPLETED,True,baseline_1,115,0.12754208000842482,0.5326969985617325,13.450318001559936,14.110557080130093
476,16539.65373956464,16539.653870584,16539.653870584,16539.654440424,16539.667881413,2,COMPLETED,True,baseline_1,116,0.13101935837767087,0.5698400018445682,13.440988997899694,14.141848358121933
477,16539.6607227453,16539.661092208,16539.661092208,16539.661649231,16539.675645779,3,COMPLETED,True,baseline_1,117,0.36946270120097324,0.5570229986915365,13.996548001159681,14.92303370105219
478,16539.69379416969,16539.693892777,16539.693892777,16539.694583259,16539.708106306,1,COMPLETED,True,baseline_1,118,0.09860731006483547,0.6904820002091583,13.523047000489896,14.31213631076389
479,16539.696584992314,16539.696688258,16539.696688258,16539.697277394,16539.710264659,0,COMPLETED,True,baseline_1,119,0.1032656873576343,0.5891359978704713,12.987264999537729,13.679666684765834
480,16539.72238725453,16539.722501262,16539.722501262,16539.722905148,16539.736305401,2,COMPLETED,True,baseline_1,0,0.11400747098377906,0.4038859988213517,13.400252999417717,13.918146469222847
481,16539.731489037382,16539.731620247,16539.731620247,16539.732376471,16539.750432028,3,COMPLETED,True,baseline_1,1,0.13120961739332415,0.756224002543604,18.055556996841915,18.942990616778843
482,16539.751002131132,16539.751136738,16539.751136738,16539.752160562,16539.767261452,1,COMPLETED,True,baseline_1,2,0.1346068675047718,1.023823999275919,15.100890002941014,16.259320869721705
483,16539.759215209713,16539.759395168,16539.759395168,16539.760118055,16539.774333618,0,COMPLETED,True,baseline_1,3,0.17995828602579422,0.7228870017570443,14.215562998288078,15.118408286070917
484,16539.834727254412,16539.83494599,16539.83494599,16539.83568899,16539.853409509,2,COMPLETED,True,baseline_1,4,0.21873558580409735,0.7430000005115289,17.72051900115912,18.682254587474745
485,16539.882660290918,16539.882822408,16539.882822408,16539.883829591,16539.904422512,3,COMPLETED,True,baseline_1,5,0.16211708134505898,1.0071830001834314,20.59292100238963,21.76222108391812
486,16539.885551213865,16539.885708727,16539.885708727,16539.886679664,16539.906356647,1,COMPLETED,True,baseline_1,6,0.15751313549117185,0.9709369987831451,19.676982999953907,20.805433134228224
487,16539.919931639204,16539.920091575,16539.920091575,16539.921005248,16539.939814002,0,COMPLETED,True,baseline_1,7,0.15993579654605128,0.9136730004684068,18.808753997291205,19.882362794305664
488,16539.962879441264,16539.963040195,16539.963040195,16539.963765364,16539.98113782,2,COMPLETED,True,baseline_1,8,0.16075373787316494,0.7251689967233688,17.372456000884995,18.25837873548153
489,16539.98085131575,16539.981064467,16539.981064467,16539.981858868,16539.99495512,3,COMPLETED,True,baseline_1,9,0.2131512483174447,0.7944009994389489,13.09625200156006,14.103804249316454
490,16539.986252358885,16539.986409448,16539.986409448,16539.987179461,16540.009425362,1,COMPLETED,True,baseline_1,10,0.15708911450929008,0.7700130008743145,22.245901000133017,23.17300311551662
491,16540.006857955865,16540.007015492,16540.007015492,16540.007709999,16540.026558548,0,COMPLETED,True,baseline_1,11,0.15753613479319029,0.6945070017536636,18.84854899981292,19.700592136359774
492,16540.053675116,16540.053926633,16540.053926633,16540.054681056,16540.069831347,2,COMPLETED,True,baseline_1,12,0.2515170017431956,0.7544229993072804,15.150290997553384,16.15623099860386
493,16540.05518931737,16540.055351354,16540.055351354,16540.055852125,16540.070319479,3,COMPLETED,True,baseline_1,13,0.16203663108171895,0.5007709987694398,14.467354001681088,15.130161631532246
494,16540.058713566752,16540.058880982,16540.058880982,16540.059755796,16540.079181541,1,COMPLETED,True,baseline_1,14,0.1674152481427882,0.874813998962054,19.425745002081385,20.467974249186227
495,16540.0894514765,16540.089538624,16540.089538624,16540.090433747,16540.108452269,0,COMPLETED,True,baseline_1,15,0.08714750219951384,0.8951229974627495,18.018522001511883,19.000792501174146
496,16540.12358057702,16540.123683167,16540.123683167,16540.124560078,16540.142671035,2,COMPLETED,True,baseline_1,16,0.10258998008794151,0.876910999068059,18.110957000317285,19.090457979473285
497,16540.168954649675,16540.169109379,16540.169109379,16540.169794239,16540.187595242,3,COMPLETED,True,baseline_1,17,0.15472932500415482,0.6848599987279158,17.8010030031146,18.640592326846672
498,16540.277356384206,16540.277619671,16540.277619671,16540.278521092,16540.298701081,1,COMPLETED,True,baseline_1,18,0.2632867945067119,0.9014210008899681,20.17998899827944,21.34469679367612
499,16540.315891435068,16540.316100224,16540.316100224,16540.316777691,16540.333849132,0,COMPLETED,True,baseline_1,19,0.2087889333779458,0.6774670000595506,17.07144099782454,17.957696931262035
500,16540.343569648532,16540.343682984,16540.343682984,16540.344455593,16540.359888093,2,COMPLETED,True,baseline_1,20,0.11333546717651188,0.7726090007054154,15.432500000315486,16.318444468197413
501,16540.385799631367,16540.385898465,16540.385898465,16540.386608837,16540.404817584,3,COMPLETED,True,baseline_1,21,0.09883363236440346,0.7103720017767046,18.20874699842534,19.01795263256645
502,16540.39270095418,16540.392868421,16540.392868421,16540.393677042,16540.412916275,1,COMPLETED,True,baseline_1,22,0.16746682013035752,0.808621000032872,19.23923299909802,20.21532081926125
503,16540.423623223,16540.423845997,16540.423845997,16540.424566102,16540.443063657,0,COMPLETED,True,baseline_1,23,0.22277400057646446,0.7201049993454944,18.497555000067223,19.44043399998918
504,16540.425517513057,16540.425757295,16540.425757295,16540.42660024,16540.439646431,2,COMPLETED,True,baseline_1,24,0.23978194440132938,0.8429449990217108,13.04619100119453,14.12891794461757
505,16540.460075426265,16540.460184728,16540.460184728,16540.460901626,16540.474566895,3,COMPLETED,True,baseline_1,25,0.1093017344828695,0.7168980009737425,13.665269001648994,14.491468737105606
506,16540.46203709539,16540.462255486,16540.462255486,16540.463039248,16540.481453034,1,COMPLETED,True,baseline_1,26,0.21839061082573608,0.7837619996280409,18.413786001474364,19.41593861192814
507,16540.481154908204,16540.481252758,16540.481252758,16540.481884605,16540.495120347,2,COMPLETED,True,baseline_1,27,0.09784979556570761,0.631847000477137,13.235742000688333,13.965438796731178
508,16540.57057615862,16540.570663604,16540.570663604,16540.57171085,16540.591589451,0,COMPLETED,True,baseline_1,28,0.08744537990423851,1.0472459980519488,19.87860100052785,21.01329237848404
509,16540.606299026233,16540.606504311,16540.606504311,16540.607517182,16540.627643006,3,COMPLETED,True,baseline_1,29,0.20528476670733653,1.0128710018761922,20.12582399765961,21.343979766243137
510,16540.624046426852,16540.624075223,16540.624075223,16540.624779524,16540.642680068,1,COMPLETED,True,baseline_1,30,0.028796148399123922,0.7043010009510908,17.9005439968023,18.633641146152513
511,16540.66831494803,16540.668478179,16540.668478179,16540.669275369,16540.68731444,2,COMPLETED,True,baseline_1,31,0.16323096861015074,0.7971900013217237,18.03907100111246,18.999491971044336
512,16540.671453000232,16540.671618184,16540.671618184,16540.672315014,16540.692238074,0,COMPLETED,True,baseline_1,32,0.16518376651220024,0.6968300003791228,19.92306000101962,20.785073767910944
513,16540.67338381914,16540.673557422,16540.673557422,16540.674064297,16540.689026379,3,COMPLETED,True,baseline_1,33,0.17360286074108444,0.5068749997008126,14.962082001147792,15.642559861589689
514,16540.764063552975,16540.764225588,16540.764225588,16540.764960203,16540.783839305,1,COMPLETED,True,baseline_1,34,0.16203502309508622,0.7346150014200248,18.879102000937564,19.775752025452675
515,16540.771424115945,16540.771516272,16540.771516272,16540.772671849,16540.792752036,2,COMPLETED,True,baseline_1,35,0.09215605678036809,1.1555769997357856,20.08018699780223,21.327920054318383
516,16540.78982384922,16540.78996188,16540.78996188,16540.790868149,16540.808086845,3,COMPLETED,True,baseline_1,36,0.13803078036289662,0.906269000552129,17.218696000782074,18.2629957816971
517,16540.8626810944,16540.862774395,16540.862774395,16540.863312793,16540.878595279,0,COMPLETED,True,baseline_1,37,0.0933005976548884,0.5383980023907498,15.282485997886397,15.914184597932035
518,16540.923203457452,16540.923367178,16540.923367178,16540.924212543,16540.941565587,1,COMPLETED,True,baseline_1,38,0.1637205459701363,0.8453650007140823,17.35304400062887,18.36212954731309
519,16540.92527435069,16540.925518714,16540.925518714,16540.926394247,16540.946369269,2,COMPLETED,True,baseline_1,39,0.2443633093207609,0.8755329981795512,19.975022001744946,21.09491830924526
520,16540.93466472529,16540.934827852,16540.934827852,16540.935675681,16540.955994188,3,COMPLETED,True,baseline_1,40,0.1631267114134971,0.8478290001221467,20.318506998592056,21.3294627101277
521,16540.938993201442,16540.939094352,16540.939094352,16540.939990972,16540.958717032,0,COMPLETED,True,baseline_1,41,0.10115055920323357,0.8966200002760161,18.72605999960797,19.72383055908722
522,16540.97611315467,16540.976302895,16540.976302895,16540.977136638,16540.993987172,1,COMPLETED,True,baseline_1,42,0.1897403308248613,0.8337430008396041,16.850534000695916,17.87401733236038
523,16540.98620037849,16540.98629757,16540.98629757,16540.987051068,16541.001961763,2,COMPLETED,True,baseline_1,43,0.09719151057652198,0.7534979995398317,14.910694997524843,15.761384507641196
524,16540.99678860009,16540.996951957,16540.996951957,16540.997463029,16541.010724649,3,COMPLETED,True,baseline_1,44,0.16335691179847345,0.5110720012453385,13.26161999895703,13.936048912000842
525,16541.03456891752,16541.034658776,16541.034658776,16541.035413118,16541.05427854,0,COMPLETED,True,baseline_1,45,0.0898584803508129,0.7543419997091405,18.865422000089893,19.709622480149847
526,16541.062119824823,16541.062210773,16541.062210773,16541.062914019,16541.082859194,1,COMPLETED,True,baseline_1,46,0.0909481786948163,0.7032459980109707,19.94517500133952,20.739369178045308
527,16541.12993879787,16541.130241225,16541.130241225,16541.131271349,16541.146071014,2,COMPLETED,True,baseline_1,47,0.3024271318281535,1.0301239999535028,14.799665001191897,16.132216132973554
528,16541.174300273393,16541.174557211,16541.174557211,16541.175798968,16541.197663381,3,COMPLETED,True,baseline_1,48,0.25693760835565627,1.2417569996614475,21.86441300000297,23.363107608020073
529,16541.197547147265,16541.19769863,16541.19769863,16541.198625512,16541.219567001,0,COMPLETED,True,baseline_1,49,0.15148273450904526,0.9268819994758815,20.941489001415903,22.01985373540083
530,16541.206893380553,16541.207053323,16541.207053323,16541.207989109,16541.227680667,1,COMPLETED,True,baseline_1,50,0.15994244677131064,0.9357859998999629,19.691558001795784,20.787286448467057
531,16541.2123005849,16541.212463818,16541.212463818,16541.213289267,16541.233084108,2,COMPLETED,True,baseline_1,51,0.1632331004657317,0.8254490021499805,19.794840998656582,20.783523101272294
532,16541.227752095238,16541.227947536,16541.227947536,16541.229258248,16541.248940102,3,COMPLETED,True,baseline_1,52,0.19544076349120587,1.310711999394698,19.681853998918086,21.18800676180399
533,16541.230172138814,16541.230334801,16541.230334801,16541.231113752,16541.247821693,0,COMPLETED,True,baseline_1,53,0.16266218517557718,0.778951001848327,16.70794099845807,17.649554185481975
534,16541.261932738482,16541.262082699,16541.262082699,16541.262794408,16541.281451989,1,COMPLETED,True,baseline_1,54,0.14996051686466672,0.7117090026440565,18.657581000297796,19.51925051980652
535,16541.272704084466,16541.272899511,16541.272899511,16541.273459849,16541.291766997,2,COMPLETED,True,baseline_1,55,0.19542653535609134,0.5603379977401346,18.307148002350004,19.06291253544623
536,16541.322506198205,16541.322605272,16541.322605272,16541.323106942,16541.337282172,0,COMPLETED,True,baseline_1,56,0.09907379353535362,0.501670001540333,14.175230000546435,14.775973795622122
537,16541.33999186351,16541.340106307,16541.340106307,16541.340648152,16541.354104873,3,COMPLETED,True,baseline_1,57,0.11444349001976661,0.5418449982244056,13.456721000693506,14.113009488937678
538,16541.383738759905,16541.383991858,16541.383991858,16541.384741255,16541.397745639,1,COMPLETED,True,baseline_1,58,0.2530980964365881,0.7493969969800673,13.004383999941638,14.006879093358293
539,16541.422943021447,16541.42311614,16541.42311614,16541.423925485,16541.445813826,2,COMPLETED,True,baseline_1,59,0.17311855117441155,0.8093450014712289,21.8883410016133,22.87080455425894
540,16541.426888582566,16541.427098591,16541.427098591,16541.427689021,16541.44083866,0,COMPLETED,True,baseline_1,60,0.21000843480578624,0.5904299978283234,13.149639002222102,13.950077434856212
541,16541.441819827814,16541.442025169,16541.442025169,16541.442831789,16541.469757081,3,COMPLETED,True,baseline_1,61,0.2053411844826769,0.8066200025496073,26.92529199703131,27.937253184063593
542,16541.462132170866,16541.462252638,16541.462252638,16541.462975828,16541.478184848,1,COMPLETED,True,baseline_1,62,0.12046713527524844,0.7231899980979506,15.20902000265778,16.05267713603098
543,16541.484527363475,16541.484613902,16541.484613902,16541.48529669,16541.504094187,0,COMPLETED,True,baseline_1,63,0.08653852637507953,0.6827879988122731,18.79749699946842,19.566823524655774
544,16541.521854046146,16541.521942132,16541.521942132,16541.522475792,16541.538116877,2,COMPLETED,True,baseline_1,64,0.08808585334918462,0.5336600006558001,15.641084999515442,16.262830853520427
545,16541.543572879134,16541.543664447,16541.543664447,16541.544501991,16541.557539606,3,COMPLETED,True,baseline_1,65,0.0915678647288587,0.8375440011150204,13.037615000939695,13.966726866783574
546,16541.552952913225,16541.55304334,16541.55304334,16541.553962916,16541.573119341,1,COMPLETED,True,baseline_1,66,0.09042677629622631,0.9195759994327091,19.156424998072907,20.166427773801843
547,16541.567998228205,16541.568155735,16541.568155735,16541.568968372,16541.587490401,0,COMPLETED,True,baseline_1,67,0.1575067944941111,0.8126370012178086,18.522029000450857,19.492172796162777
548,16541.580913127942,16541.581046387,16541.581046387,16541.582069329,16541.601404808,2,COMPLETED,True,baseline_1,68,0.13325905820238404,1.0229420004179701,19.33547899898258,20.491680057602935
549,16541.581281534443,16541.581592439,16541.581592439,16541.582097583,16541.595471465,3,COMPLETED,True,baseline_1,69,0.3109045574092306,0.5051439984526951,13.373882000450976,14.189930556312902
550,16541.586403305035,16541.586572044,16541.586572044,16541.587371211,16541.605354261,1,COMPLETED,True,baseline_1,70,0.16873896674951538,0.799166999058798,17.9830499982927,18.950955964101013
551,16541.589543205555,16541.589690957,16541.589690957,16541.59042753,16541.606832706,0,COMPLETED,True,baseline_1,71,0.14775144518353045,0.7365730016317684,16.405175996624166,17.289500443439465
552,16541.608217141293,16541.608319772,16541.608319772,16541.609185883,16541.629033993,3,COMPLETED,True,baseline_1,72,0.1026307072606869,0.8661110005050432,19.848109997838037,20.816851705603767
553,16541.623870812073,16541.623967166,16541.623967166,16541.624646095,16541.639835872,2,COMPLETED,True,baseline_1,73,0.09635392780182883,0.6789289982407354,15.18977700106916,15.965059927111724
554,16541.673040128535,16541.673296462,16541.673296462,16541.674303706,16541.693078841,1,COMPLETED,True,baseline_1,74,0.2563334637670778,1.0072440018120687,18.775134998577414,20.03871246415656
555,16541.688338654218,16541.688479132,16541.688479132,16541.689458724,16541.709394846,0,COMPLETED,True,baseline_1,75,0.1404777831339743,0.9795919977477752,19.936122000217438,21.056191781099187
556,16541.68894620616,16541.689105741,16541.689105741,16541.689741004,16541.709564947,3,COMPLETED,True,baseline_1,76,0.15953484034980647,0.6352630007313564,19.823942999209976,20.61874084029114
557,16541.732912278738,16541.733063585,16541.733063585,16541.733762799,16541.750647207,2,COMPLETED,True,baseline_1,77,0.15130626343307085,0.6992139969952404,16.88440800353419,17.7349282639625
558,16541.74431352259,16541.744464341,16541.744464341,16541.745189606,16541.762606895,1,COMPLETED,True,baseline_1,78,0.15081841047503985,0.7252649993461091,17.41728900015005,18.293372409971198
559,16541.758443376937,16541.758706201,16541.758706201,16541.759499987,16541.778025687,0,COMPLETED,True,baseline_1,79,0.26282406179234385,0.7937860027595889,18.525699997553602,19.582310062105535
560,16541.784469904884,16541.784575773,16541.784575773,16541.785471034,16541.804716334,3,COMPLETED,True,baseline_1,80,0.10586811549728736,0.8952610005508177,19.245300001784926,20.24642911783303
561,16541.78931847968,16541.789464134,16541.789464134,16541.790093024,16541.803366349,2,COMPLETED,True,baseline_1,81,0.1456543177482672,0.6288900003710296,13.273324999317992,14.04786931743729
562,16541.79235629159,16541.792628958,16541.792628958,16541.793446475,16541.812184571,1,COMPLETED,True,baseline_1,82,0.2726664097281173,0.8175170005415566,18.738096001470694,19.82827941174037
563,16541.861811051334,16541.861940746,16541.861940746,16541.862866411,16541.882283437,0,COMPLETED,True,baseline_1,83,0.12969466479262337,0.9256650009774603,19.4170260001556,20.472385665925685
564,16541.86764043769,16541.867768483,16541.867768483,16541.868448626,16541.884048354,2,COMPLETED,True,baseline_1,84,0.1280453107028734,0.6801429990446195,15.599728001689073,16.407916311436566
565,16541.90628849438,16541.906446425,16541.906446425,16541.90727037,16541.92646524,3,COMPLETED,True,baseline_1,85,0.15793061902513728,0.8239449998654891,19.194870001228992,20.17674562011962
566,16541.9284048525,16541.928545185,16541.928545185,16541.929451852,16541.948775358,1,COMPLETED,True,baseline_1,86,0.1403325004503131,0.9066669990716036,19.323505999636836,20.370505499158753
567,16541.930115931114,16541.930360015,16541.930360015,16541.931103578,16541.950382352,0,COMPLETED,True,baseline_1,87,0.2440838870825246,0.7435629995597992,19.278773997939425,20.26642088458175
568,16541.942867251117,16541.943086034,16541.943086034,16541.944082722,16541.963871409,2,COMPLETED,True,baseline_1,88,0.21878288316656835,0.9966879988496657,19.788687000982463,21.004157882998697
569,16542.01004927487,16542.010191878,16542.010191878,16542.010912729,16542.026030693,3,COMPLETED,True,baseline_1,89,0.14260312673286535,0.7208510032796767,15.1179639979091,15.981418127921643
570,16542.04153649076,16542.041734502,16542.041734502,16542.042440955,16542.061954314,1,COMPLETED,True,baseline_1,90,0.19801123926299624,0.7064530000207014,19.513358998665353,20.41782323794905
571,16542.09316885009,16542.093325528,16542.093325528,16542.094475896,16542.115945726,0,COMPLETED,True,baseline_1,91,0.1566779101267457,1.1503679997986183,21.469830000569345,22.77687591049471
572,16542.161193642725,16542.161365608,16542.161365608,16542.162451236,16542.182796392,2,COMPLETED,True,baseline_1,92,0.1719652755127754,1.0856279986910522,20.3451560009853,21.602749275189126
573,16542.204962102507,16542.205122497,16542.205122497,16542.206128166,16542.225963216,3,COMPLETED,True,baseline_1,93,0.16039449110394344,1.005669000733178,19.835049999528565,21.001113491365686
574,16542.23657149139,16542.236731892,16542.236731892,16542.237717602,16542.257785923,1,COMPLETED,True,baseline_1,94,0.16040061018429697,0.9857100012595765,20.06832099868916,21.214431610133033
575,16542.244342951602,16542.244486882,16542.244486882,16542.245173068,16542.262378428,0,COMPLETED,True,baseline_1,95,0.14393039600690827,0.6861860019853339,17.205359999934444,18.035476397926686
576,16542.255839595764,16542.256091931,16542.256091931,16542.256932187,16542.279838789,2,COMPLETED,True,baseline_1,96,0.2523352377465926,0.8402559979003854,22.90660200014827,23.999193235795246
577,16542.336336713346,16542.336592816,16542.336592816,16542.337466578,16542.355995341,3,COMPLETED,True,baseline_1,97,0.25610265220166184,0.8737620009924285,18.52876300108619,19.65862765428028
578,16542.34267018107,16542.342873295,16542.342873295,16542.343625203,16542.37702626,1,COMPLETED,True,baseline_1,98,0.2031139301834628,0.7519079990743194,33.4010570004466,34.35607892970438
579,16542.37218087726,16542.372334771,16542.372334771,16542.373171666,16542.393695925,0,COMPLETED,True,baseline_1,99,0.15389373947982676,0.8368950002477504,20.524258998193545,21.515047737921122
580,16542.38786108212,16542.38805536,16542.38805536,16542.388745823,16542.406085456,2,COMPLETED,True,baseline_1,100,0.1942778799275402,0.6904629990458488,17.33963300284813,18.22437388182152
581,16542.410478128026,16542.410623159,16542.410623159,16542.411480043,16542.425306163,3,COMPLETED,True,baseline_1,101,0.1450309755455237,0.8568839984945953,13.826120000885567,14.828034974925686
582,16542.42195732008,16542.422114267,16542.422114267,16542.422898884,16542.440875804,1,COMPLETED,True,baseline_1,102,0.1569469204696361,0.7846170010452624,17.97692000036477,18.91848392187967
583,16542.45656489987,16542.456617527,16542.456617527,16542.457407483,16542.471204155,0,COMPLETED,True,baseline_1,103,0.052627132390625775,0.7899560005171224,13.796671999443788,14.639255132351536
584,16542.48086304006,16542.480951593,16542.480951593,16542.481445427,16542.49446972,2,COMPLETED,True,baseline_1,104,0.08855294072418474,0.4938340025546495,13.024292999034515,13.606679942313349
585,16542.49502230021,16542.495182321,16542.495182321,16542.495650272,16542.508695235,3,COMPLETED,True,baseline_1,105,0.16002079064492136,0.4679510020650923,13.044962997810217,13.67293479052023
586,16542.53000707334,16542.530268787,16542.530268787,16542.531238232,16542.55107287,1,COMPLETED,True,baseline_1,106,0.2617136597109493,0.9694450018287171,19.83463799842866,21.065796659968328
587,16542.54260371498,16542.542697124,16542.542697124,16542.543124446,16542.560113969,0,COMPLETED,True,baseline_1,107,0.09340902033727616,0.42732200017780997,16.98952299921075,17.510254019725835
588,16542.54452856295,16542.544711943,16542.544711943,16542.545356498,16542.567164365,2,COMPLETED,True,baseline_1,108,0.18338004883844405,0.6445550025091507,21.807866996823577,22.635802048171172
589,16542.662805167347,16542.662955741,16542.662955741,16542.664091678,16542.684127831,3,COMPLETED,True,baseline_1,109,0.15057365453685634,1.1359370000718627,20.03615299690864,21.32266365151736
590,16542.709822944445,16542.709984766,16542.709984766,16542.710948094,16542.730861236,1,COMPLETED,True,baseline_1,110,0.1618215537746437,0.9633280023990665,19.913141997676576,21.038291553850286
591,16542.784035116874,16542.784222564,16542.784222564,16542.784956313,16542.803343291,0,COMPLETED,True,baseline_1,111,0.18744712724583223,0.7337489987548906,18.386978001217358,19.30817412721808
592,16542.794553089425,16542.794702497,16542.794702497,16542.795602425,16542.815107059,2,COMPLETED,True,baseline_1,112,0.14940757682779804,0.8999279998533893,19.504633997712517,20.553969574393705
593,16542.820470362687,16542.820601827,16542.820601827,16542.821374669,16542.83781653,3,COMPLETED,True,baseline_1,113,0.13146431228960864,0.7728420023340732,16.441860996565083,17.346167311188765
594,16543.02032635487,16543.020492335,16543.020492335,16543.02158712,16543.04225436,1,COMPLETED,True,baseline_1,114,0.16598013098700903,1.0947850023512729,20.667239998147124,21.928005131485406
595,16543.042062050365,16543.042345915,16543.042345915,16543.043352018,16543.062458807,0,COMPLETED,True,baseline_1,115,0.2838646360032726,1.0061030006909277,19.106788997305557,20.396756633999757
596,16543.048400795084,16543.048618176,16543.048618176,16543.049552731,16543.069901213,2,COMPLETED,True,baseline_1,116,0.21738091527367942,0.9345550024590921,20.34848199764383,21.5004179153766
597,16543.051698061823,16543.051862692,16543.051862692,16543.052794917,16543.073642609,3,COMPLETED,True,baseline_1,117,0.1646301752771251,0.9322250007244293,20.847692001552787,21.94454717755434
598,16543.119879325604,16543.120117433,16543.120117433,16543.120928029,16543.139586937,1,COMPLETED,True,baseline_1,118,0.2381073973083403,0.8105959968816023,18.658908000361407,19.70761139455135
599,16543.1391012816,16543.139374394,16543.139374394,16543.14019294,16543.154026733,0,COMPLETED,True,baseline_1,119,0.2731124004640151,0.8185460028471425,13.83379299659282,14.925451399903977
600,16543.144558472493,16543.144696906,16543.144696906,16543.145502172,16543.16432397,2,COMPLETED,True,baseline_1,0,0.13843350825482048,0.8052659977693111,18.821797999407863,19.765497505431995
601,16543.23176882306,16543.232127085,16543.232127085,16543.233272933,16543.253125311,3,COMPLETED,True,baseline_1,1,0.3582619392545894,1.1458480003057048,19.852377998176962,21.356487937737256
602,16543.25980137403,16543.259960966,16543.259960966,16543.260926978,16543.281318619,1,COMPLETED,True,baseline_1,2,0.15959196753101423,0.9660120012995321,20.391640999150695,21.51724496798124
603,16543.262592341434,16543.26275894,16543.26275894,16543.263665362,16543.283668602,0,COMPLETED,True,baseline_1,3,0.16659856555634178,0.90642199938884,20.00323999891407,21.07626056385925
604,16543.269187859572,16543.269448262,16543.269448262,16543.270415479,16543.290949954,2,COMPLETED,True,baseline_1,4,0.26040242664748803,0.9672170017438475,20.534474999294616,21.762094427685952
605,16543.296030364094,16543.296179486,16543.296179486,16543.297000569,16543.313378352,3,COMPLETED,True,baseline_1,5,0.14912190454197116,0.82108300193795,16.377782998461043,17.347987904940965
606,16543.366380466563,16543.366490185,16543.366490185,16543.367527261,16543.386305336,1,COMPLETED,True,baseline_1,6,0.1097184358513914,1.0370760028308723,18.778074998408556,19.92486943709082
607,16543.371747110934,16543.371833812,16543.371833812,16543.372606927,16543.385622242,0,COMPLETED,True,baseline_1,7,0.08670106763020158,0.7731149999017362,13.015314998483518,13.875131066015456
608,16543.39962124501,16543.399722124,16543.399722124,16543.400562156,16543.41956356,2,COMPLETED,True,baseline_1,8,0.10087898772326298,0.8400320002692752,19.001404001755873,19.94231498974841
609,16543.39967030959,16543.399800281,16543.399800281,16543.400884467,16543.421739099,3,COMPLETED,True,baseline_1,9,0.12997140947845764,1.08418599847937,20.85463200273807,22.0687894106959
610,16543.401460457197,16543.401714713,16543.401714713,16543.402447577,16543.416634295,0,COMPLETED,True,baseline_1,10,0.2542558031564113,0.7328639985644259,14.186718002747511,15.173837804468349
611,16543.406088679796,16543.406197143,16543.406197143,16543.406806609,16543.421307581,1,COMPLETED,True,baseline_1,11,0.10846320219570771,0.6094660020607989,14.500971999950707,15.218901204207214
612,16543.440176435008,16543.440314829,16543.440314829,16543.440858473,16543.454610118,0,COMPLETED,True,baseline_1,12,0.13839399252901785,0.5436440005723853,13.751644997682888,14.433682990784291
613,16543.46666561805,16543.466830188,16543.466830188,16543.467345721,16543.482942726,2,COMPLETED,True,baseline_1,13,0.1645699521759525,0.5155329999979585,15.597005000017816,16.277107952191727
614,16543.480012384487,16543.480266897,16543.480266897,16543.480929721,16543.498910636,1,COMPLETED,True,baseline_1,14,0.2545125134929549,0.6628240007557906,17.980914999498054,18.8982515137468
615,16543.54939077901,16543.549612864,16543.549612864,16543.550411534,16543.565754822,3,COMPLETED,True,baseline_1,15,0.22208498921827413,0.7986700002220459,15.34328799971263,16.36404298915295
616,16543.581652606837,16543.581812329,16543.581812329,16543.582591752,16543.601009253,0,COMPLETED,True,baseline_1,16,0.15972216351656243,0.7794230004947167,18.41750099993078,19.35664616394206
617,16543.64693635267,16543.64709496,16543.64709496,16543.648207249,16543.66724025,2,COMPLETED,True,baseline_1,17,0.15860733037698083,1.1122889991384,19.033001000934746,20.303897330450127
618,16543.64797296546,16543.648119364,16543.648119364,16543.648845005,16543.669129379,1,COMPLETED,True,baseline_1,18,0.14639853907283396,0.7256409990077373,20.284374000766547,21.15641353884712
619,16543.72953609741,16543.729700842,16543.729700842,16543.730739142,16543.749963498,3,COMPLETED,True,baseline_1,19,0.16474458971060812,1.0383000008005183,19.22435600135941,20.427400591870537
620,16543.745559399104,16543.745702231,16543.745702231,16543.746569456,16543.764817961,0,COMPLETED,True,baseline_1,20,0.1428318973921705,0.867225000547478,18.248504999064608,19.258561897004256
621,16543.761543335844,16543.76174438,16543.76174438,16543.762562858,16543.782627039,2,COMPLETED,True,baseline_1,21,0.20104415671085007,0.8184779981093016,20.064181000634562,21.083703155454714
622,16543.77688371417,16543.777036913,16543.777036913,16543.777789739,16543.795546179,1,COMPLETED,True,baseline_1,22,0.15319883095799014,0.7528259993705433,17.756440000084694,18.662464830413228
623,16543.828303291564,16543.828330847,16543.828330847,16543.829309988,16543.848245732,3,COMPLETED,True,baseline_1,23,0.027555437554838136,0.97914099751506,18.93574399946374,19.942440434533637
624,16543.850286936726,16543.850428284,16543.850428284,16543.851260684,16543.870262321,0,COMPLETED,True,baseline_1,24,0.14134727462078445,0.8324000009451993,19.00163699974655,19.975384275312535
625,16543.85718689738,16543.85734403,16543.85734403,16543.857956499,16543.876157665,2,COMPLETED,True,baseline_1,25,0.1571326174598653,0.6124690007709432,18.20116599992616,18.97076761815697
626,16543.866478488373,16543.866637923,16543.866637923,16543.867251662,16543.886598949,1,COMPLETED,True,baseline_1,26,0.15943462858558632,0.6137389973446261,19.347287001437508,20.12046062736772
627,16543.86732195333,16543.86744863,16543.86744863,16543.868068361,16543.881608642,3,COMPLETED,True,baseline_1,27,0.12667667033383623,0.6197309994604439,13.540281001041876,14.286688670836156
628,16543.888003741948,16543.888122103,16543.888122103,16543.888892229,16543.907692109,0,COMPLETED,True,baseline_1,28,0.11836105113616213,0.7701260001340415,18.799880002916325,19.68836705418653
629,16543.924853993696,16543.924927781,16543.924927781,16543.925871979,16543.94491463,2,COMPLETED,True,baseline_1,29,0.07378730515483767,0.9441980000701733,19.042650998017052,20.060636303242063
630,16543.95232116572,16543.952481365,16543.952481365,16543.953351248,16543.968186831,3,COMPLETED,True,baseline_1,30,0.1601992771611549,0.8698830024513882,14.835582998784957,15.8656652783975
631,16543.99784666399,16543.997987483,16543.997987483,16543.998688556,16544.016790563,1,COMPLETED,True,baseline_1,31,0.14081900735618547,0.7010730005276855,18.102007001289167,18.943899009173037
632,16544.033105104205,16544.033248425,16544.033248425,16544.034104125,16544.052268122,0,COMPLETED,True,baseline_1,32,0.14332079445011914,0.8557000001019333,18.16399699964677,19.163017794198822
633,16544.04862859048,16544.048777752,16544.048777752,16544.049695468,16544.068461637,2,COMPLETED,True,baseline_1,33,0.14916151849320158,0.9177159990940709,18.76616900335648,19.833046520943753
634,16544.10003383377,16544.100114872,16544.100114872,16544.101144468,16544.12122586,3,COMPLETED,True,baseline_1,34,0.0810382298368495,1.0295960018993355,20.081391998246545,21.19202622998273
635,16544.14479329477,16544.144949728,16544.144949728,16544.145866171,16544.165880095,1,COMPLETED,True,baseline_1,35,0.15643323058611713,0.9164429975498933,20.01392400052282,21.08680022865883
636,16544.219736600346,16544.219990437,16544.219990437,16544.220867046,16544.238955009,0,COMPLETED,True,baseline_1,36,0.2538366534281522,0.8766089995333459,18.08796300247195,19.21840865543345
637,16544.238787613373,16544.239049408,16544.239049408,16544.240225787,16544.26031382,2,COMPLETED,True,baseline_1,37,0.2617946265672799,1.176379002572503,20.088032997591654,21.526206626731437
638,16544.24349416462,16544.243659457,16544.243659457,16544.244582926,16544.264716739,3,COMPLETED,True,baseline_1,38,0.16529237836948596,0.9234690005541779,20.133812999119982,21.222574378043646
639,16544.246953282276,16544.247203184,16544.247203184,16544.248078261,16544.268472672,1,COMPLETED,True,baseline_1,39,0.24990172460093163,0.8750769993639551,20.39441099987016,21.519389723835047
640,16544.302070297563,16544.30218772,16544.30218772,16544.302915083,16544.316518962,0,COMPLETED,True,baseline_1,40,0.11742243805201724,0.727362999896286,13.60387900058413,14.448664438532433
641,16544.30411063281,16544.304278654,16544.304278654,16544.305095845,16544.323992105,2,COMPLETED,True,baseline_1,41,0.16802118989289738,0.8171910012606531,18.896260000474285,19.881472191627836
642,16544.304140395277,16544.3043466,16544.3043466,16544.30513773,16544.319836824,3,COMPLETED,True,baseline_1,42,0.20620472423615865,0.7911299981060438,14.699094001116464,15.696428723458666
643,16544.33373040554,16544.333906216,16544.333906216,16544.334308676,16544.347227837,1,COMPLETED,True,baseline_1,43,0.17581046267878264,0.4024599984404631,12.919160999445012,13.497431460564258
644,16544.35048410942,16544.350572705,16544.350572705,16544.351200858,16544.364447232,0,COMPLETED,True,burst_1,44,0.08859557783580385,0.6281530004343949,13.246374001028016,13.963122579298215
645,16544.35486153082,16544.355066559,16544.355066559,16544.355672114,16544.370111039,3,COMPLETED,True,burst_1,45,0.20502818006207235,0.6055550002201926,14.438924998103175,15.24950817838544
646,16544.358701435944,16544.358883879,16544.358883879,16544.35974241,16544.381051277,2,COMPLETED,True,burst_1,46,0.18244305465486832,0.8585310024500359,21.30886699887924,22.349841055984143
647,16544.366486250532,16544.366632538,16544.366632538,16544.367137112,16544.380299049,1,COMPLETED,True,burst_1,47,0.14628746794187464,0.5045739999332,13.161937000404578,13.812798468279652
648,16544.395107922348,16544.395361155,16544.395361155,16544.39588633,16544.4106537,0,COMPLETED,True,burst_1,48,0.2532326507207472,0.5251750008028466,14.767370001209201,15.545777652732795
649,16544.395658455596,16544.395802682,16544.395802682,16544.396378973,16544.410204424,3,COMPLETED,True,burst_1,49,0.1442264037905261,0.5762910004705191,13.825450998410815,14.54596840267186
650,16544.39817073823,16544.398327873,16544.398327873,16544.398915745,16544.412364665,1,COMPLETED,True,burst_1,50,0.15713477114331909,0.5878720003238413,13.448919999063946,14.193926770531107
651,16544.40167131348,16544.401830759,16544.401830759,16544.402554824,16544.416060505,2,COMPLETED,True,burst_1,51,0.15944552069413476,0.7240649974846747,13.50568099951488,14.389191517693689
652,16544.422609602683,16544.422709085,16544.422709085,16544.423412808,16544.436637915,3,COMPLETED,True,burst_1,52,0.09948231672751717,0.7037229988782201,13.225107002654113,14.02831231825985
653,16544.42328335581,16544.423436324,16544.423436324,16544.423883073,16544.437039563,0,COMPLETED,True,burst_1,53,0.15296819037757814,0.4467489998205565,13.156490000255872,13.756207190454006
654,16544.433243955107,16544.43339282,16544.43339282,16544.433950683,16544.447743971,1,COMPLETED,True,burst_1,54,0.14886489225318655,0.5578630007221363,13.793287998851156,14.500015891826479
655,16544.470316972627,16544.470479437,16544.470479437,16544.471156141,16544.490299094,2,COMPLETED,True,burst_1,55,0.16246437371592037,0.6767039994883817,19.14295299866353,19.982121371867834
656,16544.47807509384,16544.478163244,16544.478163244,16544.478505101,16544.492297468,3,COMPLETED,True,burst_1,56,0.08815015826257877,0.3418570013309363,13.792367000860395,14.22237416045391
657,16544.482800941412,16544.483047752,16544.483047752,16544.483655561,16544.501578298,0,COMPLETED,True,burst_1,57,0.2468105885782279,0.6078090009395964,17.9227369990258,18.777356588543626
658,16544.483852827907,16544.484043721,16544.484043721,16544.484463091,16544.497953824,1,COMPLETED,True,burst_1,58,0.19089309353148565,0.4193700005998835,13.49073299934389,14.10099609347526
659,16544.515185088065,16544.515448767,16544.515448767,16544.516163009,16544.531558206,2,COMPLETED,True,burst_1,59,0.2636789358803071,0.7142419999581762,15.395196998724714,16.373117934563197
660,16544.53370233269,16544.533794384,16544.533794384,16544.534216515,16544.547496484,3,COMPLETED,True,burst_1,60,0.0920513084565755,0.42213100095978007,13.279968999995617,13.794151309411973
661,16544.53601078289,16544.536121781,16544.536121781,16544.536568713,16544.553737534,1,COMPLETED,True,burst_1,61,0.11099810944870114,0.4469320010684896,17.168820999359014,17.726751109876204
662,16544.54393033481,16544.544073503,16544.544073503,16544.544532573,16544.558312597,0,COMPLETED,True,burst_1,62,0.14316818851511925,0.4590700009430293,13.780024000880076,14.382262190338224
663,16544.545853344745,16544.546000317,16544.546000317,16544.546620691,16544.560110758,2,COMPLETED,True,burst_1,63,0.14697225560666993,0.6203739976626821,13.490067001839634,14.257413255108986
664,16544.55491342671,16544.555077326,16544.555077326,16544.555684797,16544.569329816,3,COMPLETED,True,burst_1,64,0.16389929078286514,0.6074709999666084,13.645019000250613,14.416389291000087
665,16544.569230420537,16544.569381047,16544.569381047,16544.569942394,16544.583170132,1,COMPLETED,True,burst_1,65,0.15062646343722008,0.5613469984382391,13.227737999841338,13.939711461716797
666,16544.578533558015,16544.578623741,16544.578623741,16544.579218092,16544.599152575,0,COMPLETED,True,burst_1,66,0.09018298442242667,0.5943510004726704,19.934482999815373,20.61901698471047
667,16544.588678761633,16544.588777717,16544.588777717,16544.589210289,16544.605873854,2,COMPLETED,True,burst_1,67,0.09895536641124636,0.4325720001361333,16.663565002090763,17.195092368638143
668,16544.598965322806,16544.599114812,16544.599114812,16544.599624082,16544.61317206,3,COMPLETED,True,burst_1,68,0.14948919488233514,0.5092699975648429,13.547978000133298,14.206737192580476
669,16544.613676925434,16544.613887012,16544.613887012,16544.61461784,16544.627488243,1,COMPLETED,True,burst_1,69,0.21008656767662615,0.7308280000870582,12.870402999396902,13.811317567160586
670,16544.625654573054,16544.625742206,16544.625742206,16544.626428801,16544.645388865,0,COMPLETED,True,burst_1,70,0.08763294681557454,0.6865949981147423,18.96006400056649,19.734291945496807
671,16544.633850438968,16544.633935445,16544.633935445,16544.634565893,16544.647762827,2,COMPLETED,True,burst_1,71,0.08500603144057095,0.6304480011749547,13.196934000006877,13.912388032622403
672,16544.64831694682,16544.648414083,16544.648414083,16544.649026868,16544.662527211,3,COMPLETED,True,burst_1,72,0.09713618055684492,0.612784999248106,13.500343000487192,14.210264180292143
673,16544.648775789225,16544.648863817,16544.648863817,16544.649320591,16544.6638134,1,COMPLETED,True,burst_1,73,0.0880277766555082,0.4567739997582976,14.49280899760197,15.037610774015775
674,16544.650964679357,16544.651026469,16544.651026469,16544.651763969,16544.670670671,0,COMPLETED,True,burst_1,74,0.061789643950760365,0.7374999986495823,18.90670200009481,19.705991642695153
675,16544.67168555369,16544.671837135,16544.671837135,16544.67262244,16544.686272955,2,COMPLETED,True,burst_1,75,0.15158130918280222,0.7853050010453444,13.650515000335872,14.587401310564019
676,16544.678877957296,16544.679009402,16544.679009402,16544.67971098,16544.693549194,3,COMPLETED,True,burst_1,76,0.13144470358383842,0.7015779992798343,13.838213999406435,14.671236702270107
677,16544.68487450092,16544.685043565,16544.685043565,16544.68582044,16544.704191391,1,COMPLETED,True,burst_1,77,0.16906408200156875,0.7768750001559965,18.37095099836006,19.316890080517624
678,16544.696321339994,16544.69656661,16544.69656661,16544.697121893,16544.710856297,0,COMPLETED,True,burst_1,78,0.24527000641683117,0.555283000721829,13.734403997659683,14.534957004798343
679,16544.70050229873,16544.700601278,16544.700601278,16544.701311445,16544.71481863,2,COMPLETED,True,burst_1,79,0.09897927156998776,0.7101669980329461,13.507185001799371,14.316331271402305
680,16544.700957938723,16544.701046482,16544.701046482,16544.701452564,16544.714920015,3,COMPLETED,True,burst_1,80,0.0885432782524731,0.40608199924463406,13.467451000906294,13.962076278403401
681,16544.70223844933,16544.702424891,16544.702424891,16544.704354962,16544.718288285,1,COMPLETED,True,burst_1,81,0.18644166993908584,1.9300710009702016,13.93332299994654,16.049835670855828
682,16544.708819753705,16544.709033772,16544.709033772,16544.71102296,16544.724755377,0,COMPLETED,True,burst_1,82,0.21401829508249648,1.9891880001523532,13.732416999118868,15.935623294353718
683,16544.710826867977,16544.711000738,16544.711000738,16544.715031554,16544.728902348,2,COMPLETED,True,burst_1,83,0.17387002299074084,4.030815998703474,13.870794002286857,18.075480023981072
684,16544.710944247887,16544.711105195,16544.711105195,16544.715088261,16544.72889545,3,COMPLETED,True,burst_1,84,0.1609471146366559,3.9830659989092965,13.8071889996354,17.951202113181353
685,16544.714278649688,16544.714415396,16544.714415396,16544.718627589,16544.732165818,1,COMPLETED,True,burst_1,85,0.13674631190951914,4.212193001876585,13.538228999095736,17.88716831288184
686,16544.731410610715,16544.731580913,16544.731580913,16544.732580392,16544.751723423,0,COMPLETED,True,burst_1,86,0.17030228627845645,0.9994789979828056,19.143031000567134,20.312812284828397
687,16544.73359726546,16544.733689897,16544.733689897,16544.734273856,16544.74730355,1,COMPLETED,True,burst_1,87,0.09263154061045498,0.5839590012328699,13.029694000579184,13.706284542422509
688,16544.738817023805,16544.738914873,16544.738914873,16544.739576757,16544.752899925,3,COMPLETED,True,burst_1,88,0.09784919529920444,0.6618840016017202,13.323167997441487,14.082901194342412
689,16544.754476210714,16544.754653143,16544.754653143,16544.755268378,16544.768958793,2,COMPLETED,True,burst_1,89,0.17693228801363148,0.6152349997137208,13.690414998563938,14.48258228629129
690,16544.759682530817,16544.759841776,16544.759841776,16544.760573801,16544.774234533,1,COMPLETED,True,burst_1,90,0.15924518083920702,0.7320250006159768,13.660732001881115,14.552002183336299
691,16544.766063791245,16544.766325259,16544.766325259,16544.766947932,16544.780346449,0,COMPLETED,True,burst_1,91,0.26146775417146273,0.6226730001799297,13.398516999586718,14.28265775393811
692,16544.778011338818,16544.778119199,16544.778119199,16544.778603733,16544.792255704,3,COMPLETED,True,burst_1,92,0.10786018174258061,0.4845340008614585,13.651970999490004,14.244365182094043
693,16544.782906432374,16544.782992062,16544.782992062,16544.783413694,16544.796533648,2,COMPLETED,True,burst_1,93,0.08562962466385216,0.42163200123468414,13.119954001012957,13.627215626911493
694,16544.794609874105,16544.794729846,16544.794729846,16544.795222205,16544.808638105,1,COMPLETED,True,burst_1,94,0.11997189358226024,0.4923590022372082,13.4159000008367,14.028230896656169
695,16544.8161079181,16544.816365587,16544.816365587,16544.816828628,16544.83035552,0,COMPLETED,True,burst_1,95,0.2576689003035426,0.4630410003301222,13.526891998481005,14.24760189911467
696,16544.819400379467,16544.819490341,16544.819490341,16544.820113235,16544.833589352,3,COMPLETED,True,burst_1,96,0.08996153337648138,0.6228940001165029,13.476117001118837,14.188972534611821
697,16544.819995021026,16544.820112872,16544.820112872,16544.82064329,16544.838423685,2,COMPLETED,True,burst_1,97,0.11785097376559861,0.5304180012899451,17.78039499913575,18.428663974191295
698,16544.822099735076,16544.822245335,16544.822245335,16544.822650549,16544.836245654,1,COMPLETED,True,burst_1,98,0.14559992268914357,0.4052139993291348,13.59510500333272,14.145918925350998
699,16544.82452519206,16544.824619423,16544.824619423,16544.830726139,16544.844380334,0,COMPLETED,True,burst_1,99,0.09423094161320478,6.106715998612344,13.654195001436165,19.855141941661714
700,16544.824811189355,16544.825022549,16544.825022549,16544.834001375,16544.847295237,3,COMPLETED,True,burst_1,100,0.21135964561835863,8.978825997473905,13.293862000864465,22.48404764395673
701,16544.832808169926,16544.832899656,16544.832899656,16544.836621287,16544.850117718,1,COMPLETED,True,burst_1,101,0.09148607568931766,3.721630997461034,13.496431001840392,17.309548074990744
702,16544.859327682196,16544.859439752,16544.859439752,16544.859901835,16544.873268996,2,COMPLETED,True,burst_1,102,0.11206980343558826,0.4620830004569143,13.3671610019519,13.941313805844402
703,16544.861600363947,16544.861693976,16544.861693976,16544.86221981,16544.876974524,0,COMPLETED,True,burst_1,103,0.09361205229652114,0.5258339988358784,14.754714000446256,15.374160051578656
704,16544.874631354673,16544.87479459,16544.87479459,16544.875398443,16544.888758902,3,COMPLETED,True,burst_1,104,0.16323532690876164,0.6038530009391252,13.360459000978153,14.12754732882604
705,16544.877037355345,16544.877148765,16544.877148765,16544.877810345,16544.891426384,1,COMPLETED,True,burst_1,105,0.1114096558012534,0.6615799975406844,13.616039002954494,14.389028656296432
706,16544.88029236011,16544.880442294,16544.880442294,16544.881006921,16544.89961999,2,COMPLETED,True,burst_1,106,0.1499338904977776,0.564627000130713,18.613068998092785,19.327629888721276
707,16544.88277999111,16544.882868288,16544.882868288,16544.883239446,16544.896961524,0,COMPLETED,True,burst_1,107,0.08829689249978401,0.371157999325078,13.72207799795433,14.181532889779191
708,16544.88595068026,16544.886060213,16544.886060213,16544.888919618,16544.902736468,3,COMPLETED,True,burst_1,108,0.10953274249914102,2.859404998162063,13.816850001603598,16.7857877422648
709,16544.88662694366,16544.88672769,16544.88672769,16544.891832876,16544.905141351,1,COMPLETED,True,burst_1,109,0.1007463397399988,5.105186002765549,13.308474997757003,18.51440734026255
710,16544.8927916103,16544.892952766,16544.892952766,16544.897168533,16544.910489317,0,COMPLETED,True,burst_1,110,0.1611557017895393,4.215766999550397,13.32078400082537,17.697706702165306
711,16544.892886195223,16544.893022709,16544.893022709,16544.89984393,16544.914403101,2,COMPLETED,True,burst_1,111,0.13651377594214864,6.8212210026104,14.559170998836635,21.516905777389184
712,16544.904550212344,16544.90467322,16544.90467322,16544.905206104,16544.918800326,3,COMPLETED,True,burst_1,112,0.12300765592954122,0.5328839979483746,13.59422200039262,14.250113654270535
713,16544.912797368343,16544.912922221,16544.912922221,16544.913497662,16544.926511005,1,COMPLETED,True,burst_1,113,0.12485265688155778,0.5754410012741573,13.013342999329325,13.71363665748504
714,16544.917775372585,16544.917910609,16544.917910609,16544.918560355,16544.936783887,0,COMPLETED,True,burst_1,114,0.1352364160993602,0.6497459980892017,18.223531998955877,19.00851441314444
715,16544.92988713883,16544.929976648,16544.929976648,16544.930606491,16544.944311688,2,COMPLETED,True,burst_1,115,0.08950916890171356,0.6298430016613565,13.70519699776196,14.42454916832503
716,16544.93738376668,16544.937470252,16544.937470252,16544.93804967,16544.951471796,3,COMPLETED,True,burst_1,116,0.08648532093502581,0.5794179996883031,13.422126001387369,14.088029322010698
717,16544.940993206543,16544.941089149,16544.941089149,16544.941604676,16544.957170728,1,COMPLETED,True,burst_1,117,0.09594245784683153,0.5155270009709056,15.566051999485353,16.17752145830309
718,16544.94178504642,16544.94187853,16544.94187853,16544.942349631,16544.955981844,0,COMPLETED,True,burst_1,118,0.0934835807129275,0.4711010005848948,13.632212998345494,14.196797579643317
719,16544.94233545838,16544.942469296,16544.942469296,16544.944684372,16544.958205171,2,COMPLETED,True,burst_1,119,0.13383761688601226,2.215076001448324,13.520798998797545,15.869712617131881
720,16544.94774227707,16544.947937935,16544.947937935,16544.95184461,16544.965417751,3,COMPLETED,True,burst_1,0,0.1956579326360952,3.906674999598181,13.573140997323208,17.675473929557484
721,16544.949180381278,16544.949323373,16544.949323373,16544.956455905,16544.969732791,0,COMPLETED,True,burst_1,1,0.14299172107712366,7.132532002287917,13.276885998493526,20.552409721858567
722,16544.95178660793,16544.952179005,16544.952179005,16544.957579411,16544.971063084,1,COMPLETED,True,burst_1,2,0.39239706893567927,5.400406000262592,13.483673003065633,19.276476072263904
723,16544.96563900116,16544.965745542,16544.965745542,16544.966451954,16544.98509205,2,COMPLETED,True,burst_1,3,0.10654083962435834,0.7064119999995455,18.640096001036,19.453048840659903
724,16544.97345024703,16544.973550357,16544.973550357,16544.973934664,16544.98728611,3,COMPLETED,True,burst_1,4,0.10010996993514709,0.38430700078606606,13.351445999433054,13.835862970154267
725,16544.98171274989,16544.981866494,16544.981866494,16544.98243826,16545.000442963,0,COMPLETED,True,burst_1,5,0.15374410941149108,0.5717660023947246,18.00470299713197,18.730213108938187
726,16544.986711847057,16544.986799945,16544.986799945,16544.987160461,16545.000693747,1,COMPLETED,True,burst_1,6,0.08809794235276058,0.36051600181963295,13.533285997255007,13.9818999414274
727,16544.992560486797,16544.992648047,16544.992648047,16544.993229988,16545.006554721,2,COMPLETED,True,burst_1,7,0.08756020179134794,0.5819409998366609,13.324733001354616,13.994234202982625
728,16545.001787046585,16545.001913848,16545.001913848,16545.002354064,16545.01667891,3,COMPLETED,True,burst_1,8,0.1268014129891526,0.44021600115229376,14.32484600081807,14.891863414959516
729,16545.00315807775,16545.003244676,16545.003244676,16545.003648037,16545.017035006,0,COMPLETED,True,burst_1,9,0.08659825107315555,0.40336099846172146,13.386968999839155,13.876928249374032
730,16545.007549556158,16545.007633367,16545.007633367,16545.008102061,16545.021456579,1,COMPLETED,True,burst_1,10,0.0838108426250983,0.4686940010287799,13.354517999687232,13.90702284334111
731,16545.01461234012,16545.014713748,16545.014713748,16545.015316479,16545.02896738,2,COMPLETED,True,burst_1,11,0.10140788072021678,0.6027309973433148,13.650901000801241,14.355039878864773
732,16545.022838266825,16545.023019715,16545.023019715,16545.023521532,16545.037420943,3,COMPLETED,True,burst_1,12,0.18144817659049295,0.5018169977120124,13.899411002057604,14.58267617636011
733,16545.02423257787,16545.024357865,16545.024357865,16545.024708976,16545.038036381,0,COMPLETED,True,burst_1,13,0.12528712977655232,0.35111100078211166,13.327404998562997,13.803803129121661
734,16545.046133085965,16545.046225166,16545.046225166,16545.046874733,16545.064202721,1,COMPLETED,True,burst_1,14,0.0920800339372363,0.6495670022559352,17.327988000033656,18.069635036226828
735,16545.05277996792,16545.052859324,16545.052859324,16545.053304798,16545.067022185,2,COMPLETED,True,burst_1,15,0.0793560830061324,0.44547399738803506,13.717387002543546,14.242217082937714
736,16545.053488862595,16545.05357026,16545.05357026,16545.053878139,16545.067388431,3,COMPLETED,True,burst_1,16,0.08139740384649485,0.30787899959250353,13.510292003047653,13.899568406486651
737,16545.054665672684,16545.05475251,16545.05475251,16545.055063959,16545.068504323,0,COMPLETED,True,burst_1,17,0.08683731721248478,0.31144899912760593,13.440364000416594,13.838650316756684
738,16545.05658171559,16545.056773073,16545.056773073,16545.064597895,16545.077842796,1,COMPLETED,True,burst_1,18,0.19135740876663476,7.824822001566645,13.24490099796094,21.26108040829422
739,16545.071831822366,16545.072033571,16545.072033571,16545.072599916,16545.08571152,2,COMPLETED,True,burst_1,19,0.20174863311694935,0.566344999242574,13.111604002915556,13.879697635275079
740,16545.07691134387,16545.077007549,16545.077007549,16545.077449915,16545.090468011,3,COMPLETED,True,burst_1,20,0.09620513083063997,0.44236599933356047,13.018096000450896,13.556667130615097
741,16545.077377703838,16545.077482943,16545.077482943,16545.078051858,16545.091118926,0,COMPLETED,True,burst_1,21,0.10523916353122331,0.5689149984391406,13.067068000964355,13.741222162934719
742,16545.088760732626,16545.088925746,16545.088925746,16545.089576786,16545.102464174,1,COMPLETED,True,burst_1,22,0.16501337449881248,0.6510399980470538,12.887388002127409,13.703441374673275
743,16545.097570201026,16545.097586368,16545.097586368,16545.098368744,16545.111395935,2,COMPLETED,True,burst_1,23,0.016166974091902375,0.7823759988241363,13.027191002038307,13.825733974954346
744,16545.1048507434,16545.104945522,16545.104945522,16545.105685368,16545.118640644,3,COMPLETED,True,burst_1,24,0.09477860294282436,0.7398459965770599,12.955276000866434,13.789900600386318
745,16545.11383855212,16545.113944757,16545.113944757,16545.114628371,16545.128295537,0,COMPLETED,True,burst_1,25,0.10620487955748104,0.6836140019004233,13.6671660002321,14.456984881690005
746,16545.117249204355,16545.117355247,16545.117355247,16545.118093518,16545.137850232,1,COMPLETED,True,burst_1,26,0.10604264389257878,0.738270999136148,19.756714002141962,20.60102764517069
747,16545.118975830635,16545.119107922,16545.119107922,16545.119850758,16545.133159565,2,COMPLETED,True,burst_1,27,0.1320913652307354,0.7428360004269052,13.308806999702938,14.183734365360579
748,16545.120837558108,16545.120942758,16545.120942758,16545.121499924,16545.136669351,3,COMPLETED,True,burst_1,28,0.10519989155000076,0.5571660003624856,15.16942699890933,15.831792890821816
749,16545.121857539438,16545.121946953,16545.121946953,16545.128692132,16545.141968389,0,COMPLETED,True,burst_1,29,0.0894135628186632,6.745178998244228,13.276257002871716,20.110849563934607
750,16545.128717184965,16545.128936083,16545.128936083,16545.133522427,16545.146782221,2,COMPLETED,True,burst_1,30,0.21889803610974923,4.586343999108067,13.259793999168323,18.06503603438614
751,16545.135890688653,16545.135983276,16545.135983276,16545.137043103,16545.150360661,3,COMPLETED,True,burst_1,31,0.09258734644390643,1.0598270018817857,13.31755799765233,14.469972345978022
752,16545.149539015893,16545.149626513,16545.149626513,16545.150392098,16545.1637048,1,COMPLETED,True,burst_1,32,0.08749710832489654,0.7655849985894747,13.31270200171275,14.165784108627122
753,16545.153794251542,16545.153846605,16545.153846605,16545.15446321,16545.167502141,0,COMPLETED,True,burst_1,33,0.05235345815890469,0.6166050006868318,13.038930999755394,13.70788945860113
754,16545.156320139286,16545.156415428,16545.156415428,16545.156979168,16545.17003465,2,COMPLETED,True,burst_1,34,0.09528871305519715,0.5637400026898831,13.055481998890173,13.714510714635253
755,16545.1705667794,16545.170684088,16545.170684088,16545.171423961,16545.184354454,3,COMPLETED,True,burst_1,35,0.11730859841918573,0.7398730012937449,12.930492997838883,13.787674597551813
756,16545.17224755451,16545.172367254,16545.172367254,16545.172922915,16545.185932931,1,COMPLETED,True,burst_1,36,0.11969948900514282,0.5556610012718011,13.010015998588642,13.685376488865586
757,16545.201710487094,16545.201876518,16545.201876518,16545.202493854,16545.218506689,0,COMPLETED,True,burst_1,37,0.1660309062572196,0.6173360015964136,16.01283499985584,16.796201907709474
758,16545.206298091107,16545.206373706,16545.206373706,16545.207126918,16545.225321422,2,COMPLETED,True,burst_1,38,0.07561489474028349,0.7532119998359121,18.1945039985294,19.023330893105594
759,16545.207793311114,16545.207935627,16545.207935627,16545.20868673,16545.227712566,3,COMPLETED,True,burst_1,39,0.14231588647817262,0.7511029980378225,19.02583600167418,19.919254886190174
760,16545.20780330833,16545.208075051,16545.208075051,16545.208800425,16545.228298871,1,COMPLETED,True,burst_1,40,0.2717426687013358,0.7253740004671272,19.498445999488467,20.49556266865693
761,16545.213378992812,16545.213521395,16545.213521395,16545.218915988,16545.232794168,0,COMPLETED,True,burst_1,41,0.14240218661143444,5.394593001255998,13.878180001483997,19.41517518935143
762,16545.228619896872,16545.228777374,16545.228777374,16545.229394836,16545.242934353,2,COMPLETED,True,burst_1,42,0.15747712677693926,0.6174619993544184,13.539517000026535,14.314456126157893
763,16545.228919755475,16545.229218069,16545.229218069,16545.229680285,16545.243491697,3,COMPLETED,True,burst_1,43,0.2983135236718226,0.46221600132412277,13.81141200181446,14.571941526810406
764,16545.235242499228,16545.235501483,16545.235501483,16545.236456947,16545.255454621,1,COMPLETED,True,burst_1,44,0.25898377134581096,0.9554640018905047,18.997674000274856,20.21212177351117
765,16545.24065646031,16545.240805644,16545.240805644,16545.241419989,16545.254290309,0,COMPLETED,True,burst_1,45,0.149183688336052,0.614345000940375,12.870319998910418,13.633848688186845
766,16545.255415024025,16545.255589565,16545.255589565,16545.256433405,16545.269903797,2,COMPLETED,True,burst_1,46,0.17454097542213276,0.8438400000159163,13.470392001181608,14.488772976619657
767,16545.2625533455,16545.262717606,16545.262717606,16545.263283762,16545.276654655,3,COMPLETED,True,burst_1,47,0.16426050206064247,0.566155998967588,13.370893000683282,14.101309501711512
768,16545.276990380717,16545.277144503,16545.277144503,16545.277598769,16545.292887891,0,COMPLETED,True,burst_1,48,0.15412228458444588,0.4542659989965614,15.289121998648625,15.897510282229632
769,16545.277988939266,16545.278102086,16545.278102086,16545.278505697,16545.292389927,1,COMPLETED,True,burst_1,49,0.11314673247397877,0.4036110003653448,13.884230000257958,14.400987733097281
770,16545.291486731814,16545.291656223,16545.291656223,16545.292441035,16545.306253668,2,COMPLETED,True,burst_1,50,0.16949118435150012,0.7848120003473014,13.81263300208957,14.76693618678837
771,16545.293835568154,16545.294040022,16545.294040022,16545.294807802,16545.308192399,3,COMPLETED,True,burst_1,51,0.20445384507183917,0.767780002206564,13.384596997639164,14.356830844917567
772,16545.294071604527,16545.294184387,16545.294184387,16545.294945565,16545.308368629,1,COMPLETED,True,burst_1,52,0.1127824725699611,0.7611780019942671,13.423063999653095,14.297024474217324
773,16545.297583921183,16545.297744717,16545.297744717,16545.298463603,16545.316548716,0,COMPLETED,True,burst_1,53,0.16079581837402657,0.7188859999587294,18.08511299896054,18.964794817293296
774,16545.306713344024,16545.30687378,16545.30687378,16545.30758224,16545.323181371,2,COMPLETED,True,burst_1,54,0.1604359749762807,0.7084600001689978,15.599131002090871,16.46802697723615
775,16545.313939595264,16545.314104841,16545.314104841,16545.314643268,16545.32796424,3,COMPLETED,True,burst_1,55,0.16524573584320024,0.5384270007198211,13.320972000656184,14.024644737219205
776,16545.320495898097,16545.320569308,16545.320569308,16545.321053536,16545.334644239,1,COMPLETED,True,burst_1,56,0.07340990487136878,0.4842279995500576,13.590702998044435,14.148340902465861
777,16545.32573266094,16545.325876148,16545.325876148,16545.326255499,16545.339946545,0,COMPLETED,True,burst_1,57,0.14348706099553965,0.37935100044705905,13.69104599871207,14.213884060154669
778,16545.33140209096,16545.331500962,16545.331500962,16545.33218202,16545.345488723,2,COMPLETED,True,burst_1,58,0.09887103806249797,0.6810580016463064,13.306703000125708,14.086632039834512
779,16545.331790020362,16545.331874254,16545.331874254,16545.332203517,16545.353779673,3,COMPLETED,True,burst_1,59,0.08423363760812208,0.32926299900282174,21.57615600299323,21.989652639604174
780,16545.343016172308,16545.343121719,16545.343121719,16545.343507658,16545.356825834,1,COMPLETED,True,burst_1,60,0.1055466927937232,0.3859389980789274,13.318175999302184,13.809661690174835
781,16545.347171073343,16545.347265899,16545.347265899,16545.347583278,16545.361015647,0,COMPLETED,True,burst_1,61,0.09482565656071529,0.3173789991706144,13.432368999929167,13.844573655660497
782,16545.34767117735,16545.347773757,16545.347773757,16545.348250082,16545.361579243,2,COMPLETED,True,burst_1,62,0.10257964822812937,0.4763249999086838,13.329161000001477,13.90806564813829
783,16545.37618048795,16545.376342203,16545.376342203,16545.377105466,16545.389784826,3,COMPLETED,True,burst_1,63,0.16171504830708727,0.7632630004081875,12.679359999310691,13.604338048025966
784,16545.382541177052,16545.382797826,16545.382797826,16545.383355677,16545.396336828,1,COMPLETED,True,burst_1,64,0.25664894928922877,0.5578509990300518,12.981150997802615,13.795650946121896
785,16545.390908345656,16545.39106204,16545.39106204,16545.39159797,16545.405467401,0,COMPLETED,True,burst_1,65,0.15369434186141007,0.5359300012059975,13.86943100078497,14.559055343852378
786,16545.401785642083,16545.402040731,16545.402040731,16545.402812594,16545.417528058,2,COMPLETED,True,burst_1,66,0.2550889184931293,0.7718629967712332,14.715463999891654,15.742415915156016
787,16545.413500122115,16545.413663549,16545.413663549,16545.414404976,16545.428179014,3,COMPLETED,True,burst_1,67,0.16342688468284905,0.7414270003209822,13.77403800142929,14.67889188643312
788,16545.41482126813,16545.414963454,16545.414963454,16545.415589535,16545.435584506,1,COMPLETED,True,burst_1,68,0.14218587239156477,0.6260810005187523,19.994971000414807,20.763237873325124
789,16545.422313486273,16545.422462141,16545.422462141,16545.423092318,16545.436622,0,COMPLETED,True,burst_1,69,0.14865472621750087,0.6301770008576568,13.529682000807952,14.30851372788311
790,16545.425172383588,16545.42537737,16545.42537737,16545.426069158,16545.444155613,2,COMPLETED,True,burst_1,70,0.20498641242738813,0.6917879982211161,18.08645500204875,18.983229412697256
791,16545.430252391965,16545.430355589,16545.430355589,16545.430889317,16545.444402972,3,COMPLETED,True,burst_1,71,0.10319703505956568,0.5337279981176835,13.513655001588631,14.15058003476588
792,16545.436659235093,16545.436763305,16545.436763305,16545.43741108,16545.451129011,1,COMPLETED,True,burst_1,72,0.10406990622868761,0.6477750030171592,13.717930996790528,14.469775906036375
793,16545.442970708536,16545.44314492,16545.44314492,16545.443857689,16545.464379445,0,COMPLETED,True,burst_1,73,0.17421146185370162,0.7127690005290788,20.52175599965267,21.40873646203545
794,16545.44441846038,16545.444578975,16545.444578975,16545.445216172,16545.46406825,2,COMPLETED,True,burst_1,74,0.1605146171641536,0.6371970011969097,18.852077999326866,19.64978961768793
795,16545.449017189294,16545.449151264,16545.449151264,16545.449686431,16545.468918728,3,COMPLETED,True,burst_1,75,0.13407470760284923,0.5351669969968498,19.232296999689424,19.901538704289123
796,16545.457648195377,16545.457711848,16545.457711848,16545.458158623,16545.472392272,1,COMPLETED,True,burst_1,76,0.06365262379404157,0.4467750004550908,14.233648998924764,14.744076623173896
797,16545.45766882791,16545.45779845,16545.45779845,16545.464226301,16545.477880371,2,COMPLETED,True,burst_1,77,0.1296220907534007,6.42785099989851,13.654070000484353,20.211543091136264
798,16545.46697556564,16545.467108283,16545.467108283,16545.467725914,16545.482214633,0,COMPLETED,True,burst_1,78,0.13271735952002928,0.6176310016599018,14.488718999928096,15.239067361108027
799,16545.469997801607,16545.47011479,16545.47011479,16545.470589703,16545.490750828,3,COMPLETED,True,burst_1,79,0.11698839443852194,0.47491299847024493,20.161125001322944,20.75302639423171
800,16545.470228241764,16545.470333268,16545.470333268,16545.472604076,16545.492765692,1,COMPLETED,True,burst_1,80,0.10502623626962304,2.2708079995936714,20.161616001132643,22.537450236995937
801,16545.471868616525,16545.471974701,16545.471974701,16545.478236391,16545.491491049,2,COMPLETED,True,burst_1,81,0.10608447337290272,6.261690003157128,13.254657998913899,19.62243247544393
802,16545.47477691593,16545.474872853,16545.474872853,16545.482390654,16545.495976553,0,COMPLETED,True,burst_1,82,0.09593707000021823,7.5178010010859,13.585898999735946,21.199637070822064
803,16545.483961299644,16545.484062991,16545.484062991,16545.490973115,16545.511458757,3,COMPLETED,True,burst_1,83,0.10169135566684417,6.91012400056934,20.48564199867542,27.497457354911603
804,16545.48563031553,16545.485724584,16545.485724584,16545.491828628,16545.505269079,2,COMPLETED,True,burst_1,84,0.09426847100257874,6.104044001403963,13.440450999041786,19.63876347144833
805,16545.492683271583,16545.492776367,16545.492776367,16545.493234177,16545.513095995,1,COMPLETED,True,burst_1,85,0.09309541565016843,0.4578100015351083,19.861818000208586,20.412723417393863
806,16545.4949903833,16545.495074731,16545.495074731,16545.49632751,16545.509455178,0,COMPLETED,True,burst_1,86,0.08434769915766083,1.2527790022431873,13.127667996741366,14.464794698142214
807,16545.49501049086,16545.495114655,16545.495114655,16545.505641712,16545.519025983,2,COMPLETED,True,burst_1,87,0.10416414079372771,10.52705699839862,13.38427100199624,24.015492141188588
808,16545.504243301348,16545.504335097,16545.504335097,16545.509812701,16545.523337569,0,COMPLETED,True,burst_1,88,0.09179565313388593,5.4776039978605695,13.524868001695722,19.094267652690178
809,16545.505719453246,16545.505805745,16545.505805745,16545.511957317,16545.532157819,3,COMPLETED,True,burst_1,89,0.08629175499663688,6.151572000817396,20.200502000079723,26.438365755893756
810,16545.505964496333,16545.506046391,16545.506046391,16545.513583313,16545.533763682,1,COMPLETED,True,burst_1,90,0.0818946682556998,7.536921999417245,20.180368999717757,27.799185667390702
811,16545.51000076235,16545.510113263,16545.510113263,16545.519354606,16545.532756307,2,COMPLETED,True,burst_1,91,0.11250064926571213,9.241342999303015,13.401700998656452,22.75554464722518
812,16545.51097356798,16545.511060491,16545.511060491,16545.523679073,16545.537364809,0,COMPLETED,True,burst_1,92,0.08692302071722224,12.618582000868628,13.685735997569282,26.39124101915513
813,16545.51275346103,16545.512846974,16545.512846974,16545.532718798,16545.552623068,3,COMPLETED,True,burst_1,93,0.09351297194371,19.871823998983018,19.90427000055206,39.86960697147879
814,16545.520641101535,16545.520780124,16545.520780124,16545.533102566,16545.546935298,2,COMPLETED,True,burst_1,94,0.13902246428187937,12.322442002187017,13.832731998263625,26.294196464732522
815,16545.522399000754,16545.52253526,16545.52253526,16545.534236002,16545.554172617,1,COMPLETED,True,burst_1,95,0.13625924475491047,11.700742001266917,19.93661500091548,31.77361624693731
816,16545.528046556203,16545.528158882,16545.528158882,16545.53769303,16545.551043114,0,COMPLETED,True,burst_1,96,0.11232579709030688,9.534148000966525,13.35008399837534,22.99655779643217
817,16545.529594559754,16545.529754654,16545.529754654,16545.547286996,16545.560555678,2,COMPLETED,True,burst_1,97,0.16009424507501535,17.532342000777135,13.268681999761611,30.96111824561376
818,16545.53105291817,16545.531210264,16545.531210264,16545.551372535,16545.564724125,0,COMPLETED,True,burst_1,98,0.1573458284838125,20.162271001026966,13.351590001548175,33.67120683105895
819,16545.5349690501,16545.535067754,16545.535067754,16545.553190281,16545.573482792,3,COMPLETED,True,burst_1,99,0.09870390204014257,18.122526998922694,20.292510998842772,38.51374189980561
820,16545.540593553687,16545.540697028,16545.540697028,16545.554669151,16545.574462239,1,COMPLETED,True,burst_1,100,0.10347431089030579,13.9721230007126,19.793088002188597,33.8686853137915
821,16545.550715847472,16545.550817658,16545.550817658,16545.560928032,16545.57444474,2,COMPLETED,True,burst_1,101,0.10181052857660688,10.110373998031719,13.5167080006795,23.728892527287826
822,16545.56543843257,16545.565511394,16545.565511394,16545.565967672,16545.579412858,0,COMPLETED,True,burst_1,102,0.07296142939594574,0.4562779977277387,13.44518599944422,13.974425426567905
823,16545.565793800197,16545.565903433,16545.565903433,16545.574012602,16545.587502842,3,COMPLETED,True,burst_1,103,0.10963280146825127,8.109169000817928,13.490240002283826,21.709041804570006
824,16545.580134147058,16545.580220748,16545.580220748,16545.580828488,16545.593922158,2,COMPLETED,True,burst_1,104,0.0866009431774728,0.6077399993955623,13.093670000671409,13.788010943244444
825,16545.580284081207,16545.580651434,16545.580651434,16545.581034499,16545.601898706,1,COMPLETED,True,burst_1,105,0.3673527935461607,0.38306499845930375,20.86420700288727,21.614624794892734
826,16545.587754184697,16545.588174736,16545.588174736,16545.588732285,16545.602534826,0,COMPLETED,True,burst_1,106,0.4205513032502495,0.5575489994953386,13.802541001496138,14.780641304241726
827,16545.59260077727,16545.592710561,16545.592710561,16545.59324923,16545.611776053,3,COMPLETED,True,burst_1,107,0.10978373029502109,0.5386690027080476,18.526822997955605,19.175275730958674
828,16545.59301684396,16545.593127599,16545.593127599,16545.594253914,16545.607773458,2,COMPLETED,True,burst_1,108,0.11075504153268412,1.126315000874456,13.519543997972505,14.756614040379645
829,16545.5932406704,16545.59345156,16545.59345156,16545.602065761,16545.61614471,1,COMPLETED,True,burst_1,109,0.21088959692860954,8.614201000455068,14.078948999667773,22.90403959705145
830,16545.607579165655,16545.607670764,16545.607670764,16545.608478607,16545.621704946,0,COMPLETED,True,burst_1,110,0.09159834371530451,0.8078430000750814,13.226339000539156,14.125780344329542
831,16545.61399116251,16545.614086859,16545.614086859,16545.614649546,16545.628467199,2,COMPLETED,True,burst_1,111,0.09569649046170525,0.5626870006381068,13.817652998113772,14.476036489213584
832,16545.628301250603,16545.628399098,16545.628399098,16545.628789485,16545.64252665,3,COMPLETED,True,burst_1,112,0.09784739813767374,0.39038699833326973,13.737165001657559,14.225399398128502
833,16545.62894850934,16545.629043556,16545.629043556,16545.629306353,16545.642402492,2,COMPLETED,True,burst_1,113,0.0950466601352673,0.2627969988679979,13.096139002300333,13.453982661303598
834,16545.642106119605,16545.642209759,16545.642209759,16545.642653104,16545.656819531,0,COMPLETED,True,burst_1,114,0.103639395092614,0.4433450012584217,14.166426997689996,14.713411394041032
835,16545.642232573937,16545.642273127,16545.642273127,16545.642738211,16545.656480447,3,COMPLETED,True,burst_1,115,0.040553062717663124,0.4650840019166935,13.742235998506658,14.247873063141014
836,16545.643226399254,16545.643313601,16545.643313601,16545.643607334,16545.6571574,1,COMPLETED,True,burst_1,116,0.08720174446352758,0.29373300276347436,13.550065999879735,13.931000747106737
837,16545.6478663058,16545.647957574,16545.647957574,16545.648364281,16545.662085438,2,COMPLETED,True,burst_1,117,0.09126820077653974,0.4067070003657136,13.721156999963569,14.219132201105822
838,16545.651661361935,16545.65175794,16545.65175794,16545.656853995,16545.669866166,3,COMPLETED,True,burst_1,118,0.09657806367613375,5.096054999739863,13.012171002628747,18.204804066044744
839,16545.6753197003,16545.675407618,16545.675407618,16545.675842745,16545.689266666,0,COMPLETED,True,burst_1,119,0.08791769869276322,0.4351269999460783,13.423920998320682,13.946965696959523
840,16545.681682460723,16545.681729439,16545.681729439,16545.682134873,16545.695519459,1,COMPLETED,True,burst_1,0,0.046978275349829346,0.4054340024595149,13.38458600002923,13.836998277838575
841,16545.687972340278,16545.688163051,16545.688163051,16545.688582892,16545.702268887,2,COMPLETED,True,burst_1,1,0.19071072165388614,0.41984099880210124,13.685994999832474,14.296546720288461
842,16545.68997526524,16545.690118104,16545.690118104,16545.690516838,16545.704470394,3,COMPLETED,True,burst_1,2,0.14283876225817949,0.3987339987361338,13.953556001069956,14.495128762064269
843,16545.702316830124,16545.702518221,16545.702518221,16545.70305911,16545.716219156,0,COMPLETED,True,burst_1,3,0.20139087791903876,0.5408889992395416,13.160045997210545,13.902325874369126
844,16545.719272708327,16545.719449287,16545.719449287,16545.719897661,16545.733197708,1,COMPLETED,True,burst_1,4,0.17657867283560336,0.4483740012801718,13.300046997755999,13.924999671871774
845,16545.72058211276,16545.720784331,16545.720784331,16545.721118771,16545.734398257,2,COMPLETED,True,burst_1,5,0.20221823797328398,0.33444000291638076,13.279485996463336,13.816144237353
846,16545.73280136219,16545.73291246,16545.73291246,16545.733393901,16545.746992457,3,COMPLETED,True,burst_1,6,0.1110978118958883,0.4814409985556267,13.598556000943063,14.191094811394578
847,16545.73489136717,16545.735024037,16545.735024037,16545.735432973,16545.749906556,0,COMPLETED,True,burst_1,7,0.13266982932691462,0.4089360008947551,14.473582999926293,15.015188830147963
848,16545.741240726,16545.741436523,16545.741436523,16545.74190921,16545.755105581,1,COMPLETED,True,burst_1,8,0.1957969980139751,0.47268699927371927,13.196371000958607,13.864854998246301
849,16545.7421422082,16545.742267721,16545.742267721,16545.742809494,16545.755957626,2,COMPLETED,True,burst_1,9,0.12551280087791383,0.5417729989858344,13.148131998605095,13.815417798468843
850,16545.76228201508,16545.762442542,16545.762442542,16545.763193764,16545.776594293,3,COMPLETED,True,burst_1,10,0.1605269208084792,0.7512219999625813,13.400528998317895,14.312277919088956
851,16545.762366960153,16545.762566572,16545.762566572,16545.763447801,16545.776800591,0,COMPLETED,True,burst_1,11,0.19961184807471,0.8812289997877087,13.35278999977163,14.43363084763405
852,16545.782920412792,16545.7830222,16545.7830222,16545.783469096,16545.797025043,1,COMPLETED,True,burst_1,12,0.10178720913245343,0.44689599963021465,13.55594699998619,14.104630208748858
853,16545.797600779417,16545.79769283,16545.79769283,16545.798258666,16545.814846176,2,COMPLETED,True,burst_1,13,0.09205058449879289,0.5658359987137374,16.587509999226313,17.245396582438843
854,16545.805663718627,16545.805852338,16545.805852338,16545.806225997,16545.820100306,0,COMPLETED,True,burst_1,14,0.18861937132896855,0.3736590006155893,13.874308999220375,14.436587371164933
855,16545.807997128224,16545.80805237,16545.80805237,16545.808586773,16545.82241595,3,COMPLETED,True,burst_1,15,0.055241776863113046,0.5344029996194877,13.829176998115145,14.418821774597745
856,16545.831490533197,16545.83161507,16545.83161507,16545.832098255,16545.846171864,1,COMPLETED,True,burst_1,16,0.12453680392354727,0.483184998302022,14.073608999751741,14.68133080197731
857,16545.84169971374,16545.84179701,16545.84179701,16545.842281685,16545.855822454,2,COMPLETED,True,burst_1,17,0.09729626253829338,0.48467499800608493,13.54076899951906,14.122740260063438
858,16545.842193458706,16545.84231586,16545.84231586,16545.84268745,16545.856617525,0,COMPLETED,True,burst_1,18,0.1224012958118692,0.3715899983944837,13.930075001553632,14.424066295759985
859,16545.844127921886,16545.844246212,16545.844246212,16545.844738325,16545.8590851,3,COMPLETED,True,burst_1,19,0.11829011418740265,0.49211299847229384,14.3467750021955,14.957178114855196
860,16545.848636992825,16545.848733641,16545.848733641,16545.849133066,16545.862728691,1,COMPLETED,True,burst_1,20,0.09664817480370402,0.3994250000687316,13.59562500147149,14.091698176343925
861,16545.866500977492,16545.866625816,16545.866625816,16545.867047345,16545.880683132,2,COMPLETED,True,burst_1,21,0.124838508781977,0.42152899914071895,13.635786999657284,14.18215450757998
862,16545.868931101482,16545.869026849,16545.869026849,16545.869420967,16545.882823021,0,COMPLETED,True,burst_1,22,0.09574751675245352,0.3941180002584588,13.402053999016061,13.891919516026974
863,16545.901175153766,16545.901271316,16545.901271316,16545.901775806,16545.914956327,3,COMPLETED,True,burst_1,23,0.09616223542252555,0.5044899990025442,13.180521000322187,13.781173234747257
864,16545.944786321215,16545.944922511,16545.944922511,16545.945441904,16545.959407569,1,COMPLETED,True,burst_1,24,0.13618978482554667,0.5193930010136683,13.965664998977445,14.62124778481666
865,16545.945377311622,16545.945505746,16545.945505746,16545.945941153,16545.963825535,2,COMPLETED,True,burst_1,25,0.12843437798437662,0.4354070006229449,17.884381999465404,18.448223378072726
866,16545.950951919196,16545.95107828,16545.95107828,16545.951753386,16545.96541492,0,COMPLETED,True,burst_1,26,0.1263608028239105,0.6751060027454514,13.661533997947117,14.46300080351648
867,16545.964385980813,16545.964408457,16545.964408457,16545.965033388,16545.982771979,3,COMPLETED,True,burst_1,27,0.02247618613182567,0.6249310026760213,17.738590999215376,18.385998188023223
868,16545.964852175413,16545.96494271,16545.96494271,16545.965439202,16545.978888572,1,COMPLETED,True,burst_1,28,0.09053458779817447,0.49649199718260206,13.449370002490468,14.036396587471245
869,16545.98366084884,16545.983832242,16545.983832242,16545.984764222,16545.998090737,2,COMPLETED,True,burst_1,29,0.17139315968961455,0.9319800010416657,13.326514999789651,14.429888160520932
870,16545.98389646234,16545.984429678,16545.984429678,16545.984821339,16545.998401089,0,COMPLETED,True,burst_1,30,0.5332156579243019,0.3916610003216192,13.579750000644708,14.50462665889063
871,16545.98830818679,16545.988481697,16545.988481697,16545.989089637,16546.003890631,1,COMPLETED,True,burst_1,31,0.17351021233480424,0.607940000918461,14.800993998505874,15.582444211759139
872,16545.99214446983,16545.992268898,16545.992268898,16545.99291998,16546.011844258,3,COMPLETED,True,burst_1,32,0.1244281702383887,0.6510819985123817,18.924277999758488,19.699788168509258
873,16545.99346040677,16545.993641229,16545.993641229,16545.998259645,16546.011547239,2,COMPLETED,True,burst_1,33,0.18082222959492356,4.618415998265846,13.287593999848468,18.086832227709237
874,16545.999343547155,16545.999448291,16545.999448291,16545.999979948,16546.013307123,0,COMPLETED,True,burst_1,34,0.10474384544068016,0.5316569986462127,13.327175001904834,13.963575845991727
875,16546.00857827191,16546.008687621,16546.008687621,16546.009145423,16546.024131813,1,COMPLETED,True,burst_1,35,0.10934909005300142,0.4578019979817327,14.986390000558458,15.553541088593192
876,16546.010198197084,16546.010390051,16546.010390051,16546.011893487,16546.02482951,2,COMPLETED,True,burst_1,36,0.19185391647624783,1.5034360003483016,12.936022998474073,14.631312915298622
877,16546.01876078901,16546.018931628,16546.018931628,16546.019753011,16546.038573231,3,COMPLETED,True,burst_1,37,0.17083899001590908,0.8213830005843192,18.820219996996457,19.812441987596685
878,16546.021306080165,16546.021401979,16546.021401979,16546.021963031,16546.035427207,0,COMPLETED,True,burst_1,38,0.0958988348429557,0.5610519983747508,13.46417600143468,14.121126834652387
879,16546.028972698376,16546.02911416,16546.02911416,16546.029638728,16546.043724635,1,COMPLETED,True,burst_1,39,0.14146162357064895,0.5245680004009046,14.085907001572195,14.751936625543749
880,16546.030355387462,16546.030478784,16546.030478784,16546.030771368,16546.0447585,2,COMPLETED,True,burst_1,40,0.12339653767412528,0.29258400172693655,13.987131998874247,14.403112538275309
881,16546.039472678258,16546.039622998,16546.039622998,16546.040251327,16546.053870941,0,COMPLETED,True,burst_1,41,0.15031974180601537,0.6283289985731244,13.619614001072478,14.398262741451617
882,16546.044743578474,16546.044888561,16546.044888561,16546.045381271,16546.059319449,3,COMPLETED,True,burst_1,42,0.14498252494377084,0.492710001708474,13.938177999079926,14.57587052573217
883,16546.044823497356,16546.044951395,16546.044951395,16546.045594404,16546.06015466,1,COMPLETED,True,burst_1,43,0.12789764514309354,0.6430089997593313,14.560256000549998,15.331162645452423
884,16546.050330437014,16546.050477304,16546.050477304,16546.050964696,16546.064261623,2,COMPLETED,True,burst_1,44,0.14686698705190793,0.48739200065028854,13.29692699800944,13.931185985711636
885,16546.054124073944,16546.054590321,16546.054590321,16546.055208666,16546.06852286,0,COMPLETED,True,burst_1,45,0.46624705646536313,0.6183449986565392,13.314194002305157,14.39878605742706
886,16546.10316971014,16546.103329458,16546.103329458,16546.104295664,16546.121676516,3,COMPLETED,True,burst_1,46,0.15974786219885573,0.9662060001573991,17.380851997586433,18.506805859942688
887,16546.10539850508,16546.105531995,16546.105531995,16546.106014489,16546.119588867,1,COMPLETED,True,burst_1,47,0.13348992069950327,0.482494000607403,13.574378001067089,14.190361922373995
888,16546.108146955317,16546.108231836,16546.108231836,16546.108797882,16546.128097687,2,COMPLETED,True,burst_1,48,0.0848806812427938,0.5660460010403767,19.299805000628112,19.950731682911282
889,16546.10905686761,16546.109161451,16546.109161451,16546.109517514,16546.122830496,0,COMPLETED,True,burst_1,49,0.10458338874741457,0.35606299934443086,13.312981998751638,13.773628386843484
890,16546.11002127445,16546.110141807,16546.110141807,16546.119802476,16546.1336932,1,COMPLETED,True,burst_1,50,0.12053254977217875,9.660669002187205,13.890723999793408,23.671925551752793
891,16546.1135749477,16546.113663437,16546.113663437,16546.121953176,16546.13544585,3,COMPLETED,True,burst_1,51,0.08848930156091228,8.28973899842822,13.492673999280669,21.8709022992698
892,16546.129834297248,16546.129946878,16546.129946878,16546.13065513,16546.143935272,0,COMPLETED,True,burst_1,52,0.11258075392106548,0.7082519987307023,13.28014200043981,14.100974753091577
893,16546.136781206893,16546.13690196,16546.13690196,16546.137627019,16546.150352103,2,COMPLETED,True,burst_1,53,0.1207531058753375,0.7250590024341363,12.725083997793263,13.570896106102737
894,16546.14988315602,16546.150135625,16546.150135625,16546.15083364,16546.16436752,1,COMPLETED,True,burst_1,54,0.2524689807614777,0.6980149992159568,13.533879999158671,14.484363979136106
895,16546.15200670425,16546.152168631,16546.152168631,16546.152740302,16546.16597867,3,COMPLETED,True,burst_1,55,0.16192674956982955,0.5716710002161562,13.238367999292677,13.971965749078663
896,16546.153505230683,16546.153646094,16546.153646094,16546.154022922,16546.167511118,0,COMPLETED,True,burst_1,56,0.14086331793805584,0.3768280002987012,13.488196000253083,14.00588731848984
897,16546.15800671362,16546.158162768,16546.158162768,16546.15875437,16546.175351906,2,COMPLETED,True,burst_1,57,0.15605437874910422,0.5916020018048584,16.597535999608226,17.34519238016219
898,16546.175443689965,16546.17564411,16546.17564411,16546.176514936,16546.189704015,1,COMPLETED,True,burst_1,58,0.20042003598064184,0.8708259992999956,13.189078999857884,14.260325035138521
899,16546.18190106437,16546.182175112,16546.182175112,16546.182849564,16546.196539111,3,COMPLETED,True,burst_1,59,0.2740476302278694,0.6744519996573217,13.689546998648439,14.63804662853363
900,16546.18270092019,16546.182849889,16546.182849889,16546.183343937,16546.197033327,0,COMPLETED,True,burst_1,60,0.14896880747983232,0.49404799938201904,13.689390001673019,14.33240680853487
901,16546.184807573998,16546.185068236,16546.185068236,16546.185754909,16546.199414124,2,COMPLETED,True,burst_1,61,0.26066200007335283,0.6866730000183452,13.659215001098346,14.606550001190044
902,16546.187301805418,16546.187456055,16546.187456055,16546.19004068,16546.203643904,1,COMPLETED,True,burst_1,62,0.15424958110088482,2.584625002782559,13.603223997051828,16.34209858093527
903,16546.223035963056,16546.223057188,16546.223057188,16546.223823035,16546.237040378,3,COMPLETED,True,burst_1,63,0.021224943338893354,0.7658470021851826,13.217342999269022,14.004414944793098
904,16546.224945498205,16546.225093704,16546.225093704,16546.225530191,16546.239023161,0,COMPLETED,True,burst_1,64,0.14820579599472694,0.4364870001154486,13.492969999788329,14.077662795898505
905,16546.231796593995,16546.231955743,16546.231955743,16546.232622824,16546.251417071,2,COMPLETED,True,burst_1,65,0.15914900359348394,0.6670810034847818,18.79424699654919,19.620477003627457
906,16546.236534758496,16546.236647562,16546.236647562,16546.237223992,16546.256261126,1,COMPLETED,True,burst_1,66,0.1128035037254449,0.5764300003647804,19.03713399951812,19.726367503608344
907,16546.240502236942,16546.24062351,16546.24062351,16546.241035114,16546.254596645,3,COMPLETED,True,burst_1,67,0.12127305672038347,0.4116039999644272,13.561531002778793,14.094408059463603
908,16546.2475034438,16546.24763598,16546.24763598,16546.248266824,16546.266954295,0,COMPLETED,True,burst_1,68,0.13253619908937253,0.6308440024440642,18.687470997974742,19.45085119950818
909,16546.25981964019,16546.26002724,16546.26002724,16546.260613905,16546.273960091,2,COMPLETED,True,burst_1,69,0.20759981271112338,0.5866649989911821,13.34618599867099,14.140450810373295
910,16546.26235513837,16546.262475899,16546.262475899,16546.263088281,16546.276873845,3,COMPLETED,True,burst_1,70,0.12076062921551056,0.6123820021457504,13.785563998681027,14.518706630042288
911,16546.268133513662,16546.268271399,16546.268271399,16546.268885723,16546.282973585,1,COMPLETED,True,burst_1,71,0.1378853376081679,0.6143239988887217,14.087862000451423,14.840071336948313
912,16546.300005376554,16546.300094943,16546.300094943,16546.300687539,16546.315093973,0,COMPLETED,True,burst_1,72,0.08956644524005242,0.5925959994783625,14.406434002012247,15.088596446730662
913,16546.30005712881,16546.300155456,16546.300155456,16546.300798369,16546.315533225,2,COMPLETED,True,burst_1,73,0.09832718933466822,0.6429130007745698,14.734855998540297,15.476096188649535
914,16546.306077545483,16546.306168859,16546.306168859,16546.306635667,16546.320204817,3,COMPLETED,True,burst_1,74,0.09131351544056088,0.4668080000556074,13.569149999966612,14.12727151546278
915,16546.31198627723,16546.312184932,16546.312184932,16546.312626274,16546.326207394,1,COMPLETED,True,burst_1,75,0.19865477224811912,0.4413419992488343,13.58111999797984,14.221116769476794
916,16546.330915250834,16546.331030548,16546.331030548,16546.331669118,16546.348474669,0,COMPLETED,True,burst_1,76,0.11529716721270233,0.6385699998645578,16.805551000288688,17.559418167365948
917,16546.331634789873,16546.331746255,16546.331746255,16546.332165784,16546.345556065,2,COMPLETED,True,burst_1,77,0.11146512770210393,0.41952899846364744,13.390281001193216,13.921275127358967
918,16546.336004174394,16546.336112118,16546.336112118,16546.336589803,16546.350307313,3,COMPLETED,True,burst_1,78,0.10794360423460603,0.47768500007805414,13.717510002607014,14.303138606919674
919,16546.361746467224,16546.361999061,16546.361999061,16546.362740226,16546.380530968,1,COMPLETED,True,baseline_2,79,0.2525937743484974,0.7411650003632531,17.790742000215687,18.784500774927437
920,16546.365341881756,16546.365501972,16546.365501972,16546.36600024,16546.37912448,2,COMPLETED,True,baseline_2,80,0.16009024329832755,0.4982680002285633,13.12424000207102,13.78259824559791
921,16546.37316315303,16546.373321518,16546.373321518,16546.373993285,16546.393106782,0,COMPLETED,True,baseline_2,81,0.15836496822885238,0.6717670003126841,19.113497000944335,19.94362896948587
922,16546.410851995006,16546.41093843,16546.41093843,16546.411992633,16546.427940152,3,COMPLETED,True,baseline_2,82,0.0864349931362085,1.0542029995121993,15.947519001201726,17.088156993850134
923,16546.41995888948,16546.420043686,16546.420043686,16546.420697065,16546.438740008,2,COMPLETED,True,baseline_2,83,0.08479652024107054,0.6533790001412854,18.042943000182277,18.781118520564632
924,16546.42900849123,16546.429153428,16546.429153428,16546.429744464,16546.449286636,1,COMPLETED,True,baseline_2,84,0.14493676644633524,0.5910360014240723,19.54217200182029,20.278144769690698
925,16546.448364735843,16546.448553857,16546.448553857,16546.449272169,16546.46804816,0,COMPLETED,True,baseline_2,85,0.18912115774583071,0.7183119996625464,18.775991000438808,19.683424157847185
926,16546.478821947647,16546.478861459,16546.478861459,16546.479569977,16546.492992138,3,COMPLETED,True,baseline_2,86,0.03951135295210406,0.7085180004651193,13.422160998743493,14.170190352160716
927,16546.480091342604,16546.480237324,16546.480237324,16546.48073724,16546.494004311,2,COMPLETED,True,baseline_2,87,0.1459813975088764,0.49991599735221826,13.267071000882424,13.912968395743519
928,16546.480655567037,16546.480832946,16546.480832946,16546.48156332,16546.500498435,1,COMPLETED,True,baseline_2,88,0.177378962689545,0.730374002159806,18.93511500020395,19.8428679650533
929,16546.495772588387,16546.496047277,16546.496047277,16546.496600099,16546.510168857,0,COMPLETED,True,baseline_2,89,0.2746886129898485,0.5528219990083016,13.56875800047419,14.39626861247234
930,16546.498204264783,16546.498423995,16546.498423995,16546.4990197,16546.5178347,3,COMPLETED,True,baseline_2,90,0.21973021648591384,0.5957050016149879,18.814999999449356,19.630435217550257
931,16546.51172564107,16546.511836661,16546.511836661,16546.512326866,16546.525220295,2,COMPLETED,True,baseline_2,91,0.11101993004558608,0.49020499864127487,12.8934290005418,13.494653929228662
932,16546.567689923602,16546.567837125,16546.567837125,16546.568403097,16546.581491415,1,COMPLETED,True,baseline_2,92,0.1472013973398134,0.5659720009134617,13.088317999063293,13.801491397316568
933,16546.580044050632,16546.580135097,16546.580135097,16546.580655337,16546.599225153,0,COMPLETED,True,baseline_2,93,0.09104636774281971,0.5202399988775142,18.56981600212748,19.181102368747815
934,16546.643407518874,16546.643661667,16546.643661667,16546.644524269,16546.662772463,3,COMPLETED,True,baseline_2,94,0.254148126259679,0.8626019989605993,18.248194002808305,19.364944128028583
935,16546.656117050865,16546.656276958,16546.656276958,16546.657161699,16546.677020628,2,COMPLETED,True,baseline_2,95,0.159907136549009,0.8847409990266897,19.85892900120234,20.90357713677804
936,16546.662234373154,16546.662411811,16546.662411811,16546.663232317,16546.681994013,1,COMPLETED,True,baseline_2,96,0.1774378470145166,0.8205060003092512,18.761695999273797,19.759639846597565
937,16546.662947727822,16546.663481468,16546.663481468,16546.664337249,16546.683384915,0,COMPLETED,True,baseline_2,97,0.5337401780707296,0.8557809997000732,19.047665999096353,20.437187176867155
938,16546.686514355424,16546.686670679,16546.686670679,16546.687468988,16546.708726169,3,COMPLETED,True,baseline_2,98,0.15632357462891378,0.7983089999470394,21.25718100069207,22.211813575268025
939,16546.69721749795,16546.697435124,16546.697435124,16546.698197052,16546.71171234,2,COMPLETED,True,baseline_2,99,0.21762604956165887,0.7619280004291795,13.515287999325665,14.494842049316503
940,16546.7325993503,16546.732706287,16546.732706287,16546.733207848,16546.746099139,1,COMPLETED,True,baseline_2,100,0.10693669901229441,0.501561000419315,12.89129100041464,13.499788699846249
941,16546.74808981515,16546.748181387,16546.748181387,16546.748671755,16546.762797649,0,COMPLETED,True,baseline_2,101,0.09157184831565246,0.4903679982817266,14.125894002063433,14.707833848660812
942,16546.766426052647,16546.766513772,16546.766513772,16546.767081387,16546.785373936,3,COMPLETED,True,baseline_2,102,0.08771935245022178,0.5676149994542357,18.292549000761937,18.947883352666395
943,16546.767153383043,16546.767297889,16546.767297889,16546.768091413,16546.784075,2,COMPLETED,True,baseline_2,103,0.14450595699599944,0.7935239991638809,15.98358699993696,16.92161695609684
944,16546.79910724027,16546.799191879,16546.799191879,16546.79974468,16546.812433755,1,COMPLETED,True,baseline_2,104,0.08463873018627055,0.5528010005946271,12.689074999798322,13.32651473057922
945,16546.821784728283,16546.821873013,16546.821873013,16546.822525913,16546.836473695,0,COMPLETED,True,baseline_2,105,0.08828471618471667,0.6529000020236708,13.947781997558195,14.688966715766583
946,16546.830143587893,16546.830227738,16546.830227738,16546.830796508,16546.843944025,2,COMPLETED,True,baseline_2,106,0.08415010597673245,0.5687699995178264,13.147517001925735,13.800437107420294
947,16546.87018492861,16546.870320524,16546.870320524,16546.870834636,16546.888853604,3,COMPLETED,True,baseline_2,107,0.13559539002017118,0.5141119981999509,18.01896799952374,18.66867538774386
948,16546.906132183554,16546.906271552,16546.906271552,16546.906940363,16546.925346965,1,COMPLETED,True,baseline_2,108,0.1393684469803702,0.6688109970127698,18.406602001050487,19.214781445043627
949,16546.91412960613,16546.914287169,16546.914287169,16546.915226813,16546.934578526,0,COMPLETED,True,baseline_2,109,0.1575628666614648,0.9396440000273287,19.351713002834003,20.448919869522797
950,16546.918186594303,16546.918436152,16546.918436152,16546.919266989,16546.939404265,2,COMPLETED,True,baseline_2,110,0.2495576954970602,0.8308370015583932,20.13727599842241,21.217670695477864
951,16546.92714025728,16546.927244722,16546.927244722,16546.92809481,16546.947530222,3,COMPLETED,True,baseline_2,111,0.10446471787872724,0.8500879994244315,19.435412003076635,20.389964720379794
952,16546.931133814876,16546.931350185,16546.931350185,16546.931961152,16546.952921973,1,COMPLETED,True,baseline_2,112,0.21637012469000183,0.6109669993747957,20.96082099888008,21.78815812294488
953,16546.934086118836,16546.934212312,16546.934212312,16546.93478909,16546.950035475,0,COMPLETED,True,baseline_2,113,0.1261931647604797,0.5767779985035304,15.246385002683382,15.949356165947393
954,16546.938249873023,16546.938407077,16546.938407077,16546.939590005,16546.954470574,2,COMPLETED,True,baseline_2,114,0.1572039764141664,1.1829280010715593,14.880569000524702,16.220700978010427
955,16546.945151039097,16546.945296215,16546.945296215,16546.947825326,16546.962579646,3,COMPLETED,True,baseline_2,115,0.1451759017072618,2.52911099960329,14.75432000006549,17.428606901376043
956,16546.9741663621,16546.974315443,16546.974315443,16546.97486584,16546.987964317,0,COMPLETED,True,baseline_2,116,0.14908090088283643,0.5503969987330493,13.098477000312414,13.7979548999283
957,16546.995379276206,16546.995632168,16546.995632168,16546.996357773,16547.014270749,1,COMPLETED,True,baseline_2,117,0.25289179393439554,0.7256050012074411,17.912975999934133,18.89147279507597
958,16547.059030767217,16547.059119418,16547.059119418,16547.059768756,16547.075683197,2,COMPLETED,True,baseline_2,118,0.08865078416420147,0.6493379987659864,15.91444099904038,16.652429781970568
959,16547.074801362494,16547.074964845,16547.074964845,16547.075896872,16547.095685064,3,COMPLETED,True,baseline_2,119,0.16348250574083067,0.9320270000898745,19.788191999396076,20.88370150522678
960,16547.10116672906,16547.101259668,16547.101259668,16547.101864494,16547.115636708,2,COMPLETED,True,baseline_2,0,0.09293894254369661,0.6048260001989547,13.772213998890948,14.469978941633599
961,16547.121345871787,16547.121464422,16547.121464422,16547.122173207,16547.140228338,1,COMPLETED,True,baseline_2,1,0.11855021512019448,0.7087849990057293,18.05513100043754,18.882466214563465
962,16547.122556535294,16547.122712331,16547.122712331,16547.123512136,16547.143598127,0,COMPLETED,True,baseline_2,2,0.15579570390400477,0.799805002316134,20.085991000087233,21.041591706307372
963,16547.186735378717,16547.186879073,16547.186879073,16547.187749844,16547.205679449,3,COMPLETED,True,baseline_2,3,0.1436942839063704,0.87077100033639,17.929605000972515,18.944070285215275
964,16547.210349643083,16547.2104406,16547.2104406,16547.21122632,16547.230401724,2,COMPLETED,True,baseline_2,4,0.09095691711991094,0.7857199998397846,19.175403998815455,20.05208091577515
965,16547.218806381145,16547.218816715,16547.218816715,16547.21964154,16547.23899072,1,COMPLETED,True,baseline_2,5,0.010333857062505558,0.8248249978350941,19.349180001881905,20.184338856779505
966,16547.22537737407,16547.225476354,16547.225476354,16547.226079779,16547.244213949,0,COMPLETED,True,baseline_2,6,0.09897993004415184,0.6034250000084285,18.134170000848826,18.836574930901406
967,16547.326370738698,16547.326459958,16547.326459958,16547.327526991,16547.347634605,3,COMPLETED,True,baseline_2,7,0.08921930202632211,1.0670330011635087,20.107614000153262,21.263866303343093
968,16547.340204876775,16547.340364615,16547.340364615,16547.341486933,16547.361780423,2,COMPLETED,True,baseline_2,8,0.15973822519299574,1.1223180008528288,20.293490000767633,21.575546226813458
969,16547.3471234483,16547.347284074,16547.347284074,16547.348230509,16547.367724423,1,COMPLETED,True,baseline_2,9,0.16062569920904934,0.9464350005146116,19.49391399830347,20.60097469802713
970,16547.36116404264,16547.361328576,16547.361328576,16547.362265692,16547.378643576,3,COMPLETED,True,baseline_2,10,0.16453336138511077,0.93711600129609,16.377883999666665,17.479533362347865
971,16547.380824644493,16547.381124404,16547.381124404,16547.381961399,16547.395223779,2,COMPLETED,True,baseline_2,11,0.29975950747029856,0.8369950010091998,13.262379998195684,14.399134506675182
972,16547.39962680556,16547.399785734,16547.399785734,16547.400795861,16547.420231526,0,COMPLETED,True,baseline_2,12,0.15892844021436758,1.0101269981532823,19.435665002674796,20.604720441042446
973,16547.41036343157,16547.410589781,16547.410589781,16547.411479506,16547.429755008,1,COMPLETED,True,baseline_2,13,0.22634943161392584,0.8897250008885749,18.2755019995966,19.3915764320991
974,16547.431707941832,16547.431793696,16547.431793696,16547.432540297,16547.44540887,3,COMPLETED,True,baseline_2,14,0.08575416723033413,0.7466009992640465,12.868573001469485,13.700928167963866
975,16547.45130674483,16547.45146118,16547.45146118,16547.452350794,16547.471414055,2,COMPLETED,True,baseline_2,15,0.1544351689517498,0.8896139988792129,19.063260999246268,20.10731016707723
976,16547.452229391078,16547.452404905,16547.452404905,16547.453222889,16547.473302073,0,COMPLETED,True,baseline_2,16,0.17551392375025898,0.8179839969670866,20.079183999769157,21.072681920486502
977,16547.46381989028,16547.463980351,16547.463980351,16547.464694131,16547.483400772,1,COMPLETED,True,baseline_2,17,0.16046072050812654,0.7137799984775484,18.70664099988062,19.580881718866294
978,16547.46485040389,16547.46498063,16547.46498063,16547.465400272,16547.482678299,3,COMPLETED,True,baseline_2,18,0.13022611165069975,0.4196420013613533,17.278026996791596,17.82789510980365
979,16547.544283131494,16547.544376591,16547.544376591,16547.544843843,16547.558005906,2,COMPLETED,True,baseline_2,19,0.09345950456918217,0.4672520008170977,13.162063001800561,13.722774507186841
980,16547.59077352451,16547.5909308,16547.5909308,16547.591895705,16547.61049646,0,COMPLETED,True,baseline_2,20,0.1572754918015562,0.9649050007283222,18.600755000079516,19.722935492609395
981,16547.59131809571,16547.591519328,16547.591519328,16547.592336507,16547.610396252,3,COMPLETED,True,baseline_2,21,0.20123229114688002,0.8171789995685685,18.059744998026872,19.07815628874232
982,16547.600191348534,16547.600366285,16547.600366285,16547.601305328,16547.622221695,1,COMPLETED,True,baseline_2,22,0.17493646737420931,0.9390429986524396,20.91636700060917,22.03034646663582
983,16547.621327060886,16547.621539441,16547.621539441,16547.622548056,16547.642030706,2,COMPLETED,True,baseline_2,23,0.21238011322566308,1.008614999591373,19.48265000100946,20.703645113826497
984,16547.623917235946,16547.624037983,16547.624037983,16547.624859868,16547.643885677,0,COMPLETED,True,baseline_2,24,0.1207470559165813,0.8218849980039522,19.025809000595473,19.968441054516006
985,16547.631103460204,16547.631204776,16547.631204776,16547.631901146,16547.64679215,3,COMPLETED,True,baseline_2,25,0.10131579620065168,0.6963699997868389,14.891004000674002,15.688689796661492
986,16547.635598264376,16547.635710467,16547.635710467,16547.636189838,16547.649544694,1,COMPLETED,True,baseline_2,26,0.11220262240385637,0.47937099952832796,13.35485600066022,13.946429622592404
987,16547.66276870414,16547.662945841,16547.662945841,16547.663627962,16547.679690259,2,COMPLETED,True,baseline_2,27,0.17713685883791186,0.6821210008638445,16.062296999734826,16.921554859436583
988,16547.69015022357,16547.690280701,16547.690280701,16547.690943565,16547.708433709,0,COMPLETED,True,baseline_2,28,0.13047743050265126,0.6628640003327746,17.490143996838015,18.28348542767344
989,16547.719690232767,16547.719783955,16547.719783955,16547.720451465,16547.739311301,3,COMPLETED,True,baseline_2,29,0.09372223212267272,0.6675100012216717,18.859836000046926,19.62106823339127
990,16547.752507648176,16547.752667876,16547.752667876,16547.753416563,16547.767353756,1,COMPLETED,True,baseline_2,30,0.16022782438085414,0.7486869981221389,13.93719300176599,14.846107824268984
991,16547.807902627526,16547.808062323,16547.808062323,16547.808840656,16547.826883343,2,COMPLETED,True,baseline_2,31,0.1596954753040336,0.7783329965604935,18.04268700288958,18.980715474754106
992,16547.835398673436,16547.835567678,16547.835567678,16547.836572822,16547.84982095,0,COMPLETED,True,baseline_2,32,0.16900456466828473,1.005144000373548,13.248127997940173,14.422276562982006
993,16547.881946032772,16547.882199669,16547.882199669,16547.882962441,16547.900744182,3,COMPLETED,True,baseline_2,33,0.2536362262617331,0.7627720005984884,17.781741000362672,18.798149227222893
994,16547.963785443688,16547.9640554,16547.9640554,16547.96507617,16547.985722896,1,COMPLETED,True,baseline_2,34,0.26995631196768954,1.0207699997408781,20.64672599954065,21.937452311249217
995,16547.968427913245,16547.968615626,16547.968615626,16547.969474839,16547.988443191,2,COMPLETED,True,baseline_2,35,0.18771275426843204,0.8592129997850861,18.96835200022906,20.01527775428258
996,16547.99008754694,16547.990247328,16547.990247328,16547.991221972,16548.010666713,0,COMPLETED,True,baseline_2,36,0.15978106239344925,0.974643997324165,19.44474099946092,20.579166059178533
997,16548.003623866593,16548.003715617,16548.003715617,16548.004619596,16548.023759225,3,COMPLETED,True,baseline_2,37,0.09175040759146214,0.9039789983944502,19.139629002893344,20.135358408879256
998,16548.021713909664,16548.021869746,16548.021869746,16548.022865908,16548.048325807,1,COMPLETED,True,baseline_2,38,0.15583633648930117,0.9961619980458636,25.459899003180908,26.611897337716073
999,16548.056413883547,16548.056548109,16548.056548109,16548.057202613,16548.070615886,2,COMPLETED,True,baseline_2,39,0.1342254545306787,0.654503997793654,13.413273001788184,14.202002454112517
1000,16548.06824609468,16548.068392704,16548.068392704,16548.068912171,16548.087536518,0,COMPLETED,True,baseline_2,40,0.14660931992693804,0.5194669975026045,18.6243470016052,19.290423319034744
1001,16548.0738489885,16548.07393522,16548.07393522,16548.074507197,16548.087904731,3,COMPLETED,True,baseline_2,41,0.08623149915365502,0.5719770015275571,13.397533999523148,14.05574250020436
1002,16548.092945938766,16548.093095856,16548.093095856,16548.093890418,16548.111744406,1,COMPLETED,True,baseline_2,42,0.14991723219281994,0.7945620018290356,17.853987999842502,18.798467233864358
1003,16548.110196543887,16548.110448085,16548.110448085,16548.111388425,16548.127701903,2,COMPLETED,True,baseline_2,43,0.251541114266729,0.9403399999428075,16.3134779977554,17.505359111964935
1004,16548.157453294967,16548.157541706,16548.157541706,16548.158618207,16548.178841617,0,COMPLETED,True,baseline_2,44,0.08841103408485651,1.0765009974420536,20.223409999744035,21.388322031270945
1005,16548.19063733269,16548.190784141,16548.190784141,16548.191690694,16548.211656015,3,COMPLETED,True,baseline_2,45,0.14680831009172834,0.9065529993677046,19.965321000199765,21.018682309659198
1006,16548.196721561417,16548.196971323,16548.196971323,16548.197664101,16548.224483763,1,COMPLETED,True,baseline_2,46,0.24976158238132484,0.69277800139389,26.819661998160882,27.762201581936097
1007,16548.198619597824,16548.198806051,16548.198806051,16548.199565984,16548.219113637,2,COMPLETED,True,baseline_2,47,0.18645317686605267,0.759932998334989,19.54765299888095,20.49403917408199
1008,16548.29545537734,16548.295547793,16548.295547793,16548.296079522,16548.31057296,0,COMPLETED,True,baseline_2,48,0.09241565931006335,0.5317289978847839,14.493438000499737,15.117582657694584
1009,16548.34004555443,16548.340167544,16548.340167544,16548.340987554,16548.360659501,3,COMPLETED,True,baseline_2,49,0.1219895711983554,0.8200099982786924,19.671947000460932,20.61394656993798
1010,16548.3827500086,16548.382929945,16548.382929945,16548.383797997,16548.401601377,2,COMPLETED,True,baseline_2,50,0.17993639994529076,0.8680520004418213,17.803380000259494,18.851368400646606
1011,16548.403627765405,16548.40379007,16548.40379007,16548.404666258,16548.4227515,1,COMPLETED,True,baseline_2,51,0.1623045936867129,0.8761880017118528,18.08524199805106,19.123734593449626
1012,16548.40791349314,16548.408110908,16548.408110908,16548.408917959,16548.42810602,0,COMPLETED,True,baseline_2,52,0.19741485812119208,0.8070510011748411,19.18806100002257,20.192526859318605
1013,16548.435504766796,16548.435673245,16548.435673245,16548.436490248,16548.453559626,3,COMPLETED,True,baseline_2,53,0.16847820370458066,0.8170030014298391,17.069377998268465,18.054859203402884
1014,16548.440306542125,16548.440415514,16548.440415514,16548.441002989,16548.455174765,2,COMPLETED,True,baseline_2,54,0.1089718753064517,0.5874749986105599,14.171776001603575,14.868222875520587
1015,16548.44615206009,16548.446408244,16548.446408244,16548.447313502,16548.466841345,1,COMPLETED,True,baseline_2,55,0.25618391009629704,0.9052580026036594,19.52784300010535,20.689284912805306
1016,16548.50321228841,16548.503390838,16548.503390838,16548.503898323,16548.517137,0,COMPLETED,True,baseline_2,56,0.17854958787211217,0.5074850014352705,13.238676998298615,13.924711587605998
1017,16548.533959599707,16548.534079868,16548.534079868,16548.534650605,16548.551434229,3,COMPLETED,True,baseline_2,57,0.12026829426758923,0.5707370000891387,16.7836239997996,17.47462929415633
1018,16548.54237518719,16548.542548514,16548.542548514,16548.543310831,16548.559509689,2,COMPLETED,True,baseline_2,58,0.17332681090920232,0.7623169985890854,16.19885800027987,17.134501809778158
1019,16548.666366676815,16548.666519072,16548.666519072,16548.667543568,16548.688208777,1,COMPLETED,True,baseline_2,59,0.15239518688758835,1.0244959994452074,20.665208998252638,21.842100184585433
1020,16548.6810439827,16548.681299727,16548.681299727,16548.682343014,16548.702683161,0,COMPLETED,True,baseline_2,60,0.2557443003752269,1.0432870003569406,20.34014699893305,21.639178299665218
1021,16548.71553535103,16548.715703329,16548.715703329,16548.7168217,16548.73731492,3,COMPLETED,True,baseline_2,61,0.16797796706669033,1.1183710012119263,20.49321999948006,21.779568967758678
1022,16548.73302036982,16548.733280179,16548.733280179,16548.734184006,16548.754249995,2,COMPLETED,True,baseline_2,62,0.2598091814434156,0.9038270000019111,20.065988999704132,21.22962518114946
1023,16548.738516894653,16548.738615452,16548.738615452,16548.739370338,16548.758907867,1,COMPLETED,True,baseline_2,63,0.09855734606389888,0.7548860012320802,19.53752899862593,20.39097234592191
1024,16548.74294538443,16548.743032549,16548.743032549,16548.743809118,16548.763053846,0,COMPLETED,True,baseline_2,64,0.0871645679580979,0.7765690024825744,19.24472799873911,20.10846156917978
1025,16548.77322833522,16548.773406911,16548.773406911,16548.774324083,16548.793694097,3,COMPLETED,True,baseline_2,65,0.17857578131952323,0.9171719975711312,19.37001400074223,20.465761779632885
1026,16548.773381146937,16548.773542476,16548.773542476,16548.774367253,16548.788313377,2,COMPLETED,True,baseline_2,66,0.16132906239363365,0.8247770019806921,13.9461239996308,14.932230064005125
1027,16548.796613687206,16548.796702554,16548.796702554,16548.797413815,16548.810655821,1,COMPLETED,True,baseline_2,67,0.08886679279385135,0.7112610001058783,13.242005999927642,14.042133792827372
1028,16548.81355360877,16548.813755413,16548.813755413,16548.814494989,16548.827744193,0,COMPLETED,True,baseline_2,68,0.20180423234705813,0.7395760003419127,13.249203999293968,14.190584231982939
1029,16548.924496612268,16548.924663703,16548.924663703,16548.925783045,16548.945804367,2,COMPLETED,True,baseline_2,69,0.167090733157238,1.119341999583412,20.021321997774066,21.307754730514716
1030,16548.940813388777,16548.940977077,16548.940977077,16548.942034583,16548.962391174,3,COMPLETED,True,baseline_2,70,0.1636882225284353,1.0575060005066916,20.356590997835156,21.577785220870283
1031,16548.942324275547,16548.94252627,16548.94252627,16548.943384746,16548.96361816,1,COMPLETED,True,baseline_2,71,0.20199445134494454,0.8584759998484515,20.233414001268102,21.293884452461498
1032,16548.954880570243,16548.954966055,16548.954966055,16548.955920894,16548.975087039,0,COMPLETED,True,baseline_2,72,0.08548475670977496,0.9548390007694252,19.1661450007814,20.2064687582606
1033,16548.974291925133,16548.974382891,16548.974382891,16548.975143711,16548.994390564,2,COMPLETED,True,baseline_2,73,0.09096586654777639,0.7608199994137976,19.24685300036799,20.098638866329566
1034,16549.026272287698,16549.026325769,16549.026325769,16549.027084655,16549.039477894,3,COMPLETED,True,baseline_2,74,0.05348130071070045,0.7588860025862232,12.39323899790179,13.205606301198713
1035,16549.044121692426,16549.044285373,16549.044285373,16549.04504564,16549.057986175,1,COMPLETED,True,baseline_2,75,0.16368057185900398,0.760267001169268,12.940535001689568,13.86448257471784
1036,16549.059554264993,16549.059608859,16549.059608859,16549.060625101,16549.080413923,0,COMPLETED,True,baseline_2,76,0.05459400563267991,1.0162420003325678,19.788821999100037,20.859658005065285
1037,16549.05999094578,16549.060338243,16549.060338243,16549.061019295,16549.079967208,2,COMPLETED,True,baseline_2,77,0.34729722028714605,0.6810519989812747,18.947912998555694,19.976262217824114
1038,16549.0862099796,16549.086469962,16549.086469962,16549.087309558,16549.100673885,3,COMPLETED,True,baseline_2,78,0.25998240016633645,0.8395959994231816,13.36432700190926,14.463905401498778
1039,16549.10674153948,16549.106900668,16549.106900668,16549.107872419,16549.126809022,1,COMPLETED,True,baseline_2,79,0.1591285217728,0.9717510001792107,18.93660299901967,20.06748252097168
1040,16549.118496849154,16549.118658071,16549.118658071,16549.119624471,16549.137033711,2,COMPLETED,True,baseline_2,80,0.16122184388223104,0.9664000026532449,17.40923999750521,18.536861844040686
1041,16549.118894071155,16549.119243281,16549.119243281,16549.119813043,16549.138363243,0,COMPLETED,True,baseline_2,81,0.34920984398922883,0.5697619999409653,18.55020000220975,19.469171846139943
1042,16549.143092194456,16549.143339299,16549.143339299,16549.144160621,16549.157929168,3,COMPLETED,True,baseline_2,82,0.24710454454179853,0.8213219989556819,13.768546999926912,14.836973543424392
1043,16549.191879408507,16549.192237105,16549.192237105,16549.192903224,16549.207369428,1,COMPLETED,True,baseline_2,83,0.3576964918465819,0.6661190018348861,14.466204000200378,15.490019493881846
1044,16549.21609828248,16549.216184858,16549.216184858,16549.216896002,16549.236158811,2,COMPLETED,True,baseline_2,84,0.08657552098156884,0.7111439990694635,19.262809000792913,20.060528520843945
1045,16549.219883541457,16549.219963913,16549.219963913,16549.2204735,16549.239479885,0,COMPLETED,True,baseline_2,85,0.08037154475459829,0.5095870001241565,19.006384998647263,19.596343543526018
1046,16549.23068969492,16549.230778338,16549.230778338,16549.231506637,16549.24972894,3,COMPLETED,True,baseline_2,86,0.08864307892508805,0.7282990009116475,18.22230300240335,19.039245082240086
1047,16549.230921688228,16549.231287139,16549.231287139,16549.231755119,16549.25097778,1,COMPLETED,True,baseline_2,87,0.36545077091432177,0.46798000039416365,19.222661001549568,20.056091772858053
1048,16549.25656997644,16549.256676869,16549.256676869,16549.257483303,16549.275946003,2,COMPLETED,True,baseline_2,88,0.10689256305340677,0.8064339999691583,18.462699998053722,19.376026561076287
1049,16549.313255504258,16549.313435276,16549.313435276,16549.31386373,16549.328761701,0,COMPLETED,True,baseline_2,89,0.17977174138650298,0.42845400093938224,14.897970999300014,15.5061967416259
1050,16549.322211462902,16549.322302672,16549.322302672,16549.322906476,16549.342224581,3,COMPLETED,True,baseline_2,90,0.09120909817283973,0.6038040010025725,19.318104998092167,20.01311809726758
1051,16549.36557336507,16549.365833364,16549.365833364,16549.366811635,16549.383715121,1,COMPLETED,True,baseline_2,91,0.25999893114203587,0.9782710003491957,16.903485997318057,18.14175592880929
1052,16549.411751558833,16549.411910042,16549.411910042,16549.412935193,16549.433470263,2,COMPLETED,True,baseline_2,92,0.15848316616029479,1.0251509993395302,20.535070001642453,21.718704167142278
1053,16549.415496901438,16549.415667122,16549.415667122,16549.416176303,16549.42958101,0,COMPLETED,True,baseline_2,93,0.17022056272253394,0.5091809980513062,13.40470700233709,14.08410856311093
1054,16549.41793587333,16549.418021962,16549.418021962,16549.418790022,16549.43880061,3,COMPLETED,True,baseline_2,94,0.0860886684677098,0.7680599992454518,20.010588003060548,20.86473667077371
1055,16549.46944563358,16549.469606401,16549.469606401,16549.470635898,16549.489052039,1,COMPLETED,True,baseline_2,95,0.1607674203114584,1.0294970015820581,18.41614099976141,19.606405421654927
1056,16549.509047285992,16549.509149771,16549.509149771,16549.509902286,16549.528119818,0,COMPLETED,True,baseline_2,96,0.10248500620946288,0.7525150031142402,18.217531996924663,19.072532006248366
1057,16549.565961113905,16549.566213548,16549.566213548,16549.567072118,16549.579767439,2,COMPLETED,True,baseline_2,97,0.2524340961826965,0.8585699979448691,12.695321001956472,13.806325096084038
1058,16549.64222137486,16549.642386062,16549.642386062,16549.64335661,16549.663385504,3,COMPLETED,True,baseline_2,98,0.16468714238726534,0.9705479969852604,20.028894003189635,21.16412914256216
1059,16549.66514281168,16549.665286776,16549.665286776,16549.666143699,16549.68640464,1,COMPLETED,True,baseline_2,99,0.1439643201592844,0.8569230012653861,20.260941000742605,21.261828322167275
1060,16549.676935686108,16549.67708843,16549.67708843,16549.678024656,16549.697487089,0,COMPLETED,True,baseline_2,100,0.1527438907942269,0.9362260025227442,19.46243299971684,20.55140289303381
1061,16549.70598081915,16549.706070849,16549.706070849,16549.706738763,16549.721851519,2,COMPLETED,True,baseline_2,101,0.09002984734252095,0.667914002406178,15.112755998416105,15.870699848164804
1062,16549.711908986395,16549.712161253,16549.712161253,16549.712998035,16549.732948442,3,COMPLETED,True,baseline_2,102,0.252266603638418,0.8367820009880234,19.950407000578707,21.03945560520515
1063,16549.725931629375,16549.726158923,16549.726158923,16549.726811817,16549.740157588,1,COMPLETED,True,baseline_2,103,0.2272936253575608,0.6528939993586391,13.34577099987655,14.22595862459275
1064,16549.737047553248,16549.737297448,16549.737297448,16549.738022384,16549.750751256,0,COMPLETED,True,baseline_2,104,0.24989475059555843,0.7249360023706686,12.728871999570401,13.703702752536628
1065,16549.75054292089,16549.750630346,16549.750630346,16549.751248455,16549.764803694,2,COMPLETED,True,baseline_2,105,0.08742510908632539,0.6181089993333444,13.555239002016606,14.260773110436276
1066,16549.758716140142,16549.758966143,16549.758966143,16549.759887409,16549.77913744,3,COMPLETED,True,baseline_2,106,0.25000285677378997,0.9212660006596707,19.250031000410672,20.421299857844133
1067,16549.763341801146,16549.763497507,16549.763497507,16549.764343176,16549.782926726,1,COMPLETED,True,baseline_2,107,0.15570585310342722,0.8456690011371393,18.583549997856608,19.584924852097174
1068,16549.766404457245,16549.766493003,16549.766493003,16549.767381474,16549.786967042,0,COMPLETED,True,baseline_2,108,0.08854575571604073,0.8884710005077068,19.585567999456543,20.56258475568029
1069,16549.811685432036,16549.811774673,16549.811774673,16549.812551897,16549.825890669,2,COMPLETED,True,baseline_2,109,0.08924096255213954,0.7772240023768973,13.338771997950971,14.205236962880008
1070,16549.81174000834,16549.811835678,16549.811835678,16549.812890102,16549.831567654,3,COMPLETED,True,baseline_2,110,0.09566966036800295,1.0544239994487725,18.677552001463482,19.827645661280258
1071,16549.914097480647,16549.914315094,16549.914315094,16549.915282045,16549.936229816,1,COMPLETED,True,baseline_2,111,0.21761335301562212,0.9669510000094306,20.94777100137435,22.1323353543994
1072,16549.929986166113,16549.930143148,16549.930143148,16549.931247169,16549.953170531,0,COMPLETED,True,baseline_2,112,0.15698188872192986,1.1040209974453319,21.923362000961788,23.18436488712905
1073,16549.93945928728,16549.939612951,16549.939612951,16549.940563604,16549.960700979,2,COMPLETED,True,baseline_2,113,0.15366371735581197,0.950653000472812,20.137375002377667,21.24169172020629
1074,16549.959961042852,16549.960231154,16549.960231154,16549.961106614,16549.980703048,3,COMPLETED,True,baseline_2,114,0.2701111479836982,0.8754599984968081,19.596434001869056,20.742005148349563
1075,16549.975248907944,16549.975503516,16549.975503516,16549.976388355,16549.99117478,1,COMPLETED,True,baseline_2,115,0.25460805773036554,0.8848389988997951,14.786424999329029,15.92587205595919
1076,16549.999355257445,16549.999611018,16549.999611018,16550.000536571,16550.020631442,0,COMPLETED,True,baseline_2,116,0.25576055486453697,0.9255529985239264,20.094871000765124,21.276184554153588
1077,16550.01531021377,16550.015395065,16550.015395065,16550.016087376,16550.029665153,2,COMPLETED,True,baseline_2,117,0.08485122816637158,0.6923110013303813,13.577777001046343,14.354939230543096
1078,16550.018765081968,16550.018913244,16550.018913244,16550.019810527,16550.039961361,3,COMPLETED,True,baseline_2,118,0.14816203110967763,0.8972830000857357,20.150833999650786,21.1962790308462
1079,16550.02117766012,16550.021420104,16550.021420104,16550.02214398,16550.041454893,1,COMPLETED,True,baseline_2,119,0.24244387896033004,0.7238760008476675,19.310912997752894,20.27723287756089
1080,16550.09929404679,16550.099403452,16550.099403452,16550.100051432,16550.118527751,0,COMPLETED,True,baseline_2,0,0.10940520951407962,0.64797999948496,18.476319000910735,19.233704209909774
1081,16550.155009077043,16550.155334845,16550.155334845,16550.156349003,16550.176085568,2,COMPLETED,True,baseline_2,1,0.32576795638306066,1.0141579987248406,19.736565001949202,21.076490957057104
1082,16550.155304827713,16550.1554732,16550.1554732,16550.156628639,16550.176796986,3,COMPLETED,True,baseline_2,2,0.168372287589591,1.1554390002856962,20.16834700043546,21.492158288310748
1083,16550.19700045228,16550.197088767,16550.197088767,16550.197737632,16550.215719358,1,COMPLETED,True,baseline_2,3,0.08831471859593876,0.6488649996754248,17.981725999561604,18.718905717832968
1084,16550.21020503821,16550.210344226,16550.210344226,16550.211342141,16550.23119032,0,COMPLETED,True,baseline_2,4,0.13918779222876765,0.9979149981518276,19.84817899938207,20.985281789762666
1085,16550.222119841586,16550.222204107,16550.222204107,16550.223102819,16550.24241087,2,COMPLETED,True,baseline_2,5,0.08426541535300203,0.8987119981611613,19.308050999825355,20.291028413339518
1086,16550.23964819655,16550.239732646,16550.239732646,16550.240124582,16550.253680626,3,COMPLETED,True,baseline_2,6,0.08444944978691638,0.3919359987776261,13.556043999415124,14.032429447979666
1087,16550.244966485938,16550.245106508,16550.245106508,16550.24579041,16550.259903302,1,COMPLETED,True,baseline_2,7,0.14002206080476753,0.6839020024926867,14.112892000412103,14.936816063709557
1088,16550.248010572952,16550.248176602,16550.248176602,16550.248884121,16550.264393403,0,COMPLETED,True,baseline_2,8,0.1660290472500492,0.7075190005707555,15.509281998674851,16.382830046495656
1089,16550.2612797935,16550.261387457,16550.261387457,16550.261954443,16550.275186987,2,COMPLETED,True,baseline_2,9,0.10766350169433281,0.5669860001944471,13.232543999038171,13.907193500926951
1090,16550.277609274566,16550.277703907,16550.277703907,16550.278136641,16550.292029212,3,COMPLETED,True,baseline_2,10,0.09463243259233423,0.4327340029703919,13.89257099799579,14.419937433558516
1091,16550.322090300157,16550.322178748,16550.322178748,16550.322610384,16550.335850568,1,COMPLETED,True,baseline_2,11,0.08844784315442666,0.4316359991207719,13.240184001915623,13.760267844190821
1092,16550.35232171337,16550.352409975,16550.352409975,16550.352852724,16550.366299021,0,COMPLETED,True,baseline_2,12,0.08826162957120687,0.4427490021043923,13.44629699815414,13.977307629829738
1093,16550.37814881127,16550.378254898,16550.378254898,16550.378940803,16550.398302328,2,COMPLETED,True,baseline_2,13,0.10608673255774193,0.6859049972263165,19.361525002750568,20.153516732534626
1094,16550.41003178852,16550.410194139,16550.410194139,16550.411009266,16550.429497245,3,COMPLETED,True,baseline_2,14,0.16235047951340675,0.8151270012604073,18.487978999473853,19.465456480247667
1095,16550.416710062284,16550.416964718,16550.416964718,16550.417662417,16550.432673598,1,COMPLETED,True,baseline_2,15,0.25465571525273845,0.697699000738794,15.011180999863427,15.96353571585496
1096,16550.42754081941,16550.427754642,16550.427754642,16550.428748105,16550.449551811,0,COMPLETED,True,baseline_2,16,0.21382259001256898,0.9934629997587763,20.80370600015158,22.010991589922924
1097,16550.436170756,16550.436372607,16550.436372607,16550.437138607,16550.450423238,2,COMPLETED,True,baseline_2,17,0.2018510022026021,0.7660000010218937,13.284630997077329,14.252482000301825
1098,16550.446879510637,16550.44704435,16550.44704435,16550.447976665,16550.465151645,3,COMPLETED,True,baseline_2,18,0.16483936269651167,0.9323150006821379,17.174979999253992,18.27213436263264
1099,16550.47199440169,16550.472099287,16550.472099287,16550.47268146,16550.485902494,1,COMPLETED,True,baseline_2,19,0.10488530824659392,0.5821730010211468,13.221034001617227,13.908092310884967
1100,16550.48989342965,16550.48999092,16550.48999092,16550.490799424,16550.509536914,0,COMPLETED,True,baseline_2,20,0.09749034870765172,0.8085039989964571,18.737490001512924,19.643484349217033
1101,16550.500405352617,16550.500583314,16550.500583314,16550.501155512,16550.516573444,2,COMPLETED,True,baseline_2,21,0.17796138126868755,0.5721980014641304,15.417932001582813,16.16809138431563
1102,16550.50914259657,16550.509290823,16550.509290823,16550.509742596,16550.527185063,3,COMPLETED,True,baseline_2,22,0.14822643061052077,0.45177300125942566,17.44246700036456,18.042466432234505
1103,16550.527419993963,16550.527552496,16550.527552496,16550.527916476,16550.541019471,1,COMPLETED,True,baseline_2,23,0.13250203846837394,0.3639799979282543,13.102994998916984,13.599477035313612
1104,16550.567769989466,16550.567975858,16550.567975858,16550.569080628,16550.589978854,0,COMPLETED,True,baseline_2,24,0.2058685349766165,1.1047699990740512,20.89822600100888,22.208864535059547
1105,16550.59196242836,16550.592057143,16550.592057143,16550.5927969,16550.608822748,2,COMPLETED,True,baseline_2,25,0.09471463999943808,0.739757000701502,16.025847999117104,16.860319639818044
1106,16550.60245143994,16550.602616017,16550.602616017,16550.603469204,16550.62324593,3,COMPLETED,True,baseline_2,26,0.16457706078654155,0.8531870007573161,19.776725999690825,20.794490061234683
1107,16550.61680602908,16550.616962392,16550.616962392,16550.617830866,16550.631258907,1,COMPLETED,True,baseline_2,27,0.15636291936971247,0.8684739987074863,13.428041002043756,14.452877920120955
1108,16550.672779440436,16550.672867286,16550.672867286,16550.673690213,16550.68957337,0,COMPLETED,True,baseline_2,28,0.08784556484897621,0.8229269988078158,15.883157000644132,16.793929564300925
1109,16550.681513294945,16550.681599631,16550.681599631,16550.682276321,16550.697043909,2,COMPLETED,True,baseline_2,29,0.08633605466457084,0.676690000545932,14.767587999813259,15.530614055023761
1110,16550.768208473244,16550.768334653,16550.768334653,16550.769334745,16550.788671048,3,COMPLETED,True,baseline_2,30,0.12617975517059676,1.0000920010497794,19.336303001182387,20.462574757402763
1111,16550.769183042186,16550.76929865,16550.76929865,16550.769913124,16550.789155512,1,COMPLETED,True,baseline_2,31,0.1156078142230399,0.6144740000308957,19.242387999838684,19.97246981409262
1112,16550.824292007685,16550.824546985,16550.824546985,16550.825591881,16550.844748492,0,COMPLETED,True,baseline_2,32,0.25497731621726416,1.0448959983477835,19.156611000653356,20.456484315218404
1113,16550.838917884874,16550.839014247,16550.839014247,16550.839819498,16550.852751932,2,COMPLETED,True,baseline_2,33,0.09636212780606002,0.8052509983826894,12.93243400141364,13.834047127602389
1114,16550.920060920696,16550.920209595,16550.920209595,16550.921259752,16550.941601528,3,COMPLETED,True,baseline_2,34,0.14867430218146183,1.0501570031919982,20.341775998531375,21.540607303904835
1115,16550.964469505143,16550.964621756,16550.964621756,16550.96559502,16550.985652366,1,COMPLETED,True,baseline_2,35,0.1522508573543746,0.973263999185292,20.057345998793608,21.182860855333274
1116,16550.982674249517,16550.982834903,16550.982834903,16550.983830205,16551.00393057,0,COMPLETED,True,baseline_2,36,0.1606534824531991,0.99530200168374,20.10036499996204,21.25632048409898
1117,16550.994492495032,16550.994661074,16550.994661074,16550.99541231,16551.010319584,2,COMPLETED,True,baseline_2,37,0.1685789684415795,0.751235998905031,14.907273998687742,15.827088966034353
1118,16551.049516739044,16551.049772678,16551.049772678,16551.050506925,16551.063404565,3,COMPLETED,True,baseline_2,38,0.25593895770725794,0.7342469980358146,12.897640001028776,13.887825956771849
1119,16551.05706484992,16551.057222908,16551.057222908,16551.057989273,16551.070990072,1,COMPLETED,True,baseline_2,39,0.15805807925062254,0.7663649994356092,13.000799001019914,13.925222079706145
1120,16551.066755007818,16551.066914868,16551.066914868,16551.067866041,16551.087348693,0,COMPLETED,True,baseline_2,40,0.15986018115654588,0.9511730022495613,19.482651998259826,20.593685181665933
1121,16551.075161254215,16551.075328486,16551.075328486,16551.076226816,16551.095117243,2,COMPLETED,True,baseline_2,41,0.16723178487154655,0.8983299994724803,18.89042699986021,19.955988784204237
1122,16551.083017079294,16551.083159826,16551.083159826,16551.083990777,16551.103613173,3,COMPLETED,True,baseline_2,42,0.14274670684244484,0.8309509976243135,19.62239600106841,20.596093705535168
1123,16551.143613718847,16551.143884459,16551.143884459,16551.144675118,16551.158855718,1,COMPLETED,True,baseline_2,43,0.27074015451944433,0.790658999903826,14.18059999923571,15.24199915365898
1124,16551.1655541492,16551.16572216,16551.16572216,16551.166480098,16551.184565403,0,COMPLETED,True,baseline_2,44,0.16801079982542433,0.7579379998787772,18.08530500056804,19.011253800272243
1125,16551.235864113605,16551.235993511,16551.235993511,16551.236776184,16551.250386609,2,COMPLETED,True,baseline_2,45,0.12939739463035949,0.7826729997759685,13.610425001388649,14.522495395794977
1126,16551.255907725445,16551.256076832,16551.256076832,16551.256592321,16551.274791631,3,COMPLETED,True,baseline_2,46,0.16910655540414155,0.5154889986442868,18.19931000136421,18.88390555541264
1127,16551.273143048576,16551.273300181,16551.273300181,16551.274036603,16551.289372832,1,COMPLETED,True,baseline_2,47,0.1571324246469885,0.7364220000454225,15.336229000240564,16.229783424932975
1128,16551.314511489174,16551.31463409,16551.31463409,16551.315181061,16551.328799544,0,COMPLETED,True,baseline_2,48,0.12260082439752296,0.546971001313068,13.618483000755077,14.288054826465668
1129,16551.338443424265,16551.338528979,16551.338528979,16551.338942126,16551.352494513,2,COMPLETED,True,burst_2,49,0.08555473323212937,0.41314700138173066,13.552387001254829,14.051088735868689
1130,16551.34310484295,16551.343193177,16551.343193177,16551.343556262,16551.357197748,3,COMPLETED,True,burst_2,50,0.08833405081531964,0.36308500057202764,13.641485998959979,14.092905050347326
1131,16551.347042643276,16551.347134319,16551.347134319,16551.347554262,16551.363692874,1,COMPLETED,True,burst_2,51,0.09167572352453135,0.4199430004518945,16.138612001668662,16.650230725645088
1132,16551.354857188424,16551.354944355,16551.354944355,16551.355345076,16551.371694735,0,COMPLETED,True,burst_2,52,0.08716657612239942,0.40072100091492757,16.34965899938834,16.837546576425666
1133,16551.366208105035,16551.36631099,16551.36631099,16551.366840497,16551.380227687,2,COMPLETED,True,burst_2,53,0.10288496559951454,0.529507000464946,13.387189999775728,14.019581965840189
1134,16551.370651937643,16551.370788317,16551.370788317,16551.371313052,16551.384954019,3,COMPLETED,True,burst_2,54,0.1363793562632054,0.5247350018180441,13.640966997627402,14.302081355708651
1135,16551.372762628507,16551.372908556,16551.372908556,16551.373434564,16551.391851896,1,COMPLETED,True,burst_2,55,0.14592749357689172,0.5260079997242428,18.417332001263276,19.08926749456441
1136,16551.378854311104,16551.378968739,16551.378968739,16551.379675411,16551.394336925,0,COMPLETED,True,burst_2,56,0.11442789764259942,0.7066719990689307,14.661514000181342,15.482613896892872
1137,16551.38102285162,16551.381120607,16551.381120607,16551.381522858,16551.394817516,2,COMPLETED,True,burst_2,57,0.09775537910172716,0.4022510001959745,13.294658001541393,13.794664380839095
1138,16551.391032543765,16551.391170859,16551.391170859,16551.391851372,16551.405012056,3,COMPLETED,True,burst_2,58,0.13831523392582312,0.6805129996791948,13.160684000467882,13.9795122340729
1139,16551.392608687867,16551.392741912,16551.392741912,16551.393334221,16551.407621618,1,COMPLETED,True,burst_2,59,0.13322413360583596,0.592308999330271,14.287396999861812,15.01293013279792
1140,16551.39284425064,16551.3931349,16551.3931349,16551.394492964,16551.408067168,0,COMPLETED,True,burst_2,60,0.29064936097711325,1.3580639970314223,13.574204000178725,15.22291735818726
1141,16551.409798514003,16551.409949223,16551.409949223,16551.410533702,16551.424286337,2,COMPLETED,True,burst_2,61,0.15070899826241657,0.5844789993716404,13.752634997217683,14.48782299485174
1142,16551.411540921225,16551.411670017,16551.411670017,16551.412364209,16551.425839774,3,COMPLETED,True,burst_2,62,0.12909577708342113,0.694192000082694,13.4755649996805,14.298852776846616
1143,16551.413101718004,16551.413228464,16551.413228464,16551.413805707,16551.427338454,1,COMPLETED,True,burst_2,63,0.12674599565798417,0.577243001316674,13.532746997952927,14.236735994927585
1144,16551.421085262,16551.421216836,16551.421216836,16551.421875132,16551.435323645,0,COMPLETED,True,burst_2,64,0.13157399735064246,0.6582960013474803,13.448513000184903,14.238382998883026
1145,16551.434802080443,16551.434936991,16551.434936991,16551.435728516,16551.448707959,2,COMPLETED,True,burst_2,65,0.1349105586996302,0.7915249989309814,12.979442999494495,13.905878557125106
1146,16551.445493410727,16551.445645991,16551.445645991,16551.446330429,16551.459897915,3,COMPLETED,True,burst_2,66,0.15258027269737795,0.6844380004622508,13.567485999374185,14.404504272533813
1147,16551.448511272607,16551.44863737,16551.44863737,16551.44935676,16551.463289476,1,COMPLETED,True,burst_2,67,0.1260973913304042,0.719390001904685,13.932715999544598,14.778203392779687
1148,16551.459191683844,16551.459370504,16551.459370504,16551.460029778,16551.478299647,0,COMPLETED,True,burst_2,68,0.178820155269932,0.6592740028281696,18.269868996867444,19.107963154965546
1149,16551.472225878308,16551.472331499,16551.472331499,16551.47280857,16551.491268567,2,COMPLETED,True,burst_2,69,0.10562069292063825,0.47707100020488724,18.459996997989947,19.042688691115472
1150,16551.472673663113,16551.472763848,16551.472763848,16551.473078999,16551.487039107,3,COMPLETED,True,burst_2,70,0.09018488708534278,0.31515099908574484,13.960108000901528,14.365443887072615
1151,16551.475066517818,16551.475237035,16551.475237035,16551.475767677,16551.496028009,1,COMPLETED,True,burst_2,71,0.17051718168659136,0.5306419989210553,20.260332003090298,20.961491183697945
1152,16551.479288639475,16551.479451416,16551.479451416,16551.479903424,16551.494308659,0,COMPLETED,True,burst_2,72,0.16277652321150526,0.45200800013844855,14.405235000594985,15.020019523944939
1153,16551.48060086193,16551.480726482,16551.480726482,16551.487236174,16551.501960833,3,COMPLETED,True,burst_2,73,0.12562007032101974,6.509692000690848,14.724658998602536,21.359971069614403
1154,16551.487648127608,16551.487737925,16551.487737925,16551.491469192,16551.506589232,2,COMPLETED,True,burst_2,74,0.08979739141068421,3.731266999238869,15.12004000323941,18.941104393888963
1155,16551.504207314432,16551.504295164,16551.504295164,16551.504695685,16551.518148157,0,COMPLETED,True,burst_2,75,0.08784956662566401,0.4005209993920289,13.45247200151789,13.940842567535583
1156,16551.512908805573,16551.512995092,16551.512995092,16551.513414914,16551.52743004,1,COMPLETED,True,burst_2,76,0.0862864289956633,0.4198219976387918,14.015126002050238,14.521234428684693
1157,16551.517072837658,16551.517266287,16551.517266287,16551.517600417,16551.530746397,3,COMPLETED,True,burst_2,77,0.19344934116816148,0.33412999982829206,13.145979999535484,13.673559340531938
1158,16551.532432806285,16551.532526267,16551.532526267,16551.532913181,16551.546349189,2,COMPLETED,True,burst_2,78,0.09346071601612493,0.3869139982271008,13.436008001008304,13.91638271525153
1159,16551.54943910791,16551.549590468,16551.549590468,16551.550068009,16551.563449906,0,COMPLETED,True,burst_2,79,0.15136009096750058,0.47754100160091184,13.381896998907905,14.010798091476317
1160,16551.55090870515,16551.551043769,16551.551043769,16551.551528162,16551.568254432,1,COMPLETED,True,burst_2,80,0.13506384857464582,0.4843930000788532,16.726270001527155,17.345726850180654
1161,16551.55287963671,16551.553010549,16551.553010549,16551.553487772,16551.566867461,3,COMPLETED,True,burst_2,81,0.13091228902339935,0.47722299859742634,13.379689000430517,13.987824288051343
1162,16551.552929730165,16551.553059015,16551.553059015,16551.55352966,16551.567287532,2,COMPLETED,True,burst_2,82,0.12928483556606807,0.4706449981313199,13.757872002315708,14.357801836013095
1163,16551.55312647943,16551.553338362,16551.553338362,16551.56386982,16551.577458519,0,COMPLETED,True,burst_2,83,0.21188256869209,10.531457999604754,13.588699002866633,24.332039571163477
1164,16551.56445871844,16551.564554295,16551.564554295,16551.567278071,16551.580690418,3,COMPLETED,True,burst_2,84,0.09557656085235067,2.7237760004936717,13.412346997938585,16.231699559284607
1165,16551.565494494353,16551.565634254,16551.565634254,16551.567650317,16551.58082708,2,COMPLETED,True,burst_2,85,0.1397596461174544,2.0160630010650493,13.17676300095627,15.332585648138775
1166,16551.59134624706,16551.591436797,16551.591436797,16551.592100549,16551.605566774,1,COMPLETED,True,burst_2,86,0.0905499400687404,0.6637520018557552,13.466224998410325,14.220526940334821
1167,16551.593600143315,16551.593613531,16551.593613531,16551.594340368,16551.607825942,0,COMPLETED,True,burst_2,87,0.013387685612542555,0.7268369990924839,13.485573999787448,14.225798684492474
1168,16551.59643938751,16551.596525043,16551.596525043,16551.597061363,16551.610818134,3,COMPLETED,True,burst_2,88,0.08565549069317058,0.5363199998100754,13.756770997133572,14.378746487636818
1169,16551.598210658944,16551.598291925,16551.598291925,16551.598879047,16551.614005829,2,COMPLETED,True,burst_2,89,0.08126605462166481,0.5871220018889289,15.126782000152161,15.795170056662755
1170,16551.61055606413,16551.610671623,16551.610671623,16551.611511993,16551.624992454,1,COMPLETED,True,burst_2,90,0.11555886885616928,0.8403700012422632,13.480460998835042,14.436389868933475
1171,16551.61279943449,16551.612892829,16551.612892829,16551.613614429,16551.626618372,0,COMPLETED,True,burst_2,91,0.09339451207779348,0.7215999976324383,13.003943000512663,13.818937510222895
1172,16551.616111542502,16551.616235687,16551.616235687,16551.616878636,16551.633232827,3,COMPLETED,True,burst_2,92,0.12414449884090573,0.642948998574866,16.354191000573337,17.12128449798911
1173,16551.61900893335,16551.619112089,16551.619112089,16551.619806916,16551.633071773,2,COMPLETED,True,burst_2,93,0.1031556494126562,0.6948269983695354,13.264857003377983,14.062839651160175
1174,16551.623901807816,16551.624071503,16551.624071503,16551.625149927,16551.638516852,1,COMPLETED,True,burst_2,94,0.1696951840131078,1.078424000297673,13.366924998990726,14.615044183301507
1175,16551.631980137518,16551.632085949,16551.632085949,16551.632660818,16551.645621645,0,COMPLETED,True,burst_2,95,0.10581148308119737,0.5748689982283395,12.960826999915298,13.641507481224835
1176,16551.648908308176,16551.648992271,16551.648992271,16551.649667899,16551.662433708,2,COMPLETED,True,burst_2,96,0.08396282282774337,0.6756280017725658,12.765808998665307,13.525399823265616
1177,16551.65685216406,16551.656941941,16551.656941941,16551.657874056,16551.676106776,3,COMPLETED,True,burst_2,97,0.08977694233180955,0.9321149991592392,18.232720001833513,19.254611943324562
1178,16551.668467214018,16551.668566003,16551.668566003,16551.669316316,16551.685312522,1,COMPLETED,True,burst_2,98,0.09878898345050402,0.7503130000259262,15.996205998817459,16.84530798229389
1179,16551.66861843377,16551.668634375,16551.668634375,16551.669401904,16551.682880421,0,COMPLETED,True,burst_2,99,0.01594123023096472,0.7675289998587687,13.478517001203727,14.26198723129346
1180,16551.677395920004,16551.677513693,16551.677513693,16551.678161436,16551.691489544,2,COMPLETED,True,burst_2,100,0.1177729973278474,0.6477429997175932,13.3281079979497,14.093623994995141
1181,16551.679950612393,16551.680123673,16551.680123673,16551.680846892,16551.694741057,3,COMPLETED,True,burst_2,101,0.1730606054479722,0.7232190000650007,13.89416500023799,14.790444605750963
1182,16551.683588051703,16551.683722707,16551.683722707,16551.684372082,16551.698059928,0,COMPLETED,True,burst_2,102,0.1346552962786518,0.6493750006484333,13.687845999811543,14.471876296738628
1183,16551.683644959463,16551.683813801,16551.683813801,16551.685710407,16551.699540671,1,COMPLETED,True,burst_2,103,0.16884153592400253,1.8966060015372932,13.830264000716852,15.895711538178148
1184,16551.688706347417,16551.6888412,16551.6888412,16551.691832953,16551.7049924,2,COMPLETED,True,burst_2,104,0.1348525838693604,2.9917530009697657,13.159446996724,16.286052581563126
1185,16551.702989148256,16551.703086008,16551.703086008,16551.703872775,16551.719978273,3,COMPLETED,True,burst_2,105,0.09685974509920925,0.7867669992265292,16.10549799806904,16.98912474239478
1186,16551.708047026743,16551.708183012,16551.708183012,16551.708990069,16551.728607748,0,COMPLETED,True,burst_2,106,0.13598525765701197,0.807057000201894,19.617678997747134,20.56072125560604
1187,16551.715353942505,16551.71549196,16551.71549196,16551.716222952,16551.729454177,1,COMPLETED,True,burst_2,107,0.13801749446429312,0.7309920001716819,13.231224998889957,14.100234493525932
1188,16551.719620387386,16551.719752518,16551.719752518,16551.720448789,16551.734017533,2,COMPLETED,True,burst_2,108,0.1321306153840851,0.6962709994695615,13.568743997893762,14.397145612747408
1189,16551.720429265435,16551.720648061,16551.720648061,16551.721055748,16551.739360043,3,COMPLETED,True,burst_2,109,0.21879556516068988,0.407686999096768,18.304295001144055,18.930777565401513
1190,16551.724002724935,16551.724118558,16551.724118558,16551.72889636,16551.748425449,0,COMPLETED,True,burst_2,110,0.11583306331885979,4.777802001626696,19.52908900057082,24.422724065516377
1191,16551.729309289924,16551.72952296,16551.72952296,16551.730090803,16551.748530813,1,COMPLETED,True,burst_2,111,0.21367007502703927,0.5678430025000125,18.440010000631446,19.221523078158498
1192,16551.738575120733,16551.738663528,16551.738663528,16551.739079475,16551.758494262,2,COMPLETED,True,burst_2,112,0.08840726877679117,0.41594699723646045,19.4147870024608,19.91914126847405
1193,16551.739810865445,16551.739906256,16551.739906256,16551.740419027,16551.759679049,3,COMPLETED,True,burst_2,113,0.09539055463392287,0.51277099919389,19.260021999798482,19.868183553626295
1194,16551.756315601066,16551.756409562,16551.756409562,16551.756992792,16551.775907197,0,COMPLETED,True,burst_2,114,0.09396093446412124,0.583230001211632,18.914404998213286,19.59159593388904
1195,16551.769316222333,16551.769417305,16551.769417305,16551.769911644,16551.783718277,1,COMPLETED,True,burst_2,115,0.10108266724273562,0.4943390013067983,13.806633000058355,14.402054668607889
1196,16551.772317908963,16551.772431817,16551.772431817,16551.772925095,16551.787022234,2,COMPLETED,True,burst_2,116,0.11390803774702363,0.49327799933962524,14.097138999204617,14.704325036291266
1197,16551.774345170546,16551.774505247,16551.774505247,16551.77514953,16551.789001066,3,COMPLETED,True,burst_2,117,0.16007645535864867,0.644282998109702,13.851536001311615,14.655895454779966
1198,16551.788310091553,16551.788413565,16551.788413565,16551.788897754,16551.80238397,0,COMPLETED,True,burst_2,118,0.1034734450513497,0.48418900041724555,13.486216001183493,14.073878446652088
1199,16551.792111808678,16551.792224766,16551.792224766,16551.792730239,16551.809390799,1,COMPLETED,True,burst_2,119,0.11295732110738754,0.5054730027040932,16.660559998854296,17.278990322665777
1200,16551.793814685258,16551.794013922,16551.794013922,16551.794422237,16551.808201191,2,COMPLETED,True,burst_2,0,0.19923674335586838,0.40831499791238457,13.778954002191313,14.386505743459566
1201,16551.794957133927,16551.795080643,16551.795080643,16551.795654185,16551.809280714,3,COMPLETED,True,burst_2,1,0.12350907491054386,0.5735419981647283,13.626528998429421,14.323580071504693
1202,16551.80240446297,16551.802583314,16551.802583314,16551.803503668,16551.818115495,0,COMPLETED,True,burst_2,2,0.17885102715808898,0.9203540030284785,14.611826998589095,15.711032028775662
1203,16551.817106842056,16551.817200327,16551.817200327,16551.817616882,16551.830806357,2,COMPLETED,True,burst_2,3,0.09348494495498016,0.41655499808257446,13.189475001126993,13.699514944164548
1204,16551.82529351158,16551.825392805,16551.825392805,16551.825799313,16551.83880489,1,COMPLETED,True,burst_2,4,0.09929341831593774,0.4065079992869869,13.005577002331847,13.511378419934772
1205,16551.84052901093,16551.840629292,16551.840629292,16551.841038031,16551.854982987,3,COMPLETED,True,burst_2,5,0.10028107135440223,0.4087390007043723,13.944955997430952,14.453976069489727
1206,16551.84390285926,16551.844028894,16551.844028894,16551.844382603,16551.85867948,0,COMPLETED,True,burst_2,6,0.12603474169736728,0.3537090015015565,14.296876997832442,14.776620741031365
1207,16551.846305124316,16551.846404122,16551.846404122,16551.846819027,16551.86110622,2,COMPLETED,True,burst_2,7,0.09899768338073045,0.4149050000705756,14.287193000200205,14.80109568365151
1208,16551.84659021722,16551.846700702,16551.846700702,16551.847077331,16551.860419193,1,COMPLETED,True,burst_2,8,0.11048477972508408,0.3766289992199745,13.341861998924287,13.828975777869346
1209,16551.895329631658,16551.895461113,16551.895461113,16551.896269637,16551.91499248,3,COMPLETED,True,burst_2,9,0.13148134166840464,0.8085240006039385,18.722843000432476,19.66284834270482
1210,16551.898208043192,16551.898300109,16551.898300109,16551.89864705,16551.914252106,0,COMPLETED,True,burst_2,10,0.09206580580212176,0.34694100031629205,15.60505599991302,16.044062806031434
1211,16551.899649552044,16551.899734267,16551.899734267,16551.900053891,16551.913589969,1,COMPLETED,True,burst_2,11,0.08471495675621554,0.3196239995304495,13.536078000470297,13.940416956756962
1212,16551.913990973644,16551.914124065,16551.914124065,16551.914964418,16551.93443888,2,COMPLETED,True,burst_2,12,0.13309135465533473,0.8403530009672977,19.47446199847036,20.447906354092993
1213,16551.918422984854,16551.918503903,16551.918503903,16551.919293026,16551.933747496,1,COMPLETED,True,burst_2,13,0.08091814743238501,0.7891229979577474,14.454470001510344,15.324511146900477
1214,16551.919298811932,16551.91938088,16551.91938088,16551.919947437,16551.938913526,0,COMPLETED,True,burst_2,14,0.08206806887756102,0.5665569988195784,18.966088999150088,19.614714066847228
1215,16551.92757883395,16551.92773841,16551.92773841,16551.928340809,16551.944314762,3,COMPLETED,True,burst_2,15,0.1595760477357544,0.6023990026733372,15.97395299904747,16.73592804945656
1216,16551.937142683273,16551.937228139,16551.937228139,16551.938041929,16551.951838989,1,COMPLETED,True,burst_2,16,0.08545572563889436,0.8137900003930554,13.7970600007975,14.69630572682945
1217,16551.945811245652,16551.945910961,16551.945910961,16551.946513135,16551.959769144,2,COMPLETED,True,burst_2,17,0.09971534746000543,0.6021740009600762,13.2560089987237,13.957898347143782
1218,16551.94881248006,16551.949050386,16551.949050386,16551.949707365,16551.963613354,0,COMPLETED,True,burst_2,18,0.23790594059391879,0.6569790020876098,13.905988998885732,14.80087394156726
1219,16551.95857580293,16551.958747946,16551.958747946,16551.959199804,16551.972557112,3,COMPLETED,True,burst_2,19,0.17214306717505679,0.45185800263425335,13.3573079983762,13.98130906818551
1220,16551.963666264855,16551.963756147,16551.963756147,16551.96443715,16551.983287261,1,COMPLETED,True,burst_2,20,0.08988214540295303,0.681002999044722,18.850110998755554,19.62099614320323
1221,16551.963778263085,16551.963817719,16551.963817719,16551.964691049,16551.978062791,2,COMPLETED,True,burst_2,21,0.03945591379306279,0.8733300019230228,13.371741999435471,14.284527915151557
1222,16551.96808180007,16551.968173468,16551.968173468,16551.968556121,16551.981757254,0,COMPLETED,True,burst_2,22,0.09166793097392656,0.3826529973594006,13.201133002439747,13.675453930773074
1223,16551.988521378975,16551.988634143,16551.988634143,16551.989305329,16552.003637582,3,COMPLETED,True,burst_2,23,0.11276402437943034,0.6711860005452763,14.332252998428885,15.116203023353592
1224,16551.999915004784,16552.000074604,16552.000074604,16552.000761396,16552.018666155,2,COMPLETED,True,burst_2,24,0.15959921438479796,0.686792001943104,17.90475899906596,18.751150215393864
1225,16552.00651882375,16552.006618045,16552.006618045,16552.007305581,16552.021148031,0,COMPLETED,True,burst_2,25,0.09922125173034146,0.6875359977129847,13.842450000083772,14.629207249527099
1226,16552.013473559797,16552.013588613,16552.013588613,16552.014279825,16552.029847566,1,COMPLETED,True,burst_2,26,0.11505320435389876,0.6912120006745681,15.567740996630164,16.37400620165863
1227,16552.01487318619,16552.014984334,16552.014984334,16552.015463903,16552.034661308,3,COMPLETED,True,burst_2,27,0.11114781227661297,0.47956900016288273,19.197404999431456,19.78812181187095
1228,16552.0249605435,16552.025189841,16552.025189841,16552.025835775,16552.042063299,2,COMPLETED,True,burst_2,28,0.22929750048206188,0.6459340002038516,16.22752399998717,17.102755500673084
1229,16552.036357930945,16552.036470544,16552.036470544,16552.03693976,16552.050116041,0,COMPLETED,True,burst_2,29,0.11261305553489365,0.46921600005589426,13.176280997868162,13.75811005345895
1230,16552.038612032713,16552.038736656,16552.038736656,16552.039212668,16552.052365559,1,COMPLETED,True,burst_2,30,0.12462328595574945,0.4760120027640369,13.152890998753719,13.753526287473505
1231,16552.0497094138,16552.049874321,16552.049874321,16552.050484873,16552.064617294,3,COMPLETED,True,burst_2,31,0.1649072000873275,0.6105520005803555,14.132420998066664,14.907880198734347
1232,16552.057450340453,16552.057536027,16552.057536027,16552.058025676,16552.070745357,0,COMPLETED,True,burst_2,32,0.08568654811824672,0.48964899906422943,12.719680998998228,13.295016546180705
1233,16552.06970882004,16552.069841722,16552.069841722,16552.070630258,16552.083704348,2,COMPLETED,True,burst_2,33,0.13290196147863753,0.7885359991632868,13.074089998553973,13.995527959195897
1234,16552.07935527465,16552.079440721,16552.079440721,16552.079883986,16552.093186775,1,COMPLETED,True,burst_2,34,0.08544635056750849,0.44326499846647494,13.302789000590565,13.831500349624548
1235,16552.080317829936,16552.080436893,16552.080436893,16552.080994361,16552.094749932,3,COMPLETED,True,burst_2,35,0.119063064630609,0.5574679998971988,13.755570998910116,14.432102063437924
1236,16552.09338160904,16552.093538432,16552.093538432,16552.094596229,16552.115051684,0,COMPLETED,True,burst_2,36,0.15682295997976325,1.057796998793492,20.45545500004664,21.670074958819896
1237,16552.099479459386,16552.099566132,16552.099566132,16552.100102867,16552.113107689,2,COMPLETED,True,burst_2,37,0.08667261499795131,0.5367349986045156,13.004822001676075,13.628229615278542
1238,16552.10825684098,16552.108339616,16552.108339616,16552.108793897,16552.122444641,1,COMPLETED,True,burst_2,38,0.08277501910924911,0.45428100202116184,13.650744000187842,14.187800021318253
1239,16552.10962146535,16552.109752357,16552.109752357,16552.11029882,16552.123928713,3,COMPLETED,True,burst_2,39,0.13089164713164791,0.5464630012284033,13.629893001052551,14.307247649412602
1240,16552.118103574096,16552.11827874,16552.11827874,16552.118768166,16552.132537829,2,COMPLETED,True,burst_2,40,0.17516590378363617,0.48942600187729113,13.769662997219712,14.434254902880639
1241,16552.11850277681,16552.118648811,16552.118648811,16552.119300208,16552.136855016,0,COMPLETED,True,burst_2,41,0.1460341882193461,0.6513970001833513,17.5548080005683,18.352239188970998
1242,16552.12348697536,16552.123588883,16552.123588883,16552.124126892,16552.137934763,1,COMPLETED,True,burst_2,42,0.10190764078288339,0.5380089969548862,13.80787100060843,14.447787638346199
1243,16552.128498017802,16552.128599271,16552.128599271,16552.129124908,16552.14259848,3,COMPLETED,True,burst_2,43,0.10125319749931805,0.5256369986454956,13.473572002112633,14.100462198257446
1244,16552.132139424404,16552.132323244,16552.132323244,16552.132917126,16552.147035521,2,COMPLETED,True,burst_2,44,0.1838195967138745,0.5938819995208178,14.118394999968586,14.896096596203279
1245,16552.137304102645,16552.137619461,16552.137619461,16552.138266137,16552.157099138,0,COMPLETED,True,burst_2,45,0.31535835296381265,0.646676002361346,18.833000998711213,19.795035354036372
1246,16552.137426160254,16552.137771079,16552.137771079,16552.138246453,16552.151727954,1,COMPLETED,True,burst_2,46,0.34491874612285756,0.4753739995067008,13.481500998750562,14.30179374438012
1247,16552.137893107265,16552.138028774,16552.138028774,16552.142762338,16552.156223116,3,COMPLETED,True,burst_2,47,0.13566673442255706,4.7335640010715,13.46077799826162,18.330008733755676
1248,16552.148319578417,16552.148527252,16552.148527252,16552.149201574,16552.167008041,2,COMPLETED,True,burst_2,48,0.20767358364537358,0.6743220001226291,17.806466999900294,18.688462583668297
1249,16552.151664160712,16552.151864506,16552.151864506,16552.152440196,16552.170876917,1,COMPLETED,True,burst_2,49,0.20034528643009253,0.5756900027336087,18.436720998579403,19.212756287743105
1250,16552.165181714066,16552.165271811,16552.165271811,16552.165706962,16552.179008892,3,COMPLETED,True,burst_2,50,0.09009693530970253,0.43515099969226867,13.301929997396655,13.827177932398627
1251,16552.182373386913,16552.18245567,16552.18245567,16552.183091894,16552.200465185,0,COMPLETED,True,burst_2,51,0.08228308797697537,0.6362239982991014,17.373291000694735,18.09179808697081
1252,16552.19142827878,16552.191514023,16552.191514023,16552.1919589,16552.205454945,2,COMPLETED,True,burst_2,52,0.08574422099627554,0.4448769977898337,13.496045001375023,14.026666220161133
1253,16552.201415646614,16552.201522454,16552.201522454,16552.202044879,16552.21709556,1,COMPLETED,True,burst_2,53,0.10680738705559634,0.5224249980528839,15.050681002321653,15.679913387430133
1254,16552.213104802056,16552.213224005,16552.213224005,16552.213960186,16552.227666174,3,COMPLETED,True,burst_2,54,0.11920294491574168,0.7361809985013679,13.705987999856006,14.561371943273116
1255,16552.22226187856,16552.222418016,16552.222418016,16552.22312573,16552.236142501,0,COMPLETED,True,burst_2,55,0.15613744108122773,0.7077139998727944,13.01677099763765,13.880622438591672
1256,16552.239811329757,16552.24006311,16552.24006311,16552.24090613,16552.256235608,2,COMPLETED,True,burst_2,56,0.2517802422516979,0.8430199995927978,15.329478002968244,16.42427824481274
1257,16552.244833709607,16552.244976976,16552.244976976,16552.245787672,16552.264753975,1,COMPLETED,True,burst_2,57,0.1432663921150379,0.8106960012810305,18.966302999615436,19.920265393011505
1258,16552.246438568043,16552.246630827,16552.246630827,16552.247493722,16552.265373832,3,COMPLETED,True,burst_2,58,0.192258958122693,0.8628949981357437,17.88011000098777,18.935263957246207
1259,16552.252249430432,16552.252395693,16552.252395693,16552.25299238,16552.267504215,0,COMPLETED,True,burst_2,59,0.1462625696149189,0.5966869975964073,14.511835001030704,15.25478456824203
1260,16552.25532338037,16552.255458402,16552.255458402,16552.256393609,16552.270386709,2,COMPLETED,True,burst_2,60,0.13502162983058952,0.935207001020899,13.993099997605896,15.063328628457384
1261,16552.255685548946,16552.256183557,16552.256183557,16552.264975953,16552.279130909,1,COMPLETED,True,burst_2,61,0.4980080557288602,8.792395998170832,14.154955999401864,23.445360053301556
1262,16552.265863525314,16552.266074088,16552.266074088,16552.266806844,16552.280987411,3,COMPLETED,True,burst_2,62,0.21056268451502547,0.7327560015255585,14.180566999129951,15.123885685170535
1263,16552.266605799807,16552.26675175,16552.26675175,16552.267699666,16552.281397641,0,COMPLETED,True,burst_2,63,0.14595019456464797,0.9479159998591058,13.697974998649443,14.791841193073196
1264,16552.280994970988,16552.28110596,16552.28110596,16552.281987078,16552.298333264,2,COMPLETED,True,burst_2,64,0.1109890108637046,0.8811180014163256,16.34618599928217,17.3382930115622
1265,16552.283219205,16552.283291918,16552.283291918,16552.284032374,16552.29779827,1,COMPLETED,True,burst_2,65,0.07271299909916706,0.7404559983115178,13.765896001132205,14.57906499854289
1266,16552.290762610723,16552.290862123,16552.290862123,16552.291480201,16552.305125247,3,COMPLETED,True,burst_2,66,0.09951227912097238,0.6180779964779504,13.64504600132932,14.362636276928242
1267,16552.293524481007,16552.293715044,16552.293715044,16552.294424098,16552.308513399,0,COMPLETED,True,burst_2,67,0.19056299424846657,0.7090539984346833,14.08930099933059,14.98891799201374
1268,16552.29863827941,16552.298752576,16552.298752576,16552.299089841,16552.313085039,1,COMPLETED,True,burst_2,68,0.11429658843553625,0.3372649989614729,13.995198001794051,14.44675958919106
1269,16552.30037776437,16552.300551259,16552.300551259,16552.301000075,16552.317773153,2,COMPLETED,True,burst_2,69,0.17349462723359466,0.4488160011533182,16.77307800127892,17.39538862966583
1270,16552.30381957975,16552.303920288,16552.303920288,16552.305501719,16552.319053713,3,COMPLETED,True,burst_2,70,0.10070825010188855,1.581431002705358,13.551993997680256,15.234133250487503
1271,16552.306817632507,16552.306909151,16552.306909151,16552.308964043,16552.322883276,0,COMPLETED,True,burst_2,71,0.09151849371846765,2.05489200016018,13.91923299888731,16.065643492765957
1272,16552.307777058355,16552.30787386,16552.30787386,16552.313429772,16552.327309778,1,COMPLETED,True,burst_2,72,0.09680164657766,5.555911997362273,13.880006001272704,19.532719645212637
1273,16552.310171540328,16552.310268388,16552.310268388,16552.318152824,16552.331710078,2,COMPLETED,True,burst_2,73,0.09684767064754851,7.884435999585548,13.557254002080299,21.538537672313396
1274,16552.31415204391,16552.314275024,16552.314275024,16552.319214876,16552.332719638,3,COMPLETED,True,burst_2,74,0.12298009096411988,4.939851998642553,13.504762002412463,18.567594092019135
1275,16552.327356685204,16552.327448328,16552.327448328,16552.327902441,16552.341481443,0,COMPLETED,True,burst_2,75,0.09164279617834836,0.45411300015985034,13.57900199946016,14.12475779579836
1276,16552.333145280518,16552.333231353,16552.333231353,16552.33357339,16552.347198183,1,COMPLETED,True,burst_2,76,0.08607248309999704,0.3420369976083748,13.624793002236402,14.052902482944774
1277,16552.347606858293,16552.347691846,16552.347691846,16552.348104506,16552.361291658,2,COMPLETED,True,burst_2,77,0.08498770694131963,0.4126599997107405,13.187151998863555,13.684799705515616
1278,16552.360711899673,16552.360809819,16552.360809819,16552.361221237,16552.374691624,3,COMPLETED,True,burst_2,78,0.09791932825464755,0.4114179973839782,13.470387002598727,13.979724328237353
1279,16552.365806787348,16552.365899399,16552.365899399,16552.366261438,16552.379589554,0,COMPLETED,True,burst_2,79,0.0926116517803166,0.362039001629455,13.328115997865098,13.78276665127487
1280,16552.3663433748,16552.366431381,16552.366431381,16552.366763174,16552.38032061,1,COMPLETED,True,burst_2,80,0.08800619980320334,0.3317929986224044,13.557435999246081,13.977235197671689
1281,16552.369617337597,16552.369726065,16552.369726065,16552.370109766,16552.386175346,2,COMPLETED,True,burst_2,81,0.10872740313061513,0.38370100082829595,16.065579999121837,16.55800840308075
1282,16552.375208001387,16552.375319499,16552.375319499,16552.37584271,16552.389236927,3,COMPLETED,True,burst_2,82,0.11149761121487245,0.5232110015640501,13.394216999586206,14.028925612365128
1283,16552.378624347766,16552.378822454,16552.378822454,16552.379937323,16552.393318558,0,COMPLETED,True,burst_2,83,0.19810623416560702,1.1148689991387073,13.381234999542357,14.694210232846672
1284,16552.383201994664,16552.383380284,16552.383380284,16552.38383222,16552.399016081,1,COMPLETED,True,burst_2,84,0.17828933778218925,0.4519359972618986,15.183860999968601,15.81408633501269
1285,16552.403470739366,16552.40356047,16552.40356047,16552.404119275,16552.417032625,2,COMPLETED,True,burst_2,85,0.08973063449957408,0.5588050007645506,12.913349997688783,13.561885632952908
1286,16552.40942367217,16552.40952481,16552.40952481,16552.409912765,16552.422992906,3,COMPLETED,True,burst_2,86,0.10113782991538756,0.3879550022247713,13.080140997772105,13.569233829912264
1287,16552.415740409106,16552.415919522,16552.415919522,16552.4166276,16552.436181415,0,COMPLETED,True,burst_2,87,0.17911289614858106,0.7080779978423379,19.553815000108443,20.441005894099362
1288,16552.431830205853,16552.431925212,16552.431925212,16552.432509153,16552.446303714,1,COMPLETED,True,burst_2,88,0.09500614760327153,0.5839410005137324,13.794561000395333,14.473508148512337
1289,16552.43242840662,16552.432517533,16552.432517533,16552.432882211,16552.446450398,2,COMPLETED,True,burst_2,89,0.08912638077163137,0.36467799873207696,13.568187001510523,14.021991381014232
1290,16552.434537466703,16552.434739992,16552.434739992,16552.435332051,16552.450644107,3,COMPLETED,True,burst_2,90,0.20252529793651775,0.5920590010646265,15.312055998947471,16.106640297948616
1291,16552.437773834496,16552.437913213,16552.437913213,16552.438693282,16552.452859241,0,COMPLETED,True,burst_2,91,0.13937850599177182,0.7800690000294708,14.165958997182315,15.085406503203558
1292,16552.452494656576,16552.452583866,16552.452583866,16552.453132897,16552.466372998,1,COMPLETED,True,burst_2,92,0.08920942491386086,0.549030999536626,13.24010099779116,13.878341422241647
1293,16552.460305495522,16552.460390524,16552.460390524,16552.460850896,16552.473781001,2,COMPLETED,True,burst_2,93,0.0850284777698107,0.46037200081627816,12.930105000123149,13.475505478709238
1294,16552.48181430354,16552.482005456,16552.482005456,16552.482705828,16552.496938366,3,COMPLETED,True,burst_2,94,0.19115245959255844,0.700371998391347,14.232538000214845,15.12406245819875
1295,16552.482703916634,16552.482860646,16552.482860646,16552.483557139,16552.498105506,0,COMPLETED,True,burst_2,95,0.1567293656989932,0.6964929998503067,14.54836700213491,15.40158936768421
1296,16552.4882067277,16552.488349998,16552.488349998,16552.489158328,16552.50986181,1,COMPLETED,True,burst_2,96,0.1432702993042767,0.8083300017460715,20.703481997770723,21.65508229882107
1297,16552.491266989706,16552.491428594,16552.491428594,16552.492174995,16552.512480455,2,COMPLETED,True,burst_2,97,0.16160429368028417,0.7464010013791267,20.30545999878086,21.213465293840272
1298,16552.50003757701,16552.500083905,16552.500083905,16552.500527483,16552.513708694,3,COMPLETED,True,burst_2,98,0.04632799027604051,0.4435779992491007,13.181211001210613,13.671116990735754
1299,16552.50919325572,16552.509352988,16552.509352988,16552.509961702,16552.523753722,0,COMPLETED,True,burst_2,99,0.15973228073562495,0.6087139990995638,13.792019999527838,14.560466279363027
1300,16552.51508987051,16552.515219194,16552.515219194,16552.515794886,16552.529149724,1,COMPLETED,True,burst_2,100,0.12932348909089342,0.5756919999839738,13.354837999941083,14.05985348901595
1301,16552.516268858373,16552.516355169,16552.516355169,16552.51689122,16552.53076137,2,COMPLETED,True,burst_2,101,0.08631062519270927,0.5360510003811214,13.870150000002468,14.492511625576299
1302,16552.51829884178,16552.518383279,16552.518383279,16552.518750819,16552.532467941,3,COMPLETED,True,burst_2,102,0.08443721890216693,0.3675400002975948,13.717122001253301,14.169099220453063
1303,16552.52268114932,16552.522714775,16552.522714775,16552.52410917,16552.537852149,0,COMPLETED,True,burst_2,103,0.03362568168086,1.3943949998065364,13.742978997470345,15.170999678957742
1304,16552.522798230762,16552.52283456,16552.52283456,16552.529524372,16552.544247479,1,COMPLETED,True,burst_2,104,0.03632923835539259,6.689811998512596,14.723107000463642,21.44924823733163
1305,16552.52304537943,16552.523469401,16552.523469401,16552.531125022,16552.545155143,2,COMPLETED,True,burst_2,105,0.42402157123433426,7.655621000594692,14.030121001269436,22.109763573098462
1306,16552.526751404373,16552.526893067,16552.526893067,16552.532825931,16552.54743737,3,COMPLETED,True,burst_2,106,0.14166262553771958,5.932864001806593,14.61143900087336,20.685965628217673
1307,16552.535826531173,16552.535966686,16552.535966686,16552.53821165,16552.551503892,0,COMPLETED,True,burst_2,107,0.14015482520335354,2.244964001874905,13.29224199798773,15.677360825065989
1308,16552.56175972028,16552.561778276,16552.561778276,16552.562207304,16552.575830122,1,COMPLETED,True,burst_2,108,0.018555718270363286,0.42902800123556517,13.622818001749692,14.070401721255621
1309,16552.56444219392,16552.564525711,16552.564525711,16552.564855722,16552.578266995,2,COMPLETED,True,burst_2,109,0.08351707947440445,0.33001100018736906,13.411272997473134,13.824801077134907
1310,16552.568961897996,16552.569044466,16552.569044466,16552.569319939,16552.582514976,3,COMPLETED,True,burst_2,110,0.08256800356321037,0.27547300123842433,13.195036997785792,13.553078002587426
1311,16552.584224462247,16552.584315601,16552.584315601,16552.584948031,16552.59890683,0,COMPLETED,True,burst_2,111,0.0911387542146258,0.6324299974949099,13.958799001557054,14.68236775326659
1312,16552.59371699438,16552.593816414,16552.593816414,16552.594429484,16552.607992905,1,COMPLETED,True,burst_2,112,0.09941961980075575,0.6130700021458324,13.563420998252695,14.275910620199284
1313,16552.602045073567,16552.60218214,16552.60218214,16552.602660242,16552.616243366,2,COMPLETED,True,burst_2,113,0.13706643221667036,0.4781019997608382,13.5831240004336,14.198292432411108
1314,16552.60518064765,16552.605281347,16552.605281347,16552.605774672,16552.619400336,3,COMPLETED,True,burst_2,114,0.1006993516057264,0.49332499838783406,13.625663999846438,14.219688349839998
1315,16552.609714722243,16552.609833198,16552.609833198,16552.610397703,16552.623907666,0,COMPLETED,True,burst_2,115,0.11847575660794973,0.5645050005114172,13.509962998796254,14.192943755915621
1316,16552.62694167328,16552.627083764,16552.627083764,16552.627697659,16552.641982628,1,COMPLETED,True,burst_2,116,0.1420907210558653,0.6138950011518318,14.284968998254044,15.040954720461741
1317,16552.631912797257,16552.63199413,16552.63199413,16552.632599811,16552.646142228,2,COMPLETED,True,burst_2,117,0.0813327424111776,0.6056810016161762,13.542417000280693,14.229430744308047
1318,16552.646814587984,16552.646900163,16552.646900163,16552.64754593,16552.661142164,3,COMPLETED,True,burst_2,118,0.0855750149639789,0.6457670024246909,13.596233999123797,14.327576016512467
1319,16552.665387755278,16552.665481653,16552.665481653,16552.666131552,16552.681200165,0,COMPLETED,True,burst_2,119,0.09389772094436921,0.6498990005638916,15.068613000039477,15.812409721547738
1320,16552.666944582124,16552.667034545,16552.667034545,16552.667477214,16552.681030014,1,COMPLETED,True,burst_2,0,0.0899628757906612,0.4426689993124455,13.552799999160925,14.085431874264032
1321,16552.678700386452,16552.678860673,16552.678860673,16552.679631712,16552.693292333,2,COMPLETED,True,burst_2,1,0.16028654863475822,0.7710389982094057,13.660620999871753,14.591946546715917
1322,16552.679235399602,16552.67937167,16552.67937167,16552.679758814,16552.699302906,3,COMPLETED,True,burst_2,2,0.136270398797933,0.38714399852324277,19.544091999705415,20.06750639702659
1323,16552.68799693591,16552.688083257,16552.688083257,16552.688439947,16552.702059844,1,COMPLETED,True,burst_2,3,0.08632108801975846,0.3566900013538543,13.619896999443881,14.062908088817494
1324,16552.68873640749,16552.688908901,16552.688908901,16552.68938869,16552.708489864,0,COMPLETED,True,burst_2,4,0.17249351003556512,0.479788999655284,19.10117399893352,19.753456508624367
1325,16552.68905004127,16552.689183958,16552.689183958,16552.693508679,16552.707548505,2,COMPLETED,True,burst_2,5,0.13391672837315127,4.324721001466969,14.039826000953326,18.498463730793446
1326,16552.697344757453,16552.697565095,16552.697565095,16552.699713669,16552.713606497,3,COMPLETED,True,burst_2,6,0.22033754794392735,2.148573999875225,13.892827999370638,16.26173954718979
1327,16552.700688953948,16552.700869344,16552.700869344,16552.702255551,16552.715735266,1,COMPLETED,True,burst_2,7,0.1803900522645563,1.386207000905415,13.479714998538839,15.04631205170881
1328,16552.70344194887,16552.703535503,16552.703535503,16552.707922968,16552.721276677,2,COMPLETED,True,burst_2,8,0.09355412839795463,4.387465000036173,13.353709000512026,17.834728128946153
1329,16552.720755889823,16552.720845957,16552.720845957,16552.721583972,16552.735368879,0,COMPLETED,True,burst_2,9,0.09006717664306052,0.7380150018434506,13.78490699789836,14.612989176384872
1330,16552.72141988031,16552.721563008,16552.721563008,16552.722153894,16552.735627089,3,COMPLETED,True,burst_2,10,0.1431276905350387,0.5908860002818983,13.473195002006833,14.20720869282377
1331,16552.72889033356,16552.728984683,16552.728984683,16552.729545003,16552.743378147,1,COMPLETED,True,burst_2,11,0.09434943785890937,0.5603200006589759,13.833143999363529,14.487813437881414
1332,16552.732155479134,16552.732239659,16552.732239659,16552.732819202,16552.746624734,2,COMPLETED,True,burst_2,12,0.08417986464337446,0.5795430006401148,13.805532002152177,14.469254867435666
1333,16552.73255486026,16552.732636216,16552.732636216,16552.735726419,16552.748827058,0,COMPLETED,True,burst_2,13,0.08135573807521723,3.0902030011930037,13.100639000185765,16.272197739453986
1334,16552.747792457594,16552.747883427,16552.747883427,16552.748579415,16552.762091478,3,COMPLETED,True,burst_2,14,0.09096940630115569,0.6959880010981578,13.512062996596796,14.29902040399611
1335,16552.748228705226,16552.748311847,16552.748311847,16552.748738287,16552.762688524,1,COMPLETED,True,burst_2,15,0.08314177466672845,0.42643999768188223,13.95023700024467,14.45981877259328
1336,16552.752443998343,16552.752502441,16552.752502441,16552.752945689,16552.766781885,2,COMPLETED,True,burst_2,16,0.058442656154511496,0.4432480018294882,13.836195998010226,14.337886655994225
1337,16552.75284804543,16552.752954229,16552.752954229,16552.753321564,16552.767321828,0,COMPLETED,True,burst_2,17,0.10618356827762909,0.3673350001918152,14.00026400006027,14.473782568529714
1338,16552.75644467216,16552.756597912,16552.756597912,16552.762466638,16552.775958776,3,COMPLETED,True,burst_2,18,0.15323984189308248,5.868725998880109,13.492138001311105,19.514103842084296
1339,16552.769094964926,16552.769191865,16552.769191865,16552.769755898,16552.783177365,1,COMPLETED,True,burst_2,19,0.09690007573226467,0.5640329982270487,13.421466999716358,14.082400073675672
1340,16552.77641125065,16552.776527973,16552.776527973,16552.777077084,16552.790255879,2,COMPLETED,True,burst_2,20,0.11672235268633813,0.549110998690594,13.17879500129493,13.844628352671862
1341,16552.778198065153,16552.778317967,16552.778317967,16552.778772653,16552.791908065,0,COMPLETED,True,burst_2,21,0.11990184793830849,0.4546860000118613,13.135411998518975,13.709999846469145
1342,16552.79358991776,16552.793679683,16552.793679683,16552.794317799,16552.807611348,3,COMPLETED,True,burst_2,22,0.08976523895398714,0.6381159982993267,13.293549000081839,14.021430237335153
1343,16552.795746387797,16552.795973752,16552.795973752,16552.796725484,16552.814160331,1,COMPLETED,True,burst_2,23,0.2273642021464184,0.7517320009355899,17.43484699909459,18.413943202176597
1344,16552.803182870684,16552.803292204,16552.803292204,16552.80370703,16552.816991214,2,COMPLETED,True,burst_2,24,0.10933331577689387,0.41482600136077963,13.284183998621302,13.808343315758975
1345,16552.81068874184,16552.81078278,16552.81078278,16552.811288491,16552.826389654,0,COMPLETED,True,burst_2,25,0.09403816147823818,0.5057109992776532,15.101163000508677,15.700912161264569
1346,16552.813473584592,16552.813573852,16552.813573852,16552.813939742,16552.828381824,3,COMPLETED,True,burst_2,26,0.10026740710600279,0.3658899986476172,14.44208200337016,14.90823940912378
1347,16552.818850338565,16552.818947918,16552.818947918,16552.81933038,16552.832633819,1,COMPLETED,True,burst_2,27,0.09757943553267978,0.3824619998340495,13.303439001902007,13.783480437268736
1348,16552.83083352667,16552.830922056,16552.830922056,16552.831434815,16552.84520902,2,COMPLETED,True,burst_2,28,0.08852933024172671,0.5127590011397842,13.77420499920845,14.375493330589961
1349,16552.839791405753,16552.83987261,16552.83987261,16552.840338512,16552.853545764,0,COMPLETED,True,burst_2,29,0.08120424536173232,0.4659020014514681,13.207251999119762,13.754358245932963
1350,16552.840253055812,16552.840334971,16552.840334971,16552.840658746,16552.853845841,3,COMPLETED,True,burst_2,30,0.0819151864561718,0.3237750024709385,13.187094999011606,13.592785187938716
1351,16552.85069640065,16552.85081837,16552.85081837,16552.851409421,16552.865861575,1,COMPLETED,True,burst_2,31,0.12196935131214559,0.591051000810694,14.452153998718131,15.16517435084097
1352,16552.850941502886,16552.8512372,16552.8512372,16552.851508816,16552.865224458,2,COMPLETED,True,burst_2,32,0.2956971147796139,0.27161599791725166,13.715642002352979,14.282955115049845
1353,16552.857332638312,16552.857471578,16552.857471578,16552.857973904,16552.873269427,0,COMPLETED,True,burst_2,33,0.1389396893500816,0.502325998240849,15.29552300053183,15.93678868812276
1354,16552.862655729652,16552.862748966,16552.862748966,16552.86327225,16552.877578284,3,COMPLETED,True,burst_2,34,0.09323634731117636,0.5232840012467932,14.306033997854684,14.922554346412653
1355,16552.87064228027,16552.870817786,16552.870817786,16552.871564315,16552.885243025,2,COMPLETED,True,burst_2,35,0.1755057273840066,0.7465290000254754,13.678710001840955,14.600744729250437
1356,16552.871045656582,16552.87126403,16552.87126403,16552.871656389,16552.888848817,1,COMPLETED,True,burst_2,36,0.21837341773789376,0.39235900112544186,17.19242800027132,17.803160419134656
1357,16552.87397997928,16552.874081154,16552.874081154,16552.874513674,16552.887993381,0,COMPLETED,True,burst_2,37,0.10117472265847027,0.4325199988670647,13.479706998623442,14.013401720148977
1358,16552.880947412123,16552.881065967,16552.881065967,16552.881466097,16552.894885762,3,COMPLETED,True,burst_2,38,0.11855487900902517,0.4001299967058003,13.41966500331182,13.938349879026646
1359,16552.885201370405,16552.885289401,16552.885289401,16552.885770857,16552.899771073,2,COMPLETED,True,burst_2,39,0.0880305960890837,0.48145599794224836,14.000216000567889,14.569702594599221
1360,16552.88656968057,16552.886657536,16552.886657536,16552.888175071,16552.902257472,0,COMPLETED,True,burst_2,40,0.08785543104750104,1.517534998129122,14.082401001360267,15.68779143053689
1361,16552.88723764012,16552.88731881,16552.88731881,16552.889334144,16552.903316964,1,COMPLETED,True,burst_2,41,0.08116988101392053,2.0153340010438114,13.98281999718165,16.079323879239382
1362,16552.889032898758,16552.889115893,16552.889115893,16552.895057924,16552.90871987,3,COMPLETED,True,burst_2,42,0.08299424007418565,5.942031002632575,13.66194599904702,19.68697124175378
1363,16552.906629380246,16552.90671335,16552.90671335,16552.907138868,16552.92018431,2,COMPLETED,True,burst_2,43,0.08396975317737088,0.42551799924694933,13.045442003203789,13.554929755628109
1364,16552.912609172574,16552.912696272,16552.912696272,16552.913286251,16552.92634315,0,COMPLETED,True,burst_2,44,0.08709942630957812,0.589979001233587,13.056898998911493,13.733977426454658
1365,16552.921261142004,16552.921314777,16552.921314777,16552.921948843,16552.9352392,1,COMPLETED,True,burst_2,45,0.053634994401363656,0.6340660002024379,13.290357001096709,13.97805799570051
1366,16552.925095564984,16552.925250755,16552.925250755,16552.925706037,16552.939308998,3,COMPLETED,True,burst_2,46,0.15519001681241207,0.45528199916589074,13.602961000287905,14.213433016266208
1367,16552.931898495423,16552.932056189,16552.932056189,16552.932804392,16552.949863499,2,COMPLETED,True,burst_2,47,0.1576935792400036,0.7482029977836646,17.059107001841767,17.965003578865435
1368,16552.939842536904,16552.939936869,16552.939936869,16552.940461129,16552.954342294,0,COMPLETED,True,burst_2,48,0.09433209561393596,0.5242600018391386,13.881164999475004,14.499757096928079
1369,16552.958213122074,16552.958298728,16552.958298728,16552.958778527,16552.97143839,1,COMPLETED,True,burst_2,49,0.08560592686990276,0.4797990004590247,12.659862997679738,13.225267925008666
1370,16552.96344597081,16552.96359712,16552.96359712,16552.964115817,16552.977348874,3,COMPLETED,True,burst_2,50,0.15114919006009586,0.5186970010981895,13.233056997705717,13.902903188864002
1371,16552.98514087494,16552.985225879,16552.985225879,16552.985714034,16552.998816492,2,COMPLETED,True,burst_2,51,0.08500406329403631,0.4881549975834787,13.102458000503248,13.675617061380763
1372,16552.99293119914,16552.993055047,16552.993055047,16552.993776916,16553.007270388,0,COMPLETED,True,burst_2,52,0.12384786168695427,0.7218689970613923,13.49347200084594,14.339188859594287
1373,16552.993234601294,16552.993509592,16552.993509592,16552.993932368,16553.007053965,1,COMPLETED,True,burst_2,53,0.27499070711201057,0.4227760000503622,13.12159699955373,13.819363706716103
1374,16553.003001647423,16553.003090764,16553.003090764,16553.00384494,16553.022992859,3,COMPLETED,True,burst_2,54,0.08911657641874626,0.7541760023741517,19.14791899980628,19.991211578599177
1375,16553.009947086866,16553.01003305,16553.01003305,16553.010388619,16553.023421053,2,COMPLETED,True,burst_2,55,0.08596313273301348,0.3555690018401947,13.032433998887427,13.473966133460635
1376,16553.02595514853,16553.026075118,16553.026075118,16553.026532355,16553.039842449,1,COMPLETED,True,burst_2,56,0.11996947068837471,0.45723700168309733,13.310094000189565,13.887300472561037
1377,16553.039203146396,16553.039286733,16553.039286733,16553.040167914,16553.059468734,0,COMPLETED,True,burst_2,57,0.08358660488738678,0.881181000295328,19.30082000035327,20.265587605535984
1378,16553.05111523972,16553.051219038,16553.051219038,16553.05218169,16553.070452659,3,COMPLETED,True,burst_2,58,0.10379828017903492,0.9626520004530903,18.27096900160541,19.337419282237533
1379,16553.065480843394,16553.065588503,16553.065588503,16553.06629759,16553.081268027,2,COMPLETED,True,burst_2,59,0.10765960541903041,0.7090870021784212,14.970436997828074,15.787183605425525
1380,16553.066733354917,16553.066827459,16553.066827459,16553.067300517,16553.081224283,1,COMPLETED,True,burst_2,60,0.09410408165422268,0.4730580003524665,13.92376600051648,14.490928082523169
1381,16553.067873217497,16553.068044312,16553.068044312,16553.068677088,16553.082927438,0,COMPLETED,True,burst_2,61,0.17109450345742516,0.6327759983832948,14.250350002839696,15.054220504680416
1382,16553.068505771673,16553.068645788,16553.068645788,16553.070685503,16553.08505613,3,COMPLETED,True,burst_2,62,0.14001632735016756,2.039715000137221,14.370626999152591,16.55035832663998
1383,16553.071153862642,16553.071313255,16553.071313255,16553.081393344,16553.095023624,1,COMPLETED,True,burst_2,63,0.15939235890982673,10.080088999529835,13.630279998324113,23.869761356763775
1384,16553.07823951667,16553.078443647,16553.078443647,16553.081434011,16553.095319526,2,COMPLETED,True,burst_2,64,0.20413032689248212,2.990364002471324,13.885514999856241,17.080009329220047
1385,16553.08295251671,16553.083143956,16553.083143956,16553.083758698,16553.0974547,0,COMPLETED,True,burst_2,65,0.19143928875564598,0.6147420026536565,13.696001999051077,14.50218329046038
1386,16553.093963888386,16553.094064967,16553.094064967,16553.094803183,16553.109013606,3,COMPLETED,True,burst_2,66,0.10107861453434452,0.7382160001725424,14.210422999894945,15.049717614601832
1387,16553.103557485636,16553.103685147,16553.103685147,16553.104148464,16553.117723813,1,COMPLETED,True,burst_2,67,0.12766136569553055,0.463316999230301,13.575348999438575,14.166327364364406
1388,16553.105121887114,16553.105265873,16553.105265873,16553.105607996,16553.119206876,2,COMPLETED,True,burst_2,68,0.14398588609765284,0.34212299942737445,13.598879999335622,14.08498888486065
1389,16553.10772525182,16553.107825047,16553.107825047,16553.108481174,16553.121800847,0,COMPLETED,True,burst_2,69,0.09979517926694825,0.6561270020029042,13.319672998477472,14.075595179747324
1390,16553.115951881937,16553.11604817,16553.11604817,16553.116636912,16553.130424121,3,COMPLETED,True,burst_2,70,0.09628806219552644,0.5887420011276845,13.787208998110145,14.472239061433356
1391,16553.1168789916,16553.116965683,16553.116965683,16553.118097082,16553.131693141,1,COMPLETED,True,burst_2,71,0.08669139788253233,1.1313989998598117,13.59605900142924,14.814149399171583
1392,16553.12026294169,16553.120350874,16553.120350874,16553.120788127,16553.134248953,2,COMPLETED,True,burst_2,72,0.0879323088156525,0.4372529983811546,13.460826001391979,13.986011308588786
1393,16553.130505858815,16553.130609803,16553.130609803,16553.131209468,16553.144779037,0,COMPLETED,True,burst_2,73,0.10394418495707214,0.5996649997541681,13.56956900053774,14.27317818524898
1394,16553.136229697535,16553.136317083,16553.136317083,16553.13675708,16553.149736579,3,COMPLETED,True,burst_2,74,0.08738546603126451,0.43999699846608564,12.979498998902272,13.506881463399623
1395,16553.150241575262,16553.150341537,16553.150341537,16553.150976075,16553.164268526,1,COMPLETED,True,burst_2,75,0.09996173685067333,0.6345380024868064,13.292450999870198,14.026950739207678
1396,16553.160599630864,16553.160706945,16553.160706945,16553.161490233,16553.174889784,2,COMPLETED,True,burst_2,76,0.10731413567555137,0.7832880000933073,13.399551000475185,14.290153136244044
1397,16553.16187826076,16553.16198806,16553.16198806,16553.162477711,16553.18006012,0,COMPLETED,True,burst_2,77,0.10979924263665453,0.48965099995257333,17.58240900016972,18.181859242758946
1398,16553.16586230384,16553.166051693,16553.166051693,16553.166648729,16553.184060148,3,COMPLETED,True,burst_2,78,0.18938916036859155,0.597035999817308,17.411419001291506,18.197844161477406
1399,16553.17338122059,16553.173480507,16553.173480507,16553.174041353,16553.189563003,1,COMPLETED,True,burst_2,79,0.09928641156875528,0.5608459978247993,15.521650002483511,16.181782411877066
1400,16553.182053730397,16553.182151785,16553.182151785,16553.182692221,16553.195789363,2,COMPLETED,True,burst_2,80,0.09805460285861045,0.5404359981184825,13.097142000333406,13.735632601310499
1401,16553.189972591314,16553.19010179,16553.19010179,16553.190645858,16553.203989172,0,COMPLETED,True,burst_2,81,0.12919868822791614,0.5440679997263942,13.34331399993971,14.01658068789402
1402,16553.20979017714,16553.209894173,16553.209894173,16553.210401443,16553.223281206,3,COMPLETED,True,burst_2,82,0.10399585880804807,0.5072700005257502,12.87976299863658,13.491028857970377
1403,16553.215077111538,16553.215183003,16553.215183003,16553.215988491,16553.234828911,1,COMPLETED,True,burst_2,83,0.10589146404527128,0.8054879981500562,18.84042000165209,19.75179946384742
1404,16553.228511563364,16553.228635452,16553.228635452,16553.229361513,16553.244762912,2,COMPLETED,True,burst_2,84,0.12388863615342416,0.7260610000230372,15.401398999529192,16.251348635705654
1405,16553.243618014203,16553.243776709,16553.243776709,16553.244456408,16553.257466809,0,COMPLETED,True,burst_2,85,0.15869479830143973,0.6796989982831292,13.010400998609839,13.848794795194408
1406,16553.249798930756,16553.249991849,16553.249991849,16553.25071545,16553.264226251,3,COMPLETED,True,burst_2,86,0.19291824355605058,0.7236010023916606,13.51080099993851,14.427320245886222
1407,16553.254072783675,16553.254321743,16553.254321743,16553.255054577,16553.268522734,1,COMPLETED,True,burst_2,87,0.24895932438084856,0.7328339997911826,13.468157001625514,14.449950325797545
1408,16553.26090030125,16553.261058871,16553.261058871,16553.261892062,16553.282153736,2,COMPLETED,True,burst_2,88,0.15856975005590357,0.8331909994012676,20.261673998902552,21.253434748359723
1409,16553.267688215103,16553.267764817,16553.267764817,16553.26813867,16553.282299585,0,COMPLETED,True,burst_2,89,0.0766018965805415,0.3738529994734563,14.160915001411922,14.61136989746592
1410,16553.26919859799,16553.269342447,16553.269342447,16553.270216051,16553.29195742,3,COMPLETED,True,burst_2,90,0.14384901078301482,0.8736039999348577,21.741368997027166,22.75882200774504
1411,16553.270972557173,16553.271094388,16553.271094388,16553.271491599,16553.285520461,1,COMPLETED,True,burst_2,91,0.12183082799310796,0.39721099892631173,14.028861998667708,14.547903825587127
1412,16553.27137712165,16553.271487134,16553.271487134,16553.2826677,16553.302925635,2,COMPLETED,True,burst_2,92,0.11001234815921634,11.180566001712577,20.257934997061966,31.54851334693376
1413,16553.272210013212,16553.272301069,16553.272301069,16553.282641875,16553.295954795,0,COMPLETED,True,burst_2,93,0.09105578646995127,10.340806002204772,13.312920000316808,23.74478178899153
1414,16553.28528026363,16553.28539336,16553.28539336,16553.285915726,16553.299618442,1,COMPLETED,True,burst_2,94,0.1130963719333522,0.5223659973125905,13.702716001716908,14.33817837096285
1415,16553.29068850534,16553.290807092,16553.290807092,16553.292180997,16553.308873601,3,COMPLETED,True,burst_2,95,0.11858665675390512,1.3739050009462517,16.692604000127176,18.185095657827333
1416,16553.296122185606,16553.296222194,16553.296222194,16553.296817456,16553.310028493,0,COMPLETED,True,burst_2,96,0.10000839392887428,0.5952620012976695,13.211036999564385,13.906307394790929
1417,16553.29730368041,16553.297413829,16553.297413829,16553.299968494,16553.313560838,1,COMPLETED,True,burst_2,97,0.11014859046554193,2.554664999479428,13.592343999334844,16.257157589279814
1418,16553.305636378722,16553.305761166,16553.305761166,16553.306239441,16553.319860341,2,COMPLETED,True,burst_2,98,0.12478727876441553,0.47827500020503066,13.620899997476954,14.2239622764464
1419,16553.307712910468,16553.307858423,16553.307858423,16553.309215183,16553.323025898,3,COMPLETED,True,burst_2,99,0.1455125311622396,1.3567599999078084,13.81071500145481,15.312987532524858
1420,16553.309397798355,16553.309531136,16553.309531136,16553.310184046,16553.32358095,0,COMPLETED,True,burst_2,100,0.13333764582057483,0.6529099991894327,13.396903999819187,14.183151644829195
1421,16553.32358948783,16553.323688755,16553.323688755,16553.324132301,16553.337981272,1,COMPLETED,True,burst_2,101,0.09926717029884458,0.4435459995875135,13.84897100069793,14.391784170584287
1422,16553.326299246637,16553.326387093,16553.326387093,16553.326749921,16553.340365634,2,COMPLETED,True,burst_2,102,0.08784636156633496,0.36282800283515826,13.615713000035612,14.066387364437105
1423,16553.326329086536,16553.32646784,16553.32646784,16553.326876803,16553.341804322,3,COMPLETED,True,burst_2,103,0.1387534648529254,0.40896299833548255,14.927519001503242,15.47523546469165
1424,16553.32652940671,16553.326681069,16553.326681069,16553.326899691,16553.340389752,0,COMPLETED,True,burst_2,104,0.15166229059104808,0.21862200082978234,13.490060999174602,13.860345290595433
1425,16553.32926107802,16553.329351154,16553.329351154,16553.338346635,16553.352377577,1,COMPLETED,True,burst_2,105,0.09007598055177368,8.995480999146821,14.030942002136726,23.11649898183532
1426,16553.331877224184,16553.331959181,16553.331959181,16553.340768769,16553.354227342,2,COMPLETED,True,burst_2,106,0.08195681584766135,8.809588001895463,13.458572997478768,22.350117815221893
1427,16553.37860481317,16553.37869943,16553.37869943,16553.379180443,16553.395127304,0,COMPLETED,True,baseline_3,107,0.09461682930123061,0.4810130012629088,15.946860999974888,16.522490830539027
1428,16553.39065294868,16553.390800268,16553.390800268,16553.39125138,16553.405245672,3,COMPLETED,True,baseline_3,108,0.14731931878486648,0.4511119987000711,13.994291999551933,14.59272331703687
1429,16553.40346338038,16553.403630842,16553.403630842,16553.404168583,16553.421928237,1,COMPLETED,True,baseline_3,109,0.16746162145864218,0.537741001608083,17.75965399792767,18.464856620994397
1430,16553.45598660245,16553.456150515,16553.456150515,16553.457025193,16553.471504279,2,COMPLETED,True,baseline_3,110,0.163912551215617,0.8746780004003085,14.479085999482777,15.517676551098702
1431,16553.514002089323,16553.514092218,16553.514092218,16553.515093419,16553.534948504,0,COMPLETED,True,baseline_3,111,0.0901286766747944,1.0012009988713544,19.855085000017425,20.946414675563574
1432,16553.525836715606,16553.525969422,16553.525969422,16553.526821036,16553.546341242,3,COMPLETED,True,baseline_3,112,0.1327063946519047,0.8516140005667694,19.520205998560414,20.504526393779088
1433,16553.532159342918,16553.532348418,16553.532348418,16553.533312011,16553.551891462,1,COMPLETED,True,baseline_3,113,0.1890750827442389,0.9635930000513326,18.579450999823166,19.732119082618738
1434,16553.55353965498,16553.553682118,16553.553682118,16553.554426117,16553.574492481,2,COMPLETED,True,baseline_3,114,0.14246302089304663,0.7439990004058927,20.066363998921588,20.952826020220527
1435,16553.558000733872,16553.558095873,16553.558095873,16553.558690509,16553.571915575,0,COMPLETED,True,baseline_3,115,0.09513912664260715,0.594635999732418,13.225066002632957,13.914841129007982
1436,16553.576481628683,16553.576594351,16553.576594351,16553.57721115,16553.590448441,3,COMPLETED,True,baseline_3,116,0.11272231859038584,0.6167989995446987,13.23729099749471,13.966812315629795
1437,16553.585272670603,16553.585327129,16553.585327129,16553.586017392,16553.603798318,1,COMPLETED,True,baseline_3,117,0.05445839633466676,0.690263001160929,17.780925998522434,18.52564739601803
1438,16553.610811821025,16553.610987873,16553.610987873,16553.612137974,16553.631600694,0,COMPLETED,True,baseline_3,118,0.17605197353987023,1.1501010012580082,19.46271999986493,20.78887297466281
1439,16553.68906660398,16553.689204332,16553.689204332,16553.690207597,16553.710268064,2,COMPLETED,True,baseline_3,119,0.13772802049061283,1.0032649988716003,20.06046699898434,21.201460018346552
1440,16553.734314661422,16553.734463456,16553.734463456,16553.735497226,16553.763395977,3,COMPLETED,True,baseline_3,0,0.14879457739880309,1.0337700005038641,27.89875099915662,29.081315577059286
1441,16553.788557332282,16553.78870565,16553.78870565,16553.789496913,16553.808570721,1,COMPLETED,True,baseline_3,1,0.14831771841272712,0.7912629989732523,19.073808001849102,20.01338871923508
1442,16553.800017954203,16553.80016762,16553.80016762,16553.800913545,16553.818316194,0,COMPLETED,True,baseline_3,2,0.1496657969255466,0.7459250009560492,17.402648998540826,18.298239796422422
1443,16553.80835483663,16553.808521799,16553.808521799,16553.80948848,16553.828515309,2,COMPLETED,True,baseline_3,3,0.16696237071300857,0.9666810001363046,19.02682899890351,20.160472369752824
1444,16553.837916759476,16553.838004302,16553.838004302,16553.838768243,16553.857978019,3,COMPLETED,True,baseline_3,4,0.08754252485232428,0.7639409996045288,19.209776000934653,20.061259525391506
1445,16553.83798788656,16553.838061125,16553.838061125,16553.83882709,16553.852604046,1,COMPLETED,True,baseline_3,5,0.07323843965423293,0.7659650000277907,13.776955998764606,14.61615943844663
1446,16553.855636750246,16553.855728973,16553.855728973,16553.856496168,16553.87373481,0,COMPLETED,True,baseline_3,6,0.09222275548381731,0.7671949970244896,17.2386420017574,18.098059754265705
1447,16553.916182883182,16553.916342311,16553.916342311,16553.916840308,16553.929710383,2,COMPLETED,True,baseline_3,7,0.15942781828925945,0.49799699991126545,12.870074999227654,13.527499817428179
1448,16553.9351641615,16553.935325132,16553.935325132,16553.936121064,16553.954467156,1,COMPLETED,True,baseline_3,8,0.16097049956442788,0.7959320028021466,18.346091997955227,19.3029945003218
1449,16553.93526833384,16553.93544829,16553.93544829,16553.936138591,16553.950962892,3,COMPLETED,True,baseline_3,9,0.17995616144617088,0.690300999849569,14.824300997133832,15.694558158429572
1450,16553.965762875767,16553.966011763,16553.966011763,16553.967003303,16553.987015208,0,COMPLETED,True,baseline_3,10,0.24888723419280723,0.9915400005411357,20.01190499868244,21.252332233416382
1451,16553.988881367786,16553.989053668,16553.989053668,16553.990017981,16554.018482924,2,COMPLETED,True,baseline_3,11,0.17230021330760792,0.9643129997130018,28.46494299956248,29.60155621258309
1452,16554.001901807434,16554.002152689,16554.002152689,16554.00279096,16554.021530789,3,COMPLETED,True,baseline_3,12,0.2508815668988973,0.6382709980243817,18.739828999969177,19.628981564892456
1453,16554.016728599712,16554.016890642,16554.016890642,16554.017759308,16554.037131577,1,COMPLETED,True,baseline_3,13,0.16204228813876398,0.8686660003149882,19.372268998267828,20.40297728672158
1454,16554.032097367704,16554.032258903,16554.032258903,16554.032928872,16554.045789079,0,COMPLETED,True,baseline_3,14,0.16153529577422887,0.6699689984088764,12.860206999903312,13.691711294086417
1455,16554.14934654022,16554.149625804,16554.149625804,16554.150752663,16554.171564519,2,COMPLETED,True,baseline_3,15,0.2792637787933927,1.1268590023973957,20.81185600036406,22.217978781554848
1456,16554.159471206793,16554.159841611,16554.159841611,16554.160874114,16554.180836024,3,COMPLETED,True,baseline_3,16,0.37040420647826977,1.0325030016247183,19.961909998528427,21.364817206631415
1457,16554.170051656412,16554.170220643,16554.170220643,16554.171125559,16554.19188083,1,COMPLETED,True,baseline_3,17,0.1689865894149989,0.9049159998539835,20.755270998051856,21.829173587320838
1458,16554.177572307784,16554.177761434,16554.177761434,16554.178853781,16554.201027484,0,COMPLETED,True,baseline_3,18,0.18912621453637257,1.092346999939764,22.17370300058974,23.455176215065876
1459,16554.18877662463,16554.189046071,16554.189046071,16554.189953157,16554.204688981,2,COMPLETED,True,baseline_3,19,0.2694463692023419,0.9070860032807104,14.735823999217246,15.912356371700298
1460,16554.225410026553,16554.225621843,16554.225621843,16554.226476098,16554.242713331,3,COMPLETED,True,baseline_3,20,0.2118164484272711,0.8542549985577352,16.23723300144775,17.303304448432755
1461,16554.290536838656,16554.290653902,16554.290653902,16554.291415303,16554.309488421,1,COMPLETED,True,baseline_3,21,0.11706334407790564,0.7614009991812054,18.07311800075695,18.95158234401606
1462,16554.311598243745,16554.311748108,16554.311748108,16554.312499511,16554.329086419,0,COMPLETED,True,baseline_3,22,0.14986425594543107,0.7514030003221706,16.586907997407252,17.488175253674854
1463,16554.312535317466,16554.31266703,16554.31266703,16554.313283795,16554.333771986,2,COMPLETED,True,baseline_3,23,0.13171253522159532,0.6167649989947677,20.48819099945831,21.236668533674674
1464,16554.31584522768,16554.316117937,16554.316117937,16554.31677544,16554.33606155,3,COMPLETED,True,baseline_3,24,0.27270931968814693,0.6575029983650893,19.28611000039382,20.216322318447055
1465,16554.32466031967,16554.324858292,16554.324858292,16554.325595494,16554.343062886,1,COMPLETED,True,baseline_3,25,0.1979723274416756,0.737202000891557,17.467392000980908,18.40256632931414
1466,16554.380027363215,16554.380142595,16554.380142595,16554.380906035,16554.393993357,0,COMPLETED,True,baseline_3,26,0.11523178545758128,0.7634399989910889,13.087322000501445,13.965993784950115
1467,16554.39718483746,16554.397298177,16554.397298177,16554.398015661,16554.410662911,2,COMPLETED,True,baseline_3,27,0.11333953807479702,0.71748400296201,12.647249997826293,13.4780735388631
1468,16554.425325508488,16554.425482947,16554.425482947,16554.42614518,16554.442567433,3,COMPLETED,True,baseline_3,28,0.1574385132698808,0.6622330001846422,16.422253000200726,17.24192451365525
1469,16554.42577015715,16554.425944042,16554.425944042,16554.42654214,16554.446031512,1,COMPLETED,True,baseline_3,29,0.17388484775437973,0.5980980022286531,19.48937199995271,20.261354849935742
1470,16554.451289034583,16554.451429068,16554.451429068,16554.452246171,16554.471893834,0,COMPLETED,True,baseline_3,30,0.14003341857460327,0.8171029985533096,19.647663000796456,20.60479941792437
1471,16554.46898251282,16554.469121148,16554.469121148,16554.470011843,16554.490657874,2,COMPLETED,True,baseline_3,31,0.1386351796099916,0.8906950024538673,20.646031000069343,21.6753611821332
1472,16554.496645771967,16554.496748833,16554.496748833,16554.497180081,16554.510512278,3,COMPLETED,True,baseline_3,32,0.10306103285984136,0.43124800140503794,13.33219699881738,13.86650603308226
1473,16554.55228711822,16554.552418369,16554.552418369,16554.55338556,16554.571962277,1,COMPLETED,True,baseline_3,33,0.1312507811235264,0.9671910011093132,18.576717000541976,19.675158782774815
1474,16554.564992267733,16554.565079748,16554.565079748,16554.565525128,16554.578670655,0,COMPLETED,True,baseline_3,34,0.08748026812099852,0.4453799992916174,13.145526998414425,13.678387265827041
1475,16554.5973918118,16554.597604935,16554.597604935,16554.598421285,16554.618554341,2,COMPLETED,True,baseline_3,35,0.21312319950084202,0.8163500024238601,20.133055997575866,21.162529199500568
1476,16554.603557802893,16554.603685999,16554.603685999,16554.604315606,16554.621730023,3,COMPLETED,True,baseline_3,36,0.12819610856240615,0.6296069987001829,17.41441699778079,18.17222010504338
1477,16554.606151251926,16554.60631703,16554.60631703,16554.60713484,16554.626081546,1,COMPLETED,True,baseline_3,37,0.16577807400608435,0.817809999716701,18.946706000861013,19.9302940745838
1478,16554.64818558504,16554.648335974,16554.648335974,16554.64924075,16554.668317846,0,COMPLETED,True,baseline_3,38,0.1503889616287779,0.9047759995155502,19.077095999818994,20.132260960963322
1479,16554.661462940174,16554.66162035,16554.66162035,16554.662281713,16554.680320358,2,COMPLETED,True,baseline_3,39,0.15740982780698687,0.661362999380799,18.03864499743213,18.857417824619915
1480,16554.668067165756,16554.668232595,16554.668232595,16554.668839271,16554.68712154,3,COMPLETED,True,baseline_3,40,0.16542924277018756,0.6066759997338522,18.282269000337692,19.05437424284173
1481,16554.69136242645,16554.691479254,16554.691479254,16554.692177736,16554.711616404,1,COMPLETED,True,baseline_3,41,0.1168275521195028,0.6984819992794655,19.43866800138494,20.25397755278391
1482,16554.759815949823,16554.760042061,16554.760042061,16554.760584338,16554.777422903,0,COMPLETED,True,baseline_3,42,0.2261111767438706,0.5422770009317901,16.83856499948888,17.60695317716454
1483,16554.827260949394,16554.827364956,16554.827364956,16554.828193677,16554.840925887,2,COMPLETED,True,baseline_3,43,0.10400660539744422,0.8287210002890788,12.732210001558997,13.66493760724552
1484,16554.84062260786,16554.840764192,16554.840764192,16554.841960323,16554.861103523,3,COMPLETED,True,baseline_3,44,0.14158413978293538,1.196131001051981,19.14319999923464,20.480915140069555
1485,16554.875896648377,16554.876056152,16554.876056152,16554.876748137,16554.892576111,1,COMPLETED,True,baseline_3,45,0.15950362285366282,0.6919850020494778,15.827973998966627,16.679462623869767
1486,16554.885764727765,16554.885909363,16554.885909363,16554.886668467,16554.903328016,0,COMPLETED,True,baseline_3,46,0.14463523621088825,0.7591039975523017,16.659549000905827,17.563288234669017
1487,16554.90308128138,16554.90322014,16554.90322014,16554.903939804,16554.922339619,2,COMPLETED,True,baseline_3,47,0.13885862063034438,0.71966399991652,18.399814998701913,19.258337619248778
1488,16554.91756888293,16554.917655463,16554.917655463,16554.918318516,16554.936292929,3,COMPLETED,True,baseline_3,48,0.08658006845507771,0.6630530006077606,17.974413000047207,18.724046069110045
1489,16554.946602936365,16554.94674035,16554.94674035,16554.947429121,16554.966189133,1,COMPLETED,True,baseline_3,49,0.13741363363806158,0.6887710005685221,18.760012000711868,19.58619663491845
1490,16554.956584152686,16554.95671003,16554.95671003,16554.957110813,16554.97020384,0,COMPLETED,True,baseline_3,50,0.125877315440448,0.40078299934975803,13.093026998831192,13.619687313621398
1491,16555.050185503653,16555.050443698,16555.050443698,16555.051400906,16555.071486976,2,COMPLETED,True,baseline_3,51,0.2581943481345661,0.9572079979989212,20.086070002435008,21.301472348568495
1492,16555.063379158713,16555.063575474,16555.063575474,16555.064614472,16555.085013141,3,COMPLETED,True,baseline_3,52,0.19631528630270623,1.038998001604341,20.398668999405345,21.633982287312392
1493,16555.07290838772,16555.073047853,16555.073047853,16555.073966844,16555.093728814,1,COMPLETED,True,baseline_3,53,0.13946527906227857,0.9189910015265923,19.761970001127338,20.82042628171621
1494,16555.11218586146,16555.112361238,16555.112361238,16555.113128581,16555.13035186,0,COMPLETED,True,baseline_3,54,0.17537653911858797,0.7673430009162985,17.22327899915399,18.165998539188877
1495,16555.114888465,16555.11501675,16555.11501675,16555.115823593,16555.136236396,2,COMPLETED,True,baseline_3,55,0.12828500257455744,0.8068429997365456,20.41280299818027,21.34793100049137
1496,16555.119595743505,16555.11975681,16555.11975681,16555.120662235,16555.139693583,3,COMPLETED,True,baseline_3,56,0.1610664949112106,0.9054250003828201,19.03134800159023,20.097839496884262
1497,16555.123051490693,16555.123223881,16555.123223881,16555.12389763,16555.137771143,1,COMPLETED,True,baseline_3,57,0.17239030785276555,0.6737490002706181,13.873512998543447,14.71965230666683
1498,16555.125336282752,16555.125560247,16555.125560247,16555.130530745,16555.144302654,0,COMPLETED,True,baseline_3,58,0.22396424901671708,4.970497997419443,13.771909001661697,18.966371248097857
1499,16555.161594233756,16555.161843267,16555.161843267,16555.162612135,16555.175488267,2,COMPLETED,True,baseline_3,59,0.24903324447222985,0.7688679979764856,12.876132001110818,13.894033243559534
1500,16555.18586233107,16555.186014741,16555.186014741,16555.187112118,16555.206522088,1,COMPLETED,True,baseline_3,60,0.1524099316156935,1.097377000405686,19.409969998378074,20.659756930399453
1501,16555.197393770093,16555.197525205,16555.197525205,16555.198241119,16555.211505421,3,COMPLETED,True,baseline_3,61,0.13143490650691092,0.7159140004660003,13.264302000607131,14.111650907580042
1502,16555.2027525633,16555.202880612,16555.202880612,16555.203831276,16555.223222382,0,COMPLETED,True,baseline_3,62,0.1280487012991216,0.9506640017207246,19.391105997783598,20.469818700803444
1503,16555.228660388708,16555.228744622,16555.228744622,16555.229421063,16555.243480595,2,COMPLETED,True,baseline_3,63,0.0842332920001354,0.6764409990864806,14.059532000828767,14.820206291915383
1504,16555.26614760987,16555.266333921,16555.266333921,16555.267095386,16555.280199338,1,COMPLETED,True,baseline_3,64,0.18631113198352978,0.7614649985043798,13.103952001983998,14.051728132471908
1505,16555.336869117953,16555.337013466,16555.337013466,16555.338022217,16555.356973358,3,COMPLETED,True,baseline_3,65,0.14434804688789882,1.0087510017910972,18.9511409989791,20.104240047658095
1506,16555.36343866556,16555.363689111,16555.363689111,16555.364663341,16555.387986471,0,COMPLETED,True,baseline_3,66,0.2504454387235455,0.9742299989738967,23.323130000790115,24.547805438487558
1507,16555.393253117072,16555.393396921,16555.393396921,16555.39437491,16555.413680185,2,COMPLETED,True,baseline_3,67,0.14380392894963734,0.9779889987839852,19.305275000078836,20.42706792781246
1508,16555.411103709,16555.411187241,16555.411187241,16555.411768906,16555.429690674,1,COMPLETED,True,baseline_3,68,0.08353199882549234,0.5816650009364821,17.92176799790468,18.586964997666655
1509,16555.417560509766,16555.417730804,16555.417730804,16555.418627558,16555.432291872,3,COMPLETED,True,baseline_3,69,0.17029423543135636,0.8967539979494177,13.664313999470323,14.731362232851097
1510,16555.42302969933,16555.423176567,16555.423176567,16555.424067215,16555.441973706,0,COMPLETED,True,baseline_3,70,0.14686767099192366,0.8906479997676797,17.90649100075825,18.944006671517855
1511,16555.44587240416,16555.446014969,16555.446014969,16555.44670449,16555.461971225,2,COMPLETED,True,baseline_3,71,0.1425648370059207,0.6895210026414134,15.266734997567255,16.09882083721459
1512,16555.485999043878,16555.486100296,16555.486100296,16555.486566717,16555.500317139,1,COMPLETED,True,baseline_3,72,0.10125212065759115,0.4664210027840454,13.750422000157414,14.31809512359905
1513,16555.502348027043,16555.502492829,16555.502492829,16555.503065334,16555.516938493,3,COMPLETED,True,baseline_3,73,0.14480195750365965,0.5725049995817244,13.873159001377644,14.590465958463028
1514,16555.50275341895,16555.502884442,16555.502884442,16555.50343834,16555.522312531,0,COMPLETED,True,baseline_3,74,0.13102305092616007,0.5538980003620964,18.874190998758422,19.55911205004668
1515,16555.507856483557,16555.507989566,16555.507989566,16555.508704184,16555.522707904,2,COMPLETED,True,baseline_3,75,0.13308244160725735,0.7146180032577831,14.003719999891473,14.851420444756513
1516,16555.563537740938,16555.56364708,16555.56364708,16555.564190031,16555.579795301,1,COMPLETED,True,baseline_3,76,0.10933906014543027,0.5429510019894224,15.605270000378368,16.25756006251322
1517,16555.576838837893,16555.576936631,16555.576936631,16555.577486845,16555.595535968,3,COMPLETED,True,baseline_3,77,0.0977931085799355,0.5502139974851161,18.04912300212891,18.69713010819396
1518,16555.672187021908,16555.672354108,16555.672354108,16555.673375862,16555.693877801,0,COMPLETED,True,baseline_3,78,0.16708609109628014,1.0217540002486203,20.501939001405844,21.690779092750745
1519,16555.6785596497,16555.67881106,16555.67881106,16555.679804298,16555.699630919,2,COMPLETED,True,baseline_3,79,0.2514102998247836,0.9932380016834941,19.82662099908339,21.071269300591666
1520,16555.681012238863,16555.681117892,16555.681117892,16555.681948563,16555.701752747,1,COMPLETED,True,baseline_3,80,0.10565313641563989,0.8306710005854256,19.804184001259273,20.74050813826034
1521,16555.694216499232,16555.694659618,16555.694659618,16555.695519186,16555.714932599,3,COMPLETED,True,baseline_3,81,0.4431187662703451,0.8595680010330398,19.413412999711,20.716099767014384
1522,16555.714901418192,16555.714994141,16555.714994141,16555.715596078,16555.728756798,0,COMPLETED,True,baseline_3,82,0.09272280658478849,0.6019370011927094,13.160719998268178,13.855379806045676
1523,16555.73060477138,16555.730746365,16555.730746365,16555.731623577,16555.745172818,2,COMPLETED,True,baseline_3,83,0.14159362035570666,0.877212001796579,13.549240997235756,14.568046619388042
1524,16555.748389411987,16555.748625294,16555.748625294,16555.74938207,16555.762754095,1,COMPLETED,True,baseline_3,84,0.23588201293023303,0.7567760003439616,13.372025001444854,14.364683014719049
1525,16555.7552708883,16555.755354834,16555.755354834,16555.75604315,16555.769442319,3,COMPLETED,True,baseline_3,85,0.08394569886149839,0.6883159985591192,13.399169001786504,14.171430699207122
1526,16555.760376694252,16555.760596792,16555.760596792,16555.761400334,16555.775155218,0,COMPLETED,True,baseline_3,86,0.2200977469328791,0.8035419996303972,13.754884002992185,14.778523749555461
1527,16555.7867185371,16555.78701813,16555.78701813,16555.787559589,16555.800691434,2,COMPLETED,True,baseline_3,87,0.2995928989548702,0.5414590013970155,13.131845000316389,13.972896900668275
1528,16555.803799570418,16555.803967772,16555.803967772,16555.804464494,16555.817825155,1,COMPLETED,True,baseline_3,88,0.16820158271002583,0.496721997478744,13.360661003389396,14.025584583578166
1529,16555.807694607345,16555.80779937,16555.80779937,16555.808176857,16555.822199886,3,COMPLETED,True,baseline_3,89,0.10476265379111283,0.37748700196971186,14.023028998053633,14.505278653814457
1530,16555.858095545304,16555.858270934,16555.858270934,16555.858882784,16555.872715449,0,COMPLETED,True,baseline_3,90,0.17538869724376127,0.6118499986769166,13.832665001245914,14.619903697166592
1531,16555.860835113166,16555.86099882,16555.86099882,16555.861544339,16555.879004686,2,COMPLETED,True,baseline_3,91,0.16370683442801237,0.5455190002976451,17.460347000451293,18.16957283517695
1532,16555.86527034964,16555.865422312,16555.865422312,16555.865839915,16555.883654543,1,COMPLETED,True,baseline_3,92,0.15196235835901462,0.4176030015514698,17.81462799772271,18.384193357633194
1533,16555.86976644925,16555.869852508,16555.869852508,16555.870499831,16555.88857557,3,COMPLETED,True,baseline_3,93,0.08605874973000027,0.6473229987022933,18.075739000778412,18.809120749210706
1534,16555.89091008778,16555.891063548,16555.891063548,16555.891650026,16555.908996315,0,COMPLETED,True,baseline_3,94,0.15346021973527968,0.58647799960454,17.346289001579862,18.08622722091968
1535,16555.936805518904,16555.936899175,16555.936899175,16555.937432248,16555.954938321,2,COMPLETED,True,baseline_3,95,0.0936560973059386,0.5330729982233606,17.50607299982221,18.132802095351508
1536,16555.945486586315,16555.945600712,16555.945600712,16555.946133911,16555.964186583,1,COMPLETED,True,baseline_3,96,0.1141256834671367,0.5331989996193442,18.052672003250336,18.699996686336817
1537,16555.98672993964,16555.986831163,16555.986831163,16555.987431049,16556.006834575,3,COMPLETED,True,baseline_3,97,0.10122336243512109,0.5998859996907413,19.403525999223348,20.10463536134921
1538,16556.034914183605,16556.035008946,16556.035008946,16556.03562242,16556.056156574,0,COMPLETED,True,baseline_3,98,0.09476239574723877,0.6134739996923599,20.534153998596594,21.242390394036192
1539,16556.049122230066,16556.049292399,16556.049292399,16556.050038235,16556.065069227,2,COMPLETED,True,baseline_3,99,0.1701689325273037,0.7458360014425125,15.030991999083199,15.946996933053015
1540,16556.0723225217,16556.072482425,16556.072482425,16556.073326293,16556.093064844,1,COMPLETED,True,baseline_3,100,0.15990329848136753,0.8438680015387945,19.738551000045845,20.742322300066007
1541,16556.141614122163,16556.141777535,16556.141777535,16556.14230268,16556.160233646,3,COMPLETED,True,baseline_3,101,0.16341283480869606,0.5251450020296033,17.93096599794808,18.619523834786378
1542,16556.153317278455,16556.153450085,16556.153450085,16556.154036531,16556.172274621,0,COMPLETED,True,baseline_3,102,0.13280654457048513,0.5864459999429528,18.23809000052279,18.957342545036227
1543,16556.19021178037,16556.190372486,16556.190372486,16556.191134319,16556.209932183,2,COMPLETED,True,baseline_3,103,0.16070562924141996,0.7618330018885899,18.79786399877048,19.72040262990049
1544,16556.206145739223,16556.206279898,16556.206279898,16556.207005104,16556.223106783,1,COMPLETED,True,baseline_3,104,0.1341587776551023,0.7252059986058157,16.101679000712465,16.961043776973384
1545,16556.21110532625,16556.211234443,16556.211234443,16556.212090657,16556.229457602,3,COMPLETED,True,baseline_3,105,0.129116750031244,0.8562140028516296,17.366944997775136,18.35227575065801
1546,16556.220436627995,16556.220659011,16556.220659011,16556.221569943,16556.241130548,0,COMPLETED,True,baseline_3,106,0.22238300516619347,0.9109320017159916,19.560604996513575,20.69392000339576
1547,16556.30316654674,16556.303252253,16556.303252253,16556.304284938,16556.324133816,2,COMPLETED,True,baseline_3,107,0.08570626232540235,1.0326849987905007,19.848878000630066,20.96726926174597
1548,16556.304597574734,16556.304682184,16556.304682184,16556.305149725,16556.32332882,1,COMPLETED,True,baseline_3,108,0.08460926619591191,0.4675410018535331,18.179094997321954,18.7312452653714
1549,16556.308924308374,16556.309010797,16556.309010797,16556.309618965,16556.32848775,3,COMPLETED,True,baseline_3,109,0.08648862421978265,0.6081680003262591,18.86878500226885,19.563441626814893
1550,16556.310455015333,16556.310643413,16556.310643413,16556.311623205,16556.33126838,0,COMPLETED,True,baseline_3,110,0.18839766562450677,0.9797920029086526,19.645174998004222,20.81336466653738
1551,16556.316672123492,16556.316774975,16556.316774975,16556.323490382,16556.337759182,1,COMPLETED,True,baseline_3,111,0.10285150710842572,6.7154070020478684,14.268799997807946,21.08705850696424
1552,16556.370637598757,16556.370729814,16556.370729814,16556.371673305,16556.390381026,2,COMPLETED,True,baseline_3,112,0.09221524305758066,0.9434909989067819,18.707721003011102,19.743427244975464
1553,16556.399825331355,16556.400145358,16556.400145358,16556.400744663,16556.41845181,3,COMPLETED,True,baseline_3,113,0.3200266437488608,0.5993049999233335,17.707147002511192,18.626478646183386
1554,16556.440945587892,16556.441104723,16556.441104723,16556.442120839,16556.463354326,0,COMPLETED,True,baseline_3,114,0.15913510651444085,1.016116002574563,21.233486997516593,22.408738106605597
1555,16556.517306748316,16556.517394671,16556.517394671,16556.518212103,16556.536581788,1,COMPLETED,True,baseline_3,115,0.08792268272372894,0.8174320028047077,18.369684999925084,19.27503968545352
1556,16556.541722734313,16556.541825499,16556.541825499,16556.542519401,16556.556060874,2,COMPLETED,True,baseline_3,116,0.10276468674419448,0.6939019986020867,13.541473002987914,14.338139688334195
1557,16556.56105956452,16556.561190034,16556.561190034,16556.561890193,16556.574744524,3,COMPLETED,True,baseline_3,117,0.13046948151895776,0.7001589983701706,12.854331002017716,13.684959481906844
1558,16556.599935802897,16556.600108893,16556.600108893,16556.600796176,16556.614581465,0,COMPLETED,True,baseline_3,118,0.1730901021801401,0.6872830017528031,13.78528900022502,14.645662104157964
1559,16556.65610354135,16556.656203795,16556.656203795,16556.656921377,16556.675272965,1,COMPLETED,True,baseline_3,119,0.10025364827015437,0.7175820028351154,18.351587998040486,19.169423649145756
1560,16556.730327947993,16556.730517278,16556.730517278,16556.731551773,16556.751966259,2,COMPLETED,True,baseline_3,0,0.18933000683318824,1.0344949987484142,20.414485999936005,21.638311005517608
1561,16556.731017526334,16556.731261625,16556.731261625,16556.731856671,16556.751621694,3,COMPLETED,True,baseline_3,1,0.244098664552439,0.5950459999439772,19.765023000218207,20.604167664714623
1562,16556.745165857814,16556.745261844,16556.745261844,16556.746231067,16556.765916247,0,COMPLETED,True,baseline_3,2,0.09598618635209277,0.9692230014479719,19.685179999214597,20.75038918701466
1563,16556.76315383217,16556.763413828,16556.763413828,16556.764498486,16556.78356819,1,COMPLETED,True,baseline_3,3,0.25999583158409223,1.0846580007637385,19.06970399795682,20.414357830304652
1564,16556.81313671798,16556.813183643,16556.813183643,16556.813908438,16556.826887679,3,COMPLETED,True,baseline_3,4,0.04692501897807233,0.7247950015880633,12.979240997083252,13.750961017649388
1565,16556.837790874342,16556.837876333,16556.837876333,16556.838495511,16556.851704831,2,COMPLETED,True,baseline_3,5,0.08545865784981288,0.6191780012159143,13.209319997258717,13.913956656324444
1566,16556.899155975658,16556.899256424,16556.899256424,16556.900357061,16556.920614154,0,COMPLETED,True,baseline_3,6,0.1004483419819735,1.1006370004906785,20.25709300141898,21.458178343891632
1567,16556.912431425102,16556.91257642,16556.91257642,16556.913395023,16556.930854603,1,COMPLETED,True,baseline_3,7,0.14499489770969376,0.8186029990611132,17.459580001741415,18.423177898512222
1568,16557.01759865548,16557.017871421,16557.017871421,16557.018796725,16557.037447883,3,COMPLETED,True,baseline_3,8,0.2727655228227377,0.925303997064475,18.651158003194723,19.849227523081936
1569,16557.039330891923,16557.039585521,16557.039585521,16557.040552548,16557.059285017,2,COMPLETED,True,baseline_3,9,0.2546290779719129,0.9670269973867107,18.73246900140657,19.954125076765195
1570,16557.05889424791,16557.059155345,16557.059155345,16557.060173988,16557.080729065,0,COMPLETED,True,baseline_3,10,0.26109708778676577,1.0186430008616298,20.555077000608435,21.83481708925683
1571,16557.06173230943,16557.061889441,16557.061889441,16557.062778357,16557.082613026,1,COMPLETED,True,baseline_3,11,0.15713156972196884,0.888916001713369,19.834668997646077,20.880716569081414
1572,16557.082039974044,16557.082145722,16557.082145722,16557.082798154,16557.101300882,3,COMPLETED,True,baseline_3,12,0.10574795669526793,0.6524319978780113,18.502728002204094,19.260907956777373
1573,16557.086560080228,16557.086697325,16557.086697325,16557.087548249,16557.101246787,1,COMPLETED,True,baseline_3,13,0.13724477321375161,0.8509239996783435,13.698537997697713,14.686706770589808
1574,16557.087265383005,16557.087410612,16557.087410612,16557.087986697,16557.101759803,0,COMPLETED,True,baseline_3,14,0.1452289943699725,0.5760849999205675,13.773106002190616,14.494419996481156
1575,16557.09881133951,16557.099151832,16557.099151832,16557.100386975,16557.120114695,2,COMPLETED,True,baseline_3,15,0.3404924900678452,1.235142997757066,19.727720002265414,21.303355490090325
1576,16557.133888720236,16557.1339832,16557.1339832,16557.134772648,16557.147832362,1,COMPLETED,True,baseline_3,16,0.09447976481169462,0.7894480004324578,13.059713997790823,13.943641763034975
1577,16557.14654303119,16557.146629306,16557.146629306,16557.147325393,16557.161725844,3,COMPLETED,True,baseline_3,17,0.08627480929135345,0.6960870014154352,14.40045099661802,15.182812807324808
1578,16557.165520370098,16557.165604243,16557.165604243,16557.1665052,16557.185478207,0,COMPLETED,True,baseline_3,18,0.08387290290556848,0.9009569985209964,18.973007001477527,19.95783690290409
1579,16557.174301977255,16557.174387075,16557.174387075,16557.175097455,16557.191908444,2,COMPLETED,True,baseline_3,19,0.08509774488629773,0.7103800016921014,16.810989000077825,17.606466746656224
1580,16557.213694749018,16557.213891608,16557.213891608,16557.214739797,16557.233578171,1,COMPLETED,True,baseline_3,20,0.19685898223542608,0.8481889999529812,18.838373998733005,19.883421980921412
1581,16557.25829312648,16557.258383855,16557.258383855,16557.259307194,16557.279088891,3,COMPLETED,True,baseline_3,21,0.09072852117242292,0.9233389973815065,19.781696999416454,20.795764517970383
1582,16557.265532407637,16557.265629936,16557.265629936,16557.266396383,16557.280329208,0,COMPLETED,True,baseline_3,22,0.09752836194820702,0.766446999477921,13.932825000665616,14.796800362091744
1583,16557.266256771858,16557.266409474,16557.266409474,16557.26716019,16557.286516079,2,COMPLETED,True,baseline_3,23,0.15270214134943672,0.7507160007662605,19.355888998688897,20.259307140804594
1584,16557.312606841566,16557.312767707,16557.312767707,16557.313700198,16557.332970455,1,COMPLETED,True,baseline_3,24,0.16086543473647907,0.9324909988208674,19.270257002062863,20.36361343562021
1585,16557.349147080855,16557.349231083,16557.349231083,16557.350058385,16557.364467329,3,COMPLETED,True,baseline_3,25,0.08400214574066922,0.8273019993794151,14.408944000024348,15.320248145144433
1586,16557.355683342477,16557.355728078,16557.355728078,16557.356513198,16557.374313675,0,COMPLETED,True,baseline_3,26,0.044735523260897025,0.7851199989090674,17.8004770023108,18.630332524480764
1587,16557.375977951586,16557.376097959,16557.376097959,16557.376988618,16557.394550552,2,COMPLETED,True,baseline_3,27,0.12000741480733268,0.8906590010155924,17.561933997058077,18.572600412881002
1588,16557.411656555418,16557.411742529,16557.411742529,16557.41255867,16557.427623756,1,COMPLETED,True,baseline_3,28,0.08597358100814745,0.8161410005413927,15.065086001413874,15.967200582963414
1589,16557.417591298756,16557.417671539,16557.417671539,16557.418286061,16557.431341092,3,COMPLETED,True,baseline_3,29,0.08024024282349274,0.6145220031612553,13.055030998657458,13.749793244642206
1590,16557.432322617777,16557.432484783,16557.432484783,16557.433150559,16557.445739094,0,COMPLETED,True,baseline_3,30,0.16216522271861322,0.6657760022790171,12.588534998940304,13.416476223937934
1591,16557.48525076228,16557.485347758,16557.485347758,16557.486133001,16557.500589258,2,COMPLETED,True,baseline_3,31,0.09699571819510311,0.7852429989725351,14.45625700216624,15.338495719333878
1592,16557.505848740242,16557.5059374,16557.5059374,16557.50660494,16557.519415984,1,COMPLETED,True,baseline_3,32,0.08865975905791856,0.667539999994915,12.811043998226523,13.567243757279357
1593,16557.511730495717,16557.511820357,16557.511820357,16557.51250367,16557.529717281,3,COMPLETED,True,baseline_3,33,0.08986128159449436,0.6833130028098822,17.213610997714568,17.986785282118944
1594,16557.536009672942,16557.536108494,16557.536108494,16557.543669254,16557.556653631,0,COMPLETED,True,baseline_3,34,0.09882105950964615,7.560759997431887,12.984377000975655,20.64395805791719
1595,16557.55122037536,16557.55139999,16557.55139999,16557.552066243,16557.56903911,2,COMPLETED,True,baseline_3,35,0.17961463890969753,0.6662529995082878,16.97286700073164,17.818734639149625
1596,16557.585686153903,16557.58593479,16557.58593479,16557.586536257,16557.602712718,1,COMPLETED,True,baseline_3,36,0.24863609723979607,0.6014669997966848,16.17646099839476,17.02656409543124
1597,16557.6039975369,16557.604154888,16557.604154888,16557.604621575,16557.618271613,3,COMPLETED,True,baseline_3,37,0.157351099915104,0.46668700088048354,13.650037999468623,14.27407610026421
1598,16557.649999732246,16557.650251676,16557.650251676,16557.651005599,16557.664077378,0,COMPLETED,True,baseline_3,38,0.25194375484716147,0.7539229991380125,13.07177899798262,14.077645751967793
1599,16557.65872804862,16557.658832149,16557.658832149,16557.659456277,16557.677956086,2,COMPLETED,True,baseline_3,39,0.10410038157715462,0.6241279988898896,18.499809000786627,19.22803738125367
1600,16557.688019563728,16557.688106248,16557.688106248,16557.689056367,16557.708706356,1,COMPLETED,True,baseline_3,40,0.08668427108204924,0.950118999753613,19.64998900075443,20.686792271590093
1601,16557.710321885414,16557.710438429,16557.710438429,16557.711360481,16557.727174002,3,COMPLETED,True,baseline_3,41,0.11654358604573645,0.9220520005328581,15.813521000382025,16.85211658696062
1602,16557.846847535773,16557.847015346,16557.847015346,16557.848289007,16557.867449289,0,COMPLETED,True,baseline_3,42,0.16781022713985294,1.2736610005958937,19.1602819977561,20.601753225491848
1603,16557.851706294776,16557.851832496,16557.851832496,16557.852668216,16557.87289826,2,COMPLETED,True,baseline_3,43,0.1262012228835374,0.8357200022146571,20.23004399961792,21.191965224716114
1604,16557.90401330545,16557.904151221,16557.904151221,16557.905175906,16557.923562376,1,COMPLETED,True,baseline_3,44,0.137915547384182,1.0246849997201934,18.386470001132693,19.54907054823707
1605,16557.93440224255,16557.93442363,16557.93442363,16557.935169303,16557.953095162,3,COMPLETED,True,baseline_3,45,0.021387448214227334,0.7456730018020608,17.925858999660704,18.692919449676992
1606,16557.941362540067,16557.941636007,16557.941636007,16557.942496288,16557.962817188,0,COMPLETED,True,baseline_3,46,0.2734669324127026,0.860281001223484,20.32089999920572,21.454647932841908
1607,16557.97356073251,16557.973690439,16557.973690439,16557.974464412,16557.992752339,2,COMPLETED,True,baseline_3,47,0.12970649186172523,0.7739729990134947,18.28792699961923,19.19160649049445
1608,16557.987035014867,16557.987196591,16557.987196591,16557.988106601,16558.006145782,1,COMPLETED,True,baseline_3,48,0.16157613208633848,0.9100099996430799,18.03918100267765,19.11076713440707
1609,16558.02428363046,16558.02436824,16558.02436824,16558.024961861,16558.03774879,3,COMPLETED,True,baseline_3,49,0.08460953904432245,0.5936210000072606,12.78692900086753,13.465159539919114
1610,16558.07895459933,16558.079111027,16558.079111027,16558.080299141,16558.10025991,0,COMPLETED,True,baseline_3,50,0.1564276717544999,1.1881139980687294,19.960769001045264,21.305310670868494
1611,16558.115678221307,16558.11586287,16558.11586287,16558.11662521,16558.136625528,2,COMPLETED,True,baseline_3,51,0.1846486920840107,0.7623400015290827,20.000317999802064,20.947306693415157
1612,16558.13033138247,16558.130501284,16558.130501284,16558.131456231,16558.150492275,1,COMPLETED,True,baseline_3,52,0.16990153017104603,0.9549470014462713,19.036043999221874,20.16089253083919
1613,16558.1725553035,16558.172701451,16558.172701451,16558.173565894,16558.193025358,3,COMPLETED,True,baseline_3,53,0.1461475003452506,0.8644430017739069,19.459463997918647,20.470054500037804
1614,16558.180387600845,16558.180533997,16558.180533997,16558.181056296,16558.199121464,0,COMPLETED,True,baseline_3,54,0.1463961561967153,0.5222990002948791,18.065167998429388,18.733863154920982
1615,16558.202128309076,16558.202304214,16558.202304214,16558.202711397,16558.215880142,2,COMPLETED,True,baseline_3,55,0.17590492279850878,0.4071830007887911,13.168745001166826,13.751832924754126
1616,16558.202545562315,16558.202680602,16558.202680602,16558.203196421,16558.221631055,1,COMPLETED,True,baseline_3,56,0.13503968511940911,0.5158189997018781,18.43463399927714,19.085492684098426
1617,16558.290642983808,16558.290736994,16558.290736994,16558.291218427,16558.304658122,3,COMPLETED,True,baseline_3,57,0.09401019269716926,0.4814329986402299,13.439695001579821,14.01513819291722
1618,16558.301492079692,16558.301593992,16558.301593992,16558.302419373,16558.315104301,0,COMPLETED,True,baseline_3,58,0.10191230830969289,0.8253810010501184,12.684927998634521,13.612221307994332
1619,16558.31627018741,16558.316359153,16558.316359153,16558.316860597,16558.330018723,2,COMPLETED,True,baseline_3,59,0.08896558938431554,0.5014439993829001,13.1581260029634,13.748535591730615
1620,16558.34736930745,16558.347561574,16558.347561574,16558.348232022,16558.364820297,1,COMPLETED,True,burst_3,60,0.1922665505844634,0.6704480001644697,16.588275000685826,17.45098955143476
1621,16558.351379863718,16558.351521044,16558.351521044,16558.3520601,16558.365829387,3,COMPLETED,True,burst_3,61,0.14118028047960252,0.5390559999796096,13.769287001196062,14.449523281655274
1622,16558.351891840204,16558.352038878,16558.352038878,16558.352863868,16558.371841963,0,COMPLETED,True,burst_3,62,0.1470377974328585,0.8249899983638898,18.97809499860159,19.95012279439834
1623,16558.367218006537,16558.36746789,16558.36746789,16558.368369158,16558.387764855,2,COMPLETED,True,burst_3,63,0.24988346194732003,0.9012680020532571,19.39569699970889,20.546848463709466
1624,16558.367408965165,16558.367599719,16558.367599719,16558.368369313,16558.383144093,1,COMPLETED,True,burst_3,64,0.19075383534072898,0.7695940003031865,14.774780000152532,15.735127835796447
1625,16558.412707203828,16558.412835838,16558.412835838,16558.413446553,16558.428320322,3,COMPLETED,True,burst_3,65,0.1286341721424833,0.6107150002208073,14.87376899967785,15.61311817204114
1626,16558.41727986447,16558.417420801,16558.417420801,16558.418094415,16558.436654616,0,COMPLETED,True,burst_3,66,0.14093653226154856,0.6736139985150658,18.5602010024013,19.374751533177914
1627,16558.42077080612,16558.42091399,16558.42091399,16558.421495109,16558.435017247,1,COMPLETED,True,burst_3,67,0.14318388275569305,0.5811189985251985,13.522138000553241,14.246440881834133
1628,16558.43018996781,16558.430290281,16558.430290281,16558.431126177,16558.450147477,2,COMPLETED,True,burst_3,68,0.10031319106929004,0.8358960003533866,19.021299998712493,19.95750919013517
1629,16558.437510088977,16558.437661906,16558.437661906,16558.438345917,16558.456486786,3,COMPLETED,True,burst_3,69,0.1518170211056713,0.684010999975726,18.140869000490056,18.976697021571454
1630,16558.438894509643,16558.439064156,16558.439064156,16558.439677519,16558.453144398,1,COMPLETED,True,burst_3,70,0.169646355061559,0.6133630013209768,13.466879001498455,14.249888357880991
1631,16558.448589378913,16558.44870608,16558.44870608,16558.449376286,16558.463165271,0,COMPLETED,True,burst_3,71,0.11670108506223187,0.670206001814222,13.788985001156107,14.57589208803256
1632,16558.45979031291,16558.459945191,16558.459945191,16558.460630335,16558.474996584,2,COMPLETED,True,burst_3,72,0.1548780892335344,0.6851440011814702,14.366248997248476,15.206271087663481
1633,16558.46034486237,16558.460481857,16558.460481857,16558.461192588,16558.477180338,1,COMPLETED,True,burst_3,73,0.1369946294289548,0.7107310011633672,15.987749997293577,16.8354756278859
1634,16558.461505123978,16558.461655716,16558.461655716,16558.462200622,16558.479170897,3,COMPLETED,True,burst_3,74,0.15059202269185334,0.5449060008686502,16.970274999039248,17.66577302259975
1635,16558.46831377476,16558.468483353,16558.468483353,16558.469098326,16558.489687778,0,COMPLETED,True,burst_3,75,0.16957824118435383,0.6149729997559916,20.58945200042217,21.374003241362516
1636,16558.471203633566,16558.471367541,16558.471367541,16558.475198244,16558.489306092,2,COMPLETED,True,burst_3,76,0.1639074325794354,3.8307030008581933,14.107848001003731,18.10245843444136
1637,16558.472177367115,16558.472464478,16558.472464478,16558.477322464,16558.4941933,1,COMPLETED,True,burst_3,77,0.2871108845283743,4.8579860012978315,16.870835999725387,22.015932885551592
1638,16558.48152603448,16558.481676049,16558.481676049,16558.482263782,16558.501800639,3,COMPLETED,True,burst_3,78,0.15001451902207918,0.58773300042958,19.536856998456642,20.2746045179083
1639,16558.487502670792,16558.487614585,16558.487614585,16558.489669693,16558.50297884,2,COMPLETED,True,burst_3,79,0.11191420708200894,2.0551080015138723,13.309146997926291,15.476169206522172
1640,16558.502619477862,16558.502708864,16558.502708864,16558.503098154,16558.51599843,0,COMPLETED,True,burst_3,80,0.08938613973441534,0.3892899985658005,12.900276000436861,13.378952138737077
1641,16558.51486618385,16558.514952865,16558.514952865,16558.515383357,16558.528867465,2,COMPLETED,True,burst_3,81,0.08668114969623275,0.4304920003050938,13.484107999829575,14.001281149830902
1642,16558.515281070002,16558.515382891,16558.515382891,16558.515876753,16558.529287702,3,COMPLETED,True,burst_3,82,0.1018209986796137,0.49386200043954886,13.410948999080574,14.006631998199737
1643,16558.51721904423,16558.5173055,16558.5173055,16558.517606507,16558.531557313,1,COMPLETED,True,burst_3,83,0.0864557696331758,0.30100699950708076,13.950805998319993,14.33826876746025
1644,16558.527656735587,16558.527756454,16558.527756454,16558.528210093,16558.541731498,0,COMPLETED,True,burst_3,84,0.09971841427613981,0.45363900062511675,13.521404998755315,14.074762413656572
1645,16558.543249055645,16558.543372912,16558.543372912,16558.543797466,16558.557023933,2,COMPLETED,True,burst_3,85,0.12385635636746883,0.42455400034668855,13.226466999185504,13.774877355899662
1646,16558.554821027567,16558.554913265,16558.554913265,16558.555411703,16558.5689512,3,COMPLETED,True,burst_3,86,0.09223743472830392,0.4984379993402399,13.539496998419054,14.130172432487598
1647,16558.55521238509,16558.555295903,16558.555295903,16558.555686937,16558.569178574,1,COMPLETED,True,burst_3,87,0.08351790893357247,0.39103400195017457,13.491636997059686,13.966188907943433
1648,16558.58151098649,16558.581602323,16558.581602323,16558.5820872,16558.595634924,0,COMPLETED,True,burst_3,88,0.0913365111046005,0.4848770004173275,13.547724000090966,14.123937511612894
1649,16558.611241271767,16558.611381487,16558.611381487,16558.612126421,16558.629809899,2,COMPLETED,True,burst_3,89,0.1402152338414453,0.7449340009770822,17.683477999526076,18.568627234344603
1650,16558.622227203363,16558.622310364,16558.622310364,16558.622969788,16558.641231599,3,COMPLETED,True,burst_3,90,0.08316063758684322,0.6594240003323648,18.261810997501016,19.004395635420224
1651,16558.623406827897,16558.623552614,16558.623552614,16558.62413927,16558.637273969,1,COMPLETED,True,burst_3,91,0.1457861035305541,0.5866559986316133,13.13469900196651,13.867141104128677
1652,16558.629193582667,16558.629343507,16558.629343507,16558.629952765,16558.644702177,0,COMPLETED,True,burst_3,92,0.14992433352745138,0.6092580006225035,14.749411999218864,15.50859433336882
1653,16558.63950529992,16558.639677604,16558.639677604,16558.640501229,16558.653550124,2,COMPLETED,True,burst_3,93,0.17230407684110105,0.8236250032496173,13.048894998064497,14.044824078155216
1654,16558.641290746265,16558.641451197,16558.641451197,16558.642186057,16558.655557218,1,COMPLETED,True,burst_3,94,0.16045073425630108,0.7348600011027884,13.371160999668064,14.266471735027153
1655,16558.643605070192,16558.643632203,16558.643632203,16558.644255955,16558.657988138,3,COMPLETED,True,burst_3,95,0.027132806280860677,0.6237520028662402,13.732182997046039,14.38306780619314
1656,16558.65228329732,16558.652531756,16558.652531756,16558.653306135,16558.666320198,0,COMPLETED,True,burst_3,96,0.24845868028933182,0.7743789974483661,13.014063002628973,14.03690068036667
1657,16558.66702102852,16558.667106899,16558.667106899,16558.667727612,16558.680713677,2,COMPLETED,True,burst_3,97,0.08587048068875447,0.6207129990798421,12.986065001314273,13.69264848108287
1658,16558.67498530782,16558.675091199,16558.675091199,16558.675690475,16558.689227455,1,COMPLETED,True,burst_3,98,0.10589117664494552,0.5992760015942622,13.536980000935728,14.242147179174935
1659,16558.681990371293,16558.68213108,16558.68213108,16558.682605127,16558.698148478,3,COMPLETED,True,burst_3,99,0.14070870747673325,0.4740469994430896,15.543351000815164,16.158106707734987
1660,16558.68412172403,16558.684375429,16558.684375429,16558.684845894,16558.698094091,0,COMPLETED,True,burst_3,100,0.2537049695092719,0.4704650018538814,13.248196999484207,13.97236697084736
1661,16558.684652876673,16558.684796363,16558.684796363,16558.685269878,16558.704730564,2,COMPLETED,True,burst_3,101,0.14348632612382062,0.47351499961223453,19.460686002275907,20.07768732801196
1662,16558.690653022284,16558.690744792,16558.690744792,16558.69104592,16558.70478796,1,COMPLETED,True,burst_3,102,0.09176971434499137,0.30112800232018344,13.742039998760447,14.134937715425622
1663,16558.697793870033,16558.697946198,16558.697946198,16558.698455441,16558.712524186,0,COMPLETED,True,burst_3,103,0.15232796795316972,0.5092430001241155,14.068745000258787,14.730315968336072
1664,16558.701017444822,16558.701182996,16558.701182996,16558.701743627,16558.721175808,3,COMPLETED,True,burst_3,104,0.16555117690586485,0.5606310005532578,19.432181001320714,20.158363178779837
1665,16558.705623793747,16558.705717055,16558.705717055,16558.706238645,16558.719804759,2,COMPLETED,True,burst_3,105,0.09326125291408971,0.5215900018811226,13.56611399751273,14.180965252307942
1666,16558.714422847985,16558.714506706,16558.714506706,16558.715031952,16558.72876005,1,COMPLETED,True,burst_3,106,0.08385801629628986,0.5252459995972458,13.728097997955047,14.337202013848582
1667,16558.720690372178,16558.720806131,16558.720806131,16558.721286643,16558.734801232,0,COMPLETED,True,burst_3,107,0.11575882308534347,0.480512000649469,13.51458899807767,14.110859821812483
1668,16558.721660010768,16558.721798703,16558.721798703,16558.722275225,16558.735913677,2,COMPLETED,True,burst_3,108,0.13869223403162323,0.47652200009906664,13.63845199739444,14.25366623152513
1669,16558.723939691856,16558.724122292,16558.724122292,16558.724705253,16558.738574555,3,COMPLETED,True,burst_3,109,0.18260014257975854,0.5829610017826781,13.869301998056471,14.634863142418908
1670,16558.729483287127,16558.729612974,16558.729612974,16558.729992082,16558.743411574,1,COMPLETED,True,burst_3,110,0.12968687224201858,0.37910800165263936,13.419491999229649,13.928286873124307
1671,16558.739152860984,16558.739279791,16558.739279791,16558.739837202,16558.753240347,0,COMPLETED,True,burst_3,111,0.1269300155399833,0.5574110000452492,13.403144999756478,14.08748601534171
1672,16558.747909326168,16558.747999771,16558.747999771,16558.748676775,16558.762184009,2,COMPLETED,True,burst_3,112,0.0904448315850459,0.6770040017727297,13.507233998097945,14.27468283145572
1673,16558.748994184145,16558.749076122,16558.749076122,16558.749520645,16558.762823288,3,COMPLETED,True,burst_3,113,0.08193785470211878,0.44452300062403083,13.302643001225078,13.829103856551228
1674,16558.761347536933,16558.761499704,16558.761499704,16558.76229669,16558.782174719,1,COMPLETED,True,burst_3,114,0.15216706742648967,0.796986001660116,19.878028997482033,20.82718206656864
1675,16558.768541548234,16558.768701499,16558.768701499,16558.769183686,16558.782781107,0,COMPLETED,True,burst_3,115,0.15995076682884246,0.48218699885183014,13.597420998848975,14.239558764529647
1676,16558.772172290504,16558.772327395,16558.772327395,16558.772924389,16558.791150177,2,COMPLETED,True,burst_3,116,0.15510449520661496,0.5969939993519802,18.225788000563625,18.97788649512222
1677,16558.772594769533,16558.772720641,16558.772720641,16558.773062803,16558.786959495,3,COMPLETED,True,burst_3,117,0.125871469208505,0.3421619985601865,13.896691998525057,14.364725466293748
1678,16558.78156777699,16558.781688508,16558.781688508,16558.782673738,16558.796628293,1,COMPLETED,True,burst_3,118,0.12073100879206322,0.9852299990598112,13.95455500096432,15.060516008816194
1679,16558.80094233777,16558.801043726,16558.801043726,16558.801737479,16558.818567632,0,COMPLETED,True,burst_3,119,0.10138823199667968,0.6937529979040846,16.83015299931867,17.625294229219435
1680,16558.805252061113,16558.805364645,16558.805364645,16558.805779226,16558.819270539,3,COMPLETED,True,burst_3,0,0.11258388622081839,0.41458100167801604,13.491312998667127,14.018477886565961
1681,16558.808173696118,16558.808263222,16558.808263222,16558.808832874,16558.825396851,2,COMPLETED,True,burst_3,1,0.08952588177635334,0.5696520020137541,16.56397699844092,17.22315488223103
1682,16558.82620213788,16558.826303165,16558.826303165,16558.826734043,16558.840580162,1,COMPLETED,True,burst_3,2,0.10102711894433014,0.4308780007704627,13.846118999936152,14.378024119650945
1683,16558.832586107033,16558.832771173,16558.832771173,16558.833090881,16558.846389812,0,COMPLETED,True,burst_3,3,0.1850659682531841,0.31970799682312645,13.298931000463199,13.80370496553951
1684,16558.836334928015,16558.836473941,16558.836473941,16558.836951257,16558.851252631,3,COMPLETED,True,burst_3,4,0.13901298370910808,0.47731599988765083,14.301374001661316,14.917702985258074
1685,16558.839723704677,16558.839816159,16558.839816159,16558.840164877,16558.853786866,2,COMPLETED,True,burst_3,5,0.09245432374882512,0.34871800016844645,13.621988997329026,14.063161321246298
1686,16558.839981459594,16558.840102419,16558.840102419,16558.840742481,16558.854752569,1,COMPLETED,True,burst_3,6,0.12095940473955125,0.6400620004569646,14.010088001668919,14.771109406865435
1687,16558.841451818498,16558.841543523,16558.841543523,16558.846549085,16558.860189562,0,COMPLETED,True,burst_3,7,0.09170450357487425,5.005561997677432,13.640477001899853,18.73774350315216
1688,16558.841787578538,16558.841892794,16558.841892794,16558.85147056,16558.865425864,3,COMPLETED,True,burst_3,8,0.10521546209929511,9.577765998983523,13.955304002593039,23.638285463675857
1689,16558.84927591936,16558.849439342,16558.849439342,16558.854190429,16558.867394397,2,COMPLETED,True,burst_3,9,0.16342263916158117,4.751086999021936,13.20396799928858,18.118477637472097
1690,16558.857712885005,16558.857809976,16558.857809976,16558.858275658,16558.87219611,1,COMPLETED,True,burst_3,10,0.09709099686006084,0.46568199832108803,13.920451998274075,14.483224993455224
1691,16558.865112113184,16558.865253499,16558.865253499,16558.866080335,16558.879386571,0,COMPLETED,True,burst_3,11,0.14138581536826678,0.8268359997600783,13.3062360000622,14.274457815190544
1692,16558.884454575582,16558.884540032,16558.884540032,16558.884942792,16558.898233767,3,COMPLETED,True,burst_3,12,0.08545641685486771,0.4027600007248111,13.290974999108585,13.779191416688263
1693,16558.898056819755,16558.898144155,16558.898144155,16558.898546105,16558.911293002,2,COMPLETED,True,burst_3,13,0.08733524373383261,0.40195000110543333,12.74689699857845,13.236182243417716
1694,16558.932401175738,16558.932485814,16558.932485814,16558.933128418,16558.952290682,1,COMPLETED,True,burst_3,14,0.08463826088700444,0.6426040017686319,19.162263997714035,19.88950626036967
1695,16558.93413806411,16558.934234362,16558.934234362,16558.93473936,16558.948328747,0,COMPLETED,True,burst_3,15,0.0962978920142632,0.5049979990872089,13.589386999228736,14.190682890330208
1696,16558.93612791248,16558.936252463,16558.936252463,16558.936867569,16558.954754166,3,COMPLETED,True,burst_3,16,0.12455052274162881,0.6151059969852213,17.886597001051996,18.626253520778846
1697,16558.947320544718,16558.947482831,16558.947482831,16558.948259156,16558.967516746,2,COMPLETED,True,burst_3,17,0.1622862837393768,0.776324999606004,19.257590000052005,20.196201283397386
1698,16558.952159846023,16558.952268995,16558.952268995,16558.953152727,16558.967479863,0,COMPLETED,True,burst_3,18,0.10914897575275972,0.883732001966564,14.32713599933777,15.320016977057094
1699,16558.957924968538,16558.95801643,16558.95801643,16558.95870014,16558.971810683,1,COMPLETED,True,burst_3,19,0.09146146112470888,0.6837100008851849,13.110543000948383,13.885714462958276
1700,16558.97737772203,16558.977486212,16558.977486212,16558.978275462,16558.991235355,3,COMPLETED,True,burst_3,20,0.10848997044377029,0.789249999797903,12.95989299978828,13.857632970029954
1701,16558.986261958144,16558.986472664,16558.986472664,16558.987232462,16559.004184283,0,COMPLETED,True,burst_3,21,0.21070585717097856,0.7597980002174154,16.95182099865633,17.922324856044725
1702,16558.992882210227,16558.993070224,16558.993070224,16558.99373713,16559.007061594,2,COMPLETED,True,burst_3,22,0.18801377518684603,0.6669059985142667,13.324463998287683,14.179383771988796
1703,16558.994419518338,16558.994504946,16558.994504946,16558.99493201,16559.008214342,1,COMPLETED,True,burst_3,23,0.08542766227037646,0.42706399835878983,13.28233200183604,13.794823662465205
1704,16558.994462046867,16558.994544915,16558.994544915,16558.995190851,16559.014277385,3,COMPLETED,True,burst_3,24,0.08286813317681663,0.6459360010921955,19.086533997324295,19.815338131593307
1705,16558.99625708936,16558.996425716,16558.996425716,16559.00458176,16559.018473471,0,COMPLETED,True,burst_3,25,0.16862664051586762,8.156044001225382,13.891710997995688,22.216381639736937
1706,16558.999229836227,16558.999388275,16558.999388275,16559.007454133,16559.021095386,2,COMPLETED,True,burst_3,26,0.15843877190491185,8.065858000918524,13.6412530009693,21.865549773792736
1707,16559.00636705165,16559.006628938,16559.006628938,16559.00858569,16559.021992823,1,COMPLETED,True,burst_3,27,0.2618863509269431,1.956751999387052,13.407132999418536,15.625771349732531
1708,16559.01495662109,16559.015137055,16559.015137055,16559.015897457,16559.02939014,3,COMPLETED,True,burst_3,28,0.1804339117370546,0.7604019992868416,13.492682999640238,14.433518910664134
1709,16559.017249037155,16559.01738949,16559.01738949,16559.018836826,16559.032193124,0,COMPLETED,True,burst_3,29,0.14045284478925169,1.447335998818744,13.356298000871902,14.944086844479898
1710,16559.019712227517,16559.019873951,16559.019873951,16559.021439023,16559.034614832,2,COMPLETED,True,burst_3,30,0.16172348477994092,1.5650719979021233,13.175808999221772,14.902604481903836
1711,16559.04166514307,16559.041795948,16559.041795948,16559.042680635,16559.062190839,1,COMPLETED,True,burst_3,31,0.13080492863082327,0.884687000507256,19.51020399792469,20.52569592706277
1712,16559.04429360985,16559.044387911,16559.044387911,16559.044765425,16559.057374579,3,COMPLETED,True,burst_3,32,0.09430114732822403,0.3775139994104393,12.609154000529088,13.080969147267751
1713,16559.059290730613,16559.059377932,16559.059377932,16559.059805224,16559.072714658,0,COMPLETED,True,burst_3,33,0.08720138794160448,0.4272919977665879,12.909434000903275,13.423927386611467
1714,16559.077019071297,16559.07713615,16559.07713615,16559.077725705,16559.090580792,2,COMPLETED,True,burst_3,34,0.11707870362442918,0.5895549984415993,12.855086999479681,13.56172070154571
1715,16559.079926309525,16559.080032566,16559.080032566,16559.080666072,16559.098091991,3,COMPLETED,True,burst_3,35,0.10625647337292321,0.6335060024866834,17.425918998924317,18.165681474783923
1716,16559.08978168989,16559.089923606,16559.089923606,16559.090669738,16559.109013802,1,COMPLETED,True,burst_3,36,0.1419161089870613,0.7461320019501727,18.344063999393256,19.23211211033049
1717,16559.09321616951,16559.093369243,16559.093369243,16559.094122324,16559.112617831,0,COMPLETED,True,burst_3,37,0.1530734916741494,0.7530809998570476,18.49550699989777,19.401661491428968
1718,16559.10091401994,16559.100995855,16559.100995855,16559.101883116,16559.115615796,2,COMPLETED,True,burst_3,38,0.0818350599729456,0.8872610014805105,13.73267999952077,14.701776060974225
1719,16559.114351848682,16559.114436312,16559.114436312,16559.115026614,16559.128197801,3,COMPLETED,True,burst_3,39,0.08446331776212901,0.5903019991819747,13.171187001717044,13.845952318661148
1720,16559.12208506206,16559.122206501,16559.122206501,16559.122915961,16559.136320479,1,COMPLETED,True,burst_3,40,0.12143894127802923,0.7094600005075336,13.404517998424126,14.235416940209689
1721,16559.134980454,16559.135074523,16559.135074523,16559.135910877,16559.149766941,0,COMPLETED,True,burst_3,41,0.0940690006245859,0.8363540000573266,13.856063997081947,14.786486997763859
1722,16559.149280383295,16559.149369359,16559.149369359,16559.150284765,16559.169116313,2,COMPLETED,True,burst_3,42,0.08897570296539925,0.9154060026048683,18.831548000889597,19.835929706459865
1723,16559.15297484496,16559.15306032,16559.15306032,16559.153661867,16559.169816549,3,COMPLETED,True,burst_3,43,0.08547503966838121,0.6015469989506528,16.154682001797482,16.841704040416516
1724,16559.176091603702,16559.176218416,16559.176218416,16559.176947565,16559.191918744,1,COMPLETED,True,burst_3,44,0.1268122978217434,0.7291490001080092,14.971178999985568,15.82714029791532
1725,16559.180625776127,16559.180735001,16559.180735001,16559.181469468,16559.194764212,0,COMPLETED,True,burst_3,45,0.10922487126663327,0.7344670011661947,13.294743999722414,14.138435872155242
1726,16559.182321166954,16559.182418358,16559.182418358,16559.183091934,16559.196706699,2,COMPLETED,True,burst_3,46,0.09719104491523467,0.6735759998264257,13.614765000966145,14.385532045707805
1727,16559.186353162047,16559.186604093,16559.186604093,16559.187380537,16559.206391099,3,COMPLETED,True,burst_3,47,0.25093095246120356,0.7764440015307628,19.010561998584308,20.037936952576274
1728,16559.207273053544,16559.207358595,16559.207358595,16559.208092905,16559.221051307,1,COMPLETED,True,burst_3,48,0.08554145460948348,0.7343100005527958,12.958401999640046,13.778253454802325
1729,16559.22481918711,16559.224915903,16559.224915903,16559.225624729,16559.238581737,0,COMPLETED,True,burst_3,49,0.09671588850324042,0.7088259990268853,12.957008002558723,13.762549890088849
1730,16559.24011698316,16559.240135377,16559.240135377,16559.240693664,16559.256867981,2,COMPLETED,True,burst_3,50,0.018393839127384126,0.5582869998761453,16.174316999240546,16.750997838244075
1731,16559.244835776462,16559.244947691,16559.244947691,16559.245411954,16559.26500222,3,COMPLETED,True,burst_3,51,0.11191453813808039,0.4642630010494031,19.59026599797653,20.166443537164014
1732,16559.251687062893,16559.251868291,16559.251868291,16559.252575882,16559.266343515,1,COMPLETED,True,burst_3,52,0.18122810797649436,0.7075909998093266,13.767632997769397,14.656452105555218
1733,16559.257685135115,16559.257833326,16559.257833326,16559.258693341,16559.277309574,0,COMPLETED,True,burst_3,53,0.14819088391959667,0.8600149994890671,18.616233002830995,19.62443888623966
1734,16559.263085649458,16559.263317766,16559.263317766,16559.26392861,16559.278289789,2,COMPLETED,True,burst_3,54,0.2321165411558468,0.6108439993113279,14.36117900084355,15.204139541310724
1735,16559.273416011307,16559.273530565,16559.273530565,16559.274352813,16559.288189634,3,COMPLETED,True,burst_3,55,0.11455369167379104,0.8222480028052814,13.836820999131305,14.773622693610378
1736,16559.27510001181,16559.275243335,16559.275243335,16559.275870024,16559.295548782,1,COMPLETED,True,burst_3,56,0.1433231882401742,0.6266890013648663,19.678757998917717,20.448770188522758
1737,16559.28022243813,16559.280359131,16559.280359131,16559.28106279,16559.300426242,0,COMPLETED,True,burst_3,57,0.13669287000084296,0.7036589995550457,19.363452000106918,20.203803869662806
1738,16559.28117051568,16559.281292421,16559.281292421,16559.28190031,16559.299727932,2,COMPLETED,True,burst_3,58,0.12190532288514078,0.6078890000935644,17.827621999458643,18.557416322437348
1739,16559.282260622218,16559.282402898,16559.282402898,16559.288525086,16559.301647836,3,COMPLETED,True,burst_3,59,0.14227578139980324,6.12218800233677,13.122749998728978,19.38721378246555
1740,16559.28259326068,16559.28280233,16559.28280233,16559.296205661,16559.316983725,1,COMPLETED,True,burst_3,60,0.20906931968056597,13.403331002336927,20.778063997568097,34.39046431958559
1741,16559.28876561799,16559.288867103,16559.288867103,16559.299875441,16559.320591979,2,COMPLETED,True,burst_3,61,0.10148501314688474,11.008337998646311,20.716538001579465,31.82636101337266
1742,16559.307466592898,16559.307593615,16559.307593615,16559.308071666,16559.321725775,0,COMPLETED,True,burst_3,62,0.1270221036975272,0.4780509989359416,13.654108999617165,14.259182102250634
1743,16559.309063069966,16559.309205233,16559.309205233,16559.309682678,16559.329195954,3,COMPLETED,True,burst_3,63,0.14216303316061385,0.4774449989781715,19.51327600181685,20.132884033955634
1744,16559.311485892405,16559.311583704,16559.311583704,16559.317450705,16559.336964131,1,COMPLETED,True,burst_3,64,0.09781159315025434,5.867001000297023,19.513425999321043,25.47823859276832
1745,16559.314265833782,16559.314433462,16559.314433462,16559.321087297,16559.340764343,2,COMPLETED,True,burst_3,65,0.16762821906013414,6.653835000179242,19.67704599883291,26.498509218072286
1746,16559.32478615981,16559.324879238,16559.324879238,16559.325312935,16559.33894585,0,COMPLETED,True,burst_3,66,0.09307818982051685,0.4336970014264807,13.632914997288026,14.159690188535023
1747,16559.329370663945,16559.329805319,16559.329805319,16559.330290322,16559.343731468,3,COMPLETED,True,burst_3,67,0.4346550558693707,0.4850029981753323,13.441146002151072,14.360804056195775
1748,16559.331608720502,16559.331881994,16559.331881994,16559.33718413,16559.355528103,1,COMPLETED,True,burst_3,68,0.2732734974415507,5.302135999954771,18.343972998991376,23.919382496387698
1749,16559.34537674856,16559.34547411,16559.34547411,16559.345929794,16559.35904358,0,COMPLETED,True,burst_3,69,0.09736144056660123,0.4556839994620532,13.11378600075841,13.666831440787064
1750,16559.346161281257,16559.346253323,16559.346253323,16559.346613777,16559.362461542,2,COMPLETED,True,burst_3,70,0.09204174421029165,0.3604539997468237,15.847765000216896,16.30026074417401
1751,16559.36152209108,16559.361613952,16559.361613952,16559.362083258,16559.375546955,3,COMPLETED,True,burst_3,71,0.09186092211166397,0.4693060000136029,13.463696999679087,14.024863921804354
1752,16559.36416806197,16559.364275136,16559.364275136,16559.364643489,16559.377719295,1,COMPLETED,True,burst_3,72,0.10707402907428332,0.36835300124948844,13.075806000415469,13.55123303073924
1753,16559.38567937692,16559.385772517,16559.385772517,16559.38640139,16559.39997084,0,COMPLETED,True,burst_3,73,0.0931400791159831,0.6288730000960641,13.56945000225096,14.291463081463007
1754,16559.392537761418,16559.392699003,16559.392699003,16559.393381295,16559.406585044,2,COMPLETED,True,burst_3,74,0.16124158355523832,0.6822920004196931,13.203748996602371,14.047282580577303
1755,16559.394813514613,16559.394988946,16559.394988946,16559.395769062,16559.413707458,3,COMPLETED,True,burst_3,75,0.17543138528708369,0.7801160027156584,17.93839599849889,18.893943386501633
1756,16559.409801806283,16559.409903742,16559.409903742,16559.410633134,16559.424210932,1,COMPLETED,True,burst_3,76,0.10193571506533772,0.7293920025404077,13.577797999460017,14.409125717065763
1757,16559.416491168155,16559.416582198,16559.416582198,16559.417195796,16559.430635462,0,COMPLETED,True,burst_3,77,0.0910298440430779,0.6135980001999997,13.439665999612771,14.144293843855849
1758,16559.427558593754,16559.427665336,16559.427665336,16559.428382654,16559.442206322,2,COMPLETED,True,burst_3,78,0.10674224540707655,0.7173180019890424,13.823667999531608,14.647728246927727
1759,16559.433462324723,16559.433592312,16559.433592312,16559.434254384,16559.447609951,3,COMPLETED,True,burst_3,79,0.12998727834201418,0.6620719977945555,13.35556699996232,14.14762627609889
1760,16559.434118242527,16559.434245304,16559.434245304,16559.434747609,16559.448241385,1,COMPLETED,True,burst_3,80,0.12706147390417755,0.5023049998271745,13.493775997631019,14.123142471362371
1761,16559.44184766489,16559.442061898,16559.442061898,16559.442958304,16559.456181584,0,COMPLETED,True,burst_3,81,0.21423311045509763,0.8964059998106677,13.223279998783255,14.33391910904902
1762,16559.448699330795,16559.448816314,16559.448816314,16559.449556636,16559.462597085,2,COMPLETED,True,burst_3,82,0.11698320668074302,0.7403219970001373,13.040449000982335,13.897754204663215
1763,16559.46807125327,16559.468156217,16559.468156217,16559.468874645,16559.482830155,3,COMPLETED,True,burst_3,83,0.08496372902300209,0.7184280002547894,13.955509999505011,14.758901728782803
1764,16559.47585717713,16559.476066924,16559.476066924,16559.476605641,16559.490368705,1,COMPLETED,True,burst_3,84,0.20974686776753515,0.5387170022004284,13.76306399833993,14.511527868307894
1765,16559.481828045853,16559.481935439,16559.481935439,16559.482672935,16559.496259416,0,COMPLETED,True,burst_3,85,0.10739314529928379,0.7374960005108733,13.586480999947526,14.431370145757683
1766,16559.489209860883,16559.489304922,16559.489304922,16559.490077524,16559.503334362,2,COMPLETED,True,burst_3,86,0.09506111746304668,0.7726019975962117,13.256838003144367,14.124501118203625
1767,16559.510430762675,16559.510669805,16559.510669805,16559.51146702,16559.524843113,3,COMPLETED,True,burst_3,87,0.2390423251199536,0.7972149978741072,13.37609300026088,14.412350323254941
1768,16559.511975812336,16559.512145378,16559.512145378,16559.512622463,16559.526421945,1,COMPLETED,True,burst_3,88,0.1695656646916177,0.47708499914733693,13.799481999740237,14.446132663579192
1769,16559.51612186285,16559.516238945,16559.516238945,16559.516849894,16559.530831222,0,COMPLETED,True,burst_3,89,0.1170821524283383,0.6109489986556582,13.981328000227222,14.709359151311219
1770,16559.522466160248,16559.522730699,16559.522730699,16559.523399387,16559.542615132,2,COMPLETED,True,burst_3,90,0.2645387503434904,0.6686880005872808,19.215745000110473,20.148971751041245
1771,16559.525101998246,16559.525247085,16559.525247085,16559.526032622,16559.539349797,3,COMPLETED,True,burst_3,91,0.14508675303659402,0.7855370022298303,13.317174998519477,14.2477987537859
1772,16559.527161409063,16559.52748624,16559.52748624,16559.527879209,16559.541595018,1,COMPLETED,True,burst_3,92,0.3248309367336333,0.39296899922192097,13.71580900013214,14.433608936087694
1773,16559.551519020235,16559.551609604,16559.551609604,16559.552040243,16559.565435485,0,COMPLETED,True,burst_3,93,0.09058376599568874,0.430639000114752,13.395242000115104,13.916464766225545
1774,16559.553157918166,16559.553289389,16559.553289389,16559.553895989,16559.567626968,3,COMPLETED,True,burst_3,94,0.13147083518560976,0.6065999987185933,13.730979000683874,14.469049834588077
1775,16559.563065135335,16559.563165975,16559.563165975,16559.563848185,16559.57739585,1,COMPLETED,True,burst_3,95,0.10083966481033713,0.6822100003773812,13.547664999350673,14.330714664538391
1776,16559.566035680335,16559.566176894,16559.566176894,16559.566702067,16559.580581409,2,COMPLETED,True,burst_3,96,0.1412136662111152,0.5251729999145027,13.879342001018813,14.54572866714443
1777,16559.58013418789,16559.580227713,16559.580227713,16559.580695776,16559.595480537,0,COMPLETED,True,burst_3,97,0.09352510824101046,0.46806300088064745,14.784760998736601,15.34634910785826
1778,16559.58482336116,16559.58491559,16559.58491559,16559.585349176,16559.598846215,3,COMPLETED,True,burst_3,98,0.09222883818438277,0.43358599941711873,13.497039002686506,14.022853840288008
1779,16559.586865091816,16559.586981081,16559.586981081,16559.587357977,16559.601249316,1,COMPLETED,True,burst_3,99,0.11598918354138732,0.3768960013985634,13.891339000110747,14.384224185050698
1780,16559.594552584706,16559.594647394,16559.594647394,16559.595249248,16559.608660526,2,COMPLETED,True,burst_3,100,0.09480929293204099,0.6018540007062256,13.411277999693993,14.10794129333226
1781,16559.619704001438,16559.619792226,16559.619792226,16559.620280445,16559.633842537,0,COMPLETED,True,burst_3,101,0.08822456220514141,0.48821900054463185,13.56209200093872,14.138535563688492
1782,16559.65420187905,16559.654290715,16559.654290715,16559.654798244,16559.669487932,3,COMPLETED,True,burst_3,102,0.08883595000952482,0.5075289991509635,14.68968799963477,15.286052948795259
1783,16559.660446744463,16559.660539697,16559.660539697,16559.661054338,16559.674623723,1,COMPLETED,True,burst_3,103,0.09295253767049871,0.5146410003362689,13.569384998845635,14.176978536852403
1784,16559.666799071714,16559.667051148,16559.667051148,16559.667892867,16559.685974471,2,COMPLETED,True,burst_3,104,0.2520762864151038,0.8417190001637209,18.081603997416096,19.17539928399492
1785,16559.690915413947,16559.691075028,16559.691075028,16559.691800218,16559.710988021,0,COMPLETED,True,burst_3,105,0.1596140537003521,0.7251899987750221,19.18780300184153,20.072607054316904
1786,16559.691592435764,16559.691843177,16559.691843177,16559.692453408,16559.706482478,3,COMPLETED,True,burst_3,106,0.25074123550439253,0.610230999882333,14.029070000106003,14.890042235492729
1787,16559.69499027987,16559.695126,16559.695126,16559.695724932,16559.709594883,1,COMPLETED,True,burst_3,107,0.13572012903750874,0.5989320015942212,13.869950998923741,14.604603129555471
1788,16559.695852294597,16559.696041788,16559.696041788,16559.696427451,16559.71036297,2,COMPLETED,True,burst_3,108,0.18949340301332995,0.3856629991787486,13.935519000369823,14.510675402561901
1789,16559.69833095121,16559.69834883,16559.69834883,16559.706664089,16559.720059495,3,COMPLETED,True,burst_3,109,0.01787878863979131,8.315259001392405,13.395406000199728,21.728543790231925
1790,16559.71679994505,16559.71689833,16559.71689833,16559.717528217,16559.730685867,1,COMPLETED,True,burst_3,110,0.09838494952418841,0.6298869993770495,13.157650002540322,13.88592195144156
1791,16559.72217591427,16559.722262048,16559.722262048,16559.722977997,16559.736869861,2,COMPLETED,True,burst_3,111,0.08613372847321443,0.7159490014601033,13.891864000470378,14.693946730403695
1792,16559.723396198886,16559.723483902,16559.723483902,16559.724020244,16559.737815532,0,COMPLETED,True,burst_3,112,0.08770311251282692,0.5363420023059007,13.795287999528227,14.419333114346955
1793,16559.726765903157,16559.727015486,16559.727015486,16559.727556082,16559.742692041,3,COMPLETED,True,burst_3,113,0.24958284484455362,0.5405960000643972,15.135958998143906,15.926137843052857
1794,16559.75853880849,16559.758768604,16559.758768604,16559.759515411,16559.779430107,1,COMPLETED,True,burst_3,114,0.22979550703894347,0.7468069998139981,19.91469600034179,20.891298507194733
1795,16559.762433458196,16559.76253285,16559.76253285,16559.763186899,16559.776838682,2,COMPLETED,True,burst_3,115,0.09939180381479673,0.6540489994222298,13.65178299965919,14.405223802896217
1796,16559.76423196736,16559.764404134,16559.764404134,16559.764994485,16559.783478039,0,COMPLETED,True,burst_3,116,0.17216663763974793,0.5903510027565062,18.48355399852153,19.246071638917783
1797,16559.76672918047,16559.766835566,16559.766835566,16559.767440443,16559.783996473,3,COMPLETED,True,burst_3,117,0.10638553067110479,0.6048770010238513,16.556030001083855,17.26729253277881
1798,16559.767219560275,16559.767342392,16559.767342392,16559.777285383,16559.791652977,2,COMPLETED,True,burst_3,118,0.12283172327443026,9.942991000571055,14.367594001669204,24.43341672551469
1799,16559.772122812956,16559.772279662,16559.772279662,16559.779649057,16559.794370989,1,COMPLETED,True,burst_3,119,0.1568490442878101,7.369394999841461,14.72193199879257,22.24817604292184
1800,16559.778529082374,16559.778692062,16559.778692062,16559.78367378,16559.798381067,0,COMPLETED,True,burst_3,0,0.16297962429234758,4.9817180006357376,14.707287002238445,19.85198462716653
1801,16559.785175610392,16559.785236254,16559.785236254,16559.78589674,16559.799821573,3,COMPLETED,True,burst_3,1,0.06064360786695033,0.660485999105731,13.924833001510706,14.645962608483387
1802,16559.78717639614,16559.787325536,16559.787325536,16559.792052958,16559.805687136,2,COMPLETED,True,burst_3,2,0.14913985796738416,4.727422001451487,13.634177998028463,18.510739857447334
1803,16559.792936141945,16559.793141428,16559.793141428,16559.794720233,16559.808111308,1,COMPLETED,True,burst_3,3,0.20528605455183424,1.578805000463035,13.3910750009818,15.17516605599667
1804,16559.809834966894,16559.810010358,16559.810010358,16559.810476861,16559.823770833,0,COMPLETED,True,burst_3,4,0.17539110558573157,0.46650299918837845,13.293972002429655,13.935866107203765
1805,16559.81524126684,16559.815327862,16559.815327862,16559.816015686,16559.830046225,3,COMPLETED,True,burst_3,5,0.08659516242914833,0.6878239983052481,14.030539001396392,14.804958162130788
1806,16559.81939063321,16559.81948177,16559.81948177,16559.820183812,16559.839407971,2,COMPLETED,True,burst_3,6,0.09113678970606998,0.702042001648806,19.224159001169028,20.017337792523904
1807,16559.819742548512,16559.819978025,16559.819978025,16559.820464117,16559.840424317,1,COMPLETED,True,burst_3,7,0.23547648743260652,0.4860920016653836,19.960199999331962,20.681768488429952
1808,16559.82164126056,16559.821896141,16559.821896141,16559.824125706,16559.837766524,0,COMPLETED,True,burst_3,8,0.2548804368416313,2.229565001471201,13.640818000567378,16.12526343888021
1809,16559.847240295923,16559.847327226,16559.847327226,16559.84775909,16559.86104227,3,COMPLETED,True,burst_3,9,0.086930078396108,0.43186399852856994,13.283180000144057,13.801974077068735
1810,16559.847575812106,16559.8476567,16559.8476567,16559.847963925,16559.861623834,0,COMPLETED,True,burst_3,10,0.08088789400062524,0.30722500014235266,13.65990900012548,14.048021894268459
1811,16559.875360198457,16559.875493385,16559.875493385,16559.875999921,16559.889544065,2,COMPLETED,True,burst_3,11,0.13318654237082228,0.5065360019216314,13.544143999752123,14.183866544044577
1812,16559.884583457435,16559.884694713,16559.884694713,16559.885349433,16559.903042962,1,COMPLETED,True,burst_3,12,0.11125556557090022,0.6547199991473462,17.69352900009835,18.459504564816598
1813,16559.88545544456,16559.885562747,16559.885562747,16559.885916847,16559.901803246,3,COMPLETED,True,burst_3,13,0.10730243957368657,0.3541000005498063,15.886399000009988,16.34780144013348
1814,16559.893386471376,16559.893495772,16559.893495772,16559.893969407,16559.907171518,0,COMPLETED,True,burst_3,14,0.10930062489933334,0.47363499834318645,13.202111000282457,13.785046623524977
1815,16559.916812140294,16559.916937138,16559.916937138,16559.917510272,16559.930921792,2,COMPLETED,True,burst_3,15,0.12499770673457533,0.573133998841513,13.41152000168222,14.109651707258308
1816,16559.921277203244,16559.921363457,16559.921363457,16559.922013997,16559.935470657,3,COMPLETED,True,burst_3,16,0.08625375630799681,0.6505399978777859,13.456660002702847,14.19345375688863
1817,16559.935064400284,16559.935223512,16559.935223512,16559.935970814,16559.948611889,1,COMPLETED,True,burst_3,17,0.15911171431071125,0.747302001400385,12.6410750017385,13.547488717449596
1818,16559.949561113204,16559.94975653,16559.94975653,16559.950325852,16559.968293817,0,COMPLETED,True,burst_3,18,0.19541679648682475,0.5693220009561628,17.967964999115793,18.73270379655878
1819,16559.958967742343,16559.959122678,16559.959122678,16559.959742984,16559.972902247,2,COMPLETED,True,burst_3,19,0.15493565661017783,0.6203060002007987,13.159262998669874,13.93450465548085
1820,16559.980313675303,16559.980398421,16559.980398421,16559.980834119,16559.99414136,3,COMPLETED,True,burst_3,20,0.08474569767713547,0.43569799890974537,13.307240998983616,13.827684695570497
1821,16559.99668019692,16559.996837417,16559.996837417,16559.997546928,16560.016292553,1,COMPLETED,True,burst_3,21,0.15722007810836658,0.7095110013324302,18.745624998700805,19.6123560781416
1822,16559.99824040451,16559.998386929,16559.998386929,16559.998845993,16560.011596072,0,COMPLETED,True,burst_3,22,0.14652448953711428,0.4590639982779976,12.750079000397818,13.35566748821293
1823,16560.007146511532,16560.007253076,16560.007253076,16560.007962642,16560.026185418,2,COMPLETED,True,burst_3,23,0.1065644682967104,0.7095660002960358,18.222775997855933,19.03890646644868
1824,16560.01298777021,16560.013112112,16560.013112112,16560.013785496,16560.02753336,3,COMPLETED,True,burst_3,24,0.12434179006959312,0.6733840018569026,13.747863999014953,14.545589790941449
1825,16560.025190626617,16560.025316229,16560.025316229,16560.025983729,16560.03932131,0,COMPLETED,True,burst_3,25,0.12560238246805966,0.667500000417931,13.337581000087084,14.130683382973075
1826,16560.028661333905,16560.028795928,16560.028795928,16560.029335164,16560.042885637,1,COMPLETED,True,burst_3,26,0.1345940945611801,0.5392359998950269,13.550473002396757,14.224303096852964
1827,16560.03160366247,16560.031728797,16560.031728797,16560.03248942,16560.051669738,2,COMPLETED,True,burst_3,27,0.12513452747953124,0.7606229992234148,19.180318002327112,20.06607552903006
1828,16560.03615378816,16560.036182074,16560.036182074,16560.036644599,16560.05019466,3,COMPLETED,True,burst_3,28,0.028285838197916746,0.4625250003300607,13.550061001296854,14.040871839824831
1829,16560.043175606042,16560.043286569,16560.043286569,16560.044068791,16560.057365879,0,COMPLETED,True,burst_3,29,0.11096295929746702,0.7822219995432533,13.297088000399526,14.190272959240247
1830,16560.044667837952,16560.04479192,16560.04479192,16560.045161524,16560.058845775,1,COMPLETED,True,burst_3,30,0.12408204929670319,0.3696040002978407,13.6842509964481,14.177937046042643
1831,16560.047211831523,16560.047316078,16560.047316078,16560.050402061,16560.064498438,3,COMPLETED,True,burst_3,31,0.10424647553008981,3.0859830003464594,14.096377002715599,17.286606478592148
1832,16560.047948842188,16560.048053357,16560.048053357,16560.051916765,16560.066837788,2,COMPLETED,True,burst_3,32,0.1045148128469009,3.8634080010524485,14.921022997441469,18.888945811340818
1833,16560.062277287834,16560.062461763,16560.062461763,16560.062964486,16560.07638791,0,COMPLETED,True,burst_3,33,0.18447516413289122,0.5027229999541305,13.423424003121909,14.11062216720893
1834,16560.066901616363,16560.066998025,16560.066998025,16560.067416599,16560.081432841,1,COMPLETED,True,burst_3,34,0.09640863572712988,0.4185739999229554,14.016242002981016,14.531224638631102
1835,16560.06818577022,16560.068304305,16560.068304305,16560.068678273,16560.082314292,3,COMPLETED,True,burst_3,35,0.1185347828140948,0.37396799962152727,13.63601900084177,14.128521783277392
1836,16560.06927279419,16560.06940146,16560.06940146,16560.069715583,16560.083257763,2,COMPLETED,True,burst_3,36,0.12866581164416857,0.3141229972243309,13.542180000513326,13.984968809381826
1837,16560.06969810803,16560.069926847,16560.069926847,16560.07674887,16560.090292004,0,COMPLETED,True,burst_3,37,0.2287389725097455,6.8220229986764025,13.543133998609846,20.593895969795994
1838,16560.079681634503,16560.079865742,16560.079865742,16560.081806601,16560.095377646,1,COMPLETED,True,burst_3,38,0.1841074954427313,1.9408590014791116,13.571045001299353,15.696011498221196
1839,16560.079899542332,16560.080052013,16560.080052013,16560.082684251,16560.0966957,3,COMPLETED,True,burst_3,39,0.1524706676718779,2.6322379999328405,14.011448998644482,16.7961576662492
1840,16560.086717440292,16560.086855723,16560.086855723,16560.087557214,16560.101464588,2,COMPLETED,True,burst_3,40,0.13828270675730892,0.7014910006546415,13.907373999245465,14.747147706657415
1841,16560.090479591145,16560.090587028,16560.090587028,16560.090995013,16560.104899351,0,COMPLETED,True,burst_3,41,0.107436855614651,0.4079850004927721,13.904338000429561,14.419759856536984
1842,16560.098599213714,16560.098700573,16560.098700573,16560.099115293,16560.112936052,1,COMPLETED,True,burst_3,42,0.10135928459931165,0.4147200015722774,13.820758998917881,14.33683828508947
1843,16560.103969429365,16560.104135632,16560.104135632,16560.104753689,16560.121432526,3,COMPLETED,True,burst_3,43,0.16620263340882957,0.6180570017022546,16.678837000654312,17.463096635765396
1844,16560.109350135815,16560.109473224,16560.109473224,16560.109897879,16560.123137618,2,COMPLETED,True,burst_3,44,0.123088186228415,0.42465499791433103,13.23973900070996,13.787482184852706
1845,16560.1308938988,16560.130981701,16560.130981701,16560.13144168,16560.144687259,0,COMPLETED,True,burst_3,45,0.08780220014159568,0.45997900087968446,13.245578997157281,13.793360198178561
1846,16560.13434416804,16560.134426091,16560.134426091,16560.13476181,16560.147837838,1,COMPLETED,True,burst_3,46,0.08192296081688255,0.3357189998496324,13.076028000796214,13.493669961462729
1847,16560.14441892716,16560.144548457,16560.144548457,16560.145026299,16560.15845368,3,COMPLETED,True,burst_3,47,0.12952983888681047,0.477842000691453,13.427380999928573,14.034752839506837
1848,16560.153208917356,16560.153292503,16560.153292503,16560.153885835,16560.167687105,2,COMPLETED,True,burst_3,48,0.08358564446098171,0.5933319989708252,13.801270000840304,14.478187644272111
1849,16560.161159877676,16560.16135071,16560.16135071,16560.161846623,16560.174771793,0,COMPLETED,True,burst_3,49,0.190832324733492,0.4959129983035382,12.925170001835795,13.611915324872825
1850,16560.1822759584,16560.182365059,16560.182365059,16560.18279354,16560.196323509,1,COMPLETED,True,burst_3,50,0.08910060205380432,0.42848099838010967,13.529969000956044,14.047550601389958
1851,16560.189874468182,16560.1899602,16560.1899602,16560.190356538,16560.203892512,3,COMPLETED,True,burst_3,51,0.08573181912652217,0.39633800042793155,13.53597399793216,14.018043817486614
1852,16560.190173289222,16560.190273023,16560.190273023,16560.191125237,16560.21042261,2,COMPLETED,True,burst_3,52,0.09973377746064216,0.8522140014974866,19.297372997243656,20.249320776201785
1853,16560.192920863257,16560.193022246,16560.193022246,16560.193593478,16560.207018718,0,COMPLETED,True,burst_3,53,0.10138274228665978,0.5712320016755257,13.425239998468896,14.097854742431082
1854,16560.194790280195,16560.194973418,16560.194973418,16560.196698794,16560.21012838,1,COMPLETED,True,burst_3,54,0.18313780674361624,1.725375997921219,13.429586000711424,15.33809980537626
1855,16560.21714123471,16560.217229745,16560.217229745,16560.217638216,16560.230809414,3,COMPLETED,True,burst_3,55,0.0885102926986292,0.40847099808161147,13.171197999326978,13.668179290107219
1856,16560.22087650757,16560.220962253,16560.220962253,16560.221519788,16560.241649527,0,COMPLETED,True,burst_3,56,0.0857454288052395,0.557535000552889,20.129739001276903,20.77301943063503
1857,16560.230672220092,16560.230835174,16560.230835174,16560.231505471,16560.250537418,1,COMPLETED,True,burst_3,57,0.16295390742016025,0.6702970022161026,19.031946998438798,19.86519790807506
1858,16560.23550713909,16560.235591085,16560.235591085,16560.236071608,16560.249656432,2,COMPLETED,True,burst_3,58,0.0839459098642692,0.4805230018973816,13.584823998826323,14.149292910587974
1859,16560.242332125243,16560.24247381,16560.24247381,16560.243070686,16560.261000138,3,COMPLETED,True,burst_3,59,0.14168475900078192,0.5968759978713933,17.929452002135804,18.66801275900798
1860,16560.244750557496,16560.244849672,16560.244849672,16560.245296777,16560.258846867,0,COMPLETED,True,burst_3,60,0.09911450251820497,0.44710500151268207,13.550089999625925,14.096309503656812
1861,16560.25244596425,16560.252560459,16560.252560459,16560.253202919,16560.26709572,2,COMPLETED,True,burst_3,61,0.11449475277913734,0.6424599996535107,13.892800998291932,14.64975575072458
1862,16560.26091802507,16560.261058121,16560.261058121,16560.261762829,16560.275659897,1,COMPLETED,True,burst_3,62,0.14009592996444553,0.7047079998301342,13.897068001824664,14.741871931619244
1863,16560.297505558192,16560.297596668,16560.297596668,16560.298498236,16560.317969873,0,COMPLETED,True,burst_3,63,0.09110980681725778,0.9015680006996263,19.47163699878729,20.464314806304174
1864,16560.298114785168,16560.298197546,16560.298197546,16560.298618851,16560.313152889,3,COMPLETED,True,burst_3,64,0.08276083099190146,0.4213050015096087,14.534038000419969,15.038103832921479
1865,16560.302010895106,16560.302138417,16560.302138417,16560.302574183,16560.317756543,2,COMPLETED,True,burst_3,65,0.12752189286402427,0.4357660000096075,15.182360002654605,15.745647895528236
1866,16560.30298161681,16560.303154856,16560.303154856,16560.303832346,16560.31781997,1,COMPLETED,True,burst_3,66,0.17323919018963352,0.6774899993615691,13.987624002766097,14.8383531923173
1867,16560.30578653687,16560.305946011,16560.305946011,16560.313324329,16560.330749908,3,COMPLETED,True,burst_3,67,0.15947413339745253,7.378317997790873,17.425579000700964,24.96337113188929
1868,16560.313666840782,16560.313872402,16560.313872402,16560.318239191,16560.332921472,2,COMPLETED,True,burst_3,68,0.20556121671688743,4.366789002233418,14.682280998385977,19.254631217336282
1869,16560.316451618994,16560.316551342,16560.316551342,16560.318367146,16560.337531353,1,COMPLETED,True,burst_3,69,0.09972300540539436,1.8158040002163034,19.164207002177136,21.079734007798834
1870,16560.32313037367,16560.323287583,16560.323287583,16560.323824479,16560.337857579,0,COMPLETED,True,burst_3,70,0.15720933151897043,0.5368960009946022,14.03310000023339,14.727205332746962
1871,16560.363958897124,16560.364057374,16560.364057374,16560.364607541,16560.378215596,3,COMPLETED,True,baseline_4,71,0.09847687761066481,0.5501669984369073,13.608055000077002,14.256698876124574
1872,16560.369277058973,16560.369397606,16560.369397606,16560.370001465,16560.384355355,2,COMPLETED,True,baseline_4,72,0.12054702528985217,0.6038589999661781,14.353890001075342,15.078296026331373
1873,16560.376251779933,16560.376382814,16560.376382814,16560.377147376,16560.390566553,1,COMPLETED,True,baseline_4,73,0.13103406672598794,0.7645619989489205,13.419177001196658,14.314773066871567
1874,16560.42037506773,16560.420459353,16560.420459353,16560.421320268,16560.44089584,0,COMPLETED,True,baseline_4,74,0.08428527144133113,0.8609149990661535,19.575572001485853,20.520772271993337
1875,16560.470914485533,16560.471041335,16560.471041335,16560.472135845,16560.492346953,3,COMPLETED,True,baseline_4,75,0.12684946705121547,1.0945100002572872,20.211107999784872,21.432467467093375
1876,16560.498019079077,16560.498176603,16560.498176603,16560.499123833,16560.518102696,2,COMPLETED,True,baseline_4,76,0.15752392209833488,0.9472300007473677,18.97886300139362,20.083616924239323
1877,16560.50182916668,16560.501997318,16560.501997318,16560.502842798,16560.522773178,1,COMPLETED,True,baseline_4,77,0.16815132039482705,0.8454800008621532,19.930380000005243,20.944011321262224
1878,16560.53155680189,16560.5316898,16560.5316898,16560.532602204,16560.552403224,0,COMPLETED,True,baseline_4,78,0.13299810962053016,0.9124040007009171,19.801020000159042,20.84642211048049
1879,16560.541480204924,16560.541634817,16560.541634817,16560.542383739,16560.560152341,3,COMPLETED,True,baseline_4,79,0.15461207658518106,0.7489220006391406,17.768601999705425,18.672136076929746
1880,16560.550101508725,16560.550235636,16560.550235636,16560.551171445,16560.569741066,2,COMPLETED,True,baseline_4,80,0.1341272763966117,0.9358089992019814,18.569620999187464,19.639557274786057
1881,16560.555418701402,16560.555528945,16560.555528945,16560.556246455,16560.569734286,1,COMPLETED,True,baseline_4,81,0.11024359628208913,0.7175099999585655,13.487831001839368,14.315584598080022
1882,16560.562273959466,16560.562456313,16560.562456313,16560.563174547,16560.577186791,0,COMPLETED,True,baseline_4,82,0.1823535349103622,0.7182339977589436,14.012244002515217,14.912831535184523
1883,16560.58660259534,16560.586696487,16560.586696487,16560.587445498,16560.603810175,3,COMPLETED,True,baseline_4,83,0.0938916600716766,0.7490110001526773,16.364676997909555,17.20757965813391
1884,16560.588570615368,16560.588656116,16560.588656116,16560.589097399,16560.602334826,1,COMPLETED,True,baseline_4,84,0.0855006328492891,0.4412829985085409,13.237426999694435,13.764210631052265
1885,16560.610246400458,16560.610406451,16560.610406451,16560.611066167,16560.624070888,2,COMPLETED,True,baseline_4,85,0.16005054203560576,0.6597159990633372,13.004721000470454,13.824487541569397
1886,16560.6824952584,16560.682638103,16560.682638103,16560.683245226,16560.701394426,0,COMPLETED,True,baseline_4,86,0.14284460121416487,0.6071229981898796,18.149200001062127,18.89916760046617
1887,16560.694587110014,16560.69472905,16560.69472905,16560.695515515,16560.715541333,1,COMPLETED,True,baseline_4,87,0.14193998504197225,0.786464999691816,20.02581800115877,20.954222985892557
1888,16560.702043554647,16560.702207259,16560.702207259,16560.702981579,16560.722929838,3,COMPLETED,True,baseline_4,88,0.16370435332646593,0.7743200003460515,19.948258999647805,20.886283353320323
1889,16560.74571010814,16560.745904338,16560.745904338,16560.746726602,16560.761046998,2,COMPLETED,True,baseline_4,89,0.1942298586072866,0.8222639989980962,14.320395999675384,15.336889857280767
1890,16560.749976106217,16560.750057101,16560.750057101,16560.75080393,16560.764864099,0,COMPLETED,True,baseline_4,90,0.0809947814559564,0.7468290023098234,14.060169000003953,14.887992783769732
1891,16560.75240906693,16560.752562545,16560.752562545,16560.75338323,16560.77171509,1,COMPLETED,True,baseline_4,91,0.15347807129728608,0.8206849997804966,18.3318599993072,19.30602307038498
1892,16560.78370743284,16560.783820571,16560.783820571,16560.784441767,16560.79821891,3,COMPLETED,True,baseline_4,92,0.11313815775793046,0.6211959989741445,13.777143001789227,14.511477158521302
1893,16560.787527762306,16560.787700341,16560.787700341,16560.788427574,16560.802117028,2,COMPLETED,True,baseline_4,93,0.17257869330933318,0.7272330003615934,13.689454000996193,14.58926569466712
1894,16560.792642498312,16560.792826165,16560.792826165,16560.79356335,16560.807937855,0,COMPLETED,True,baseline_4,94,0.18366668882663362,0.7371849969786126,14.374505000887439,15.295356686692685
1895,16560.79825793719,16560.79847301,16560.79847301,16560.799398331,16560.818531329,1,COMPLETED,True,baseline_4,95,0.2150728105334565,0.9253210009774193,19.132998000713997,20.273391812224872
1896,16560.821690874407,16560.821786531,16560.821786531,16560.822233112,16560.835499284,3,COMPLETED,True,baseline_4,96,0.09565659274812788,0.4465810015972238,13.266171998111531,13.808409592456883
1897,16560.85530412555,16560.855483769,16560.855483769,16560.856123702,16560.871404014,2,COMPLETED,True,baseline_4,97,0.1796434480638709,0.6399330013664439,15.28031199995894,16.099888449389255
1898,16560.862728638087,16560.862827747,16560.862827747,16560.863431891,16560.876737954,0,COMPLETED,True,baseline_4,98,0.09910891458275728,0.6041439992259257,13.306062999618007,14.00931591342669
1899,16560.867447986788,16560.867597833,16560.867597833,16560.868335573,16560.888614256,1,COMPLETED,True,baseline_4,99,0.1498462115705479,0.7377399997494649,20.27868300137925,21.166269212699262
1900,16560.9856946964,16560.985839585,16560.985839585,16560.986847746,16561.007505139,3,COMPLETED,True,baseline_4,100,0.14488859960692935,1.0081610016641207,20.657393000874436,21.810442602145486
1901,16561.002696865602,16561.002958798,16561.002958798,16561.004098082,16561.024380102,2,COMPLETED,True,baseline_4,101,0.2619323968247045,1.1392840024200268,20.282019999285694,21.683236398530426
1902,16561.013882071653,16561.014141321,16561.014141321,16561.015077639,16561.029958938,0,COMPLETED,True,baseline_4,102,0.25924934743670747,0.936317999730818,14.881299000990111,16.076866348157637
1903,16561.041843037314,16561.041986412,16561.041986412,16561.042787139,16561.057658743,1,COMPLETED,True,baseline_4,103,0.1433746874681674,0.8007269971130881,14.871604002109962,15.815705686691217
1904,16561.064498017244,16561.064581038,16561.064581038,16561.065379571,16561.079612686,3,COMPLETED,True,baseline_4,104,0.08302075730171055,0.7985329975781497,14.233115001843544,15.114668756723404
1905,16561.0808169517,16561.080962454,16561.080962454,16561.081934581,16561.097008591,2,COMPLETED,True,baseline_4,105,0.14550230116583407,0.9721269998408388,15.074009999807458,16.19163930081413
1906,16561.112415887943,16561.112578034,16561.112578034,16561.11334506,16561.131341726,0,COMPLETED,True,baseline_4,106,0.16214605784625746,0.7670259983569849,17.996665999817196,18.92583805602044
1907,16561.1276036998,16561.127700289,16561.127700289,16561.128512082,16561.143234088,1,COMPLETED,True,baseline_4,107,0.09658919952926226,0.8117930010484997,14.722005998919485,15.630388199497247
1908,16561.155114896876,16561.155352097,16561.155352097,16561.156219078,16561.173808509,3,COMPLETED,True,baseline_4,108,0.2372001254116185,0.8669809976709075,17.589431001397315,18.69361212447984
1909,16561.161506747198,16561.161670936,16561.161670936,16561.162452499,16561.181482769,2,COMPLETED,True,baseline_4,109,0.1641888011363335,0.7815630015102215,19.030269999348093,19.976021801994648
1910,16561.210795666866,16561.210951686,16561.210951686,16561.211744689,16561.229307533,0,COMPLETED,True,baseline_4,110,0.1560191340104211,0.7930030005809385,17.562844001076883,18.511866135668242
1911,16561.248263461133,16561.248355448,16561.248355448,16561.24923766,16561.269201188,1,COMPLETED,True,baseline_4,111,0.09198686529998668,0.882211999851279,19.963528000516817,20.937726865668083
1912,16561.297518911168,16561.297701477,16561.297701477,16561.298505498,16561.314295366,3,COMPLETED,True,baseline_4,112,0.18256583280162886,0.8040210013859905,15.789867997227702,16.77645483141532
1913,16561.334826486487,16561.335102354,16561.335102354,16561.335950551,16561.353969889,2,COMPLETED,True,baseline_4,113,0.2758675145742018,0.848196999868378,18.019338000158314,19.143402514600893
1914,16561.417803987355,16561.417968896,16561.417968896,16561.418695831,16561.436466067,0,COMPLETED,True,baseline_4,114,0.16490864436491393,0.7269349989655893,17.77023600152461,18.662079644855112
1915,16561.44360006261,16561.443759144,16561.443759144,16561.444538624,16561.46405045,1,COMPLETED,True,baseline_4,115,0.15908139175735414,0.7794800003466662,19.51182599805179,20.45038739015581
1916,16561.470570598838,16561.470729827,16561.470729827,16561.47150928,16561.491260572,3,COMPLETED,True,baseline_4,116,0.15922816237434745,0.77945299926796,19.75129199854564,20.689973160187947
1917,16561.484065388733,16561.48422007,16561.48422007,16561.485106315,16561.504967647,2,COMPLETED,True,baseline_4,117,0.15468126730411313,0.8862450013111811,19.86133199898177,20.902258267597063
1918,16561.487181931003,16561.487312299,16561.487312299,16561.487993005,16561.507314859,0,COMPLETED,True,baseline_4,118,0.13036799646215513,0.6807060017308686,19.321854000736494,20.132927998929517
1919,16561.49945451187,16561.499619129,16561.499619129,16561.500534571,16561.515029674,1,COMPLETED,True,baseline_4,119,0.16461712948512286,0.9154420004051644,14.495102997898357,15.575162127788644
1920,16561.509358181615,16561.509563636,16561.509563636,16561.510549058,16561.530274556,3,COMPLETED,True,baseline_4,0,0.20545438383123837,0.9854220006673131,19.725498001207598,20.91637438570615
1921,16561.518662368144,16561.518807449,16561.518807449,16561.519550106,16561.536152347,2,COMPLETED,True,baseline_4,1,0.14508085587294772,0.7426570009556599,16.602240997599438,17.489978854428045
1922,16561.54573910013,16561.545899778,16561.545899778,16561.546461564,16561.559219544,0,COMPLETED,True,baseline_4,2,0.16067787146312185,0.5617860006168485,12.757979999150848,13.480443871230818
1923,16561.56370479626,16561.563796225,16561.563796225,16561.564413911,16561.582729586,1,COMPLETED,True,baseline_4,3,0.0914287411433179,0.6176860006235074,18.315674999030307,19.024789740797132
1924,16561.649134283663,16561.649387609,16561.649387609,16561.650218355,16561.670051039,3,COMPLETED,True,baseline_4,4,0.25332533550681546,0.8307460011565126,19.832683999993606,20.916755336656934
1925,16561.83412634381,16561.834382631,16561.834382631,16561.835301621,16561.8538505,2,COMPLETED,True,baseline_4,5,0.2562871923146304,0.9189899974444415,18.54887900117319,19.724156190932263
1926,16561.838243715218,16561.838496282,16561.838496282,16561.839447645,16561.859550151,0,COMPLETED,True,baseline_4,6,0.25256678054574877,0.9513630029687192,20.102505997783737,21.306435781298205
1927,16561.841090395195,16561.841242094,16561.841242094,16561.841911843,16561.861396406,1,COMPLETED,True,baseline_4,7,0.15169880498433486,0.6697489989164751,19.48456299942336,20.30601080332417
1928,16561.843845324733,16561.844088499,16561.844088499,16561.844839456,16561.864863974,3,COMPLETED,True,baseline_4,8,0.24317426868947223,0.7509569986723363,20.024517998535885,21.018649265897693
1929,16561.884316197677,16561.884499878,16561.884499878,16561.885255432,16561.898358674,2,COMPLETED,True,baseline_4,9,0.1836803239712026,0.7555539996246807,13.103241999488091,14.042476323083974
1930,16561.885622633377,16561.885727789,16561.885727789,16561.8861244,16561.900594686,0,COMPLETED,True,baseline_4,10,0.10515562098589726,0.3966110016335733,14.470286001596833,14.972052624216303
1931,16561.889324566047,16561.889456459,16561.889456459,16561.890168115,16561.903928081,1,COMPLETED,True,baseline_4,11,0.13189295350457542,0.7116559972928371,13.759966001089197,14.60351495188661
1932,16561.89082782148,16561.890997109,16561.890997109,16561.891893543,16561.910176093,3,COMPLETED,True,baseline_4,12,0.1692875193839427,0.8964340013335459,18.28254999782075,19.34827151853824
1933,16561.899711929673,16561.899784395,16561.899784395,16561.900502032,16561.913430516,2,COMPLETED,True,baseline_4,13,0.07246532550198026,0.717637001798721,12.928484000440221,13.718586327740923
1934,16561.92293192392,16561.923066616,16561.923066616,16561.924064498,16561.941891293,0,COMPLETED,True,baseline_4,14,0.1346920798823703,0.9978819980460685,17.826795003202278,18.959369081130717
1935,16561.934077297763,16561.934191538,16561.934191538,16561.934897034,16561.951320918,1,COMPLETED,True,baseline_4,15,0.1142402361438144,0.7054960005916655,16.423884000687394,17.243620237422874
1936,16561.953703772193,16561.953809528,16561.953809528,16561.954653256,16561.972724466,3,COMPLETED,True,baseline_4,16,0.10575580745353363,0.8437280012003612,18.07120999728795,19.020693805941846
1937,16561.969203851622,16561.969312923,16561.969312923,16561.970050554,16561.983505414,2,COMPLETED,True,baseline_4,17,0.10907137766480446,0.7376309986284468,13.454859999910695,14.301562376203947
1938,16561.983327528607,16561.983491801,16561.983491801,16561.984521806,16562.004335694,0,COMPLETED,True,baseline_4,18,0.16427239097538404,1.0300050016667228,19.81388800049899,21.0081653931411
1939,16561.98906444724,16561.989162326,16561.989162326,16561.989538916,16562.002910493,1,COMPLETED,True,baseline_4,19,0.09787876115296967,0.3765900000871625,13.371576998906676,13.846045760146808
1940,16561.994227237265,16561.994388172,16561.994388172,16561.99518714,16562.013037809,3,COMPLETED,True,baseline_4,20,0.16093473459477536,0.79896800161805,17.850668999017216,18.81057173523004
1941,16562.042257775585,16562.042469526,16562.042469526,16562.043180285,16562.061278833,2,COMPLETED,True,baseline_4,21,0.21175041547394358,0.7107589990482666,18.098548000125447,19.021057414647657
1942,16562.11099767089,16562.111110013,16562.111110013,16562.111807201,16562.129658861,1,COMPLETED,True,baseline_4,22,0.11234210978727788,0.6971879993216135,17.851659998996183,18.661190108105075
1943,16562.148136177868,16562.148255056,16562.148255056,16562.149128378,16562.168151712,0,COMPLETED,True,baseline_4,23,0.1188781316159293,0.873322002007626,19.023333999939496,20.01553413356305
1944,16562.15886867609,16562.158905474,16562.158905474,16562.159751941,16562.179522839,3,COMPLETED,True,baseline_4,24,0.036797908251173794,0.8464669990644325,19.77089800129761,20.654162908613216
1945,16562.190221713412,16562.190417526,16562.190417526,16562.191267976,16562.210869488,2,COMPLETED,True,baseline_4,25,0.1958125867531635,0.8504500001436099,19.60151200182736,20.647774588724133
1946,16562.20700448695,16562.207139121,16562.207139121,16562.207844017,16562.220963758,1,COMPLETED,True,baseline_4,26,0.1346340504824184,0.7048959996609483,13.11974100099178,13.959271051135147
1947,16562.21082506311,16562.210959519,16562.210959519,16562.21216054,16562.232600231,0,COMPLETED,True,baseline_4,27,0.1344558913842775,1.201020997541491,20.43969100122922,21.77516789015499
1948,16562.235591813813,16562.235727097,16562.235727097,16562.23658066,16562.25648552,3,COMPLETED,True,baseline_4,28,0.13528318595490418,0.8535630004189443,19.904860000679037,20.893706187052885
1949,16562.297770166908,16562.297909989,16562.297909989,16562.298786531,16562.316729488,2,COMPLETED,True,baseline_4,29,0.13982209202367812,0.8765419988776557,17.94295700165094,18.959321092552273
1950,16562.32741377718,16562.327503277,16562.327503277,16562.328190324,16562.347028422,1,COMPLETED,True,baseline_4,30,0.08949981929617934,0.6870469987916294,18.838097999832826,19.614644817920635
1951,16562.381609003667,16562.381749393,16562.381749393,16562.38270176,16562.400610991,0,COMPLETED,True,baseline_4,31,0.14038933295523748,0.952367001445964,17.909230999066494,19.001987333467696
1952,16562.385213301943,16562.385408012,16562.385408012,16562.386259063,16562.405864748,3,COMPLETED,True,baseline_4,32,0.19471005725790747,0.8510510015184991,19.605684999987716,20.651446058764122
1953,16562.396851159963,16562.397041536,16562.397041536,16562.397845365,16562.415297179,2,COMPLETED,True,baseline_4,33,0.19037603851757012,0.8038289997784887,17.45181399746798,18.44601903576404
1954,16562.445319214163,16562.445457241,16562.445457241,16562.446148201,16562.461229107,1,COMPLETED,True,baseline_4,34,0.13802683679386973,0.6909600015205797,15.080905999639072,15.909892837953521
1955,16562.482750389398,16562.482888584,16562.482888584,16562.483815319,16562.502783447,0,COMPLETED,True,baseline_4,35,0.13819460218655877,0.9267349996662233,18.96812799895997,20.033057600812754
1956,16562.488266371463,16562.488423527,16562.488423527,16562.489333653,16562.508407676,3,COMPLETED,True,baseline_4,36,0.15715553672634996,0.9101260002353229,19.074022999120643,20.141304536082316
1957,16562.536440613665,16562.53657865,16562.53657865,16562.53735353,16562.555391419,2,COMPLETED,True,baseline_4,37,0.13803633555653505,0.774879998061806,18.037888999970164,18.950805333588505
1958,16562.589539781304,16562.589688767,16562.589688767,16562.590283383,16562.606239199,1,COMPLETED,True,baseline_4,38,0.14898569497745484,0.5946160017629154,15.955816001223866,16.699417697964236
1959,16562.604470783925,16562.604600998,16562.604600998,16562.605511925,16562.624746158,0,COMPLETED,True,baseline_4,39,0.13021407357882708,0.9109270031331107,19.234232997405343,20.27537407411728
1960,16562.630626536273,16562.630643298,16562.630643298,16562.631391736,16562.650475581,3,COMPLETED,True,baseline_4,40,0.016761729057179764,0.7484379966626875,19.08384499984095,19.849044725560816
1961,16562.63286061815,16562.632960278,16562.632960278,16562.633565531,16562.653257192,2,COMPLETED,True,baseline_4,41,0.09965985009330325,0.6052530006854795,19.69166100025177,20.396573851030553
1962,16562.641384967177,16562.641546804,16562.641546804,16562.64220513,16562.658031203,1,COMPLETED,True,baseline_4,42,0.16183682237169705,0.6583260001207236,15.826072998606833,16.646235821099253
1963,16562.703983358515,16562.704120953,16562.704120953,16562.704782453,16562.718367247,0,COMPLETED,True,baseline_4,43,0.13759448484051973,0.6614999983867165,13.58479400005308,14.383888483280316
1964,16562.705241187552,16562.705388913,16562.705388913,16562.706009557,16562.724816113,3,COMPLETED,True,baseline_4,44,0.14772544818697497,0.6206440011737868,18.806555999617558,19.57492544897832
1965,16562.705930194887,16562.706058392,16562.706058392,16562.706594818,16562.725410471,2,COMPLETED,True,baseline_4,45,0.1281971126445569,0.5364259995985776,18.815653002093313,19.480276114336448
1966,16562.731231808986,16562.73136693,16562.73136693,16562.732158851,16562.748371875,1,COMPLETED,True,baseline_4,46,0.13512101213564165,0.7919210002000909,16.21302400235436,17.140066014690092
1967,16562.944849500254,16562.945009504,16562.945009504,16562.946101023,16562.965963272,0,COMPLETED,True,baseline_4,47,0.16000374671421014,1.0915189996012487,19.86224899883382,21.11377174514928
1968,16562.95426058716,16562.954419391,16562.954419391,16562.955452266,16562.976146186,3,COMPLETED,True,baseline_4,48,0.1588038394402247,1.0328749995096587,20.69391999975778,21.885598838707665
1969,16562.987412160135,16562.987554664,16562.987554664,16562.988606264,16563.008870783,2,COMPLETED,True,baseline_4,49,0.14250386448111385,1.0516000002098735,20.264519000193104,21.45862286488409
1970,16563.02113336611,16563.021270849,16563.021270849,16563.022211113,16563.038655133,1,COMPLETED,True,baseline_4,50,0.1374828898406122,0.9402639989275485,16.444020002381876,17.521766891150037
1971,16563.069497111745,16563.069606902,16563.069606902,16563.070325687,16563.086043004,0,COMPLETED,True,baseline_4,51,0.10979025682900101,0.7187849987531081,15.717317000962794,16.545892256544903
1972,16563.121720587726,16563.121867183,16563.121867183,16563.123167233,16563.143218756,3,COMPLETED,True,baseline_4,52,0.14659527369076386,1.3000500002817716,20.051522998983273,21.49816827295581
1973,16563.13666375821,16563.13684945,16563.13684945,16563.137576063,16563.155208286,2,COMPLETED,True,baseline_4,53,0.18569178791949525,0.7266130014613736,17.632222999964142,18.54452778934501
1974,16563.155258195053,16563.155397602,16563.155397602,16563.156245251,16563.174332495,1,COMPLETED,True,baseline_4,54,0.13940694771008566,0.8476490002067294,18.087243999616476,19.07429994753329
1975,16563.169586555723,16563.169721229,16563.169721229,16563.170693283,16563.190733182,0,COMPLETED,True,baseline_4,55,0.13467327516991645,0.9720540001580957,20.03989900185843,21.146626277186442
1976,16563.208848173985,16563.208950874,16563.208950874,16563.209649368,16563.227950443,3,COMPLETED,True,baseline_4,56,0.10270001439494081,0.6984940009715501,18.301075000636047,19.102269016002538
1977,16563.226403080193,16563.226545652,16563.226545652,16563.227228804,16563.24654892,2,COMPLETED,True,baseline_4,57,0.1425718073733151,0.6831520004197955,19.32011600001715,20.145839807810262
1978,16563.285685996398,16563.285869953,16563.285869953,16563.286522347,16563.306085454,1,COMPLETED,True,baseline_4,58,0.18395660299574956,0.6523939991893712,19.563107001886237,20.399457604071358
1979,16563.287552212147,16563.287714477,16563.287714477,16563.288177061,16563.303574781,0,COMPLETED,True,baseline_4,59,0.16226485240622424,0.46258400107035413,15.397719998873072,16.02256885234965
1980,16563.320707626972,16563.320851121,16563.320851121,16563.321635837,16563.343593484,3,COMPLETED,True,baseline_4,60,0.14349402772495523,0.7847160013625398,21.957647000817815,22.88585702990531
1981,16563.324952722072,16563.32508606,16563.32508606,16563.325589616,16563.340213195,2,COMPLETED,True,baseline_4,61,0.13333792594494298,0.5035560025135055,14.623578997998266,15.260472926456714
1982,16563.349706786004,16563.349799636,16563.349799636,16563.350245787,16563.364111905,0,COMPLETED,True,baseline_4,62,0.09284999396186322,0.446151003416162,13.866117998986738,14.405118996364763
1983,16563.355955523915,16563.356090736,16563.356090736,16563.356592279,16563.370334814,1,COMPLETED,True,baseline_4,63,0.13521208529709838,0.5015429997001775,13.742535000346834,14.37929008534411
1984,16563.36632588168,16563.366444392,16563.366444392,16563.366967781,16563.381278727,2,COMPLETED,True,baseline_4,64,0.1185103174066171,0.5233890005911235,14.310946000477998,14.952845318475738
1985,16563.38122980696,16563.381329203,16563.381329203,16563.381936563,16563.397319372,3,COMPLETED,True,baseline_4,65,0.09939603842212819,0.6073600015952252,15.38280900058453,16.089565040601883
1986,16563.466047888513,16563.466168385,16563.466168385,16563.466887249,16563.48120949,0,COMPLETED,True,baseline_4,66,0.12049648648826405,0.7188640011008829,14.3222410006274,15.161601488216547
1987,16563.51468371524,16563.514828124,16563.514828124,16563.515827397,16563.536462158,1,COMPLETED,True,baseline_4,67,0.14440876111621037,0.9992730010708328,20.634761000110302,21.778442762297345
1988,16563.560167793672,16563.560308154,16563.560308154,16563.56116028,16563.575265323,2,COMPLETED,True,baseline_4,68,0.14036032735020854,0.8521260024281219,14.105042999290163,15.097529329068493
1989,16563.64076753293,16563.640907352,16563.640907352,16563.641710479,16563.661392814,3,COMPLETED,True,baseline_4,69,0.13981907250126824,0.803127000835957,19.682334997924045,20.62528107126127
1990,16563.643936858367,16563.644118196,16563.644118196,16563.644787759,16563.664966805,0,COMPLETED,True,baseline_4,70,0.18133763296646066,0.6695629999740049,20.179046001430834,21.0299466343713
1991,16563.671398231774,16563.671537585,16563.671537585,16563.672179109,16563.690813354,1,COMPLETED,True,baseline_4,71,0.13935322567704134,0.6415239986381494,18.634244999702787,19.415122224017978
1992,16563.76755077704,16563.767695428,16563.767695428,16563.768623054,16563.786876536,2,COMPLETED,True,baseline_4,72,0.1446509595552925,0.927625998883741,18.253482001455268,19.3257589598943
1993,16563.798905572978,16563.799056089,16563.799056089,16563.80008993,16563.819955807,3,COMPLETED,True,baseline_4,73,0.1505160216765944,1.0338409992982633,19.865877002303023,21.05023402327788
1994,16563.807700609716,16563.807770135,16563.807770135,16563.808665626,16563.828145051,0,COMPLETED,True,baseline_4,74,0.06952528565307148,0.8954909972089808,19.47942500191857,20.444441284780623
1995,16563.811488409676,16563.811629163,16563.811629163,16563.812332309,16563.834778552,1,COMPLETED,True,baseline_4,75,0.14075332364882343,0.7031460008875001,22.446243001468247,23.29014232600457
1996,16563.811520938256,16563.811689558,16563.811689558,16563.812498635,16563.834778537,2,COMPLETED,True,baseline_4,76,0.16861974290804937,0.8090770024864469,22.27990199753549,23.257598742929986
1997,16563.822147264542,16563.822312603,16563.822312603,16563.823000832,16563.838700213,3,COMPLETED,True,baseline_4,77,0.16533845700905658,0.6882289999339264,15.699381001468282,16.552948458411265
1998,16563.848209568434,16563.848310917,16563.848310917,16563.848882986,16563.862424888,0,COMPLETED,True,baseline_4,78,0.10134856711374596,0.5720689987356309,13.541902000724804,14.21531956657418
1999,16563.85947456286,16563.859610203,16563.859610203,16563.860143574,16563.874123377,2,COMPLETED,True,baseline_4,79,0.1356401371594984,0.5333709996193647,13.979803003167035,14.648814139945898
2000,16563.872864383942,16563.872961322,16563.872961322,16563.873421657,16563.887831897,1,COMPLETED,True,baseline_4,80,0.0969380562310107,0.46033500257181004,14.410239997232566,14.967513056035386
2001,16563.878675754473,16563.878808407,16563.878808407,16563.879232264,16563.89266302,3,COMPLETED,True,baseline_4,81,0.1326525270997081,0.42385699998703785,13.430756000161637,13.987265527248383
2002,16563.88728572182,16563.887363617,16563.887363617,16563.887814654,16563.900866399,0,COMPLETED,True,baseline_4,82,0.07789517985656857,0.45103700176696293,13.05174499793793,13.580677179561462
2003,16563.946309389117,16563.946426367,16563.946426367,16563.947336572,16563.967524464,2,COMPLETED,True,baseline_4,83,0.11697788431774825,0.9102049989451189,20.187891997920815,21.215074881183682
2004,16563.95827606503,16563.958411984,16563.958411984,16563.959062693,16563.976165787,1,COMPLETED,True,baseline_4,84,0.13591897004516795,0.6507090001832694,17.10309400004917,17.889721970277606
2005,16563.961804603954,16563.961972756,16563.961972756,16563.962541061,16563.982772968,3,COMPLETED,True,baseline_4,85,0.16815204435260966,0.5683050003426615,20.231907001289073,20.968364045984345
2006,16563.965499250087,16563.965586611,16563.965586611,16563.965929823,16563.983742654,0,COMPLETED,True,baseline_4,86,0.08736091331229545,0.3432119992794469,17.812830999901053,18.243403912492795
2007,16563.99429034933,16563.994391434,16563.994391434,16563.995027933,16564.008949137,2,COMPLETED,True,baseline_4,87,0.10108467176905833,0.636499000393087,13.92120400123531,14.658787673397455
2008,16564.063099204057,16564.063243751,16564.063243751,16564.064044528,16564.082042615,1,COMPLETED,True,baseline_4,88,0.14454694246524014,0.8007770011317916,17.998086997977225,18.943410941574257
2009,16564.103652371752,16564.103845374,16564.103845374,16564.104818723,16564.125521326,3,COMPLETED,True,baseline_4,89,0.19300224812468514,0.9733490005601197,20.70260300024529,21.868954248930095
2010,16564.150358157272,16564.150505533,16564.150505533,16564.151318514,16564.165294867,0,COMPLETED,True,baseline_4,90,0.14737572928424925,0.8129809975798707,13.976353002362885,14.936709729227005
2011,16564.187506094037,16564.187750035,16564.187750035,16564.188638387,16564.206727569,2,COMPLETED,True,baseline_4,91,0.24394096180913039,0.8883520022209268,18.089181998220738,19.221474962250795
2012,16564.217394197312,16564.217529205,16564.217529205,16564.218518716,16564.238737395,1,COMPLETED,True,baseline_4,92,0.13500768909580074,0.989510997897014,20.21867900111829,21.343197688111104
2013,16564.22696104609,16564.227101437,16564.227101437,16564.227782654,16564.245851386,3,COMPLETED,True,baseline_4,93,0.14039091183803976,0.6812169995100703,18.068731998937437,18.890339910285547
2014,16564.23400031882,16564.234157816,16564.234157816,16564.235040448,16564.254124489,0,COMPLETED,True,baseline_4,94,0.15749718295410275,0.8826319972286001,19.08404100322514,20.12417018340784
2015,16564.249559518474,16564.249688414,16564.249688414,16564.250548395,16564.264630389,2,COMPLETED,True,baseline_4,95,0.12889552453998476,0.8599810025771149,14.081993998843245,15.070870525960345
2016,16564.286467750153,16564.286601577,16564.286601577,16564.287396438,16564.30078515,1,COMPLETED,True,baseline_4,96,0.13382684846874326,0.7948610000312328,13.388711999141378,14.317399847641354
2017,16564.323099391127,16564.323223829,16564.323223829,16564.323977599,16564.33680619,3,COMPLETED,True,baseline_4,97,0.12443787272786722,0.7537700003013015,12.82859099956113,13.706798872590298
2018,16564.32498804446,16564.325119074,16564.325119074,16564.325627957,16564.33852398,0,COMPLETED,True,baseline_4,98,0.13102954108035192,0.5088830002932809,12.896022999484558,13.53593554085819
2019,16564.337716672817,16564.337936611,16564.337936611,16564.338735878,16564.352903915,2,COMPLETED,True,baseline_4,99,0.21993818154442124,0.7992669998202473,14.168037003400968,15.187242184765637
2020,16564.430765728353,16564.430989458,16564.430989458,16564.431802594,16564.449629312,1,COMPLETED,True,baseline_4,100,0.22372964667738415,0.8131360009429045,17.82671799810487,18.863583645725157
2021,16564.43165735974,16564.431835156,16564.431835156,16564.432667229,16564.453686797,3,COMPLETED,True,baseline_4,101,0.17779626068659127,0.8320730012201238,21.019567997427657,22.029437259334372
2022,16564.43907626044,16564.439296198,16564.439296198,16564.440197083,16564.458276504,0,COMPLETED,True,baseline_4,102,0.21993755945004523,0.9008849992824253,18.07942099912907,19.20024355786154
2023,16564.439917957523,16564.440061253,16564.440061253,16564.440628368,16564.457942619,2,COMPLETED,True,baseline_4,103,0.1432954777556006,0.5671149992849678,17.314250999334035,18.024661476374604
2024,16564.474447231998,16564.474570197,16564.474570197,16564.475264805,16564.491360651,1,COMPLETED,True,baseline_4,104,0.12296500062802806,0.6946080029592849,16.09584600009839,16.913419003685704
2025,16564.4821788609,16564.482312491,16564.482312491,16564.482975802,16564.499203713,3,COMPLETED,True,baseline_4,105,0.13363009929889813,0.663310998788802,16.22791100089671,17.02485209898441
2026,16564.482918212594,16564.483027904,16564.483027904,16564.483469446,16564.505941649,2,COMPLETED,True,baseline_4,106,0.10969140566885471,0.441542000771733,22.472202999779256,23.023436406219844
2027,16564.508259943177,16564.50841456,16564.50841456,16564.508995238,16564.524835166,0,COMPLETED,True,baseline_4,107,0.1546168241475243,0.5806779990962241,15.83992800078704,16.57522282403079
2028,16564.545667275055,16564.545820752,16564.545820752,16564.546454308,16564.562596198,1,COMPLETED,True,baseline_4,108,0.15347694352385588,0.6335560028674081,16.141889998834813,16.928922945226077
2029,16564.61228044295,16564.612416917,16564.612416917,16564.612988986,16564.627706744,3,COMPLETED,True,baseline_4,109,0.1364740492135752,0.5720689987356309,14.717758000188041,15.426301048137248
2030,16564.620160160597,16564.620260746,16564.620260746,16564.620846755,16564.643228289,2,COMPLETED,True,baseline_4,110,0.10058540283353068,0.5860089986526873,22.381533999578096,23.068128401064314
2031,16564.62633634104,16564.626479885,16564.626479885,16564.627129978,16564.642567619,0,COMPLETED,True,baseline_4,111,0.14354395898408256,0.6500929994217586,15.43764100279077,16.23127796119661
2032,16564.628031605334,16564.628287276,16564.628287276,16564.628824055,16564.644800994,1,COMPLETED,True,baseline_4,112,0.25567066404619254,0.5367789999581873,15.976939001120627,16.769388665125007
2033,16564.65117926942,16564.651286235,16564.651286235,16564.651732897,16564.665530576,3,COMPLETED,True,baseline_4,113,0.10696558092604391,0.4466620011953637,13.797678999253549,14.351306581374956
2034,16564.65288569252,16564.652968295,16564.652968295,16564.653239815,16564.666849262,0,COMPLETED,True,baseline_4,114,0.08260247705038637,0.27152000257046893,13.60944699990796,13.963569479528815
2035,16564.69839592436,16564.698622503,16564.698622503,16564.699362343,16564.717469036,2,COMPLETED,True,baseline_4,115,0.22657864246866666,0.739839997550007,18.106693001755048,19.07311164177372
2036,16564.723269696104,16564.723404272,16564.723404272,16564.724260229,16564.739065694,1,COMPLETED,True,baseline_4,116,0.13457589739118703,0.8559569978388026,14.805465001700213,15.795997896930203
2037,16564.80795676703,16564.80810009,16564.80810009,16564.809186232,16564.829783102,3,COMPLETED,True,baseline_4,117,0.14332296996144578,1.0861420014407486,20.596869999280898,21.826334970683092
2038,16564.817206212454,16564.817364778,16564.817364778,16564.818129438,16564.838188974,0,COMPLETED,True,baseline_4,118,0.15856554455240257,0.7646600024600048,20.059536000189837,20.982761547202244
2039,16564.843161555225,16564.843321363,16564.843321363,16564.844292966,16564.862089876,2,COMPLETED,True,baseline_4,119,0.15980777607182972,0.9716029999253806,17.796909996832255,18.928320772829466
2040,16564.882650908097,16564.882788654,16564.882788654,16564.883670705,16564.90411657,1,COMPLETED,True,baseline_4,0,0.1377459011564497,0.8820510010991711,20.44586500051082,21.465661902766442
2041,16564.889877697136,16564.89003404,16564.89003404,16564.890581641,16564.904804517,3,COMPLETED,True,baseline_4,1,0.15634286319254898,0.5476010010170285,14.222875997802475,14.926819862012053
2042,16564.910659442816,16564.910942761,16564.910942761,16564.911690941,16564.927410686,0,COMPLETED,True,baseline_4,2,0.283318182482617,0.748180002119625,15.719744998932583,16.751243183534825
2043,16564.923760104397,16564.92391157,16564.92391157,16564.924896081,16564.944398893,2,COMPLETED,True,baseline_4,3,0.15146560326684266,0.984510999842314,19.502811999700498,20.638788602809655
2044,16564.923996339807,16564.924077124,16564.924077124,16564.924957714,16564.93873289,1,COMPLETED,True,baseline_4,4,0.08078419341472909,0.8805899997241795,13.775176001217915,14.736550194356823
2045,16564.927132804238,16564.927270506,16564.927270506,16564.92795166,16564.942619216,3,COMPLETED,True,baseline_4,5,0.13770176155958325,0.6811540006310679,14.667555999039905,15.486411761230556
2046,16564.93493602051,16564.935072315,16564.935072315,16564.935871704,16564.949226482,0,COMPLETED,True,baseline_4,6,0.13629448949359357,0.7993890030775219,13.354777998756617,14.290461491327733
2047,16564.94960491688,16564.949849072,16564.949849072,16564.950519445,16564.963524241,1,COMPLETED,True,baseline_4,7,0.24415511870756745,0.6703729995933827,13.00479600104154,13.919324119342491
2048,16564.957187492033,16564.957322865,16564.957322865,16564.958129197,16564.971373207,3,COMPLETED,True,baseline_4,8,0.1353729676338844,0.8063319983193651,13.244010002381401,14.18571496833465
2049,16564.996415064463,16564.996552581,16564.996552581,16564.996977213,16565.00996658,2,COMPLETED,True,baseline_4,9,0.13751653750659898,0.4246319986123126,12.989367001864593,13.551515537983505
2050,16565.00397995371,16565.004115022,16565.004115022,16565.00452765,16565.020153659,0,COMPLETED,True,baseline_4,10,0.13506828690879047,0.41262800004915334,15.626009000698105,16.17370528765605
2051,16565.00469986985,16565.004868507,16565.004868507,16565.005374669,16565.025117387,1,COMPLETED,True,baseline_4,11,0.1686371506366413,0.5061619995103683,19.74271799917915,20.41751714932616
2052,16565.042750974928,16565.04283919,16565.04283919,16565.043567096,16565.059061283,3,COMPLETED,True,baseline_4,12,0.08821507071843371,0.7279060009750538,15.494186998694204,16.31030807038769
2053,16565.061652668177,16565.061789966,16565.061789966,16565.06246574,16565.080802125,2,COMPLETED,True,baseline_4,13,0.13729782222071663,0.675774001138052,18.33638500102097,19.14945682437974
2054,16565.064791733934,16565.064962059,16565.064962059,16565.065477401,16565.083169691,0,COMPLETED,True,baseline_4,14,0.17032506730174646,0.5153419988346286,17.692289999104105,18.37795706524048
2055,16565.089051088158,16565.089140324,16565.089140324,16565.089958829,16565.109144152,1,COMPLETED,True,baseline_4,15,0.08923584027797915,0.8185050028259866,19.185322998964693,20.09306384206866
2056,16565.105426526665,16565.105524002,16565.105524002,16565.106381424,16565.120940525,3,COMPLETED,True,baseline_4,16,0.09747533476911485,0.857422000990482,14.559101000486407,15.513998336246004
2057,16565.136031781534,16565.136142983,16565.136142983,16565.136951204,16565.150764826,2,COMPLETED,True,baseline_4,17,0.11120146518805996,0.8082210006250534,13.813622001180192,14.733044466993306
2058,16565.149616806382,16565.14976625,16565.14976625,16565.150625937,16565.166588078,0,COMPLETED,True,baseline_4,18,0.1494436182838399,0.8596869993198197,15.962140998453833,16.971271616057493
2059,16565.16789724056,16565.168163086,16565.168163086,16565.168808345,16565.188426234,1,COMPLETED,True,baseline_4,19,0.2658454395714216,0.6452589987020474,19.617889000073774,20.528993438347243
2060,16565.190400775216,16565.19049283,16565.19049283,16565.191366291,16565.216346329,3,COMPLETED,True,baseline_4,20,0.09205478272633627,0.8734610019018874,24.980038000649074,25.945553785277298
2061,16565.218718998163,16565.218856116,16565.218856116,16565.219671993,16565.232501413,2,COMPLETED,True,baseline_4,21,0.13711783685721457,0.8158769996953197,12.829420000343816,13.78241483689635
2062,16565.276641002616,16565.276889368,16565.276889368,16565.277725786,16565.294635857,0,COMPLETED,True,baseline_4,22,0.24836538432282396,0.836417999380501,16.910071000893367,17.994854384596692
2063,16565.332753662,16565.332916827,16565.332916827,16565.333676222,16565.351641601,1,COMPLETED,True,baseline_4,23,0.16316499750246294,0.759394999477081,17.965379000088433,18.887938997067977
2064,16565.33682936742,16565.337076283,16565.337076283,16565.33801324,16565.35812188,3,COMPLETED,True,burst_4,24,0.24691558064660057,0.9369569997943472,20.108639997488353,21.2925125779293
2065,16565.338120230335,16565.338262888,16565.338262888,16565.339050781,16565.359709736,2,COMPLETED,True,burst_4,25,0.14265766367316246,0.7878930009610485,20.65895499981707,21.58950566445128
2066,16565.34259339079,16565.342775035,16565.342775035,16565.343296137,16565.362733054,0,COMPLETED,True,burst_4,26,0.18164420907851309,0.5211020034039393,19.43691699852934,20.139663211011793
2067,16565.346285135376,16565.346409497,16565.346409497,16565.351785586,16565.366151592,1,COMPLETED,True,burst_4,27,0.12436162433004938,5.376089000492357,14.366005998454057,19.866456623276463
2068,16565.364395097105,16565.364487151,16565.364487151,16565.365208725,16565.380978028,3,COMPLETED,True,burst_4,28,0.09205389505950734,0.7215740006358828,15.76930299779633,16.58293089349172
2069,16565.36848076918,16565.368569598,16565.368569598,16565.369254146,16565.382453906,2,COMPLETED,True,burst_4,29,0.08882881957106292,0.6845480020274408,13.19976000013412,13.973136821732624
2070,16565.3738399154,16565.373929822,16565.373929822,16565.374416323,16565.388486107,0,COMPLETED,True,burst_4,30,0.0899065998964943,0.48650100143277086,14.069783999730134,14.6461916010594
2071,16565.37427612383,16565.374401964,16565.374401964,16565.374811474,16565.388416254,1,COMPLETED,True,burst_4,31,0.1258401680388488,0.40951000119093806,13.604780000605388,14.140130169835174
2072,16565.377177291117,16565.377288293,16565.377288293,16565.381172132,16565.394702938,3,COMPLETED,True,burst_4,32,0.1110018820327241,3.8838390028104186,13.530805998016149,17.52564688285929
2073,16565.37785826093,16565.37796059,16565.37796059,16565.382610371,16565.396176322,2,COMPLETED,True,burst_4,33,0.10232907152385451,4.649780999898212,13.565950997872278,18.318061069294345
2074,16565.383242007345,16565.383351952,16565.383351952,16565.388751881,16565.40197747,1,COMPLETED,True,burst_4,34,0.10994465628755279,5.3999289993953425,13.225588998466264,18.73546265414916
2075,16565.395743149387,16565.39585925,16565.39585925,16565.396398847,16565.409772699,0,COMPLETED,True,burst_4,35,0.11610061119426973,0.5395970001700334,13.373852001677733,14.029549613042036
2076,16565.40168257328,16565.401851532,16565.401851532,16565.402510964,16565.415769472,3,COMPLETED,True,burst_4,36,0.16895871885935776,0.6594320002477616,13.258508002763847,14.086898721870966
2077,16565.407664492963,16565.407843854,16565.407843854,16565.40831413,16565.422080928,2,COMPLETED,True,burst_4,37,0.17936103540705517,0.4702760015788954,13.766798001597635,14.416435038583586
2078,16565.40978691297,16565.409962875,16565.409962875,16565.410720473,16565.423891915,1,COMPLETED,True,burst_4,38,0.1759620317898225,0.7575979980174452,13.171442002203548,14.105002032010816
2079,16565.410129195938,16565.410219948,16565.410219948,16565.411155672,16565.428971768,0,COMPLETED,True,burst_4,39,0.0907520625332836,0.9357240014651325,17.816095998568926,18.842572062567342
2080,16565.410452455686,16565.410936119,16565.410936119,16565.416177096,16565.432139802,3,COMPLETED,True,burst_4,40,0.4836633124796208,5.240977003268199,15.962705998390447,21.687346314138267
2081,16565.43369503396,16565.433864121,16565.433864121,16565.434637144,16565.448154691,2,COMPLETED,True,burst_4,41,0.1690870412858203,0.7730229990556836,13.51754699862795,14.459657038969453
2082,16565.449500665665,16565.449611632,16565.449611632,16565.450207434,16565.46368235,1,COMPLETED,True,burst_4,42,0.1109663353418,0.5958020010439213,13.47491599881323,14.181684335198952
2083,16565.4617735016,16565.461946619,16565.461946619,16565.462692985,16565.476393317,0,COMPLETED,True,burst_4,43,0.1731174015731085,0.7463659967470448,13.700332001462812,14.619815399782965
2084,16565.462912780764,16565.463001586,16565.463001586,16565.463447681,16565.476763227,3,COMPLETED,True,burst_4,44,0.08880523455445655,0.4460950003704056,13.315546002559131,13.850446237483993
2085,16565.470858624234,16565.471035492,16565.471035492,16565.471728809,16565.485294829,2,COMPLETED,True,burst_4,45,0.1768677648215089,0.6933170006959699,13.566019999416312,14.436204764933791
2086,16565.472032245718,16565.472199925,16565.472199925,16565.472611708,16565.486114749,1,COMPLETED,True,burst_4,46,0.16767928173067048,0.41178299943567254,13.503041001968086,14.082503283134429
2087,16565.474636717416,16565.474824346,16565.474824346,16565.476565905,16565.489887591,0,COMPLETED,True,burst_4,47,0.18762858599075116,1.7415589973097667,13.3216860012908,15.250873584591318
2088,16565.481432853518,16565.481579508,16565.481579508,16565.482087753,16565.495928212,3,COMPLETED,True,burst_4,48,0.14665448179584928,0.5082450006739236,13.84045899976627,14.495358482236043
2089,16565.4860403047,16565.486156039,16565.486156039,16565.486752253,16565.504798599,2,COMPLETED,True,burst_4,49,0.11573430310818367,0.5962139985058457,18.04634599830024,18.75829429991427
2090,16565.490295826392,16565.490424433,16565.490424433,16565.490794212,16565.504492664,1,COMPLETED,True,burst_4,50,0.12860660717706196,0.369779001630377,13.698451999516692,14.196837608324131
2091,16565.491430916685,16565.491520001,16565.491520001,16565.491793667,16565.505107078,0,COMPLETED,True,burst_4,51,0.08908431482268497,0.27366599897504784,13.313411000126507,13.67616131392424
2092,16565.50645673014,16565.506563108,16565.506563108,16565.507208874,16565.519996195,3,COMPLETED,True,burst_4,52,0.10637785817380063,0.6457660019805189,12.787320996721974,13.539464856876293
2093,16565.52045996429,16565.520554434,16565.520554434,16565.521073696,16565.5337442,1,COMPLETED,True,burst_4,53,0.09446970943827182,0.5192620010348037,12.67050399837899,13.284235708852066
2094,16565.541109728703,16565.5412146,16565.5412146,16565.541834146,16565.555763928,2,COMPLETED,True,burst_4,54,0.10487129839020781,0.6195459973241668,13.929782002378488,14.654199298092863
2095,16565.547653942143,16565.547948272,16565.547948272,16565.548796764,16565.570231761,0,COMPLETED,True,burst_4,55,0.29432985684252344,0.8484919999318663,21.43499700105167,22.57781885782606
2096,16565.551895205936,16565.552089612,16565.552089612,16565.55252849,16565.566421125,3,COMPLETED,True,burst_4,56,0.19440606411080807,0.4388779998407699,13.892635000956943,14.525919064908521
2097,16565.55422053575,16565.554335737,16565.554335737,16565.554889766,16565.568777425,1,COMPLETED,True,burst_4,57,0.11520125190145336,0.5540290003409609,13.887658999010455,14.55688925125287
2098,16565.567895682507,16565.567996498,16565.567996498,16565.568613569,16565.582193902,2,COMPLETED,True,burst_4,58,0.10081549407914281,0.6170710003061686,13.580332997662481,14.298219492047792
2099,16565.57249432584,16565.572591876,16565.572591876,16565.573034631,16565.586835187,3,COMPLETED,True,burst_4,59,0.09755016071721911,0.44275500113144517,13.800556000205688,14.340861162054352
2100,16565.573117975888,16565.57320449,16565.57320449,16565.573494403,16565.587144691,1,COMPLETED,True,burst_4,60,0.08651411189930514,0.2899130013247486,13.650287997734267,14.026715110958321
2101,16565.57486699912,16565.575017049,16565.575017049,16565.575574718,16565.589658586,0,COMPLETED,True,burst_4,61,0.15004988017608412,0.5576690018642694,14.083867998124333,14.791586880164687
2102,16565.59213211517,16565.592246716,16565.592246716,16565.592652507,16565.605978469,2,COMPLETED,True,burst_4,62,0.11460083260317333,0.4057909973198548,13.325962001545122,13.84635383146815
2103,16565.608166710404,16565.60828915,16565.60828915,16565.608794856,16565.623584157,3,COMPLETED,True,burst_4,63,0.12243959645275027,0.5057060006947722,14.789300999836996,15.417446596984519
2104,16565.62281739095,16565.622991764,16565.622991764,16565.623457431,16565.638190353,1,COMPLETED,True,burst_4,64,0.17437304995837621,0.4656669989344664,14.732921998074744,15.372962046967587
2105,16565.625058269736,16565.625185019,16565.625185019,16565.62565,16565.639472713,0,COMPLETED,True,burst_4,65,0.12674926256295294,0.46498100346070714,13.822712997352937,14.414443263376597
2106,16565.630045691887,16565.630148085,16565.630148085,16565.63063409,16565.644586213,2,COMPLETED,True,burst_4,66,0.10239311450277455,0.486004999402212,13.952122997579863,14.54052111148485
2107,16565.632825403605,16565.632934558,16565.632934558,16565.633322518,16565.647683266,3,COMPLETED,True,burst_4,67,0.10915439634118229,0.38795999716967344,14.360748002218315,14.857862395729171
2108,16565.649574058134,16565.649666289,16565.649666289,16565.650104354,16565.663696889,1,COMPLETED,True,burst_4,68,0.09223086453857832,0.4380650025268551,13.592535000498174,14.122830867563607
2109,16565.65515934797,16565.655264909,16565.655264909,16565.655722337,16565.668970177,0,COMPLETED,True,burst_4,69,0.10556103006820194,0.45742799920844845,13.247840000985889,13.81082903026254
2110,16565.679858649426,16565.679947215,16565.679947215,16565.680482499,16565.694233339,2,COMPLETED,True,burst_4,70,0.08856557542458177,0.5352839980332647,13.75084000028437,14.374689573742216
2111,16565.68261417667,16565.682696359,16565.682696359,16565.683069219,16565.698808835,3,COMPLETED,True,burst_4,71,0.08218233051593415,0.3728600022441242,15.73961599933682,16.19465833209688
2112,16565.683490818312,16565.683572495,16565.683572495,16565.683841166,16565.697761235,1,COMPLETED,True,burst_4,72,0.08167668784153648,0.2686709995032288,13.920068999141222,14.270416686485987
2113,16565.685935725192,16565.686059575,16565.686059575,16565.686602679,16565.70018273,0,COMPLETED,True,burst_4,73,0.12384980800561607,0.5431040008261334,13.58005099973525,14.247004808566999
2114,16565.690636569445,16565.690778418,16565.690778418,16565.694418377,16565.707992137,2,COMPLETED,True,burst_4,74,0.14184855535859242,3.63995899897418,13.573759999417234,17.355567553750006
2115,16565.695652198257,16565.695747973,16565.695747973,16565.698113354,16565.711820108,1,COMPLETED,True,burst_4,75,0.0957747433858458,2.365380998526234,13.706754001759691,16.16790974367177
2116,16565.69869582864,16565.698791371,16565.698791371,16565.699206708,16565.713171751,3,COMPLETED,True,burst_4,76,0.0955423602135852,0.41533699913998134,13.965042999188881,14.475922358542448
2117,16565.699034299927,16565.699323738,16565.699323738,16565.700568441,16565.714162187,0,COMPLETED,True,burst_4,77,0.2894380741054192,1.2447029985196423,13.593745999969542,15.127887072594604
2118,16565.69992736784,16565.700071085,16565.700071085,16565.708376881,16565.721984731,2,COMPLETED,True,burst_4,78,0.1437171595171094,8.305796000058763,13.607849999971222,22.057363159547094
2119,16565.701349405535,16565.701500207,16565.701500207,16565.712252757,16565.72531969,1,COMPLETED,True,burst_4,79,0.15080146476975642,10.752549998869654,13.066932999208802,23.970284462848213
2120,16565.711076170646,16565.711173677,16565.711173677,16565.713531302,16565.726947912,3,COMPLETED,True,burst_4,80,0.09750635217642412,2.3576250023324974,13.416609999694629,15.87174135420355
2121,16565.72126300471,16565.721358616,16565.721358616,16565.721890505,16565.739769822,0,COMPLETED,True,burst_4,81,0.09561128899804316,0.5318889998306986,17.879317001643358,18.5068172904721
2122,16565.721955241563,16565.722046293,16565.722046293,16565.722330799,16565.735652324,2,COMPLETED,True,burst_4,82,0.0910514390852768,0.28450599711504765,13.321525002538692,13.697082438739017
2123,16565.723387109007,16565.72347721,16565.72347721,16565.725675851,16565.739276854,1,COMPLETED,True,burst_4,83,0.09010099165607244,2.198641002905788,13.601003000076162,15.889744994638022
2124,16565.724413131506,16565.724503445,16565.724503445,16565.727340644,16565.741112616,3,COMPLETED,True,burst_4,84,0.09031349327415228,2.837199001078261,13.7719720005407,16.699484494893113
2125,16565.733758656053,16565.733858138,16565.733858138,16565.736021274,16565.749076928,2,COMPLETED,True,burst_4,85,0.09948194565367885,2.1631359995808452,13.055654002528172,15.318271947762696
2126,16565.760101390013,16565.760206151,16565.760206151,16565.760781623,16565.774118896,1,COMPLETED,True,burst_4,86,0.10476098759681918,0.5754720004915725,13.33727299788734,14.017505985975731
2127,16565.76390251514,16565.764021389,16565.764021389,16565.764577011,16565.783484269,0,COMPLETED,True,burst_4,87,0.11887386062880978,0.5556219985010102,18.907257999671856,19.581753858801676
2128,16565.769342898046,16565.769478492,16565.769478492,16565.769835653,16565.783489956,3,COMPLETED,True,burst_4,88,0.13559395301854238,0.35716100319405086,13.654302998475032,14.147057954687625
2129,16565.76987754675,16565.769995121,16565.769995121,16565.770298964,16565.784555605,2,COMPLETED,True,burst_4,89,0.11757425090763718,0.30384299680008553,14.25664100315771,14.678058250865433
2130,16565.781690370586,16565.781859985,16565.781859985,16565.782547115,16565.796525992,1,COMPLETED,True,burst_4,90,0.16961441360763274,0.6871299992781132,13.978876999317436,14.835621412203182
2131,16565.79356197742,16565.793682054,16565.793682054,16565.79439794,16565.807170623,3,COMPLETED,True,burst_4,91,0.12007658006041311,0.7158859989431221,12.772682999639073,13.608645578642609
2132,16565.80705688501,16565.80718613,16565.80718613,16565.807941582,16565.82173703,0,COMPLETED,True,burst_4,92,0.1292449924221728,0.7554519979748875,13.795448001474142,14.680144991871202
2133,16565.80789330625,16565.808014117,16565.808014117,16565.808549073,16565.827032358,2,COMPLETED,True,burst_4,93,0.12081074964953586,0.5349560015019961,18.483284999092575,19.139051750244107
2134,16565.80837104885,16565.808497389,16565.808497389,16565.808922365,16565.822575294,1,COMPLETED,True,burst_4,94,0.12634015001822263,0.4249759986123536,13.65292900300119,14.204245151631767
2135,16565.813966411526,16565.814081708,16565.814081708,16565.814539092,16565.828549535,3,COMPLETED,True,burst_4,95,0.11529647235875018,0.4573840014927555,14.010442999278894,14.5831234731304
2136,16565.819905475208,16565.82003599,16565.82003599,16565.822114771,16565.836130471,0,COMPLETED,True,burst_4,96,0.1305147925450001,2.0787809989997186,14.01570000234642,16.22499579389114
2137,16565.821937567038,16565.82213003,16565.82213003,16565.82292362,16565.836520715,1,COMPLETED,True,burst_4,97,0.19246296142227948,0.7935899993753992,13.597094999568071,14.58314796036575
2138,16565.82352348901,16565.823669058,16565.823669058,16565.827529697,16565.841949718,2,COMPLETED,True,burst_4,98,0.14556899259332567,3.8606389971391764,14.420021001569694,18.426228991302196
2139,16565.837306717836,16565.83740731,16565.83740731,16565.837836818,16565.851737271,3,COMPLETED,True,burst_4,99,0.10059216219815426,0.42950799979735166,13.900453002861468,14.430553164856974
2140,16565.837585132645,16565.837696196,16565.837696196,16565.837958942,16565.850939133,0,COMPLETED,True,burst_4,100,0.11106335296062753,0.2627460016810801,12.980191000679042,13.35400035532075
2141,16565.842677327943,16565.84277579,16565.84277579,16565.843173786,16565.856587996,1,COMPLETED,True,burst_4,101,0.09846205648500472,0.397996001993306,13.414209999609739,13.91066805808805
2142,16565.85136957568,16565.851549748,16565.851549748,16565.851979401,16565.86562569,2,COMPLETED,True,burst_4,102,0.18017231923295185,0.4296529987186659,13.646289000462275,14.256114318413893
2143,16565.85609657777,16565.856191256,16565.856191256,16565.856552053,16565.869956764,0,COMPLETED,True,burst_4,103,0.0946782311075367,0.3607969993026927,13.4047110004758,13.860186230886029
2144,16565.869207601932,16565.86932599,16565.86932599,16565.869763706,16565.883283873,3,COMPLETED,True,burst_4,104,0.1183880667667836,0.43771600030595437,13.52016700184322,14.076271068915958
2145,16565.869487064905,16565.869617902,16565.869617902,16565.869921438,16565.884225545,1,COMPLETED,True,burst_4,105,0.13083709563943557,0.3035359986824915,14.304107000498334,14.738480094820261
2146,16565.8728227191,16565.872909168,16565.872909168,16565.873377432,16565.887165579,2,COMPLETED,True,burst_4,106,0.08644890112918802,0.46826399920973927,13.78814700001385,14.342859900352778
2147,16565.87743142864,16565.877516437,16565.877516437,16565.877954198,16565.891475664,0,COMPLETED,True,burst_4,107,0.0850083633849863,0.4377609984658193,13.521466000383953,14.044235362234758
2148,16565.877679697114,16565.877823116,16565.877823116,16565.883473619,16565.897535245,3,COMPLETED,True,burst_4,108,0.14341888527269475,5.650503000651952,14.061625999602256,19.855547885526903
2149,16565.877776123023,16565.87783366,16565.87783366,16565.884383829,16565.897980581,1,COMPLETED,True,burst_4,109,0.05753697769250721,6.550169000547612,13.596752000012202,20.20445797825232
2150,16565.88724518698,16565.887336759,16565.887336759,16565.887859987,16565.90116707,2,COMPLETED,True,burst_4,110,0.0915720193006564,0.5232280018390156,13.307082997926045,13.921883019065717
2151,16565.8898640067,16565.889951581,16565.889951581,16565.891631597,16565.905310233,0,COMPLETED,True,burst_4,111,0.08757430259720422,1.6800159974081907,13.67863600171404,15.446226301719435
2152,16565.89992557964,16565.900022824,16565.900022824,16565.900572579,16565.914111371,3,COMPLETED,True,burst_4,112,0.0972443594946526,0.549755000974983,13.538791998144006,14.185791358613642
2153,16565.90122919174,16565.90131736,16565.90131736,16565.901714269,16565.914833207,1,COMPLETED,True,burst_4,113,0.08816826084512286,0.3969089993915986,13.118938000843627,13.604015261080349
2154,16565.90853134079,16565.908655959,16565.908655959,16565.909297309,16565.923989847,2,COMPLETED,True,burst_4,114,0.12461821097531356,0.6413500013877638,14.692537999508204,15.458506211871281
2155,16565.914316879956,16565.914407143,16565.914407143,16565.914990666,16565.928418693,0,COMPLETED,True,burst_4,115,0.09026304178405553,0.5835230003867764,13.428027003101306,14.101813045272138
2156,16565.94540209145,16565.945562734,16565.945562734,16565.946106281,16565.958975114,1,COMPLETED,True,burst_4,116,0.1606425503268838,0.5435470011434518,12.86883300053887,13.573022552009206
2157,16565.953298428118,16565.953453943,16565.953453943,16565.954006754,16565.972495367,3,COMPLETED,True,burst_4,117,0.15551488104392774,0.5528110013983678,18.4886130009545,19.196938883396797
2158,16565.95921378375,16565.959490565,16565.959490565,16565.960165283,16565.978908796,2,COMPLETED,True,burst_4,118,0.2767812511592638,0.6747179977537598,18.743513002846157,19.69501225175918
2159,16565.96014503877,16565.960272412,16565.960272412,16565.96119431,16565.981216095,0,COMPLETED,True,burst_4,119,0.12737323049805127,0.9218979976139963,20.021784999698866,21.071056227810914
2160,16565.960225427378,16565.960347961,16565.960347961,16565.961247086,16565.981641572,1,COMPLETED,True,burst_4,0,0.12253362365299836,0.8991249997052364,20.394486000441248,21.416144623799482
2161,16565.967442896097,16565.967555284,16565.967555284,16565.972798755,16565.986467629,3,COMPLETED,True,burst_4,1,0.11238790466450155,5.243470997811528,13.6688740021782,19.02473290465423
2162,16565.97577521452,16565.975926377,16565.975926377,16565.979076613,16565.993620086,2,COMPLETED,True,burst_4,2,0.15116247959667817,3.1502359997830354,14.543473000230733,17.844871479610447
2163,16565.979658546952,16565.979913841,16565.979913841,16565.981686278,16565.995596698,0,COMPLETED,True,burst_4,3,0.255294049566146,1.772436997271143,13.910420002503088,15.938151049340377
2164,16565.9827842784,16565.982942845,16565.982942845,16565.983587488,16566.001434245,1,COMPLETED,True,burst_4,4,0.15856659956625663,0.6446430015785154,17.846757000370417,18.64996660151519
2165,16565.99062911695,16565.990840123,16565.990840123,16565.991399818,16566.0093709,3,COMPLETED,True,burst_4,5,0.21100604863022454,0.5596950031758752,17.971081997529836,18.741783049335936
2166,16565.993790265,16565.993987105,16565.993987105,16565.994494533,16566.007997413,2,COMPLETED,True,burst_4,6,0.19683999926201068,0.5074279979453422,13.502879999578,14.207147996785352
2167,16566.004988237622,16566.005081314,16566.005081314,16566.005476974,16566.018740178,0,COMPLETED,True,burst_4,7,0.09307637810707092,0.3956600012315903,13.263203996757511,13.751940376096172
2168,16566.006688125337,16566.006887507,16566.006887507,16566.007232498,16566.020634029,1,COMPLETED,True,burst_4,8,0.19938166224164888,0.3449910000199452,13.401530999544775,13.94590366180637
2169,16566.013447570203,16566.013536222,16566.013536222,16566.014038024,16566.027470086,2,COMPLETED,True,burst_4,9,0.08865179552230984,0.5018020019633695,13.432061998173594,14.022515795659274
2170,16566.014482476592,16566.014578285,16566.014578285,16566.015081745,16566.028749913,3,COMPLETED,True,burst_4,10,0.09580840924172662,0.5034599998907652,13.668167997821001,14.267436406953493
2171,16566.016335579698,16566.016497019,16566.016497019,16566.019095971,16566.032598472,0,COMPLETED,True,burst_4,11,0.16143930406542495,2.5989519999711774,13.502500998583855,16.262892302620457
2172,16566.024506187532,16566.024608705,16566.024608705,16566.024966285,16566.038828084,1,COMPLETED,True,burst_4,12,0.10251746789435856,0.35758000012720004,13.861799001460895,14.321896469482454
2173,16566.031182601077,16566.031246436,16566.031246436,16566.031861877,16566.045161674,2,COMPLETED,True,burst_4,13,0.06383492291206494,0.6154410002636723,13.299796999490354,13.979072922666091
2174,16566.031402494475,16566.031652062,16566.031652062,16566.031981357,16566.045369528,3,COMPLETED,True,burst_4,14,0.24956752531579696,0.3292949986644089,13.388171002588933,13.96703352656914
2175,16566.033964196435,16566.034102444,16566.034102444,16566.034456587,16566.047989926,0,COMPLETED,True,burst_4,15,0.1382475638820324,0.3541430014593061,13.533338998968247,14.025729564309586
2176,16566.061874725598,16566.062043088,16566.062043088,16566.062540147,16566.078032604,1,COMPLETED,True,burst_4,16,0.16836240320117213,0.49705899800756015,15.492457001528237,16.15787840273697
2177,16566.066147805566,16566.0663139,16566.0663139,16566.066783713,16566.080272989,2,COMPLETED,True,burst_4,17,0.16609443264314905,0.4698129996540956,13.489275999745587,14.125183432042832
2178,16566.068412623456,16566.068470052,16566.068470052,16566.068805044,16566.082632688,3,COMPLETED,True,burst_4,18,0.05742854409618303,0.3349920007167384,13.82764400113956,14.220064545952482
2179,16566.068691211145,16566.068794321,16566.068794321,16566.069125444,16566.082693329,0,COMPLETED,True,burst_4,19,0.10310985453543253,0.33112299934145994,13.56788500197581,14.002117855852703
2180,16566.07113262703,16566.071233628,16566.071233628,16566.078477289,16566.091672377,1,COMPLETED,True,burst_4,20,0.10100097279064357,7.2436609989381395,13.195087998610688,20.53974997033947
2181,16566.086354451076,16566.086443255,16566.086443255,16566.087163886,16566.100355062,2,COMPLETED,True,burst_4,21,0.088803924882086,0.7206310001492966,13.191175999963889,14.000610924995271
2182,16566.09490454566,16566.095147791,16566.095147791,16566.095673752,16566.108918186,3,COMPLETED,True,burst_4,22,0.24324534024344757,0.525961000676034,13.24443400153541,14.013640342454892
2183,16566.102526947197,16566.102616253,16566.102616253,16566.103123529,16566.116222903,0,COMPLETED,True,burst_4,23,0.08930580224841833,0.5072759995528031,13.099374002194963,13.695955803996185
2184,16566.116058026884,16566.116157719,16566.116157719,16566.116599952,16566.129867612,1,COMPLETED,True,burst_4,24,0.09969211532734334,0.4422330021043308,13.26765999692725,13.809585114358924
2185,16566.137751020142,16566.137838718,16566.137838718,16566.138560018,16566.152074575,2,COMPLETED,True,burst_4,25,0.08769785927142948,0.7212999989860691,13.514556998416083,14.323554856673582
2186,16566.152282635077,16566.152404933,16566.152404933,16566.153102598,16566.166837567,3,COMPLETED,True,burst_4,26,0.12229792264406569,0.6976650001888629,13.734969001234276,14.554931924067205
2187,16566.15471977333,16566.154891994,16566.154891994,16566.155389361,16566.168944715,0,COMPLETED,True,burst_4,27,0.17222066890099086,0.49736700020730495,13.555353998526698,14.224941667634994
2188,16566.16062293753,16566.160770005,16566.160770005,16566.161597425,16566.179441391,1,COMPLETED,True,burst_4,28,0.14706747242598794,0.8274200008600019,17.843965997599298,18.818453470885288
2189,16566.166483408517,16566.166631714,16566.166631714,16566.167423895,16566.180824094,2,COMPLETED,True,burst_4,29,0.14830548388999887,0.7921809992694762,13.400199000898283,14.340685484057758
2190,16566.183550938025,16566.183637648,16566.183637648,16566.184428183,16566.197375191,3,COMPLETED,True,burst_4,30,0.08670997340232134,0.7905350030341651,12.947007999173366,13.824252975609852
2191,16566.187032121357,16566.187111981,16566.187111981,16566.187690866,16566.200929698,0,COMPLETED,True,burst_4,31,0.07985964111867361,0.5788850030512549,13.23883199802367,13.897576642193599
2192,16566.197918610225,16566.19817861,16566.19817861,16566.198870743,16566.214777885,1,COMPLETED,True,burst_4,32,0.2599997751531191,0.6921329986653291,15.907142002106411,16.85927477592486
2193,16566.202965670345,16566.203122834,16566.203122834,16566.203784108,16566.217490585,2,COMPLETED,True,burst_4,33,0.1571636530570686,0.6612739998672623,13.70647700241534,14.524914655339671
2194,16566.20379852838,16566.203935678,16566.203935678,16566.204526708,16566.222709839,3,COMPLETED,True,burst_4,34,0.13714962187805213,0.5910299987590406,18.183131000114372,18.911310620751465
2195,16566.205841431278,16566.206042222,16566.206042222,16566.206843203,16566.226905547,0,COMPLETED,True,burst_4,35,0.20079072055523284,0.8009810007933993,20.062343999597942,21.064115720946575
2196,16566.214854802645,16566.214990046,16566.214990046,16566.215981653,16566.229667258,1,COMPLETED,True,burst_4,36,0.13524335372494534,0.9916070011968259,13.685605001228396,14.812455356150167
2197,16566.218974175288,16566.21916932,16566.21916932,16566.219656149,16566.23309306,2,COMPLETED,True,burst_4,37,0.19514471205184236,0.48682899796403944,13.436911001917906,14.118884711933788
2198,16566.249790906073,16566.249877252,16566.249877252,16566.250479336,16566.263463421,3,COMPLETED,True,burst_4,38,0.08634592813905329,0.6020839973643888,12.984085002244683,13.672514927748125
2199,16566.260781842564,16566.260873902,16566.260873902,16566.261382884,16566.27479045,0,COMPLETED,True,burst_4,39,0.09205943570123054,0.5089820006105583,13.407565998932114,14.008607435243903
2200,16566.276057518127,16566.276298868,16566.276298868,16566.276871677,16566.290624429,1,COMPLETED,True,burst_4,40,0.24134987324941903,0.5728090000047814,13.752751998254098,14.566910871508298
2201,16566.290404184678,16566.290590114,16566.290590114,16566.291264566,16566.308304416,2,COMPLETED,True,burst_4,41,0.1859293224697467,0.6744519996573217,17.039850001310697,17.900231323437765
2202,16566.29442332386,16566.294580619,16566.294580619,16566.29514832,16566.314144756,3,COMPLETED,True,burst_4,42,0.1572951405250933,0.5677010012732353,18.99643599972478,19.72143214152311
2203,16566.30335633266,16566.303448773,16566.303448773,16566.304126444,16566.318411142,0,COMPLETED,True,burst_4,43,0.09244033935829066,0.6776709997211583,14.284698001574725,15.054809340654174
2204,16566.312951047617,16566.313104964,16566.313104964,16566.313708286,16566.326929607,1,COMPLETED,True,burst_4,44,0.1539163822599221,0.6033220015524421,13.22132099812734,13.978559381939704
2205,16566.334632664762,16566.334895932,16566.334895932,16566.335391071,16566.348434575,2,COMPLETED,True,burst_4,45,0.26326723673264496,0.4951390001224354,13.043504000961548,13.801910237816628
2206,16566.34251948241,16566.342634191,16566.342634191,16566.343239386,16566.362614291,3,COMPLETED,True,burst_4,46,0.1147085931734182,0.6051949967513792,19.37490500131389,20.09480859123869
2207,16566.35387942231,16566.35399527,16566.35399527,16566.354705695,16566.369971459,0,COMPLETED,True,burst_4,47,0.1158476916316431,0.7104249998519663,15.26576399919577,16.09203669067938
2208,16566.35516078574,16566.355248658,16566.355248658,16566.355616102,16566.36908718,1,COMPLETED,True,burst_4,48,0.08787226033746265,0.3674439976748545,13.471078000293346,13.926394258305663
2209,16566.368804654252,16566.368895488,16566.368895488,16566.369517206,16566.382513598,2,COMPLETED,True,burst_4,49,0.09083374970941804,0.6217179980012588,12.996392000786727,13.708943748497404
2210,16566.39294772107,16566.393069625,16566.393069625,16566.393778815,16566.412092897,3,COMPLETED,True,burst_4,50,0.12190392953925766,0.7091900006344076,18.314082000870258,19.145175931043923
2211,16566.41823635129,16566.418329517,16566.418329517,16566.419087845,16566.432383944,1,COMPLETED,True,burst_4,51,0.09316571231465787,0.758327998482855,13.296099001308903,14.147592712106416
2212,16566.433835051073,16566.433927276,16566.433927276,16566.434663036,16566.447805417,0,COMPLETED,True,burst_4,52,0.09222492735716514,0.7357600006798748,13.142380998033332,13.970365926070372
2213,16566.45511057187,16566.455197169,16566.455197169,16566.456119821,16566.473647083,2,COMPLETED,True,burst_4,53,0.08659713057568297,0.9226519978255965,17.527261999930488,18.536511128331767
2214,16566.477185530952,16566.477278268,16566.477278268,16566.478050964,16566.491630562,3,COMPLETED,True,burst_4,54,0.09273704927181825,0.7726959993306082,13.57959799861419,14.445031047216617
2215,16566.479657826134,16566.479763315,16566.479763315,16566.480265989,16566.493724916,1,COMPLETED,True,burst_4,55,0.10548886712058447,0.5026740000175778,13.45892699828255,14.067089865420712
2216,16566.488469185617,16566.488724304,16566.488724304,16566.489682298,16566.508986693,0,COMPLETED,True,burst_4,56,0.25511838248348795,0.9579940015100874,19.304394998471253,20.517507382464828
2217,16566.489661398202,16566.489803919,16566.489803919,16566.490402976,16566.510077088,2,COMPLETED,True,burst_4,57,0.14252079927246086,0.5990569989080541,19.6741120016668,20.415689799847314
2218,16566.500251771493,16566.500365567,16566.500365567,16566.501215667,16566.514897074,3,COMPLETED,True,burst_4,58,0.11379550778656267,0.8501000011165161,13.681406999239698,14.645302508142777
2219,16566.50454984351,16566.504720786,16566.504720786,16566.505448188,16566.519591986,1,COMPLETED,True,burst_4,59,0.17094249051297083,0.7274019990290981,14.143798001896357,15.042142491438426
2220,16566.50482046995,16566.504883019,16566.504883019,16566.509498066,16566.523601164,0,COMPLETED,True,burst_4,60,0.06254905019886792,4.615047000697814,14.103098001214676,18.780694052111357
2221,16566.512298255184,16566.512490544,16566.512490544,16566.513170504,16566.527507003,2,COMPLETED,True,burst_4,61,0.1922888150147628,0.6799600014346652,14.336498999909963,15.208747816359391
2222,16566.525991135226,16566.526087437,16566.526087437,16566.526805678,16566.541301523,3,COMPLETED,True,burst_4,62,0.09630177373765036,0.7182410008681472,14.495845000055851,15.310387774661649
2223,16566.52627860116,16566.526570972,16566.526570972,16566.526883837,16566.540641543,1,COMPLETED,True,burst_4,63,0.2923708416346926,0.3128649987047538,13.75770600134274,14.362941841682186
2224,16566.532107841427,16566.532279354,16566.532279354,16566.532899887,16566.549568683,0,COMPLETED,True,burst_4,64,0.17151257270597853,0.6205329991644248,16.668796000885777,17.46084157275618
2225,16566.53607110388,16566.536246694,16566.536246694,16566.536683986,16566.550739037,2,COMPLETED,True,burst_4,65,0.1755901175783947,0.43729200115194544,14.055051000468666,14.667933119199006
2226,16566.551465624718,16566.551567872,16566.551567872,16566.552067528,16566.56561574,1,COMPLETED,True,burst_4,66,0.10224728248431347,0.499655998282833,13.548212002206128,14.150115282973275
2227,16566.56322093511,16566.563315955,16566.563315955,16566.563810839,16566.577811683,3,COMPLETED,True,burst_4,67,0.09501989188720472,0.4948839996359311,14.000843999383505,14.590747890906641
2228,16566.564314463434,16566.564449822,16566.564449822,16566.564952513,16566.578843721,0,COMPLETED,True,burst_4,68,0.13535856487578712,0.5026910002925433,13.891208000131883,14.529257565300213
2229,16566.57293705599,16566.573028917,16566.573028917,16566.573450997,16566.586899569,2,COMPLETED,True,burst_4,69,0.09186100942315534,0.42208000013488345,13.448572000925196,13.962513010483235
2230,16566.58898174759,16566.589093893,16566.589093893,16566.589559049,16566.603855437,1,COMPLETED,True,burst_4,70,0.11214540791115724,0.4651560011552647,14.296387998911086,14.873689407977508
2231,16566.594025029022,16566.594115983,16566.594115983,16566.594500918,16566.608261181,3,COMPLETED,True,burst_4,71,0.09095397763303481,0.38493499960168265,13.760263002041029,14.236151979275746
2232,16566.603002832268,16566.603090389,16566.603090389,16566.603503393,16566.617366058,0,COMPLETED,True,burst_4,72,0.08755673115956597,0.4130039997107815,13.86266500048805,14.363225731358398
2233,16566.607035543344,16566.607167247,16566.607167247,16566.607622225,16566.62431725,2,COMPLETED,True,burst_4,73,0.1317036549153272,0.45497800238081254,16.69502499862574,17.28170665592188
2234,16566.614821529332,16566.614949887,16566.614949887,16566.615623352,16566.633042897,1,COMPLETED,True,burst_4,74,0.1283576675632503,0.6734650014550425,17.419544998119818,18.22136766713811
2235,16566.62966231425,16566.629736749,16566.629736749,16566.630253183,16566.643860733,3,COMPLETED,True,burst_4,75,0.07443474896717817,0.5164340000192169,13.607549997686874,14.19841874667327
2236,16566.63957907287,16566.639683463,16566.639683463,16566.64019591,16566.65358325,0,COMPLETED,True,burst_4,76,0.10439012839924544,0.5124470008013304,13.387340000917902,14.004177130118478
2237,16566.648488946004,16566.648577592,16566.648577592,16566.648993646,16566.662424502,2,COMPLETED,True,burst_4,77,0.08864599658409134,0.41605399746913463,13.430856000923086,13.935555994976312
2238,16566.652137904533,16566.652260954,16566.652260954,16566.652629904,16566.666500076,1,COMPLETED,True,burst_4,78,0.12304946721997112,0.3689500008476898,13.870171998860314,14.362171466927975
2239,16566.65756233269,16566.657656708,16566.657656708,16566.658165989,16566.671719286,3,COMPLETED,True,burst_4,79,0.0943753111641854,0.5092809988127556,13.553297001635656,14.156953311612597
2240,16566.659877693608,16566.660077683,16566.660077683,16566.660698242,16566.68005725,0,COMPLETED,True,burst_4,80,0.19998939023935236,0.6205590034369379,19.359007997991284,20.179556391667575
2241,16566.665858647226,16566.666033893,16566.666033893,16566.666500718,16566.679841567,2,COMPLETED,True,burst_4,81,0.17524577560834587,0.46682500033057295,13.340848996449495,13.982919772388414
2242,16566.66763203957,16566.667725736,16566.667725736,16566.668139905,16566.681358751,1,COMPLETED,True,burst_4,82,0.09369642793899402,0.4141690005781129,13.218846001109341,13.726711429626448
2243,16566.68544015891,16566.685527618,16566.685527618,16566.686094045,16566.699545808,3,COMPLETED,True,burst_4,83,0.08745908780838363,0.5664269992848858,13.451762999466155,14.105649086559424
2244,16566.693578068993,16566.693711281,16566.693711281,16566.694201638,16566.707731828,2,COMPLETED,True,burst_4,84,0.13321200822247192,0.4903570006717928,13.530189997254638,14.153759006148903
2245,16566.69363987941,16566.69376562,16566.69376562,16566.694467344,16566.70813604,0,COMPLETED,True,burst_4,85,0.12574058928294107,0.7017240022832993,13.668695999513147,14.496160591079388
2246,16566.69885632027,16566.698948754,16566.698948754,16566.699354313,16566.712892945,1,COMPLETED,True,burst_4,86,0.09243373278877698,0.40555899977334775,13.53863199983607,14.036624732398195
2247,16566.708534201014,16566.708666415,16566.708666415,16566.709342373,16566.722785538,3,COMPLETED,True,burst_4,87,0.13221398694440722,0.6759579991921782,13.443165000353474,14.25133698649006
2248,16566.715874309655,16566.715977482,16566.715977482,16566.716655743,16566.729958814,2,COMPLETED,True,burst_4,88,0.10317234409740195,0.6782609998481348,13.303071002155775,14.084504346101312
2249,16566.726321483766,16566.726415538,16566.726415538,16566.727067393,16566.740914702,0,COMPLETED,True,burst_4,89,0.09405423406860791,0.6518549998872913,13.847309000993846,14.593218234949745
2250,16566.731017175996,16566.731166599,16566.731166599,16566.731834836,16566.745441675,1,COMPLETED,True,burst_4,90,0.1494230018579401,0.6682370003545657,13.606839002022753,14.424499004235258
2251,16566.732719620377,16566.732811525,16566.732811525,16566.733236003,16566.746646408,3,COMPLETED,True,burst_4,91,0.09190462151309475,0.4244780029694084,13.410404997557634,13.926787622040138
2252,16566.739525870835,16566.73968788,16566.73968788,16566.740452815,16566.753708213,2,COMPLETED,True,burst_4,92,0.1620091643417254,0.7649350009160116,13.25539800018305,14.182342165440787
2253,16566.769090598813,16566.769177889,16566.769177889,16566.770044959,16566.78574235,0,COMPLETED,True,burst_4,93,0.08729018736630678,0.867070000822423,15.697390997956973,16.651751186145702
2254,16566.771697546064,16566.771777353,16566.771777353,16566.772476014,16566.787746113,1,COMPLETED,True,burst_4,94,0.07980693408171646,0.6986610023886897,15.270099000190385,16.04856693666079
2255,16566.786514080977,16566.786593866,16566.786593866,16566.787399686,16566.800940317,3,COMPLETED,True,burst_4,95,0.07978502253536135,0.8058200000959914,13.54063100006897,14.426236022700323
2256,16566.79061234074,16566.790743909,16566.790743909,16566.791366782,16566.80462552,2,COMPLETED,True,burst_4,96,0.13156826025806367,0.6228729980648495,13.25873799942201,14.013179257744923
2257,16566.795248415245,16566.795446553,16566.795446553,16566.796179681,16566.81211614,0,COMPLETED,True,burst_4,97,0.19813775361399166,0.7331280030484777,15.936458999931347,16.867724756593816
2258,16566.804426782066,16566.80452504,16566.80452504,16566.805421109,16566.823490122,1,COMPLETED,True,burst_4,98,0.09825793313211761,0.8960689992818516,18.069013000058476,19.063339932472445
2259,16566.82287199318,16566.822961639,16566.822961639,16566.823424994,16566.837211181,3,COMPLETED,True,burst_4,99,0.08964582229964435,0.4633549979189411,13.786186998913763,14.339187819132349
2260,16566.825652912434,16566.825877,16566.825877,16566.82657302,16566.844510821,2,COMPLETED,True,burst_4,100,0.22408756558434106,0.696020000759745,17.937800999789033,18.85790856613312
2261,16566.83210487897,16566.832330223,16566.832330223,16566.832891227,16566.846740896,0,COMPLETED,True,burst_4,101,0.22534402887686156,0.5610040025203489,13.849668997863773,14.636017029260984
2262,16566.840564190068,16566.840664104,16566.840664104,16566.841109459,16566.854868306,1,COMPLETED,True,burst_4,102,0.09991393017116934,0.4453550027392339,13.758846998825902,14.304115931736305
2263,16566.845270125687,16566.845409589,16566.845409589,16566.845924009,16566.859827674,3,COMPLETED,True,burst_4,103,0.13946331455372274,0.5144200003996957,13.903664999816101,14.55754831476952
2264,16566.848254800258,16566.848351853,16566.848351853,16566.84875289,16566.861917809,2,COMPLETED,True,burst_4,104,0.09705274351290427,0.40103699939209037,13.164919000701047,13.663008743606042
2265,16566.86743862572,16566.867530462,16566.867530462,16566.868124963,16566.881662904,0,COMPLETED,True,burst_4,105,0.09183628208120354,0.5945009979768656,13.537941002141451,14.22427828219952
2266,16566.874003753688,16566.874103765,16566.874103765,16566.874477622,16566.887644201,1,COMPLETED,True,burst_4,106,0.10001131158787757,0.3738570012501441,13.166578999516787,13.640447312354809
2267,16566.886268355163,16566.886367575,16566.886367575,16566.886987003,16566.90049346,3,COMPLETED,True,burst_4,107,0.0992198365565855,0.6194279994815588,13.506457002222305,14.22510483826045
2268,16566.8884373217,16566.888568155,16566.888568155,16566.889100722,16566.903920782,2,COMPLETED,True,burst_4,108,0.13083329758956097,0.5325670026650187,14.820059997873614,15.483460298128193
2269,16566.899178996704,16566.899417239,16566.899417239,16566.900048852,16566.913360554,0,COMPLETED,True,burst_4,109,0.23824229720048606,0.6316129984043073,13.311702001374215,14.181557296979008
2270,16566.90294282686,16566.903086715,16566.903086715,16566.903770167,16566.921735301,1,COMPLETED,True,burst_4,110,0.1438881408830639,0.6834519990661647,17.96513400040567,18.792474140354898
2271,16566.90460315704,16566.904780713,16566.904780713,16566.905269717,16566.91882668,3,COMPLETED,True,burst_4,111,0.17755596127244644,0.4890039999736473,13.55696300015552,14.223522961401613
2272,16566.917869652887,16566.917981551,16566.917981551,16566.918722012,16566.932218444,2,COMPLETED,True,burst_4,112,0.11189811266376637,0.7404610005323775,13.496431998646585,14.34879111184273
2273,16566.944011447747,16566.944179643,16566.944179643,16566.944848021,16566.959389124,0,COMPLETED,True,burst_4,113,0.1681952526269015,0.6683780011371709,14.541102998919087,15.377676252683159
2274,16566.953270114704,16566.953375232,16566.953375232,16566.95409234,16566.967438707,3,COMPLETED,True,burst_4,114,0.10511729487916455,0.7171080033003818,13.346366999030579,14.168592297210125
2275,16566.96361669012,16566.963784527,16566.963784527,16566.964366973,16566.978147563,1,COMPLETED,True,burst_4,115,0.1678368826105725,0.5824459985888097,13.780590001260862,14.530872882460244
2276,16566.96631743628,16566.966476019,16566.966476019,16566.967123929,16566.985461694,2,COMPLETED,True,burst_4,116,0.15858271945035085,0.6479100011347327,18.337764999159845,19.144257719744928
2277,16566.968452392695,16566.968595031,16566.968595031,16566.968962576,16566.982437173,0,COMPLETED,True,burst_4,117,0.14263830598792993,0.36754499888047576,13.474596999003552,13.984780303871958
2278,16566.977307455552,16566.977386005,16566.977386005,16566.978062601,16566.993555151,3,COMPLETED,True,burst_4,118,0.07854944851715118,0.6765959988115355,15.492549999180483,16.24769544650917
2279,16566.979230888937,16566.979421678,16566.979421678,16566.980213204,16566.998532167,1,COMPLETED,True,burst_4,119,0.19078906188951805,0.7915259993751533,18.318963000638178,19.30127806190285
2280,16566.979403529884,16566.979555365,16566.979555365,16566.982596894,16566.996328578,0,COMPLETED,True,burst_4,0,0.15183511641225778,3.0415289984375704,13.731684000958921,16.92504811580875
2281,16566.979985228776,16566.980171155,16566.980171155,16566.985632953,16567.000129115,2,COMPLETED,True,burst_4,1,0.18592622291180305,5.461798002215801,14.496161998977186,20.14388622410479
2282,16566.99519737012,16566.995311886,16566.995311886,16566.995808817,16567.009421875,3,COMPLETED,True,burst_4,2,0.11451587852207012,0.49693099936121143,13.613057999464218,14.2245048773475
2283,16566.99750424207,16566.997517123,16566.997517123,16566.997867731,16567.010887125,0,COMPLETED,True,burst_4,3,0.012880929716629907,0.35060799928032793,13.019394002185436,13.382882931182394
2284,16567.000333690015,16567.000559593,16567.000559593,16567.00104875,16567.014437624,1,COMPLETED,True,burst_4,4,0.22590298613067716,0.48915699881035835,13.388873998337658,14.103933983278694
2285,16567.00362727276,16567.003719264,16567.003719264,16567.004365772,16567.023609855,2,COMPLETED,True,burst_4,5,0.0919912417884916,0.6465080005000345,19.244082999648526,19.982582241937052
2286,16567.00372208792,16567.003771219,16567.003771219,16567.009663496,16567.023584699,3,COMPLETED,True,burst_4,6,0.049131078412756324,5.892277000384638,13.921203000791138,19.862611079588532
2287,16567.012727887482,16567.012901783,16567.012901783,16567.013262694,16567.026641505,0,COMPLETED,True,burst_4,7,0.17389551794622093,0.36091099900659174,13.378810999711277,13.91361751666409
2288,16567.014965489205,16567.015081301,16567.015081301,16567.015418384,16567.029028411,1,COMPLETED,True,burst_4,8,0.11581179569475353,0.3370829981577117,13.610027002869174,14.062921796721639
2289,16567.016866560778,16567.017000038,16567.017000038,16567.02390569,16567.037354621,3,COMPLETED,True,burst_4,9,0.13347722051548772,6.905652000568807,13.448931000311859,20.488060221396154
2290,16567.02013646517,16567.020240641,16567.020240641,16567.024132089,16567.038649109,2,COMPLETED,True,burst_4,10,0.1041758296196349,3.891448002832476,14.517019997583702,18.512643830035813
2291,16567.024773232482,16567.025054243,16567.025054243,16567.02700116,16567.040497417,0,COMPLETED,True,burst_4,11,0.2810105179378297,1.9469170001684688,13.496257000952028,15.724184519058326
2292,16567.02845714067,16567.028632973,16567.028632973,16567.029235663,16567.043099915,1,COMPLETED,True,burst_4,12,0.17583233056939207,0.6026900009601377,13.864251999621047,14.642774331150576
2293,16567.035510869486,16567.035616741,16567.035616741,16567.037695671,16567.05092688,3,COMPLETED,True,burst_4,13,0.10587151336949319,2.0789299996977206,13.231209002697142,15.416010515764356
2294,16567.036578584073,16567.036678992,16567.036678992,16567.039007503,16567.052491055,2,COMPLETED,True,burst_4,14,0.10040792767540552,2.328511000087019,13.48355200025253,15.912470928014955
2295,16567.038809498048,16567.038829594,16567.038829594,16567.040839085,16567.054236183,0,COMPLETED,True,burst_4,15,0.020095951185794547,2.0094909996259958,13.397098002315033,15.426684953126824
2296,16567.051867710146,16567.051885013,16567.051885013,16567.052364421,16567.065825821,1,COMPLETED,True,burst_4,16,0.017302852938883007,0.4794080014107749,13.461399998050183,13.958110852399841
2297,16567.06437195069,16567.064460066,16567.064460066,16567.064916437,16567.078217952,3,COMPLETED,True,burst_4,17,0.08811531006358564,0.4563709990179632,13.301514998602215,13.846001307683764
2298,16567.06834228097,16567.068425326,16567.068425326,16567.068775852,16567.082575294,2,COMPLETED,True,burst_4,18,0.08304502989631146,0.3505259992380161,13.799442000163253,14.233013029297581
2299,16567.069555999147,16567.069638043,16567.069638043,16567.069959495,16567.083158528,0,COMPLETED,True,burst_4,19,0.08204385449062102,0.3214519965695217,13.199033001001226,13.602528852061369
2300,16567.07321626056,16567.073400782,16567.073400782,16567.074071525,16567.092925712,1,COMPLETED,True,burst_4,20,0.18452143922331743,0.670743000227958,18.854187001124956,19.70945144057623
2301,16567.083896879863,16567.084157817,16567.084157817,16567.084594084,16567.097847473,3,COMPLETED,True,burst_4,21,0.26093713677255437,0.43626700062304735,13.25338899914641,13.950593136542011
2302,16567.08668761253,16567.08680645,16567.08680645,16567.087407385,16567.101500292,2,COMPLETED,True,burst_4,22,0.11883746992680244,0.6009349999658298,14.092907000303967,14.8126794701966
2303,16567.091097943856,16567.091183614,16567.091183614,16567.091812776,16567.105013031,0,COMPLETED,True,burst_4,23,0.08567014447180554,0.6291620011324994,13.200254998082528,13.915087143686833
2304,16567.10461031609,16567.104696559,16567.104696559,16567.105427457,16567.118840303,1,COMPLETED,True,burst_4,24,0.08624290785519406,0.7308980020752642,13.41284599766368,14.229986907594139
2305,16567.12471464729,16567.124801401,16567.124801401,16567.125477495,16567.138921965,3,COMPLETED,True,burst_4,25,0.086753712821519,0.6760939977539238,13.444470001559239,14.207317712134682
2306,16567.13102521997,16567.131109227,16567.131109227,16567.131785136,16567.145906325,2,COMPLETED,True,burst_4,26,0.08400703154620714,0.6759089992556255,14.121189000434242,14.881105031236075
2307,16567.133348975352,16567.133440651,16567.133440651,16567.134158755,16567.147400689,0,COMPLETED,True,burst_4,27,0.0916756471269764,0.7181040018622298,13.241933997051092,14.051713646040298
2308,16567.13850165788,16567.138599526,16567.138599526,16567.139293444,16567.154564055,1,COMPLETED,True,burst_4,28,0.09786812006495893,0.6939180020708591,15.270610998413758,16.062397120549576
2309,16567.138587660032,16567.138652592,16567.138652592,16567.139533609,16567.152795696,3,COMPLETED,True,burst_4,29,0.06493196633527987,0.8810170002107043,13.262087002658518,14.208035969204502
2310,16567.14892438274,16567.149030672,16567.149030672,16567.149712379,16567.162988425,2,COMPLETED,True,burst_4,30,0.10628926247591153,0.6817069988755975,13.276046000100905,14.064042261452414
2311,16567.151681218773,16567.151781911,16567.151781911,16567.152382666,16567.165692323,0,COMPLETED,True,burst_4,31,0.10069222844322212,0.6007550000504125,13.3096569988993,14.011104227392934
2312,16567.17019285483,16567.17034063,16567.17034063,16567.170864208,16567.184366216,3,COMPLETED,True,burst_4,32,0.1477751720813103,0.5235780008661095,13.502007997885812,14.173361170833232
2313,16567.175986016016,16567.176106937,16567.176106937,16567.176527014,16567.19172725,1,COMPLETED,True,burst_4,33,0.12092098404536955,0.4200769981252961,15.20023600096465,15.741233983135317
2314,16567.182304120506,16567.182557798,16567.182557798,16567.183185939,16567.196840382,2,COMPLETED,True,burst_4,34,0.25367749549332075,0.6281409987423103,13.654442998813465,14.536261493049096
2315,16567.183472755758,16567.183644991,16567.183644991,16567.184328531,16567.201173269,0,COMPLETED,True,burst_4,35,0.17223524264409207,0.6835399981355295,16.844738001964288,17.70051324274391
2316,16567.212858049566,16567.213049718,16567.213049718,16567.213840953,16567.226892412,3,COMPLETED,True,burst_4,36,0.19166843412676826,0.7912350010883529,13.051458998234011,14.034362433449132
2317,16567.220544911765,16567.220667969,16567.220667969,16567.221342024,16567.235486586,1,COMPLETED,True,burst_4,37,0.12305723430472426,0.674055001582019,14.14456199927372,14.941674235160463
2318,16567.226397603885,16567.226489583,16567.226489583,16567.227221407,16567.241355405,2,COMPLETED,True,burst_4,38,0.09197911640512757,0.7318239986489061,14.133998000033898,14.957801115087932
2319,16567.23009853351,16567.230189468,16567.230189468,16567.230823329,16567.244738938,0,COMPLETED,True,burst_4,39,0.09093448898056522,0.6338610000966582,13.915609000832774,14.640404489909997
2320,16567.23099464225,16567.231114271,16567.231114271,16567.231682994,16567.250687115,3,COMPLETED,True,burst_4,40,0.11962874850723892,0.5687230004696175,19.004121000762098,19.692472749738954
2321,16567.24707429131,16567.247176215,16567.247176215,16567.247700775,16567.261670511,1,COMPLETED,True,burst_4,41,0.10192369154538028,0.524559996847529,13.969736002763966,14.596219691156875
2322,16567.2502389237,16567.250362362,16567.250362362,16567.250853281,16567.264297723,2,COMPLETED,True,burst_4,42,0.12343829803285189,0.4909189992758911,13.44444200003636,14.058799297345104
2323,16567.28868750901,16567.288822894,16567.288822894,16567.289378906,16567.305391295,3,COMPLETED,True,burst_4,43,0.13538498751586303,0.5560120007430669,16.012389001843985,16.703785990102915
2324,16567.325816609908,16567.325979118,16567.325979118,16567.326596371,16567.340593217,0,COMPLETED,True,burst_4,44,0.1625080913072452,0.6172530011099298,13.996845998917706,14.776607091334881
2325,16567.32612014885,16567.326414088,16567.326414088,16567.326962071,16567.346805784,1,COMPLETED,True,burst_4,45,0.2939391488325782,0.5479830033436883,19.84371299840859,20.685635150584858
2326,16567.32767980328,16567.327927334,16567.327927334,16567.32877409,16567.34865498,2,COMPLETED,True,burst_4,46,0.2475307228451129,0.8467560001008678,19.88088999860338,20.97517672154936
2327,16567.33143636797,16567.331546635,16567.331546635,16567.332085862,16567.351960737,3,COMPLETED,True,burst_4,47,0.1102670285035856,0.5392269995354582,19.874875000823522,20.524369028862566
2328,16567.33669864866,16567.336799038,16567.336799038,16567.340764205,16567.355000138,0,COMPLETED,True,baseline_5,48,0.10038933760370128,3.9651670012972318,14.235932998417411,18.301489337318344
2329,16567.344882102665,16567.345103727,16567.345103727,16567.347268061,16567.361532575,1,COMPLETED,True,baseline_5,49,0.22162433378980495,2.1643340005539358,14.264514000387862,16.650472334731603
2330,16567.35097134164,16567.351067144,16567.351067144,16567.351893275,16567.366001342,2,COMPLETED,True,baseline_5,50,0.09580236292094924,0.8261309994850308,14.10806700005196,15.03000036245794
2331,16567.36679690817,16567.366889725,16567.366889725,16567.367500288,16567.380800002,3,COMPLETED,True,baseline_5,51,0.09281683014705777,0.6105630018282682,13.29971399900387,14.003093830979196
2332,16567.419192055684,16567.419336929,16567.419336929,16567.420385748,16567.436584088,0,COMPLETED,True,baseline_5,52,0.14487331645796075,1.0488189982424956,16.198339999391465,17.39203231409192
2333,16567.444785966592,16567.444875198,16567.444875198,16567.445588956,16567.465274632,1,COMPLETED,True,baseline_5,53,0.08923140921979211,0.7137579996197019,19.685675997607177,20.48866540644667
2334,16567.448601680106,16567.448712339,16567.448712339,16567.449502302,16567.469687955,2,COMPLETED,True,baseline_5,54,0.11065889339079149,0.7899629999883473,20.18565300022601,21.08627489360515
2335,16567.45169704357,16567.451781574,16567.451781574,16567.452291872,16567.467366127,3,COMPLETED,True,baseline_5,55,0.08453043119516224,0.5102979994262569,15.074254999490222,15.669083430111641
2336,16567.456557381058,16567.456716635,16567.456716635,16567.457402407,16567.47683853,0,COMPLETED,True,baseline_5,56,0.1592539410921745,0.6857719999970868,19.436123002378736,20.281148943467997
2337,16567.46827358807,16567.468377612,16567.468377612,16567.469053646,16567.483575085,1,COMPLETED,True,baseline_5,57,0.10402392945252359,0.6760340002074372,14.521438999508973,15.301496929168934
2338,16567.4721073363,16567.4722278,16567.4722278,16567.472794402,16567.485887777,3,COMPLETED,True,baseline_5,58,0.12046370102325454,0.5666020006174222,13.093374996969942,13.780440698610619
2339,16567.496260228323,16567.496405373,16567.496405373,16567.497097179,16567.510266273,2,COMPLETED,True,baseline_5,59,0.14514467693516053,0.6918059989402536,13.169093999749748,14.006044675625162
2340,16567.503390179398,16567.50353426,16567.50353426,16567.504102368,16567.517512958,0,COMPLETED,True,baseline_5,60,0.14408060087589547,0.5681080001522787,13.410589999693912,14.122778600722086
2341,16567.51123586024,16567.51140065,16567.51140065,16567.512254756,16567.530878129,1,COMPLETED,True,baseline_5,61,0.16478976249345578,0.8541059978597332,18.6233730019012,19.64226876225439
2342,16567.534497592624,16567.534585973,16567.534585973,16567.535294214,16567.549073499,3,COMPLETED,True,baseline_5,62,0.08838037683744915,0.7082410011207685,13.779285000055097,14.575906378013315
2343,16567.563389628343,16567.563536735,16567.563536735,16567.564458865,16567.582971588,2,COMPLETED,True,baseline_5,63,0.14710665709571913,0.9221299987984821,18.512722999730613,19.581959655624814
2344,16567.575860617922,16567.575958449,16567.575958449,16567.57664593,16567.590592804,0,COMPLETED,True,baseline_5,64,0.09783107816474512,0.6874809987493791,13.94687400170369,14.732186078617815
2345,16567.59986488913,16567.599957565,16567.599957565,16567.600678642,16567.614477149,1,COMPLETED,True,baseline_5,65,0.09267586938221939,0.7210770017991308,13.798506999592064,14.612259870773414
2346,16567.627787887748,16567.628060219,16567.628060219,16567.628656769,16567.642057009,3,COMPLETED,True,baseline_5,66,0.27233125365455635,0.5965499985904898,13.400240000919439,14.269121253164485
2347,16567.66090963089,16567.661006663,16567.661006663,16567.66180296,16567.676877814,2,COMPLETED,True,baseline_5,67,0.09703210889711045,0.7962970012158621,15.074853999976767,15.96818311008974
2348,16567.676119646963,16567.676244571,16567.676244571,16567.676993542,16567.691461388,0,COMPLETED,True,baseline_5,68,0.12492403766373172,0.7489710005756933,14.46784599829698,15.341741036536405
2349,16567.751098456865,16567.751266119,16567.751266119,16567.752170103,16567.766654611,2,COMPLETED,True,baseline_5,69,0.16766213593655266,0.9039839969773311,14.4845080030791,15.556154135992983
2350,16567.755262431503,16567.755511915,16567.755511915,16567.756535112,16567.777226279,3,COMPLETED,True,baseline_5,70,0.24948349528131075,1.0231970009044744,20.691166999313282,21.963847495499067
2351,16567.762551349188,16567.762738618,16567.762738618,16567.763666391,16567.785092458,1,COMPLETED,True,baseline_5,71,0.18726881171460263,0.9277730023313779,21.426066999993054,22.541108814039035
2352,16567.783609953865,16567.783754744,16567.783754744,16567.784700802,16567.802805552,0,COMPLETED,True,baseline_5,72,0.1447901340725366,0.9460580004088115,18.104750000929926,19.195598135411274
2353,16567.80894733563,16567.809048221,16567.809048221,16567.809550487,16567.826513038,2,COMPLETED,True,baseline_5,73,0.10088536873809062,0.5022660006943624,16.96255099886912,17.565702368301572
2354,16567.81733332197,16567.817464377,16567.817464377,16567.817974444,16567.831345748,3,COMPLETED,True,baseline_5,74,0.1310550287598744,0.510066998685943,13.371304001339013,14.01242602878483
2355,16567.8269578718,16567.827135608,16567.827135608,16567.827686611,16567.844532368,1,COMPLETED,True,baseline_5,75,0.177736201294465,0.5510029986908194,16.845756999828154,17.57449619981344
2356,16567.888543560024,16567.888692201,16567.888692201,16567.889707787,16567.907622315,0,COMPLETED,True,baseline_5,76,0.14864097465761006,1.015585999994073,17.914528001711005,19.07875497636269
2357,16567.922726259054,16567.922833159,16567.922833159,16567.923817473,16567.943625939,2,COMPLETED,True,baseline_5,77,0.10689994451240636,0.98431400328991,19.80846599690267,20.899679944704985
2358,16567.953072129836,16567.953225448,16567.953225448,16567.95411109,16567.971960536,3,COMPLETED,True,baseline_5,78,0.15331816393882036,0.885641999047948,17.849446001491742,18.88840616447851
2359,16567.972617999752,16567.972660277,16567.972660277,16567.973311571,16567.990498703,1,COMPLETED,True,baseline_5,79,0.04227724639349617,0.651294001727365,17.18713199807098,17.880703246191842
2360,16567.983691569796,16567.983721611,16567.983721611,16567.984608742,16568.000185164,0,COMPLETED,True,baseline_5,80,0.030041202990105376,0.8871310019458178,15.576421999867307,16.49359420480323
2361,16568.05234606262,16568.052482152,16568.052482152,16568.053266324,16568.069705904,2,COMPLETED,True,baseline_5,81,0.13608938024844974,0.7841719998396002,16.43957999840495,17.359841378493
2362,16568.175554161404,16568.175811784,16568.175811784,16568.176905991,16568.196915137,3,COMPLETED,True,baseline_5,82,0.25762259610928595,1.0942070002784021,20.009145999210887,21.360975595598575
2363,16568.20958959797,16568.209749376,16568.209749376,16568.210737379,16568.230870301,1,COMPLETED,True,baseline_5,83,0.15977803195710294,0.9880029974738136,20.132921999902464,21.28070302933338
2364,16568.216219305294,16568.21646817,16568.21646817,16568.217297207,16568.237618646,0,COMPLETED,True,baseline_5,84,0.24886470782803372,0.8290369987662416,20.3214389985078,21.399340705102077
2365,16568.225493666705,16568.225640753,16568.225640753,16568.226510363,16568.245847737,2,COMPLETED,True,baseline_5,85,0.14708629532833584,0.8696100012457464,19.337373996677343,20.354070293251425
2366,16568.26164130894,16568.261835402,16568.261835402,16568.262767368,16568.281943429,3,COMPLETED,True,baseline_5,86,0.19409305969020352,0.9319659984612372,19.17606099959812,20.302120057749562
2367,16568.26728304534,16568.267442378,16568.267442378,16568.268271616,16568.28659695,1,COMPLETED,True,baseline_5,87,0.15933265967760235,0.8292380007333122,18.32533400011016,19.313904660521075
2368,16568.307942329393,16568.308135426,16568.308135426,16568.308852273,16568.323028921,0,COMPLETED,True,baseline_5,88,0.19309660638100468,0.7168470001488458,14.176648001011927,15.086591607541777
2369,16568.32301184953,16568.323057521,16568.323057521,16568.323612418,16568.337694127,2,COMPLETED,True,baseline_5,89,0.04567146970657632,0.5548970002564602,14.081708999583498,14.682277469546534
2370,16568.327007812048,16568.327148079,16568.327148079,16568.327613498,16568.342798518,3,COMPLETED,True,baseline_5,90,0.1402669513481669,0.46541900155716576,15.185019998170901,15.790705951076234
2371,16568.33085984731,16568.33098928,16568.33098928,16568.331691626,16568.348699041,1,COMPLETED,True,baseline_5,91,0.1294326903007459,0.702346002071863,17.00741499735159,17.839193689724198
2372,16568.333363131365,16568.333512282,16568.333512282,16568.334115411,16568.350540098,0,COMPLETED,True,baseline_5,92,0.14915063366061077,0.6031289995007683,16.424687000835547,17.176966633996926
2373,16568.38188390762,16568.381977077,16568.381977077,16568.382494736,16568.396434886,2,COMPLETED,True,baseline_5,93,0.09316937939729542,0.5176590020710137,13.94014999823412,14.550978379702428
2374,16568.42319099414,16568.423328002,16568.423328002,16568.42389678,16568.43786633,3,COMPLETED,True,baseline_5,94,0.1370078607578762,0.5687779994332232,13.969550000183517,14.675335860374616
2375,16568.425785593783,16568.425918434,16568.425918434,16568.426392074,16568.439974655,1,COMPLETED,True,baseline_5,95,0.13284021770232357,0.4736400005640462,13.582580999354832,14.189061217621202
2376,16568.430771324754,16568.430859692,16568.430859692,16568.431373521,16568.446408724,0,COMPLETED,True,baseline_5,96,0.08836724373395555,0.513829003466526,15.035202999570174,15.637399246770656
2377,16568.43940252478,16568.439504023,16568.439504023,16568.440212947,16568.456953809,2,COMPLETED,True,baseline_5,97,0.10149822264793329,0.7089239988999907,16.740862000006018,17.551284221553942
2378,16568.442940599754,16568.443049424,16568.443049424,16568.443568368,16568.456931127,3,COMPLETED,True,baseline_5,98,0.10882424612645991,0.5189439980313182,13.362759000301594,13.990527244459372
2379,16568.48864867681,16568.48874485,16568.48874485,16568.489396016,16568.503129837,1,COMPLETED,True,baseline_5,99,0.09617319301469252,0.6511659994430374,13.73382100064191,14.48116019309964
2380,16568.49757074006,16568.497678524,16568.497678524,16568.49841122,16568.51218204,0,COMPLETED,True,baseline_5,100,0.10778394062072039,0.7326960003410932,13.770820001809625,14.611299942771439
2381,16568.51031817707,16568.510564142,16568.510564142,16568.511392973,16568.526205158,3,COMPLETED,True,baseline_5,101,0.24596493312856182,0.82883099821629,14.812184999755118,15.88698093109997
2382,16568.54557589306,16568.545747251,16568.545747251,16568.546393796,16568.561658493,2,COMPLETED,True,baseline_5,102,0.1713579404167831,0.6465450023824815,15.264696998201543,16.082599941000808
2383,16568.5559201804,16568.556099182,16568.556099182,16568.556829411,16568.570665132,1,COMPLETED,True,baseline_5,103,0.1790015994629357,0.7302290032384917,13.83572099803132,14.744951600732747
2384,16568.620422013344,16568.620534361,16568.620534361,16568.621130334,16568.634434717,0,COMPLETED,True,baseline_5,104,0.11234765770495869,0.5959729969617911,13.304383002832765,14.012703657499515
2385,16568.661177195816,16568.661232062,16568.661232062,16568.661985548,16568.679235925,3,COMPLETED,True,baseline_5,105,0.05486618465511128,0.7534859978477471,17.250377000891604,18.058729183394462
2386,16568.674156404035,16568.674403329,16568.674403329,16568.675347468,16568.694096337,2,COMPLETED,True,baseline_5,106,0.24692496663192287,0.9441389993298799,18.748868998955004,19.939932964916807
2387,16568.682981288737,16568.683175376,16568.683175376,16568.684149083,16568.702995499,1,COMPLETED,True,baseline_5,107,0.19408726438996382,0.9737069995026104,18.84641599826864,20.014210262161214
2388,16568.697801215734,16568.697992114,16568.697992114,16568.698750132,16568.717167421,0,COMPLETED,True,baseline_5,108,0.19089826673734933,0.7580179990327451,18.417289000353776,19.36620526612387
2389,16568.734189156257,16568.734462003,16568.734462003,16568.735038347,16568.748989934,3,COMPLETED,True,baseline_5,109,0.2728467443375848,0.5763439985457808,13.9515869996103,14.800777742493665
2390,16568.763820280692,16568.763962124,16568.763962124,16568.764558932,16568.782383667,2,COMPLETED,True,baseline_5,110,0.1418433093931526,0.59680800040951,17.824734997702762,18.563386307505425
2391,16568.764899079324,16568.765035962,16568.765035962,16568.765541551,16568.784992266,1,COMPLETED,True,baseline_5,111,0.13688267426914535,0.5055890032963362,19.45071499721962,20.093186674785102
2392,16568.780341098114,16568.780445514,16568.780445514,16568.780976047,16568.799382138,0,COMPLETED,True,baseline_5,112,0.10441588528919965,0.5305330014380161,18.406090999633307,19.041039886360522
2393,16568.79334377091,16568.793437632,16568.793437632,16568.794022887,16568.807055677,3,COMPLETED,True,baseline_5,113,0.0938610901357606,0.5852549984410871,13.032790000579553,13.7119060891564
2394,16568.8218931267,16568.822003615,16568.822003615,16568.822532398,16568.835942959,2,COMPLETED,True,baseline_5,114,0.11048830128856935,0.5287829990265891,13.410560997726861,14.04983229804202
2395,16568.8320739001,16568.832180602,16568.832180602,16568.832965195,16568.846517907,1,COMPLETED,True,baseline_5,115,0.1067019002221059,0.7845930012990721,13.55271200009156,14.444006901612738
2396,16568.837302768425,16568.837478315,16568.837478315,16568.838324289,16568.854789235,0,COMPLETED,True,baseline_5,116,0.17554657461005263,0.8459740020043682,16.464945998450276,17.486466575064696
2397,16568.848859497557,16568.848954637,16568.848954637,16568.849454176,16568.863181158,3,COMPLETED,True,baseline_5,117,0.09513944314676337,0.49953900088439696,13.726982000662247,14.321660444693407
2398,16568.85010255212,16568.850218473,16568.850218473,16568.850856077,16568.864437228,2,COMPLETED,True,baseline_5,118,0.11592088048928417,0.6376040000759531,13.581151000835234,14.334675881400472
2399,16568.902666700644,16568.902758811,16568.902758811,16568.903523996,16568.919305575,1,COMPLETED,True,baseline_5,119,0.0921103564905934,0.7651849991816562,15.781579000758938,16.638874356431188
2400,16568.907498854067,16568.907585994,16568.907585994,16568.908168336,16568.921673154,0,COMPLETED,True,baseline_5,0,0.08713993156561628,0.5823419996886514,13.50481800182024,14.174299933074508
2401,16568.935011401263,16568.935180871,16568.935180871,16568.935958542,16568.949701045,3,COMPLETED,True,baseline_5,1,0.16946973846643232,0.7776709971949458,13.742503000685247,14.689643736346625
2402,16568.936105774268,16568.93625278,16568.93625278,16568.936774159,16568.955455571,2,COMPLETED,True,baseline_5,2,0.1470057322876528,0.5213789991103113,18.681411998841213,19.349796730239177
2403,16568.937181554662,16568.937332277,16568.937332277,16568.938163222,16568.956980996,1,COMPLETED,True,baseline_5,3,0.15072233873070218,0.8309449985972606,18.81777400194551,19.79944133927347
2404,16568.95341852125,16568.953564625,16568.953564625,16568.954461404,16568.967783602,0,COMPLETED,True,baseline_5,4,0.1461037500121165,0.89677899813978,13.322197999514174,14.36508074766607
2405,16568.996428367278,16568.996629389,16568.996629389,16568.997188213,16569.010704513,3,COMPLETED,True,baseline_5,5,0.20102172129554674,0.5588240019278601,13.516299997718306,14.276145720941713
2406,16569.00672340821,16569.006814202,16569.006814202,16569.007654571,16569.027152284,2,COMPLETED,True,baseline_5,6,0.09079379015020095,0.8403690007980913,19.49771300132852,20.428875792276813
2407,16569.020254195606,16569.020338543,16569.020338543,16569.020977446,16569.034057406,1,COMPLETED,True,baseline_5,7,0.08434739356744103,0.6389030022546649,13.079959997412516,13.803210393234622
2408,16569.0917860815,16569.091931651,16569.091931651,16569.092832042,16569.112327326,0,COMPLETED,True,baseline_5,8,0.14556950191035867,0.9003909981402103,19.49528399927658,20.54124449932715
2409,16569.10345622701,16569.103618902,16569.103618902,16569.104589129,16569.124048408,3,COMPLETED,True,baseline_5,9,0.16267499086097814,0.9702269999252167,19.45927899942035,20.592180990206543
2410,16569.117406481568,16569.117567735,16569.117567735,16569.118575207,16569.138542425,2,COMPLETED,True,baseline_5,10,0.16125343245221302,1.0074720012198668,19.96721799878287,21.13594343245495
2411,16569.13007322777,16569.130325085,16569.130325085,16569.131215222,16569.145968323,1,COMPLETED,True,baseline_5,11,0.2518572291592136,0.890137001988478,14.753100997040747,15.895095228188438
2412,16569.132591482812,16569.132640256,16569.132640256,16569.133463133,16569.153652711,0,COMPLETED,True,baseline_5,12,0.04877318860962987,0.8228769984270912,20.189578001009068,21.06122818804579
2413,16569.162441819906,16569.162603773,16569.162603773,16569.16333698,16569.178263895,3,COMPLETED,True,baseline_5,13,0.1619530921743717,0.7332070017582737,14.926914998795837,15.822075092728483
2414,16569.17900576993,16569.179106778,16569.179106778,16569.179902752,16569.198614221,2,COMPLETED,True,baseline_5,14,0.10100807048729621,0.7959739996294957,18.711469001573278,19.60845107169007
2415,16569.384355860802,16569.3845278,16569.3845278,16569.385601548,16569.406096667,1,COMPLETED,True,baseline_5,15,0.17193919848068617,1.0737480006355327,20.49511899895151,21.74080619806773
2416,16569.387163507723,16569.387304546,16569.387304546,16569.38832652,16569.409287433,0,COMPLETED,True,baseline_5,16,0.1410382756148465,1.0219739997410215,20.960913003364112,22.12392527871998
2417,16569.39857766881,16569.398810021,16569.398810021,16569.399774881,16569.419790437,3,COMPLETED,True,baseline_5,17,0.23235219123307616,0.9648599989304785,20.01555600145366,21.212768191617215
2418,16569.41204657184,16569.412149912,16569.412149912,16569.413140715,16569.432195251,2,COMPLETED,True,baseline_5,18,0.10334016042179428,0.990803000604501,19.05453599829343,20.148679159319727
2419,16569.41543280996,16569.415706715,16569.415706715,16569.416580057,16569.430434597,1,COMPLETED,True,baseline_5,19,0.2739050396485254,0.8733419999771286,13.854540000465931,15.001787040091585
2420,16569.43574734107,16569.435854431,16569.435854431,16569.436538621,16569.450099312,0,COMPLETED,True,baseline_5,20,0.10708993067964911,0.6841899994469713,13.560690997110214,14.351970927236835
2421,16569.44319928587,16569.443356934,16569.443356934,16569.444156251,16569.461687865,3,COMPLETED,True,baseline_5,21,0.1576481299707666,0.799317000200972,17.53161400120007,18.488579131371807
2422,16569.490765830757,16569.49086007,16569.49086007,16569.491653894,16569.511517968,1,COMPLETED,True,baseline_5,22,0.09423924348084256,0.793824001448229,19.864073998178355,20.752137243107427
2423,16569.49352101567,16569.493624776,16569.493624776,16569.494307098,16569.514222338,2,COMPLETED,True,baseline_5,23,0.10376033242209814,0.6823219991929363,19.915239998226753,20.701322329841787
2424,16569.499138488314,16569.499246704,16569.499246704,16569.500102466,16569.520106293,0,COMPLETED,True,baseline_5,24,0.10821568503160961,0.8557620021747425,20.00382699770853,20.96780468491488
2425,16569.53298358693,16569.533072135,16569.533072135,16569.5340345,16569.553206127,3,COMPLETED,True,baseline_5,25,0.08854806947056204,0.9623650003049988,19.17162699828623,20.22254006806179
2426,16569.546531495205,16569.546680381,16569.546680381,16569.547460607,16569.56440434,1,COMPLETED,True,baseline_5,26,0.1488857960794121,0.7802259970048908,16.94373300051666,17.87284479360096
2427,16569.555941258244,16569.556100717,16569.556100717,16569.556989854,16569.576324831,2,COMPLETED,True,baseline_5,27,0.15945875566103496,0.8891370016499422,19.33497699792497,20.383572755235946
2428,16569.559333324585,16569.559494883,16569.559494883,16569.560154488,16569.575756187,0,COMPLETED,True,baseline_5,28,0.16155841512954794,0.659605000691954,15.601699000399094,16.422862416220596
2429,16569.5980807562,16569.598166833,16569.598166833,16569.599182245,16569.617805613,3,COMPLETED,True,baseline_5,29,0.08607679774286225,1.0154120027436875,18.62336799968034,19.72485680016689
2430,16569.677472083997,16569.677564873,16569.677564873,16569.67811811,16569.696273357,1,COMPLETED,True,baseline_5,30,0.09278900324716233,0.5532370014407206,18.15524699850357,18.801273003191454
2431,16569.693401741228,16569.693502184,16569.693502184,16569.694055935,16569.708330389,0,COMPLETED,True,baseline_5,31,0.10044277223641984,0.5537510005524382,14.274453998950776,14.928647771739634
2432,16569.714850791843,16569.715091548,16569.715091548,16569.715869834,16569.728856983,2,COMPLETED,True,baseline_5,32,0.24075615874608047,0.7782859975122847,12.987149002583465,14.00619115884183
2433,16569.718565634805,16569.718667973,16569.718667973,16569.719507954,16569.738758195,3,COMPLETED,True,baseline_5,33,0.1023381955747027,0.8399809994443785,19.250240999099333,20.192560194118414
2434,16569.73683728503,16569.73699977,16569.73699977,16569.73776286,16569.75107389,1,COMPLETED,True,baseline_5,34,0.16248497195192613,0.7630899999639951,13.311029997566948,14.236604969482869
2435,16569.814331601203,16569.814450025,16569.814450025,16569.815434485,16569.834268281,0,COMPLETED,True,baseline_5,35,0.11842379535664804,0.9844600026553962,18.83379599894397,19.936679796956014
2436,16569.84453255816,16569.844793822,16569.844793822,16569.845632621,16569.86496601,2,COMPLETED,True,baseline_5,36,0.26126384182134643,0.8387989983020816,19.33338900198578,20.433451842109207
2437,16569.890107903753,16569.890251103,16569.890251103,16569.891165657,16569.910415773,3,COMPLETED,True,baseline_5,37,0.1431992459401954,0.9145540025201626,19.25011599814752,20.30786924660788
2438,16569.90892843417,16569.909034271,16569.909034271,16569.909712612,16569.928641436,1,COMPLETED,True,baseline_5,38,0.10583682887954637,0.6783409990021028,18.928823999885935,19.713001827767584
2439,16569.9469602965,16569.947078022,16569.947078022,16569.947678284,16569.965901845,0,COMPLETED,True,baseline_5,39,0.11772549987654202,0.6002619993523695,18.223561000922928,18.94154850015184
2440,16569.95265441262,16569.952803882,16569.952803882,16569.953501825,16569.97239431,2,COMPLETED,True,baseline_5,40,0.1494693788117729,0.6979429999773856,18.892485000833403,19.739897379622562
2441,16569.96309766122,16569.963222343,16569.963222343,16569.96394339,16569.981914139,3,COMPLETED,True,baseline_5,41,0.12468178101698868,0.7210469993879087,17.970748998777708,18.816477779182605
2442,16570.004542762854,16570.00462979,16570.00462979,16570.005491212,16570.024833851,1,COMPLETED,True,baseline_5,42,0.08702714694663882,0.8614219987066463,19.342638999660267,20.29108814531355
2443,16570.010256235233,16570.010336492,16570.010336492,16570.010861456,16570.026682263,0,COMPLETED,True,baseline_5,43,0.08025676652323455,0.5249640016700141,15.820806998817716,16.426027767010964
2444,16570.036648072,16570.0367351,16570.0367351,16570.037498917,16570.053451504,2,COMPLETED,True,baseline_5,44,0.08702799823367968,0.7638170027348679,15.952587000356289,16.803432001324836
2445,16570.048663500835,16570.04875166,16570.04875166,16570.049432818,16570.062638294,3,COMPLETED,True,baseline_5,45,0.08815916589810513,0.6811579987697769,13.20547599971178,13.974793164379662
2446,16570.087233393017,16570.08748118,16570.08748118,16570.088339313,16570.107940798,1,COMPLETED,True,baseline_5,46,0.24778698207228445,0.8581330002925824,19.601485000748653,20.70740498311352
2447,16570.08795805525,16570.088102884,16570.088102884,16570.088571567,16570.102711917,0,COMPLETED,True,baseline_5,47,0.14482875121757388,0.46868299978086725,14.140349998342572,14.753861749341013
2448,16570.126446020568,16570.126606928,16570.126606928,16570.127425205,16570.147214561,2,COMPLETED,True,baseline_5,48,0.16090743156382814,0.8182769997802097,19.789355999819236,20.768540431163274
2449,16570.134184434308,16570.134341537,16570.134341537,16570.13511979,16570.15458739,3,COMPLETED,True,baseline_5,49,0.15710269144619815,0.7782530010445043,19.46759999918868,20.40295569167938
2450,16570.171292234245,16570.171496552,16570.171496552,16570.172469728,16570.191854161,0,COMPLETED,True,baseline_5,50,0.20431775556062348,0.9731760001159273,19.3844329987769,20.561926754453452
2451,16570.232420935445,16570.232909856,16570.232909856,16570.23364807,16570.251486102,1,COMPLETED,True,baseline_5,51,0.48892055565374903,0.7382139992841985,17.83803199941758,19.065166554355528
2452,16570.256381411455,16570.256430483,16570.256430483,16570.257095913,16570.274841075,2,COMPLETED,True,baseline_5,52,0.049071546527557075,0.6654299977526534,17.745162000210257,18.459663544490468
2453,16570.326601213932,16570.326781926,16570.326781926,16570.327753386,16570.346924378,3,COMPLETED,True,baseline_5,53,0.180712067958666,0.9714599982544314,19.170991999999387,20.323164066212485
2454,16570.349235945665,16570.349398171,16570.349398171,16570.350061068,16570.364264507,0,COMPLETED,True,baseline_5,54,0.1622253366804216,0.6628969968005549,14.203439000993967,15.028561334474944
2455,16570.356487901645,16570.356685345,16570.356685345,16570.357467665,16570.382438267,1,COMPLETED,True,baseline_5,55,0.19744335440918803,0.7823199994163588,24.970602000394138,25.950365354219684
2456,16570.371191863964,16570.371336861,16570.371336861,16570.372163157,16570.38907682,2,COMPLETED,True,baseline_5,56,0.14499703684123233,0.8262960000138264,16.913662999286316,17.884956036141375
2457,16570.46348681558,16570.463742865,16570.463742865,16570.464823629,16570.485161331,3,COMPLETED,True,baseline_5,57,0.25604941765777767,1.0807640028360765,20.337701997050317,21.67451541754417
2458,16570.47867693266,16570.478929508,16570.478929508,16570.480104604,16570.499671513,0,COMPLETED,True,baseline_5,58,0.25257534070988186,1.1750960002245847,19.566908998967847,20.994580339902313
2459,16570.513302099524,16570.513459932,16570.513459932,16570.514417779,16570.533944089,1,COMPLETED,True,baseline_5,59,0.15783247727085836,0.9578469980624504,19.526309999491787,20.641989474825095
2460,16570.52893537927,16570.529050397,16570.529050397,16570.530083343,16570.550102191,2,COMPLETED,True,baseline_5,60,0.11501773042255081,1.0329460019420367,20.01884799756226,21.16681172992685
2461,16570.53710155471,16570.537401344,16570.537401344,16570.538096439,16570.554402454,3,COMPLETED,True,baseline_5,61,0.2997892916027922,0.6950949973543175,16.306015000736807,17.300899289693916
2462,16570.563816631016,16570.564072526,16570.564072526,16570.565058046,16570.583722842,0,COMPLETED,True,baseline_5,62,0.2558949818194378,0.9855200005404186,18.664795999939088,19.906210982298944
2463,16570.574077172416,16570.574236176,16570.574236176,16570.57494119,16570.590021763,1,COMPLETED,True,baseline_5,63,0.15900358266662806,0.7050140011415351,15.080573000886943,15.944590584695106
2464,16570.58846533963,16570.588621899,16570.588621899,16570.589501904,16570.603618943,2,COMPLETED,True,baseline_5,64,0.15655937022529542,0.8800049981800839,14.117039001575904,15.153603369981283
2465,16570.66566408095,16570.665866291,16570.665866291,16570.666777338,16570.681216869,3,COMPLETED,True,baseline_5,65,0.20221005252096802,0.9110469982260838,14.439531001698924,15.552788052445976
2466,16570.668299261622,16570.66843495,16570.66843495,16570.669101139,16570.683649859,0,COMPLETED,True,baseline_5,66,0.13568837675848044,0.6661890001851134,14.54871999885654,15.350597375800135
2467,16570.71614848577,16570.716238172,16570.716238172,16570.717241527,16570.736986167,1,COMPLETED,True,baseline_5,67,0.08968622933025472,1.003354998829309,19.744640001590597,20.83768122975016
2468,16570.719509886203,16570.719589445,16570.719589445,16570.720237514,16570.73849615,2,COMPLETED,True,baseline_5,68,0.07955879846122116,0.6480689989984967,18.25863599879085,18.98626379625057
2469,16570.721713740633,16570.721821269,16570.721821269,16570.722624576,16570.742063247,3,COMPLETED,True,baseline_5,69,0.10752836533356458,0.8033070007513743,19.438670999079477,20.349506365164416
2470,16570.72505243862,16570.72523977,16570.72523977,16570.725857366,16570.743801381,0,COMPLETED,True,baseline_5,70,0.187331377674127,0.6175960006657988,17.944014998647617,18.748942376987543
2471,16570.73835276068,16570.738491447,16570.738491447,16570.739063038,16570.752537776,1,COMPLETED,True,baseline_5,71,0.1386863186780829,0.5715910010621883,13.474737999786157,14.185015319526428
2472,16570.75755793924,16570.757745951,16570.757745951,16570.758436005,16570.773335374,2,COMPLETED,True,baseline_5,72,0.1880117597465869,0.6900539992784616,14.899369001796003,15.777434760821052
2473,16570.76400318064,16570.764091433,16570.764091433,16570.764764199,16570.777968578,3,COMPLETED,True,baseline_5,73,0.0882523600012064,0.6727660002070479,13.20437899994431,13.965397360152565
2474,16570.795017939912,16570.795106186,16570.795106186,16570.795921109,16570.815150364,0,COMPLETED,True,baseline_5,74,0.08824608812574297,0.8149229979608208,19.229255001846468,20.132424087933032
2475,16570.796880463975,16570.796964799,16570.796964799,16570.797586256,16570.816705401,1,COMPLETED,True,baseline_5,75,0.08433502443949692,0.6214570021256804,19.119144999422133,19.82493702598731
2476,16570.801427234743,16570.801515834,16570.801515834,16570.802152115,16570.816429055,2,COMPLETED,True,baseline_5,76,0.08859925583237782,0.6362810017890297,14.276940000854665,15.001820258476073
2477,16570.801549040054,16570.801564356,16570.801564356,16570.802206208,16570.816058728,3,COMPLETED,True,baseline_5,77,0.015315945347538218,0.6418520024453755,13.852519998181378,14.509687945974292
2478,16570.854052279697,16570.854225604,16570.854225604,16570.854727565,16570.868261915,0,COMPLETED,True,baseline_5,78,0.17332430070382543,0.5019610034651123,13.534349996916717,14.209635301085655
2479,16570.899396736346,16570.899500836,16570.899500836,16570.90046028,16570.919429928,3,COMPLETED,True,baseline_5,79,0.1040996539813932,0.9594440016371664,18.969647997437278,20.033191653055837
2480,16570.902607869175,16570.902770497,16570.902770497,16570.903463486,16570.920940419,2,COMPLETED,True,baseline_5,80,0.1626278244657442,0.6929890005267225,17.476933000580175,18.33254982557264
2481,16570.930518640333,16570.93069559,16570.93069559,16570.931638706,16570.95065932,1,COMPLETED,True,baseline_5,81,0.17694966663839296,0.9431159996893257,19.020613999600755,20.140679665928474
2482,16570.95463343875,16570.954887829,16570.954887829,16570.95580193,16570.969519679,0,COMPLETED,True,baseline_5,82,0.25439025193918496,0.9141009977611247,13.717749003262725,14.886240252963034
2483,16570.98014171576,16570.980302241,16570.980302241,16570.981044375,16570.999295911,3,COMPLETED,True,baseline_5,83,0.1605252400622703,0.7421339978463948,18.25153599929763,19.154195237206295
2484,16571.05731210086,16571.057481498,16571.057481498,16571.058427952,16571.078979757,2,COMPLETED,True,baseline_5,84,0.169397138961358,0.946454001677921,20.551804998831358,21.667656139470637
2485,16571.09266961644,16571.092875653,16571.092875653,16571.093717543,16571.113478338,1,COMPLETED,True,baseline_5,85,0.20603656230377965,0.8418899997195695,19.760794999456266,20.808721561479615
2486,16571.098856254408,16571.099007193,16571.099007193,16571.100088451,16571.119560124,0,COMPLETED,True,baseline_5,86,0.15093859110493213,1.0812580003403127,19.471673000225564,20.70386959167081
2487,16571.205747553653,16571.20600345,16571.20600345,16571.20705146,16571.227215536,3,COMPLETED,True,baseline_5,87,0.2558963460614905,1.0480099990672898,20.164076002402,21.46798234753078
2488,16571.23669124093,16571.236944359,16571.236944359,16571.237986001,16571.257839139,2,COMPLETED,True,baseline_5,88,0.253118068940239,1.0416420009278227,19.853138001053594,21.147898070921656
2489,16571.267087898093,16571.267268194,16571.267268194,16571.26822135,16571.287270664,1,COMPLETED,True,baseline_5,89,0.18029590501100756,0.9531560026516672,19.049313999857986,20.18276590752066
2490,16571.324204147422,16571.324485623,16571.324485623,16571.325624082,16571.339836209,0,COMPLETED,True,baseline_5,90,0.2814755789586343,1.1384589997760486,14.212127000064356,15.63206157879904
2491,16571.333254685786,16571.333509249,16571.333509249,16571.334431286,16571.353874446,3,COMPLETED,True,baseline_5,91,0.25456321600358933,0.9220369975082576,19.443159999354975,20.619760212866822
2492,16571.34594426898,16571.346110454,16571.346110454,16571.346858668,16571.364909442,2,COMPLETED,True,baseline_5,92,0.16618502195342444,0.7482139990315773,18.05077400058508,18.96517302157008
2493,16571.40978183718,16571.409892837,16571.409892837,16571.410366405,16571.428468491,1,COMPLETED,True,baseline_5,93,0.11099981929874048,0.47356800132547505,18.102085999998963,18.686653820623178
2494,16571.41634156448,16571.416472309,16571.416472309,16571.416965343,16571.430515231,0,COMPLETED,True,baseline_5,94,0.1307445199927315,0.4930340001010336,13.549888000852661,14.173666520946426
2495,16571.49428281011,16571.494478751,16571.494478751,16571.495548017,16571.514733912,3,COMPLETED,True,baseline_5,95,0.195940890989732,1.0692659998312593,19.18589500201051,20.451101892831502
2496,16571.517435602735,16571.517573972,16571.517573972,16571.518580586,16571.538038614,2,COMPLETED,True,baseline_5,96,0.13836926518706605,1.0066139984701294,19.458028000371996,20.603011264029192
2497,16571.51780759778,16571.518134433,16571.518134433,16571.518846594,16571.538012775,1,COMPLETED,True,baseline_5,97,0.32683522294973955,0.7121609996829648,19.166180998581694,20.2051772212144
2498,16571.53829080614,16571.538478658,16571.538478658,16571.539378539,16571.558862272,0,COMPLETED,True,baseline_5,98,0.1878518596640788,0.8998810008051805,19.4837329981965,20.57146585866576
2499,16571.541558170124,16571.541698595,16571.541698595,16571.54253398,16571.561385554,3,COMPLETED,True,baseline_5,99,0.14042487600818276,0.8353849989362061,18.85157400101889,19.827383875963278
2500,16571.54385283812,16571.543944676,16571.543944676,16571.544751851,16571.56381845,1,COMPLETED,True,baseline_5,100,0.09183787915389985,0.8071750016824808,19.066598997596884,19.965611878433265
2501,16571.555499540686,16571.555632599,16571.555632599,16571.556422333,16571.571709974,2,COMPLETED,True,baseline_5,101,0.13305831453180872,0.7897340001363773,15.28764099930413,16.210433313972317
2502,16571.57044558323,16571.570547057,16571.570547057,16571.571149299,16571.586779974,0,COMPLETED,True,baseline_5,102,0.10147376815439202,0.6022420020599384,15.630674999556504,16.334390769770835
2503,16571.58760507632,16571.587701067,16571.587701067,16571.588208848,16571.604268082,3,COMPLETED,True,baseline_5,103,0.09599067925591953,0.5077809983049519,16.059233999840217,16.663005677401088
2504,16571.61073530666,16571.610997827,16571.610997827,16571.611681074,16571.62704754,1,COMPLETED,True,baseline_5,104,0.2625203378556762,0.6832469989603851,15.366466002888046,16.312233339704107
2505,16571.656663474052,16571.656764402,16571.656764402,16571.657657552,16571.673575001,2,COMPLETED,True,baseline_5,105,0.10092794764204882,0.893150001502363,15.917448999971384,16.911526949115796
2506,16571.65792018764,16571.6580179,16571.6580179,16571.658524635,16571.673433461,0,COMPLETED,True,baseline_5,106,0.0977123600023333,0.5067349993623793,14.908826000464614,15.513273359829327
2507,16571.672901190123,16571.672999858,16571.672999858,16571.673777994,16571.691411414,3,COMPLETED,True,baseline_5,107,0.09866787877399474,0.7781360000080895,17.63342000049306,18.510223879275145
2508,16571.72732658431,16571.72749239,16571.72749239,16571.728199706,16571.746396685,1,COMPLETED,True,baseline_5,108,0.16580568990320899,0.7073160013533197,18.196978999185376,19.070100690441905
2509,16571.73391958752,16571.734018096,16571.734018096,16571.734526922,16571.747954914,0,COMPLETED,True,baseline_5,109,0.09850848073256202,0.5088259968033526,13.427992002107203,14.035326479643118
2510,16571.75558600137,16571.755725675,16571.755725675,16571.756307605,16571.774230753,2,COMPLETED,True,baseline_5,110,0.13967362974653952,0.5819299985887483,17.923147999681532,18.64475162801682
2511,16571.766879903007,16571.767020867,16571.767020867,16571.767592759,16571.780955875,3,COMPLETED,True,baseline_5,111,0.1409639917255845,0.5718920001527295,13.363116002437891,14.075971994316205
2512,16571.79066491979,16571.790721103,16571.790721103,16571.791465631,16571.806036515,1,COMPLETED,True,baseline_5,112,0.05618320938083343,0.7445279989042319,14.570884002750972,15.371595211036038
2513,16571.856674405964,16571.85680815,16571.85680815,16571.857549227,16571.874479656,0,COMPLETED,True,baseline_5,113,0.13374403715715744,0.7410769976559095,16.930428999330616,17.805250034143683
2514,16571.890156513233,16571.890317613,16571.890317613,16571.891327084,16571.911016613,2,COMPLETED,True,baseline_5,114,0.16109976786538027,1.0094709978147876,19.68952900278964,20.86009976846981
2515,16571.917211890188,16571.917371565,16571.917371565,16571.918350345,16571.93759176,3,COMPLETED,True,baseline_5,115,0.15967481158440933,0.9787800008780323,19.241415000578854,20.379869813041296
2516,16571.939826636913,16571.939985197,16571.939985197,16571.940888513,16571.959587414,1,COMPLETED,True,baseline_5,116,0.15856008758419193,0.9033159985847306,18.698900999879697,19.76077708604862
2517,16571.960046975993,16571.960169085,16571.960169085,16571.96096919,16571.981675951,0,COMPLETED,True,baseline_5,117,0.12210900604259223,0.8001050009625033,20.706760999019025,21.62897500602412
2518,16571.97505890187,16571.97515961,16571.97515961,16571.976073,16571.991881881,2,COMPLETED,True,baseline_5,118,0.10070813004858792,0.9133900020970032,15.80888099852018,16.82297913066577
2519,16571.98071131681,16571.980792921,16571.980792921,16571.981456488,16571.999354568,3,COMPLETED,True,baseline_5,119,0.08160419019986875,0.6635669997194782,17.898080001032213,18.64325119095156
2520,16571.99015465644,16571.990243162,16571.990243162,16571.990902667,16572.004094995,1,COMPLETED,True,baseline_5,0,0.08850555968820117,0.6595049999305047,13.192328002332943,13.940338561951648
2521,16572.01872300391,16572.018824205,16572.018824205,16572.019498836,16572.032617236,0,COMPLETED,True,baseline_5,1,0.10120109072886407,0.6746310027665459,13.11839999834774,13.89423209184315
2522,16572.044413131884,16572.044605182,16572.044605182,16572.045510049,16572.065405433,2,COMPLETED,True,baseline_5,2,0.1920501163112931,0.9048669999174308,19.895384000847116,20.99230111707584
2523,16572.068709703246,16572.068867069,16572.068867069,16572.069650096,16572.082456533,3,COMPLETED,True,baseline_5,3,0.15736575369373895,0.7830270005797502,12.806437000108417,13.746829754381906
2524,16572.08583259018,16572.086028121,16572.086028121,16572.086850181,16572.103315185,1,COMPLETED,True,baseline_5,4,0.19553082165657543,0.8220599993364885,16.465003998746397,17.48259481973946
2525,16572.1110832859,16572.111262403,16572.111262403,16572.112212397,16572.131063635,0,COMPLETED,True,baseline_5,5,0.17911709801410325,0.9499940024397802,18.851237997296266,19.98034909775015
2526,16572.17881398798,16572.17897608,16572.17897608,16572.179963555,16572.200294177,2,COMPLETED,True,baseline_5,6,0.16209201930905692,0.9874750030576251,20.330621999164578,21.48018902153126
2527,16572.182802096173,16572.18295785,16572.18295785,16572.183795925,16572.202947177,3,COMPLETED,True,baseline_5,7,0.15575382712995633,0.8380750005017035,19.151251999574015,20.145080827205675
2528,16572.190503925187,16572.190647918,16572.190647918,16572.191499366,16572.211642309,1,COMPLETED,True,baseline_5,8,0.14399281280930154,0.8514479995938018,20.142943001701497,21.1383838141046
2529,16572.19923967223,16572.199434669,16572.199434669,16572.200274798,16572.221866267,0,COMPLETED,True,baseline_5,9,0.19499677000567317,0.8401289996982086,21.591468997939955,22.626594767643837
2530,16572.20168967219,16572.201815065,16572.201815065,16572.202498866,16572.216850599,2,COMPLETED,True,baseline_5,10,0.12539280942291953,0.6838010012870654,14.351732999784872,15.160926810494857
2531,16572.231230152353,16572.231478005,16572.231478005,16572.232079344,16572.24593905,3,COMPLETED,True,baseline_5,11,0.24785264758975245,0.6013390011503361,13.859705999493599,14.708897648233688
2532,16572.233775719917,16572.233916583,16572.233916583,16572.234435854,16572.248736991,1,COMPLETED,True,baseline_5,12,0.1408630851074122,0.5192709977563936,14.301137001893949,14.961271084757755
2533,16572.289178809828,16572.289312726,16572.289312726,16572.290152769,16572.30451604,2,COMPLETED,True,baseline_5,13,0.1339161717623938,0.8400430015171878,14.363270998728694,15.337230172008276
2534,16572.304724745576,16572.304962222,16572.304962222,16572.305689338,16572.321670503,0,COMPLETED,True,baseline_5,14,0.2374764226260595,0.7271160029631574,15.981164997356245,16.945757422945462
2535,16572.313401558153,16572.313675993,16572.313675993,16572.314491421,16572.33040901,3,COMPLETED,True,baseline_5,15,0.2744348457781598,0.8154280003509484,15.917589000309817,17.007451846438926
2536,16572.322091400576,16572.322258925,16572.322258925,16572.323047607,16572.33928128,1,COMPLETED,True,baseline_5,16,0.167524423886789,0.788681998528773,16.233673002716387,17.18987942513195
2537,16572.344791480336,16572.344959189,16572.344959189,16572.345714078,16572.361508344,2,COMPLETED,True,burst_5,17,0.16770866204751655,0.754889002564596,15.794266000739299,16.71686366535141
2538,16572.35403400603,16572.354194155,16572.354194155,16572.354869903,16572.368745232,0,COMPLETED,True,burst_5,18,0.16014896755223162,0.6757480005035177,13.875329001166392,14.711225969222141
2539,16572.364416943914,16572.364575014,16572.364575014,16572.365378122,16572.383738077,3,COMPLETED,True,burst_5,19,0.15807008458068594,0.8031079996726476,18.35995500005083,19.321133084304165
2540,16572.369830489974,16572.370029028,16572.370029028,16572.3706273,16572.38569688,1,COMPLETED,True,burst_5,20,0.19853802587022074,0.5982719994790386,15.069580000272254,15.866390025621513
2541,16572.372537014697,16572.372696949,16572.372696949,16572.373291187,16572.386578497,2,COMPLETED,True,burst_5,21,0.15993430497474037,0.5942379975749645,13.287310001032893,14.041482303582598
2542,16572.386368866846,16572.38654285,16572.38654285,16572.387232056,16572.401104249,0,COMPLETED,True,burst_5,22,0.17398315321770497,0.6892060009704437,13.87219299795106,14.73538215213921
2543,16572.395455856098,16572.395647534,16572.395647534,16572.396455951,16572.415219893,3,COMPLETED,True,burst_5,23,0.1916779001476243,0.8084170003712643,18.763942000077805,19.764036900596693
2544,16572.39579697326,16572.396220145,16572.396220145,16572.396672523,16572.411815108,1,COMPLETED,True,burst_5,24,0.42317174302297644,0.452377997135045,15.142585001740372,16.018134741898393
2545,16572.400627298866,16572.40072465,16572.40072465,16572.401308224,16572.418935711,2,COMPLETED,True,burst_5,25,0.09735113417264074,0.583574001211673,17.627486999117536,18.30841213450185
2546,16572.402043504015,16572.402184322,16572.402184322,16572.402612475,16572.416070525,0,COMPLETED,True,burst_5,26,0.14081798508414067,0.4281530018488411,13.458049998007482,14.027020984940464
2547,16572.403506078143,16572.403670756,16572.403670756,16572.41208368,16572.428519674,1,COMPLETED,True,burst_5,27,0.16467785826534964,8.41292399854865,16.435993999039056,25.013595855853055
2548,16572.41618729636,16572.41636474,16572.41636474,16572.416933019,16572.430188182,3,COMPLETED,True,burst_5,28,0.17744363867677748,0.568279003346106,13.255162997666048,14.000885639688931
2549,16572.416221549407,16572.416449317,16572.416449317,16572.416973639,16572.433236279,0,COMPLETED,True,burst_5,29,0.22776759215048514,0.524322000273969,16.262640001514228,17.014729593938682
2550,16572.425464036747,16572.425570023,16572.425570023,16572.426152566,16572.441773466,2,COMPLETED,True,burst_5,30,0.10598625158309005,0.582543001655722,15.620899997884408,16.30942925112322
2551,16572.438604023937,16572.438654828,16572.438654828,16572.439159616,16572.452987522,1,COMPLETED,True,burst_5,31,0.05080406481283717,0.5047879967605695,13.82790600109729,14.383498062670697
2552,16572.43928777332,16572.439403822,16572.439403822,16572.439728114,16572.453092267,3,COMPLETED,True,burst_5,32,0.1160486826847773,0.3242919992771931,13.364152997382917,13.804493679344887
2553,16572.440101607146,16572.44024589,16572.44024589,16572.440657285,16572.457722187,0,COMPLETED,True,burst_5,33,0.14428285430767573,0.4113949980819598,17.064902000129223,17.62057985251886
2554,16572.44884470415,16572.448882179,16572.448882179,16572.449364822,16572.463531416,2,COMPLETED,True,burst_5,34,0.03747484879568219,0.48264300130540505,14.166593999107135,14.686711849208223
2555,16572.449122628226,16572.449204332,16572.449204332,16572.453334317,16572.466700828,1,COMPLETED,True,burst_5,35,0.08170377259375528,4.129985001782188,13.366511000640457,17.5781997750164
2556,16572.44985035814,16572.449932278,16572.449932278,16572.453380546,16572.466694951,3,COMPLETED,True,burst_5,36,0.0819198576209601,3.44826800210285,13.314404997800011,16.84459285752382
2557,16572.453734948434,16572.453890229,16572.453890229,16572.457931818,16572.471714014,0,COMPLETED,True,burst_5,37,0.15528056610492058,4.041588999825763,13.782195997919189,17.979065563849872
2558,16572.48674868733,16572.486836375,16572.486836375,16572.487436106,16572.500660022,2,COMPLETED,True,burst_5,38,0.08768766929279082,0.5997309999656864,13.223916001152247,13.911334670410724
2559,16572.492212112676,16572.492298451,16572.492298451,16572.492735294,16572.506364844,3,COMPLETED,True,burst_5,39,0.08633832476334646,0.4368429981695954,13.629550001496682,14.152731324429624
2560,16572.49727176489,16572.497440224,16572.497440224,16572.497909425,16572.511645368,1,COMPLETED,True,burst_5,40,0.16845911159180105,0.4692010006692726,13.735942997300299,14.373603109561373
2561,16572.51149484995,16572.511733863,16572.511733863,16572.512748325,16572.531150577,0,COMPLETED,True,burst_5,41,0.23901305030449294,1.0144619991478976,18.40225200066925,19.65572705012164
2562,16572.54168331079,16572.541799068,16572.541799068,16572.542577008,16572.557222662,2,COMPLETED,True,burst_5,42,0.11575721146073192,0.7779400002618786,14.645653998741182,15.539351210463792
2563,16572.544629462544,16572.544742589,16572.544742589,16572.545347903,16572.558795195,3,COMPLETED,True,burst_5,43,0.11312645801808685,0.605313998676138,13.447291999909794,14.165732456604019
2564,16572.54603471928,16572.546134563,16572.546134563,16572.546602318,16572.561825627,1,COMPLETED,True,burst_5,44,0.09984372081817128,0.46775500231888145,15.22330899751978,15.790907720656833
2565,16572.549559651725,16572.54973242,16572.54973242,16572.550433051,16572.569042195,0,COMPLETED,True,burst_5,45,0.17276827566092834,0.7006310006545391,18.60914399730973,19.482543273625197
2566,16572.554558945514,16572.554718989,16572.554718989,16572.557436087,16572.571751382,2,COMPLETED,True,burst_5,46,0.16004348435672,2.7170980029040948,14.315294996777084,17.1924364840379
2567,16572.556805437616,16572.557017287,16572.557017287,16572.558975432,16572.572641008,3,COMPLETED,True,burst_5,47,0.2118493830494117,1.9581449996621814,13.665575999766588,15.835570382478181
2568,16572.55832742757,16572.558523824,16572.558523824,16572.561981078,16572.575828293,1,COMPLETED,True,burst_5,48,0.1963964277820196,3.4572540025692433,13.84721499925945,17.500865429610712
2569,16572.563772127163,16572.564093058,16572.564093058,16572.569512036,16572.583461144,0,COMPLETED,True,burst_5,49,0.3209308379155118,5.418977998488117,13.949108000815613,19.689016837219242
2570,16572.564020935202,16572.564192374,16572.564192374,16572.572082976,16572.585744383,2,COMPLETED,True,burst_5,50,0.17143879813374951,7.890601998951752,13.66140699974494,21.723447796830442
2571,16572.564478654698,16572.565029065,16572.565029065,16572.572996135,16572.586430987,3,COMPLETED,True,burst_5,51,0.5504103028215468,7.967069999722298,13.434852000500541,21.952332303044386
2572,16572.569316630757,16572.569776682,16572.569776682,16572.576205941,16572.589444446,1,COMPLETED,True,burst_5,52,0.4600512438628357,6.429258999560261,13.238504998298595,20.12781524172169
2573,16572.57554147371,16572.57573232,16572.57573232,16572.583806039,16572.5970517,0,COMPLETED,True,burst_5,53,0.1908462909341324,8.07371900009457,13.245660997199593,21.510226288228296
2574,16572.578529922048,16572.578682017,16572.578682017,16572.586073729,16572.599650954,2,COMPLETED,True,burst_5,54,0.1520949517725967,7.391711998934625,13.577224999608006,21.121031950315228
2575,16572.592044034238,16572.592226094,16572.592226094,16572.59281403,16572.606578355,3,COMPLETED,True,burst_5,55,0.18205976084573194,0.5879359996470157,13.764325001830002,14.53432076232275
2576,16572.59317529959,16572.593391097,16572.593391097,16572.593967405,16572.607701952,1,COMPLETED,True,burst_5,56,0.2157974122383166,0.5763079971075058,13.734547002968611,14.526652412314434
2577,16572.5966280921,16572.596788822,16572.596788822,16572.597385963,16572.611069117,0,COMPLETED,True,burst_5,57,0.16072990183602087,0.5971409991616383,13.68315400031861,14.441024901316268
2578,16572.597196506755,16572.597690717,16572.597690717,16572.599961134,16572.61348012,2,COMPLETED,True,burst_5,58,0.4942102459608577,2.2704170005454216,13.518985997507116,16.283613244013395
2579,16572.598854604767,16572.599038073,16572.599038073,16572.606893299,16572.620513548,3,COMPLETED,True,burst_5,59,0.18346823344472796,7.8552259983553085,13.620249002997298,21.658943234797334
2580,16572.6039784377,16572.604245227,16572.604245227,16572.608098761,16572.621704302,1,COMPLETED,True,burst_5,60,0.2667893022589851,3.8535339990630746,13.605541000288213,17.725864301610272
2581,16572.612389044636,16572.61255192,16572.61255192,16572.613140312,16572.631857449,0,COMPLETED,True,burst_5,61,0.16287536345771514,0.5883920021005906,18.717136998020578,19.468404363578884
2582,16572.615833894295,16572.615999075,16572.615999075,16572.616425672,16572.630394043,2,COMPLETED,True,burst_5,62,0.16518070333404467,0.4265970019332599,13.968371000373736,14.56014870564104
2583,16572.631533983116,16572.631760307,16572.631760307,16572.632502955,16572.649688816,3,COMPLETED,True,burst_5,63,0.22632388208876364,0.7426480005960912,17.185861001053127,18.15483288373798
2584,16572.631632427052,16572.631896724,16572.631896724,16572.632555199,16572.646617076,1,COMPLETED,True,burst_5,64,0.26429694844409823,0.6584750008187257,14.061876998312073,14.984648947574897
2585,16572.637239698714,16572.637326998,16572.637326998,16572.637727125,16572.65144054,2,COMPLETED,True,burst_5,65,0.08729928595130332,0.40012699901126325,13.713415002712281,14.200841287674848
2586,16572.643209502578,16572.643342446,16572.643342446,16572.643934875,16572.664391503,0,COMPLETED,True,burst_5,66,0.13294342352310196,0.592428998061223,20.45662800082937,21.182000422413694
2587,16572.64338483542,16572.643421968,16572.643421968,16572.646890492,16572.66536995,1,COMPLETED,True,burst_5,67,0.03713258047355339,3.468523998890305,18.479457998182625,21.985114577546483
2588,16572.645012458528,16572.645117082,16572.645117082,16572.650213616,16572.664164082,3,COMPLETED,True,burst_5,68,0.10462347199791111,5.096534001495456,13.95046600009664,19.151623473590007
2589,16572.645510189144,16572.645606611,16572.645606611,16572.651774626,16572.665048825,2,COMPLETED,True,burst_5,69,0.09642185614211485,6.168014999275329,13.274199001898523,19.538635857315967
2590,16572.651177309446,16572.651271278,16572.651271278,16572.664394971,16572.677992675,3,COMPLETED,True,burst_5,70,0.09396855239174329,13.123693002853543,13.597703997220378,26.815365552465664
2591,16572.66329593873,16572.663423485,16572.663423485,16572.664891895,16572.680232242,0,COMPLETED,True,burst_5,71,0.12754626732203178,1.468410002416931,15.340346999437315,16.93630326917628
2592,16572.682024740658,16572.682122422,16572.682122422,16572.682562517,16572.696707978,2,COMPLETED,True,burst_5,72,0.09768134259502403,0.4400949983391911,14.145461002044613,14.683237342978828
2593,16572.686994365315,16572.687080364,16572.687080364,16572.687397949,16572.701413642,1,COMPLETED,True,burst_5,73,0.08599868669989519,0.317584999720566,14.015692999237217,14.419276685657678
2594,16572.697696672825,16572.697711102,16572.697711102,16572.698199346,16572.711731525,3,COMPLETED,True,burst_5,74,0.014429173461394385,0.4882440007349942,13.532179000321776,14.034852174518164
2595,16572.71286701209,16572.712970659,16572.712970659,16572.713446976,16572.72787921,0,COMPLETED,True,burst_5,75,0.10364690751885064,0.476316999993287,14.43223400201532,15.012197909527458
2596,16572.714017117774,16572.71411303,16572.71411303,16572.714452652,16572.728213352,2,COMPLETED,True,burst_5,76,0.0959122262429446,0.3396219981368631,13.760699999693315,14.196234224073123
2597,16572.725092542416,16572.725222576,16572.725222576,16572.725673223,16572.738920126,1,COMPLETED,True,burst_5,77,0.13003358253627084,0.4506470031628851,13.246902999526355,13.827583585225511
2598,16572.72867097119,16572.728807865,16572.728807865,16572.729241726,16572.743228679,3,COMPLETED,True,burst_5,78,0.13689381012227386,0.4338609978731256,13.986952999403002,14.557707807398401
2599,16572.733235181742,16572.733340034,16572.733340034,16572.733815998,16572.746987142,0,COMPLETED,True,burst_5,79,0.1048522572091315,0.4759639996336773,13.171144000807544,13.751960257650353
2600,16572.7533100664,16572.753415222,16572.753415222,16572.754010008,16572.767305581,2,COMPLETED,True,burst_5,80,0.10515559915802442,0.594786000874592,13.295573000505101,13.995514600537717
2601,16572.762087735384,16572.762195484,16572.762195484,16572.762699362,16572.776404241,1,COMPLETED,True,burst_5,81,0.10774861584650353,0.5038780000177212,13.704879002034431,14.316505617898656
2602,16572.769370745908,16572.769481802,16572.769481802,16572.770000906,16572.78359383,3,COMPLETED,True,burst_5,82,0.11105609155492857,0.5191039999772329,13.592924002296058,14.22308409382822
2603,16572.76975813946,16572.769848428,16572.769848428,16572.770177334,16572.785091305,0,COMPLETED,True,burst_5,83,0.09028854037751444,0.328906000504503,14.913970997440629,15.333165538322646
2604,16572.775048302938,16572.775298082,16572.775298082,16572.775936296,16572.789736006,2,COMPLETED,True,burst_5,84,0.24977906286949292,0.6382139981724322,13.799710002786014,14.68770306382794
2605,16572.778297081593,16572.778407626,16572.778407626,16572.778920931,16572.793266746,1,COMPLETED,True,burst_5,85,0.11054440619773231,0.513304999913089,14.345815001433948,14.96966440754477
2606,16572.78285794496,16572.782984237,16572.782984237,16572.784098598,16572.797063552,3,COMPLETED,True,burst_5,86,0.12629204138647765,1.1143609990540426,12.964953999471618,14.205607039912138
2607,16572.795180022727,16572.795423209,16572.795423209,16572.796175191,16572.809410834,0,COMPLETED,True,burst_5,87,0.24318627401953563,0.7519819992012344,13.235643000371056,14.230811273591826
2608,16572.808849503104,16572.809070661,16572.809070661,16572.809776836,16572.827565958,2,COMPLETED,True,burst_5,88,0.2211578939750325,0.7061750002321787,17.78912200097693,18.716454895184143
2609,16572.809504169785,16572.809677119,16572.809677119,16572.810071396,16572.824275165,1,COMPLETED,True,burst_5,89,0.17294921417487785,0.39427700176020153,14.20376899841358,14.770995214348659
2610,16572.828201951375,16572.828374852,16572.828374852,16572.829077316,16572.847385508,3,COMPLETED,True,burst_5,90,0.17290062532993034,0.7024639999144711,18.308192000404233,19.183556625648635
2611,16572.83764216021,16572.837739819,16572.837739819,16572.838177556,16572.851308059,0,COMPLETED,True,burst_5,91,0.09765878712642007,0.4377370023576077,13.130502997228177,13.665898786712205
2612,16572.8701942931,16572.870294161,16572.870294161,16572.870848823,16572.884598717,1,COMPLETED,True,burst_5,92,0.09986789882532321,0.5546620013774373,13.749893998465268,14.404423898668028
2613,16572.88504813384,16572.885216248,16572.885216248,16572.885890066,16572.899255087,2,COMPLETED,True,burst_5,93,0.1681141584413126,0.6738180018146522,13.365020997298416,14.20695315755438
2614,16572.892100552395,16572.892208116,16572.892208116,16572.892957534,16572.906595086,3,COMPLETED,True,burst_5,94,0.10756360643426888,0.7494179990317207,13.637551997817354,14.494533603283344
2615,16572.892380150795,16572.892739564,16572.892739564,16572.893138139,16572.906590076,0,COMPLETED,True,burst_5,95,0.3594132031139452,0.39857500087236986,13.45193700035452,14.209925204340834
2616,16572.89759500324,16572.897755793,16572.897755793,16572.898499486,16572.912565457,1,COMPLETED,True,burst_5,96,0.16078976113931276,0.7436929990944918,14.065971001400612,14.970453761634417
2617,16572.920571854338,16572.920686076,16572.920686076,16572.921426636,16572.934205935,2,COMPLETED,True,burst_5,97,0.11422166062402539,0.7405600008496549,12.77929899879382,13.6340806602675
2618,16572.937765469633,16572.93799783,16572.93799783,16572.938814081,16572.956252112,0,COMPLETED,True,burst_5,98,0.2323603657714557,0.8162510021065827,17.438030998164322,18.48664236604236
2619,16572.94653272362,16572.946788579,16572.946788579,16572.947554031,16572.965744787,3,COMPLETED,True,burst_5,99,0.2558553787821438,0.765452001360245,18.190755999967223,19.212063380109612
2620,16572.949787245896,16572.949955211,16572.949955211,16572.950689066,16572.966138183,1,COMPLETED,True,burst_5,100,0.16796510317362845,0.7338550021813717,15.449116999661783,16.350937105016783
2621,16572.950411117807,16572.950558467,16572.950558467,16572.950985807,16572.964528898,2,COMPLETED,True,burst_5,101,0.14734919386683032,0.42734000089694746,13.543090997700347,14.117780192464124
2622,16572.979592891556,16572.979689789,16572.979689789,16572.980521058,16572.99395643,0,COMPLETED,True,burst_5,102,0.09689744547358714,0.831269000627799,13.435371998639312,14.363538444740698
2623,16572.98903436765,16572.989131584,16572.989131584,16572.989947377,16573.009356871,2,COMPLETED,True,burst_5,103,0.0972163506958168,0.8157929987646639,19.409494001592975,20.322503351053456
2624,16572.989599360913,16572.989683842,16572.989683842,16572.990156554,16573.003306503,3,COMPLETED,True,burst_5,104,0.08448108565062284,0.4727119994640816,13.149949001672212,13.707142086786916
2625,16573.0148333669,16573.015105539,16573.015105539,16573.01586739,16573.030652017,1,COMPLETED,True,burst_5,105,0.2721721029956825,0.7618509989697486,14.7846270010632,15.81865010302863
2626,16573.034021719428,16573.034193119,16573.034193119,16573.035391646,16573.056263778,0,COMPLETED,True,burst_5,106,0.17139957344625145,1.1985269993601833,20.87213199774851,22.242058570554946
2627,16573.034889516533,16573.035029393,16573.035029393,16573.035810087,16573.049311111,3,COMPLETED,True,burst_5,107,0.13987646525492892,0.7806940011505503,13.501024001016049,14.421594467421528
2628,16573.056114833693,16573.056219038,16573.056219038,16573.05703315,16573.076262025,2,COMPLETED,True,burst_5,108,0.10420430771773681,0.8141119978972711,19.228875000408152,20.14719130602316
2629,16573.061026686504,16573.061122183,16573.061122183,16573.061767244,16573.074758615,1,COMPLETED,True,burst_5,109,0.09549649621476419,0.6450609980674926,12.991371000680374,13.73192849496263
2630,16573.07040055622,16573.070569083,16573.070569083,16573.071235529,16573.087186457,3,COMPLETED,True,burst_5,110,0.16852678163559176,0.6664460015599616,15.950927998346742,16.785900781542296
2631,16573.072792863193,16573.072957066,16573.072957066,16573.073837666,16573.094028207,0,COMPLETED,True,burst_5,111,0.1642028073547408,0.8806000005279202,20.190540999465156,21.235343807347817
2632,16573.078282106886,16573.078440417,16573.078440417,16573.079254828,16573.095447156,1,COMPLETED,True,burst_5,112,0.15831011478439905,0.8144109997374471,16.192327999306144,17.16504911382799
2633,16573.08794754403,16573.088111286,16573.088111286,16573.088832189,16573.102184714,2,COMPLETED,True,burst_5,113,0.16374197002733126,0.7209030009107664,13.352524998481385,14.237169969419483
2634,16573.09639191168,16573.096526978,16573.096526978,16573.097221328,16573.111359234,3,COMPLETED,True,burst_5,114,0.13506631876225583,0.6943500011402648,14.137906000541989,14.96732232044451
2635,16573.108762133856,16573.10894476,16573.10894476,16573.109602479,16573.123293036,0,COMPLETED,True,burst_5,115,0.18262614321429282,0.6577189997187816,13.690556999790715,14.53090214272379
2636,16573.111736359027,16573.111850596,16573.111850596,16573.112493943,16573.125418164,1,COMPLETED,True,burst_5,116,0.11423697287682444,0.6433470007323194,12.924220998684177,13.681804972293321
2637,16573.120571795123,16573.120691396,16573.120691396,16573.121415272,16573.135589442,2,COMPLETED,True,burst_5,117,0.1196008779515978,0.7238759972096886,14.174170002661413,15.017646877822699
2638,16573.122659674398,16573.122856132,16573.122856132,16573.123617419,16573.142116507,3,COMPLETED,True,burst_5,118,0.19645760039566085,0.7612870031152852,18.499087997042807,19.456832600553753
2639,16573.128034208912,16573.128192051,16573.128192051,16573.12882629,16573.143303584,0,COMPLETED,True,burst_5,119,0.1578420888108667,0.6342390006466303,14.477293996606022,15.26937508606352
2640,16573.147605995615,16573.147784664,16573.147784664,16573.148488896,16573.16257127,1,COMPLETED,True,burst_5,0,0.17866838607005775,0.7042319994070567,14.082374000281561,14.965274385758676
2641,16573.15672453172,16573.156827616,16573.156827616,16573.15744495,16573.17063473,2,COMPLETED,True,burst_5,1,0.10308427954441868,0.6173340007080697,13.189779998356244,13.910198278608732
2642,16573.167014753624,16573.167255421,16573.167255421,16573.168116267,16573.184670954,3,COMPLETED,True,burst_5,2,0.2406673775112722,0.8608459975221194,16.55468700118945,17.65620037622284
2643,16573.168548697962,16573.168811037,16573.168811037,16573.169339336,16573.18656318,0,COMPLETED,True,burst_5,3,0.2623390391818248,0.5282989986881148,17.223843999090604,18.014482036960544
2644,16573.18839149409,16573.188567597,16573.188567597,16573.188979862,16573.204106982,1,COMPLETED,True,burst_5,4,0.17610290888114832,0.4122649988858029,15.12712000112515,15.7154879088921
2645,16573.19671097314,16573.196898677,16573.196898677,16573.197368954,16573.210794766,2,COMPLETED,True,burst_5,5,0.1877038594102487,0.4702769983850885,13.425812001514714,14.083792859310051
2646,16573.21550851593,16573.215700705,16573.215700705,16573.21653214,16573.229999844,3,COMPLETED,True,burst_5,6,0.19218907254980877,0.8314349979627877,13.467704000504455,14.491328071017051
2647,16573.21676060931,16573.216896682,16573.216896682,16573.217513176,16573.236437406,0,COMPLETED,True,burst_5,7,0.1360726892016828,0.6164940023154486,18.924230000266107,19.676796691783238
2648,16573.217665497712,16573.217754741,16573.217754741,16573.218167172,16573.234480151,1,COMPLETED,True,burst_5,8,0.08924328722059727,0.4124309998587705,16.312979001668282,16.81465328874765
2649,16573.237453372145,16573.237680918,16573.237680918,16573.238351859,16573.252345138,2,COMPLETED,True,burst_5,9,0.2275458537042141,0.6709410008625127,13.99327900071512,14.891765855281847
2650,16573.238052098106,16573.238149596,16573.238149596,16573.238471825,16573.251959518,3,COMPLETED,True,burst_5,10,0.09749789387569763,0.3222289997211192,13.4876929987513,13.907419892348116
2651,16573.23833879749,16573.238428731,16573.238428731,16573.238999463,16573.256469842,1,COMPLETED,True,burst_5,11,0.08993351002573036,0.570731997868279,17.47037899986026,18.131044507754268
2652,16573.253139710585,16573.253265558,16573.253265558,16573.254030779,16573.272868615,0,COMPLETED,True,burst_5,12,0.12584741489263251,0.7652210006199311,18.837835999875097,19.72890441538766
2653,16573.25881215584,16573.25895338,16573.25895338,16573.259678212,16573.273035275,3,COMPLETED,True,burst_5,13,0.14122415814199485,0.7248320034705102,13.357062998693436,14.223119160305941
2654,16573.262636016163,16573.262781604,16573.262781604,16573.263473436,16573.277360601,2,COMPLETED,True,burst_5,14,0.1455878373235464,0.6918319995747879,13.887165001506219,14.724584838404553
2655,16573.26523769086,16573.265406438,16573.265406438,16573.265995428,16573.284838865,1,COMPLETED,True,burst_5,15,0.16874714128789492,0.5889899985049851,18.843437002942665,19.601174142735545
2656,16573.267675251223,16573.267714169,16573.267714169,16573.273096045,16573.28899397,0,COMPLETED,True,burst_5,16,0.03891777669196017,5.381875998864416,15.897925000899704,21.31871877645608
2657,16573.274176892097,16573.274338523,16573.274338523,16573.274741222,16573.288132025,3,COMPLETED,True,burst_5,17,0.16163090185727924,0.4026990027341526,13.39080300022033,13.955132904811762
2658,16573.27926914289,16573.279436608,16573.279436608,16573.279947872,16573.294014102,2,COMPLETED,True,burst_5,18,0.16746511028031819,0.5112639992148615,14.066230000025826,14.744959109521005
2659,16573.300660929814,16573.300806722,16573.300806722,16573.301303783,16573.314792914,1,COMPLETED,True,burst_5,19,0.14579218623111956,0.49706099889590405,13.489131000824273,14.131984185951296
2660,16573.30311390365,16573.303220768,16573.303220768,16573.30360274,16573.316973668,3,COMPLETED,True,burst_5,20,0.10686435052775778,0.3819720004685223,13.370927998039406,13.859764349035686
2661,16573.31381852923,16573.314081347,16573.314081347,16573.314638491,16573.331281809,0,COMPLETED,True,burst_5,21,0.2628177717269864,0.5571439978666604,16.6433180020249,17.463279771618545
2662,16573.316352605143,16573.316392426,16573.316392426,16573.31686417,16573.330219632,2,COMPLETED,True,burst_5,22,0.039820857637096196,0.471743998787133,13.35546200061799,13.86702685704222
2663,16573.317410595126,16573.317555536,16573.317555536,16573.317944047,16573.331250835,1,COMPLETED,True,burst_5,23,0.14494087372440845,0.38851100180181675,13.306787997862557,13.840239873388782
2664,16573.335438283513,16573.335619271,16573.335619271,16573.336294578,16573.354113742,3,COMPLETED,True,burst_5,24,0.1809874884202145,0.6753069974365644,17.819164000684395,18.675458486541174
2665,16573.345667721147,16573.345784711,16573.345784711,16573.346298264,16573.360317619,2,COMPLETED,True,burst_5,25,0.11698985326802358,0.5135530009283684,14.019354999618372,14.649897853814764
2666,16573.366199268243,16573.366289901,16573.366289901,16573.366759542,16573.381482241,1,COMPLETED,True,burst_5,26,0.09063275865628384,0.46964099965407513,14.722698997502448,15.282972755812807
2667,16573.36633768642,16573.366349588,16573.366349588,16573.366908681,16573.380068698,0,COMPLETED,True,burst_5,27,0.011901578545803204,0.5590930013568141,13.160016998881474,13.731011578784091
2668,16573.382028631433,16573.382136536,16573.382136536,16573.382600063,16573.397041601,3,COMPLETED,True,burst_5,28,0.10790456872200593,0.46352699791896157,14.44153800184722,15.012969568488188
2669,16573.382250922696,16573.382398935,16573.382398935,16573.382938172,16573.401005295,2,COMPLETED,True,burst_5,29,0.14801230281591415,0.5392370003391989,18.067123000946594,18.754372304101707
2670,16573.38289521725,16573.383009635,16573.383009635,16573.383485571,16573.396622988,0,COMPLETED,True,burst_5,30,0.11441774768172763,0.4759360017487779,13.137416997778928,13.727770747209433
2671,16573.393728152478,16573.39382871,16573.39382871,16573.394328979,16573.408371614,1,COMPLETED,True,burst_5,31,0.10055752136395313,0.5002690013498068,14.042635000805603,14.643461523519363
2672,16573.394076710792,16573.394246688,16573.394246688,16573.396957435,16573.409990293,0,COMPLETED,True,burst_5,32,0.16997720740619116,2.7107470014016144,13.032857998041436,15.913582206849242
2673,16573.40441991993,16573.4045191,16573.4045191,16573.405155412,16573.419126099,3,COMPLETED,True,burst_5,33,0.09918006981024519,0.6363120010064449,13.97068699952797,14.70617907034466
2674,16573.407029899437,16573.407186179,16573.407186179,16573.407688475,16573.42171769,2,COMPLETED,True,burst_5,34,0.15627956236130558,0.5022959994676057,14.029214999027317,14.687790560856229
2675,16573.41911934727,16573.419214888,16573.419214888,16573.419838978,16573.433441969,1,COMPLETED,True,burst_5,35,0.09554073039907962,0.6240900002012495,13.602990999061149,14.322621729661478
2676,16573.424182918494,16573.424275203,16573.424275203,16573.424810621,16573.438178118,0,COMPLETED,True,burst_5,36,0.09228450653608888,0.5354179993446451,13.367497002036544,13.995199507917278
2677,16573.44002170889,16573.440154259,16573.440154259,16573.440579418,16573.45449612,3,COMPLETED,True,burst_5,37,0.13255010708235204,0.4251589998602867,13.916702002461534,14.474411109404173
2678,16573.440541828262,16573.440654027,16573.440654027,16573.441102321,16573.455469012,2,COMPLETED,True,burst_5,38,0.11219873704249039,0.44829400212620385,14.366690997121623,14.927183736290317
2679,16573.441122675533,16573.441214664,16573.441214664,16573.441486092,16573.456050287,1,COMPLETED,True,burst_5,39,0.0919884660106618,0.2714280017244164,14.564195000275504,14.927611468010582
2680,16573.443291305146,16573.443387926,16573.443387926,16573.443835249,16573.458232097,0,COMPLETED,True,burst_5,40,0.09662085358286276,0.4473230001167394,14.396848000615137,14.940791854314739
2681,16573.450042060285,16573.450158077,16573.450158077,16573.454742672,16573.468695268,3,COMPLETED,True,burst_5,41,0.11601671576499939,4.584594997140812,13.952596000308404,18.653207713214215
2682,16573.45228542648,16573.452365696,16573.452365696,16573.45563116,16573.469536487,2,COMPLETED,True,burst_5,42,0.08026952127693221,3.2654639981046785,13.905326999520184,17.251060518901795
2683,16573.455683473057,16573.455841266,16573.455841266,16573.456308358,16573.469734904,1,COMPLETED,True,burst_5,43,0.1577929433551617,0.467091998871183,13.426546000118833,14.051430942345178
2684,16573.474674221023,16573.474860483,16573.474860483,16573.475358431,16573.488968515,0,COMPLETED,True,burst_5,44,0.18626197561388835,0.49794799997471273,13.610084002721123,14.294293978309724
2685,16573.495771198286,16573.495895226,16573.495895226,16573.496357607,16573.509712036,3,COMPLETED,True,burst_5,45,0.12402771244524047,0.4623810018529184,13.354429000173695,13.940837714471854
2686,16573.514129348856,16573.514226468,16573.514226468,16573.515009971,16573.532098937,2,COMPLETED,True,burst_5,46,0.09711914390209131,0.7835030010028277,17.088966000301298,17.969588145206217
2687,16573.51845170701,16573.518518572,16573.518518572,16573.519156131,16573.532090773,1,COMPLETED,True,burst_5,47,0.06686499182251282,0.6375589982781094,12.934641999891028,13.63906598999165
2688,16573.5343486167,16573.534447831,16573.534447831,16573.535151468,16573.550681075,0,COMPLETED,True,burst_5,48,0.09921429955284111,0.7036370006971993,15.529607000644319,16.33245830089436
2689,16573.541075264213,16573.541158663,16573.541158663,16573.541807009,16573.554754921,3,COMPLETED,True,burst_5,49,0.08339878695551306,0.6483460019808263,12.947911996889161,13.6796567858255
2690,16573.55388027951,16573.554042399,16573.554042399,16573.554895534,16573.570963956,2,COMPLETED,True,burst_5,50,0.16211948968702927,0.8531349994882476,16.068422002717853,17.08367649189313
2691,16573.563510515236,16573.563595784,16573.563595784,16573.564272208,16573.577172553,3,COMPLETED,True,burst_5,51,0.0852687626320403,0.6764240024494939,12.900344998342916,13.66203776342445
2692,16573.587934516156,16573.588020768,16573.588020768,16573.588754219,16573.603396364,0,COMPLETED,True,burst_5,52,0.08625184273114428,0.7334510009968653,14.642145000834716,15.461847844562726
2693,16573.597366954156,16573.597455343,16573.597455343,16573.598118599,16573.611519858,1,COMPLETED,True,burst_5,53,0.08838884241413325,0.6632559998251963,13.401259002421284,14.152903844660614
2694,16573.598694876597,16573.598877303,16573.598877303,16573.599571583,16573.618930606,2,COMPLETED,True,burst_5,54,0.18242640362586826,0.6942799991520587,19.359023001015885,20.235729403793812
2695,16573.60014766346,16573.600328558,16573.600328558,16573.601047712,16573.619727435,3,COMPLETED,True,burst_5,55,0.18089454169967212,0.7191539989435114,18.679723001696402,19.579771542339586
2696,16573.602830741744,16573.603002864,16573.603002864,16573.603895716,16573.622364212,0,COMPLETED,True,burst_5,56,0.17212225793628022,0.8928520001063589,18.46849599678535,19.53347025482799
2697,16573.6035735845,16573.603717391,16573.603717391,16573.611894676,16573.625719045,1,COMPLETED,True,burst_5,57,0.14380650100065395,8.177284998964751,13.824369001667947,22.14546050163335
2698,16573.60684003385,16573.607036921,16573.607036921,16573.619116658,16573.63735022,2,COMPLETED,True,burst_5,58,0.1968871474673506,12.07973700002185,18.23356200111448,30.51018614860368
2699,16573.620068321907,16573.620312293,16573.620312293,16573.621529598,16573.641131607,3,COMPLETED,True,burst_5,59,0.24397109154961072,1.2173050017736387,19.60200900066411,21.06328509398736
2700,16573.62365224572,16573.623806583,16573.623806583,16573.624556301,16573.643712117,0,COMPLETED,True,burst_5,60,0.15433728185598738,0.7497180013160687,19.15581599678262,20.059871279954677
2701,16573.62643876861,16573.626613844,16573.626613844,16573.627176802,16573.641141466,1,COMPLETED,True,burst_5,61,0.17507539087091573,0.5629580009554047,13.964663998194737,14.702697390021058
2702,16573.64048879457,16573.640664151,16573.640664151,16573.641397676,16573.655614539,2,COMPLETED,True,burst_5,62,0.17535643200972117,0.7335250011237804,14.216862997272983,15.125744430406485
2703,16573.66246153525,16573.662549128,16573.662549128,16573.663067722,16573.676640783,3,COMPLETED,True,burst_5,63,0.08759275078773499,0.5185939990042243,13.573061001807218,14.179247751599178
2704,16573.66397408674,16573.664131119,16573.664131119,16573.664478791,16573.678802699,1,COMPLETED,True,burst_5,64,0.15703226017649285,0.34767200122587383,14.323907998914365,14.828612260316731
2705,16573.66472210115,16573.664805262,16573.664805262,16573.665075591,16573.678770668,0,COMPLETED,True,burst_5,65,0.08316084858961403,0.27032900106860325,13.695076999283629,14.048566848941846
2706,16573.669293044542,16573.669385179,16573.669385179,16573.669919081,16573.683925591,2,COMPLETED,True,burst_5,66,0.09213445810019039,0.5339019990060478,14.00651000221842,14.632546459324658
2707,16573.675170543655,16573.67534464,16573.67534464,16573.676858045,16573.69068439,3,COMPLETED,True,burst_5,67,0.17409634529030882,1.5134050008782651,13.826344998960849,15.513846345129423
2708,16573.68505829435,16573.685202293,16573.685202293,16573.68565726,16573.703686529,1,COMPLETED,True,burst_5,68,0.14399864812730812,0.4549670011328999,18.02926899836166,18.628234647621866
2709,16573.685800474534,16573.685923458,16573.685923458,16573.686253552,16573.699568414,0,COMPLETED,True,burst_5,69,0.12298346700845286,0.33009400067385286,13.31486199705978,13.767939464742085
2710,16573.68984202487,16573.689938796,16573.689938796,16573.690548564,16573.707556207,2,COMPLETED,True,burst_5,70,0.09677113121142611,0.609768001595512,17.007642996759387,17.714182129566325
2711,16573.697246712123,16573.697362677,16573.697362677,16573.697873891,16573.712523585,3,COMPLETED,True,burst_5,71,0.11596487820497714,0.5112139988341369,14.649693999672309,15.276872876711423
2712,16573.700513837517,16573.700655263,16573.700655263,16573.701127191,16573.715909683,0,COMPLETED,True,burst_5,72,0.1414254838891793,0.4719280004792381,14.782491998630576,15.395845482998993
2713,16573.719843467446,16573.719934851,16573.719934851,16573.720358841,16573.734023156,1,COMPLETED,True,burst_5,73,0.09138355380855501,0.4239900008542463,13.664314999914495,14.179688554577297
2714,16573.73310551462,16573.733196341,16573.733196341,16573.733655011,16573.746751998,2,COMPLETED,True,burst_5,74,0.09082637916435488,0.45867000153521076,13.096986996970372,13.646483377669938
2715,16573.743537870338,16573.743639377,16573.743639377,16573.744123228,16573.757707991,3,COMPLETED,True,burst_5,75,0.10150666275876574,0.48385099944425747,13.584763000835665,14.170120663038688
2716,16573.748345649656,16573.748442342,16573.748442342,16573.748923371,16573.762588617,0,COMPLETED,True,burst_5,76,0.09669234350440092,0.4810290010937024,13.665245998708997,14.2429673433071
2717,16573.755324779635,16573.755555013,16573.755555013,16573.756077067,16573.769510299,1,COMPLETED,True,burst_5,77,0.2302333632542286,0.5220540006121155,13.433232001261786,14.18551936512813
2718,16573.768874828973,16573.769023441,16573.769023441,16573.769692558,16573.785537004,2,COMPLETED,True,burst_5,78,0.14861202726024203,0.6691169983241707,15.844446003029589,16.662175028614
2719,16573.7694119744,16573.769540423,16573.769540423,16573.770360327,16573.785421642,1,COMPLETED,True,burst_5,79,0.12844859884353355,0.8199039984901901,15.061314999911701,16.009667597245425
2720,16573.79392373048,16573.794071583,16573.794071583,16573.794593418,16573.80885445,0,COMPLETED,True,burst_5,80,0.14785251914872788,0.5218349979259074,14.261031999922125,14.93071951699676
2721,16573.802798441226,16573.803059185,16573.803059185,16573.803552948,16573.816871829,3,COMPLETED,True,burst_5,81,0.26074377456097864,0.4937630001222715,13.318880999577232,14.073387774260482
2722,16573.81498664627,16573.815148554,16573.815148554,16573.815957585,16573.829719536,1,COMPLETED,True,burst_5,82,0.16190773021662608,0.8090310002444312,13.761950998741668,14.732889729202725
2723,16573.818743350694,16573.819000596,16573.819000596,16573.819876493,16573.838769333,2,COMPLETED,True,burst_5,83,0.2572453049651813,0.8758969997870736,18.892840002081357,20.025982306833612
2724,16573.820943421575,16573.821084879,16573.821084879,16573.821599763,16573.835374303,0,COMPLETED,True,burst_5,84,0.14145742534310557,0.5148839991306886,13.774539998848923,14.430881423322717
2725,16573.85787380207,16573.85797363,16573.85797363,16573.858686957,16573.878389356,3,COMPLETED,True,burst_5,85,0.0998279319901485,0.7133269973564893,19.702399000379955,20.515553929726593
2726,16573.859493870164,16573.85970773,16573.85970773,16573.860506636,16573.874311852,1,COMPLETED,True,burst_5,86,0.21385983563959599,0.7989059995452408,13.805216000037035,14.817981835221872
2727,16573.859625502027,16573.859871789,16573.859871789,16573.860738851,16573.880460121,0,COMPLETED,True,burst_5,87,0.2462869742885232,0.8670619972690474,19.721270000445656,20.834618972003227
2728,16573.8686326103,16573.868761856,16573.868761856,16573.869538347,16573.883354292,2,COMPLETED,True,burst_5,88,0.12924569819006138,0.7764910005789716,13.815944999805652,14.721681698574685
2729,16573.874267100666,16573.874397307,16573.874397307,16573.875221811,16573.889501746,1,COMPLETED,True,burst_5,89,0.1302063355979044,0.8245039971370716,14.279935003287392,15.234645336022368
2730,16573.881659663184,16573.881782565,16573.881782565,16573.882745277,16573.896825964,3,COMPLETED,True,burst_5,90,0.1229018162121065,0.9627119979995769,14.080687000387115,15.166300814598799
2731,16573.897462942517,16573.897574699,16573.897574699,16573.898285075,16573.911434349,0,COMPLETED,True,burst_5,91,0.11175648251082748,0.7103759999154136,13.149274000170408,13.971406482596649
2732,16573.8979519589,16573.898051435,16573.898051435,16573.898448275,16573.911847946,2,COMPLETED,True,burst_5,92,0.09947609942173585,0.3968399978475645,13.399671002844116,13.895987100113416
2733,16573.906652586644,16573.906725804,16573.906725804,16573.907390649,16573.920864576,1,COMPLETED,True,burst_5,93,0.07321735756704584,0.6648449998465367,13.473926999722607,14.21198935713619
2734,16573.91135349589,16573.911521644,16573.911521644,16573.912315515,16573.931805652,3,COMPLETED,True,burst_5,94,0.1681481116975192,0.7938710004964378,19.490136997774243,20.4521561099682
2735,16573.912215188775,16573.912317956,16573.912317956,16573.912783972,16573.926440864,0,COMPLETED,True,burst_5,95,0.10276722605340183,0.4660159975173883,13.656892002472887,14.225675226043677
2736,16573.91404726506,16573.914147811,16573.914147811,16573.914778865,16573.934670413,2,COMPLETED,True,burst_5,96,0.10054593803943135,0.6310540011327248,19.891547999577597,20.623147938749753
2737,16573.939090580396,16573.939271312,16573.939271312,16573.940031105,16573.954527576,1,COMPLETED,True,burst_5,97,0.1807316039048601,0.7597930016345344,14.496470997983124,15.436995603522519
2738,16573.959893627572,16573.960034908,16573.960034908,16573.960872679,16573.980167693,0,COMPLETED,True,burst_5,98,0.14128042676020414,0.8377710000786465,19.2950140008179,20.27406542765675
2739,16573.983418337026,16573.983595303,16573.983595303,16573.984160378,16573.997608713,3,COMPLETED,True,burst_5,99,0.17696597569738515,0.5650749990309123,13.44833500115783,14.190375975886127
2740,16573.987094998443,16573.987268091,16573.987268091,16573.98788072,16574.007430501,2,COMPLETED,True,burst_5,100,0.17309255781583488,0.6126289990788791,19.54978099820437,20.335502555099083
2741,16573.990085019446,16573.99017612,16573.99017612,16573.990797509,16574.008052503,1,COMPLETED,True,burst_5,101,0.09110055543715134,0.6213889973878395,17.25499399981345,17.96748355263844
2742,16573.990251494673,16573.990597993,16573.990597993,16573.990940948,16574.004810268,0,COMPLETED,True,burst_5,102,0.3464983274170663,0.3429549979045987,13.869320002413588,14.558773327735253
2743,16573.991057720563,16573.991212833,16573.991212833,16573.99800243,16574.01174936,3,COMPLETED,True,burst_5,103,0.15511243691435084,6.789596998714842,13.746930002525914,20.691639438155107
2744,16574.01164793016,16574.011783282,16574.011783282,16574.012497218,16574.02561129,0,COMPLETED,True,burst_5,104,0.1353518382529728,0.7139359986467753,13.114072000462329,13.963359837362077
2745,16574.013712905813,16574.013812484,16574.013812484,16574.014299341,16574.027969055,2,COMPLETED,True,burst_5,105,0.09957818838302046,0.48685699948691763,13.66971400057082,14.256149188440759
2746,16574.0182439628,16574.018328943,16574.018328943,16574.019096615,16574.035143963,1,COMPLETED,True,burst_5,106,0.08498019815306179,0.7676720015297178,16.047347999119665,16.900000198802445
2747,16574.020347953956,16574.020437608,16574.020437608,16574.021005519,16574.03999562,3,COMPLETED,True,burst_5,107,0.08965404413174838,0.5679109999618959,18.990101001691073,19.647666045784717
2748,16574.024613691385,16574.02467742,16574.02467742,16574.025771162,16574.039444879,0,COMPLETED,True,burst_5,108,0.0637286138953641,1.0937420011032373,13.6737169996195,14.831187614618102
2749,16574.03605316842,16574.03614777,16574.03614777,16574.036876023,16574.051223519,2,COMPLETED,True,burst_5,109,0.09460157889407128,0.7282530023076106,14.347495998663362,15.170350579865044
2750,16574.038495478628,16574.038580011,16574.038580011,16574.039195223,16574.052654085,1,COMPLETED,True,burst_5,110,0.08453237387584522,0.6152119967737235,13.458862002153182,14.158606372802751
2751,16574.040517303176,16574.040614225,16574.040614225,16574.041185696,16574.055798414,0,COMPLETED,True,burst_5,111,0.09692182356957346,0.5714710023312364,14.612717997806612,15.281110823707422
2752,16574.048246872815,16574.048349302,16574.048349302,16574.048957134,16574.062547545,3,COMPLETED,True,burst_5,112,0.10242918506264687,0.6078320002416149,13.590410999313463,14.300672184617724
2753,16574.051825379876,16574.051957866,16574.051957866,16574.052530859,16574.065931186,2,COMPLETED,True,burst_5,113,0.1324861223110929,0.5729930016968865,13.400326999544632,14.105806123552611
2754,16574.057386081346,16574.057499556,16574.057499556,16574.058268532,16574.071827365,1,COMPLETED,True,burst_5,114,0.1134746526076924,0.7689760022913106,13.558833001297899,14.441283656196902
2755,16574.059444958373,16574.059562001,16574.059562001,16574.060227605,16574.077746451,0,COMPLETED,True,burst_5,115,0.11704262578859925,0.6656040022789966,17.51884599798359,18.301492626051186
2756,16574.064940155058,16574.0650522,16574.0650522,16574.065514723,16574.078752228,3,COMPLETED,True,burst_5,116,0.11204494148842059,0.4625229994417168,13.237505001598038,13.812072942528175
2757,16574.0857567626,16574.085843893,16574.085843893,16574.086511019,16574.100097022,2,COMPLETED,True,burst_5,117,0.0871304000611417,0.6671259980066679,13.586003002274083,14.340259400341893
2758,16574.097411116334,16574.097495178,16574.097495178,16574.098253211,16574.112237967,1,COMPLETED,True,burst_5,118,0.08406166671193205,0.7580329984193668,13.984756002173526,14.826850667304825
2759,16574.101169011374,16574.101249515,16574.101249515,16574.101996215,16574.115915172,0,COMPLETED,True,burst_5,119,0.08050362521316856,0.7466999995813239,13.918956999987131,14.746160624781623
2760,16574.101399417526,16574.101793828,16574.101793828,16574.10218801,16574.116064497,3,COMPLETED,True,burst_5,0,0.3944104719266761,0.39418200321961194,13.87648699892452,14.665079474070808
2761,16574.1042870057,16574.104449056,16574.104449056,16574.105103781,16574.118485297,2,COMPLETED,True,burst_5,1,0.162050302606076,0.6547249977302272,13.381516000663396,14.1982913009997
2762,16574.112305197097,16574.1124217,16574.1124217,16574.113056083,16574.126271784,1,COMPLETED,True,burst_5,2,0.11650290252873674,0.6343829991237726,13.21570100117242,13.966586902824929
2763,16574.141571688782,16574.141664042,16574.141664042,16574.142264744,16574.155647024,0,COMPLETED,True,burst_5,3,0.09235321704181843,0.6007020019751508,13.382279998040758,14.075335217057727
2764,16574.142300303334,16574.142401361,16574.142401361,16574.14315982,16574.162787207,3,COMPLETED,True,burst_5,4,0.10105766705237329,0.7584589984617196,19.62738699876354,20.486903664277634
2765,16574.142747377537,16574.142847136,16574.142847136,16574.143217614,16574.156858424,2,COMPLETED,True,burst_5,5,0.09975846478482708,0.3704779992403928,13.640810000651982,14.111046464677202
2766,16574.143889737847,16574.143989939,16574.143989939,16574.144610571,16574.163985762,1,COMPLETED,True,burst_5,6,0.10020115223596804,0.6206319994817022,19.37519100101781,20.09602415273548
2767,16574.14503963382,16574.145137674,16574.145137674,16574.156065926,16574.169352109,0,COMPLETED,True,burst_5,7,0.09804018191061914,10.928251998848282,13.286182998854201,24.312475179613102
2768,16574.15290124174,16574.153042427,16574.153042427,16574.157066277,16574.170687576,2,COMPLETED,True,burst_5,8,0.14118525723461062,4.023850000521634,13.62129900007858,17.786334257834824
2769,16574.159512975082,16574.159604392,16574.159604392,16574.163248117,16574.17660099,3,COMPLETED,True,burst_5,9,0.09141691771219485,3.643725001893472,13.352872996620135,17.088014916225802
2770,16574.168192052883,16574.16842727,16574.16842727,16574.169125703,16574.183112755,1,COMPLETED,True,burst_5,10,0.23521711773355491,0.6984329993429128,13.98705199972028,14.920702116796747
2771,16574.17031526661,16574.170538828,16574.170538828,16574.171094709,16574.184572647,0,COMPLETED,True,burst_5,11,0.22356139015755616,0.5558810007642023,13.477937998686684,14.257380389608443
2772,16574.17714610294,16574.177166895,16574.177166895,16574.177804072,16574.191475492,2,COMPLETED,True,burst_5,12,0.02079206024063751,0.6371769995894283,13.671420001628576,14.329389061458642
2773,16574.178539675937,16574.17869818,16574.17869818,16574.179198081,16574.19267861,3,COMPLETED,True,burst_5,13,0.15850406271056272,0.4999010016035754,13.480528999934904,14.138934064249042
2774,16574.184309656164,16574.184471724,16574.184471724,16574.185208497,16574.198402527,1,COMPLETED,True,burst_5,14,0.16206783402594738,0.7367730031546671,13.194029997976031,14.092870835156646
2775,16574.205719953818,16574.20588907,16574.20588907,16574.206634849,16574.223091143,0,COMPLETED,True,burst_5,15,0.1691161814960651,0.745779001590563,16.45629400081816,17.37118918390479
2776,16574.209252161934,16574.209392044,16574.209392044,16574.209825024,16574.223345389,2,COMPLETED,True,burst_5,16,0.13988206410431303,0.4329800030973274,13.520364998839796,14.093227066041436
2777,16574.212596749687,16574.212742029,16574.212742029,16574.213295178,16574.231815612,3,COMPLETED,True,burst_5,17,0.1452793148928322,0.5531489987333771,18.520434001402464,19.218862315028673
2778,16574.217103909003,16574.217129404,16574.217129404,16574.217545504,16574.231569962,1,COMPLETED,True,burst_5,18,0.02549499913584441,0.4160999997111503,14.024457999767037,14.466052998614032
2779,16574.220269859856,16574.220363829,16574.220363829,16574.223602675,16574.241043283,0,COMPLETED,True,burst_5,19,0.09396914538228884,3.2388459985668305,17.440608000470093,20.773423144419212
2780,16574.22809142466,16574.228194764,16574.228194764,16574.228639057,16574.24212295,2,COMPLETED,True,burst_5,20,0.10333934187656268,0.4442930003278889,13.483892998920055,14.031525341124507
2781,16574.232864355323,16574.233008418,16574.233008418,16574.233501682,16574.24696529,1,COMPLETED,True,burst_5,21,0.14406267655431293,0.49326400039717555,13.46360800016555,14.100934677117039
2782,16574.238682822164,16574.23881002,16574.23881002,16574.239433542,16574.252859036,3,COMPLETED,True,burst_5,22,0.12719783626380377,0.6235219989321195,13.425494002149208,14.17621383734513
2783,16574.24724042594,16574.247381709,16574.247381709,16574.247881008,16574.260983463,0,COMPLETED,True,burst_5,23,0.14128306065686047,0.4992989997845143,13.102454999170732,13.743037059612107
2784,16574.262734723383,16574.262850531,16574.262850531,16574.263481105,16574.276446223,2,COMPLETED,True,burst_5,24,0.11580761565710418,0.6305740025709383,12.965117999556242,13.711499617784284
2785,16574.279725762455,16574.2798382,16574.2798382,16574.280607891,16574.296808718,1,COMPLETED,True,burst_5,25,0.11243754488532431,0.76969099973212,16.200827001739526,17.08295554635697
2786,16574.29298321505,16574.293073117,16574.293073117,16574.293763342,16574.307184863,3,COMPLETED,True,burst_5,26,0.08990195055957884,0.6902249988343101,13.421520998235792,14.20164794762968
2787,16574.293268948582,16574.29354393,16574.29354393,16574.294048094,16574.307100149,0,COMPLETED,True,burst_5,27,0.27498141935211606,0.5041639997216407,13.05205499738804,13.831200416461797
2788,16574.314759653345,16574.314847899,16574.314847899,16574.315333133,16574.329388783,2,COMPLETED,True,burst_5,28,0.08824565520626493,0.4852339989156462,14.055650000955211,14.629129655077122
2789,16574.323761182837,16574.323849008,16574.323849008,16574.32462493,16574.337844824,1,COMPLETED,True,burst_5,29,0.08782516306382604,0.7759219988656696,13.219894000940258,14.083641162869753
2790,16574.332075701735,16574.332329102,16574.332329102,16574.333134653,16574.349104741,0,COMPLETED,True,burst_5,30,0.2534002633183263,0.8055510006670374,15.970087999448879,17.029039263434242
2791,16574.377277279604,16574.377374658,16574.377374658,16574.37783662,16574.392544307,3,COMPLETED,True,baseline_6,31,0.09737839718582109,0.46196199764381163,14.707687001646264,15.267027396475896
2792,16574.409852655423,16574.410010964,16574.410010964,16574.410612437,16574.429624811,2,COMPLETED,True,baseline_6,32,0.15830857591936365,0.6014730024617165,19.012373999430565,19.772155577811645
2793,16574.41261453353,16574.412754059,16574.412754059,16574.413289208,16574.432698627,1,COMPLETED,True,baseline_6,33,0.1395254730596207,0.5351489999156911,19.40941899738391,20.08409347035922
2794,16574.47179923217,16574.471918654,16574.471918654,16574.472835877,16574.492399524,0,COMPLETED,True,baseline_6,34,0.11942182754864916,0.9172230020340066,19.56364699799451,20.600291827577166
2795,16574.478606489327,16574.478796609,16574.478796609,16574.479553765,16574.492676295,3,COMPLETED,True,baseline_6,35,0.19011967378901318,0.7571559981442988,13.122530002874555,14.069805674807867
2796,16574.498513304952,16574.498763558,16574.498763558,16574.499696601,16574.51866402,2,COMPLETED,True,baseline_6,36,0.2502530478523113,0.9330430002592038,18.967419000546215,20.15071504865773
2797,16574.530153233398,16574.530311634,16574.530311634,16574.53114492,16574.550229896,1,COMPLETED,True,baseline_6,37,0.15840060223126784,0.833286001579836,19.08497599652037,20.076662600331474
2798,16574.532384603328,16574.53263094,16574.53263094,16574.533304243,16574.55091623,0,COMPLETED,True,baseline_6,38,0.24633667271700688,0.6733029986207839,17.61198700114619,18.53162667248398
2799,16574.543949444447,16574.544117995,16574.544117995,16574.544941344,16574.565175414,3,COMPLETED,True,baseline_6,39,0.1685505521891173,0.8233490007114597,20.234070001606597,21.225969554507174
2800,16574.545912871694,16574.546184278,16574.546184278,16574.546868848,16574.566190772,2,COMPLETED,True,baseline_6,40,0.2714063048188109,0.6845700008852873,19.32192399908672,20.27790030479082
2801,16574.54821050532,16574.548404386,16574.548404386,16574.550449746,16574.568703728,1,COMPLETED,True,baseline_6,41,0.19388068176340312,2.045359997282503,18.253982001624536,20.493222680670442
2802,16574.565323152914,16574.565705955,16574.565705955,16574.566524812,16574.585928119,0,COMPLETED,True,baseline_6,42,0.38280208536889404,0.8188569991034456,19.40330700017512,20.604966084647458
2803,16574.624694175563,16574.624841322,16574.624841322,16574.625632627,16574.638865999,3,COMPLETED,True,baseline_6,43,0.14714643475599587,0.7913050030765589,13.233371999376686,14.171823437209241
2804,16574.651258674257,16574.651507835,16574.651507835,16574.652383242,16574.672381319,2,COMPLETED,True,baseline_6,44,0.2491607410775032,0.8754070004215464,19.998077001218917,21.122644742717966
2805,16574.670249106854,16574.670338526,16574.670338526,16574.671065782,16574.688320913,1,COMPLETED,True,baseline_6,45,0.08941914711613208,0.7272559996636119,17.255130998819368,18.071806145599112
2806,16574.677148055718,16574.677305331,16574.677305331,16574.678130336,16574.696992311,0,COMPLETED,True,baseline_6,46,0.1572752807987854,0.8250050013884902,18.86197500061826,19.844255282805534
2807,16574.693990908756,16574.694084231,16574.694084231,16574.694809325,16574.712977324,3,COMPLETED,True,baseline_6,47,0.0933222436287906,0.7250939997902606,18.167999001889257,18.986415245308308
2808,16574.781782832764,16574.782040041,16574.782040041,16574.783022294,16574.803447515,2,COMPLETED,True,baseline_6,48,0.257208233961137,0.9822530009842012,20.425221002369653,21.66468223731499
2809,16574.791982280232,16574.79215953,16574.79215953,16574.792992031,16574.813337788,1,COMPLETED,True,baseline_6,49,0.17724976714816876,0.8325010021508206,20.34575699872221,21.355507768021198
2810,16574.863402687064,16574.863557284,16574.863557284,16574.864554563,16574.881605486,0,COMPLETED,True,baseline_6,50,0.15459693531738594,0.9972789994208142,17.050923001079354,18.202798935817555
2811,16574.903210724995,16574.90336049,16574.90336049,16574.904232431,16574.919371367,3,COMPLETED,True,baseline_6,51,0.149765004607616,0.8719409997866023,15.138935999857495,16.160642004251713
2812,16574.905162107018,16574.905292991,16574.905292991,16574.905899428,16574.923986324,2,COMPLETED,True,baseline_6,52,0.13088398191030137,0.6064369990781415,18.086896001477726,18.82421698246617
2813,16574.964112925383,16574.964264023,16574.964264023,16574.965276923,16574.984279415,1,COMPLETED,True,baseline_6,53,0.15109761807252653,1.0129000002052635,19.002491997525794,20.166489615803584
2814,16574.964489422728,16574.964867795,16574.964867795,16574.96549932,16574.986331109,0,COMPLETED,True,baseline_6,54,0.37837227137060836,0.6315249993349425,20.831789002841106,21.841686273546657
2815,16574.968555547308,16574.968635001,16574.968635001,16574.969270315,16574.98238002,3,COMPLETED,True,baseline_6,55,0.07945369361550547,0.6353139979182743,13.109704999806127,13.824472691339906
2816,16574.98398878736,16574.984143744,16574.984143744,16574.984841761,16575.004088746,2,COMPLETED,True,baseline_6,56,0.15495664047193713,0.6980170001043007,19.246985000791028,20.099958641367266
2817,16574.986527062094,16574.986671595,16574.986671595,16574.987631856,16575.0071851,3,COMPLETED,True,baseline_6,57,0.14453290714300238,0.9602609970897902,19.553244001144776,20.65803790537757
2818,16575.044143238727,16575.044228575,16575.044228575,16575.045185323,16575.063596456,1,COMPLETED,True,baseline_6,58,0.08533627260476351,0.9567480010446161,18.411132998153334,19.453217271802714
2819,16575.048279656272,16575.048362547,16575.048362547,16575.049128677,16575.066371937,0,COMPLETED,True,baseline_6,59,0.08289072866318747,0.7661300005565863,17.24325999748544,18.092280726705212
2820,16575.07610896609,16575.076197725,16575.076197725,16575.076995974,16575.091778509,2,COMPLETED,True,baseline_6,60,0.08875891217030585,0.798248998762574,14.782534999540076,15.669542910472956
2821,16575.085025286287,16575.08511956,16575.08511956,16575.085935213,16575.105194297,3,COMPLETED,True,baseline_6,61,0.09427371333003975,0.8156529984262306,19.259084001532756,20.169010713289026
2822,16575.09599465782,16575.09616656,16575.09616656,16575.097043527,16575.114578556,1,COMPLETED,True,baseline_6,62,0.17190218204632401,0.8769669984758366,17.535029001010116,18.583898181532277
2823,16575.10779784019,16575.1079563,16575.1079563,16575.108722918,16575.125790311,0,COMPLETED,True,baseline_6,63,0.15845980669837445,0.7666180026717484,17.067393000615994,17.992470809986116
2824,16575.12601849209,16575.126419991,16575.126419991,16575.127122127,16575.140502748,2,COMPLETED,True,baseline_6,64,0.401498909923248,0.7021359997452237,13.38062099966919,14.484255909337662
2825,16575.130546896886,16575.130818904,16575.130818904,16575.131515009,16575.144741228,3,COMPLETED,True,baseline_6,65,0.2720071133808233,0.6961050021345727,13.226218998170225,14.194331113685621
2826,16575.175966090923,16575.176062562,16575.176062562,16575.176914552,16575.195778103,1,COMPLETED,True,baseline_6,66,0.0964710779953748,0.8519900002283975,18.863550998503342,19.812012076727115
2827,16575.17992437087,16575.180023566,16575.180023566,16575.180825321,16575.200271915,0,COMPLETED,True,baseline_6,67,0.09919513104250655,0.8017549989745021,19.446594000328332,20.34754413034534
2828,16575.209992029366,16575.210079262,16575.210079262,16575.210889984,16575.22605515,2,COMPLETED,True,baseline_6,68,0.08723263454157859,0.810721998277586,15.165166001679609,16.063120634498773
2829,16575.214739668463,16575.21482262,16575.21482262,16575.215707455,16575.23413003,3,COMPLETED,True,baseline_6,69,0.08295153747894801,0.8848350007610861,18.422574998112395,19.39036153635243
2830,16575.2786544359,16575.278742447,16575.278742447,16575.2794751,16575.29913274,1,COMPLETED,True,baseline_6,70,0.0880111001606565,0.7326529994315933,19.657640001241816,20.478304100834066
2831,16575.284645952783,16575.284737412,16575.284737412,16575.285491435,16575.305362107,0,COMPLETED,True,baseline_6,71,0.0914592164917849,0.7540229998994619,19.870672000251943,20.71615421664319
2832,16575.29662728103,16575.296721099,16575.296721099,16575.297412412,16575.314827004,2,COMPLETED,True,baseline_6,72,0.09381796917296015,0.6913130018801894,17.414591999113327,18.199722970166476
2833,16575.32279944445,16575.32286447,16575.32286447,16575.323791415,16575.343190428,3,COMPLETED,True,baseline_6,73,0.0650255497021135,0.9269450019928627,19.39901299920166,20.390983550896635
2834,16575.337880293417,16575.338142072,16575.338142072,16575.339061969,16575.359067513,1,COMPLETED,True,baseline_6,74,0.26177858308074065,0.9198970001307316,20.005544000014197,21.18721958322567
2835,16575.340156436996,16575.340351747,16575.340351747,16575.340949296,16575.361818969,0,COMPLETED,True,baseline_6,75,0.19531000361894257,0.5975490021228325,20.869672996923327,21.662532002665102
2836,16575.345389550683,16575.34555138,16575.34555138,16575.346115247,16575.359581667,2,COMPLETED,True,baseline_6,76,0.16182931722141802,0.5638670008920599,13.466419997712364,14.192116315825842
2837,16575.354429619063,16575.354567112,16575.354567112,16575.355350587,16575.368843316,3,COMPLETED,True,baseline_6,77,0.13749293793807738,0.7834749994799495,13.492728998244274,14.413696935662301
2838,16575.364184139224,16575.364287928,16575.364287928,16575.364905807,16575.378506012,1,COMPLETED,True,baseline_6,78,0.1037887777783908,0.6178789990372024,13.60020499851089,14.321872775326483
2839,16575.37480923195,16575.374931249,16575.374931249,16575.375661876,16575.38866141,2,COMPLETED,True,baseline_6,79,0.12201704885228537,0.7306270017579664,12.999533999391133,13.852178050001385
2840,16575.40578140578,16575.405954764,16575.405954764,16575.406384573,16575.419458379,0,COMPLETED,True,baseline_6,80,0.17335821758024395,0.4298090025258716,13.073805999738397,13.676973219844513
2841,16575.42662713254,16575.426714038,16575.426714038,16575.427347478,16575.445735883,3,COMPLETED,True,baseline_6,81,0.08690546019352041,0.6334399986371864,18.38840500204242,19.108750460873125
2842,16575.46384332907,16575.464107894,16575.464107894,16575.465047403,16575.483616327,1,COMPLETED,True,baseline_6,82,0.2645649292389862,0.9395089982717764,18.568924002465792,19.772997929976555
2843,16575.481373445447,16575.481461966,16575.481461966,16575.482468357,16575.502528475,2,COMPLETED,True,baseline_6,83,0.0885205517988652,1.0063910012831911,20.060118000401417,21.155029553483473
2844,16575.521598656484,16575.521689348,16575.521689348,16575.522525862,16575.542486276,0,COMPLETED,True,baseline_6,84,0.09069151565199718,0.8365140020032413,19.96041399979731,20.88761951745255
2845,16575.542019492426,16575.542187324,16575.542187324,16575.543001459,16575.560758198,3,COMPLETED,True,baseline_6,85,0.16783157479949296,0.8141349971992895,17.75673900192487,18.738705573923653
2846,16575.57577516451,16575.575846973,16575.575846973,16575.57675443,16575.595130087,1,COMPLETED,True,baseline_6,86,0.07180848842835985,0.9074570007214788,18.37565700043342,19.35492248958326
2847,16575.59237869471,16575.592539852,16575.592539852,16575.593467713,16575.613357596,2,COMPLETED,True,baseline_6,87,0.161157291586278,0.9278609977627639,19.889883002178976,20.978901291528018
2848,16575.624764643842,16575.624857265,16575.624857265,16575.625517854,16575.638791341,0,COMPLETED,True,baseline_6,88,0.09262115781893954,0.6605890011996962,13.273486998514272,14.026697157532908
2849,16575.687359031454,16575.687454877,16575.687454877,16575.688186843,16575.704421551,3,COMPLETED,True,baseline_6,89,0.09584554572938941,0.7319659998756833,16.234708000411047,17.06251954601612
2850,16575.69055990874,16575.690726104,16575.690726104,16575.69172717,16575.709233436,1,COMPLETED,True,baseline_6,90,0.1661952592257876,1.0010660007537808,17.506265998235904,18.673527258215472
2851,16575.701935286095,16575.702102209,16575.702102209,16575.702648986,16575.718533552,2,COMPLETED,True,baseline_6,91,0.16692290591890924,0.5467769988172222,15.884566000750056,16.598265905486187
2852,16575.780424405886,16575.780529239,16575.780529239,16575.781046019,16575.795968843,0,COMPLETED,True,baseline_6,92,0.10483311416464858,0.5167800009076018,14.922823997039814,15.544437112112064
2853,16575.783638940786,16575.783732816,16575.783732816,16575.784661783,16575.802896136,3,COMPLETED,True,baseline_6,93,0.09387521276948974,0.9289670015277807,18.234352999570547,19.257195213867817
2854,16575.86274196387,16575.862910635,16575.862910635,16575.863513905,16575.881976361,1,COMPLETED,True,baseline_6,94,0.16867113299667835,0.6032699966453947,18.46245600245311,19.234397132095182
2855,16575.913790315393,16575.914095423,16575.914095423,16575.914926216,16575.927938589,2,COMPLETED,True,baseline_6,95,0.3051076055271551,0.8307930002047215,13.012373001402011,14.148273607133888
2856,16575.923129213057,16575.923277483,16575.923277483,16575.924037247,16575.942381253,0,COMPLETED,True,baseline_6,96,0.1482699444750324,0.7597639996674843,18.344005999097135,19.25203994323965
2857,16575.92949629944,16575.929747395,16575.929747395,16575.930596643,16575.949500742,3,COMPLETED,True,baseline_6,97,0.25109556008828804,0.8492480010318104,18.904099000792485,20.004442561912583
2858,16575.948960119247,16575.949120324,16575.949120324,16575.950125917,16575.96869971,1,COMPLETED,True,baseline_6,98,0.16020475231925957,1.0055929997179192,18.573793000541627,19.739590752578806
2859,16575.9926553801,16575.992748755,16575.992748755,16575.993563058,16576.009836943,2,COMPLETED,True,baseline_6,99,0.09337489973404445,0.814302999060601,16.273885001282906,17.18156290007755
2860,16576.055505763674,16576.055763356,16576.055763356,16576.05670929,16576.072715832,0,COMPLETED,True,baseline_6,100,0.25759232448763214,0.9459339999011718,16.00654200228746,17.210068326676264
2861,16576.05731061357,16576.057558196,16576.057558196,16576.058047564,16576.076227843,3,COMPLETED,True,baseline_6,101,0.2475824294378981,0.48936800158116966,18.180278999352595,18.917229430371663
2862,16576.099400844392,16576.099661005,16576.099661005,16576.100768566,16576.118879883,1,COMPLETED,True,baseline_6,102,0.26016060655820183,1.1075610018451698,18.11131700014812,19.47903860855149
2863,16576.154374947226,16576.154460741,16576.154460741,16576.155404905,16576.175646505,2,COMPLETED,True,baseline_6,103,0.08579377390560694,0.9441639995202422,20.24159999928088,21.27155777270673
2864,16576.19511644311,16576.195368567,16576.195368567,16576.196379468,16576.216442834,0,COMPLETED,True,baseline_6,104,0.2521238930057734,1.010900999972364,20.063365998794325,21.326390891772462
2865,16576.230403307116,16576.230657073,16576.230657073,16576.231420035,16576.248858182,3,COMPLETED,True,baseline_6,105,0.25376588382641785,0.7629620013176464,17.438146998756565,18.45487488390063
2866,16576.24315808806,16576.243324036,16576.243324036,16576.244273934,16576.264518414,1,COMPLETED,True,baseline_6,106,0.16594794215052389,0.9498979998170398,20.244479997927556,21.36032593989512
2867,16576.3302224957,16576.330373963,16576.330373963,16576.331292297,16576.351762461,2,COMPLETED,True,baseline_6,107,0.15146729856496677,0.9183340007439256,20.47016399956192,21.53996529887081
2868,16576.349557976868,16576.349823962,16576.349823962,16576.350740619,16576.370774649,0,COMPLETED,True,baseline_6,108,0.2659851306816563,0.9166570016532205,20.03402999980608,21.216672132140957
2869,16576.36933412913,16576.369539476,16576.369539476,16576.370504164,16576.390334564,3,COMPLETED,True,baseline_6,109,0.2053468706435524,0.964687998930458,19.83040000050096,21.00043487007497
2870,16576.38700099187,16576.387239155,16576.387239155,16576.388384891,16576.407459063,1,COMPLETED,True,baseline_6,110,0.23816313114366494,1.1457360014901496,19.074171999818645,20.45807113245246
2871,16576.428447925344,16576.42862646,16576.42862646,16576.429262049,16576.443807256,2,COMPLETED,True,baseline_6,111,0.17853465760708787,0.6355890000122599,14.545206999173388,15.359330656792736
2872,16576.48519394477,16576.485318926,16576.485318926,16576.486324001,16576.506256052,0,COMPLETED,True,baseline_6,112,0.12498123032855801,1.0050750024674926,19.932050996430917,21.062107229226967
2873,16576.49292092811,16576.493068279,16576.493068279,16576.49375668,16576.51168215,3,COMPLETED,True,baseline_6,113,0.14735088916495442,0.6884009999339469,17.9254700015008,18.7612218905997
2874,16576.50038839531,16576.500477457,16576.500477457,16576.501156012,16576.519254233,1,COMPLETED,True,baseline_6,114,0.08906169023248367,0.6785549994674511,18.098221000400372,18.865837690100307
2875,16576.52347491355,16576.523771711,16576.523771711,16576.524553651,16576.541511847,2,COMPLETED,True,baseline_6,115,0.29679745057364926,0.7819400016160216,16.958195999905,18.036933452094672
2876,16576.562662998364,16576.562772289,16576.562772289,16576.563218943,16576.580956038,0,COMPLETED,True,baseline_6,116,0.10929063500952907,0.4466540012799669,17.73709500048426,18.293039636773756
2877,16576.609184608373,16576.609281862,16576.609281862,16576.60999303,16576.626941647,3,COMPLETED,True,baseline_6,117,0.09725362906465307,0.7111679988156538,16.948616997979116,17.757038625859423
2878,16576.6310577148,16576.631215044,16576.631215044,16576.63200024,16576.649282427,1,COMPLETED,True,baseline_6,118,0.1573291992826853,0.7851959999243263,17.282187000091653,18.224712199298665
2879,16576.653161453225,16576.653301463,16576.653301463,16576.654079564,16576.672099267,2,COMPLETED,True,baseline_6,119,0.14000977535033599,0.7781009990139864,18.019703002210008,18.93781377657433
2880,16576.665873919716,16576.666052116,16576.666052116,16576.667090969,16576.686627151,0,COMPLETED,True,baseline_6,0,0.17819628556026146,1.038852999045048,19.536182000592817,20.753231285198126
2881,16576.696426348448,16576.696686518,16576.696686518,16576.697378402,16576.71553557,3,COMPLETED,True,baseline_6,1,0.2601695523480885,0.6918840008438565,18.157168000470847,19.109221553662792
2882,16576.734570135577,16576.734658072,16576.734658072,16576.735501396,16576.754529326,1,COMPLETED,True,baseline_6,2,0.08793642336968333,0.8433240000158548,19.027930000447668,19.959190423833206
2883,16576.781058570396,16576.781202015,16576.781202015,16576.78224047,16576.801681842,2,COMPLETED,True,baseline_6,3,0.1434446057828609,1.0384549968875945,19.441372001892887,20.623271604563342
2884,16576.86576598614,16576.865911719,16576.865911719,16576.86696123,16576.886641079,0,COMPLETED,True,baseline_6,4,0.1457328617107123,1.0495110000192653,19.679848999658134,20.87509286138811
2885,16576.90205500378,16576.902193242,16576.902193242,16576.903073469,16576.92210603,3,COMPLETED,True,baseline_6,5,0.1382382215524558,0.8802269985608291,19.032561001949944,20.05102622206323
2886,16576.90459108846,16576.904720846,16576.904720846,16576.905603597,16576.923538095,1,COMPLETED,True,baseline_6,6,0.12975753998034634,0.8827509991533589,17.93449800243252,18.947006541566225
2887,16576.97070035363,16576.970873188,16576.970873188,16576.971858512,16576.992091825,2,COMPLETED,True,baseline_6,7,0.17283436682191677,0.9853240007942077,20.23331300006248,21.391471367678605
2888,16577.003729966134,16577.003896564,16577.003896564,16577.004801425,16577.022859539,0,COMPLETED,True,baseline_6,8,0.16659786706441082,0.9048609972523991,18.058114001178183,19.129572865494993
2889,16577.01303661006,16577.013194799,16577.013194799,16577.014085785,16577.033898623,3,COMPLETED,True,baseline_6,9,0.15818894098629244,0.890985997102689,19.81283800341771,20.86201294150669
2890,16577.016359964044,16577.016527046,16577.016527046,16577.017389115,16577.0371289,1,COMPLETED,True,baseline_6,10,0.16708195471437648,0.8620690023235511,19.739784998819232,20.76893595585716
2891,16577.1196623119,16577.119869107,16577.119869107,16577.120833288,16577.141726333,2,COMPLETED,True,baseline_6,11,0.2067950990749523,0.9641810029279441,20.89304499895661,22.064021100959508
2892,16577.131637201885,16577.131845245,16577.131845245,16577.132778459,16577.153156558,0,COMPLETED,True,baseline_6,12,0.20804311498068273,0.9332139998150524,20.378099001391092,21.519356116186827
2893,16577.138339693112,16577.138595138,16577.138595138,16577.139482671,16577.159081494,3,COMPLETED,True,baseline_6,13,0.2554448874434456,0.8875329986040015,19.598823000706034,20.74180088675348
2894,16577.14449396884,16577.144699555,16577.144699555,16577.145646092,16577.165467116,1,COMPLETED,True,baseline_6,14,0.20558615869958885,0.9465370021644048,19.82102399779251,20.973147158656502
2895,16577.14584973618,16577.146106945,16577.146106945,16577.146908044,16577.162013153,2,COMPLETED,True,baseline_6,15,0.25720882331370376,0.8010989986360073,15.105108999705408,16.16341682165512
2896,16577.161628981943,16577.161749152,16577.161749152,16577.162643703,16577.176826498,0,COMPLETED,True,baseline_6,16,0.12017005792586133,0.8945509980549105,14.18279499921482,15.197516055195592
2897,16577.189824050627,16577.190076586,16577.190076586,16577.190973874,16577.208984187,3,COMPLETED,True,baseline_6,17,0.25253537387470715,0.8972879986686166,18.01031300055911,19.160136373102432
2898,16577.199657715286,16577.19981836,16577.19981836,16577.200743903,16577.219757432,2,COMPLETED,True,baseline_6,18,0.160644714924274,0.9255429977201857,19.013529003132135,20.099716715776594
2899,16577.200476204973,16577.200615633,16577.200615633,16577.201086581,16577.214264161,1,COMPLETED,True,baseline_6,19,0.13942802615929395,0.47094800174818374,13.177580000046873,13.787956027954351
2900,16577.205026457068,16577.205182986,16577.205182986,16577.205794655,16577.21878761,0,COMPLETED,True,baseline_6,20,0.1565289312566165,0.6116690019553062,12.992954998480855,13.761152931692777
2901,16577.22105246483,16577.221166187,16577.221166187,16577.221754679,16577.234565777,3,COMPLETED,True,baseline_6,21,0.1137221697717905,0.58849200286204,12.811097996745957,13.513312169379788
2902,16577.25808880709,16577.258341431,16577.258341431,16577.259308571,16577.278114361,1,COMPLETED,True,baseline_6,22,0.25262390772695653,0.9671400002844166,18.805790001351852,20.025553909363225
2903,16577.276433323423,16577.276597019,16577.276597019,16577.277540326,16577.296835908,0,COMPLETED,True,baseline_6,23,0.16369557852158323,0.9433069972146768,19.29558200208703,20.40258457782329
2904,16577.29001491652,16577.2901817,16577.2901817,16577.291122896,16577.309981002,2,COMPLETED,True,baseline_6,24,0.16678347674314864,0.9411960018042009,18.85810599924298,19.96608547779033
2905,16577.29457286983,16577.294755671,16577.294755671,16577.295409445,16577.315309567,3,COMPLETED,True,baseline_6,25,0.1828011700126808,0.653774000966223,19.900121998944087,20.73669716992299
2906,16577.30057578526,16577.300776781,16577.300776781,16577.301599029,16577.314985865,1,COMPLETED,True,baseline_6,26,0.2009957424888853,0.8222479991673026,13.386835998971947,14.410079740628134
2907,16577.307955326636,16577.30823186,16577.30823186,16577.309157483,16577.327214605,0,COMPLETED,True,baseline_6,27,0.27653336292132735,0.9256230005121324,18.057122000755044,19.259278364188503
2908,16577.310141730875,16577.310338581,16577.310338581,16577.311267151,16577.330305739,2,COMPLETED,True,baseline_6,28,0.19685012375703081,0.9285699998144992,19.038588001421886,20.164008124993416
2909,16577.317529082356,16577.317655217,16577.317655217,16577.318301013,16577.331249241,1,COMPLETED,True,baseline_6,29,0.12613464423338883,0.6457960007537622,12.948227999004303,13.720158643991454
2910,16577.369295729834,16577.369460719,16577.369460719,16577.370231326,16577.383155545,3,COMPLETED,True,baseline_6,30,0.1649891673878301,0.77060699914,12.924219001433812,13.859815167961642
2911,16577.37324385929,16577.373417964,16577.373417964,16577.374184822,16577.389447759,0,COMPLETED,True,baseline_6,31,0.17410471264156513,0.7668580001336522,15.262936998624355,16.203899711399572
2912,16577.385835925394,16577.38599792,16577.38599792,16577.387000662,16577.406682874,2,COMPLETED,True,baseline_6,32,0.16199460515053943,1.0027420030382928,19.682211997860577,20.84694860604941
2913,16577.421050314468,16577.421212009,16577.421212009,16577.42195161,16577.439472867,1,COMPLETED,True,baseline_6,33,0.16169453374459408,0.7396009968942963,17.52125700295437,18.42255253359326
2914,16577.450402231825,16577.45055374,16577.45055374,16577.451327783,16577.46997271,3,COMPLETED,True,baseline_6,34,0.15150817489484325,0.7740430010017008,18.644927000423195,19.57047817631974
2915,16577.451873124253,16577.452048971,16577.452048971,16577.452618481,16577.472110354,0,COMPLETED,True,baseline_6,35,0.17584674787940457,0.5695099971489981,19.49187300124322,20.237229746271623
2916,16577.495501285593,16577.495569569,16577.495569569,16577.496039846,16577.511364666,2,COMPLETED,True,baseline_6,36,0.06828340701758862,0.4702769983850885,15.324820000387263,15.86338040578994
2917,16577.501913110766,16577.502034484,16577.502034484,16577.502560761,16577.515810501,1,COMPLETED,True,baseline_6,37,0.12137323574279435,0.5262769991531968,13.249740000901511,13.897390235797502
2918,16577.545094406487,16577.545195665,16577.545195665,16577.545893086,16577.56133436,3,COMPLETED,True,baseline_6,38,0.10125851258635521,0.6974210009502713,15.441274001204874,16.2399535147415
2919,16577.5750285578,16577.575121433,16577.575121433,16577.575853832,16577.593340614,0,COMPLETED,True,baseline_6,39,0.09287520151701756,0.732398999389261,17.486781998741208,18.312056199647486
2920,16577.618779368153,16577.618942535,16577.618942535,16577.619702488,16577.637520894,2,COMPLETED,True,baseline_6,40,0.16316684559569694,0.7599529999424703,17.818406002334086,18.741525847872254
2921,16577.635443512765,16577.635602656,16577.635602656,16577.6364238,16577.652441109,1,COMPLETED,True,baseline_6,41,0.1591432337590959,0.8211439999286085,16.017309000744717,16.99759623443242
2922,16577.65682647577,16577.65704538,16577.65704538,16577.658036014,16577.678350454,3,COMPLETED,True,baseline_6,42,0.2189042315876577,0.9906339982990175,20.314440000220202,21.523978230106877
2923,16577.70533696446,16577.705551495,16577.705551495,16577.706568626,16577.725740815,0,COMPLETED,True,baseline_6,43,0.21453054068842903,1.0171309986617416,19.172189000528306,20.403850539878476
2924,16577.740365645317,16577.740536121,16577.740536121,16577.741229251,16577.756448016,2,COMPLETED,True,baseline_6,44,0.17047568326233886,0.6931300013093278,15.218764998280676,16.082370682852343
2925,16577.745028611636,16577.745199546,16577.745199546,16577.745832995,16577.763710791,1,COMPLETED,True,baseline_6,45,0.1709343632683158,0.6334489989967551,17.87779600272188,18.68217936498695
2926,16577.77673197054,16577.776852246,16577.776852246,16577.777589508,16577.793030539,3,COMPLETED,True,baseline_6,46,0.12027545744786039,0.7372620020760223,15.441030998772476,16.29856845829636
2927,16577.82761850676,16577.82782648,16577.82782648,16577.828434592,16577.848439081,0,COMPLETED,True,baseline_6,47,0.20797324032173492,0.6081120009184815,20.004489000712056,20.820574241952272
2928,16577.850648273736,16577.850740995,16577.850740995,16577.851716505,16577.871656248,2,COMPLETED,True,baseline_6,48,0.09272126408177428,0.9755099999892991,19.939743000577437,21.00797426464851
2929,16577.85405305746,16577.854136807,16577.854136807,16577.854648747,16577.868575272,1,COMPLETED,True,baseline_6,49,0.08374953904422,0.5119400011608377,13.926524999988033,14.52221454019309
2930,16577.85973868812,16577.859881813,16577.859881813,16577.860755547,16577.880811895,3,COMPLETED,True,baseline_6,50,0.14312488201539963,0.8737339994695503,20.056347999343416,21.073206880828366
2931,16577.868343585924,16577.868612691,16577.868612691,16577.869543323,16577.888167746,0,COMPLETED,True,baseline_6,51,0.2691050758585334,0.9306319989264011,18.62442300262046,19.824160077405395
2932,16577.87434212509,16577.874435556,16577.874435556,16577.87529768,16577.889296747,1,COMPLETED,True,baseline_6,52,0.09343091005575843,0.8621239976491779,13.999066999531351,14.954621907236287
2933,16577.877912455122,16577.878102293,16577.878102293,16577.878803163,16577.892507543,2,COMPLETED,True,baseline_6,53,0.18983787958859466,0.700869997672271,13.704380002309335,14.595087879570201
2934,16577.889038189674,16577.88915013,16577.88915013,16577.889857292,16577.903007208,3,COMPLETED,True,baseline_6,54,0.11194032413186505,0.7071620020724367,13.149915997928474,13.969018324132776
2935,16577.915853889375,16577.915954276,16577.915954276,16577.916550352,16577.929713552,0,COMPLETED,True,baseline_6,55,0.10038662367151119,0.5960760026937351,13.163199997507036,13.859662623872282
2936,16577.942131936572,16577.942221038,16577.942221038,16577.942873253,16577.961846129,1,COMPLETED,True,baseline_6,56,0.08910142787499353,0.6522149997181259,18.972876001498662,19.71419242909178
2937,16577.945254422615,16577.945334931,16577.945334931,16577.94574762,16577.959261534,2,COMPLETED,True,baseline_6,57,0.08050838368944824,0.41268900167779066,13.513914000213845,14.007111385581084
2938,16577.97771566949,16577.977886633,16577.977886633,16577.978435208,16577.99364513,3,COMPLETED,True,baseline_6,58,0.1709635107545182,0.5485749970830511,15.209921999485232,15.929460507322801
2939,16577.999321925636,16577.999492018,16577.999492018,16578.000452138,16578.020327852,0,COMPLETED,True,baseline_6,59,0.17009236398735084,0.9601199999451637,19.87571399877197,21.005926362704486
2940,16578.081391280513,16578.08158022,16578.08158022,16578.08251634,16578.103146129,2,COMPLETED,True,baseline_6,60,0.18893948799814098,0.9361199990962632,20.6297889999405,21.754848487034906
2941,16578.119454802894,16578.119516621,16578.119516621,16578.12061341,16578.141122391,1,COMPLETED,True,baseline_6,61,0.06181810385896824,1.0967890011670534,20.508981000602944,21.667588105628965
2942,16578.144315186313,16578.144469301,16578.144469301,16578.145205931,16578.164567529,3,COMPLETED,True,baseline_6,62,0.15411468848469667,0.7366299978457391,19.361597998795332,20.252342685125768
2943,16578.171757719054,16578.171951739,16578.171951739,16578.172732501,16578.191804599,0,COMPLETED,True,baseline_6,63,0.1940199472301174,0.7807619986124337,19.07209799901466,20.04687994485721
2944,16578.17339196768,16578.173545439,16578.173545439,16578.174092722,16578.187620472,2,COMPLETED,True,baseline_6,64,0.15347131920862012,0.5472830016515218,13.527749997592764,14.228504318452906
2945,16578.287796686232,16578.287978792,16578.287978792,16578.288884971,16578.308646861,1,COMPLETED,True,baseline_6,65,0.18210576672572643,0.9061790005944204,19.76189000197337,20.850174769293517
2946,16578.30392512247,16578.304091639,16578.304091639,16578.305139649,16578.325006728,3,COMPLETED,True,baseline_6,66,0.16651652913424186,1.0480100027052686,19.867078997776844,21.081605529616354
2947,16578.311714996613,16578.311968082,16578.311968082,16578.312859755,16578.33105505,2,COMPLETED,True,baseline_6,67,0.2530853853386361,0.8916730002965778,18.195295000623446,19.34005338625866
2948,16578.33103258701,16578.331205774,16578.331205774,16578.332291197,16578.351671812,0,COMPLETED,True,baseline_6,68,0.17318698883173056,1.0854229985852726,19.3806150018645,20.6392249892815
2949,16578.384687396527,16578.384777927,16578.384777927,16578.385446762,16578.398258544,1,COMPLETED,True,baseline_6,69,0.09053047324414365,0.668835000396939,12.81178199860733,13.571147472248413
2950,16578.40791502873,16578.407998382,16578.407998382,16578.408766007,16578.422783417,3,COMPLETED,True,baseline_6,70,0.08335327220265754,0.7676249988435302,14.017410001542885,14.868388272589073
2951,16578.447271290523,16578.447526885,16578.447526885,16578.448207895,16578.466682383,2,COMPLETED,True,baseline_6,71,0.2555944774940144,0.6810099985159468,18.474488002539147,19.411092478549108
2952,16578.458541356504,16578.45870616,16578.45870616,16578.459438956,16578.475564392,0,COMPLETED,True,baseline_6,72,0.16480349586345255,0.7327960011025425,16.125435999128968,17.023035496094963
2953,16578.47657693862,16578.476688353,16578.476688353,16578.477270805,16578.490720885,1,COMPLETED,True,baseline_6,73,0.111414377897745,0.5824520012538414,13.450080001348397,14.143946380499983
2954,16578.477577945177,16578.477753313,16578.477753313,16578.478481797,16578.497340986,3,COMPLETED,True,baseline_6,74,0.17536782252136618,0.7284839994099457,18.859189000068,19.76304082199931
2955,16578.502975109415,16578.503059609,16578.503059609,16578.503836149,16578.522857176,2,COMPLETED,True,baseline_6,75,0.0844995847728569,0.7765400005155243,19.02102700114483,19.88206658643321
2956,16578.554318514878,16578.554431082,16578.554431082,16578.555411157,16578.575086815,0,COMPLETED,True,baseline_6,76,0.1125671224144753,0.9800750012800563,19.67565799714066,20.768300120835193
2957,16578.57327532213,16578.573478931,16578.573478931,16578.574495699,16578.593905345,1,COMPLETED,True,baseline_6,77,0.20360886992421,1.0167679974983912,19.409645999985514,20.630022867408115
2958,16578.612115171967,16578.612277876,16578.612277876,16578.613148414,16578.6322015,3,COMPLETED,True,baseline_6,78,0.16270403284579515,0.8705379987077322,19.05308600180433,20.08632803335786
2959,16578.63796151511,16578.638129106,16578.638129106,16578.639063309,16578.657077515,2,COMPLETED,True,baseline_6,79,0.16759088975959457,0.9342030025436543,18.0142059980426,19.115999890345847
2960,16578.645268785862,16578.645416691,16578.645416691,16578.646467488,16578.666572264,0,COMPLETED,True,baseline_6,80,0.14790513887419365,1.0507970000617206,20.104775998333935,21.30347813726985
2961,16578.646404900188,16578.646538624,16578.646538624,16578.647009126,16578.665192526,1,COMPLETED,True,baseline_6,81,0.1337238136329688,0.4705020000983495,18.183399999543326,18.787625813274644
2962,16578.694532255435,16578.694792209,16578.694792209,16578.695510552,16578.708908555,3,COMPLETED,True,baseline_6,82,0.25995356554631144,0.7183429988799617,13.398003000475,14.376299564901274
2963,16578.70230177902,16578.702446921,16578.702446921,16578.703070866,16578.722261393,2,COMPLETED,True,baseline_6,83,0.14514198119286448,0.6239449976419564,19.19052700031898,19.9596139791538
2964,16578.711745536995,16578.711904195,16578.711904195,16578.712628651,16578.726413666,1,COMPLETED,True,baseline_6,84,0.1586580037837848,0.7244560001709033,13.785015002213186,14.668129006167874
2965,16578.71282625336,16578.712914385,16578.712914385,16578.713331981,16578.727359148,0,COMPLETED,True,baseline_6,85,0.08813164095045067,0.41759599844226614,14.027167002495844,14.53289464188856
2966,16578.742014756142,16578.742119234,16578.742119234,16578.742593685,16578.755675615,3,COMPLETED,True,baseline_6,86,0.10447785825817846,0.47445100062759593,13.081929999316344,13.660858858202118
2967,16578.761509709482,16578.761599666,16578.761599666,16578.76234256,16578.775227114,2,COMPLETED,True,baseline_6,87,0.0899565166037064,0.7428940007230267,12.88455400208477,13.717404519411502
2968,16578.765631379993,16578.765895293,16578.765895293,16578.766722368,16578.793796927,1,COMPLETED,True,baseline_6,88,0.2639130070747342,0.827075000415789,27.074558998720022,28.165547006210545
2969,16578.774243447282,16578.774417174,16578.774417174,16578.77533561,16578.794761249,0,COMPLETED,True,baseline_6,89,0.17372671936755069,0.91843599875574,19.425638998654904,20.517801716778195
2970,16578.78248740054,16578.782616048,16578.782616048,16578.783317264,16578.797405802,3,COMPLETED,True,baseline_6,90,0.1286474616790656,0.7012159985606559,14.0885380023974,14.91840146263712
2971,16578.795546066896,16578.79570766,16578.79570766,16578.79653738,16578.809137151,2,COMPLETED,True,baseline_6,91,0.16159310325747356,0.8297200001834426,12.599771001987392,13.591084105428308
2972,16578.829743416114,16578.829904631,16578.829904631,16578.830803357,16578.8489415,1,COMPLETED,True,baseline_6,92,0.16121488442877308,0.8987260007415898,18.138143001124263,19.198083886294626
2973,16578.831186984648,16578.831351336,16578.831351336,16578.831988104,16578.850198793,0,COMPLETED,True,baseline_6,93,0.16435135330539197,0.636767999822041,18.21068899880629,19.011808351933723
2974,16578.86903711266,16578.86912591,16578.86912591,16578.870015605,16578.890240439,3,COMPLETED,True,baseline_6,94,0.08879734014044516,0.8896949984773528,20.22483399923658,21.203326337854378
2975,16578.874189861188,16578.874271544,16578.874271544,16578.875046952,16578.892563745,2,COMPLETED,True,baseline_6,95,0.08168281055986881,0.775407999753952,17.516793002869235,18.373883813183056
2976,16578.894740913645,16578.894888626,16578.894888626,16578.895885559,16578.912302888,1,COMPLETED,True,baseline_6,96,0.14771235510124825,0.9969329985324293,16.417328999523306,17.561974353156984
2977,16578.898206921283,16578.898385228,16578.898385228,16578.899272166,16578.918480845,0,COMPLETED,True,baseline_6,97,0.17830671640695073,0.886937999894144,19.208679001167184,20.27392371746828
2978,16578.922817882125,16578.92306651,16578.92306651,16578.92397739,16578.941936276,3,COMPLETED,True,baseline_6,98,0.24862787540769204,0.9108800004469231,17.958886000997154,19.11839387685177
2979,16578.934662519772,16578.934825372,16578.934825372,16578.935335176,16578.948897657,2,COMPLETED,True,baseline_6,99,0.16285222955048084,0.5098039982840419,13.562480999098625,14.235137226933148
2980,16579.005909636522,16579.006104605,16579.006104605,16579.006924851,16579.026974615,1,COMPLETED,True,baseline_6,100,0.19496847744449042,0.820246001239866,20.049763999850256,21.064978478534613
2981,16579.01426620289,16579.014515986,16579.014515986,16579.015102113,16579.032836666,0,COMPLETED,True,baseline_6,101,0.2497831119399052,0.5861270001332741,17.734552999172593,18.570463111245772
2982,16579.04377682937,16579.043942076,16579.043942076,16579.044892938,16579.064745243,3,COMPLETED,True,baseline_6,102,0.16524663078598678,0.9508619987173006,19.85230499849422,20.968413627997506
2983,16579.059110238242,16579.0591648,16579.0591648,16579.059884178,16579.077904418,2,COMPLETED,True,baseline_6,103,0.05456175858853385,0.7193780002126005,18.020240000623744,18.79417975942488
2984,16579.098868088495,16579.099037546,16579.099037546,16579.099852955,16579.120757913,1,COMPLETED,True,baseline_6,104,0.16945750394370407,0.8154090028256178,20.90495799711789,21.889824503887212
2985,16579.100079495118,16579.100220708,16579.100220708,16579.100723721,16579.120406313,0,COMPLETED,True,baseline_6,105,0.14121288040769286,0.5030130014347378,19.682591999298893,20.326817881141324
2986,16579.106248911317,16579.106502522,16579.106502522,16579.107297044,16579.126527436,3,COMPLETED,True,baseline_6,106,0.2536106840125285,0.7945219986140728,19.23039200119092,20.278524683817523
2987,16579.119562409564,16579.119653607,16579.119653607,16579.12043754,16579.13378986,2,COMPLETED,True,baseline_6,107,0.0911974348127842,0.7839330028218683,13.352319998375606,14.227450436010258
2988,16579.129582161702,16579.129733946,16579.129733946,16579.130626595,16579.145137365,0,COMPLETED,True,baseline_6,108,0.1517842974863015,0.8926490008889232,14.510770000924822,15.555203299300047
2989,16579.136886128676,16579.136971615,16579.136971615,16579.137747521,16579.150952135,1,COMPLETED,True,baseline_6,109,0.08548632467864081,0.775905999034876,13.204614002461312,14.06600632617483
2990,16579.155196929285,16579.15529052,16579.15529052,16579.156067495,16579.171033908,3,COMPLETED,True,baseline_6,110,0.09359071555081755,0.7769750009174459,14.96641299672774,15.836978713196004
2991,16579.161033045966,16579.161123643,16579.161123643,16579.161787644,16579.175196053,2,COMPLETED,True,baseline_6,111,0.0905970337043982,0.6640009996772278,13.40840899865725,14.163007032038877
2992,16579.17988734762,16579.179991066,16579.179991066,16579.180752586,16579.193798947,0,COMPLETED,True,baseline_6,112,0.10371838288847357,0.7615199974679854,13.046361000306206,13.911599380662665
2993,16579.195784517062,16579.195886186,16579.195886186,16579.196623417,16579.210933437,1,COMPLETED,True,baseline_6,113,0.10166893844143488,0.7372309992206283,14.310020000266377,15.14891993792844
2994,16579.206583473093,16579.206762119,16579.206762119,16579.207397952,16579.223803601,3,COMPLETED,True,baseline_6,114,0.17864590699900873,0.6358329992508516,16.405648999352707,17.220127905602567
2995,16579.2270372946,16579.227133872,16579.227133872,16579.227905001,16579.243958085,2,COMPLETED,True,baseline_6,115,0.09657739792601205,0.7711290018050931,16.053084000304807,16.920790400035912
2996,16579.299935453917,16579.300200466,16579.300200466,16579.301175738,16579.321248007,0,COMPLETED,True,baseline_6,116,0.2650120841281023,0.9752719997777604,20.072268998774234,21.312553082680097
2997,16579.338035551642,16579.338207173,16579.338207173,16579.339248358,16579.359604044,1,COMPLETED,True,burst_6,117,0.171621359186247,1.0411849980300758,20.355685999675188,21.56849235689151
2998,16579.340199069975,16579.340391875,16579.340391875,16579.341105852,16579.361209017,3,COMPLETED,True,burst_6,118,0.19280502601759508,0.7139769986679312,20.103164999454748,21.009947024140274
2999,16579.35357902279,16579.353739874,16579.353739874,16579.354650762,16579.374494356,2,COMPLETED,True,burst_6,119,0.16085121023934335,0.9108880003623199,19.84359400012181,20.915333210723475
3000,16579.354220516376,16579.354462385,16579.354462385,16579.355007205,16579.373521089,0,COMPLETED,True,burst_6,0,0.24186862356145866,0.5448199990496505,18.513884002459235,19.300572625070345
3001,16579.37491125645,16579.375072285,16579.375072285,16579.375791258,16579.388446283,1,COMPLETED,True,burst_6,1,0.16102855079225264,0.7189729985839222,12.655024998821318,13.535026548197493
3002,16579.378514617198,16579.378668431,16579.378668431,16579.379458412,16579.394996694,3,COMPLETED,True,burst_6,2,0.15381380217149854,0.7899810007074848,15.53828200121643,16.482076804095414
3003,16579.389051510218,16579.389217466,16579.389217466,16579.389945064,16579.403141161,0,COMPLETED,True,burst_6,3,0.16595578199485317,0.727597998775309,13.196097002946772,14.089650783716934
3004,16579.398845939842,16579.399008071,16579.399008071,16579.399731016,16579.413260136,2,COMPLETED,True,burst_6,4,0.16213115668506362,0.7229450020531658,13.529119998565875,14.414196157304104
3005,16579.398995891384,16579.39913207,16579.39913207,16579.39996073,16579.413738362,1,COMPLETED,True,burst_6,5,0.1361786162306089,0.8286599986604415,13.777632000710582,14.742470615601633
3006,16579.400640867665,16579.400779216,16579.400779216,16579.401434476,16579.420381163,3,COMPLETED,True,burst_6,6,0.13834833589498885,0.6552599988935981,18.946686999697704,19.74029533448629
3007,16579.4141643579,16579.414267919,16579.414267919,16579.414883891,16579.427867214,0,COMPLETED,True,burst_6,7,0.10356110215070657,0.6159719996503554,12.983322998479707,13.70285610028077
3008,16579.435471235676,16579.435641915,16579.435641915,16579.436717364,16579.454961937,2,COMPLETED,True,burst_6,8,0.17067932276404463,1.0754489994724281,18.244573002448305,19.49070132468478
3009,16579.441485112413,16579.441676805,16579.441676805,16579.442365975,16579.455528063,1,COMPLETED,True,burst_6,9,0.19169258666806854,0.6891699995321687,13.162088001990924,14.042950588191161
3010,16579.44534909882,16579.445451252,16579.445451252,16579.446116377,16579.460257525,3,COMPLETED,True,burst_6,10,0.10215317888651043,0.6651250005234033,14.141147999907844,14.908426179317757
3011,16579.459383027108,16579.459645806,16579.459645806,16579.460384223,16579.473878282,0,COMPLETED,True,burst_6,11,0.262778892647475,0.7384169985016342,13.494058999640401,14.49525489078951
3012,16579.46104014729,16579.461164808,16579.461164808,16579.461685919,16579.475257106,3,COMPLETED,True,burst_6,12,0.124660709843738,0.5211110001255292,13.57118700252613,14.216958712495398
3013,16579.46938751376,16579.46951799,16579.46951799,16579.47032824,16579.485691921,1,COMPLETED,True,burst_6,13,0.13047624088358134,0.8102499996311963,15.36368099914398,16.304407239658758
3014,16579.470583909995,16579.470749879,16579.470749879,16579.47140885,16579.489335981,2,COMPLETED,True,burst_6,14,0.16596900604781695,0.6589709992113058,17.92713100076071,18.752071006019833
3015,16579.477653353635,16579.477746303,16579.477746303,16579.478147325,16579.491747161,0,COMPLETED,True,burst_6,15,0.09294936535297893,0.4010220000054687,13.599835998320486,14.093807363678934
3016,16579.486863475653,16579.486982007,16579.486982007,16579.487499689,16579.50062223,3,COMPLETED,True,burst_6,16,0.1185313485621009,0.5176819977350533,13.122541000484489,13.758754346781643
3017,16579.500677510383,16579.500782032,16579.500782032,16579.501277514,16579.514791287,1,COMPLETED,True,burst_6,17,0.10452161586727016,0.4954819996783044,13.513773003069218,14.113776618614793
3018,16579.502350290655,16579.502540576,16579.502540576,16579.502933114,16579.516755501,2,COMPLETED,True,burst_6,18,0.19028534370590933,0.3925380005966872,13.822387001710013,14.405210346012609
3019,16579.502582072557,16579.50260208,16579.50260208,16579.502986964,16579.517057496,0,COMPLETED,True,burst_6,19,0.020007442799396813,0.38488399877678603,14.070532000914682,14.475423442490865
3020,16579.521300881275,16579.521409103,16579.521409103,16579.521980793,16579.535016082,3,COMPLETED,True,burst_6,20,0.10822172407642938,0.5716900013794657,13.03528900098172,13.715200726437615
3021,16579.53521247327,16579.535333686,16579.535333686,16579.535867418,16579.549001405,1,COMPLETED,True,burst_6,21,0.12121272811782546,0.5337319998943713,13.133987002220238,13.788931730232434
3022,16579.538676811128,16579.538850679,16579.538850679,16579.539424414,16579.557181232,2,COMPLETED,True,burst_6,22,0.17386787294526584,0.5737350002164021,17.756818000634667,18.504420873796334
3023,16579.549592993244,16579.549669657,16579.549669657,16579.550237066,16579.564052691,0,COMPLETED,True,burst_6,23,0.0766637567721773,0.5674089989042841,13.815624999551801,14.459697755228262
3024,16579.552647276792,16579.552793955,16579.552793955,16579.553330724,16579.570341426,3,COMPLETED,True,burst_6,24,0.14667820869362913,0.5367689991544466,17.010701998515287,17.694149206363363
3025,16579.59051654601,16579.590645639,16579.590645639,16579.591142802,16579.605582655,1,COMPLETED,True,burst_6,25,0.1290929903916549,0.4971630005456973,14.43985299920314,15.066108990140492
3026,16579.613393818945,16579.613480754,16579.613480754,16579.613899726,16579.627418905,2,COMPLETED,True,burst_6,26,0.0869350551511161,0.41897199844243005,13.51917899955879,14.025086053152336
3027,16579.61846211258,16579.61858208,16579.61858208,16579.61947186,16579.63869186,0,COMPLETED,True,burst_6,27,0.11996741886832751,0.8897800034901593,19.219999998313142,20.22974742067163
3028,16579.622218415763,16579.622301815,16579.622301815,16579.62316732,16579.643088052,3,COMPLETED,True,burst_6,28,0.08339923806488514,0.8655050005472731,19.920731996535324,20.869636235147482
3029,16579.624052610772,16579.62413657,16579.62413657,16579.624635901,16579.645075183,1,COMPLETED,True,burst_6,29,0.08395922850468196,0.4993309994461015,20.439282001461834,21.022572229412617
3030,16579.624150069656,16579.62417117,16579.62417117,16579.627619361,16579.641150787,2,COMPLETED,True,burst_6,30,0.021100342564750463,3.448191000643419,13.531426000554347,17.000717343762517
3031,16579.6245522154,16579.624634859,16579.624634859,16579.638914807,16579.654628918,0,COMPLETED,True,burst_6,31,0.08264360076282173,14.27994800178567,15.714110999397235,30.076702601945726
3032,16579.627592684006,16579.627698757,16579.627698757,16579.641493217,16579.654803113,2,COMPLETED,True,burst_6,32,0.10607299554976635,13.794459999189712,13.30989599955501,27.21042899429449
3033,16579.62814532803,16579.628230881,16579.628230881,16579.64326896,16579.657759536,3,COMPLETED,True,burst_6,33,0.08555296881240793,15.038079000078142,14.490575998934219,29.61420796782477
3034,16579.633216772792,16579.633306392,16579.633306392,16579.645247501,16579.659881656,1,COMPLETED,True,burst_6,34,0.08961920684669167,11.941109001782024,14.634154998930171,26.664883207558887
3035,16579.639618458106,16579.639702596,16579.639702596,16579.654954366,16579.668789948,0,COMPLETED,True,burst_6,35,0.08413789328187704,15.25177000075928,13.835581998137059,29.171489892178215
3036,16579.641997605464,16579.642112481,16579.642112481,16579.6550836,16579.669270015,2,COMPLETED,True,burst_6,36,0.11487553638289683,12.97111899839365,14.186415002768626,27.272409537545172
3037,16579.646726337443,16579.646817499,16579.646817499,16579.658084556,16579.676339096,3,COMPLETED,True,burst_6,37,0.09116155706578866,11.267056997894542,18.254540002089925,29.612758557050256
3038,16579.648219859657,16579.648702034,16579.648702034,16579.660474239,16579.679676217,1,COMPLETED,True,burst_6,38,0.48217434232356027,11.772205001761904,19.20197800063761,31.456357344723074
3039,16579.66673772955,16579.66691947,16579.66691947,16579.669112079,16579.682552279,0,COMPLETED,True,burst_6,39,0.1817404518078547,2.1926089975750074,13.44020000033197,15.814549449714832
3040,16579.67018077757,16579.670347384,16579.670347384,16579.670883556,16579.689178173,2,COMPLETED,True,burst_6,40,0.1666064272285439,0.5361719995562453,18.29461700253887,18.99739542932366
3041,16579.68230117477,16579.682395906,16579.682395906,16579.682916704,16579.696556235,3,COMPLETED,True,burst_6,41,0.09473122918279842,0.5207980029808823,13.639531000080751,14.255060232244432
3042,16579.685603152207,16579.685817496,16579.685817496,16579.686255487,16579.699727734,0,COMPLETED,True,burst_6,42,0.2143437923223246,0.43799099876196124,13.472247002937365,14.124581794021651
3043,16579.691151285002,16579.691241707,16579.691241707,16579.691626228,16579.705061944,1,COMPLETED,True,burst_6,43,0.0904219996300526,0.3845209976134356,13.435716002277331,13.91065899952082
3044,16579.728636558022,16579.728751283,16579.728751283,16579.729241976,16579.742825121,2,COMPLETED,True,burst_6,44,0.11472497862996534,0.49069300075643696,13.583144998847274,14.188562978233676
3045,16579.732558944248,16579.732740887,16579.732740887,16579.733242601,16579.747002871,3,COMPLETED,True,burst_6,45,0.18194275253335945,0.501713999256026,13.760270001512254,14.443926753301639
3046,16579.737102588075,16579.737138653,16579.737138653,16579.737582608,16579.751437634,0,COMPLETED,True,burst_6,46,0.03606492464314215,0.4439549993549008,13.85502600169275,14.335045925690793
3047,16579.74371586956,16579.743765319,16579.743765319,16579.744395551,16579.762435698,1,COMPLETED,True,burst_6,47,0.04944943793816492,0.6302319998212624,18.040147002466256,18.719828440225683
3048,16579.74623787293,16579.746384518,16579.746384518,16579.746797609,16579.760278057,2,COMPLETED,True,burst_6,48,0.14664507034467533,0.4130910019739531,13.480448000336764,14.040184072655393
3049,16579.754380492108,16579.754633917,16579.754633917,16579.755283424,16579.768635308,3,COMPLETED,True,burst_6,49,0.25342489243485034,0.6495070010714699,13.351883997529512,14.254815891035832
3050,16579.75891950908,16579.759054953,16579.759054953,16579.759632249,16579.773087221,0,COMPLETED,True,burst_6,50,0.1354439191345591,0.5772959993919358,13.45497200236423,14.167711920890724
3051,16579.7751700404,16579.775304129,16579.775304129,16579.775920911,16579.78887947,2,COMPLETED,True,burst_6,51,0.1340886010439135,0.6167819992697332,12.958559000253445,13.709429600567091
3052,16579.781733320095,16579.78181811,16579.78181811,16579.782549388,16579.795659369,1,COMPLETED,True,burst_6,52,0.08478990639559925,0.7312779998756014,13.109980998706305,13.926048904977506
3053,16579.794936081533,16579.795032276,16579.795032276,16579.795653773,16579.808836292,3,COMPLETED,True,burst_6,53,0.09619446791475639,0.6214969980646856,13.182519000110915,13.900210466090357
3054,16579.80011715754,16579.800261226,16579.800261226,16579.80086217,16579.81697174,0,COMPLETED,True,burst_6,54,0.1440684573026374,0.6009440003253985,16.109570002299733,16.85458245992777
3055,16579.801169531238,16579.801303831,16579.801303831,16579.801803108,16579.814860923,2,COMPLETED,True,burst_6,55,0.13429976024781354,0.4992770009266678,13.057815001957351,13.691391763131833
3056,16579.81663417837,16579.816721015,16579.816721015,16579.817518818,16579.831068518,1,COMPLETED,True,burst_6,56,0.08683662963449024,0.7978030007507186,13.549700001021847,14.434339631407056
3057,16579.8187599188,16579.818848879,16579.818848879,16579.819704712,16579.838324363,3,COMPLETED,True,burst_6,57,0.08896020153770223,0.8558330009691417,18.61965100033558,19.564444202842424
3058,16579.823648051097,16579.823732967,16579.823732967,16579.824172532,16579.837081189,2,COMPLETED,True,burst_6,58,0.08491590415360406,0.4395649993966799,12.908657001389656,13.43313790493994
3059,16579.836512218113,16579.836684597,16579.836684597,16579.837274705,16579.850509277,0,COMPLETED,True,burst_6,59,0.17237888823729008,0.5901080003241077,13.234571997600142,13.99705888616154
3060,16579.842842575297,16579.842948056,16579.842948056,16579.843489799,16579.857220515,2,COMPLETED,True,burst_6,60,0.10548070349614136,0.5417430002125911,13.730716000281973,14.377939703990705
3061,16579.848148860736,16579.848307671,16579.848307671,16579.849000422,16579.864238578,1,COMPLETED,True,burst_6,61,0.15881026411079802,0.6927510003151838,15.238156000123126,16.089717264549108
3062,16579.85073379074,16579.850873559,16579.850873559,16579.851402745,16579.869878717,3,COMPLETED,True,burst_6,62,0.1397682608512696,0.5291859997669235,18.475971999578178,19.14492626019637
3063,16579.86023986005,16579.860335453,16579.860335453,16579.860756761,16579.874199791,0,COMPLETED,True,burst_6,63,0.09559294994687662,0.42130800284212455,13.443029998597922,13.959930951386923
3064,16579.890627663597,16579.89072338,16579.89072338,16579.891232577,16579.908654756,2,COMPLETED,True,burst_6,64,0.09571640111971647,0.5091970015200786,17.422179000277538,18.027092402917333
3065,16579.893191047537,16579.893301857,16579.893301857,16579.893721203,16579.907575287,1,COMPLETED,True,burst_6,65,0.1108094620576594,0.4193460008536931,13.854084001650335,14.384239464561688
3066,16579.895034618658,16579.895279359,16579.895279359,16579.895830267,16579.91043551,3,COMPLETED,True,burst_6,66,0.24474034216837026,0.5509080001502298,14.605242999095935,15.400891341414535
3067,16579.904883930947,16579.904988175,16579.904988175,16579.905432183,16579.920062957,0,COMPLETED,True,burst_6,67,0.10424405263620429,0.4440080010681413,14.630773999670055,15.1790260533744
3068,16579.90617780555,16579.906363678,16579.906363678,16579.907930777,16579.922390911,1,COMPLETED,True,burst_6,68,0.18587244994705543,1.567098999657901,14.460133999818936,16.213105449423892
3069,16579.91154502143,16579.911720602,16579.911720602,16579.912324942,16579.927376302,2,COMPLETED,True,burst_6,69,0.1755805678840261,0.6043400026101153,15.051359998324187,15.831280568818329
3070,16579.91395673508,16579.914043191,16579.914043191,16579.914471664,16579.928431866,3,COMPLETED,True,burst_6,70,0.0864559187903069,0.4284730021026917,13.960201998997945,14.475130919890944
3071,16579.920189233904,16579.920310757,16579.920310757,16579.921121703,16579.934501967,0,COMPLETED,True,burst_6,71,0.12152309500379488,0.810945999546675,13.380264001170872,14.312733095721342
3072,16579.952237333637,16579.952329236,16579.952329236,16579.952783391,16579.97034221,1,COMPLETED,True,burst_6,72,0.09190236232825555,0.4541550006251782,17.558818999532377,18.10487636248581
3073,16579.958401458385,16579.958518375,16579.958518375,16579.958971807,16579.975960578,2,COMPLETED,True,burst_6,73,0.11691661347867921,0.45343199963099323,16.988770999887493,17.559119612997165
3074,16579.988198149378,16579.988289423,16579.988289423,16579.988718559,16580.002982246,3,COMPLETED,True,burst_6,74,0.09127362136496231,0.4291360019124113,14.26368699685554,14.784096620132914
3075,16579.99572596428,16579.9958103,16579.9958103,16579.996444569,16580.011479036,0,COMPLETED,True,burst_6,75,0.08433571929344907,0.6342689994198736,15.034467000077711,15.753071718791034
3076,16579.9987238284,16579.99881577,16579.99881577,16579.999391746,16580.014082102,1,COMPLETED,True,burst_6,76,0.09194159792969003,0.5759760024375282,14.690355998027371,15.35827359839459
3077,16580.00117451039,16580.001349181,16580.001349181,16580.001815804,16580.015193651,2,COMPLETED,True,burst_6,77,0.17467060752096586,0.4666230015573092,13.377847000811016,14.019140609889291
3078,16580.038094193933,16580.038164805,16580.038164805,16580.039011865,16580.052326833,3,COMPLETED,True,burst_6,78,0.07061106589389965,0.8470600005239248,13.31496800048626,14.232639066904085
3079,16580.059239627615,16580.059383812,16580.059383812,16580.060347296,16580.078365241,0,COMPLETED,True,burst_6,79,0.14418438513530418,0.9634839989303146,18.017944999883184,19.125613383948803
3080,16580.063764162325,16580.063902057,16580.063902057,16580.06476941,16580.084192467,1,COMPLETED,True,burst_6,80,0.1378946762997657,0.8673529991938267,19.423056997766253,20.428304673259845
3081,16580.09686110235,16580.097008832,16580.097008832,16580.097840773,16580.112656472,2,COMPLETED,True,burst_6,81,0.14772965005249716,0.8319410007970873,14.815698999882443,15.795369650732027
3082,16580.10427586273,16580.10443271,16580.10443271,16580.105356488,16580.123696524,3,COMPLETED,True,burst_6,82,0.15684726895415224,0.9237779995601159,18.340036000154214,19.420661268668482
3083,16580.1192522467,16580.119340687,16580.119340687,16580.120176097,16580.138885814,0,COMPLETED,True,burst_6,83,0.08844030162435956,0.8354099991265684,18.709717001911486,19.633567302662414
3084,16580.119838197086,16580.119922015,16580.119922015,16580.120507009,16580.138460972,1,COMPLETED,True,burst_6,84,0.08381791485589929,0.5849939989275299,17.953963000763906,18.622774914547335
3085,16580.12603299243,16580.126124622,16580.126124622,16580.12685139,16580.14762157,2,COMPLETED,True,burst_6,85,0.09162956848740578,0.7267680011864286,20.770179999090033,21.588577568763867
3086,16580.12802908771,16580.128113769,16580.128113769,16580.128773656,16580.148209904,3,COMPLETED,True,burst_6,86,0.08468128726235591,0.6598870022571646,19.43624799969257,20.18081628921209
3087,16580.13083963684,16580.130928349,16580.130928349,16580.13865287,16580.15296769,1,COMPLETED,True,burst_6,87,0.08871216050465591,7.7245209977263585,14.314820000436157,22.12805315866717
3088,16580.136104002526,16580.13619708,16580.13619708,16580.139096278,16580.154676761,0,COMPLETED,True,burst_6,88,0.09307747313869186,2.899197999795433,15.580483002850087,18.572758475784212
3089,16580.144885507878,16580.14491797,16580.14491797,16580.148135274,16580.1629868,2,COMPLETED,True,burst_6,89,0.032462121453136206,3.2173040017369203,14.851526000711601,18.101292123901658
3090,16580.15387790691,16580.153967774,16580.153967774,16580.154410568,16580.1683296,3,COMPLETED,True,burst_6,90,0.08986709144664928,0.4427940002642572,13.919032000558218,14.451693092269124
3091,16580.165160996195,16580.165300186,16580.165300186,16580.165784071,16580.179040938,1,COMPLETED,True,burst_6,91,0.13918980403104797,0.48388499999418855,13.256867001473438,13.879941805498675
3092,16580.17966032883,16580.179762764,16580.179762764,16580.180411176,16580.193755665,0,COMPLETED,True,burst_6,92,0.10243516953778453,0.6484119985543657,13.344489001610782,14.095336169702932
3093,16580.18741822942,16580.187515866,16580.187515866,16580.188140638,16580.203153275,2,COMPLETED,True,burst_6,93,0.09763658090378158,0.6247720011742786,15.012636999017559,15.73504558109562
3094,16580.199784796845,16580.199962309,16580.199962309,16580.200682827,16580.213973183,3,COMPLETED,True,burst_6,94,0.17751215636963025,0.7205179972515907,13.290356000652537,14.188386154273758
3095,16580.205169847075,16580.205256045,16580.205256045,16580.206104245,16580.223027731,1,COMPLETED,True,burst_6,95,0.08619792424724437,0.8482000012008939,16.923486000450794,17.857883925898932
3096,16580.21216838073,16580.212286457,16580.212286457,16580.212991617,16580.226081094,0,COMPLETED,True,burst_6,96,0.11807627015514299,0.7051600005070213,13.089476997265592,13.912713267927757
3097,16580.21656447715,16580.216681253,16580.216681253,16580.217422406,16580.231445254,2,COMPLETED,True,burst_6,97,0.11677585280267522,0.7411529986711685,14.022848001332022,14.880776852805866
3098,16580.22350757848,16580.22360062,16580.22360062,16580.224414776,16580.243372016,3,COMPLETED,True,burst_6,98,0.09304151899414137,0.8141559992509428,18.95724000132759,19.864437519572675
3099,16580.22758025922,16580.227677296,16580.227677296,16580.228278552,16580.241500721,1,COMPLETED,True,burst_6,99,0.09703678006189875,0.6012560006638523,13.222169000073336,13.920461780799087
3100,16580.23618095423,16580.236264472,16580.236264472,16580.236953059,16580.250063317,0,COMPLETED,True,burst_6,100,0.0835177706903778,0.6885869988764171,13.110257998050656,13.882362767617451
3101,16580.238735405503,16580.238816228,16580.238816228,16580.239449341,16580.252810881,2,COMPLETED,True,burst_6,101,0.08082249769358896,0.6331129989121109,13.361540000914829,14.075475497520529
3102,16580.261535589245,16580.261646066,16580.261646066,16580.262281796,16580.275542386,1,COMPLETED,True,burst_6,102,0.11047675434383564,0.6357300007948652,13.260589999845251,14.006796754983952
3103,16580.264365792267,16580.2644708,16580.2644708,16580.265225492,16580.28282863,3,COMPLETED,True,burst_6,103,0.10500773350941017,0.7546919987362344,17.603137999685714,18.46283773193136
3104,16580.270477907554,16580.270594474,16580.270594474,16580.271326884,16580.284546902,0,COMPLETED,True,burst_6,104,0.11656644710456021,0.7324100006371737,13.220017997809919,14.068994445551652
3105,16580.280514026552,16580.280677084,16580.280677084,16580.28169691,16580.295314667,2,COMPLETED,True,burst_6,105,0.16305744793498889,1.01982599881012,13.617757002066355,14.800640448811464
3106,16580.290406379987,16580.290500695,16580.290500695,16580.29132837,16580.30979623,1,COMPLETED,True,burst_6,106,0.09431501166545786,0.8276750013465062,18.467860001692316,19.38985001470428
3107,16580.295283853266,16580.295431307,16580.295431307,16580.296345667,16580.309459136,3,COMPLETED,True,burst_6,107,0.1474537348258309,0.9143600000243168,13.113468998199096,14.175282733049244
3108,16580.303620251634,16580.303902962,16580.303902962,16580.304507031,16580.319169832,0,COMPLETED,True,burst_6,108,0.28271036717342213,0.6040689986548387,14.662801000667969,15.54958036649623
3109,16580.31077567319,16580.310894716,16580.310894716,16580.31169455,16580.328049033,2,COMPLETED,True,burst_6,109,0.11904280836461112,0.7998340006452054,16.35448299930431,17.273359808314126
3110,16580.324941042945,16580.325149886,16580.325149886,16580.325856457,16580.338853411,3,COMPLETED,True,burst_6,110,0.2088430555886589,0.7065709978633095,12.996954003028804,13.912368056480773
3111,16580.32896014414,16580.329075417,16580.329075417,16580.329811749,16580.344798442,1,COMPLETED,True,burst_6,111,0.11527286187629215,0.7363320000877138,14.986693000537343,15.83829786250135
3112,16580.33089735223,16580.330992258,16580.330992258,16580.331838553,16580.350708721,0,COMPLETED,True,burst_6,112,0.09490577213000506,0.846294999064412,18.87016799810226,19.811368769296678
3113,16580.338793294144,16580.338964396,16580.338964396,16580.339902259,16580.354532473,2,COMPLETED,True,burst_6,113,0.1711018558125943,0.9378629983984865,14.6302140019543,15.739178856165381
3114,16580.37270152997,16580.372815337,16580.372815337,16580.373531569,16580.388859206,3,COMPLETED,True,burst_6,114,0.11380702926544473,0.716231999831507,15.327637000154937,16.15767602925189
3115,16580.386828265415,16580.386973216,16580.386973216,16580.387747483,16580.40200992,1,COMPLETED,True,burst_6,115,0.14495058348984458,0.7742670022707898,14.26243699825136,15.181654584011994
3116,16580.387888194975,16580.387990877,16580.387990877,16580.388746281,16580.407123467,0,COMPLETED,True,burst_6,116,0.10268202458973974,0.7554040021204855,18.377185999270296,19.23527202598052
3117,16580.393148741856,16580.393262438,16580.393262438,16580.393949323,16580.408664358,2,COMPLETED,True,burst_6,117,0.11369614367140457,0.6868849995953497,14.715035002154764,15.515616145421518
3118,16580.40023092968,16580.400330937,16580.400330937,16580.401046645,16580.420137536,3,COMPLETED,True,burst_6,118,0.10000731708714738,0.7157080035540275,19.090890997176757,19.906606317817932
3119,16580.404867172954,16580.404958555,16580.404958555,16580.405573042,16580.418970696,1,COMPLETED,True,burst_6,119,0.09138204404735006,0.6144870021671522,13.3976539982541,14.103523044468602
3120,16580.414901806882,16580.414997657,16580.414997657,16580.415707121,16580.429130789,0,COMPLETED,True,burst_6,0,0.09585011866874993,0.7094639986462425,13.4236680023605,14.228982119675493
3121,16580.43855422361,16580.438805526,16580.438805526,16580.439545312,16580.454248324,2,COMPLETED,True,burst_6,1,0.2513023900974076,0.7397860026685521,14.703011998790316,15.694100391556276
3122,16580.446196810004,16580.446282297,16580.446282297,16580.446940807,16580.461089491,1,COMPLETED,True,burst_6,2,0.08548699770472012,0.6585099981748499,14.148684000247158,14.892680996126728
3123,16580.446961077094,16580.44706968,16580.44706968,16580.447620084,16580.463778198,3,COMPLETED,True,burst_6,3,0.10860290785785764,0.5504039982042741,16.158114001882495,16.817120907944627
3124,16580.449917894806,16580.450068647,16580.450068647,16580.450757912,16580.466007948,0,COMPLETED,True,burst_6,4,0.15075219198479317,0.6892650017107371,15.250036001816625,16.090053195512155
3125,16580.459691871016,16580.45984955,16580.45984955,16580.460674149,16580.478633276,2,COMPLETED,True,burst_6,5,0.15767898366902955,0.82459899931564,17.95912700254121,18.941404985525878
3126,16580.472879121742,16580.473160921,16580.473160921,16580.473764095,16580.486969154,1,COMPLETED,True,burst_6,6,0.28179925720905885,0.603174001298612,13.205059000028996,14.090032258536667
3127,16580.48818949076,16580.48835195,16580.48835195,16580.488946338,16580.502336878,3,COMPLETED,True,burst_6,7,0.16245924052782357,0.5943879987171385,13.39053999981843,14.147387239063391
3128,16580.491402193253,16580.491564457,16580.491564457,16580.492141939,16580.505425846,0,COMPLETED,True,burst_6,8,0.16226374646066688,0.5774820019723848,13.283906999276951,14.023652747710003
3129,16580.493808003746,16580.493920057,16580.493920057,16580.494551753,16580.507867371,2,COMPLETED,True,burst_6,9,0.1120532542699948,0.6316959988907911,13.315618001797702,14.059367254958488
3130,16580.494677333023,16580.494822208,16580.494822208,16580.495272062,16580.513605302,1,COMPLETED,True,burst_6,10,0.1448749753762968,0.44985400018049404,18.33324000108405,18.92796897664084
3131,16580.501391336486,16580.501424989,16580.501424989,16580.502506883,16580.516028229,3,COMPLETED,True,burst_6,11,0.033652515412541106,1.081893999071326,13.521346001653,14.636892516136868
3132,16580.518260501238,16580.518348836,16580.518348836,16580.518977891,16580.53342521,0,COMPLETED,True,burst_6,12,0.08833476385916583,0.6290549972618464,14.447319001192227,15.16470876231324
3133,16580.51897924159,16580.519062062,16580.519062062,16580.519484248,16580.53237741,2,COMPLETED,True,burst_6,13,0.0828204101708252,0.4221859999233857,12.893161998363212,13.398168408457423
3134,16580.53192580581,16580.532039757,16580.532039757,16580.532829416,16580.546324921,1,COMPLETED,True,burst_6,14,0.11395118781365454,0.7896589995652903,13.495505001628771,14.399115189007716
3135,16580.532137634786,16580.532236694,16580.532236694,16580.533347596,16580.552746607,3,COMPLETED,True,burst_6,15,0.0990592161542736,1.1109019978903234,19.399011001951294,20.60897221599589
3136,16580.535522912596,16580.535605472,16580.535605472,16580.536316828,16580.549959465,2,COMPLETED,True,burst_6,16,0.0825594033813104,0.7113559986464679,13.64263700088486,14.436552402912639
3137,16580.536953863866,16580.537034772,16580.537034772,16580.537451352,16580.550771666,0,COMPLETED,True,burst_6,17,0.0809081357147079,0.4165799982729368,13.320313999429345,13.81780213341699
3138,16580.554491610183,16580.554591506,16580.554591506,16580.555230689,16580.568795471,1,COMPLETED,True,burst_6,18,0.09989581667468883,0.6391829992935527,13.564782002504217,14.303860818472458
3139,16580.564284374985,16580.564377732,16580.564377732,16580.565026032,16580.579074289,2,COMPLETED,True,burst_6,19,0.09335701543022878,0.6482999997388106,14.048256998648867,14.789914013817906
3140,16580.564312704493,16580.564443683,16580.564443683,16580.565222421,16580.579228956,0,COMPLETED,True,burst_6,20,0.13097850751364604,0.7787379981891718,14.006535002408782,14.9162515081116
3141,16580.56722090681,16580.56735834,16580.56735834,16580.567880033,16580.582922605,3,COMPLETED,True,burst_6,21,0.1374331877741497,0.521693000337109,15.042572002130328,15.701698190241586
3142,16580.58125665742,16580.58151047,16580.58151047,16580.582089241,16580.596352806,1,COMPLETED,True,burst_6,22,0.2538125809223857,0.5787709997093771,14.263564997236244,15.096148577868007
3143,16580.581518703482,16580.581597726,16580.581597726,16580.582211613,16580.596696151,2,COMPLETED,True,burst_6,23,0.07902251672931015,0.613887001236435,14.484537998214364,15.17744751618011
3144,16580.58590721486,16580.586031664,16580.586031664,16580.586750984,16580.602747542,0,COMPLETED,True,burst_6,24,0.12444913954823278,0.719319999916479,15.996558002370875,16.840327141835587
3145,16580.586129174568,16580.586489606,16580.586489606,16580.586816595,16580.601394212,3,COMPLETED,True,burst_6,25,0.3604314333642833,0.3269890003139153,14.577616999304155,15.265037432982353
3146,16580.586895963625,16580.587081628,16580.587081628,16580.59651427,16580.611170376,1,COMPLETED,True,burst_6,26,0.18566437574918382,9.432642000319902,14.656105999165447,24.274412375234533
3147,16580.599223031357,16580.599385916,16580.599385916,16580.599917543,16580.613624661,2,COMPLETED,True,burst_6,27,0.16288464394165203,0.5316269998729695,13.707117999729235,14.401629643543856
3148,16580.62017358754,16580.620273301,16580.620273301,16580.62073595,16580.634104195,3,COMPLETED,True,burst_6,28,0.09971345934900455,0.46264900083770044,13.368244999583112,13.930607459769817
3149,16580.62044922101,16580.62057047,16580.62057047,16580.620931654,16580.634156124,0,COMPLETED,True,burst_6,29,0.12124899149057455,0.3611840002122335,13.224469999840949,13.706902991543757
3150,16580.64008300063,16580.640177421,16580.640177421,16580.64058927,16580.654295044,1,COMPLETED,True,burst_6,30,0.09442036753171124,0.4118489996471908,13.705774003028637,14.212043370207539
3151,16580.641674060666,16580.641783537,16580.641783537,16580.642117047,16580.656137495,2,COMPLETED,True,burst_6,31,0.10947633563773707,0.33350999729009345,14.020448001247132,14.463434334174963
3152,16580.64427039031,16580.644366937,16580.644366937,16580.644774587,16580.658901621,0,COMPLETED,True,burst_6,32,0.09654668974690139,0.40765000085229985,14.127033999102423,14.631230689701624
3153,16580.644448757062,16580.644596938,16580.644596938,16580.644818353,16580.658727223,3,COMPLETED,True,burst_6,33,0.14818093768553808,0.22141500085126609,13.90886999797658,14.278465936513385
3154,16580.645091706672,16580.645187649,16580.645187649,16580.654639972,16580.674587419,1,COMPLETED,True,burst_6,34,0.09594232687959448,9.45232300000498,19.947446999140084,29.49571232602466
3155,16580.656091878085,16580.656204123,16580.656204123,16580.65671604,16580.676907226,2,COMPLETED,True,burst_6,35,0.11224491390748881,0.5119170018588193,20.19118599855574,20.815347914322047
3156,16580.66439801282,16580.664502669,16580.664502669,16580.665044037,16580.683887909,3,COMPLETED,True,burst_6,36,0.10465617742738687,0.5413680009951349,18.843871999706607,19.48989617812913
3157,16580.668888330485,16580.668979493,16580.668979493,16580.669445722,16580.686965836,0,COMPLETED,True,burst_6,37,0.09116251385421492,0.46622900117654353,17.520114000944886,18.077505515975645
3158,16580.673801906258,16580.673914907,16580.673914907,16580.675069249,16580.692968165,1,COMPLETED,True,burst_6,38,0.11300074402242899,1.1543419968802482,17.898916001286125,19.166258742188802
3159,16580.680042593896,16580.680161285,16580.680161285,16580.680647088,16580.698306835,2,COMPLETED,True,burst_6,39,0.11869110312545672,0.4858030006289482,17.65974699810613,18.264241101860534
3160,16580.69957765128,16580.699684425,16580.699684425,16580.700168335,16580.71451227,3,COMPLETED,True,burst_6,40,0.1067737175617367,0.4839100001845509,14.343934999487828,14.934618717234116
3161,16580.706270862003,16580.706361676,16580.706361676,16580.706768872,16580.720665644,0,COMPLETED,True,burst_6,41,0.09081399548449554,0.40719600292504765,13.896771997679025,14.394781996088568
3162,16580.707801695433,16580.707922909,16580.707922909,16580.708365531,16580.7286907,1,COMPLETED,True,burst_6,42,0.1212135684909299,0.4426220002642367,20.32516899998882,20.889004568743985
3163,16580.708470829195,16580.708616474,16580.708616474,16580.709092255,16580.729164783,2,COMPLETED,True,burst_6,43,0.14564480443368666,0.475781002023723,20.072527997399447,20.693953803856857
3164,16580.708476089083,16580.708683096,16580.708683096,16580.714719653,16580.728662851,3,COMPLETED,True,burst_6,44,0.2070069167530164,6.03655699887895,13.943198002380086,20.186761918012053
3165,16580.719200550502,16580.719291819,16580.719291819,16580.720834276,16580.734488097,0,COMPLETED,True,burst_6,45,0.09126849909080192,1.5424569974129554,13.65382100266288,15.287546499166638
3166,16580.739782519944,16580.739874253,16580.739874253,16580.740453741,16580.754284458,3,COMPLETED,True,burst_6,46,0.09173305443255231,0.5794880016765092,13.830716998199932,14.501938054308994
3167,16580.74133948816,16580.741462538,16580.741462538,16580.74188324,16580.755068719,1,COMPLETED,True,burst_6,47,0.12304984193178825,0.42070199924637564,13.185479001549538,13.729230842727702
3168,16580.748691986224,16580.748787554,16580.748787554,16580.749210344,16580.764268238,2,COMPLETED,True,burst_6,48,0.09556777513353154,0.4227900026307907,15.057893997436622,15.576251775200944
3169,16580.758256130397,16580.758376117,16580.758376117,16580.758833735,16580.772455811,0,COMPLETED,True,burst_6,49,0.11998660193057731,0.45761799992760643,13.622075999592198,14.199680601450382
3170,16580.76111986866,16580.761212237,16580.761212237,16580.76155632,16580.775415905,3,COMPLETED,True,burst_6,50,0.0923683401197195,0.344083000527462,13.859584996680496,14.296036337327678
3171,16580.763028038742,16580.76316531,16580.76316531,16580.763497131,16580.776678561,1,COMPLETED,True,burst_6,51,0.13727125769946724,0.3318210001452826,13.181430000258842,13.650522258103592
3172,16580.773860449815,16580.773950354,16580.773950354,16580.774372495,16580.787830175,2,COMPLETED,True,burst_6,52,0.08990418427856639,0.42214100176352076,13.457679997372907,13.969725183414994
3173,16580.7780856739,16580.778181875,16580.778181875,16580.778560602,16580.792667345,0,COMPLETED,True,burst_6,53,0.09620109995012172,0.37872699977015145,14.106742997682886,14.58167109740316
3174,16580.778584585812,16580.778685478,16580.778685478,16580.778997292,16580.792946827,3,COMPLETED,True,burst_6,54,0.10089218631037511,0.31181400117930025,13.949535001302138,14.362241188791813
3175,16580.781694414938,16580.781790917,16580.781790917,16580.782204482,16580.795781754,1,COMPLETED,True,burst_6,55,0.0965020626608748,0.4135649978707079,13.577272002294194,14.087339062825777
3176,16580.786005138634,16580.786031485,16580.786031485,16580.787998448,16580.802020823,2,COMPLETED,True,burst_6,56,0.026346366212237626,1.9669629982672632,14.02237500224146,16.01568436672096
3177,16580.79129530099,16580.791397323,16580.791397323,16580.793030618,16580.806544905,0,COMPLETED,True,burst_6,57,0.10202200792264193,1.633294999919599,13.514287002180936,15.249604010023177
3178,16580.800288656777,16580.800374802,16580.800374802,16580.800902691,16580.814074553,3,COMPLETED,True,burst_6,58,0.08614522084826604,0.5278890021145344,13.17186199958087,13.78589622254367
3179,16580.809939429484,16580.810055866,16580.810055866,16580.810660798,16580.824219353,1,COMPLETED,True,burst_6,59,0.11643651669146493,0.604931999987457,13.558554997871397,14.279923514550319
3180,16580.815327788518,16580.81547613,16580.81547613,16580.815872911,16580.829650375,2,COMPLETED,True,burst_6,60,0.14834148169029504,0.3967810007452499,13.77746399884927,14.322586481284816
3181,16580.8227708313,16580.822930121,16580.822930121,16580.823348411,16580.836811738,0,COMPLETED,True,burst_6,61,0.1592897024238482,0.418289997469401,13.46332700268249,14.04090670257574
3182,16580.834679949337,16580.834764522,16580.834764522,16580.835212008,16580.848733259,3,COMPLETED,True,burst_6,62,0.08457266085315496,0.44748600339517,13.521250999474432,14.053309663722757
3183,16580.835419046543,16580.835508468,16580.835508468,16580.836058189,16580.849038298,1,COMPLETED,True,burst_6,63,0.08942145723267458,0.5497210004250519,12.98010900063673,13.619251458294457
3184,16580.843708623295,16580.843807323,16580.843807323,16580.844520255,16580.857943305,2,COMPLETED,True,burst_6,64,0.09869970381259918,0.7129320001695305,13.423050000710646,14.234681704692775
3185,16580.861586462717,16580.861672323,16580.861672323,16580.862408259,16580.875830246,0,COMPLETED,True,burst_6,65,0.08586028343415819,0.7359359988186043,13.421987001493108,14.24378328374587
3186,16580.864363109085,16580.864446333,16580.864446333,16580.865076806,16580.878233119,3,COMPLETED,True,burst_6,66,0.08322391295223497,0.630473001365317,13.15631300167297,13.870009915990522
3187,16580.867819509687,16580.867896746,16580.867896746,16580.868525943,16580.881870558,1,COMPLETED,True,burst_6,67,0.07723631279077381,0.6291969984886236,13.344615003006766,14.051048314286163
3188,16580.899227284222,16580.899306627,16580.899306627,16580.900125116,16580.913699661,2,COMPLETED,True,burst_6,68,0.07934277891763486,0.8184889993572142,13.57454499884625,14.472376777121099
3189,16580.90326100405,16580.903340653,16580.903340653,16580.904116768,16580.917174946,0,COMPLETED,True,burst_6,69,0.0796489512140397,0.7761150009173434,13.058177999482723,13.913941951614106
3190,16580.918351593853,16580.91844528,16580.91844528,16580.919254322,16580.934677055,3,COMPLETED,True,burst_6,70,0.09368614701088518,0.8090420014923438,15.422732998558786,16.325461147062015
3191,16580.92817225396,16580.928278838,16580.928278838,16580.929149577,16580.947584888,1,COMPLETED,True,burst_6,71,0.10658404062269256,0.8707390006748028,18.43531099802931,19.412634039326804
3192,16580.944695117287,16580.94485023,16580.94485023,16580.945617665,16580.958881448,2,COMPLETED,True,burst_6,72,0.15511271340074018,0.7674349981243722,13.263783002912533,14.186330714437645
3193,16580.95357594799,16580.953837728,16580.953837728,16580.954783459,16580.973745731,0,COMPLETED,True,burst_6,73,0.261780009168433,0.9457310006837361,18.962271999043878,20.169783008896047
3194,16580.965344805154,16580.965498369,16580.965498369,16580.96616131,16580.985094237,3,COMPLETED,True,burst_6,74,0.1535638475615997,0.6629409981542267,18.932926999696065,19.74943184541189
3195,16580.969171476245,16580.969275543,16580.969275543,16580.969913412,16580.98360744,1,COMPLETED,True,burst_6,75,0.10406675573904067,0.6378689977282193,13.694028002646519,14.435963756113779
3196,16580.97135730776,16580.971572,16580.971572,16580.972135948,16580.98617867,2,COMPLETED,True,burst_6,76,0.21469223793246783,0.5639480004901998,14.042721999430796,14.821362237853464
3197,16580.975531635417,16580.975651155,16580.975651155,16580.976428257,16580.990638823,0,COMPLETED,True,burst_6,77,0.11951958367717452,0.7771019991196226,14.210566001565894,15.107187584362691
3198,16580.976575946963,16580.976688394,16580.976688394,16580.98398278,16580.997414688,1,COMPLETED,True,burst_6,78,0.11244703637203202,7.294385999557562,13.43190800253069,20.838741038460284
3199,16580.992060283756,16580.992183464,16580.992183464,16580.992891837,16581.006875708,3,COMPLETED,True,burst_6,79,0.12318024528212845,0.7083729979058262,13.983871001983061,14.815424245171016
3200,16580.997304423032,16580.997462059,16580.997462059,16580.997999948,16581.011328896,2,COMPLETED,True,burst_6,80,0.1576359682076145,0.5378889982239343,13.3289479999803,14.02447296641185
3201,16580.999820963483,16580.99984259,16580.99984259,16581.000311707,16581.013465608,0,COMPLETED,True,burst_6,81,0.021626517991535366,0.46911699973861687,13.153900999895995,13.644644517626148
3202,16581.01629488847,16581.016393679,16581.016393679,16581.016903362,16581.030204742,1,COMPLETED,True,burst_6,82,0.09879052959149703,0.509682999108918,13.301380000484642,13.909853529185057
3203,16581.017045842953,16581.017129948,16581.017129948,16581.017397446,16581.031097185,3,COMPLETED,True,burst_6,83,0.08410504597122781,0.2674980023584794,13.69973900000332,14.051342048333026
3204,16581.020836619417,16581.021079151,16581.021079151,16581.021590474,16581.035231285,2,COMPLETED,True,burst_6,84,0.2425315833534114,0.511322999955155,13.640811001096154,14.39466558440472
3205,16581.02091892947,16581.02122249,16581.02122249,16581.021636625,16581.035020325,0,COMPLETED,True,burst_6,85,0.3035605295735877,0.4141350000281818,13.383699999394594,14.101395528996363
3206,16581.04611886838,16581.046287623,16581.046287623,16581.047063075,16581.060053306,1,COMPLETED,True,burst_6,86,0.1687546209723223,0.775451997469645,12.990231000003405,13.934437618445372
3207,16581.05979382087,16581.060095716,16581.060095716,16581.060859114,16581.073641501,3,COMPLETED,True,burst_6,87,0.30189512835931964,0.7633980021637399,12.782386998878792,13.847680129401851
3208,16581.080611701578,16581.080740963,16581.080740963,16581.081335932,16581.10120175,0,COMPLETED,True,burst_6,88,0.12926142153446563,0.5949689984845463,19.86581800156273,20.59004842158174
3209,16581.13023834206,16581.130325047,16581.130325047,16581.13121749,16581.150929877,2,COMPLETED,True,burst_6,89,0.08670494207763113,0.8924430003389716,19.71238699843525,20.691534940851852
3210,16581.140673022903,16581.140762076,16581.140762076,16581.141432961,16581.15820578,1,COMPLETED,True,burst_6,90,0.08905309732654132,0.6708850014547352,16.772818999015726,17.532757097797003
3211,16581.1414776082,16581.141602073,16581.141602073,16581.142234282,16581.162260955,3,COMPLETED,True,burst_6,91,0.12446480104699731,0.6322090011963155,20.02667299893801,20.783346801181324
3212,16581.144864339418,16581.145032481,16581.145032481,16581.145608193,16581.165492367,0,COMPLETED,True,burst_6,92,0.16814158152556047,0.5757120015914552,19.884173998434562,20.628027581551578
3213,16581.151549190345,16581.151704644,16581.151704644,16581.152198703,16581.166861453,2,COMPLETED,True,burst_6,93,0.1554536538606044,0.4940590006299317,14.662749999843072,15.312262654333608
3214,16581.16424753244,16581.164362755,16581.164362755,16581.164998041,16581.17913986,1,COMPLETED,True,burst_6,94,0.1152225595433265,0.6352860000333749,14.14181899963296,14.892327559209662
3215,16581.167087740712,16581.167190051,16581.167190051,16581.167972378,16581.187055539,3,COMPLETED,True,burst_6,95,0.1023102886392735,0.7823269988875836,19.083161001617555,19.96779828914441
3216,16581.172745823398,16581.172846924,16581.172846924,16581.173423173,16581.186983484,0,COMPLETED,True,burst_6,96,0.10110060247825459,0.5762490000051912,13.560310999309877,14.237660601793323
3217,16581.17335373848,16581.173447912,16581.173447912,16581.173813507,16581.186980763,2,COMPLETED,True,burst_6,97,0.09417351975571364,0.3655950022221077,13.167255998268956,13.627024520246778
3218,16581.182412683313,16581.182515915,16581.182515915,16581.183039239,16581.19652127,1,COMPLETED,True,burst_6,98,0.10323168680770323,0.5233240008237772,13.482031001331052,14.108586688962532
3219,16581.18449887247,16581.184633299,16581.184633299,16581.187371902,16581.200859168,2,COMPLETED,True,burst_6,99,0.13442652925732546,2.738603001489537,13.487265998264775,16.360295529011637
3220,16581.18721633274,16581.187508051,16581.187508051,16581.188051553,16581.20279811,3,COMPLETED,True,burst_6,100,0.2917182609962765,0.5435019993456081,14.74655700076255,15.581777261104435
3221,16581.189671663524,16581.189890196,16581.189890196,16581.190423681,16581.208892761,0,COMPLETED,True,burst_6,101,0.21853247744729742,0.5334849993232638,18.469079997885274,19.221097474655835
3222,16581.19541516279,16581.195517184,16581.195517184,16581.196687501,16581.210661364,1,COMPLETED,True,burst_6,102,0.10202121120528318,1.1703169984684791,13.973862998682307,15.24620120835607
3223,16581.198741826684,16581.198841002,16581.198841002,16581.201182917,16581.214760477,2,COMPLETED,True,burst_6,103,0.09917531497194432,2.3419150020345114,13.577559999248479,16.018650316254934
3224,16581.19944089723,16581.199532347,16581.199532347,16581.202975633,16581.216864947,3,COMPLETED,True,burst_6,104,0.09144976866082288,3.4432860011293087,13.889313999243313,17.424049769033445
3225,16581.20167284682,16581.201757889,16581.201757889,16581.209094726,16581.223361424,0,COMPLETED,True,burst_6,105,0.08504218203597702,7.336836999456864,14.26669799911906,21.6885771806119
3226,16581.207794322338,16581.207933514,16581.207933514,16581.211006285,16581.2245995,1,COMPLETED,True,burst_6,106,0.1391916630382184,3.072771000006469,13.593215000582859,16.805177663627546
3227,16581.22455042314,16581.224666474,16581.224666474,16581.225148779,16581.238753561,2,COMPLETED,True,burst_6,107,0.11605086183408275,0.48230500033241697,13.604781997855753,14.203137860022252
3228,16581.240262482366,16581.240403111,16581.240403111,16581.240823273,16581.254909859,3,COMPLETED,True,burst_6,108,0.14062863556318916,0.4201619995001238,14.08658599757473,14.647376632638043
3229,16581.248573699926,16581.248747002,16581.248747002,16581.249169003,16581.262448473,0,COMPLETED,True,burst_6,109,0.1733020726533141,0.42200100142508745,13.279470000270521,13.874773074348923
3230,16581.25065921677,16581.250827206,16581.250827206,16581.251150425,16581.264676912,1,COMPLETED,True,burst_6,110,0.16798923024907708,0.32321899925591424,13.526487000490306,14.017695229995297
3231,16581.254907823324,16581.255003538,16581.255003538,16581.255439721,16581.269313318,2,COMPLETED,True,burst_6,111,0.0957146767177619,0.4361829996923916,13.873596999474103,14.405494675884256
3232,16581.25916703269,16581.259282215,16581.259282215,16581.259693681,16581.273621087,3,COMPLETED,True,burst_6,112,0.11518230894580483,0.4114660005143378,13.92740599840181,14.454054307861952
3233,16581.262939558823,16581.263050255,16581.263050255,16581.263633784,16581.277055291,0,COMPLETED,True,burst_6,113,0.11069617539760657,0.5835290030518081,13.421506999293342,14.115732177742757
3234,16581.262970874657,16581.26311983,16581.26311983,16581.265033019,16581.278626077,1,COMPLETED,True,burst_6,114,0.14895534332026727,1.9131890003336594,13.59305799996946,15.655202343623387
3235,16581.26725587194,16581.267387654,16581.267387654,16581.269668476,16581.28340029,2,COMPLETED,True,burst_6,115,0.13178206063457765,2.2808220019214787,13.731814000493614,16.14441806304967
3236,16581.26819517869,16581.268313725,16581.268313725,16581.273970571,16581.287344589,3,COMPLETED,True,burst_6,116,0.11854630793095566,5.656846002239035,13.374017999012722,19.149410309182713
3237,16581.273783486933,16581.273920315,16581.273920315,16581.277405491,16581.291372975,0,COMPLETED,True,burst_6,117,0.1368280682072509,3.485175999230705,13.967483999294927,17.589488066732883
3238,16581.27601961909,16581.27619767,16581.27619767,16581.278968011,16581.29275,1,COMPLETED,True,burst_6,118,0.17805090828915127,2.7703410014510155,13.781989000563044,16.73038091030321
3239,16581.282969639724,16581.283124371,16581.283124371,16581.283735553,16581.297374847,2,COMPLETED,True,burst_6,119,0.15473127496079542,0.611182000284316,13.639294000313384,14.405207275558496
3240,16581.29443256533,16581.294522959,16581.294522959,16581.294924552,16581.308250278,3,COMPLETED,True,burst_6,0,0.09039367068908177,0.4015929989691358,13.325726002221927,13.817712671880145
3241,16581.318645256197,16581.318735426,16581.318735426,16581.319364698,16581.337961412,0,COMPLETED,True,burst_6,1,0.09016980402520858,0.6292719990597107,18.596713998704217,19.316155801789137
3242,16581.319546923918,16581.319631434,16581.319631434,16581.319922081,16581.333381223,1,COMPLETED,True,burst_6,2,0.08451008034171537,0.29064699992886744,13.459142002830049,13.834299083100632
3243,16581.329273947955,16581.329370879,16581.329370879,16581.329789035,16581.343388494,2,COMPLETED,True,burst_6,3,0.09693104584584944,0.4181559997959994,13.599458998214686,14.114546043856535
3244,16581.38749017216,16581.387635578,16581.387635578,16581.388422737,16581.406149934,3,COMPLETED,True,baseline_7,4,0.14540584015776403,0.7871589987189509,17.727196998748695,18.65976183762541
3245,16581.398895973398,16581.399037752,16581.399037752,16581.399742143,16581.418216732,1,COMPLETED,True,baseline_7,5,0.14177860066411085,0.7043910009087995,18.47458900010679,19.3207586016797
3246,16581.415978197074,16581.416234923,16581.416234923,16581.417209173,16581.436613223,0,COMPLETED,True,baseline_7,6,0.256725925282808,0.9742500005813781,19.404049999138806,20.635025925002992
3247,16581.43312963515,16581.433311506,16581.433311506,16581.43422115,16581.45123297,2,COMPLETED,True,baseline_7,7,0.1818708515202161,0.9096440007851925,17.01182000033441,18.10333485263982
3248,16581.43601241351,16581.436236556,16581.436236556,16581.436994376,16581.456519621,3,COMPLETED,True,baseline_7,8,0.22414249178837053,0.7578199983981904,19.525244999385905,20.507207489572465
3249,16581.439669721454,16581.439836952,16581.439836952,16581.440749045,16581.459530869,1,COMPLETED,True,baseline_7,9,0.16723054432077333,0.9120930008066352,18.781824001052883,19.86114754618029
3250,16581.465439491945,16581.465598355,16581.465598355,16581.466298295,16581.480354722,0,COMPLETED,True,baseline_7,10,0.15886305482126772,0.6999399993219413,14.05642700046883,14.915230054612039
3251,16581.47363713216,16581.473758503,16581.473758503,16581.474721968,16581.493344901,2,COMPLETED,True,baseline_7,11,0.12137084195273928,0.9634649977670051,18.62293299927842,19.707768838998163
3252,16581.47489032854,16581.475080102,16581.475080102,16581.475653237,16581.493576321,3,COMPLETED,True,baseline_7,12,0.1897734618978575,0.5731349992856849,17.923084000358358,18.6859924615419
3253,16581.4756635508,16581.475824535,16581.475824535,16581.476484655,16581.495402334,1,COMPLETED,True,baseline_7,13,0.1609842001926154,0.6601200002478436,18.917679000878707,19.738783201319166
3254,16581.52111284423,16581.52123023,16581.52123023,16581.522005927,16581.537512967,0,COMPLETED,True,baseline_7,14,0.11738576722564176,0.7756970007903874,15.507039999647532,16.40012276766356
3255,16581.528047105425,16581.528157364,16581.528157364,16581.528623223,16581.542118978,2,COMPLETED,True,baseline_7,15,0.11025857384083793,0.46585900054196827,13.495754999894416,14.071872574277222
3256,16581.529231663317,16581.529332498,16581.529332498,16581.529694037,16581.543133098,3,COMPLETED,True,baseline_7,16,0.10083468441735022,0.36153899782220833,13.439061000099173,13.901434682338731
3257,16581.535390522644,16581.535594879,16581.535594879,16581.536198585,16581.553306482,1,COMPLETED,True,baseline_7,17,0.20435635451576672,0.603706001129467,17.107897001551464,17.915959357196698
3258,16581.55049261305,16581.550597675,16581.550597675,16581.551443723,16581.564725929,0,COMPLETED,True,baseline_7,18,0.10506195030757226,0.8460480021312833,13.282206000440056,14.233315952878911
3259,16581.550715553312,16581.551117998,16581.551117998,16581.551634184,16581.564630766,2,COMPLETED,True,baseline_7,19,0.40244468618766405,0.5161860026419163,12.996581997867906,13.915212686697487
3260,16581.597976331806,16581.598118017,16581.598118017,16581.598693492,16581.611740767,3,COMPLETED,True,baseline_7,20,0.14168519192025997,0.5754750018240884,13.047274998825742,13.76443519257009
3261,16581.60773289671,16581.607824947,16581.607824947,16581.608738378,16581.627163963,1,COMPLETED,True,baseline_7,21,0.09205028982250951,0.9134309984801803,18.425584999931743,19.431066288234433
3262,16581.61164069671,16581.611785788,16581.611785788,16581.612293123,16581.629914667,2,COMPLETED,True,baseline_7,22,0.14509129323414527,0.5073349966551177,17.62154400057625,18.273970290465513
3263,16581.612526372166,16581.612659895,16581.612659895,16581.613281435,16581.631389999,0,COMPLETED,True,baseline_7,23,0.13352283349377103,0.6215399989741854,18.10856399970362,18.863626832171576
3264,16581.621259329677,16581.621546153,16581.621546153,16581.622400785,16581.641777565,3,COMPLETED,True,baseline_7,24,0.28682332413154654,0.8546319986635353,19.37678000103915,20.518235323834233
3265,16581.64718882104,16581.647395994,16581.647395994,16581.648294567,16581.663499307,1,COMPLETED,True,baseline_7,25,0.2071729613817297,0.8985729982669,15.20474000062677,16.3104859602754
3266,16581.750320718653,16581.75047629,16581.75047629,16581.751728195,16581.775280892,2,COMPLETED,True,baseline_7,26,0.15557134611299261,1.2519049996626563,23.552697002742207,24.960173348517856
3267,16581.762021431285,16581.762219383,16581.762219383,16581.76322343,16581.785706008,0,COMPLETED,True,baseline_7,27,0.1979517146537546,1.0040470006060787,22.48257799874409,23.684576714003924
3268,16581.853738735517,16581.853917482,16581.853917482,16581.854913705,16581.875404477,3,COMPLETED,True,baseline_7,28,0.1787464825611096,0.9962229996745009,20.49077199990279,21.6657414821384
3269,16581.865652410404,16581.865816191,16581.865816191,16581.866829068,16581.886729226,1,COMPLETED,True,baseline_7,29,0.16378059444832616,1.012877000903245,19.900158000382362,21.076815595733933
3270,16581.883341165576,16581.883600888,16581.883600888,16581.884575227,16581.903634203,2,COMPLETED,True,baseline_7,30,0.25972242292482406,0.9743390000949148,19.058976002270356,20.293037425290095
3271,16581.8835155674,16581.883741306,16581.883741306,16581.884781622,16581.905359061,0,COMPLETED,True,baseline_7,31,0.22573860042029992,1.0403160013083834,20.577438997861464,21.843493599590147
3272,16581.92084187089,16581.921083241,16581.921083241,16581.921722483,16581.937976195,3,COMPLETED,True,baseline_7,32,0.24137010768754408,0.6392420000338461,16.253712001343956,17.134324109065346
3273,16582.01685400783,16582.017119581,16582.017119581,16582.017950004,16582.037462722,1,COMPLETED,True,baseline_7,33,0.26557316959952004,0.8304229995701462,19.51271800135146,20.608714170521125
3274,16582.020270660436,16582.020520534,16582.020520534,16582.021214274,16582.040793428,2,COMPLETED,True,baseline_7,34,0.24987356300698593,0.6937399994058069,19.57915400271304,20.522767565125832
3275,16582.08209356284,16582.082347548,16582.082347548,16582.083110359,16582.10249495,0,COMPLETED,True,baseline_7,35,0.2539851593610365,0.7628109997313004,19.384590999834472,20.40138715892681
3276,16582.08919987929,16582.089471493,16582.089471493,16582.090122149,16582.109405815,3,COMPLETED,True,baseline_7,36,0.271613709628582,0.6506559984700289,19.283666002593236,20.205935710691847
3277,16582.114172394293,16582.114335751,16582.114335751,16582.115323761,16582.133751277,1,COMPLETED,True,baseline_7,37,0.16335670807166025,0.9880100005830172,18.42751599906478,19.57888270771946
3278,16582.123230985166,16582.123278224,16582.123278224,16582.124169119,16582.142253085,2,COMPLETED,True,baseline_7,38,0.04723883466795087,0.8908950003387872,18.083965998812346,19.022099833819084
3279,16582.146843018192,16582.14695268,16582.14695268,16582.147510707,16582.16612276,0,COMPLETED,True,baseline_7,39,0.10966180707328022,0.55802700080676,18.612053001561435,19.279741809441475
3280,16582.15440367623,16582.154498497,16582.154498497,16582.154809397,16582.167834638,3,COMPLETED,True,baseline_7,40,0.09482076711719856,0.31090000265976414,13.025240998103982,13.430961767880945
3281,16582.177651932794,16582.17782411,16582.17782411,16582.178479998,16582.196650244,1,COMPLETED,True,baseline_7,41,0.17217720596818253,0.6558880013471935,18.170245999499457,18.998311206814833
3282,16582.1928555894,16582.192921856,16582.192921856,16582.193340647,16582.206321477,2,COMPLETED,True,baseline_7,42,0.06626659887842834,0.4187910017208196,12.980829997104593,13.46588759770384
3283,16582.235003927366,16582.235129354,16582.235129354,16582.235600531,16582.250649473,0,COMPLETED,True,baseline_7,43,0.12542663534986787,0.47117699796217494,15.048942001158139,15.645545634470182
3284,16582.247741887528,16582.247976505,16582.247976505,16582.248515061,16582.265395882,3,COMPLETED,True,baseline_7,44,0.2346174733247608,0.5385559998103417,16.880821000086144,17.653994473221246
3285,16582.270766629536,16582.270939527,16582.270939527,16582.271933924,16582.290919854,1,COMPLETED,True,baseline_7,45,0.17289746392634697,0.9943969998857938,18.98593000078108,20.153224464593222
3286,16582.326426151874,16582.326525181,16582.326525181,16582.327238472,16582.344992138,2,COMPLETED,True,baseline_7,46,0.09902912643156014,0.7132909995561931,17.75366600122652,18.565986127214273
3287,16582.34038292599,16582.34047705,16582.34047705,16582.341272117,16582.36103673,0,COMPLETED,True,baseline_7,47,0.09412400686414912,0.7950670005811844,19.764613000006648,20.65380400745198
3288,16582.385755011408,16582.38591622,16582.38591622,16582.386850499,16582.405541054,3,COMPLETED,True,baseline_7,48,0.1612085907254368,0.9342789999209344,18.690554999921005,19.786042590567376
3289,16582.400475574766,16582.400635084,16582.400635084,16582.401345402,16582.420063812,1,COMPLETED,True,baseline_7,49,0.15950923261698335,0.7103179996192921,18.718409999564756,19.58823723180103
3290,16582.42152622233,16582.421686192,16582.421686192,16582.422373625,16582.440625919,2,COMPLETED,True,baseline_7,50,0.1599696697667241,0.6874329992569983,18.252294001285918,19.09969667030964
3291,16582.4884147222,16582.488577711,16582.488577711,16582.489286638,16582.509351312,0,COMPLETED,True,baseline_7,51,0.16298879927489907,0.7089270002325065,20.064674001332605,20.93658980084001
3292,16582.50714724152,16582.507409088,16582.507409088,16582.50824782,16582.527745922,3,COMPLETED,True,baseline_7,52,0.2618464823171962,0.8387319976463914,19.498102003126405,20.598680483089993
3293,16582.514925982232,16582.515086244,16582.515086244,16582.516051671,16582.534484985,1,COMPLETED,True,baseline_7,53,0.1602617667231243,0.9654269997554366,18.43331400232273,19.559002768801292
3294,16582.654333249033,16582.654461127,16582.654461127,16582.655517392,16582.676319974,2,COMPLETED,True,baseline_7,54,0.12787796731572598,1.0562649986241013,20.80258200294338,21.98672496888321
3295,16582.656159223618,16582.656434629,16582.656434629,16582.657373819,16582.677024936,0,COMPLETED,True,baseline_7,55,0.2754053821263369,0.9391900021000765,19.651116999739315,20.86571238396573
3296,16582.668802656608,16582.669101327,16582.669101327,16582.670185363,16582.691359008,3,COMPLETED,True,baseline_7,56,0.2986703912029043,1.0840360009751748,21.17364500008989,22.55635139226797
3297,16582.738513090295,16582.738613522,16582.738613522,16582.739341898,16582.758645524,1,COMPLETED,True,baseline_7,57,0.10043170550488867,0.7283759987330996,19.30362600251101,20.132433706748998
3298,16582.755781109907,16582.755958218,16582.755958218,16582.756391405,16582.769321434,2,COMPLETED,True,baseline_7,58,0.17710809333948418,0.43318700045347214,12.93002899910789,13.540324092900846
3299,16582.783474908796,16582.78356638,16582.78356638,16582.784217606,16582.800899296,0,COMPLETED,True,baseline_7,59,0.09147120363195427,0.6512260006275028,16.681689998222282,17.42438720248174
3300,16582.832205514376,16582.832298982,16582.832298982,16582.832994069,16582.852493041,3,COMPLETED,True,baseline_7,60,0.0934676245378796,0.6950869974389207,19.49897200029227,20.28752662226907
3301,16582.844204117573,16582.844330162,16582.844330162,16582.844988631,16582.860106612,1,COMPLETED,True,baseline_7,61,0.12604442599695176,0.6584690017916728,15.117980998184066,15.90249442597269
3302,16582.864461527875,16582.864622326,16582.864622326,16582.865344325,16582.882519191,2,COMPLETED,True,baseline_7,62,0.16079812485259026,0.7219990002340637,17.174865999550093,18.057663124636747
3303,16582.957220936678,16582.957481758,16582.957481758,16582.958463654,16582.978498139,0,COMPLETED,True,baseline_7,63,0.2608213217172306,0.9818959988479037,20.034485001815483,21.277202322380617
3304,16582.99273614058,16582.992996098,16582.992996098,16582.993977045,16583.01432581,3,COMPLETED,True,baseline_7,64,0.25995742180384696,0.9809469993342645,20.348764999653213,21.589669420791324
3305,16583.00447276037,16583.004620155,16583.004620155,16583.005506959,16583.026060137,1,COMPLETED,True,baseline_7,65,0.1473946285841521,0.8868040022207424,20.553177997499006,21.5873766283039
3306,16583.018317709924,16583.018455078,16583.018455078,16583.019293977,16583.033719092,2,COMPLETED,True,baseline_7,66,0.13736807522946037,0.8388989990635309,14.42511500135879,15.401382075651782
3307,16583.03174286708,16583.031911133,16583.031911133,16583.032802851,16583.048613418,0,COMPLETED,True,baseline_7,67,0.16826592036522925,0.8917180020944215,15.810566997970454,16.870550920430105
3308,16583.08034759732,16583.080450253,16583.080450253,16583.080936863,16583.094157031,3,COMPLETED,True,baseline_7,68,0.10265568198519759,0.48660999891581014,13.220167998952093,13.8094336798531
3309,16583.105754625554,16583.105897522,16583.105897522,16583.106595329,16583.121408712,1,COMPLETED,True,baseline_7,69,0.14289644605014473,0.6978070014156401,14.81338299709023,15.654086444556015
3310,16583.115409891092,16583.115572261,16583.115572261,16583.116509142,16583.136775551,2,COMPLETED,True,baseline_7,70,0.16236990632023662,0.9368810024170671,20.266408999304986,21.36565990804229
3311,16583.13370851798,16583.133871275,16583.133871275,16583.134382483,16583.147702532,0,COMPLETED,True,baseline_7,71,0.16275702000712045,0.511207999807084,13.3200489981391,13.994014017953305
3312,16583.165303424405,16583.16546115,16583.16546115,16583.165983248,16583.180275391,3,COMPLETED,True,baseline_7,72,0.15772559709148481,0.5220979983278085,14.292143001512159,14.971966596931452
3313,16583.180343873428,16583.180553462,16583.180553462,16583.181489725,16583.20059494,1,COMPLETED,True,baseline_7,73,0.20958857203368098,0.9362630007672124,19.105215000308817,20.25106657310971
3314,16583.190924908347,16583.19135697,16583.19135697,16583.192298331,16583.210837739,2,COMPLETED,True,baseline_7,74,0.43206165355513804,0.9413609986950178,18.53940799992415,19.912830652174307
3315,16583.21137732521,16583.21151121,16583.21151121,16583.21213834,16583.225340113,0,COMPLETED,True,baseline_7,75,0.13388479055720381,0.6271300007938407,13.201772999309469,13.962787790660514
3316,16583.25347818305,16583.253638746,16583.253638746,16583.254131767,16583.267495164,3,COMPLETED,True,baseline_7,76,0.16056294771260582,0.49302100160275586,13.363396999920951,14.016980949236313
3317,16583.282821769302,16583.282982306,16583.282982306,16583.283468948,16583.301710884,1,COMPLETED,True,baseline_7,77,0.16053669605753385,0.4866420022153761,18.24193599895807,18.88911469723098
3318,16583.28331149355,16583.283454096,16583.283454096,16583.284250761,16583.303407646,2,COMPLETED,True,baseline_7,78,0.14260245006880723,0.7966650009620935,19.15688499866519,20.096152449696092
3319,16583.294895028754,16583.295042833,16583.295042833,16583.295972895,16583.315466379,0,COMPLETED,True,baseline_7,79,0.14780424680793658,0.930062000406906,19.493484000122407,20.57135024733725
3320,16583.304411715144,16583.304557316,16583.304557316,16583.305173951,16583.31902174,3,COMPLETED,True,baseline_7,80,0.145600857649697,0.616634999460075,13.847788999555632,14.610024856665405
3321,16583.321633887048,16583.321884045,16583.321884045,16583.322353556,16583.335506133,1,COMPLETED,True,baseline_7,81,0.2501579510862939,0.4695110001193825,13.1525770011649,13.872245952370577
3322,16583.32965098926,16583.329812387,16583.329812387,16583.330456237,16583.348616751,2,COMPLETED,True,baseline_7,82,0.16139774015755393,0.6438499985961244,18.16051399873686,18.96576173749054
3323,16583.381342005272,16583.381430303,16583.381430303,16583.382072071,16583.401163866,0,COMPLETED,True,baseline_7,83,0.08829772923490964,0.641767997876741,19.09179500216851,19.82186072928016
3324,16583.406569283787,16583.406664669,16583.406664669,16583.407204597,16583.424338204,3,COMPLETED,True,baseline_7,84,0.09538521408103406,0.5399279980338179,17.13360700159683,17.76892021371168
3325,16583.457176482396,16583.457318558,16583.457318558,16583.458266148,16583.476985536,1,COMPLETED,True,baseline_7,85,0.14207560525392182,0.9475900005782023,18.719387997407466,19.80905360323959
3326,16583.459184746775,16583.459335473,16583.459335473,16583.460189308,16583.480188898,2,COMPLETED,True,baseline_7,86,0.15072622409206815,0.8538350011804141,19.999590000224998,21.00415122549748
3327,16583.467298326734,16583.467468215,16583.467468215,16583.467953434,16583.485627916,0,COMPLETED,True,baseline_7,87,0.16988826610031538,0.4852189995290246,17.67448200189392,18.32958926752326
3328,16583.479768591355,16583.479939974,16583.479939974,16583.480823503,16583.500696266,3,COMPLETED,True,baseline_7,88,0.17138264593086205,0.8835289991111495,19.872763001330895,20.927674646372907
3329,16583.51277149908,16583.51290459,16583.51290459,16583.513895868,16583.531994375,1,COMPLETED,True,baseline_7,89,0.13309091809787787,0.9912780005834065,18.09850700010429,19.222875918785576
3330,16583.519381711514,16583.519456243,16583.519456243,16583.520477076,16583.538542656,2,COMPLETED,True,baseline_7,90,0.07453148646163754,1.0208329986198805,18.06557999952929,19.16094448461081
3331,16583.53410988329,16583.534196513,16583.534196513,16583.534920334,16583.548092116,0,COMPLETED,True,baseline_7,91,0.08662970867590047,0.7238210018840618,13.171782000426902,13.982232710986864
3332,16583.54080106155,16583.540895504,16583.540895504,16583.541523222,16583.55810208,3,COMPLETED,True,baseline_7,92,0.09444245006307028,0.6277180000324734,16.57885799795622,17.301018448051764
3333,16583.545940530494,16583.546097612,16583.546097612,16583.546739614,16583.563881986,1,COMPLETED,True,baseline_7,93,0.15708150749560446,0.6420019999495707,17.14237199848867,17.941455505933845
3334,16583.55129912639,16583.551410943,16583.551410943,16583.551978357,16583.571538494,2,COMPLETED,True,baseline_7,94,0.1118166110245511,0.5674140011251438,19.560136999643873,20.23936761179357
3335,16583.628226659635,16583.628374854,16583.628374854,16583.629204789,16583.648376314,0,COMPLETED,True,baseline_7,95,0.14819436546531506,0.8299349974549841,19.171525000274414,20.149654363194713
3336,16583.636822565008,16583.636932131,16583.636932131,16583.637676721,16583.65766466,3,COMPLETED,True,baseline_7,96,0.10956599362543784,0.7445899973390624,19.98793900202145,20.84209499298595
3337,16583.652694808923,16583.652830286,16583.652830286,16583.653668355,16583.673383789,1,COMPLETED,True,baseline_7,97,0.13547707567340694,0.8380690014746506,19.715433998499066,20.688980075647123
3338,16583.682233852232,16583.682394662,16583.682394662,16583.683233286,16583.701780707,2,COMPLETED,True,baseline_7,98,0.16080976638477296,0.8386240006075241,18.547421001130715,19.546854768123012
3339,16583.692877455604,16583.693018782,16583.693018782,16583.693736444,16583.713383797,0,COMPLETED,True,baseline_7,99,0.14132639626041055,0.7176619983511046,19.647353001346346,20.50634139595786
3340,16583.750931370138,16583.751022802,16583.751022802,16583.751520539,16583.765694896,3,COMPLETED,True,baseline_7,100,0.09143186252913438,0.4977370008418802,14.174356998410076,14.76352586178109
3341,16583.778756883155,16583.778889168,16583.778889168,16583.779418266,16583.792748379,1,COMPLETED,True,baseline_7,101,0.13228484385763295,0.5290980006975587,13.330113000847632,13.991495845402824
3342,16583.798699750336,16583.798862599,16583.798862599,16583.799575106,16583.817746826,2,COMPLETED,True,baseline_7,102,0.1628486643312499,0.7125070005713496,18.171719999372726,19.047075664275326
3343,16583.837809608594,16583.837899167,16583.837899167,16583.838516903,16583.852519275,0,COMPLETED,True,baseline_7,103,0.08955840530688874,0.6177360010042321,14.002371997776208,14.70966640408733
3344,16583.874064226202,16583.87426374,16583.87426374,16583.87505677,16583.893082042,3,COMPLETED,True,baseline_7,104,0.19951379726990126,0.7930300016596448,18.02527199834003,19.017815797269577
3345,16583.911083540184,16583.911338439,16583.911338439,16583.912573763,16583.932092686,1,COMPLETED,True,baseline_7,105,0.25489881591056474,1.2353239981166553,19.518922999850474,21.009145813877694
3346,16583.921725574022,16583.921886451,16583.921886451,16583.92274214,16583.943055333,2,COMPLETED,True,baseline_7,106,0.16087697804323398,0.8556889988540206,20.31319299931056,21.329758976207813
3347,16583.92569320167,16583.925911128,16583.925911128,16583.926756169,16583.946775056,0,COMPLETED,True,baseline_7,107,0.21792633197037503,0.8450409986835439,20.018887000333052,21.08185433098697
3348,16584.01855358512,16584.018643167,16584.018643167,16584.019657925,16584.040051288,3,COMPLETED,True,baseline_7,108,0.08958188118413091,1.0147579996555578,20.393363000039244,21.497702880878933
3349,16584.037317898612,16584.037444586,16584.037444586,16584.038297705,16584.05691501,1,COMPLETED,True,baseline_7,109,0.12668738781940192,0.853118999657454,18.617304998770123,19.59711138624698
3350,16584.051989398078,16584.052166761,16584.052166761,16584.052928389,16584.072856861,2,COMPLETED,True,baseline_7,110,0.17736292284098454,0.7616279981448315,19.928472000174224,20.86746292116004
3351,16584.0892446339,16584.089360484,16584.089360484,16584.089826919,16584.106236423,0,COMPLETED,True,baseline_7,111,0.1158500999736134,0.4664350017264951,16.409503998147557,16.991789099847665
3352,16584.12046051722,16584.120509995,16584.120509995,16584.121099929,16584.135537295,3,COMPLETED,True,baseline_7,112,0.049477777793072164,0.5899340030737221,14.437365996855078,15.076777777721873
3353,16584.124022358235,16584.124210274,16584.124210274,16584.125059661,16584.14477972,1,COMPLETED,True,baseline_7,113,0.18791576439980417,0.8493870009260718,19.720059000974288,20.757361766300164
3354,16584.1434856019,16584.143557531,16584.143557531,16584.144159551,16584.157415976,2,COMPLETED,True,baseline_7,114,0.07192909833975136,0.6020200016791932,13.256424997962313,13.930374097981257
3355,16584.153134516386,16584.153265733,16584.153265733,16584.15437733,16584.175561505,0,COMPLETED,True,baseline_7,115,0.1312166132265702,1.111597000999609,21.18417499877978,22.42698861300596
3356,16584.157880230276,16584.158006529,16584.158006529,16584.158684821,16584.177177025,3,COMPLETED,True,baseline_7,116,0.12629872435354628,0.67829199906555,18.492204002541257,19.296794725960353
3357,16584.174813938353,16584.174967165,16584.174967165,16584.175875038,16584.194754873,1,COMPLETED,True,baseline_7,117,0.15322664694394916,0.907872999960091,18.87983499909751,19.94093464600155
3358,16584.18924168336,16584.189388658,16584.189388658,16584.190200731,16584.207110459,0,COMPLETED,True,baseline_7,118,0.14697463848278858,0.8120729980873875,16.9097280013375,17.868775637907675
3359,16584.235043340766,16584.235158951,16584.235158951,16584.235934475,16584.255722275,2,COMPLETED,True,baseline_7,119,0.11561023347894661,0.775524000346195,19.787799999903655,20.678934233728796
3360,16584.345830945975,16584.346094042,16584.346094042,16584.347084113,16584.367821338,3,COMPLETED,True,baseline_7,0,0.2630960261740256,0.9900709992507473,20.737225000630133,21.990392026054906
3361,16584.38067932642,16584.38085425,16584.38085425,16584.381878109,16584.402091504,1,COMPLETED,True,baseline_7,1,0.1749235816532746,1.023859000270022,20.213394996972056,21.412177578895353
3362,16584.39999179787,16584.400160436,16584.400160436,16584.401081243,16584.421078007,0,COMPLETED,True,baseline_7,2,0.16863812925294042,0.9208070005115587,19.996764000097755,21.086209129862254
3363,16584.469104747892,16584.469366018,16584.469366018,16584.470352464,16584.489522568,2,COMPLETED,True,baseline_7,3,0.26127010642085224,0.9864460007520393,19.170104002114385,20.417820109287277
3364,16584.47892206755,16584.479058133,16584.479058133,16584.479945756,16584.499550546,3,COMPLETED,True,baseline_7,4,0.1360654532618355,0.8876229985617101,19.60478999899351,20.628478450817056
3365,16584.545986750854,16584.546090868,16584.546090868,16584.546603316,16584.559646118,1,COMPLETED,True,baseline_7,5,0.1041171453834977,0.5124480012455024,13.042801998381037,13.659367145010037
3366,16584.584069299326,16584.584237257,16584.584237257,16584.584819905,16584.600336441,0,COMPLETED,True,baseline_7,6,0.16795767442090437,0.5826480010000523,15.516535997448955,16.26714167286991
3367,16584.617729555557,16584.617867228,16584.617867228,16584.618873931,16584.63876162,2,COMPLETED,True,baseline_7,7,0.1376724430883769,1.0067029979836661,19.887689002644038,21.03206444371608
3368,16584.618266943788,16584.618399548,16584.618399548,16584.619042876,16584.639182682,3,COMPLETED,True,baseline_7,8,0.1326042111031711,0.64332799956901,20.139806001679972,20.915738212352153
3369,16584.638221602014,16584.638355642,16584.638355642,16584.639156042,16584.651937202,1,COMPLETED,True,baseline_7,9,0.13403998673311435,0.8004000010259915,12.78115999957663,13.715599987335736
3370,16584.66600036643,16584.666037023,16584.666037023,16584.66699468,16584.686569122,0,COMPLETED,True,baseline_7,10,0.036656569136539474,0.9576570009812713,19.574442001612624,20.568755571730435
3371,16584.677281041993,16584.67742526,16584.67742526,16584.678350354,16584.697189516,2,COMPLETED,True,baseline_7,11,0.14421800733543932,0.9250939983758144,18.839161999494536,19.90847400520579
3372,16584.686026070973,16584.686076985,16584.686076985,16584.686863181,16584.705331517,3,COMPLETED,True,baseline_7,12,0.05091402636026032,0.7861960002628621,18.468336002115393,19.305446028738515
3373,16584.719604490092,16584.719708405,16584.719708405,16584.72079613,16584.738307528,0,COMPLETED,True,baseline_7,13,0.10391490650363266,1.087725002435036,17.51139800035162,18.703037909290288
3374,16584.731802088525,16584.731914321,16584.731914321,16584.732565325,16584.751440836,1,COMPLETED,True,baseline_7,14,0.11223247565794736,0.6510040002467576,18.87551099935081,19.638747475255514
3375,16584.74456622956,16584.74471343,16584.74471343,16584.745238314,16584.759056179,2,COMPLETED,True,baseline_7,15,0.14720043691340834,0.5248840025160462,13.817864997690776,14.48994943712023
3376,16584.749394762624,16584.749527438,16584.749527438,16584.750081588,16584.764643709,3,COMPLETED,True,baseline_7,16,0.13267537724459544,0.5541499995160848,14.562120999471517,15.248946376232198
3377,16584.752531444385,16584.752687326,16584.752687326,16584.753372923,16584.769817239,0,COMPLETED,True,baseline_7,17,0.15588161477353424,0.6855970023025293,16.444315999251558,17.28579461632762
3378,16584.78970152542,16584.789798579,16584.789798579,16584.790243205,16584.803807786,1,COMPLETED,True,baseline_7,18,0.0970535802480299,0.4446259990800172,13.564581000537146,14.106260579865193
3379,16584.81134436449,16584.81143464,16584.81143464,16584.811861243,16584.825188956,2,COMPLETED,True,baseline_7,19,0.09027550913742743,0.4266030009603128,13.327713000762742,13.844591510860482
3380,16584.8277224457,16584.827818661,16584.827818661,16584.828286357,16584.842560055,3,COMPLETED,True,baseline_7,20,0.0962152989814058,0.46769599794060923,14.27369800148881,14.837609298410825
3381,16584.888380988777,16584.888529042,16584.888529042,16584.889409991,16584.90814676,0,COMPLETED,True,baseline_7,21,0.14805322280153632,0.8809489991108421,18.736769001407083,19.76577122331946
3382,16584.913684969044,16584.913846212,16584.913846212,16584.91482024,16584.933531894,1,COMPLETED,True,baseline_7,22,0.1612429550732486,0.974028000200633,18.711654000071576,19.846924955345457
3383,16584.936929895208,16584.937093491,16584.937093491,16584.937933171,16584.95329073,2,COMPLETED,True,baseline_7,23,0.1635957924008835,0.8396800003538374,15.357559001131449,16.36083479388617
3384,16584.95778781695,16584.957949054,16584.957949054,16584.958817784,16584.978806205,3,COMPLETED,True,baseline_7,24,0.16123705063364469,0.8687299996381626,19.9884209978336,21.018388048105408
3385,16584.96306800419,16584.963218219,16584.963218219,16584.964170027,16584.983869556,0,COMPLETED,True,baseline_7,25,0.15021481158328243,0.9518080005364027,19.69952899889904,20.801551811018726
3386,16585.032022603933,16585.032131645,16585.032131645,16585.033154466,16585.052569487,1,COMPLETED,True,baseline_7,26,0.10904106602538377,1.0228210012428463,19.41502100089565,20.54688306816388
3387,16585.040057053404,16585.040144303,16585.040144303,16585.040824612,16585.056879943,2,COMPLETED,True,baseline_7,27,0.08724959479877725,0.6803090000175871,16.055331001552986,16.82288959636935
3388,16585.05836481046,16585.058466296,16585.058466296,16585.059281698,16585.077336874,3,COMPLETED,True,baseline_7,28,0.10148554065381177,0.8154019997164141,18.055176002235385,18.97206354260561
3389,16585.140975172097,16585.141129208,16585.141129208,16585.141777531,16585.158818993,0,COMPLETED,True,baseline_7,29,0.1540359044156503,0.648322999040829,17.041462000634056,17.843820904090535
3390,16585.192012653286,16585.192180565,16585.192180565,16585.193136766,16585.21333475,1,COMPLETED,True,baseline_7,30,0.16791171583463438,0.9562009981891606,20.197983998514246,21.32209671253804
3391,16585.2196717618,16585.219830937,16585.219830937,16585.220769407,16585.239154417,2,COMPLETED,True,baseline_7,31,0.1591752006788738,0.9384699988004286,18.385010000201873,19.482655199681176
3392,16585.22220276225,16585.222340243,16585.222340243,16585.223135097,16585.243193774,3,COMPLETED,True,baseline_7,32,0.13748075070907362,0.794854000560008,20.058677000633907,20.991011751902988
3393,16585.230289230392,16585.230460075,16585.230460075,16585.231421831,16585.25054158,0,COMPLETED,True,baseline_7,33,0.17084460705518723,0.9617559990147129,19.119749002129538,20.252349608199438
3394,16585.232668095392,16585.23271899,16585.23271899,16585.233427597,16585.252883557,1,COMPLETED,True,baseline_7,34,0.05089460682938807,0.708606999978656,19.45596000223304,20.215461609041085
3395,16585.257007109656,16585.257099913,16585.257099913,16585.257890427,16585.270873912,2,COMPLETED,True,baseline_7,35,0.09280334415961988,0.7905140009825118,12.983484997675987,13.866802342818119
3396,16585.329850598027,16585.330134843,16585.330134843,16585.331170819,16585.351326874,3,COMPLETED,True,baseline_7,36,0.2842449721356388,1.0359760017308872,20.15605499764206,21.476275971508585
3397,16585.342818680176,16585.343072408,16585.343072408,16585.343917577,16585.364073128,0,COMPLETED,True,baseline_7,37,0.25372782329213805,0.8451690009678714,20.155550999334082,21.25444782359409
3398,16585.354785841966,16585.354948452,16585.354948452,16585.355784463,16585.378093603,1,COMPLETED,True,baseline_7,38,0.16261003474937752,0.8360110005014576,22.309140000288608,23.307761035539443
3399,16585.356443716722,16585.356699044,16585.356699044,16585.35756722,16585.377525984,2,COMPLETED,True,baseline_7,39,0.25532727886456996,0.8681759973114822,19.958764001785312,21.082267277961364
3400,16585.358842930887,16585.359023385,16585.359023385,16585.359797436,16585.380658677,3,COMPLETED,True,baseline_7,40,0.18045411343337037,0.7740509972791187,20.861241002421593,21.815746113134082
3401,16585.39747723356,16585.397577837,16585.397577837,16585.398378649,16585.411840018,0,COMPLETED,True,baseline_7,41,0.10060343993245624,0.8008119984879158,13.461369002470747,14.362784440891119
3402,16585.433100878843,16585.433189167,16585.433189167,16585.434109822,16585.454100803,2,COMPLETED,True,baseline_7,42,0.08828815771266818,0.9206549984810408,19.990980999864405,20.999924156058114
3403,16585.454023385613,16585.454203541,16585.454203541,16585.455296782,16585.470104395,1,COMPLETED,True,baseline_7,43,0.18015538807958364,1.0932409968518186,14.807613002631115,16.081009387562517
3404,16585.45414660705,16585.454391501,16585.454391501,16585.455520254,16585.468946176,3,COMPLETED,True,baseline_7,44,0.2448939485475421,1.1287529996479861,13.425921999441925,14.799568947637454
3405,16585.459699670733,16585.459835218,16585.459835218,16585.460526411,16585.478127135,0,COMPLETED,True,baseline_7,45,0.13554726683651097,0.6911929995112587,17.600724000658374,18.427464267006144
3406,16585.47858628364,16585.478689271,16585.478689271,16585.479171919,16585.492514534,2,COMPLETED,True,baseline_7,46,0.10298736015101895,0.482647999888286,13.342614998691715,13.92825035873102
3407,16585.479520908408,16585.479614171,16585.479614171,16585.479945322,16585.492946013,3,COMPLETED,True,baseline_7,47,0.09326259169029072,0.33115100086433813,13.000691000343068,13.425104592897696
3408,16585.51335027625,16585.513526276,16585.513526276,16585.51427906,16585.530052865,1,COMPLETED,True,baseline_7,48,0.17599975035409443,0.7527839989052154,15.773805000208085,16.702588749467395
3409,16585.519230398768,16585.519402102,16585.519402102,16585.520115637,16585.535044255,0,COMPLETED,True,baseline_7,49,0.1717032318993006,0.7135349987947848,14.928618002159055,15.81385623285314
3410,16585.52879965041,16585.528894762,16585.528894762,16585.529647463,16585.544938635,2,COMPLETED,True,baseline_7,50,0.09511159078101628,0.7527010020567104,15.291171999706421,16.138984592544148
3411,16585.530188701803,16585.530273358,16585.530273358,16585.530793739,16585.548299745,3,COMPLETED,True,baseline_7,51,0.0846561961225234,0.5203809996601194,17.506006002804497,18.11104319858714
3412,16585.530971030734,16585.531146024,16585.531146024,16585.531774692,16585.550279915,1,COMPLETED,True,baseline_7,52,0.17499326713732444,0.6286679999902844,18.505223000829574,19.308884267957183
3413,16585.542656815418,16585.542837653,16585.542837653,16585.543528194,16585.558161649,0,COMPLETED,True,baseline_7,53,0.18083758186548948,0.6905410009494517,14.633455000875983,15.504833583690925
3414,16585.617521821616,16585.617732527,16585.617732527,16585.618708087,16585.638935264,2,COMPLETED,True,baseline_7,54,0.21070538423373364,0.9755600003700238,20.22717699946952,21.413442384073278
3415,16585.626103206934,16585.626375854,16585.626375854,16585.627289791,16585.647056719,3,COMPLETED,True,baseline_7,55,0.2726470665948,0.913936997676501,19.76692800235469,20.95351206662599
3416,16585.628163082758,16585.628443514,16585.628443514,16585.629302848,16585.648953551,1,COMPLETED,True,baseline_7,56,0.2804312425723765,0.85933399896021,19.650703001389047,20.790468242921634
3417,16585.651038066535,16585.651169628,16585.651169628,16585.651984751,16585.670384938,0,COMPLETED,True,baseline_7,57,0.13156146451365203,0.8151229994837195,18.400187000224832,19.346871464222204
3418,16585.725287049423,16585.725465702,16585.725465702,16585.726478315,16585.746941388,2,COMPLETED,True,baseline_7,58,0.17865257541416213,1.012613000057172,20.463073000428267,21.6543385758996
3419,16585.74329212023,16585.743340676,16585.743340676,16585.744212948,16585.763130834,3,COMPLETED,True,baseline_7,59,0.04855576844420284,0.8722720012883656,18.91788599823485,19.83871376796742
3420,16585.747268225394,16585.747432017,16585.747432017,16585.748196715,16585.763879884,1,COMPLETED,True,baseline_7,60,0.16379160661017522,0.7646980011486448,15.683169000112684,16.611658607871505
3421,16585.754675835815,16585.75483027,16585.75483027,16585.755335912,16585.773251298,0,COMPLETED,True,baseline_7,61,0.1544341866974719,0.5056419977336191,17.915386000822764,18.575462185253855
3422,16585.756302201436,16585.756485123,16585.756485123,16585.757274849,16585.77730039,2,COMPLETED,True,baseline_7,62,0.1829215652833227,0.7897259965830017,20.025541001814418,20.998188563680742
3423,16585.79726169381,16585.797349421,16585.797349421,16585.798112241,16585.811338489,3,COMPLETED,True,baseline_7,63,0.08772718865657225,0.7628200000908691,13.226248000137275,14.076795188884716
3424,16585.820363337658,16585.820455653,16585.820455653,16585.820903581,16585.835939585,1,COMPLETED,True,baseline_7,64,0.0923153420444578,0.4479279996303376,15.036003998829983,15.576247340504779
3425,16585.828389577608,16585.828579712,16585.828579712,16585.829033776,16585.842003733,0,COMPLETED,True,baseline_7,65,0.19013439305126667,0.4540640002232976,12.969956998858834,13.614155392133398
3426,16585.83704121847,16585.837238433,16585.837238433,16585.837798141,16585.852449076,2,COMPLETED,True,baseline_7,66,0.19721452918020077,0.5597080016741529,14.65093499791692,15.407857528771274
3427,16585.862516935988,16585.862590168,16585.862590168,16585.863257103,16585.876321485,3,COMPLETED,True,baseline_7,67,0.0732320113456808,0.6669350004813168,13.064382001175545,13.804549013002543
3428,16585.86361255463,16585.863763245,16585.863763245,16585.864349794,16585.880409086,1,COMPLETED,True,baseline_7,68,0.15069037181092426,0.5865489983989391,16.059292000136338,16.7965313703462
3429,16585.874666993328,16585.87493397,16585.87493397,16585.875506183,16585.888933788,0,COMPLETED,True,baseline_7,69,0.26697667271946557,0.572213000850752,13.427604997559683,14.266794671129901
3430,16585.912431322886,16585.912543672,16585.912543672,16585.913292789,16585.927666858,2,COMPLETED,True,baseline_7,70,0.11234911289648153,0.7491169999411795,14.374069000041345,15.235535112879006
3431,16585.931810784532,16585.931898156,16585.931898156,16585.932810914,16585.950840388,3,COMPLETED,True,baseline_7,71,0.08737146708881482,0.9127580015046988,18.029473998467438,19.02960346706095
3432,16585.932990406807,16585.933079613,16585.933079613,16585.933580095,16585.950023442,1,COMPLETED,True,baseline_7,72,0.08920619438868016,0.5004819977330044,16.443347001768416,17.0330351938901
3433,16585.9381071545,16585.938187462,16585.938187462,16585.939048161,16585.959011539,0,COMPLETED,True,baseline_7,73,0.08030750177567825,0.8606989977124613,19.963377999374643,20.904384498862782
3434,16585.946615310495,16585.946786273,16585.946786273,16585.947594974,16585.9668664,2,COMPLETED,True,baseline_7,74,0.17096250667236745,0.8087009991868399,19.271425997430924,20.25108950329013
3435,16585.969034654623,16585.969144348,16585.969144348,16585.970009238,16585.984988724,1,COMPLETED,True,baseline_7,75,0.10969337745336816,0.8648900002299342,14.979486000811448,15.95406937849475
3436,16585.989209427258,16585.989443321,16585.989443321,16585.990254294,16586.004063994,3,COMPLETED,True,baseline_7,76,0.23389374109683558,0.8109730006253812,13.809700001729652,14.85456674345187
3437,16586.043884548923,16586.044063124,16586.044063124,16586.04461047,16586.059665869,0,COMPLETED,True,baseline_7,77,0.17857507918961346,0.5473459968925454,15.055399002449121,15.78132007853128
3438,16586.082302049283,16586.082462953,16586.082462953,16586.083403636,16586.103600185,2,COMPLETED,True,baseline_7,78,0.1609037171874661,0.9406829994986765,20.196549001411768,21.29813571809791
3439,16586.099528301816,16586.099791601,16586.099791601,16586.100569569,16586.12009001,1,COMPLETED,True,baseline_7,79,0.26329918182455003,0.7779680017847568,19.520441001077415,20.561708184686722
3440,16586.110919328705,16586.110949096,16586.110949096,16586.111558547,16586.131296152,3,COMPLETED,True,baseline_7,80,0.029767295927740633,0.6094509990361985,19.737605001864722,20.37682329682866
3441,16586.16348981703,16586.163687344,16586.163687344,16586.164457289,16586.183657092,0,COMPLETED,True,baseline_7,81,0.19752696971409023,0.7699449997744523,19.199802998628,20.167274968116544
3442,16586.195037054043,16586.195121735,16586.195121735,16586.196077037,16586.215533213,2,COMPLETED,True,baseline_7,82,0.08468095620628446,0.9553019990562461,19.456175999948755,20.496158955211286
3443,16586.1961947987,16586.19627851,16586.19627851,16586.196884828,16586.216566161,1,COMPLETED,True,baseline_7,83,0.08371130024897866,0.6063180007913616,19.681333000335144,20.371362301375484
3444,16586.222944259687,16586.223083335,16586.223083335,16586.223938618,16586.243461679,3,COMPLETED,True,baseline_7,84,0.13907531320001,0.8552830004191492,19.523061000654707,20.517419314273866
3445,16586.28256406932,16586.282818809,16586.282818809,16586.283765536,16586.302800937,0,COMPLETED,True,baseline_7,85,0.2547396798036061,0.9467270028835628,19.035400997381657,20.236867680068826
3446,16586.284673495094,16586.284921052,16586.284921052,16586.28567842,16586.304727721,2,COMPLETED,True,baseline_7,86,0.24755690537858754,0.7573680013592821,19.04930099772173,20.0542259044596
3447,16586.321519941135,16586.321682233,16586.321682233,16586.322602451,16586.342844349,1,COMPLETED,True,baseline_7,87,0.1622918643988669,0.9202180008287542,20.241898000676883,21.324407865904504
3448,16586.336093431855,16586.336257495,16586.336257495,16586.337177094,16586.356757233,3,COMPLETED,True,baseline_7,88,0.16406314534833655,0.9195989987347275,19.580139000026975,20.66380114411004
3449,16586.34602729385,16586.346119366,16586.346119366,16586.346789991,16586.36418223,0,COMPLETED,True,burst_7,89,0.09207215043716133,0.6706249987473711,17.392239002219867,18.1549361514044
3450,16586.347944723562,16586.348035458,16586.348035458,16586.348688805,16586.365703798,2,COMPLETED,True,burst_7,90,0.09073443652596325,0.6533470004796982,17.01499300179421,17.75907443879987
3451,16586.4133845949,16586.413513826,16586.413513826,16586.414414613,16586.434874407,1,COMPLETED,True,burst_7,91,0.12923109898110852,0.9007869994093198,20.459794002817944,21.489812101208372
3452,16586.433030286276,16586.43316387,16586.43316387,16586.433746665,16586.453233786,3,COMPLETED,True,burst_7,92,0.13358372234506533,0.5827950008097105,19.48712100056582,20.203499723720597
3453,16586.44816838516,16586.448296913,16586.448296913,16586.448852082,16586.467771503,0,COMPLETED,True,burst_7,93,0.12852784129790962,0.55516900101793,18.919420999736758,19.603117842052598
3454,16586.456000180227,16586.456120778,16586.456120778,16586.4568136,16586.473788247,2,COMPLETED,True,burst_7,94,0.1205977714562323,0.6928220027475618,16.97464699827833,17.788066772482125
3455,16586.478339317855,16586.478436796,16586.478436796,16586.479227911,16586.494575528,1,COMPLETED,True,burst_7,95,0.09747814328875393,0.791115002357401,15.347616998042213,16.236210143688368
3456,16586.522222399304,16586.522355228,16586.522355228,16586.522810204,16586.540306948,3,COMPLETED,True,burst_7,96,0.1328286962234415,0.45497599785448983,17.496744003437925,18.084548697515856
3457,16586.53121390888,16586.531302215,16586.531302215,16586.532331855,16586.551422097,0,COMPLETED,True,burst_7,97,0.0883061220520176,1.0296399996150285,19.090241999947466,20.208188121614512
3458,16586.533161524643,16586.533243583,16586.533243583,16586.533870159,16586.551889381,2,COMPLETED,True,burst_7,98,0.08205835547414608,0.6265760021051392,18.01922199956607,18.727856357145356
3459,16586.533665736642,16586.533857303,16586.533857303,16586.534609832,16586.554750344,1,COMPLETED,True,burst_7,99,0.19156635607942007,0.7525290020566899,20.140511998761212,21.084607356897322
3460,16586.541519723836,16586.541638863,16586.541638863,16586.542264124,16586.556096167,3,COMPLETED,True,burst_7,100,0.11913916387129575,0.6252610000956338,13.83204300145735,14.57644316542428
3461,16586.54286224882,16586.543019999,16586.543019999,16586.551709881,16586.56704956,0,COMPLETED,True,burst_7,101,0.15775017891428433,8.689882000908256,15.339678997406736,24.187311177229276
3462,16586.565268615606,16586.565369288,16586.565369288,16586.565961665,16586.579282576,2,COMPLETED,True,burst_7,102,0.10067239418276586,0.5923770004301332,13.320910999027546,14.013960393640446
3463,16586.578220525775,16586.578442287,16586.578442287,16586.579191813,16586.594157235,1,COMPLETED,True,burst_7,103,0.2217612236563582,0.7495260033465456,14.965421996748773,15.936709223751677
3464,16586.582225148017,16586.582448585,16586.582448585,16586.582869487,16586.597876882,3,COMPLETED,True,burst_7,104,0.22343698219629005,0.4209020007692743,15.007394998974632,15.651733981940197
3465,16586.586282200915,16586.586494501,16586.586494501,16586.587099421,16586.606393252,0,COMPLETED,True,burst_7,105,0.21230008496786468,0.6049200019333512,19.29383099923143,20.111051086132647
3466,16586.597693226424,16586.597778528,16586.597778528,16586.598274299,16586.612219204,2,COMPLETED,True,burst_7,106,0.08530157720088027,0.4957710007147398,13.944904996606056,14.525977574521676
3467,16586.599586063952,16586.599666684,16586.599666684,16586.600172048,16586.613987198,1,COMPLETED,True,burst_7,107,0.08062004781095311,0.5053640015830752,13.815149999572895,14.401134048966924
3468,16586.60296990564,16586.6030607,16586.6030607,16586.603496761,16586.620654712,3,COMPLETED,True,burst_7,108,0.09079435767489485,0.4360610000730958,17.15795099880779,17.684806356555782
3469,16586.61180721358,16586.611917595,16586.611917595,16586.612413035,16586.626226741,0,COMPLETED,True,burst_7,109,0.1103814211091958,0.49543999921297655,13.81370599847287,14.419527418795042
3470,16586.615000744492,16586.615094205,16586.615094205,16586.615588723,16586.628735255,2,COMPLETED,True,burst_7,110,0.09346050865133293,0.49451800077804364,13.146531997335842,13.734510506765218
3471,16586.62707707154,16586.627172686,16586.627172686,16586.627752122,16586.640774551,1,COMPLETED,True,burst_7,111,0.09561446131556295,0.5794360004074406,13.022429000557167,13.697479462280171
3472,16586.635236600097,16586.635330256,16586.635330256,16586.635874334,16586.64933748,3,COMPLETED,True,burst_7,112,0.09365590085508302,0.5440780005301349,13.463146002322901,14.100879903708119
3473,16586.641066810018,16586.64127306,16586.64127306,16586.641744609,16586.655397103,0,COMPLETED,True,burst_7,113,0.20624998069251888,0.4715490031230729,13.65249399896129,14.330292982776882
3474,16586.662283905305,16586.662414647,16586.662414647,16586.663171141,16586.680569192,2,COMPLETED,True,burst_7,114,0.1307416932831984,0.7564940024167299,17.39805100078229,18.285286696482217
3475,16586.662315653135,16586.662506293,16586.662506293,16586.663321048,16586.678254402,1,COMPLETED,True,burst_7,115,0.19063986474066041,0.8147549997374881,14.933353999367682,15.93874886384583
3476,16586.668344320162,16586.668586738,16586.668586738,16586.669228576,16586.682493332,3,COMPLETED,True,burst_7,116,0.24241783830802888,0.641837999864947,13.264755998534383,14.14901183670736
3477,16586.67587869918,16586.676046191,16586.676046191,16586.676876199,16586.690313292,0,COMPLETED,True,burst_7,117,0.16749182032071985,0.8300079971377272,13.437093002721667,14.434592820180114
3478,16586.67813600033,16586.678310663,16586.678310663,16586.679019071,16586.692429776,1,COMPLETED,True,burst_7,118,0.17466266945120879,0.708408002537908,13.410704999841982,14.2937756718311
3479,16586.678581243676,16586.679402486,16586.679402486,16586.68076743,16586.695049158,2,COMPLETED,True,burst_7,119,0.8212423235818278,1.3649440006702207,14.281727999332361,16.46791432358441
3480,16586.707714407214,16586.707869413,16586.707869413,16586.708463801,16586.722422018,3,COMPLETED,True,burst_7,0,0.15500578592764214,0.5943879987171385,13.958217001345474,14.707610785990255
3481,16586.71357220126,16586.713760927,16586.713760927,16586.714522031,16586.727670444,0,COMPLETED,True,burst_7,1,0.1887257385533303,0.761104001867352,13.148412999726133,14.098242740146816
3482,16586.733010775984,16586.733220339,16586.733220339,16586.73393646,16586.749027477,1,COMPLETED,True,burst_7,2,0.20956301523256116,0.7161210014601238,15.091016997757833,16.01670101445052
3483,16586.735146992967,16586.735392011,16586.735392011,16586.736029867,16586.751643421,2,COMPLETED,True,burst_7,3,0.24501803272869438,0.6378559992299415,15.61355400190223,16.496428033860866
3484,16586.73910088023,16586.739271399,16586.739271399,16586.739801715,16586.753812416,3,COMPLETED,True,burst_7,4,0.17051877148333006,0.5303159996401519,14.010700997459935,14.711535768583417
3485,16586.746155000368,16586.746353356,16586.746353356,16586.747011057,16586.761228448,0,COMPLETED,True,burst_7,5,0.19835563216474839,0.6577009989996441,14.21739099896513,15.073447630129522
3486,16586.746966366143,16586.747122408,16586.747122408,16586.749251003,16586.766930475,1,COMPLETED,True,burst_7,6,0.1560418568260502,2.128594998794142,17.67947200278286,19.96410885840305
3487,16586.7470654148,16586.747212107,16586.747212107,16586.752075532,16586.766076044,2,COMPLETED,True,burst_7,7,0.1466922003601212,4.863425001531141,14.000512001075549,19.01062920296681
3488,16586.747808457032,16586.747963971,16586.747963971,16586.753972924,16586.767920359,3,COMPLETED,True,burst_7,8,0.15551396791124716,6.008953001582995,13.947434999863617,20.11190196935786
3489,16586.748859300085,16586.749064933,16586.749064933,16586.761665632,16586.775273161,0,COMPLETED,True,burst_7,9,0.2056329140032176,12.600698999449378,13.607529002911178,26.413860916363774
3490,16586.753850856214,16586.753980621,16586.753980621,16586.766398777,16586.780290634,2,COMPLETED,True,burst_7,10,0.12976478683413006,12.418155998602742,13.891857000999153,26.439777786436025
3491,16586.764599280865,16586.764742961,16586.764742961,16586.767296607,16586.781079808,1,COMPLETED,True,burst_7,11,0.14368013580678962,2.5536459979775827,13.783201000478584,16.480527134262957
3492,16586.76703128058,16586.76711318,16586.76711318,16586.768303034,16586.782228571,3,COMPLETED,True,burst_7,12,0.08189942309400067,1.1898539996764157,13.925536997703603,15.197290420474019
3493,16586.77463592853,16586.774732494,16586.774732494,16586.775622376,16586.789040026,0,COMPLETED,True,burst_7,13,0.0965654689935036,0.8898820015019737,13.417649999610148,14.404097470105626
3494,16586.776055607497,16586.776164123,16586.776164123,16586.780616338,16586.794226262,2,COMPLETED,True,burst_7,14,0.10851550177903846,4.452215001947479,13.609924000775209,18.170654504501726
3495,16586.776404459048,16586.77655922,16586.77655922,16586.781411978,16586.795192682,1,COMPLETED,True,burst_7,15,0.15476095359190367,4.852758000197355,13.780703997326782,18.78822295111604
3496,16586.78144908835,16586.781538325,16586.781538325,16586.782568923,16586.796350346,3,COMPLETED,True,burst_7,16,0.08923665154725313,1.0305979994882364,13.781423000182258,14.901257651217747
3497,16586.78373447675,16586.7838182,16586.7838182,16586.789369133,16586.802900937,0,COMPLETED,True,burst_7,17,0.08372325100935996,5.550932997721247,13.53180400110432,19.166460249834927
3498,16586.784632731476,16586.784721499,16586.784721499,16586.794548744,16586.808403034,2,COMPLETED,True,burst_7,18,0.08876752326614223,9.827245001361007,13.854289998562308,23.770302523189457
3499,16586.791171485405,16586.79126727,16586.79126727,16586.795490587,16586.808942977,1,COMPLETED,True,burst_7,19,0.0957845950324554,4.223316998832161,13.452390001475578,17.771491595340194
3500,16586.798168380847,16586.798255498,16586.798255498,16586.79860698,16586.812769221,3,COMPLETED,True,burst_7,20,0.08711715418030508,0.35148199822288007,14.162241001031362,14.600840153434547
3501,16586.804306540194,16586.804403149,16586.804403149,16586.80474601,16586.818315207,0,COMPLETED,True,burst_7,21,0.09660880459705368,0.3428609998081811,13.5691970026528,14.008666807058034
3502,16586.809539636743,16586.809658814,16586.809658814,16586.810047642,16586.823294562,2,COMPLETED,True,burst_7,22,0.11917725714738481,0.3888280007231515,13.246919999801321,13.754925257671857
3503,16586.823689412762,16586.823794726,16586.823794726,16586.824263456,16586.83765607,1,COMPLETED,True,burst_7,23,0.1053132364177145,0.4687300024670549,13.392614000622416,13.966657239507185
3504,16586.831640261247,16586.831743045,16586.831743045,16586.832104622,16586.84573319,3,COMPLETED,True,burst_7,24,0.10278375339112245,0.3615770001488272,13.628567998239305,14.092928751779255
3505,16586.832658974356,16586.832745771,16586.832745771,16586.833027141,16586.846777565,0,COMPLETED,True,burst_7,25,0.08679664460942149,0.2813700011756737,13.750423997407779,14.118590643192874
3506,16586.83278012447,16586.8327847,16586.8327847,16586.833162701,16586.846810647,2,COMPLETED,True,burst_7,26,0.0045755296014249325,0.3780010010814294,13.647945997945499,14.030522528628353
3507,16586.83428645432,16586.834385527,16586.834385527,16586.838010411,16586.851431168,1,COMPLETED,True,burst_7,27,0.09907268031383865,3.624884000601014,13.42075700085843,17.144713681773283
3508,16586.851113530058,16586.851222367,16586.851222367,16586.851619384,16586.864949355,3,COMPLETED,True,burst_7,28,0.10883694267249666,0.39701700006844476,13.329970999620855,13.835824942361796
3509,16586.85299593893,16586.853114299,16586.853114299,16586.853546202,16586.867032222,2,COMPLETED,True,burst_7,29,0.11836006888188422,0.43190300129936077,13.486019997799303,14.036283067980548
3510,16586.856887836177,16586.856970561,16586.856970561,16586.85731086,16586.87054018,0,COMPLETED,True,burst_7,30,0.08272482227766886,0.34029900052701123,13.229320000391454,13.652343823196134
3511,16586.858047106674,16586.858128718,16586.858128718,16586.858425392,16586.872223853,1,COMPLETED,True,burst_7,31,0.08161132427630946,0.2966740030387882,13.798460997350048,14.176746324665146
3512,16586.864506620175,16586.864606562,16586.864606562,16586.865363119,16586.878562608,3,COMPLETED,True,burst_7,32,0.09994182619266212,0.7565569976577535,13.199488999816822,14.055987823667238
3513,16586.87190245723,16586.87201293,16586.87201293,16586.872456578,16586.885950015,2,COMPLETED,True,burst_7,33,0.11047277075704187,0.44364799759932794,13.493436999851838,14.047557768208208
3514,16586.872547330066,16586.872632581,16586.872632581,16586.872984302,16586.886302665,0,COMPLETED,True,burst_7,34,0.08525093289790675,0.35172100251656957,13.318362998688826,13.755334934103303
3515,16586.880924017336,16586.881101168,16586.881101168,16586.881596251,16586.894725186,1,COMPLETED,True,burst_7,35,0.17715066496748477,0.49508300071465783,13.12893499925849,13.801168664940633
3516,16586.88623122924,16586.886376077,16586.886376077,16586.887057276,16586.901715387,3,COMPLETED,True,burst_7,36,0.14484775965684094,0.6811989987909328,14.658111002063379,15.484157760511152
3517,16586.891146658578,16586.891286939,16586.891286939,16586.891996951,16586.905329203,2,COMPLETED,True,burst_7,37,0.14028042278368957,0.7100119983078912,13.332252001418965,14.182544422510546
3518,16586.894580083233,16586.894672208,16586.894672208,16586.895361861,16586.908745468,0,COMPLETED,True,burst_7,38,0.0921247665246483,0.6896529994264711,13.383607001742348,14.165384767693467
3519,16586.909376190702,16586.909463828,16586.909463828,16586.909843766,16586.923228873,1,COMPLETED,True,burst_7,39,0.08763729783822782,0.3799379992415197,13.385107002250152,13.8526822993299
3520,16586.92539380093,16586.925487605,16586.925487605,16586.926106002,16586.94491677,3,COMPLETED,True,burst_7,40,0.09380406845593825,0.6183969999256078,18.810768000548705,19.52296906893025
3521,16586.93108260033,16586.931277734,16586.931277734,16586.931748761,16586.945622917,2,COMPLETED,True,burst_7,41,0.19513366714818403,0.47102700045797974,13.874156000383664,14.540316667989828
3522,16586.93310147691,16586.933296633,16586.933296633,16586.933742964,16586.947736752,0,COMPLETED,True,burst_7,42,0.19515609164955094,0.44633099969360046,13.993788001243956,14.635275092587108
3523,16586.935143427014,16586.93534183,16586.93534183,16586.93582392,16586.952527384,1,COMPLETED,True,burst_7,43,0.1984029877348803,0.48208999942289665,16.703463999874657,17.383956987032434
3524,16586.945251342564,16586.945654352,16586.945654352,16586.946371241,16586.959941535,3,COMPLETED,True,burst_7,44,0.40300943510374054,0.7168890006141737,13.57029399878229,14.690192434500204
3525,16586.965481675645,16586.965641211,16586.965641211,16586.966266729,16586.979308721,2,COMPLETED,True,burst_7,45,0.15953535694279708,0.6255179978325032,13.04199199876166,13.82704535353696
3526,16586.97966514825,16586.979863857,16586.979863857,16586.980531969,16586.994453553,0,COMPLETED,True,burst_7,46,0.19870874893967994,0.668111999402754,13.921584002673626,14.78840475101606
3527,16586.981300862368,16586.981450793,16586.981450793,16586.982273585,16587.000645527,1,COMPLETED,True,burst_7,47,0.14993063086876646,0.8227920006902423,18.371942001977004,19.344664633536013
3528,16586.982817221487,16586.982953825,16586.982953825,16586.983538133,16587.001983429,3,COMPLETED,True,burst_7,48,0.13660351396538317,0.5843079998157918,18.445295998390066,19.16620751217124
3529,16586.988070202744,16586.98822509,16586.98822509,16586.988935135,16587.002551452,2,COMPLETED,True,burst_7,49,0.15488725694012828,0.7100449984136503,13.616316999105038,14.481249254458817
3530,16586.991328451884,16586.991478226,16586.991478226,16586.994862886,16587.008838328,0,COMPLETED,True,burst_7,50,0.14977411410654895,3.384660001756856,13.975442001537886,17.50987611740129
3531,16586.999577303857,16586.99978137,16586.99978137,16587.001075889,16587.01520606,1,COMPLETED,True,burst_7,51,0.2040661420323886,1.2945189992024098,14.130171002761927,15.628756143996725
3532,16587.003461067794,16587.003618779,16587.003618779,16587.00434104,16587.022419179,3,COMPLETED,True,burst_7,52,0.15771120524732396,0.7222610001917928,18.078139000863302,18.95811120630242
3533,16587.004706268945,16587.00486429,16587.00486429,16587.005384158,16587.022940835,2,COMPLETED,True,burst_7,53,0.15802105554030277,0.5198680009925738,17.55667699762853,18.234566054161405
3534,16587.007835905126,16587.007950354,16587.007950354,16587.009170292,16587.022668326,0,COMPLETED,True,burst_7,54,0.11444887422840111,1.2199379998492077,13.498034000804182,14.832420874881791
3535,16587.01338788414,16587.013482808,16587.013482808,16587.015568267,16587.028966548,1,COMPLETED,True,burst_7,55,0.09492386016063392,2.0854590002272744,13.398281000263523,15.578663860651432
3536,16587.01765675495,16587.017740223,16587.017740223,16587.022639271,16587.037257573,3,COMPLETED,True,burst_7,56,0.08346805043402128,4.899047999060713,14.618302000599215,19.60081805009395
3537,16587.018684139268,16587.018766655,16587.018766655,16587.022996441,16587.037006641,0,COMPLETED,True,burst_7,57,0.08251573308371007,4.229785998177249,14.010200000484474,18.322501731745433
3538,16587.01874841391,16587.018803588,16587.018803588,16587.023179021,16587.037433447,2,COMPLETED,True,burst_7,58,0.0551740886294283,4.375432999950135,14.254426001571119,18.685033090150682
3539,16587.020592086872,16587.020685306,16587.020685306,16587.029320794,16587.043062965,1,COMPLETED,True,burst_7,59,0.0932191287574824,8.635488000436453,13.742170998739311,22.470878127933247
3540,16587.028625198025,16587.028751201,16587.028751201,16587.037351332,16587.050791137,0,COMPLETED,True,burst_7,60,0.12600297486642376,8.60013100100332,13.439804999507032,22.165938975376775
3541,16587.04270771246,16587.042824104,16587.042824104,16587.043314369,16587.057265373,3,COMPLETED,True,burst_7,61,0.11639154035947286,0.49026499982574023,13.951004002592526,14.55766054277774
3542,16587.051321581028,16587.051408457,16587.051408457,16587.051932884,16587.06583052,2,COMPLETED,True,burst_7,62,0.08687597073731013,0.5244269996182993,13.897636003093794,14.508938973449403
3543,16587.055883594192,16587.055966441,16587.055966441,16587.056483038,16587.069986904,1,COMPLETED,True,burst_7,63,0.08284680734504946,0.5165969996596687,13.503866000974085,14.103309807978803
3544,16587.060322875346,16587.06042877,16587.06042877,16587.060843183,16587.074974448,0,COMPLETED,True,burst_7,64,0.1058946545526851,0.41441299981670454,14.13126500119688,14.65157265556627
3545,16587.062807003043,16587.062904702,16587.062904702,16587.063217579,16587.077099042,3,COMPLETED,True,burst_7,65,0.09769895768840797,0.3128770003968384,13.88146299723303,14.292038955318276
3546,16587.065511469966,16587.065653477,16587.065653477,16587.066173183,16587.07968303,2,COMPLETED,True,burst_7,66,0.14200703299138695,0.519706001796294,13.509846998204011,14.171560032991692
3547,16587.081051038156,16587.081138274,16587.081138274,16587.081632841,16587.095559057,1,COMPLETED,True,burst_7,67,0.08723584323888645,0.49456700071459636,13.926216000982095,14.508018844935577
3548,16587.094988293356,16587.095089192,16587.095089192,16587.095542167,16587.109056967,0,COMPLETED,True,burst_7,68,0.1008986437227577,0.4529750003712252,13.514800000848481,14.068673644942464
3549,16587.103898828016,16587.103992283,16587.103992283,16587.104405506,16587.117405791,3,COMPLETED,True,burst_7,69,0.09345498256152496,0.4132230023969896,13.000284998270217,13.506962983228732
3550,16587.11512903392,16587.115244596,16587.115244596,16587.115652465,16587.129264801,2,COMPLETED,True,burst_7,70,0.11556208119145595,0.40786899990052916,13.612335998914205,14.13576708000619
3551,16587.13942126932,16587.139589286,16587.139589286,16587.140376967,16587.156313407,1,COMPLETED,True,burst_7,71,0.1680166787991766,0.7876810013840441,15.936439998768037,16.892137678951258
3552,16587.14112365497,16587.141272959,16587.141272959,16587.142184601,16587.163144243,0,COMPLETED,True,burst_7,72,0.1493040326749906,0.9116420005739201,20.9596419990703,22.02058803231921
3553,16587.155186728403,16587.155273937,16587.155273937,16587.156179104,16587.175722786,3,COMPLETED,True,burst_7,73,0.08720859841560014,0.9051669985638,19.543681999493856,20.536057596473256
3554,16587.16381931669,16587.164027446,16587.164027446,16587.16456039,16587.177409906,2,COMPLETED,True,burst_7,74,0.20812930961255915,0.53294399913284,12.849515998823335,13.590589307568735
3555,16587.203318170104,16587.203409499,16587.203409499,16587.204125165,16587.221571588,1,COMPLETED,True,burst_7,75,0.09132889681495726,0.7156659994507208,17.44642300036503,18.253417896630708
3556,16587.215243122242,16587.215329745,16587.215329745,16587.215767691,16587.229853992,0,COMPLETED,True,burst_7,76,0.08662275649840012,0.4379460006020963,14.086301001952961,14.610869759053458
3557,16587.220809680006,16587.220949745,16587.220949745,16587.22177197,16587.240539519,3,COMPLETED,True,burst_7,77,0.14006499259267002,0.8222249998652842,18.767549001495354,19.729838993953308
3558,16587.222896510364,16587.22301929,16587.22301929,16587.22359372,16587.2409089,1,COMPLETED,True,burst_7,78,0.12277963469387032,0.5744299996877089,17.315180000878172,18.01238963525975
3559,16587.259462837825,16587.259625424,16587.259625424,16587.260254199,16587.279545524,2,COMPLETED,True,burst_7,79,0.1625861768843606,0.6287750002229586,19.29132499935804,20.08268617646536
3560,16587.26017340076,16587.260310262,16587.260310262,16587.260830039,16587.279796569,0,COMPLETED,True,burst_7,80,0.13686124293599278,0.5197769969527144,18.96653000221704,19.62316824210575
3561,16587.26101850319,16587.261153307,16587.261153307,16587.261647746,16587.279569328,3,COMPLETED,True,burst_7,81,0.1348038094874937,0.49443899843026884,17.92158199896221,18.550824806879973
3562,16587.27224351632,16587.272320441,16587.272320441,16587.273143529,16587.28877966,1,COMPLETED,True,burst_7,82,0.07692467988817953,0.8230880011979025,15.636131000064779,16.53614368115086
3563,16587.295863630712,16587.296034159,16587.296034159,16587.296567886,16587.310052726,2,COMPLETED,True,burst_7,83,0.1705282884358894,0.5337269976735115,13.48484000118333,14.18909528729273
3564,16587.300643496263,16587.300801626,16587.300801626,16587.30137718,16587.320042993,3,COMPLETED,True,burst_7,84,0.15812973651918583,0.5755540005338844,18.66581300055259,19.39949673760566
3565,16587.305563676302,16587.305655858,16587.305655858,16587.306420251,16587.325147782,0,COMPLETED,True,burst_7,85,0.09218169725500047,0.7643930002814159,18.7275310017867,19.584105699323118
3566,16587.326227797577,16587.326331407,16587.326331407,16587.327093005,16587.341837609,1,COMPLETED,True,burst_7,86,0.10360942178522237,0.7615979993715882,14.744604002771666,15.609811423928477
3567,16587.348094576606,16587.348193977,16587.348193977,16587.348871039,16587.362174595,2,COMPLETED,True,burst_7,87,0.09940039308276027,0.6770620020688511,13.303555999300443,14.080018394452054
3568,16587.351977013288,16587.352177931,16587.352177931,16587.352881841,16587.367490085,3,COMPLETED,True,burst_7,88,0.200917711481452,0.703910001902841,14.608243996917736,15.513071710302029
3569,16587.355192889565,16587.355324723,16587.355324723,16587.356129043,16587.377368348,0,COMPLETED,True,burst_7,89,0.1318334361712914,0.8043199995881878,21.239304998744046,22.175458434503525
3570,16587.357863881633,16587.357988969,16587.357988969,16587.358890005,16587.379900121,1,COMPLETED,True,burst_7,90,0.1250873683602549,0.9010360008687712,21.010115997341927,22.036239366570953
3571,16587.367868599234,16587.368177789,16587.368177789,16587.368803881,16587.382236952,2,COMPLETED,True,burst_7,91,0.3091897669946775,0.6260919981286861,13.433070998871699,14.368352763995063
3572,16587.371272211367,16587.371397457,16587.371397457,16587.372067079,16587.386033499,3,COMPLETED,True,burst_7,92,0.12524563135229982,0.6696220007142983,13.966419999633217,14.761287631699815
3573,16587.3765769011,16587.376726895,16587.376726895,16587.377612947,16587.392246513,0,COMPLETED,True,burst_7,93,0.1499938989582006,0.8860519992595073,14.633566002885345,15.669611901103053
3574,16587.377540841884,16587.377675751,16587.377675751,16587.380226353,16587.396664854,1,COMPLETED,True,burst_7,94,0.13490911442204379,2.5506020028842613,16.43850099935662,19.124012116662925
3575,16587.37907942114,16587.379230978,16587.379230978,16587.382403526,16587.396444398,2,COMPLETED,True,burst_7,95,0.15155685832723975,3.172548000293318,14.040871999895899,17.364976858516457
3576,16587.38326813469,16587.383529226,16587.383529226,16587.386210317,16587.400068733,3,COMPLETED,True,burst_7,96,0.2610913106764201,2.6810909985215403,13.858416001312435,16.800598310510395
3577,16587.38431316352,16587.384630846,16587.384630846,16587.392597172,16587.406067377,0,COMPLETED,True,burst_7,97,0.3176824830006808,7.96632599667646,13.470205001794966,21.754213481472107
3578,16587.38795769538,16587.38810559,16587.38810559,16587.396807455,16587.410502265,2,COMPLETED,True,burst_7,98,0.14789461783948354,8.70186500105774,13.694810000743018,22.544569619640242
3579,16587.389494760027,16587.389664775,16587.389664775,16587.396980997,16587.411339242,1,COMPLETED,True,burst_7,99,0.17001497326418757,7.3162219996447675,14.35824500003946,21.844481972948415
3580,16587.396023526235,16587.396194032,16587.396194032,16587.400410425,16587.413914348,3,COMPLETED,True,burst_7,100,0.1705057657090947,4.216393001115648,13.503922997188056,17.8908217640128
3581,16587.400981482348,16587.401132308,16587.401132308,16587.406413892,16587.420231109,0,COMPLETED,True,burst_7,101,0.15082565369084477,5.281583999021677,13.817217000905657,19.24962665361818
3582,16587.40334751811,16587.40343675,16587.40343675,16587.41087565,16587.424888352,2,COMPLETED,True,burst_7,102,0.08923188943299465,7.438900000124704,14.012702002219157,21.540833891776856
3583,16587.408417136936,16587.408601776,16587.408601776,16587.411654897,16587.42627601,1,COMPLETED,True,burst_7,103,0.18463906235410832,3.053121003176784,14.621112997701857,17.85887306323275
3584,16587.4130886819,16587.413231689,16587.413231689,16587.414267669,16587.427765574,3,COMPLETED,True,burst_7,104,0.14300709881354123,1.0359799998695962,13.497905001713661,14.676892100396799
3585,16587.41727761667,16587.417445923,16587.417445923,16587.420615549,16587.434395119,0,COMPLETED,True,burst_7,105,0.16830633103381842,3.169625997543335,13.779569999314845,17.117502327891998
3586,16587.41831445887,16587.418452386,16587.418452386,16587.425260358,16587.43869525,2,COMPLETED,True,burst_7,106,0.13792712707072496,6.807972000387963,13.434892000077525,20.380791127536213
3587,16587.420218134037,16587.420360385,16587.420360385,16587.426682821,16587.44079676,1,COMPLETED,True,burst_7,107,0.14225096310838126,6.322435998299625,14.113938999798847,20.578625961206853
3588,16587.444479217284,16587.444569974,16587.444569974,16587.445148543,16587.460326688,3,COMPLETED,True,burst_7,108,0.09075671550817788,0.5785690009361133,15.178145000390941,15.847470716835232
3589,16587.469477938466,16587.469563379,16587.469563379,16587.469956819,16587.483250391,0,COMPLETED,True,burst_7,109,0.08544053343939595,0.3934400010621175,13.293571999383857,13.772452533885371
3590,16587.471372199656,16587.471456537,16587.471456537,16587.471900383,16587.485474189,2,COMPLETED,True,burst_7,110,0.08433734546997584,0.4438459982338827,13.57380600165925,14.101989345363108
3591,16587.475029168934,16587.475132938,16587.475132938,16587.475835578,16587.490691243,1,COMPLETED,True,burst_7,111,0.10376906720921397,0.7026399980532005,14.855665001960006,15.66207406722242
3592,16587.47700143815,16587.477121092,16587.477121092,16587.477618562,16587.492876096,3,COMPLETED,True,burst_7,112,0.11965385056100786,0.49746999866329134,15.25753399982932,15.87465784905362
3593,16587.478415839123,16587.478622407,16587.478622407,16587.483613118,16587.49687394,0,COMPLETED,True,burst_7,113,0.20656787819461897,4.990711000573356,13.260821997391758,18.458100876159733
3594,16587.48603540704,16587.486201979,16587.486201979,16587.486784548,16587.500642112,2,COMPLETED,True,burst_7,114,0.16657196101732552,0.5825689986522775,13.857564001227729,14.606704960897332
3595,16587.48852523841,16587.488677331,16587.488677331,16587.491126979,16587.504593045,1,COMPLETED,True,burst_7,115,0.15209259072435088,2.449648000037996,13.466066000546562,16.06780659130891
3596,16587.496769618447,16587.496889498,16587.496889498,16587.497707026,16587.510997848,3,COMPLETED,True,burst_7,116,0.11987955440417863,0.8175279981514905,13.290822000271874,14.228229552827543
3597,16587.520145808252,16587.520233713,16587.520233713,16587.520657094,16587.535279731,0,COMPLETED,True,burst_7,117,0.08790474748820998,0.42338099956396036,14.62263700159383,15.133922748646
3598,16587.521297337116,16587.521388513,16587.521388513,16587.521748731,16587.536730751,2,COMPLETED,True,burst_7,118,0.09117588342633098,0.36021800042362884,14.98201999856974,15.4334138824197
3599,16587.529345695297,16587.529541809,16587.529541809,16587.530426845,16587.550259933,1,COMPLETED,True,burst_7,119,0.19611370225902647,0.8850360027281567,19.833087997540133,20.914237702527316
3600,16587.530206664185,16587.530360299,16587.530360299,16587.530943022,16587.549527428,3,COMPLETED,True,burst_7,0,0.15363481361418962,0.5827230015711393,18.584405999718,19.32076381490333
3601,16587.53220101338,16587.532375481,16587.532375481,16587.535737913,16587.550023499,0,COMPLETED,True,burst_7,1,0.17446762285544537,3.3624319985392503,14.285585999459727,17.822485620854422
3602,16587.54101703362,16587.541454113,16587.541454113,16587.542054022,16587.562991215,2,COMPLETED,True,burst_7,2,0.43707937948056497,0.5999089989927597,20.9371929995541,21.974181378027424
3603,16587.545804472025,16587.545817686,16587.545817686,16587.550002515,16587.567934019,3,COMPLETED,True,burst_7,3,0.013213975762482733,4.184828998404555,17.931504000443965,22.129546974611003
3604,16587.55970705054,16587.559817795,16587.559817795,16587.560441398,16587.573805638,0,COMPLETED,True,burst_7,4,0.1107444622903131,0.6236029985302594,13.364239999646088,14.09858746046666
3605,16587.56256493636,16587.562663422,16587.562663422,16587.563017149,16587.576620585,1,COMPLETED,True,burst_7,5,0.09848563786363229,0.353727002220694,13.60343600026681,14.055648640351137
3606,16587.568043569856,16587.568180627,16587.568180627,16587.568888407,16587.58869711,2,COMPLETED,True,burst_7,6,0.13705714445677586,0.7077800000843126,19.808703000308014,20.653540144849103
3607,16587.577361522293,16587.57745779,16587.57745779,16587.57788303,16587.59106674,3,COMPLETED,True,burst_7,7,0.09626770770410076,0.4252399994584266,13.183709997974802,13.70521770513733
3608,16587.598689067276,16587.598860533,16587.598860533,16587.599265883,16587.613097569,0,COMPLETED,True,burst_7,8,0.1714657228149008,0.40535000152885914,13.831685999321053,14.408501723664813
3609,16587.607867669896,16587.607953564,16587.607953564,16587.608410812,16587.622416848,1,COMPLETED,True,burst_7,9,0.08589410208514892,0.45724800293101,14.006035999045707,14.549178104061866
3610,16587.609011045573,16587.609158121,16587.609158121,16587.609656459,16587.626216951,2,COMPLETED,True,burst_7,10,0.14707542504766025,0.4983380022167694,16.560492000280647,17.205905427545076
3611,16587.610177166673,16587.61026787,16587.61026787,16587.610529852,16587.624692504,3,COMPLETED,True,burst_7,11,0.0907033281691838,0.2619820006657392,14.162651998049114,14.515337326884037
3612,16587.613221020107,16587.613337301,16587.613337301,16587.613917692,16587.627487293,0,COMPLETED,True,burst_7,12,0.11628089487203397,0.5803909989481326,13.569601000199327,14.266272894019494
3613,16587.61358439084,16587.613899249,16587.613899249,16587.622757517,16587.635999517,1,COMPLETED,True,burst_7,13,0.314858159981668,8.85826800003997,13.24199999726261,22.41512615728425
3614,16587.616747659347,16587.61695611,16587.61695611,16587.624872317,16587.638530178,3,COMPLETED,True,burst_7,14,0.20845065228058957,7.916206999652786,13.657860999956029,21.782518651889404
3615,16587.629558938,16587.629690565,16587.629690565,16587.630205476,16587.644032746,2,COMPLETED,True,burst_7,15,0.13162700270186178,0.5149110002093948,13.827269998728298,14.473808001639554
3616,16587.63401789638,16587.634086048,16587.634086048,16587.634487303,16587.648162535,0,COMPLETED,True,burst_7,16,0.06815162123530172,0.4012549979961477,13.675231999513926,14.144638618745375
3617,16587.635173633265,16587.635437459,16587.635437459,16587.636364878,16587.649564293,1,COMPLETED,True,burst_7,17,0.2638257356011309,0.9274189978896175,13.199414999689907,14.390659733180655
3618,16587.6426080975,16587.642735207,16587.642735207,16587.643338003,16587.656809634,3,COMPLETED,True,burst_7,18,0.12710949886240996,0.6027960007486399,13.471631002175855,14.201536501786904
3619,16587.648562306254,16587.648718725,16587.648718725,16587.649354744,16587.662674385,2,COMPLETED,True,burst_7,19,0.1564187441545073,0.6360190018313006,13.319640998815885,14.112078744801693
3620,16587.650198189425,16587.650338175,16587.650338175,16587.650875931,16587.665924668,0,COMPLETED,True,burst_7,20,0.1399855755153112,0.5377560009947047,15.04873699741438,15.726478573924396
3621,16587.653439827223,16587.65353226,16587.65353226,16587.654135992,16587.667448358,1,COMPLETED,True,burst_7,21,0.09243277600035071,0.6037320017640013,13.312365997990128,14.00853077575448
3622,16587.676646813314,16587.676735777,16587.676735777,16587.677393885,16587.68993564,3,COMPLETED,True,burst_7,22,0.08896368672139943,0.6581079978786875,12.541755000711419,13.288826685311506
3623,16587.697468496015,16587.69755474,16587.69755474,16587.698276871,16587.712799968,2,COMPLETED,True,burst_7,23,0.08624398469692096,0.7221310006571002,14.523097001074348,15.331471986428369
3624,16587.711460705592,16587.711554419,16587.711554419,16587.712324053,16587.732806602,0,COMPLETED,True,burst_7,24,0.09371340638608672,0.7696340035181493,20.482549000007566,21.345896409911802
3625,16587.71748778317,16587.717590159,16587.717590159,16587.718014938,16587.732671667,1,COMPLETED,True,burst_7,25,0.10237583046546206,0.42477899842197075,14.656728999398183,15.183883828285616
3626,16587.73690046574,16587.737155803,16587.737155803,16587.737965199,16587.755641136,3,COMPLETED,True,burst_7,26,0.2553372578404378,0.8093960022961255,17.675936996965902,18.740670257102465
3627,16587.737286105577,16587.737778506,16587.737778506,16587.738216967,16587.753829785,2,COMPLETED,True,burst_7,27,0.49240042426390573,0.43846100015798584,15.612817998771789,16.54367942319368
3628,16587.74062990003,16587.740793686,16587.740793686,16587.741565655,16587.761256772,0,COMPLETED,True,burst_7,28,0.16378597138100304,0.7719690001977142,19.69111699872883,20.626871970307548
3629,16587.747705064212,16587.747873177,16587.747873177,16587.748583975,16587.766927258,1,COMPLETED,True,burst_7,29,0.16811278692330234,0.7107980018190574,18.34328299810295,19.22219378684531
3630,16587.75035920325,16587.750523725,16587.750523725,16587.754042379,16587.767765682,2,COMPLETED,True,burst_7,30,0.16452174895675853,3.51865400079987,13.723303000006126,17.406478749762755
3631,16587.757350713462,16587.757488735,16587.757488735,16587.757883632,16587.772189764,3,COMPLETED,True,burst_7,31,0.1380215362587478,0.3948970006604213,14.306132001365768,14.839050538284937
3632,16587.761558663504,16587.761865523,16587.761865523,16587.76233633,16587.776518735,0,COMPLETED,True,burst_7,32,0.30685949604958296,0.4708070009655785,14.182405000610743,14.960071497625904
3633,16587.76295321107,16587.763137348,16587.763137348,16587.767396739,16587.781534498,1,COMPLETED,True,burst_7,33,0.18413693032925949,4.2593910002324264,14.13775900073233,18.581286931294017
3634,16587.76594623576,16587.766045066,16587.766045066,16587.768144094,16587.784543568,2,COMPLETED,True,burst_7,34,0.09883024176815525,2.0990279990655836,16.399473999626935,18.597332240460673
3635,16587.774764637463,16587.774870527,16587.774870527,16587.775531839,16587.794689286,3,COMPLETED,True,burst_7,35,0.10588953591650352,0.6613120021938812,19.15744700090727,19.924648539017653
3636,16587.776802433316,16587.776920645,16587.776920645,16587.777234082,16587.790672243,0,COMPLETED,True,burst_7,36,0.11821168300230056,0.31343700175057165,13.438161000522086,13.869809685274959
3637,16587.77857991709,16587.77875613,16587.77875613,16587.781915224,16587.795172632,1,COMPLETED,True,burst_7,37,0.17621291044633836,3.15909400160308,13.257407998025883,16.5927149100753
3638,16587.78009624967,16587.780246138,16587.780246138,16587.784831555,16587.799850276,2,COMPLETED,True,burst_7,38,0.1498883320891764,4.585416998452274,15.01872099834145,19.7540263288829
3639,16587.817564867197,16587.817655364,16587.817655364,16587.818091399,16587.831920747,0,COMPLETED,True,burst_7,39,0.09049680375028402,0.4360349994385615,13.829348001308972,14.355879804497818
3640,16587.81888303803,16587.818966203,16587.818966203,16587.819251893,16587.835333353,3,COMPLETED,True,burst_7,40,0.08316497041960247,0.2856899991456885,16.0814599985315,16.45031496809679
3641,16587.832291997536,16587.832397125,16587.832397125,16587.832844411,16587.847171882,1,COMPLETED,True,burst_7,41,0.10512746302993037,0.4472860018722713,14.327470998978242,14.879884463880444
3642,16587.840723318877,16587.840831433,16587.840831433,16587.841284293,16587.857470323,2,COMPLETED,True,burst_7,42,0.10811412357725203,0.4528600002231542,16.186029999516904,16.74700412331731
3643,16587.840969476998,16587.841072861,16587.841072861,16587.84137148,16587.854834823,0,COMPLETED,True,burst_7,43,0.10338400170439854,0.2986190011142753,13.463342998875305,13.865346001693979
3644,16587.842543579845,16587.8426688,16587.8426688,16587.843206642,16587.856792559,3,COMPLETED,True,burst_7,44,0.12522015458671376,0.5378419991757255,13.585917000455083,14.248979154217523
3645,16587.847213796682,16587.847414481,16587.847414481,16587.848456644,16587.862243943,1,COMPLETED,True,burst_7,45,0.20068431695108302,1.042162999510765,13.787299001705833,15.03014631816768
3646,16587.849747636352,16587.849876004,16587.849876004,16587.855005336,16587.86861216,0,COMPLETED,True,burst_7,46,0.12836764653911814,5.129332002979936,13.606823998998152,18.864523648517206
3647,16587.868883880492,16587.869233834,16587.869233834,16587.869685864,16587.883069432,3,COMPLETED,True,burst_7,47,0.3499535087030381,0.45202999899629503,13.383567998971557,14.18555150667089
3648,16587.872548660245,16587.872651764,16587.872651764,16587.873274378,16587.887184881,2,COMPLETED,True,burst_7,48,0.10310375364497304,0.6226139994396362,13.910503002989572,14.63622075607418
3649,16587.875028815375,16587.875277116,16587.875277116,16587.875855417,16587.893958251,1,COMPLETED,True,burst_7,49,0.24830062466207892,0.5783010019513313,18.10283399754553,18.92943562415894
3650,16587.877129910456,16587.877270127,16587.877270127,16587.877613896,16587.891433619,0,COMPLETED,True,burst_7,50,0.14021654351381585,0.3437689993006643,13.81972300077905,14.30370854359353
3651,16587.87881942405,16587.879017271,16587.879017271,16587.88345751,16587.896788445,3,COMPLETED,True,burst_7,51,0.19784694814006798,4.440239001269219,13.330934998521116,17.969020947930403
3652,16587.89644217415,16587.896535722,16587.896535722,16587.897084306,16587.910042795,2,COMPLETED,True,burst_7,52,0.09354784924653359,0.5485840010805987,12.958488998265238,13.60062084859237
3653,16587.908848691262,16587.908966073,16587.908966073,16587.909499372,16587.922466953,3,COMPLETED,True,burst_7,53,0.1173817363451235,0.5332990003807936,12.967581002158113,13.61826173888403
3654,16587.91165686204,16587.91190547,16587.91190547,16587.912530534,16587.926310649,1,COMPLETED,True,burst_7,54,0.24860795747372322,0.625063999905251,13.780115001281956,14.65378695866093
3655,16587.940389145606,16587.94052102,16587.94052102,16587.941109622,16587.955818631,0,COMPLETED,True,burst_7,55,0.13187439253670163,0.5886020007892512,14.709008999489015,15.429485392814968
3656,16587.95588915195,16587.955978732,16587.955978732,16587.956637135,16587.971447919,2,COMPLETED,True,burst_7,56,0.08958005128079094,0.6584030015801545,14.810783999564592,15.558767052425537
3657,16587.95738857268,16587.957506126,16587.957506126,16587.957829565,16587.971754171,3,COMPLETED,True,burst_7,57,0.11755332161555998,0.3234389987483155,13.92460600254708,14.365598322910955
3658,16587.95769470725,16587.957829242,16587.957829242,16587.958680287,16587.97750714,1,COMPLETED,True,burst_7,58,0.13453475185087882,0.8510449988534674,18.826853000064148,19.812432750768494
3659,16587.95892535146,16587.959053063,16587.959053063,16587.959521439,16587.975180048,0,COMPLETED,True,burst_7,59,0.12771154069923796,0.4683759980252944,15.65860900154803,16.254696540272562
3660,16587.96150647675,16587.961668206,16587.961668206,16587.971901838,16587.985777647,2,COMPLETED,True,burst_7,60,0.16172925097635016,10.233631997834891,13.875809003366157,24.2711702521774
3661,16587.97161949284,16587.971783856,16587.971783856,16587.972604398,16587.985970784,3,COMPLETED,True,burst_7,61,0.16436315854662098,0.8205420017475262,13.366385999688646,14.351291159982793
3662,16587.97676873951,16587.976995622,16587.976995622,16587.977459528,16587.991104194,0,COMPLETED,True,burst_7,62,0.22688249009661376,0.4639059989131056,13.644665999891004,14.335454488900723
3663,16587.98436567808,16587.984495762,16587.984495762,16587.985186857,16587.998978716,1,COMPLETED,True,burst_7,63,0.13008392124902457,0.6910949996381532,13.79185900077573,14.613037921662908
3664,16587.984570159264,16587.984603611,16587.984603611,16587.986112594,16587.999805674,2,COMPLETED,True,burst_7,64,0.033451735362177715,1.508983001258457,13.693079999939073,15.235514736559708
3665,16587.987841838774,16587.987937889,16587.987937889,16587.988444775,16588.007195378,3,COMPLETED,True,burst_7,65,0.09605022569303401,0.5068860009487253,18.75060299789766,19.353539224539418
3666,16587.990792321492,16587.990883401,16587.990883401,16587.991444894,16588.005063481,0,COMPLETED,True,burst_7,66,0.09107950609177351,0.5614930014417041,13.618586999655236,14.271159507188713
3667,16587.991633601636,16587.991728944,16587.991728944,16587.999170939,16588.013152679,1,COMPLETED,True,burst_7,67,0.09534236596664414,7.441994999680901,13.981739997689147,21.51907736333669
3668,16588.001219118767,16588.001309046,16588.001309046,16588.001669462,16588.015263061,2,COMPLETED,True,burst_7,68,0.08992723451228812,0.3604159974202048,13.593599000159884,14.043942232092377
3669,16588.007472530586,16588.007633819,16588.007633819,16588.008526162,16588.026990465,0,COMPLETED,True,burst_7,69,0.161288415256422,0.8923429995775223,18.46430300065549,19.517934415489435
3670,16588.012022120227,16588.01212329,16588.01212329,16588.012630188,16588.026448258,3,COMPLETED,True,burst_7,70,0.10116977136931382,0.5068980026408099,13.818069997796556,14.42613777180668
3671,16588.01540922421,16588.015491871,16588.015491871,16588.015854754,16588.031313509,1,COMPLETED,True,burst_7,71,0.08264679127023555,0.36288300179876387,15.458754998689983,15.904284791758982
3672,16588.019229049092,16588.01931737,16588.01931737,16588.019737703,16588.033371631,2,COMPLETED,True,burst_7,72,0.08832090679788962,0.42033300269395113,13.633927999762818,14.142581909254659
3673,16588.021197526516,16588.021399715,16588.021399715,16588.026774594,16588.040233788,3,COMPLETED,True,burst_7,73,0.20218848294462077,5.37487900146516,13.459194000461139,19.03626148487092
3674,16588.02182579721,16588.021977383,16588.021977383,16588.027160109,16588.041772905,0,COMPLETED,True,burst_7,74,0.15158579117269255,5.182725999475224,14.612795999710215,19.94710779035813
3675,16588.025868471585,16588.025978725,16588.025978725,16588.031625572,16588.045897049,1,COMPLETED,True,burst_7,75,0.11025341518688947,5.64684699929785,14.271477000875166,20.028577415359905
3676,16588.03574949739,16588.035862051,16588.035862051,16588.036363881,16588.050288117,2,COMPLETED,True,burst_7,76,0.11255361096118577,0.5018299998482689,13.924235998274526,14.53861960908398
3677,16588.039156164916,16588.039360779,16588.039360779,16588.040417618,16588.054039639,3,COMPLETED,True,burst_7,77,0.20461408348637633,1.056839002558263,13.622020996990614,14.883474083035253
3678,16588.043965453042,16588.044097748,16588.044097748,16588.044549994,16588.058147943,0,COMPLETED,True,burst_7,78,0.13229495743871666,0.4522460003499873,13.59794900054112,14.182489958329825
3679,16588.051571570704,16588.051680512,16588.051680512,16588.052192657,16588.066857059,1,COMPLETED,True,burst_7,79,0.10894129445659928,0.5121450012666173,14.664401998743415,15.285488294466631
3680,16588.052934299387,16588.053029495,16588.053029495,16588.05336542,16588.066632066,2,COMPLETED,True,burst_7,80,0.09519561353954487,0.33592500039958395,13.266645997646265,13.697766611585394
3681,16588.06950710446,16588.069598503,16588.069598503,16588.069996578,16588.083470923,3,COMPLETED,True,burst_7,81,0.09139853864326142,0.398075000703102,13.474344999849563,13.963818539195927
3682,16588.0736121843,16588.073717288,16588.073717288,16588.07407629,16588.087367512,0,COMPLETED,True,burst_7,82,0.10510369975236244,0.3590019987314008,13.291221999679692,13.755327698163455
3683,16588.079657539904,16588.079774807,16588.079774807,16588.080196455,16588.093975488,2,COMPLETED,True,burst_7,83,0.11726709635695443,0.42164800106547773,13.77903299726313,14.317948094685562
3684,16588.104180251667,16588.104266049,16588.104266049,16588.104663144,16588.119304985,1,COMPLETED,True,burst_7,84,0.08579733184888028,0.3970950019720476,14.64184100041166,15.124733334232587
3685,16588.12374565328,16588.123828973,16588.123828973,16588.124279957,16588.137381792,3,COMPLETED,True,burst_7,85,0.08331971912411973,0.4509840000537224,13.101835000270512,13.636138719448354
3686,16588.124010814943,16588.124166391,16588.124166391,16588.124537476,16588.140617176,0,COMPLETED,True,burst_7,86,0.1555760572955478,0.3710849996423349,16.07969999895431,16.606361055892194
3687,16588.134038150478,16588.134157606,16588.134157606,16588.134587055,16588.150212567,2,COMPLETED,True,burst_7,87,0.11945552250836045,0.42944899905705824,15.625512001861352,16.17441652342677
3688,16588.140637022392,16588.140719941,16588.140719941,16588.141686516,16588.154585357,1,COMPLETED,True,burst_7,88,0.08291860649478622,0.9665750003478024,12.898840999696404,13.948334606538992
3689,16588.155325253312,16588.155353572,16588.155353572,16588.156097652,16588.169377518,3,COMPLETED,True,burst_7,89,0.028318689146544784,0.7440800000040326,13.279865997901652,14.05226468705223
3690,16588.15821644924,16588.158350555,16588.158350555,16588.159083922,16588.178444117,0,COMPLETED,True,burst_7,90,0.13410576138994657,0.7333670000662096,19.360194997716462,20.22766775917262
3691,16588.172515837887,16588.172616877,16588.172616877,16588.173105425,16588.187925944,2,COMPLETED,True,burst_7,91,0.10103911336045712,0.4885480011580512,14.820518998021726,15.410106112540234
3692,16588.21829680514,16588.218382658,16588.218382658,16588.218968842,16588.238586494,1,COMPLETED,True,burst_7,92,0.08585286195739172,0.5861839999852236,19.617652000306407,20.289688862249022
3693,16588.21940751829,16588.219486181,16588.219486181,16588.219773606,16588.233190819,3,COMPLETED,True,burst_7,93,0.07866270971135236,0.2874250021704938,13.417212998319883,13.783300710201729
3694,16588.220590934914,16588.220751261,16588.220751261,16588.221275807,16588.240226332,0,COMPLETED,True,burst_7,94,0.1603260861884337,0.5245460015430581,18.95052499821759,19.63539708594908
3695,16588.231480916693,16588.231644834,16588.231644834,16588.23261187,16588.25169086,2,COMPLETED,True,burst_7,95,0.16391730605391786,0.9670360013842583,19.078990000707563,20.20994330814574
3696,16588.2319581677,16588.232337892,16588.232337892,16588.233547527,16588.247081799,3,COMPLETED,True,burst_7,96,0.37972430072841235,1.209635000122944,13.534271998651093,15.123631299502449
3697,16588.23437581043,16588.234575404,16588.234575404,16588.238949517,16588.252888476,1,COMPLETED,True,burst_7,97,0.19959357086918317,4.374112999357749,13.938959000370232,18.512665570597164
3698,16588.262700532694,16588.262805187,16588.262805187,16588.263373011,16588.281339327,0,COMPLETED,True,burst_7,98,0.10465430750628002,0.5678239976987243,17.966316001547966,18.63879430675297
3699,16588.26286843745,16588.262880414,16588.262880414,16588.263419089,16588.276811101,3,COMPLETED,True,burst_7,99,0.01197655001305975,0.5386749980971217,13.392012002441334,13.942663550551515
3700,16588.264575465113,16588.264765768,16588.264765768,16588.265494379,16588.283297492,2,COMPLETED,True,burst_7,100,0.19030288603971712,0.7286110012501013,17.803112998080906,18.722026885370724
3701,16588.27047983095,16588.270567339,16588.270567339,16588.271099163,16588.284916439,1,COMPLETED,True,burst_7,101,0.08750805136514828,0.5318240000633523,13.817275998007972,14.436608049436472
3702,16588.2709116715,16588.271092362,16588.271092362,16588.277172233,16588.290899499,3,COMPLETED,True,burst_7,102,0.18069049838231876,6.07987100011087,13.727265999477822,19.98782749797101
3703,16588.27117797098,16588.271584386,16588.271584386,16588.281881793,16588.299007966,0,COMPLETED,True,burst_7,103,0.40641501982463524,10.297406999598024,17.126173002907308,27.829995022329967
3704,16588.28349083726,16588.283765999,16588.283765999,16588.28463674,16588.298617931,2,COMPLETED,True,burst_7,104,0.27516173940966837,0.8707410015631467,13.981190997583326,15.127093738556141
3705,16588.283749803213,16588.283868822,16588.283868822,16588.285260216,16588.299177678,1,COMPLETED,True,burst_7,105,0.11901878679054789,1.3913939983467571,13.917462001700187,15.427874786837492
3706,16588.28452218513,16588.284699953,16588.284699953,16588.291282112,16588.305210161,3,COMPLETED,True,burst_7,106,0.17776786989998072,6.582158999663079,13.928049000242027,20.687975869805086
3707,16588.288500714276,16588.288688549,16588.288688549,16588.298800022,16588.312978724,2,COMPLETED,True,burst_7,107,0.1878347247838974,10.111472998687532,14.178702000208432,24.47800972367986
3708,16588.28954032929,16588.289709045,16588.289709045,16588.299485482,16588.313103183,0,COMPLETED,True,burst_7,108,0.16871570915100165,9.7764370002551,13.617701002658578,23.56285371206468
3709,16588.29276909947,16588.292961378,16588.292961378,16588.299497674,16588.312990439,1,COMPLETED,True,burst_7,109,0.19227853044867516,6.536296001286246,13.49276499968255,20.22133953141747
3710,16588.297363515332,16588.297483811,16588.297483811,16588.305587131,16588.318949891,3,COMPLETED,True,burst_7,110,0.12029566642013378,8.10332000037306,13.362760000745766,21.58637566753896
3711,16588.3004300619,16588.30058672,16588.30058672,16588.313204961,16588.327388116,1,COMPLETED,True,burst_7,111,0.1566581013321411,12.618240998563124,14.183154999045655,26.95805409894092
3712,16588.312567593737,16588.31267361,16588.31267361,16588.313479876,16588.327085168,0,COMPLETED,True,burst_7,112,0.10601626127026975,0.8062660017458256,13.605291998828761,14.517574261844857
3713,16588.313442588198,16588.313529232,16588.313529232,16588.313984105,16588.327510226,2,COMPLETED,True,burst_7,113,0.08664380220579915,0.45487299939850345,13.526121001632418,14.067637803236721
3714,16588.313955900987,16588.314038332,16588.314038332,16588.319298591,16588.332817988,3,COMPLETED,True,burst_7,114,0.08243101183325052,5.2602590003516525,13.519397001800826,18.86208701398573
3715,16588.324187375347,16588.324300208,16588.324300208,16588.32745082,16588.340834312,0,COMPLETED,True,burst_7,115,0.11283265484962612,3.1506119994446635,13.383491997956298,16.646936652250588
3716,16588.36464935662,16588.364739168,16588.364739168,16588.365248286,16588.378792961,1,COMPLETED,True,baseline_8,116,0.08981137943919748,0.5091180028102826,13.544674999138806,14.143604381388286
3717,16588.394782068986,16588.394869197,16588.394869197,16588.39543843,16588.411399476,2,COMPLETED,True,baseline_8,117,0.08712801354704425,0.5692330014426261,15.961045999574708,16.617407014564378
3718,16588.415830219143,16588.415925475,16588.415925475,16588.416595215,16588.43492107,3,COMPLETED,True,baseline_8,118,0.0952558584685903,0.6697399985569064,18.325854998693103,19.0908508557186
3719,16588.418774249276,16588.418883024,16588.418883024,16588.419557325,16588.433668142,0,COMPLETED,True,baseline_8,119,0.10877472232095897,0.6743010017089546,14.110816999163944,14.893892723193858
3720,16588.421157922876,16588.421314882,16588.421314882,16588.422025824,16588.441982605,1,COMPLETED,True,baseline_8,0,0.1569591258885339,0.7109419966582209,19.956781001383206,20.82468212392996
3721,16588.439710729086,16588.439831334,16588.439831334,16588.440717333,16588.459684939,2,COMPLETED,True,baseline_8,1,0.12060491280863062,0.8859990011842456,18.967605999932857,19.974209913925733
3722,16588.472548067482,16588.472798724,16588.472798724,16588.473714445,16588.494374181,0,COMPLETED,True,baseline_8,2,0.2506565178919118,0.9157210006378591,20.659735997469397,21.826113515999168
3723,16588.473133946118,16588.473426858,16588.473426858,16588.47381681,16588.494139979,3,COMPLETED,True,baseline_8,3,0.2929118818428833,0.38995200156932697,20.323168999311747,21.006032882723957
3724,16588.483425066832,16588.483588083,16588.483588083,16588.484167017,16588.501721657,1,COMPLETED,True,baseline_8,4,0.16301616778946482,0.5789339993498288,17.554640002344968,18.29659016948426
3725,16588.50070104041,16588.500875487,16588.500875487,16588.501606033,16588.520819345,2,COMPLETED,True,baseline_8,5,0.17444658806198277,0.7305460021598265,19.213311999919824,20.118304590141634
3726,16588.575637656148,16588.575898156,16588.575898156,16588.576599323,16588.591787026,3,COMPLETED,True,baseline_8,6,0.26049985171994194,0.701167002262082,15.187702996627195,16.14936985060922
3727,16588.587658541335,16588.587820253,16588.587820253,16588.588416717,16588.606701488,0,COMPLETED,True,baseline_8,7,0.16171166498679668,0.596464000409469,18.284770998434396,19.042946663830662
3728,16588.595769261243,16588.595987592,16588.595987592,16588.596979655,16588.616537937,1,COMPLETED,True,baseline_8,8,0.2183307587984018,0.992063000012422,19.558281997888116,20.76867575669894
3729,16588.621182273346,16588.621341532,16588.621341532,16588.622198351,16588.637503753,2,COMPLETED,True,baseline_8,9,0.1592586559127085,0.856818998727249,15.305402001104085,16.321479655744042
3730,16588.659828095002,16588.659917539,16588.659917539,16588.660543348,16588.678525165,3,COMPLETED,True,baseline_8,10,0.08944399814936332,0.6258089997572824,17.981816999963485,18.69706999787013
3731,16588.70212938706,16588.702240134,16588.702240134,16588.702899734,16588.721134409,0,COMPLETED,True,baseline_8,11,0.11074693975388072,0.6595999984710943,18.23467500071274,19.005021938937716
3732,16588.761944569647,16588.762116127,16588.762116127,16588.762857174,16588.780765894,1,COMPLETED,True,baseline_8,12,0.17155735258711502,0.7410469988826662,17.908720001287293,18.821324352757074
3733,16588.812208898566,16588.812355261,16588.812355261,16588.813304993,16588.83337168,2,COMPLETED,True,baseline_8,13,0.14636243577115238,0.9497319988440722,20.066687000507955,21.16278143512318
3734,16588.82286329043,16588.823142952,16588.823142952,16588.823827342,16588.841877046,3,COMPLETED,True,baseline_8,14,0.27966156994807534,0.68439000096987,18.049704001896316,19.01375557281426
3735,16588.828630951975,16588.828768341,16588.828768341,16588.829476099,16588.843236741,0,COMPLETED,True,baseline_8,15,0.13738902634941041,0.7077579975884873,13.760641999397194,14.605789023335092
3736,16588.916459318425,16588.916560142,16588.916560142,16588.917467913,16588.937808824,1,COMPLETED,True,baseline_8,16,0.10082357403007336,0.9077710019482765,20.34091099994839,21.34950557592674
3737,16588.92151212733,16588.921612621,16588.921612621,16588.922204225,16588.940146584,2,COMPLETED,True,baseline_8,17,0.10049367119790986,0.5916039990552235,17.942358997970587,18.63445666822372
3738,16588.953838028498,16588.954135323,16588.954135323,16588.955010771,16588.973130312,3,COMPLETED,True,baseline_8,18,0.2972945039800834,0.8754479968047235,18.119541000487516,19.292283501272323
3739,16588.9543300936,16588.95479219,16588.95479219,16588.955356597,16588.974204304,0,COMPLETED,True,baseline_8,19,0.46209640277083963,0.5644070006383117,18.847706996893976,19.874210400303127
3740,16588.998357159573,16588.998528421,16588.998528421,16588.99921457,16589.017141347,1,COMPLETED,True,baseline_8,20,0.17126142847700976,0.6861490001028869,17.926776999956928,18.784187428536825
3741,16589.043811407813,16589.043974824,16589.043974824,16589.044644344,16589.063644905,2,COMPLETED,True,baseline_8,21,0.1634161853871774,0.6695200027024839,19.000560998392757,19.83349718648242
3742,16589.046413517477,16589.046573224,16589.046573224,16589.047156591,16589.066159242,3,COMPLETED,True,baseline_8,22,0.15970652384567074,0.5833670002175495,19.002650999027537,19.745724523090757
3743,16589.06380029103,16589.064288147,16589.064288147,16589.065086281,16589.084597477,0,COMPLETED,True,baseline_8,23,0.487855970277451,0.7981339986145031,19.51119600198581,20.797185970877763
3744,16589.07023805926,16589.070388503,16589.070388503,16589.070870277,16589.088590488,1,COMPLETED,True,baseline_8,24,0.1504437423136551,0.48177399730775505,17.720211002597352,18.352428742218763
3745,16589.091197554037,16589.091314473,16589.091314473,16589.092113772,16589.105784046,2,COMPLETED,True,baseline_8,25,0.11691896361298859,0.7992989994818345,13.670274001924554,14.586491965019377
3746,16589.10389236703,16589.103996152,16589.103996152,16589.104687061,16589.122763368,3,COMPLETED,True,baseline_8,26,0.10378496881457977,0.6909090006956831,18.076306998409564,18.871000967919827
3747,16589.12697698374,16589.127146876,16589.127146876,16589.12755251,16589.140469429,0,COMPLETED,True,baseline_8,27,0.16989225696306676,0.40563400034443475,12.916919000417693,13.492445257725194
3748,16589.12980400558,16589.129900008,16589.129900008,16589.130272761,16589.143214998,1,COMPLETED,True,baseline_8,28,0.09600241901353002,0.3727529983734712,12.942237000970636,13.410992418357637
3749,16589.137325055908,16589.137425787,16589.137425787,16589.137821223,16589.152393111,2,COMPLETED,True,baseline_8,29,0.10073109297081828,0.39543599996250123,14.571887997590238,15.068055090523558
3750,16589.167367677757,16589.167544824,16589.167544824,16589.168263031,16589.186884514,3,COMPLETED,True,baseline_8,30,0.17714624118525535,0.7182070003182162,18.62148300278932,19.51683624429279
3751,16589.188115741585,16589.18824229,16589.18824229,16589.18910189,16589.208809419,0,COMPLETED,True,baseline_8,31,0.12654841702897102,0.8595999970566481,19.707529001607327,20.693677415692946
3752,16589.217891306405,16589.218038761,16589.218038761,16589.219006715,16589.237718634,1,COMPLETED,True,baseline_8,32,0.14745459338882938,0.9679540016804822,18.71191900136182,19.827327596431132
3753,16589.241194632472,16589.241359196,16589.241359196,16589.24244559,16589.261741513,2,COMPLETED,True,baseline_8,33,0.16456352750537917,1.086394000594737,19.295923000754556,20.546880528854672
3754,16589.24800794584,16589.24820385,16589.24820385,16589.24892175,16589.268058179,3,COMPLETED,True,baseline_8,34,0.1959041583177168,0.7179000022006221,19.136429000354838,20.050233160873177
3755,16589.27329938181,16589.273451229,16589.273451229,16589.274362034,16589.294222214,0,COMPLETED,True,baseline_8,35,0.1518471908639185,0.9108049998758361,19.860180000250693,20.922832190990448
3756,16589.28221819527,16589.282509562,16589.282509562,16589.283327303,16589.302018798,1,COMPLETED,True,baseline_8,36,0.29136673038010485,0.8177410018106457,18.691494999075076,19.800602731265826
3757,16589.28628300745,16589.286589515,16589.286589515,16589.287082142,16589.300846632,2,COMPLETED,True,baseline_8,37,0.3065075507038273,0.4926270012219902,13.76448999872082,14.563624550646637
3758,16589.312708061472,16589.312814097,16589.312814097,16589.313486299,16589.332413014,3,COMPLETED,True,baseline_8,38,0.10603552800603211,0.6722020007146057,18.926714998087846,19.704952526808484
3759,16589.334912562783,16589.335055405,16589.335055405,16589.335906309,16589.355228041,0,COMPLETED,True,baseline_8,39,0.14284221833804622,0.8509039980708621,19.321732001117198,20.315478217526106
3760,16589.385039475146,16589.385146514,16589.385146514,16589.385839188,16589.405386599,2,COMPLETED,True,baseline_8,40,0.10703885345719755,0.6926739988557529,19.5474110005307,20.34712385284365
3761,16589.390160785697,16589.390268168,16589.390268168,16589.390638424,16589.406116613,1,COMPLETED,True,baseline_8,41,0.10738230412243865,0.37025599885964766,15.478189001441933,15.95582730442402
3762,16589.422951656252,16589.423146848,16589.423146848,16589.423933218,16589.443963883,3,COMPLETED,True,baseline_8,42,0.19519174747983925,0.7863700011512265,20.030665000376757,21.012226749007823
3763,16589.4279119188,16589.428059515,16589.428059515,16589.428836641,16589.448133223,0,COMPLETED,True,baseline_8,43,0.14759620171389543,0.777125998865813,19.296581998787588,20.221304199367296
3764,16589.486449539294,16589.486615793,16589.486615793,16589.487190952,16589.50048205,2,COMPLETED,True,baseline_8,44,0.16625370699330233,0.5751589997089468,13.291097999172052,14.032510705874301
3765,16589.50473042491,16589.504892246,16589.504892246,16589.505565158,16589.523335537,1,COMPLETED,True,baseline_8,45,0.1618210917513352,0.6729119995725341,17.77037899955758,18.60511209088145
3766,16589.546130278508,16589.546307878,16589.546307878,16589.547043804,16589.565057796,3,COMPLETED,True,baseline_8,46,0.1775994933268521,0.7359259980148636,18.01399200121523,18.927517492556944
3767,16589.565092938323,16589.565256228,16589.565256228,16589.566270163,16589.585496073,0,COMPLETED,True,baseline_8,47,0.16328967831213959,1.0139349978999235,19.225910000386648,20.40313467659871
3768,16589.596739315515,16589.596902591,16589.596902591,16589.597886717,16589.617891339,2,COMPLETED,True,baseline_8,48,0.16327548655681312,0.9841259998211171,20.004621997941285,21.152023484319216
3769,16589.622848609077,16589.622995833,16589.622995833,16589.623658656,16589.639032414,1,COMPLETED,True,baseline_8,49,0.14722392370458692,0.6628230003116187,15.37375800035079,16.183804924366996
3770,16589.625440238833,16589.62562801,16589.62562801,16589.626082383,16589.638968532,3,COMPLETED,True,baseline_8,50,0.1877711656561587,0.4543730028672144,12.886148997495184,13.528293166018557
3771,16589.65282839866,16589.652976947,16589.652976947,16589.653794518,16589.670933125,0,COMPLETED,True,baseline_8,51,0.14854834080324508,0.8175709990609903,17.13860699965153,18.104726339515764
3772,16589.671772342837,16589.671937763,16589.671937763,16589.672634976,16589.685606146,2,COMPLETED,True,baseline_8,52,0.16542016237508506,0.6972129995119758,12.971169999218546,13.833803161105607
3773,16589.680249536115,16589.68050388,16589.68050388,16589.681211756,16589.696296018,3,COMPLETED,True,baseline_8,53,0.2543438858992886,0.7078759990690742,15.084261998708826,16.04648188367719
3774,16589.680631501447,16589.68091849,16589.68091849,16589.681470649,16589.700634603,1,COMPLETED,True,baseline_8,54,0.28698855385300703,0.552158999198582,19.163953998940997,20.003101551992586
3775,16589.68352277705,16589.683683435,16589.683683435,16589.684253556,16589.702778252,0,COMPLETED,True,baseline_8,55,0.1606579498911742,0.5701209993276279,18.524696002714336,19.255474951933138
3776,16589.711329588743,16589.711471926,16589.711471926,16589.712216046,16589.728445347,2,COMPLETED,True,baseline_8,56,0.14233725596568547,0.7441199995810166,16.229300999839325,17.115758255386027
3777,16589.76927718,16589.769445971,16589.769445971,16589.770010338,16589.783345469,3,COMPLETED,True,baseline_8,57,0.16879100076039322,0.5643670010613278,13.33513099962147,14.06828900144319
3778,16589.787157928044,16589.787413844,16589.787413844,16589.78817847,16589.807901529,1,COMPLETED,True,baseline_8,58,0.2559159547672607,0.7646260019100737,19.723058998351917,20.74360095502925
3779,16589.807483541215,16589.807631701,16589.807631701,16589.808488412,16589.828660829,0,COMPLETED,True,baseline_8,59,0.14815978647675365,0.8567109980504028,20.17241700013983,21.177287784666987
3780,16589.85586693649,16589.855958069,16589.855958069,16589.856690432,16589.876727253,2,COMPLETED,True,baseline_8,60,0.09113251144299284,0.732362997950986,20.03682099893922,20.8603165083332
3781,16589.875624198306,16589.875729636,16589.875729636,16589.876185701,16589.892216252,3,COMPLETED,True,baseline_8,61,0.10543769531068392,0.4560649977065623,16.03055099985795,16.592053692875197
3782,16589.94265508629,16589.942828635,16589.942828635,16589.943596751,16589.96415026,1,COMPLETED,True,baseline_8,62,0.17354870942654088,0.7681159986532293,20.55350899900077,21.49517370708054
3783,16589.99938009369,16589.999529434,16589.999529434,16590.000539125,16590.020300103,0,COMPLETED,True,baseline_8,63,0.1493403105996549,1.0096910009451676,19.76097799706622,20.920009308611043
3784,16590.009183366154,16590.009350577,16590.009350577,16590.010379118,16590.030346312,2,COMPLETED,True,baseline_8,64,0.16721084466553293,1.0285410025971942,19.96719399903668,21.162945846299408
3785,16590.054603051194,16590.054748468,16590.054748468,16590.055643061,16590.075073431,3,COMPLETED,True,baseline_8,65,0.1454168050258886,0.8945930021582171,19.43036999728065,20.470379804464756
3786,16590.06910975387,16590.069256013,16590.069256013,16590.070281544,16590.090391301,1,COMPLETED,True,baseline_8,66,0.1462591317249462,1.0255310007778462,20.109756998863304,21.281547131366096
3787,16590.08187316164,16590.082017293,16590.082017293,16590.082852263,16590.102313483,0,COMPLETED,True,baseline_8,67,0.14413136159419082,0.8349700001417659,19.461219999357127,20.440321361093083
3788,16590.0934278401,16590.09357679,16590.09357679,16590.094425355,16590.113499189,2,COMPLETED,True,baseline_8,68,0.14894990090397187,0.8485649996146094,19.073833998845657,20.07134889936424
3789,16590.094408646204,16590.09455373,16590.09455373,16590.095287656,16590.113957252,3,COMPLETED,True,baseline_8,69,0.14508379535982385,0.7339260009757709,18.669596000108868,19.548605796444463
3790,16590.104229563975,16590.104381049,16590.104381049,16590.105257423,16590.124200696,1,COMPLETED,True,baseline_8,70,0.15148502643569373,0.876374000654323,18.94327299669385,19.971132023783866
3791,16590.11563943266,16590.115764731,16590.115764731,16590.116551375,16590.130046083,0,COMPLETED,True,baseline_8,71,0.12529833838925697,0.7866439991630614,13.494708000507671,14.40665033805999
3792,16590.15562182088,16590.155776966,16590.155776966,16590.156329679,16590.169411123,2,COMPLETED,True,baseline_8,72,0.15514512051595375,0.5527130015252624,13.081443998089526,13.789302120130742
3793,16590.168773027006,16590.168914711,16590.168914711,16590.169655564,16590.18933027,3,COMPLETED,True,baseline_8,73,0.14168399502523243,0.7408530000247993,19.674705999932485,20.557242994982516
3794,16590.198086710607,16590.198236366,16590.198236366,16590.198962421,16590.217994355,2,COMPLETED,True,baseline_8,74,0.14965539230615832,0.7260550009959843,19.03193399994052,19.907644393242663
3795,16590.208700421565,16590.208870585,16590.208870585,16590.209417497,16590.227268488,0,COMPLETED,True,baseline_8,75,0.17016343554132618,0.5469120005727746,17.85099100015941,18.56806643627351
3796,16590.21379208411,16590.213934165,16590.213934165,16590.214729954,16590.231949823,1,COMPLETED,True,baseline_8,76,0.14208089123712853,0.7957890011311974,17.219868997926824,18.15773889029515
3797,16590.22923112932,16590.229407458,16590.229407458,16590.230122841,16590.248606419,3,COMPLETED,True,baseline_8,77,0.17632867820793763,0.7153830010793172,18.4835780019057,19.375289681192953
3798,16590.241109558294,16590.241319534,16590.241319534,16590.242186789,16590.261553448,2,COMPLETED,True,baseline_8,78,0.20997570754843764,0.8672549993207213,19.36665899847867,20.44388970534783
3799,16590.28165148887,16590.281798665,16590.281798665,16590.28247502,16590.301449519,0,COMPLETED,True,baseline_8,79,0.14717613157699816,0.6763550009054597,18.974498998431955,19.798030130914412
3800,16590.29902431205,16590.299115225,16590.299115225,16590.299579304,16590.317975637,1,COMPLETED,True,baseline_8,80,0.09091294850804843,0.464078999357298,18.396333001874154,18.9513249497395
3801,16590.329777306983,16590.329923386,16590.329923386,16590.330504967,16590.350357436,3,COMPLETED,True,baseline_8,81,0.1460790190321859,0.5815810000058264,19.852468998578843,20.580129017616855
3802,16590.36741782596,16590.367563343,16590.367563343,16590.368477848,16590.383997395,2,COMPLETED,True,baseline_8,82,0.1455170386179816,0.9145049989456311,15.519547003350453,16.579569040914066
3803,16590.38650939149,16590.386651262,16590.386651262,16590.387116411,16590.402722757,0,COMPLETED,True,baseline_8,83,0.14187051056069322,0.465148998046061,15.606346001732163,16.213365510338917
3804,16590.425033526,16590.425224706,16590.425224706,16590.425956191,16590.443823194,1,COMPLETED,True,baseline_8,84,0.19117999909212813,0.7314850008697249,17.86700299999211,18.789667999953963
3805,16590.446842178022,16590.446956398,16590.446956398,16590.447506217,16590.46069672,3,COMPLETED,True,baseline_8,85,0.1142199762398377,0.5498190002981573,13.190503002988407,13.854541979526402
3806,16590.459301491617,16590.459440415,16590.459440415,16590.460182462,16590.477992187,2,COMPLETED,True,baseline_8,86,0.13892338392906822,0.742046999221202,17.809724999096943,18.690695382247213
3807,16590.466431526267,16590.466586298,16590.466586298,16590.46729026,16590.481015885,0,COMPLETED,True,baseline_8,87,0.15477173292310908,0.7039619995339308,13.725625001825392,14.584358734282432
3808,16590.54905181785,16590.549145727,16590.549145727,16590.549796383,16590.564991598,1,COMPLETED,True,baseline_8,88,0.0939091514737811,0.6506559984700289,15.195215000858298,15.939780150802108
3809,16590.575959178652,16590.576125669,16590.576125669,16590.576912192,16590.59638579,3,COMPLETED,True,baseline_8,89,0.16649034660076723,0.7865229999879375,19.47359800033155,20.426611346920254
3810,16590.57735455073,16590.577497024,16590.577497024,16590.577958854,16590.595776379,2,COMPLETED,True,baseline_8,90,0.14247327271732502,0.4618299972207751,17.81752500028233,18.42182827022043
3811,16590.58725593338,16590.587350026,16590.587350026,16590.588102428,16590.60588821,0,COMPLETED,True,baseline_8,91,0.09409261838300154,0.7524020002165344,17.78578200173797,18.632276620337507
3812,16590.622217825887,16590.622347667,16590.622347667,16590.623318473,16590.643010604,1,COMPLETED,True,baseline_8,92,0.12984111162950285,0.9708060024422593,19.692130998009816,20.792778112081578
3813,16590.670697287645,16590.670788635,16590.670788635,16590.671328269,16590.688883842,2,COMPLETED,True,baseline_8,93,0.09134735591942444,0.5396339984145015,17.555573002027813,18.18655435636174
3814,16590.676182094485,16590.676266706,16590.676266706,16590.676810383,16590.696547838,3,COMPLETED,True,baseline_8,94,0.0846115144668147,0.5436770006781444,19.737455000722548,20.365743515867507
3815,16590.68251137643,16590.682559437,16590.682559437,16590.683041044,16590.697513944,0,COMPLETED,True,baseline_8,95,0.048060566768981516,0.4816070031665731,14.472899998509092,15.002567568444647
3816,16590.714547498883,16590.714617061,16590.714617061,16590.7156114,16590.735131258,1,COMPLETED,True,baseline_8,96,0.06956211655051447,0.9943389995896723,19.519858000421664,20.58375911656185
3817,16590.76125761761,16590.761423347,16590.761423347,16590.762174215,16590.78094035,2,COMPLETED,True,baseline_8,97,0.16572939057368785,0.7508679991587996,18.76613499916857,19.68273238890106
3818,16590.92548357383,16590.925655309,16590.925655309,16590.926747651,16590.947021959,3,COMPLETED,True,baseline_8,98,0.17173517335322686,1.0923419977189042,20.27430800080765,21.53838517187978
3819,16590.96346610686,16590.963642626,16590.963642626,16590.964869195,16590.985545645,0,COMPLETED,True,baseline_8,99,0.1765191409504041,1.2265689983905759,20.676449999882607,22.079538139223587
3820,16590.964594502864,16590.964854881,16590.964854881,16590.965561096,16590.985856081,1,COMPLETED,True,baseline_8,100,0.2603781358629931,0.7062149998091627,20.294984999054577,21.261578134726733
3821,16591.00053931343,16591.000690411,16591.000690411,16591.001323875,16591.01837488,2,COMPLETED,True,baseline_8,101,0.15109757077880204,0.6334639983833767,17.051005001121666,17.835566570283845
3822,16591.02840159203,16591.028553367,16591.028553367,16591.02928991,16591.047990197,3,COMPLETED,True,baseline_8,102,0.15177496970864013,0.7365429992205463,18.700287000683602,19.58860496961279
3823,16591.066440756353,16591.066583591,16591.066583591,16591.067063365,16591.085396901,0,COMPLETED,True,baseline_8,103,0.14283464770414867,0.47977400026866235,18.33353599795373,18.956144645926543
3824,16591.080096702965,16591.080217941,16591.080217941,16591.081138663,16591.100275071,1,COMPLETED,True,baseline_8,104,0.1212380338984076,0.9207220027747098,19.136407998303184,20.1783680349763
3825,16591.1056358367,16591.105876239,16591.105876239,16591.106664576,16591.125432528,2,COMPLETED,True,baseline_8,105,0.24040229982347228,0.7883370017225388,18.76795199859771,19.79669130014372
3826,16591.109796610523,16591.109967456,16591.109967456,16591.110627837,16591.131235099,3,COMPLETED,True,baseline_8,106,0.17084547653212212,0.6603809997614007,20.607262002158677,21.4384884784522
3827,16591.133959829258,16591.13408767,16591.13408767,16591.134779316,16591.14804554,0,COMPLETED,True,baseline_8,107,0.12784074351657182,0.6916459969943389,13.266224003018579,14.08571074352949
3828,16591.144606359394,16591.144746685,16591.144746685,16591.145508388,16591.160803767,1,COMPLETED,True,baseline_8,108,0.14032560648047365,0.7617029987159185,15.295379002054688,16.19740760725108
3829,16591.15760525534,16591.157865371,16591.157865371,16591.158788171,16591.177899773,2,COMPLETED,True,baseline_8,109,0.2601156593300402,0.9228000017174054,19.111601999611594,20.29451766065904
3830,16591.201245173015,16591.201373403,16591.201373403,16591.202557411,16591.221791944,3,COMPLETED,True,baseline_8,110,0.1282299854210578,1.184008000564063,19.23453299968969,20.54677098567481
3831,16591.206927897856,16591.207051756,16591.207051756,16591.207423883,16591.220950293,0,COMPLETED,True,baseline_8,111,0.12385814261506312,0.3721270004461985,13.526410002668854,14.022395145730115
3832,16591.266147177997,16591.266294148,16591.266294148,16591.267142238,16591.287455881,1,COMPLETED,True,baseline_8,112,0.14697000369778834,0.8480899996357039,20.313642999099102,21.308703002432594
3833,16591.272416434287,16591.272552507,16591.272552507,16591.273260484,16591.293204001,2,COMPLETED,True,baseline_8,113,0.13607271102955565,0.7079770002746955,19.943516999774147,20.787566711078398
3834,16591.27603741861,16591.276195952,16591.276195952,16591.276793525,16591.296733429,0,COMPLETED,True,baseline_8,114,0.1585333884577267,0.5975730018690228,19.939903999329545,20.696010389656294
3835,16591.2996001344,16591.299747379,16591.299747379,16591.300630054,16591.321289431,3,COMPLETED,True,baseline_8,115,0.14724459833814763,0.8826750017760787,20.659377001720713,21.68929660183494
3836,16591.311986328976,16591.312143958,16591.312143958,16591.312809594,16591.325762638,1,COMPLETED,True,baseline_8,116,0.15762902330607176,0.6656360019405838,12.953043999004876,13.776309024251532
3837,16591.33299855853,16591.333147846,16591.333147846,16591.333657389,16591.347410488,2,COMPLETED,True,baseline_8,117,0.1492874689574819,0.5095430024084635,13.753098999586655,14.4119294709526
3838,16591.33352495204,16591.333661352,16591.333661352,16591.334297964,16591.351244056,0,COMPLETED,True,baseline_8,118,0.13639996177516878,0.6366119996528141,16.946092000580393,17.719103962008376
3839,16591.334413444714,16591.334607824,16591.334607824,16591.335207838,16591.351804873,3,COMPLETED,True,baseline_8,119,0.19437928494880907,0.6000140019750688,16.597034998994786,17.391428285918664
3840,16591.40588538972,16591.40608724,16591.40608724,16591.406712945,16591.422338098,1,COMPLETED,True,baseline_8,0,0.2018502818827983,0.6257050008571241,15.625152998836711,16.452708281576633
3841,16591.409897548972,16591.410025493,16591.410025493,16591.410604661,16591.426379082,2,COMPLETED,True,baseline_8,1,0.12794402937288396,0.5791679977846798,15.774421000969596,16.48153302812716
3842,16591.417647264974,16591.417776752,16591.417776752,16591.418260172,16591.431685271,0,COMPLETED,True,baseline_8,2,0.1294870271522086,0.4834199971810449,13.42509900132427,14.038006025657523
3843,16591.426737498656,16591.427211933,16591.427211933,16591.427885497,16591.445837478,3,COMPLETED,True,baseline_8,3,0.47443434596061707,0.6735639981343411,17.951981000805972,19.09997934490093
3844,16591.470521378575,16591.470675429,16591.470675429,16591.471446277,16591.490111681,1,COMPLETED,True,baseline_8,4,0.1540504235890694,0.7708480006840546,18.665404000785202,19.590302425058326
3845,16591.529429784005,16591.529599473,16591.529599473,16591.530580245,16591.551132241,2,COMPLETED,True,baseline_8,5,0.16968899581115693,0.9807719980017282,20.551995999994688,21.702456993807573
3846,16591.54555455385,16591.54569953,16591.54569953,16591.546720814,16591.566476296,0,COMPLETED,True,baseline_8,6,0.14497615120490082,1.0212839988525957,19.75548200061894,20.921742150676437
3847,16591.55799998761,16591.558253079,16591.558253079,16591.559189473,16591.579159143,3,COMPLETED,True,baseline_8,7,0.2530913916416466,0.9363939971080981,19.96967000013683,21.159155388886575
3848,16591.566281594576,16591.566443034,16591.566443034,16591.567439938,16591.58731377,1,COMPLETED,True,baseline_8,8,0.16143942411872558,0.996904000203358,19.873831999575486,21.03217542389757
3849,16591.567779216213,16591.567952072,16591.567952072,16591.568833266,16591.584219171,2,COMPLETED,True,baseline_8,9,0.17285578724113293,0.8811939987936057,15.385905000584899,16.439954786619637
3850,16591.576487463637,16591.576650792,16591.576650792,16591.577456466,16591.59651126,0,COMPLETED,True,baseline_8,10,0.1633283645787742,0.8056739970925264,19.05479400011245,20.023796361783752
3851,16591.57826261911,16591.578509273,16591.578509273,16591.579365896,16591.594729631,3,COMPLETED,True,baseline_8,11,0.24665388991707005,0.8566229989810381,15.363735001301393,16.4670118901995
3852,16591.58696993631,16591.587129312,16591.587129312,16591.587976328,16591.602437775,2,COMPLETED,True,baseline_8,12,0.15937568969093263,0.847015999170253,14.461447000940097,15.467838689801283
3853,16591.6038305759,16591.603917606,16591.603917606,16591.604635924,16591.617964239,1,COMPLETED,True,baseline_8,13,0.08703010098543018,0.7183179986895993,13.328315002581803,14.133663102256833
3854,16591.60969609115,16591.609798998,16591.609798998,16591.610379355,16591.623368418,3,COMPLETED,True,baseline_8,14,0.10290685168001801,0.5803569983982015,12.989063001441536,13.672326851519756
3855,16591.642621932086,16591.64271269,16591.64271269,16591.643366785,16591.6566185,0,COMPLETED,True,baseline_8,15,0.09075791604118422,0.6540949980262667,13.25171500138822,13.996567915455671
3856,16591.64349001891,16591.643573182,16591.643573182,16591.644077237,16591.663072899,2,COMPLETED,True,baseline_8,16,0.0831630895845592,0.5040550022386014,18.9956619979057,19.58288008972886
3857,16591.7175462981,16591.717711394,16591.717711394,16591.718487697,16591.738264186,1,COMPLETED,True,baseline_8,17,0.16509590204805136,0.7763029971101787,19.77648899992346,20.71788789908169
3858,16591.764979324715,16591.76511981,16591.76511981,16591.765812814,16591.785368661,3,COMPLETED,True,baseline_8,18,0.14048528464627452,0.6930039999133442,19.555847000447102,20.38933628500672
3859,16591.83499749364,16591.835162005,16591.835162005,16591.836180226,16591.852158444,0,COMPLETED,True,baseline_8,19,0.16451136252726428,1.018220998957986,15.978217998053879,17.16095035953913
3860,16591.876030974134,16591.876172991,16591.876172991,16591.877029971,16591.896331239,2,COMPLETED,True,baseline_8,20,0.14201686644810252,0.8569800011173356,19.30126799925347,20.300264866818907
3861,16591.89467189142,16591.894825029,16591.894825029,16591.895721517,16591.914363467,1,COMPLETED,True,baseline_8,21,0.15313758194679394,0.8964879998529796,18.641949998709606,19.69157558050938
3862,16591.923115778445,16591.923229632,16591.923229632,16591.924086157,16591.942091579,3,COMPLETED,True,baseline_8,22,0.11385355537640862,0.8565249991079327,18.005421999987448,18.97580055447179
3863,16591.95364556083,16591.953735851,16591.953735851,16591.95416102,16591.971913134,0,COMPLETED,True,baseline_8,23,0.09029017019202001,0.4251690006640274,17.752113999449648,18.267573170305695
3864,16591.961059373396,16591.961139555,16591.961139555,16591.961639603,16591.98145736,2,COMPLETED,True,baseline_8,24,0.08018160224310122,0.5000480014132336,19.81775700187427,20.397986605530605
3865,16591.976768700002,16591.976876509,16591.976876509,16591.977407657,16591.992149927,1,COMPLETED,True,baseline_8,25,0.10780899901874363,0.5311479981173761,14.742269999260316,15.381226996396435
3866,16591.980122695582,16591.980294867,16591.980294867,16591.980873971,16591.999257946,3,COMPLETED,True,baseline_8,26,0.17217141794390045,0.5791039984615054,18.383975002507214,19.13525041891262
3867,16591.99292956398,16591.993119139,16591.993119139,16591.993897958,16592.011670007,0,COMPLETED,True,baseline_8,27,0.18957501742988825,0.7788190014252905,17.77204899917706,18.740443018032238
3868,16592.013100179774,16592.013209109,16592.013209109,16592.01418974,16592.032939938,2,COMPLETED,True,baseline_8,28,0.10892922728089616,0.980630997219123,18.75019799990696,19.839758224406978
3869,16592.040131823913,16592.040270514,16592.040270514,16592.041094795,16592.059008907,1,COMPLETED,True,baseline_8,29,0.13869008762412705,0.8242809999501333,17.914111998834414,18.877083086408675
3870,16592.0987324062,16592.098884961,16592.098884961,16592.099640075,16592.114465757,3,COMPLETED,True,baseline_8,30,0.1525547995697707,0.7551140006398782,14.825681999354856,15.733350799564505
3871,16592.108332315256,16592.10858676,16592.10858676,16592.109446976,16592.129529244,0,COMPLETED,True,baseline_8,31,0.2544447452237364,0.8602159978181589,20.08226800171542,21.196928744757315
3872,16592.154760121535,16592.154916208,16592.154916208,16592.155555072,16592.173552371,2,COMPLETED,True,baseline_8,32,0.15608646572218277,0.6388639994838741,17.997299000853673,18.79224946605973
3873,16592.19041402271,16592.190521621,16592.190521621,16592.191342716,16592.207622156,1,COMPLETED,True,baseline_8,33,0.10759829092421569,0.8210949999920558,16.27943999847048,17.20813328938675
3874,16592.244613635663,16592.244760991,16592.244760991,16592.245461955,16592.262810901,3,COMPLETED,True,baseline_8,34,0.1473553384130355,0.7009639994066674,17.34894599940162,18.197265337221324
3875,16592.262776624593,16592.26291144,16592.26291144,16592.26390319,16592.284129406,0,COMPLETED,True,baseline_8,35,0.13481540736393072,0.9917499992297962,20.226216001901776,21.352781408495503
3876,16592.26884011899,16592.268973745,16592.268973745,16592.269871956,16592.290199654,2,COMPLETED,True,baseline_8,36,0.13362600657274015,0.8982110011857003,20.32769799916423,21.35953500692267
3877,16592.28760704323,16592.287884485,16592.287884485,16592.28878871,16592.306847297,1,COMPLETED,True,baseline_8,37,0.27744176986743696,0.9042250021593645,18.058587000268744,19.240253772295546
3878,16592.31304835248,16592.313211643,16592.313211643,16592.313811639,16592.326910375,3,COMPLETED,True,baseline_8,38,0.16329051868524402,0.5999960012559313,13.098735998937627,13.862022518878803
3879,16592.32315050227,16592.323324457,16592.323324457,16592.324163658,16592.343641048,0,COMPLETED,True,baseline_8,39,0.17395472968928516,0.839200998598244,19.477390000247397,20.490545728534926
3880,16592.339107884298,16592.339191985,16592.339191985,16592.340242003,16592.359715842,2,COMPLETED,True,baseline_8,40,0.08410070222453214,1.050017999659758,19.473839001875604,20.607957703759894
3881,16592.361105349333,16592.361190209,16592.361190209,16592.361679737,16592.375086438,1,COMPLETED,True,baseline_8,41,0.08485966827720404,0.48952799988910556,13.40670100034913,13.98108866851544
3882,16592.365323805865,16592.365398956,16592.365398956,16592.365929845,16592.38553081,3,COMPLETED,True,baseline_8,42,0.07515013567171991,0.5308889994921628,19.600964998971904,20.207004134135786
3883,16592.367889117846,16592.367972566,16592.367972566,16592.368651454,16592.387146239,0,COMPLETED,True,baseline_8,43,0.0834481543279253,0.6788879982195795,18.494785002985736,19.25712115553324
3884,16592.375548159383,16592.375695423,16592.375695423,16592.376478564,16592.395400644,2,COMPLETED,True,baseline_8,44,0.1472636176913511,0.7831410002836492,18.92207999844686,19.85248461642186
3885,16592.380055518624,16592.380157557,16592.380157557,16592.380656702,16592.393747124,1,COMPLETED,True,baseline_8,45,0.10203837518929504,0.4991450005036313,13.090421998640522,13.691605374333449
3886,16592.423392158296,16592.423531861,16592.423531861,16592.424339191,16592.443244698,3,COMPLETED,True,baseline_8,46,0.1397027044731658,0.8073299977695569,18.905507000454236,19.85253970269696
3887,16592.475422974283,16592.475561361,16592.475561361,16592.476147829,16592.488806281,0,COMPLETED,True,baseline_8,47,0.13838671657140367,0.5864679988007993,12.65845200032345,13.383306715695653
3888,16592.478566255646,16592.478694037,16592.478694037,16592.479326096,16592.49864734,1,COMPLETED,True,baseline_8,48,0.12778135351254605,0.6320590000541415,19.321243999002036,20.081084352568723
3889,16592.492312508213,16592.492468437,16592.492468437,16592.493106468,16592.513157853,2,COMPLETED,True,baseline_8,49,0.1559287884447258,0.638030996924499,20.051385003171163,20.845344788540388
3890,16592.50980229416,16592.509999668,16592.509999668,16592.510632402,16592.524067837,3,COMPLETED,True,baseline_8,50,0.19737383991014212,0.6327340015559457,13.435434997518314,14.265542838984402
3891,16592.536114254406,16592.536272056,16592.536272056,16592.536953912,16592.555972204,0,COMPLETED,True,baseline_8,51,0.15780159446876496,0.6818559995735995,19.018292001419468,19.857949595461832
3892,16592.55999525437,16592.560131109,16592.560131109,16592.560586228,16592.57320003,1,COMPLETED,True,baseline_8,52,0.13585462875198573,0.455118999525439,12.613802002306329,13.204775630583754
3893,16592.599161743252,16592.599302784,16592.599302784,16592.599992999,16592.619129598,2,COMPLETED,True,baseline_8,53,0.14104074944043532,0.6902149980305694,19.136598999466514,19.96785474693752
3894,16592.61117469633,16592.611305502,16592.611305502,16592.61195403,16592.631820451,3,COMPLETED,True,baseline_8,54,0.13080567077849992,0.6485279991466086,19.866421000187984,20.645754670113092
3895,16592.626942752493,16592.627001241,16592.627001241,16592.627777609,16592.64499745,0,COMPLETED,True,baseline_8,55,0.05848850560141727,0.7763680005155038,17.219841000041924,18.054697506158845
3896,16592.63671189949,16592.636839105,16592.636839105,16592.63770051,16592.657209851,1,COMPLETED,True,baseline_8,56,0.12720550876110792,0.8614050020696595,19.50934100023005,20.49795151106082
3897,16592.663189233182,16592.663351277,16592.663351277,16592.664146636,16592.683217527,2,COMPLETED,True,baseline_8,57,0.16204381608986296,0.7953590029501356,19.070890997682,20.028293816721998
3898,16592.67943155973,16592.679516818,16592.679516818,16592.679948575,16592.693798979,3,COMPLETED,True,baseline_8,58,0.08525827070116065,0.43175700193387456,13.850403996912064,14.3674192695471
3899,16592.686615253806,16592.686776955,16592.686776955,16592.687400971,16592.707331583,0,COMPLETED,True,baseline_8,59,0.16170119488378987,0.6240160000743344,19.93061199755175,20.716329192509875
3900,16592.702299880504,16592.702386967,16592.702386967,16592.702819732,16592.716185146,1,COMPLETED,True,baseline_8,60,0.08708649693289772,0.4327649985498283,13.365414000872988,13.885265496355714
3901,16592.73866382627,16592.738752924,16592.738752924,16592.73947473,16592.758667009,2,COMPLETED,True,baseline_8,61,0.08909773168852553,0.7218059981823899,19.192278999980772,20.003182729851687
3902,16592.771313587364,16592.771408122,16592.771408122,16592.771828625,16592.785222867,3,COMPLETED,True,baseline_8,62,0.09453463644604199,0.4205029981676489,13.394242003414547,13.909279638028238
3903,16592.806354395052,16592.806443532,16592.806443532,16592.807055905,16592.825232433,0,COMPLETED,True,baseline_8,63,0.08913694910006598,0.6123729981482029,18.176527999457903,18.878037946706172
3904,16592.848224382436,16592.848339677,16592.848339677,16592.849089926,16592.868961295,1,COMPLETED,True,baseline_8,64,0.11529456241987646,0.7502490007027518,19.871369000611594,20.736912563734222
3905,16592.86414895313,16592.864262034,16592.864262034,16592.864732728,16592.882584692,2,COMPLETED,True,baseline_8,65,0.11308087050565518,0.4706940017058514,17.85196399941924,18.435738871630747
3906,16592.898595193255,16592.898772881,16592.898772881,16592.899784672,16592.920057625,3,COMPLETED,True,baseline_8,66,0.17768774341675453,1.0117910023836885,20.27295299922116,21.462431745021604
3907,16592.90653077252,16592.906693748,16592.906693748,16592.907540854,16592.927151431,0,COMPLETED,True,baseline_8,67,0.1629754769965075,0.8471060027659405,19.61057699736557,20.620658477128018
3908,16592.927469048915,16592.927709036,16592.927709036,16592.928680429,16592.945318327,1,COMPLETED,True,baseline_8,68,0.23998708638828248,0.9713929975987412,16.6378980029549,17.849278086941922
3909,16592.931410455007,16592.931490982,16592.931490982,16592.932131838,16592.950261595,2,COMPLETED,True,baseline_8,69,0.08052699195104651,0.6408560002455488,18.129757001588587,18.851139993785182
3910,16592.99855989726,16592.998713985,16592.998713985,16592.999388972,16593.019201409,3,COMPLETED,True,baseline_8,70,0.15408774197567254,0.6749869971827138,19.81243699992774,20.641511739086127
3911,16593.006237929192,16593.006468299,16593.006468299,16593.007295016,16593.027142192,0,COMPLETED,True,baseline_8,71,0.2303698092873674,0.8267169978353195,19.847176001349,20.904262808471685
3912,16593.049543850208,16593.04968359,16593.04968359,16593.050666614,16593.070706649,1,COMPLETED,True,baseline_8,72,0.1397397936671041,0.9830239978327882,20.040035000420175,21.162798791920068
3913,16593.068904517193,16593.069038192,16593.069038192,16593.069681338,16593.089898391,2,COMPLETED,True,baseline_8,73,0.13367480642045848,0.6431459987652488,20.21705300285248,20.993873808038188
3914,16593.106137888055,16593.106262367,16593.106262367,16593.106905514,16593.123241998,3,COMPLETED,True,baseline_8,74,0.12447894550859928,0.6431469992094208,16.336484000930795,17.104109945648815
3915,16593.133144730906,16593.133306714,16593.133306714,16593.133823499,16593.149017862,0,COMPLETED,True,baseline_8,75,0.1619830945855938,0.5167849994904827,15.194363000773592,15.873131094849668
3916,16593.185299991386,16593.185397936,16593.185397936,16593.185868081,16593.199482515,1,COMPLETED,True,baseline_8,76,0.09794461220735684,0.4701450016000308,13.614433999464381,14.18252361327177
3917,16593.266626207245,16593.266765795,16593.266765795,16593.267718838,16593.286782643,2,COMPLETED,True,baseline_8,77,0.13958775525679812,0.9530429997539613,19.063805000769207,20.156435755779967
3918,16593.290162363166,16593.290312586,16593.290312586,16593.291079885,16593.309753417,3,COMPLETED,True,baseline_8,78,0.15022283332655206,0.7672989995626267,18.673532002139837,19.591053835029015
3919,16593.29622661605,16593.296441967,16593.296441967,16593.297294245,16593.316803775,0,COMPLETED,True,baseline_8,79,0.2153509485651739,0.852278000820661,19.509530000505038,20.577158949890872
3920,16593.29801086941,16593.298192388,16593.298192388,16593.298980003,16593.318110644,1,COMPLETED,True,baseline_8,80,0.1815185896703042,0.7876150011725258,19.130640997900628,20.099774588743458
3921,16593.323130303892,16593.323219283,16593.323219283,16593.324153545,16593.343413972,2,COMPLETED,True,baseline_8,81,0.08897910811356269,0.9342619996459689,19.26042700142716,20.283668109186692
3922,16593.338177381873,16593.338266008,16593.338266008,16593.338944692,16593.353663056,3,COMPLETED,True,burst_8,82,0.088626125943847,0.6786840021959506,14.718364000145812,15.48567412828561
3923,16593.340791421233,16593.340960599,16593.340960599,16593.341773477,16593.361677714,0,COMPLETED,True,burst_8,83,0.16917776520131156,0.8128780027618632,19.9042370004463,20.886292768409476
3924,16593.341052629148,16593.341419834,16593.341419834,16593.34212811,16593.357381248,1,COMPLETED,True,burst_8,84,0.3672048514999915,0.7082760021148715,15.253137997206068,16.32861885082093
3925,16593.345847565113,16593.345955663,16593.345955663,16593.346531789,16593.359955194,2,COMPLETED,True,burst_8,85,0.10809788727783598,0.5761259999417234,13.42340499832062,14.10762888554018
3926,16593.34664272809,16593.346827334,16593.346827334,16593.354044616,16593.367181655,3,COMPLETED,True,burst_8,86,0.1846059094532393,7.217282000056002,13.137039000866935,20.538926910376176
3927,16593.39090322781,16593.390989521,16593.390989521,16593.391851291,16593.409633409,1,COMPLETED,True,burst_8,87,0.08629319199826568,0.8617699968453962,17.782118000468472,18.730181189312134
3928,16593.39312375379,16593.393136073,16593.393136073,16593.393575154,16593.406895947,2,COMPLETED,True,burst_8,88,0.012319207598920912,0.43908100269618444,13.32079299754696,13.772193207842065
3929,16593.3967091748,16593.39680077,16593.39680077,16593.397472417,16593.416862462,0,COMPLETED,True,burst_8,89,0.09159519686363637,0.6716470015817322,19.390044999454403,20.153287197899772
3930,16593.40173189103,16593.401814992,16593.401814992,16593.402287476,16593.415813202,3,COMPLETED,True,burst_8,90,0.08310097109642811,0.47248400005628355,13.525725997169502,14.081310968322214
3931,16593.41100386334,16593.411098032,16593.411098032,16593.411927567,16593.424630808,2,COMPLETED,True,burst_8,91,0.09416865941602737,0.8295349980471656,12.703241001872811,13.626944659336004
3932,16593.42605809752,16593.426236268,16593.426236268,16593.427109863,16593.439970071,1,COMPLETED,True,burst_8,92,0.17817047773860395,0.8735950032132678,12.860207996709505,13.911973477661377
3933,16593.43954199816,16593.439749643,16593.439749643,16593.440491052,16593.454459466,3,COMPLETED,True,burst_8,93,0.20764483997481875,0.7414089996018447,13.968414001283236,14.9174678408599
3934,16593.439964987385,16593.440112208,16593.440112208,16593.440706723,16593.458265696,0,COMPLETED,True,burst_8,94,0.14722061678185128,0.5945149969193153,17.55897300245124,18.300708616152406
3935,16593.444816657106,16593.444974404,16593.444974404,16593.445411781,16593.458727804,2,COMPLETED,True,burst_8,95,0.15774689381942153,0.43737699888879433,13.31602300342638,13.911146896134596
3936,16593.45075199972,16593.450910125,16593.450910125,16593.451526614,16593.470264493,1,COMPLETED,True,burst_8,96,0.15812527999514714,0.6164890000945888,18.73787899967283,19.512493279762566
3937,16593.456588646797,16593.456691434,16593.456691434,16593.457286585,16593.470605605,3,COMPLETED,True,burst_8,97,0.10278720219503157,0.5951509992883075,13.319020003109472,14.016958204592811
3938,16593.46277809501,16593.462966775,16593.462966775,16593.463734576,16593.476738696,0,COMPLETED,True,burst_8,98,0.18867999096983112,0.7678009969822597,13.004120002733544,13.960600990685634
3939,16593.47398580025,16593.474109715,16593.474109715,16593.474947658,16593.488141467,2,COMPLETED,True,burst_8,99,0.12391474956530146,0.837943000078667,13.193809001677437,14.155666751321405
3940,16593.480221855516,16593.480414474,16593.480414474,16593.481206911,16593.493906567,1,COMPLETED,True,burst_8,100,0.19261848501628265,0.7924370002001524,12.699655999313109,13.684711484529544
3941,16593.50081866143,16593.500958203,16593.500958203,16593.501719337,16593.518281955,3,COMPLETED,True,burst_8,101,0.1395415711158421,0.7611340006405953,16.562617998715723,17.46329357047216
3942,16593.52708179031,16593.527218631,16593.527218631,16593.52809432,16593.546291449,0,COMPLETED,True,burst_8,102,0.1368406883557327,0.8756890019867569,18.19712900032755,19.20965869067004
3943,16593.545103413617,16593.545191709,16593.545191709,16593.545900607,16593.565590882,2,COMPLETED,True,burst_8,103,0.08829538273857906,0.7088980019034352,19.690274999447865,20.48746838408988
3944,16593.559060224565,16593.559149233,16593.559149233,16593.559549093,16593.573287247,1,COMPLETED,True,burst_8,104,0.08900843386072665,0.3998600004706532,13.738154000748182,14.227022435079562
3945,16593.559566800508,16593.559671596,16593.559671596,16593.560239392,16593.580513311,3,COMPLETED,True,burst_8,105,0.10479549018782564,0.5677960034518037,20.273918999009766,20.946510492649395
3946,16593.5597409516,16593.559947115,16593.559947115,16593.560580895,16593.574057757,0,COMPLETED,True,burst_8,106,0.2061634004348889,0.6337799968605395,13.476862000970868,14.316805398266297
3947,16593.567526256964,16593.567660282,16593.567660282,16593.568320073,16593.582801362,2,COMPLETED,True,burst_8,107,0.1340250346402172,0.659791003272403,14.481288999377284,15.275105037289904
3948,16593.57515616021,16593.575283964,16593.575283964,16593.575789159,16593.588984115,1,COMPLETED,True,burst_8,108,0.1278037925658282,0.5051949992775917,13.194955998187652,13.827954790031072
3949,16593.577866037926,16593.578028241,16593.578028241,16593.578590443,16593.596685096,0,COMPLETED,True,burst_8,109,0.162203075888101,0.5622019998554606,18.094652998115635,18.819058073859196
3950,16593.593793706375,16593.593896038,16593.593896038,16593.594478343,16593.608132496,3,COMPLETED,True,burst_8,110,0.10233162538497709,0.5823049978062045,13.654153000970837,14.338789624162018
3951,16593.595626021382,16593.595706466,16593.595706466,16593.596169915,16593.609684677,2,COMPLETED,True,burst_8,111,0.08044461719691753,0.4634489996533375,13.514762002159841,14.058655619010096
3952,16593.601250669053,16593.601334879,16593.601334879,16593.601765348,16593.615649005,1,COMPLETED,True,burst_8,112,0.0842099470901303,0.4304690010030754,13.883657000405947,14.398335948499152
3953,16593.602140519222,16593.602381215,16593.602381215,16593.602816473,16593.616272702,0,COMPLETED,True,burst_8,113,0.24069577921181917,0.43525799992494285,13.456228996801656,14.132182775938418
3954,16593.603016238885,16593.603154735,16593.603154735,16593.60831902,16593.622282917,3,COMPLETED,True,burst_8,114,0.13849611423211172,5.1642850012285635,13.96389699948486,19.266678114945535
3955,16593.604201902806,16593.60434148,16593.60434148,16593.609848854,16593.623783579,2,COMPLETED,True,burst_8,115,0.13957719420432113,5.507374000444543,13.934725000581238,19.581676195230102
3956,16593.607663353443,16593.607810068,16593.607810068,16593.615814576,16593.629698594,1,COMPLETED,True,burst_8,116,0.14671455573989078,8.004507999430643,13.884018000680953,22.035240555851487
3957,16593.61067268167,16593.610827891,16593.610827891,16593.616425069,16593.630297635,0,COMPLETED,True,burst_8,117,0.15520933084189892,5.597178002062719,13.872565999918152,19.62495333282277
3958,16593.614903133952,16593.615179682,16593.615179682,16593.622630259,16593.636409994,3,COMPLETED,True,burst_8,118,0.2765480494417716,7.450576998962788,13.77973499984364,21.5068600482482
3959,16593.619907040615,16593.620074822,16593.620074822,16593.624159042,16593.637776622,2,COMPLETED,True,burst_8,119,0.16778138524387032,4.0842199996404815,13.617579999845475,17.869581384729827
3960,16593.620922124217,16593.621089889,16593.621089889,16593.630043951,16593.64370728,1,COMPLETED,True,burst_8,0,0.16776478150859475,8.954062002885621,13.66332899851841,22.785155782912625
3961,16593.638753459953,16593.638902272,16593.638902272,16593.639726566,16593.652938022,0,COMPLETED,True,burst_8,1,0.14881204697303474,0.8242940020863898,13.211456000135513,14.184562049194938
3962,16593.650101421208,16593.650190041,16593.650190041,16593.650895965,16593.664797359,3,COMPLETED,True,burst_8,2,0.08861979222274385,0.7059239978843834,13.90139400245971,14.695937792566838
3963,16593.650194058016,16593.650270701,16593.650270701,16593.651086959,16593.664379802,2,COMPLETED,True,burst_8,3,0.0766429839131888,0.8162579979398288,13.292843003000598,14.185743984853616
3964,16593.686641547898,16593.686726842,16593.686726842,16593.687446242,16593.700667995,1,COMPLETED,True,burst_8,4,0.0852941011544317,0.7193999990704469,13.221753000834724,14.026447101059603
3965,16593.69051971309,16593.690601704,16593.690601704,16593.691230985,16593.709114601,0,COMPLETED,True,burst_8,5,0.0819909073470626,0.6292810030572582,17.88361599756172,18.59488790796604
3966,16593.691298753667,16593.691414863,16593.691414863,16593.692162159,16593.711160506,2,COMPLETED,True,burst_8,6,0.11610933142947033,0.7472960023733322,18.998347000888316,19.86175233469112
3967,16593.69664090912,16593.69674657,16593.69674657,16593.697455246,16593.711082678,3,COMPLETED,True,burst_8,7,0.10566088167252019,0.7086760015226901,13.627431999339024,14.441768882534234
3968,16593.703408339232,16593.703521543,16593.703521543,16593.703943655,16593.717239721,1,COMPLETED,True,burst_8,8,0.11320376870571636,0.4221119997964706,13.296066001203144,13.831381769705331
3969,16593.70582134967,16593.705928137,16593.705928137,16593.709510083,16593.723647163,0,COMPLETED,True,burst_8,9,0.10678732724045403,3.581946002668701,14.137079997453839,17.825813327362994
3970,16593.7117272834,16593.711903228,16593.711903228,16593.712634484,16593.726470456,3,COMPLETED,True,burst_8,10,0.17594459859537892,0.7312560010177549,13.835972000379115,14.74317259999225
3971,16593.734371831426,16593.734461808,16593.734461808,16593.735140672,16593.753836905,2,COMPLETED,True,burst_8,11,0.0899765727808699,0.6788640021113679,18.696233000810025,19.465073575702263
3972,16593.737277984852,16593.73739305,16593.73739305,16593.737794262,16593.75179891,1,COMPLETED,True,burst_8,12,0.11506514783832245,0.4012120007246267,14.004648000991438,14.520925149554387
3973,16593.737930686337,16593.738176775,16593.738176775,16593.738602846,16593.752249823,0,COMPLETED,True,burst_8,13,0.24608866442576982,0.4260709974914789,13.646977000462357,14.319136662379606
3974,16593.740259659724,16593.740489749,16593.740489749,16593.740892187,16593.754584023,3,COMPLETED,True,burst_8,14,0.23008927746559493,0.4024379995826166,13.691836000361945,14.324363277410157
3975,16593.754927295588,16593.755020017,16593.755020017,16593.75540101,16593.768717287,1,COMPLETED,True,burst_8,15,0.09272141323890537,0.3809929985436611,13.316276999830734,13.7899914116133
3976,16593.759959724553,16593.760055334,16593.760055334,16593.760461496,16593.773838787,0,COMPLETED,True,burst_8,16,0.09560944818076678,0.406161998398602,13.37729100123397,13.87906244781334
3977,16593.76691578775,16593.767003058,16593.767003058,16593.767387544,16593.781003274,2,COMPLETED,True,burst_8,17,0.08727025124244392,0.3844860002573114,13.615730000310577,14.087486251810333
3978,16593.771913444598,16593.772041542,16593.772041542,16593.772442139,16593.78628834,3,COMPLETED,True,burst_8,18,0.12809740292141214,0.40059700040728785,13.846200999978464,14.374895403307164
3979,16593.772764847137,16593.772879646,16593.772879646,16593.773375548,16593.786809054,1,COMPLETED,True,burst_8,19,0.11479886234155856,0.49590200069360435,13.43350599927362,14.044206862308783
3980,16593.775930369982,16593.776084198,16593.776084198,16593.776618195,16593.795644089,0,COMPLETED,True,burst_8,20,0.15382801939267665,0.5339969975466374,19.0258940019703,19.713719018909615
3981,16593.776145305765,16593.776151998,16593.776151998,16593.781245271,16593.795115512,2,COMPLETED,True,burst_8,21,0.006692236638627946,5.093272997328313,13.870241000404349,18.97020623437129
3982,16593.777277965866,16593.777436083,16593.777436083,16593.78662866,16593.799902993,3,COMPLETED,True,burst_8,22,0.15811713456059806,9.192576999339508,13.274332999571925,22.62502713347203
3983,16593.792467707422,16593.792646159,16593.792646159,16593.793223429,16593.80703003,1,COMPLETED,True,burst_8,23,0.1784515770850703,0.5772699987574015,13.806601000396768,14.56232257623924
3984,16593.79430169178,16593.79445775,16593.79445775,16593.795487525,16593.808855165,2,COMPLETED,True,burst_8,24,0.1560582168167457,1.0297750013705809,13.367640000069514,14.55347321825684
3985,16593.802447414568,16593.802542161,16593.802542161,16593.803223359,16593.818388351,0,COMPLETED,True,burst_8,25,0.09474643229623325,0.6811979983467609,15.164992000791244,15.940936431434238
3986,16593.807366022633,16593.807468064,16593.807468064,16593.807989501,16593.822207246,3,COMPLETED,True,burst_8,26,0.10204136560787447,0.5214370030444115,14.217744999768911,14.841223368421197
3987,16593.80874375378,16593.808921345,16593.808921345,16593.809617056,16593.82337186,1,COMPLETED,True,burst_8,27,0.17759122056304477,0.6957109981158283,13.754804000200238,14.628106218879111
3988,16593.81174062181,16593.811927157,16593.811927157,16593.812444819,16593.82600134,2,COMPLETED,True,burst_8,28,0.18653518782230094,0.5176619997655507,13.556521000282373,14.260718187870225
3989,16593.820527245523,16593.820620981,16593.820620981,16593.821021349,16593.834401384,0,COMPLETED,True,burst_8,29,0.09373547800350934,0.40036799691733904,13.380035001318902,13.87413847623975
3990,16593.822301218333,16593.822533804,16593.822533804,16593.823066295,16593.836404723,3,COMPLETED,True,burst_8,30,0.23258566579897888,0.5324910016497597,13.33842799795093,14.103504665399669
3991,16593.825623992532,16593.825776415,16593.825776415,16593.826295736,16593.839709124,1,COMPLETED,True,burst_8,31,0.15242246809066273,0.5193209981371183,13.413388001936255,14.085131468164036
3992,16593.84760660527,16593.847691744,16593.847691744,16593.848130192,16593.861365756,2,COMPLETED,True,burst_8,32,0.08513872671755962,0.4384480016597081,13.23556400166126,13.759150730038527
3993,16593.852744932454,16593.852827662,16593.852827662,16593.853167228,16593.870291573,0,COMPLETED,True,burst_8,33,0.08272954801213928,0.33956599872908555,17.124344998592278,17.546640545333503
3994,16593.856375941617,16593.85647126,16593.85647126,16593.856845285,16593.870630041,3,COMPLETED,True,burst_8,34,0.09531838077236898,0.3740250031114556,13.784755999949994,14.254099383833818
3995,16593.863112026345,16593.863195514,16593.863195514,16593.863700449,16593.877338379,1,COMPLETED,True,burst_8,35,0.0834876555018127,0.5049350002082065,13.637929998367326,14.226352654077346
3996,16593.863949528637,16593.864041827,16593.864041827,16593.864467951,16593.878466482,2,COMPLETED,True,burst_8,36,0.0922983635973651,0.42612399920471944,13.998531001561787,14.516953364363872
3997,16593.8653541672,16593.865439582,16593.865439582,16593.870831683,16593.886120743,0,COMPLETED,True,burst_8,37,0.08541480201529339,5.392101000325056,15.289060000213794,20.766575802554144
3998,16593.87188335977,16593.871977247,16593.871977247,16593.872384465,16593.88633675,3,COMPLETED,True,burst_8,38,0.09388722901348956,0.40721800178289413,13.952285000414122,14.453390231210506
3999,16593.88013419999,16593.880302262,16593.880302262,16593.880829852,16593.894258149,1,COMPLETED,True,burst_8,39,0.16806201165309176,0.5275900002743583,13.428296999336453,14.123949011263903
4000,16593.887762282386,16593.887874384,16593.887874384,16593.888326603,16593.902106567,2,COMPLETED,True,burst_8,40,0.11210161392227747,0.45221899927128106,13.77996399969561,14.344284612889169
4001,16593.897853633713,16593.897942757,16593.897942757,16593.898426392,16593.912244982,0,COMPLETED,True,burst_8,41,0.08912328848964535,0.4836349980905652,13.818589999573305,14.391348286153516
4002,16593.903070700544,16593.90315504,16593.90315504,16593.903466109,16593.917938436,3,COMPLETED,True,burst_8,42,0.08433945549768396,0.3110690013272688,14.472326998657081,14.867735455482034
4003,16593.90441615579,16593.904539292,16593.904539292,16593.904900145,16593.91826095,1,COMPLETED,True,burst_8,43,0.12313621118664742,0.3608529987104703,13.36080499822856,13.844794208125677
4004,16593.908676856892,16593.90880615,16593.90880615,16593.90939239,16593.922798065,2,COMPLETED,True,burst_8,44,0.1292931083298754,0.5862399993930012,13.40567499937606,14.121208107098937
4005,16593.910525132316,16593.910677456,16593.910677456,16593.91257428,16593.925858698,0,COMPLETED,True,burst_8,45,0.15232368241413496,1.8968240001413506,13.284418000694131,15.333565683249617
4006,16593.921584370415,16593.921712002,16593.921712002,16593.922365571,16593.936166599,3,COMPLETED,True,burst_8,46,0.1276315852010157,0.6535690008604433,13.801027998852078,14.582228584913537
4007,16593.926042757514,16593.926087494,16593.926087494,16593.926624596,16593.939882957,1,COMPLETED,True,burst_8,47,0.044736487325280905,0.537101997906575,13.25836099931621,13.840199484548066
4008,16593.92948971186,16593.929591842,16593.929591842,16593.929950153,16593.943500195,2,COMPLETED,True,burst_8,48,0.10213013956672512,0.3583110010367818,13.550042000133544,14.010483140737051
4009,16593.95604800718,16593.956145296,16593.956145296,16593.956620023,16593.9699505,0,COMPLETED,True,burst_8,49,0.09728881923365407,0.47472699952777475,13.330476998817176,13.902492817578604
4010,16593.980123681984,16593.980239803,16593.980239803,16593.981006622,16593.994373612,3,COMPLETED,True,burst_8,50,0.11612101661739871,0.7668190010008402,13.366989998758072,14.249930016376311
4011,16593.982059029884,16593.982227794,16593.982227794,16593.983079933,16594.00286529,1,COMPLETED,True,burst_8,51,0.1687641160970088,0.8521390009263996,19.785356998909265,20.806260115932673
4012,16594.00498962975,16594.005081906,16594.005081906,16594.005636274,16594.019289376,2,COMPLETED,True,burst_8,52,0.09227625196217559,0.5543679981201421,13.653101999807404,14.299746249889722
4013,16594.006490059655,16594.006579402,16594.006579402,16594.006965712,16594.023140846,0,COMPLETED,True,burst_8,53,0.08934234574553557,0.3863099991576746,16.175133998331148,16.65078634323436
4014,16594.012843186756,16594.012962422,16594.012962422,16594.013431636,16594.027788647,3,COMPLETED,True,burst_8,54,0.11923524289159104,0.46921400280552916,14.357010997628095,14.945460243325215
4015,16594.018198236925,16594.018291166,16594.018291166,16594.018952986,16594.032597965,1,COMPLETED,True,burst_8,55,0.09292907634517178,0.6618199986405671,13.64497900067363,14.399728075659368
4016,16594.01828113815,16594.018351874,16594.018351874,16594.01968373,16594.033222355,2,COMPLETED,True,burst_8,56,0.0707358522049617,1.3318559977051336,13.538625000364846,14.941216850274941
4017,16594.018923971475,16594.019094183,16594.019094183,16594.02357461,16594.037471238,0,COMPLETED,True,burst_8,57,0.17021152598317713,4.4804270000895485,13.896627999201883,18.54726652527461
4018,16594.03205876838,16594.032166285,16594.032166285,16594.032888062,16594.050658058,3,COMPLETED,True,burst_8,58,0.10751662193797529,0.7217769998533186,17.769996000424726,18.59928962221602
4019,16594.038527293025,16594.038659017,16594.038659017,16594.039062654,16594.052560943,1,COMPLETED,True,burst_8,59,0.1317239730269648,0.4036370009998791,13.498289001290686,14.03364997531753
4020,16594.0467800937,16594.046877444,16594.046877444,16594.047396763,16594.06124144,2,COMPLETED,True,burst_8,60,0.09735030107549392,0.5193189972487744,13.84467699972447,14.461346298048738
4021,16594.057395298085,16594.05759261,16594.05759261,16594.058109047,16594.071266458,0,COMPLETED,True,burst_8,61,0.1973119142348878,0.5164370013517328,13.157410998246633,13.871159913833253
4022,16594.084026586246,16594.084113922,16594.084113922,16594.084850413,16594.098695519,3,COMPLETED,True,burst_8,62,0.0873357530508656,0.7364910015894566,13.84510599746136,14.668932752101682
4023,16594.0862994948,16594.086383346,16594.086383346,16594.086981785,16594.100257808,1,COMPLETED,True,burst_8,63,0.08385119872400537,0.5984390008961782,13.276023000798887,13.95831320041907
4024,16594.0897558869,16594.089864679,16594.089864679,16594.090419649,16594.10430066,2,COMPLETED,True,burst_8,64,0.10879210094572045,0.5549699999392033,13.881011000194121,14.544773101079045
4025,16594.09201793252,16594.092079012,16594.092079012,16594.092536674,16594.106100725,0,COMPLETED,True,burst_8,65,0.061079481383785605,0.4576620012812782,13.564050997956656,14.08279248062172
4026,16594.134432703508,16594.134531869,16594.134531869,16594.135383876,16594.150825082,3,COMPLETED,True,burst_8,66,0.09916549242916517,0.8520070005033631,15.441206000105012,16.39237849303754
4027,16594.13882713092,16594.138864556,16594.138864556,16594.139598746,16594.15690896,1,COMPLETED,True,burst_8,67,0.03742508124560118,0.7341899981838651,17.310214003373403,18.08182908280287
4028,16594.141400180113,16594.141597262,16594.141597262,16594.14216768,16594.158829582,2,COMPLETED,True,burst_8,68,0.1970818884728942,0.5704179966414813,16.661902001942508,17.429401887056883
4029,16594.147878991498,16594.148163157,16594.148163157,16594.148766917,16594.166779534,0,COMPLETED,True,burst_8,69,0.2841655004885979,0.6037599996489007,18.012617001659237,18.900542501796735
4030,16594.151811965166,16594.151979769,16594.151979769,16594.152572244,16594.166375614,3,COMPLETED,True,burst_8,70,0.16780383521108888,0.5924749966652598,13.803370002278825,14.563648834155174
4031,16594.18671331816,16594.186855275,16594.186855275,16594.187428509,16594.201150283,1,COMPLETED,True,burst_8,71,0.1419568397977855,0.5732340032409411,13.721773997531272,14.436964840569999
4032,16594.186761798093,16594.186952894,16594.186952894,16594.187614589,16594.205945863,2,COMPLETED,True,burst_8,72,0.1910959072120022,0.6616949976887554,18.33127400095691,19.184064905857667
4033,16594.190015698176,16594.190119095,16594.190119095,16594.190665067,16594.210207433,3,COMPLETED,True,burst_8,73,0.10339682557969354,0.5459719977807254,19.542366000678157,20.191734824038576
4034,16594.19498012561,16594.195143871,16594.195143871,16594.195618594,16594.209769045,0,COMPLETED,True,burst_8,74,0.16374538972740993,0.47472300138906576,14.150450999295572,14.788919390412048
4035,16594.200289691176,16594.200389604,16594.200389604,16594.201324869,16594.215042481,1,COMPLETED,True,burst_8,75,0.09991282422561198,0.9352649976790417,13.717612000618828,14.752789822523482
4036,16594.206194391314,16594.206409197,16594.206409197,16594.206893626,16594.220563879,2,COMPLETED,True,burst_8,76,0.21480568466358818,0.4844290015171282,13.6702529998729,14.369487686053617
4037,16594.26351444421,16594.263769036,16594.263769036,16594.264776853,16594.283378473,0,COMPLETED,True,burst_8,77,0.25459178868914023,1.0078170016640797,18.6016199986625,19.86402878901572
4038,16594.268546671134,16594.268648863,16594.268648863,16594.269223603,16594.287357041,3,COMPLETED,True,burst_8,78,0.10219186515314505,0.5747400027757976,18.133437999495072,18.810369867424015
4039,16594.269826387837,16594.269922931,16594.269922931,16594.270431302,16594.289287624,1,COMPLETED,True,burst_8,79,0.09654316090745851,0.5083710020699073,18.8563219999196,19.461236162896967
4040,16594.27227475704,16594.272372119,16594.272372119,16594.273184175,16594.292053721,2,COMPLETED,True,burst_8,80,0.09736196079757065,0.812055997812422,18.869546001951676,19.77896396056167
4041,16594.272562370545,16594.272868089,16594.272868089,16594.283586422,16594.298381159,0,COMPLETED,True,burst_8,81,0.30571845491067506,10.718333000113489,14.79473699873779,25.818788453761954
4042,16594.27572260994,16594.275954794,16594.275954794,16594.287516535,16594.30235333,3,COMPLETED,True,burst_8,82,0.2321840620425064,11.56174100106,14.836794998700498,26.630720061803004
4043,16594.27764141154,16594.277855963,16594.277855963,16594.289724787,16594.304185639,1,COMPLETED,True,burst_8,83,0.2145514590665698,11.868823999975575,14.46085200223024,26.544227461272385
4044,16594.290957506997,16594.291258043,16594.291258043,16594.292268834,16594.307119835,2,COMPLETED,True,burst_8,84,0.300536001304863,1.0107910020451527,14.851001000351971,16.162328003701987
4045,16594.292191695444,16594.292451408,16594.292451408,16594.298746699,16594.3122368,0,COMPLETED,True,burst_8,85,0.2597125567262992,6.2952910011517815,13.490100998751586,20.045104556629667
4046,16594.298691597935,16594.298985332,16594.298985332,16594.302701388,16594.316335153,3,COMPLETED,True,burst_8,86,0.29373406505328603,3.716055998665979,13.633765000122366,17.64355506384163
4047,16594.29933766984,16594.299527599,16594.299527599,16594.304542462,16594.322938187,1,COMPLETED,True,burst_8,87,0.1899291601148434,5.014862999814795,18.39572500102804,23.60051716095768
4048,16594.3074359377,16594.307821238,16594.307821238,16594.308648038,16594.329339159,2,COMPLETED,True,burst_8,88,0.38530029996763915,0.8268000019597821,20.691121000709245,21.903221302636666
4049,16594.307694991643,16594.307944373,16594.307944373,16594.312553352,16594.326152566,0,COMPLETED,True,burst_8,89,0.24938135538832285,4.608979001204716,13.599213998531923,18.45757435512496
4050,16594.31462502942,16594.314798944,16594.314798944,16594.316669556,16594.330356559,3,COMPLETED,True,burst_8,90,0.1739145809551701,1.870611999038374,13.687003000086406,15.73152958007995
4051,16594.316255624028,16594.316399101,16594.316399101,16594.323458757,16594.338543493,1,COMPLETED,True,burst_8,91,0.14347697288030759,7.059655999910319,15.08473599824356,22.287868971034186
4052,16594.340629783575,16594.340728387,16594.340728387,16594.341135644,16594.354553985,0,COMPLETED,True,burst_8,92,0.0986034247034695,0.40725700091570616,13.418340997304767,13.924201422923943
4053,16594.360328403673,16594.360427235,16594.360427235,16594.360844704,16594.373977272,2,COMPLETED,True,burst_8,93,0.09883132588583976,0.41746900024008937,13.132568001310574,13.648868327436503
4054,16594.36175618312,16594.361841818,16594.361841818,16594.362121825,16594.375609123,3,COMPLETED,True,burst_8,94,0.0856348815432284,0.2800069996737875,13.487297997926362,13.852939879143378
4055,16594.368960769098,16594.369124333,16594.369124333,16594.369725566,16594.389085238,1,COMPLETED,True,burst_8,95,0.16356390187866054,0.6012330013618339,19.359671998245176,20.12446890148567
4056,16594.375765882218,16594.375966201,16594.375966201,16594.37677835,16594.396241173,0,COMPLETED,True,burst_8,96,0.20031878375448287,0.8121489991026465,19.462822998320917,20.475290781178046
4057,16594.378465592054,16594.378568408,16594.378568408,16594.379133799,16594.392484275,2,COMPLETED,True,burst_8,97,0.1028159458655864,0.5653910011460539,13.350475997867761,14.018682944879401
4058,16594.38530333253,16594.385390617,16594.385390617,16594.385818092,16594.399065025,3,COMPLETED,True,burst_8,98,0.08728447210160084,0.427474999014521,13.246933001937578,13.7616924730537
4059,16594.39448050027,16594.394649801,16594.394649801,16594.395309942,16594.409549733,1,COMPLETED,True,burst_8,99,0.16930073252297007,0.6601409986615181,14.239791002182756,15.069232733367244
4060,16594.401510624775,16594.401604024,16594.401604024,16594.402053484,16594.416302716,2,COMPLETED,True,burst_8,100,0.09339922326034866,0.4494599997997284,14.249232001020573,14.79209122408065
4061,16594.412903017244,16594.413022538,16594.413022538,16594.413663391,16594.426759852,0,COMPLETED,True,burst_8,101,0.11952075510635041,0.6408529989130329,13.096460999804549,13.856834753823932
4062,16594.427345443062,16594.427434481,16594.427434481,16594.427969409,16594.445593902,3,COMPLETED,True,burst_8,102,0.08903793786885217,0.5349279999791179,17.62449300076696,18.24845893861493
4063,16594.432207018883,16594.432300737,16594.432300737,16594.432877837,16594.445894949,1,COMPLETED,True,burst_8,103,0.0937181175686419,0.5770999996457249,13.017111999943154,13.68793011715752
4064,16594.45320521356,16594.453305118,16594.453305118,16594.453753185,16594.46820747,2,COMPLETED,True,burst_8,104,0.09990444232244045,0.44806699952459894,14.454284999374067,15.002256441221107
4065,16594.48428167631,16594.484407555,16594.484407555,16594.484838823,16594.498250249,0,COMPLETED,True,burst_8,105,0.12587869059643708,0.4312679993745405,13.411425999947824,13.968572689918801
4066,16594.4889008371,16594.488995074,16594.488995074,16594.489357845,16594.503706113,3,COMPLETED,True,burst_8,106,0.0942369006224908,0.36277099934522994,14.3482679995941,14.80527589956182
4067,16594.49105078684,16594.491207554,16594.491207554,16594.491769236,16594.505876991,1,COMPLETED,True,burst_8,107,0.15676716066082008,0.5616819980787113,14.107754999713507,14.826204158453038
4068,16594.495530986762,16594.495727371,16594.495727371,16594.496614508,16594.515410477,2,COMPLETED,True,burst_8,108,0.19638423691503704,0.8871370009728707,18.79596900107572,19.879490238963626
4069,16594.49588384659,16594.496334559,16594.496334559,16594.498615583,16594.511966107,0,COMPLETED,True,burst_8,109,0.4507124103838578,2.2810240006947424,13.350523997360142,16.082260408438742
4070,16594.497326813962,16594.497467607,16594.497467607,16594.504129975,16594.517492276,3,COMPLETED,True,burst_8,110,0.14079303946346045,6.662367999524577,13.362301000597654,20.16546203958569
4071,16594.497644847324,16594.497826749,16594.497826749,16594.506314272,16594.519928929,1,COMPLETED,True,burst_8,111,0.18190167611464858,8.487522998620989,13.614657000289299,22.284081675024936
4072,16594.50468171769,16594.504832966,16594.504832966,16594.512327628,16594.525662218,0,COMPLETED,True,burst_8,112,0.15124830679269508,7.494662000681274,13.334589999431046,20.980500306905014
4073,16594.519849419186,16594.519941392,16594.519941392,16594.520391188,16594.533298984,2,COMPLETED,True,burst_8,113,0.09197281542583369,0.4497959998843726,12.907795997307403,13.44956481261761
4074,16594.551687471987,16594.551789007,16594.551789007,16594.552442117,16594.571952353,3,COMPLETED,True,burst_8,114,0.10153501352760941,0.6531100007123314,19.51023599758628,20.26488101182622
4075,16594.5626025009,16594.562700677,16594.562700677,16594.563375283,16594.581880067,1,COMPLETED,True,burst_8,115,0.0981761004368309,0.6746059989382047,18.504783998650964,19.277566098026
4076,16594.56399966472,16594.564152284,16594.564152284,16594.564672282,16594.583560972,0,COMPLETED,True,burst_8,116,0.1526192827441264,0.5199979968892876,18.88869000322302,19.561307282856433
4077,16594.57499049436,16594.575081493,16594.575081493,16594.575683326,16594.589598164,2,COMPLETED,True,burst_8,117,0.09099864109884948,0.6018329986545723,13.914838000346208,14.60766964009963
4078,16594.578482966106,16594.578574346,16594.578574346,16594.57900451,16594.592226697,3,COMPLETED,True,burst_8,118,0.09137989400187507,0.43016400013584644,13.222187000792474,13.743730894930195
4079,16594.606048652753,16594.606209876,16594.606209876,16594.606778093,16594.620489154,1,COMPLETED,True,burst_8,119,0.16122324814205058,0.568216997635318,13.711061001231428,14.440501247008797
4080,16594.61521703615,16594.61531614,16594.61531614,16594.616020269,16594.62984585,0,COMPLETED,True,burst_8,0,0.09910385051625781,0.7041290009510703,13.825580997945508,14.628813849412836
4081,16594.615710384936,16594.615796429,16594.615796429,16594.616105536,16594.629763648,2,COMPLETED,True,burst_8,1,0.08604406320955604,0.30910699933883734,13.658112002303824,14.053263064852217
4082,16594.616348545995,16594.61653598,16594.61653598,16594.61723288,16594.635928707,3,COMPLETED,True,burst_8,2,0.18743400505627505,0.69689999872935,18.695827002375154,19.58016100616078
4083,16594.620722159627,16594.620930292,16594.620930292,16594.621791812,16594.63516298,1,COMPLETED,True,burst_8,3,0.20813237279071473,0.8615199985797517,13.371168002777267,14.440820374147734
4084,16594.621135127294,16594.621683458,16594.621683458,16594.630284171,16594.643452345,2,COMPLETED,True,burst_8,4,0.5483307068061549,8.60071299757692,13.168174002203159,22.317217706586234
4085,16594.621852356835,16594.622166608,16594.622166608,16594.630321319,16594.643880509,0,COMPLETED,True,burst_8,5,0.31425116321770474,8.154711002134718,13.559189999796217,22.02815216514864
4086,16594.64014056724,16594.640313024,16594.640313024,16594.641037753,16594.654557741,1,COMPLETED,True,burst_8,6,0.17245675917365588,0.7247290013765451,13.519987998733995,14.417173759284196
4087,16594.640728315473,16594.641007086,16594.641007086,16594.641643035,16594.661109975,3,COMPLETED,True,burst_8,7,0.278770527074812,0.6359489998430945,19.466940000711475,20.38165952762938
4088,16594.64112765296,16594.641146354,16594.641146354,16594.643789679,16594.657446671,2,COMPLETED,True,burst_8,8,0.018701037333812565,2.6433250022819266,13.656991999596357,16.319018039212096
4089,16594.642149635183,16594.642316711,16594.642316711,16594.644099848,16594.65771755,0,COMPLETED,True,burst_8,9,0.16707581744412892,1.7831369987106882,13.61770199946477,15.567914815619588
4090,16594.651192585174,16594.651310287,16594.651310287,16594.654771031,16594.668542838,1,COMPLETED,True,burst_8,10,0.11770182754844427,3.460743999312399,13.771807000011904,17.350252826872747
4091,16594.652774394825,16594.652873768,16594.652873768,16594.657780529,16594.671303163,2,COMPLETED,True,burst_8,11,0.09937317372532561,4.906761001620907,13.522633998945821,18.528768174292054
4092,16594.658915570606,16594.659039021,16594.659039021,16594.659718815,16594.678544229,0,COMPLETED,True,burst_8,12,0.12345039431238547,0.6797940004616976,18.825413997547003,19.628658392321086
4093,16594.671933923004,16594.672081007,16594.672081007,16594.672598498,16594.686334499,3,COMPLETED,True,burst_8,13,0.14708399612572975,0.5174910002097022,13.7360010012344,14.400575997569831
4094,16594.67970113564,16594.679793666,16594.679793666,16594.680251712,16594.693573401,1,COMPLETED,True,burst_8,14,0.09253036114387214,0.45804600085830316,13.321688998985337,13.872265360987512
4095,16594.68411336667,16594.684201176,16594.684201176,16594.684568515,16594.69814125,2,COMPLETED,True,burst_8,15,0.08780933058005758,0.3673389983305242,13.572734998888336,14.027883327798918
4096,16594.68709069837,16594.687183113,16594.687183113,16594.687690085,16594.701293598,0,COMPLETED,True,burst_8,16,0.09241462976206094,0.5069719991297461,13.603512998088263,14.20289962698007
4097,16594.69859510124,16594.698700765,16594.698700765,16594.699137055,16594.712679715,3,COMPLETED,True,burst_8,17,0.1056637593137566,0.4362899999250658,13.542660002713092,14.084613761951914
4098,16594.701551781975,16594.701658039,16594.701658039,16594.702120913,16594.715686889,1,COMPLETED,True,burst_8,18,0.10625702634570189,0.46287399891298264,13.56597600170062,14.135107026959304
4099,16594.724531612886,16594.724633467,16594.724633467,16594.725051376,16594.737890055,2,COMPLETED,True,burst_8,19,0.10185411520069465,0.4179089992248919,12.838678998377873,13.35844211280346
4100,16594.72684142549,16594.726931451,16594.726931451,16594.727314424,16594.740385827,0,COMPLETED,True,burst_8,20,0.0900255108717829,0.3829729976132512,13.07140300195897,13.544401510444004
4101,16594.733836986274,16594.733942574,16594.733942574,16594.734385843,16594.748181661,3,COMPLETED,True,burst_8,21,0.10558772555668838,0.44326900024316274,13.795818002108717,14.344674727908568
4102,16594.741133381893,16594.741251301,16594.741251301,16594.741886226,16594.76081265,1,COMPLETED,True,burst_8,22,0.11791910583269782,0.6349249997583684,18.926424003439024,19.67926810903009
4103,16594.743867130135,16594.744035416,16594.744035416,16594.744547044,16594.761437535,2,COMPLETED,True,burst_8,23,0.16828586376504973,0.5116280008223839,16.89049099877593,17.570404863363365
4104,16594.74453086491,16594.744646091,16594.744646091,16594.745131744,16594.758713456,0,COMPLETED,True,burst_8,24,0.11522608838276938,0.4856529994867742,13.58171200263314,14.182591090502683
4105,16594.74608353133,16594.746258532,16594.746258532,16594.748601875,16594.76246591,3,COMPLETED,True,burst_8,25,0.17500067042419687,2.343342999665765,13.864035001461161,16.382378671551123
4106,16594.760753545255,16594.76086136,16594.76086136,16594.761307511,16594.774800057,0,COMPLETED,True,burst_8,26,0.10781474338728003,0.4461509997781832,13.49254600063432,14.046511743799783
4107,16594.780019975344,16594.780108716,16594.780108716,16594.780553288,16594.793620345,1,COMPLETED,True,burst_8,27,0.08874065679265186,0.44457200056058355,13.067056999716442,13.600369657069677
4108,16594.79154571695,16594.791632164,16594.791632164,16594.792233222,16594.805673151,2,COMPLETED,True,burst_8,28,0.0864470493979752,0.6010580000292975,13.439929000014672,14.127434049441945
4109,16594.796800127806,16594.79689342,16594.79689342,16594.797284288,16594.811778252,3,COMPLETED,True,burst_8,29,0.09329219392384402,0.390868000977207,14.49396399766556,14.97812419256661
4110,16594.805018250066,16594.805129525,16594.805129525,16594.8056684,16594.818920583,0,COMPLETED,True,burst_8,30,0.11127493417006917,0.5388749996200204,13.252182998257922,13.902332932048012
4111,16594.806942526568,16594.807060463,16594.807060463,16594.807491636,16594.822249131,1,COMPLETED,True,burst_8,31,0.117936433525756,0.43117299719597213,14.757495002413634,15.306604433135362
4112,16594.83538967008,16594.835643399,16594.835643399,16594.83631953,16594.850109938,2,COMPLETED,True,burst_8,32,0.2537289219617378,0.6761309996363707,13.79040800020448,14.720267921802588
4113,16594.836590702867,16594.836739994,16594.836739994,16594.837192964,16594.851014737,3,COMPLETED,True,burst_8,33,0.14929113240214065,0.45297000178834423,13.821772998198867,14.424034132389352
4114,16594.849345443254,16594.849518876,16594.849518876,16594.85023698,16594.869772694,0,COMPLETED,True,burst_8,34,0.17343274521408603,0.7181040018622298,19.535714000085136,20.42725074716145
4115,16594.84959542828,16594.849652972,16594.849652972,16594.850304164,16594.864124682,2,COMPLETED,True,burst_8,35,0.05754371886723675,0.6511920000775717,13.820518001011806,14.529253719956614
4116,16594.849954481702,16594.850095348,16594.850095348,16594.850504454,16594.868149266,1,COMPLETED,True,burst_8,36,0.14086629744269885,0.4091060000064317,17.644812000071397,18.194784297520528
4117,16594.8519932701,16594.852144148,16594.852144148,16594.852606729,16594.866097159,3,COMPLETED,True,burst_8,37,0.15087790234247223,0.4625809997378383,13.490429999365006,14.103888901445316
4118,16594.85283499079,16594.852956316,16594.852956316,16594.864440917,16594.877760204,2,COMPLETED,True,burst_8,38,0.12132521078456193,11.484601000120165,13.319286998012103,24.92521320891683
4119,16594.858302494617,16594.858441098,16594.858441098,16594.866453915,16594.880102525,3,COMPLETED,True,burst_8,39,0.13860338367521763,8.012817001144867,13.64860999819939,21.800030383019475
4120,16594.859750066928,16594.859885443,16594.859885443,16594.868387174,16594.88280591,1,COMPLETED,True,burst_8,40,0.13537607082980685,8.501731001160806,14.41873600197141,23.055843073962023
4121,16594.873667082426,16594.873848669,16594.873848669,16594.874448187,16594.887830633,0,COMPLETED,True,burst_8,41,0.18158657621825114,0.5995179999445099,13.382445999013726,14.163550575176487
4122,16594.896407621614,16594.896496062,16594.896496062,16594.897102459,16594.910111581,2,COMPLETED,True,burst_8,42,0.08844038529787213,0.6063969995011576,13.009122001676587,13.703959386475617
4123,16594.919126317804,16594.919216675,16594.919216675,16594.919619804,16594.933235807,3,COMPLETED,True,burst_8,43,0.09035719631356187,0.4031290009152144,13.61600299787824,14.109489195107017
4124,16594.924890987422,16594.924981065,16594.924981065,16594.925647252,16594.93911358,1,COMPLETED,True,burst_8,44,0.09007757762447,0.6661869992967695,13.46632800050429,14.22259257742553
4125,16594.931605431106,16594.931694266,16594.931694266,16594.932433756,16594.951394772,0,COMPLETED,True,burst_8,45,0.08883489499567077,0.7394899985229131,18.961016001412645,19.78934089493123
4126,16594.93502650382,16594.935171751,16594.935171751,16594.935879252,16594.954935624,2,COMPLETED,True,burst_8,46,0.14524718062602915,0.707500999851618,19.05637199888588,19.909120179363526
4127,16594.963117544452,16594.9632577,16594.9632577,16594.964123196,16594.976760025,3,COMPLETED,True,burst_8,47,0.14015554916113615,0.8654960001877043,12.636829000257421,13.642480549606262
4128,16594.97318083376,16594.973294491,16594.973294491,16594.974215495,16594.993988175,1,COMPLETED,True,burst_8,48,0.11365723912604153,0.9210040007019415,19.772679999732645,20.80734123956063
4129,16594.99803170133,16594.998118471,16594.998118471,16594.999036224,16595.018617741,0,COMPLETED,True,burst_8,49,0.08676967263454571,0.917752997338539,19.581517000915483,20.586039670888567
4130,16594.99878288148,16594.998862114,16594.998862114,16594.999380762,16595.015450056,2,COMPLETED,True,burst_8,50,0.07923251905594952,0.5186480011616368,16.069293997134082,16.66717451735167
4131,16595.00509315878,16595.005204774,16595.005204774,16595.006017454,16595.025440099,3,COMPLETED,True,burst_8,51,0.11161521979374811,0.8126800021273084,19.42264500030433,20.346940222225385
4132,16595.009620507633,16595.009818085,16595.009818085,16595.010568129,16595.030368199,1,COMPLETED,True,burst_8,52,0.19757736663450487,0.7500440005969722,19.80007000020123,20.747691367432708
4133,16595.013398054292,16595.013636262,16595.013636262,16595.016076135,16595.034146723,2,COMPLETED,True,burst_8,53,0.23820770729798824,2.4398730020038784,18.070587997499388,20.748668706801254
4134,16595.018752561253,16595.018899902,16595.018899902,16595.019749725,16595.033780152,0,COMPLETED,True,burst_8,54,0.14734074648004025,0.8498230017721653,14.030426998942858,15.027590747195063
4135,16595.032033170577,16595.032170939,16595.032170939,16595.032894529,16595.047875926,3,COMPLETED,True,burst_8,55,0.1377684238832444,0.7235899975057691,14.981397001974983,15.842755423363997
4136,16595.04999035855,16595.05004169,16595.05004169,16595.050918312,16595.06428314,1,COMPLETED,True,burst_8,56,0.051331448048586026,0.8766220016696025,13.36482799888472,14.29278144860291
4137,16595.05210468154,16595.052304532,16595.052304532,16595.052917183,16595.066443316,0,COMPLETED,True,burst_8,57,0.19985045946668833,0.6126509979367256,13.526132999686524,14.338634457089938
4138,16595.05639909876,16595.056597023,16595.056597023,16595.057375717,16595.076268293,2,COMPLETED,True,burst_8,58,0.19792424063780345,0.7786939968355,18.892576001235284,19.869194238708587
4139,16595.06159444525,16595.061749236,16595.061749236,16595.062553815,16595.080962364,3,COMPLETED,True,burst_8,59,0.15479074863833375,0.8045790018513799,18.408549000014318,19.367918750504032
4140,16595.06180828256,16595.061866096,16595.061866096,16595.064646899,16595.078110721,1,COMPLETED,True,burst_8,60,0.05781343861599453,2.780803002679022,13.46382199699292,16.302438438287936
4141,16595.079699070855,16595.079795487,16595.079795487,16595.080366296,16595.093207609,0,COMPLETED,True,burst_8,61,0.09641614451538771,0.5708089993277099,12.841313000535592,13.50853814437869
4142,16595.092165093214,16595.09231518,16595.09231518,16595.092845481,16595.105883246,2,COMPLETED,True,burst_8,62,0.15008678747108206,0.5303009966155514,13.03776500208187,13.718152786168503
4143,16595.105761953626,16595.10588191,16595.10588191,16595.106366379,16595.118973351,1,COMPLETED,True,burst_8,63,0.11995637396466918,0.4844690010941122,12.606971999048255,13.211397374107037
4144,16595.127116492662,16595.127241784,16595.127241784,16595.127698736,16595.14104571,3,COMPLETED,True,burst_8,64,0.12529133891803212,0.45695199878537096,13.346973999432521,13.929217337135924
4145,16595.129371290146,16595.129378801,16595.129378801,16595.129984354,16595.149290929,0,COMPLETED,True,burst_8,65,0.007510854629799724,0.6055529993318487,19.30657499906374,19.91963885302539
4146,16595.131334496462,16595.131518919,16595.131518919,16595.132361431,16595.150298297,2,COMPLETED,True,burst_8,66,0.18442253713146783,0.8425119995081332,17.936866002855822,18.963800539495423
4147,16595.136968365063,16595.137076001,16595.137076001,16595.137707771,16595.150933627,1,COMPLETED,True,burst_8,67,0.10763593672891147,0.6317699990177061,13.225856000644853,13.965261936391471
4148,16595.150217668746,16595.150362682,16595.150362682,16595.151180382,16595.164920216,3,COMPLETED,True,burst_8,68,0.14501325495075434,0.817699998151511,13.739834001171403,14.702547254273668
4149,16595.15429624249,16595.154513257,16595.154513257,16595.155381883,16595.168745492,1,COMPLETED,True,burst_8,69,0.21701450896216556,0.8686260007380042,13.363608999497956,14.449249509198125
4150,16595.15733746702,16595.157447245,16595.157447245,16595.158016416,16595.171842274,2,COMPLETED,True,burst_8,70,0.10977798228850588,0.5691709993698169,13.825858000927838,14.50480698258616
4151,16595.164736102823,16595.164900077,16595.164900077,16595.165842138,16595.184472011,0,COMPLETED,True,burst_8,71,0.16397417857660912,0.9420610003871843,18.629872996825725,19.73590817578952
4152,16595.180014679943,16595.180109006,16595.180109006,16595.180856535,16595.194368347,3,COMPLETED,True,burst_8,72,0.09432605656911619,0.7475290003640112,13.511812001524959,14.353667058458086
4153,16595.195322052172,16595.195555401,16595.195555401,16595.196060419,16595.209644558,1,COMPLETED,True,burst_8,73,0.23334882644121535,0.5050180006946903,13.584139000158757,14.322505827294663
4154,16595.196883318902,16595.197012501,16595.197012501,16595.197450895,16595.210748521,2,COMPLETED,True,burst_8,74,0.1291820990445558,0.43839399950229563,13.297625999257434,13.865202097804286
4155,16595.217048474566,16595.217153607,16595.217153607,16595.217631265,16595.231218931,0,COMPLETED,True,burst_8,75,0.10513243250898086,0.4776580026373267,13.58766599878436,14.170456433930667
4156,16595.232508251767,16595.232625002,16595.232625002,16595.233059488,16595.246497164,3,COMPLETED,True,burst_8,76,0.11675023415591568,0.43448599899420515,13.43767599973944,13.988912232889561
4157,16595.23441148048,16595.234613175,16595.234613175,16595.235135244,16595.248325531,1,COMPLETED,True,burst_8,77,0.20169451818219386,0.5220689999987371,13.190287001634715,13.914050519815646
4158,16595.23729748269,16595.237428479,16595.237428479,16595.237939406,16595.25254242,2,COMPLETED,True,burst_8,78,0.13099630814394914,0.5109270023240242,14.603013998566894,15.244937309034867
4159,16595.248479145408,16595.248574666,16595.248574666,16595.249078476,16595.263212179,0,COMPLETED,True,burst_8,79,0.09552059054840356,0.5038100025558379,14.13370299997041,14.733033593074651
4160,16595.266911107414,16595.267012473,16595.267012473,16595.267441164,16595.280440697,3,COMPLETED,True,burst_8,80,0.10136558557860553,0.42869100070674904,12.999532998946961,13.529589585232316
4161,16595.27022618991,16595.270316195,16595.270316195,16595.27075305,16595.284081575,1,COMPLETED,True,burst_8,81,0.0900050908967387,0.43685499986167997,13.328524997632485,13.855385088390904
4162,16595.27225187791,16595.272340616,16595.272340616,16595.272731641,16595.286301465,2,COMPLETED,True,burst_8,82,0.08873809201759286,0.391024997952627,13.569824001024244,14.049587090994464
4163,16595.27910326083,16595.279234357,16595.279234357,16595.280140904,16595.293997315,0,COMPLETED,True,burst_8,83,0.1310961706622038,0.9065470003406517,13.856410998414503,14.894054169417359
4164,16595.27922259472,16595.279329239,16595.279329239,16595.280601622,16595.29459652,3,COMPLETED,True,burst_8,84,0.10664428191375919,1.2723829968308564,13.994898003147682,15.373925281892298
4165,16595.280931654976,16595.281041885,16595.281041885,16595.284377367,16595.297843813,1,COMPLETED,True,burst_8,85,0.11023002298315987,3.335482000693446,13.466446001984878,16.912158025661483
4166,16595.293699617236,16595.293871336,16595.293871336,16595.294735862,16595.30783383,2,COMPLETED,True,burst_8,86,0.17171876606880687,0.8645259986224119,13.097967999783577,14.134212764474796
4167,16595.299132141765,16595.299277424,16595.299277424,16595.29998165,16595.313038263,0,COMPLETED,True,burst_8,87,0.14528223618981428,0.7042260003800038,13.056612999207573,13.906121235777391
4168,16595.321870381053,16595.321966577,16595.321966577,16595.32269863,16595.335863636,3,COMPLETED,True,burst_8,88,0.09619594857213087,0.7320529985008761,13.16500599932624,13.993254946399247
4169,16595.340793782867,16595.340904384,16595.340904384,16595.341403958,16595.364885503,1,COMPLETED,True,baseline_9,89,0.1106011332012713,0.4995739982405212,23.4815450021415,24.091720133583294
4170,16595.34415784231,16595.344261446,16595.344261446,16595.344697809,16595.358624291,2,COMPLETED,True,baseline_9,90,0.10360368833062239,0.4363629996078089,13.926481999078533,14.466448687016964
4171,16595.347532447453,16595.347631633,16595.347631633,16595.3480188,16595.361540117,0,COMPLETED,True,baseline_9,91,0.09918554860632867,0.3871669978252612,13.52131699968595,14.00766954611754
4172,16595.351286614474,16595.351472963,16595.351472963,16595.352120151,16595.371588007,3,COMPLETED,True,baseline_9,92,0.18634852676768787,0.6471880005847197,19.467856000119355,20.301392527471762
4173,16595.357615163422,16595.357735647,16595.357735647,16595.358807556,16595.372477789,2,COMPLETED,True,baseline_9,93,0.12048357893945649,1.071908998710569,13.67023299826542,14.862625575915445
4174,16595.404880347967,16595.404997008,16595.404997008,16595.405718902,16595.419123182,0,COMPLETED,True,baseline_9,94,0.11666003410937265,0.7218939972517546,13.404280001850566,14.242834033211693
4175,16595.489206271468,16595.489373149,16595.489373149,16595.490387162,16595.510176901,1,COMPLETED,True,baseline_9,95,0.1668775330472272,1.0140129998035263,19.78973899895209,20.970629531802842
4176,16595.491123902044,16595.491370828,16595.491370828,16595.492191102,16595.511611507,3,COMPLETED,True,baseline_9,96,0.2469259561621584,0.8202739991247654,19.420405002165353,20.487604957452277
4177,16595.494513982838,16595.494761716,16595.494761716,16595.495627051,16595.515535066,2,COMPLETED,True,baseline_9,97,0.24773316181381233,0.8653350014355965,19.90801499778172,21.02108316103113
4178,16595.51586901022,16595.516062445,16595.516062445,16595.516937179,16595.534362897,0,COMPLETED,True,baseline_9,98,0.1934347783389967,0.8747339998080861,17.425718000595225,18.493886778742308
4179,16595.56191297403,16595.562078974,16595.562078974,16595.562587367,16595.576072406,1,COMPLETED,True,baseline_9,99,0.1659999688854441,0.5083930009277537,13.485038998624077,14.159431968437275
4180,16595.56525408641,16595.565406281,16595.565406281,16595.565971102,16595.584372825,3,COMPLETED,True,baseline_9,100,0.15219458873616531,0.5648210026265588,18.401722998532932,19.118738589895656
4181,16595.660894786633,16595.661148115,16595.661148115,16595.662084389,16595.682529193,2,COMPLETED,True,baseline_9,101,0.25332836594316177,0.936274002015125,20.444803998543648,21.634406366501935
4182,16595.66879989719,16595.669053596,16595.669053596,16595.669864094,16595.689995771,0,COMPLETED,True,baseline_9,102,0.2536988104111515,0.8104980006464757,20.131676999881165,21.195873810938792
4183,16595.672526374416,16595.672691209,16595.672691209,16595.67356544,16595.693877552,1,COMPLETED,True,baseline_9,103,0.16483458603033796,0.8742309983063024,20.312111999373883,21.351177583710523
4184,16595.683514381788,16595.683701174,16595.683701174,16595.684677132,16595.702897487,3,COMPLETED,True,baseline_9,104,0.18679221102502197,0.9759580025274772,18.22035499935737,19.383105212909868
4185,16595.705741709,16595.705852711,16595.705852711,16595.706606824,16595.720243607,2,COMPLETED,True,baseline_9,105,0.11100199844804592,0.7541129998571705,13.636783001857111,14.501898000162328
4186,16595.745615243246,16595.745868227,16595.745868227,16595.746907658,16595.765378973,0,COMPLETED,True,baseline_9,106,0.2529837547626812,1.0394309974799398,18.471315001079347,19.763729753321968
4187,16595.786507995505,16595.786671033,16595.786671033,16595.787198377,16595.803357179,1,COMPLETED,True,baseline_9,107,0.1630374972592108,0.527343996509444,16.158802001882577,16.849183495651232
4188,16595.809302119087,16595.809461103,16595.809461103,16595.810056158,16595.828229488,3,COMPLETED,True,baseline_9,108,0.15898391211521812,0.595055000303546,18.17333000144572,18.927368913864484
4189,16595.830440266036,16595.830531701,16595.830531701,16595.831292412,16595.844685913,2,COMPLETED,True,baseline_9,109,0.09143496572505683,0.7607109982927795,13.393501001701225,14.245646965719061
4190,16595.834588191487,16595.83467473,16595.83467473,16595.835054123,16595.84831749,0,COMPLETED,True,baseline_9,110,0.0865385118231643,0.3793930009123869,13.263367000035942,13.729298512771493
4191,16595.934960326184,16595.935126546,16595.935126546,16595.936327985,16595.956946201,1,COMPLETED,True,baseline_9,111,0.16621981558273546,1.2014390013064258,20.618216000002576,21.985874816891737
4192,16595.9404773073,16595.940627774,16595.940627774,16595.941623105,16595.961950144,3,COMPLETED,True,baseline_9,112,0.15046670159790665,0.9953310000128113,20.32703899749322,21.472836699103937
4193,16595.945974521852,16595.94623671,16595.94623671,16595.947155814,16595.967593686,2,COMPLETED,True,baseline_9,113,0.26218814673484303,0.9191040007863194,20.43787200091174,21.6191641484329
4194,16596.039675773485,16596.03981344,16596.03981344,16596.040446421,16596.05925085,0,COMPLETED,True,baseline_9,114,0.13766651318292134,0.6329810021270532,18.80442900073831,19.575076516048284
4195,16596.041547179495,16596.041726163,16596.041726163,16596.042342852,16596.061649988,1,COMPLETED,True,baseline_9,115,0.17898350415634923,0.6166890016174875,19.307136000861647,20.102808506635483
4196,16596.05248561149,16596.052598246,16596.052598246,16596.053175562,16596.066723386,3,COMPLETED,True,baseline_9,116,0.11263450869591907,0.5773160009994172,13.547824000852415,14.237774510547752
4197,16596.067154301658,16596.067322525,16596.067322525,16596.068235957,16596.087638052,2,COMPLETED,True,baseline_9,117,0.16822334146127105,0.9134319989243522,19.40209500025958,20.4837503406452
4198,16596.082916357314,16596.083031662,16596.083031662,16596.083917065,16596.103399227,0,COMPLETED,True,baseline_9,118,0.11530468691489659,0.8854029983922374,19.4821619988943,20.482869684201432
4199,16596.152409526494,16596.152669789,16596.152669789,16596.153609338,16596.173781686,1,COMPLETED,True,baseline_9,119,0.2602625063445885,0.9395489978487603,20.172348002233775,21.372159506427124
4200,16596.15463695008,16596.154798206,16596.154798206,16596.155606053,16596.175955318,3,COMPLETED,True,baseline_9,0,0.16125592082971707,0.8078469982137904,20.34926500346046,21.318367922503967
4201,16596.18424267172,16596.184383805,16596.184383805,16596.185118707,16596.202967708,2,COMPLETED,True,baseline_9,1,0.1411332814313937,0.7349019979301374,17.84900100028608,18.72503627964761
4202,16596.23028184799,16596.23042411,16596.23042411,16596.230926492,16596.249144062,0,COMPLETED,True,baseline_9,2,0.1422620080120396,0.5023820012866054,18.217569999251282,18.862214008549927
4203,16596.2318242126,16596.231953071,16596.231953071,16596.232535193,16596.250745838,1,COMPLETED,True,baseline_9,3,0.1288584026042372,0.5821220001962502,18.21064499745262,18.921625400253106
4204,16596.247521483387,16596.247664731,16596.247664731,16596.248480704,16596.265533297,3,COMPLETED,True,baseline_9,4,0.14324761286843568,0.8159729986800812,17.052593000698835,18.01181361224735
4205,16596.281124998754,16596.281272958,16596.281272958,16596.282267939,16596.301949637,2,COMPLETED,True,baseline_9,5,0.14795924653299153,0.9949810009857174,19.68169799874886,20.82463824626757
4206,16596.327459252,16596.327545336,16596.327545336,16596.328052786,16596.346884409,0,COMPLETED,True,baseline_9,6,0.0860840009409003,0.5074500004411675,18.831622997822706,19.425156999204773
4207,16596.334196617165,16596.334279741,16596.334279741,16596.335165704,16596.354247024,1,COMPLETED,True,baseline_9,7,0.08312383579323068,0.8859629997459706,19.081319998804247,20.05040683434345
4208,16596.33956622177,16596.339665043,16596.339665043,16596.340357119,16596.35996224,3,COMPLETED,True,baseline_9,8,0.09882123049465008,0.6920759988133796,19.605121000495274,20.396018229803303
4209,16596.342508116788,16596.342671013,16596.342671013,16596.343376355,16596.362743998,2,COMPLETED,True,baseline_9,9,0.16289621271425858,0.7053419976728037,19.36764300262439,20.235881213011453
4210,16596.36354340195,16596.363692383,16596.363692383,16596.36439511,16596.383815101,0,COMPLETED,True,baseline_9,10,0.148981052916497,0.7027269966783933,19.419991000177106,20.271699049771996
4211,16596.382054109577,16596.382190939,16596.382190939,16596.38316308,16596.401392486,1,COMPLETED,True,baseline_9,11,0.13682942153536715,0.9721410024212673,18.22940599959111,19.338376423547743
4212,16596.39528038072,16596.395416276,16596.395416276,16596.396279795,16596.409992915,3,COMPLETED,True,baseline_9,12,0.13589527952717617,0.8635190024506301,13.713119999010814,14.71253428098862
4213,16596.395408970944,16596.395523773,16596.395523773,16596.396587192,16596.414924492,2,COMPLETED,True,baseline_9,13,0.11480205648695119,1.0634190002747346,18.33729999998468,19.515521056746366
4214,16596.40838738571,16596.408498227,16596.408498227,16596.409286034,16596.427422685,0,COMPLETED,True,baseline_9,14,0.11084129073424265,0.7878069991420489,18.136651000531856,19.035299290408147
4215,16596.417095665707,16596.41714824,16596.41714824,16596.417814858,16596.431148985,1,COMPLETED,True,baseline_9,15,0.052574294386431575,0.6666179979220033,13.334127001144225,14.05331929345266
4216,16596.429754002205,16596.429912446,16596.429912446,16596.430616326,16596.444785092,3,COMPLETED,True,baseline_9,16,0.15844379595364444,0.703879999491619,14.168765999784227,15.03108979522949
4217,16596.460144654448,16596.460360305,16596.460360305,16596.461268108,16596.480307101,2,COMPLETED,True,baseline_9,17,0.21565055430983193,0.9078029979718849,19.038992999412585,20.162446551694302
4218,16596.466947423498,16596.467083489,16596.467083489,16596.467528796,16596.481286206,0,COMPLETED,True,baseline_9,18,0.13606550055556,0.44530700324685313,13.757409997197101,14.338782500999514
4219,16596.60527982948,16596.605477107,16596.605477107,16596.606564578,16596.626682162,1,COMPLETED,True,baseline_9,19,0.19727752078324556,1.0874709987547249,20.117584001127398,21.402332520665368
4220,16596.60697160739,16596.607242123,16596.607242123,16596.608256454,16596.628500688,3,COMPLETED,True,baseline_9,20,0.2705156075535342,1.0143310028070118,20.24423399780062,21.529080608161166
4221,16596.64698994195,16596.647252038,16596.647252038,16596.648230047,16596.667578873,2,COMPLETED,True,baseline_9,21,0.2620960513013415,0.9780090003914665,19.348825997440144,20.588931049132952
4222,16596.650108517537,16596.650271153,16596.650271153,16596.651237292,16596.671478729,0,COMPLETED,True,baseline_9,22,0.1626354642212391,0.9661389995017089,20.241436999640428,21.370211463363376
4223,16596.7358461399,16596.735877639,16596.735877639,16596.736889602,16596.756108701,1,COMPLETED,True,baseline_9,23,0.03149909753119573,1.011963002383709,19.219098998291884,20.26256109820679
4224,16596.797879073805,16596.798045509,16596.798045509,16596.79884696,16596.81767015,3,COMPLETED,True,baseline_9,24,0.16643519484205171,0.8014509985514451,18.8231900028768,19.791076196270296
4225,16596.81819434571,16596.818542371,16596.818542371,16596.819419496,16596.838769304,2,COMPLETED,True,baseline_9,25,0.3480252889858093,0.8771250031713862,19.349807997059543,20.574958289216738
4226,16596.924557799084,16596.924706938,16596.924706938,16596.925600508,16596.945873736,0,COMPLETED,True,baseline_9,26,0.14913891573087312,0.8935699988796841,20.273228001315147,21.315936915925704
4227,16596.924623466526,16596.924839633,16596.924839633,16596.925815973,16596.945282288,1,COMPLETED,True,baseline_9,27,0.21616647427435964,0.9763400012161583,19.466314999590395,20.658821475080913
4228,16596.94089429805,16596.941062666,16596.941062666,16596.94202975,16596.961148695,3,COMPLETED,True,baseline_9,28,0.16836794748087414,0.967084000876639,19.118945001537213,20.254396949894726
4229,16597.014912930408,16597.014994032,16597.014994032,16597.015972607,16597.03529827,2,COMPLETED,True,baseline_9,29,0.08110159251373261,0.9785750007722527,19.325662997289328,20.385339590575313
4230,16597.019278774103,16597.019403486,16597.019403486,16597.019933616,16597.039171356,1,COMPLETED,True,baseline_9,30,0.12471189620555378,0.5301300006976817,19.237739998061443,19.892581894964678
4231,16597.066529278738,16597.066649431,16597.066649431,16597.067626411,16597.088477737,0,COMPLETED,True,baseline_9,31,0.12015226093353704,0.9769800017238595,20.851326000411063,21.94845826306846
4232,16597.08572608101,16597.085938851,16597.085938851,16597.086511294,16597.103721676,3,COMPLETED,True,baseline_9,32,0.21276998813846149,0.572443001146894,17.21038200048497,17.995594989770325
4233,16597.09045566971,16597.090586657,16597.090586657,16597.091497146,16597.110887244,2,COMPLETED,True,baseline_9,33,0.13098728959448636,0.9104890013986733,19.390098001167644,20.431574292160803
4234,16597.102415264704,16597.102534562,16597.102534562,16597.103529917,16597.123356286,1,COMPLETED,True,baseline_9,34,0.1192972958961036,0.9953549997590017,19.8263689999294,20.941021295584505
4235,16597.104586021876,16597.104702939,16597.104702939,16597.105236955,16597.11862565,0,COMPLETED,True,baseline_9,35,0.1169171227957122,0.5340160023479257,13.388694998866413,14.03962812401005
4236,16597.112058649902,16597.112181276,16597.112181276,16597.112822988,16597.125809299,3,COMPLETED,True,baseline_9,36,0.12262609743629582,0.6417120021069422,12.98631099780323,13.750649097346468
4237,16597.135292037936,16597.135443054,16597.135443054,16597.13638504,16597.153492173,2,COMPLETED,True,baseline_9,37,0.15101606550160795,0.9419859998160973,17.107133000536123,18.20013506585383
4238,16597.177389571178,16597.177482671,16597.177482671,16597.177923723,16597.191243524,0,COMPLETED,True,baseline_9,38,0.09309982124250382,0.4410520014062058,13.3198010007618,13.85395282341051
4239,16597.182568688986,16597.182651633,16597.182651633,16597.183618429,16597.20366738,1,COMPLETED,True,baseline_9,39,0.08294401413877495,0.9667960002843756,20.048950998898363,21.098691013321513
4240,16597.198465213518,16597.198566844,16597.198566844,16597.199337894,16597.213169056,3,COMPLETED,True,baseline_9,40,0.10163048136746511,0.7710499994573183,13.831162003043573,14.703842483868357
4241,16597.202667062847,16597.202927499,16597.202927499,16597.203789032,16597.224053012,2,COMPLETED,True,baseline_9,41,0.2604361543490086,0.8615329970780294,20.263980000891024,21.385949152318062
4242,16597.218224235137,16597.218341252,16597.218341252,16597.219150483,16597.23316457,0,COMPLETED,True,baseline_9,42,0.11701686162268743,0.8092310017673299,14.014086998940911,14.940334862330928
4243,16597.27064474776,16597.270795319,16597.270795319,16597.27166061,16597.286166614,1,COMPLETED,True,baseline_9,43,0.15057123891892843,0.8652910000819247,14.506004001304973,15.521866240305826
4244,16597.338987777784,16597.339169494,16597.339169494,16597.340325745,16597.360426821,3,COMPLETED,True,baseline_9,44,0.18171621559304185,1.156251000793418,20.10107599926414,21.4390432156506
4245,16597.365825221426,16597.365988885,16597.365988885,16597.367004528,16597.38625342,2,COMPLETED,True,baseline_9,45,0.16366357522201724,1.0156429998460226,19.248892000177875,20.428198575245915
4246,16597.373720451047,16597.373863529,16597.373863529,16597.374422399,16597.390569403,0,COMPLETED,True,baseline_9,46,0.14307795208878815,0.558870000531897,16.14700400023139,16.848951952852076
4247,16597.392478137543,16597.392669578,16597.392669578,16597.393408575,16597.412028689,1,COMPLETED,True,baseline_9,47,0.19144045654684305,0.7389970014628489,18.6201139986224,19.550551456632093
4248,16597.393939181606,16597.394078443,16597.394078443,16597.394794303,16597.410273364,3,COMPLETED,True,baseline_9,48,0.13926139581599273,0.7158599983085878,15.479060999496141,16.334182393620722
4249,16597.443991553682,16597.444119735,16597.444119735,16597.444746989,16597.463453656,2,COMPLETED,True,baseline_9,49,0.12818131654057652,0.6272540013014805,18.706667000515154,19.46210231835721
4250,16597.490407417135,16597.490500352,16597.490500352,16597.491079441,16597.504820786,0,COMPLETED,True,baseline_9,50,0.09293486436945386,0.5790889990748838,13.741345002927119,14.413368866371457
4251,16597.49876932796,16597.498949864,16597.498949864,16597.499482392,16597.513721125,3,COMPLETED,True,baseline_9,51,0.18053603707812726,0.5325279998942278,14.238733001548098,14.951797038520453
4252,16597.505346104983,16597.505510657,16597.505510657,16597.506206778,16597.524533673,1,COMPLETED,True,baseline_9,52,0.16455201694043353,0.6961210019653663,18.326894998608623,19.187568017514423
4253,16597.543759674412,16597.543887218,16597.543887218,16597.544683678,16597.562708258,2,COMPLETED,True,baseline_9,53,0.12754358613165095,0.7964600008563139,18.02458000020124,18.948583587189205
4254,16597.547333149996,16597.547502169,16597.547502169,16597.548208508,16597.561997415,0,COMPLETED,True,baseline_9,54,0.16901900380617008,0.7063390003168024,13.788906999252504,14.664265003375476
4255,16597.54747769743,16597.547624449,16597.547624449,16597.548591026,16597.566573833,3,COMPLETED,True,baseline_9,55,0.14675156853627414,0.9665770012361463,17.98280699949828,19.0961355692707
4256,16597.56162716441,16597.561785964,16597.561785964,16597.562749882,16597.58224626,1,COMPLETED,True,baseline_9,56,0.158799590280978,0.9639179988880642,19.496378001349512,20.619095590518555
4257,16597.57394896595,16597.57411613,16597.57411613,16597.574836274,16597.588158084,0,COMPLETED,True,baseline_9,57,0.1671640493441373,0.7201440021162853,13.321809998160461,14.209118049620884
4258,16597.6082380548,16597.608329865,16597.608329865,16597.608979031,16597.627033093,2,COMPLETED,True,baseline_9,58,0.0918102014111355,0.6491659987659659,18.05406199855497,18.795038198732072
4259,16597.6807778389,16597.680947174,16597.680947174,16597.682021672,16597.700197131,3,COMPLETED,True,baseline_9,59,0.16933510050876066,1.074497999070445,18.175458997575333,19.41929209715454
4260,16597.725050007717,16597.725332035,16597.725332035,16597.726399018,16597.746300271,1,COMPLETED,True,baseline_9,60,0.28202728208270855,1.066983000782784,19.901252999261487,21.25026328212698
4261,16597.74114077666,16597.741254333,16597.741254333,16597.742260222,16597.761317534,0,COMPLETED,True,baseline_9,61,0.11355633978382684,1.0058890002255794,19.05731200167793,20.176757341687335
4262,16597.76307646933,16597.763276147,16597.763276147,16597.763980955,16597.77975319,2,COMPLETED,True,baseline_9,62,0.1996776700252667,0.7048079969536047,15.772235001350055,16.676720668328926
4263,16597.790674067648,16597.790799817,16597.790799817,16597.791356487,16597.804902273,3,COMPLETED,True,baseline_9,63,0.12574935317388736,0.5566699983319268,13.545786001486704,14.228205352992518
4264,16597.809401753882,16597.809631282,16597.809631282,16597.810100496,16597.823623316,1,COMPLETED,True,baseline_9,64,0.22952811923460104,0.46921399916755036,13.522819997888291,14.221562116290443
4265,16597.84020371154,16597.840379368,16597.840379368,16597.841202147,16597.85974879,0,COMPLETED,True,baseline_9,65,0.17565645975992084,0.8227789985539857,18.546643001172924,19.54507845948683
4266,16597.847214391484,16597.847325723,16597.847325723,16597.847850245,16597.861673421,2,COMPLETED,True,baseline_9,66,0.11133151565445587,0.5245220017968677,13.823175999277737,14.45902951672906
4267,16597.850949914067,16597.851054581,16597.851054581,16597.851681059,16597.873954392,3,COMPLETED,True,baseline_9,67,0.10466693129274063,0.6264780022320338,22.273332997428952,23.004477930953726
4268,16597.868981816784,16597.869102177,16597.869102177,16597.870023696,16597.889247499,1,COMPLETED,True,baseline_9,68,0.12036021507810801,0.9215190002578311,19.223802999476902,20.26568221481284
4269,16597.93883284041,16597.939005522,16597.939005522,16597.939794486,16597.957551405,0,COMPLETED,True,baseline_9,69,0.17268158990191296,0.7889640000939835,17.756919001840288,18.718564591836184
4270,16597.959785710213,16597.959961539,16597.959961539,16597.960880938,16597.980934384,2,COMPLETED,True,baseline_9,70,0.17582878717803396,0.9193990008498076,20.053445998200914,21.148673786228755
4271,16598.00642324763,16598.006582829,16598.006582829,16598.007330061,16598.024989153,3,COMPLETED,True,baseline_9,71,0.15958137009874918,0.747231999412179,17.659092001849785,18.565905371360714
4272,16598.01659837765,16598.016857476,16598.016857476,16598.017689488,16598.036383315,1,COMPLETED,True,baseline_9,72,0.2590983494883403,0.8320119995914865,18.693827001698082,19.78493735077791
4273,16598.02083097881,16598.021024526,16598.021024526,16598.02194353,16598.042742168,0,COMPLETED,True,baseline_9,73,0.19354718824615702,0.91900400002487,20.798638000997016,21.911189189268043
4274,16598.040298770487,16598.040471556,16598.040471556,16598.041058766,16598.054817836,2,COMPLETED,True,baseline_9,74,0.17278551240451634,0.5872100009582937,13.75906999965082,14.51906551301363
4275,16598.06052607032,16598.060695439,16598.060695439,16598.061404541,16598.078560205,3,COMPLETED,True,baseline_9,75,0.16936867905315012,0.7091020015650429,17.15566399798263,18.03413467860082
4276,16598.063873194114,16598.064037254,16598.064037254,16598.064661055,16598.080378202,1,COMPLETED,True,baseline_9,76,0.1640598857193254,0.6238009991648141,15.717147001851117,16.505007886735257
4277,16598.116194449765,16598.116302217,16598.116302217,16598.116816045,16598.130131791,0,COMPLETED,True,baseline_9,77,0.10776723502203822,0.5138279993843753,13.31574600044405,13.937341234850464
4278,16598.122015384728,16598.122109248,16598.122109248,16598.122569312,16598.136170163,2,COMPLETED,True,baseline_9,78,0.09386327292304486,0.46006399861653335,13.600851001683623,14.1547782732232
4279,16598.168148675377,16598.168241315,16598.168241315,16598.168909108,16598.188234236,3,COMPLETED,True,baseline_9,79,0.09263962419936433,0.6677929995930754,19.325127999763936,20.085560623556376
4280,16598.20377437271,16598.2039498,16598.2039498,16598.204807544,16598.224360708,1,COMPLETED,True,baseline_9,80,0.1754272925609257,0.8577439984946977,19.553164001990808,20.58633529304643
4281,16598.207766532752,16598.207889626,16598.207889626,16598.208474389,16598.226433161,0,COMPLETED,True,baseline_9,81,0.12309324665693566,0.5847630018251948,17.958771997655276,18.666628246137407
4282,16598.238179732944,16598.238360606,16598.238360606,16598.239186078,16598.252376201,2,COMPLETED,True,baseline_9,82,0.18087305579683743,0.825472001451999,13.190122997912113,14.196468055160949
4283,16598.27476829863,16598.274999848,16598.274999848,16598.275908064,16598.293224122,3,COMPLETED,True,baseline_9,83,0.23154936934588477,0.90821599951596,17.316058001597412,18.455823370459257
4284,16598.275670135245,16598.27592398,16598.27592398,16598.276816293,16598.294441821,1,COMPLETED,True,baseline_9,84,0.2538447552069556,0.892313000804279,17.62552799846162,18.771685754472855
4285,16598.292906678264,16598.293096926,16598.293096926,16598.293961969,16598.313193047,0,COMPLETED,True,baseline_9,85,0.19024773791898042,0.8650429990666453,19.23107800030266,20.286368737288285
4286,16598.321252056085,16598.32141283,16598.32141283,16598.322327408,16598.341577102,2,COMPLETED,True,baseline_9,86,0.16077391410362907,0.914578002266353,19.249693999881856,20.325045916251838
4287,16598.357394861072,16598.357548522,16598.357548522,16598.358420222,16598.377151925,3,COMPLETED,True,baseline_9,87,0.15366092702606693,0.8717000018805265,18.731702999502886,19.75706392840948
4288,16598.381540409628,16598.381615461,16598.381615461,16598.382528924,16598.401605061,1,COMPLETED,True,baseline_9,88,0.07505137182306498,0.9134630017797463,19.076136999501614,20.064651373104425
4289,16598.412582156077,16598.412684775,16598.412684775,16598.413534856,16598.43298945,0,COMPLETED,True,baseline_9,89,0.10261892384733073,0.8500809999532066,19.45459399939864,20.407293923199177
4290,16598.48054793548,16598.480718064,16598.480718064,16598.481751894,16598.501856506,2,COMPLETED,True,baseline_9,90,0.1701285182207357,1.0338300016883295,20.10461200188729,21.308570521796355
4291,16598.60065387898,16598.600918924,16598.600918924,16598.60197207,16598.622046528,3,COMPLETED,True,baseline_9,91,0.2650450187502429,1.053145999321714,20.07445799972629,21.39264901779825
4292,16598.606399315726,16598.606650896,16598.606650896,16598.607617902,16598.628151415,1,COMPLETED,True,baseline_9,92,0.2515802734706085,0.9670059989730362,20.5335130012827,21.752099273726344
4293,16598.62985967645,16598.630113241,16598.630113241,16598.631108077,16598.650959536,0,COMPLETED,True,baseline_9,93,0.2535645508032758,0.9948359984264243,19.851459001074545,21.099859550304245
4294,16598.639845425503,16598.640039688,16598.640039688,16598.64080645,16598.660302436,2,COMPLETED,True,baseline_9,94,0.19426249855314381,0.7667619975109119,19.49598600185709,20.457010497921146
4295,16598.661719858064,16598.661973435,16598.661973435,16598.66294055,16598.681971691,3,COMPLETED,True,baseline_9,95,0.2535769344831351,0.9671150000940543,19.031141000596108,20.251832935173297
4296,16598.6779475939,16598.678107184,16598.678107184,16598.679018233,16598.697963498,1,COMPLETED,True,baseline_9,96,0.1595901012478862,0.9110489991144277,18.945265001093503,20.015904101455817
4297,16598.69939517578,16598.699561382,16598.699561382,16598.700465385,16598.719677122,0,COMPLETED,True,baseline_9,97,0.16620622045593336,0.9040030017786194,19.211736998840934,20.281946221075486
4298,16598.708629267192,16598.708846254,16598.708846254,16598.709661256,16598.722710312,2,COMPLETED,True,baseline_9,98,0.21698680939152837,0.8150020003085956,13.049055996816605,14.08104480651673
4299,16598.72493329974,16598.725095152,16598.725095152,16598.725835889,16598.743986743,3,COMPLETED,True,baseline_9,99,0.16185225831577554,0.7407369994325563,18.150854000850813,19.053443258599145
4300,16598.72764966692,16598.727807806,16598.727807806,16598.728612659,16598.747911729,1,COMPLETED,True,baseline_9,100,0.15813908248674124,0.8048529998632148,19.299069997941842,20.2620620802918
4301,16598.765335355452,16598.765435547,16598.765435547,16598.765926629,16598.779526624,0,COMPLETED,True,baseline_9,101,0.10019154797191732,0.49108199891634285,13.59999499982223,14.19126854671049
4302,16598.76553938339,16598.765732771,16598.765732771,16598.766020865,16598.784559769,2,COMPLETED,True,baseline_9,102,0.19338761194376275,0.28809400100726634,18.538903997978196,19.020385610929225
4303,16598.789234156717,16598.789503152,16598.789503152,16598.790137923,16598.803605061,3,COMPLETED,True,baseline_9,103,0.26899528165813535,0.6347710004774854,13.467138000123668,14.37090428225929
4304,16598.844733053716,16598.844844975,16598.844844975,16598.845547337,16598.863896498,1,COMPLETED,True,baseline_9,104,0.11192128295078874,0.7023620019026566,18.34916099687689,19.163444281730335
4305,16598.899095004697,16598.899252986,16598.899252986,16598.90005785,16598.920977128,0,COMPLETED,True,baseline_9,105,0.15798130334587768,0.8048640011111274,20.919277998473262,21.882123302930268
4306,16598.916541930907,16598.916794029,16598.916794029,16598.917825897,16598.937999429,2,COMPLETED,True,baseline_9,106,0.25209809246007353,1.031867999699898,20.173532000626437,21.45749809278641
4307,16598.918220551437,16598.918418236,16598.918418236,16598.919234089,16598.939212785,3,COMPLETED,True,baseline_9,107,0.19768456331803463,0.8158529999491293,19.978696000180207,20.99223356344737
4308,16599.029470897283,16599.029616209,16599.029616209,16599.030673181,16599.051329318,1,COMPLETED,True,baseline_9,108,0.14531171837006696,1.0569719997874927,20.656136999605224,21.858420717762783
4309,16599.122003335702,16599.12227935,16599.12227935,16599.123292976,16599.143340927,0,COMPLETED,True,baseline_9,109,0.2760142961051315,1.0136260025319643,20.047950998559827,21.337591297196923
4310,16599.144776490226,16599.144854199,16599.144854199,16599.145808215,16599.165479835,2,COMPLETED,True,baseline_9,110,0.077708773460472,0.9540159990137909,19.671620000735857,20.70334477321012
4311,16599.150138334582,16599.150301961,16599.150301961,16599.151119294,16599.171166929,3,COMPLETED,True,baseline_9,111,0.1636264169064816,0.8173330024874303,20.047635000082664,21.028594419476576
4312,16599.169107177477,16599.169251601,16599.169251601,16599.1702114,16599.188503697,1,COMPLETED,True,baseline_9,112,0.14442352403420955,0.9597989992471412,18.29229700160795,19.3965195248893
4313,16599.2097149357,16599.209872722,16599.209872722,16599.210930479,16599.229597144,0,COMPLETED,True,baseline_9,113,0.15778630040585995,1.0577569992165081,18.666665000637295,19.882208300259663
4314,16599.212248672804,16599.212449638,16599.212449638,16599.213119051,16599.231127611,2,COMPLETED,True,baseline_9,114,0.20096519438084215,0.6694130024698097,18.008560000453144,18.878938197303796
4315,16599.233243331353,16599.233330824,16599.233330824,16599.234064926,16599.247893135,3,COMPLETED,True,baseline_9,115,0.08749264816287905,0.7341019991145004,13.828209001076175,14.649803648353554
4316,16599.23439350006,16599.234561215,16599.234561215,16599.23531657,16599.253544152,1,COMPLETED,True,baseline_9,116,0.1677149375609588,0.7553550021839328,18.227582000690745,19.150651940435637
4317,16599.24248456691,16599.242652175,16599.242652175,16599.243503669,16599.262204151,0,COMPLETED,True,baseline_9,117,0.1676080901233945,0.8514940018358175,18.70048199998564,19.719584091944853
4318,16599.24835168146,16599.248544715,16599.248544715,16599.249228529,16599.268449996,2,COMPLETED,True,baseline_9,118,0.19303353838040493,0.6838139997853432,19.221467002353165,20.098314540518913
4319,16599.270127041364,16599.270226626,16599.270226626,16599.270684284,16599.284170952,3,COMPLETED,True,baseline_9,119,0.09958463488146663,0.4576580031425692,13.486667998222401,14.043910636246437
4320,16599.296401751788,16599.296519977,16599.296519977,16599.297043497,16599.311237437,1,COMPLETED,True,baseline_9,0,0.11822521264548413,0.523520000569988,14.19393999822205,14.835685211437522
4321,16599.346372429496,16599.346476342,16599.346476342,16599.347031981,16599.36027707,0,COMPLETED,True,baseline_9,1,0.10391250543761998,0.5556389987759758,13.245089001429733,13.904640505643329
4322,16599.36255321465,16599.362669565,16599.362669565,16599.363165457,16599.379227288,2,COMPLETED,True,baseline_9,2,0.11635034752544016,0.49589200352784246,16.06183099647751,16.674073347530793
4323,16599.382896537598,16599.38305924,16599.38305924,16599.383701055,16599.399813393,3,COMPLETED,True,baseline_9,3,0.16270240303128958,0.6418150005629286,16.112337998492876,16.916855402087094
4324,16599.409015132343,16599.409179391,16599.409179391,16599.410038086,16599.428697608,1,COMPLETED,True,baseline_9,4,0.16425865760538727,0.8586949988966808,18.659522000234574,19.682475656736642
4325,16599.41730821314,16599.417477245,16599.417477245,16599.418424831,16599.438126182,0,COMPLETED,True,baseline_9,5,0.16903186042327434,0.9475860024394933,19.70135100054904,20.817968863411807
4326,16599.417345104015,16599.417598337,16599.417598337,16599.418553739,16599.43263681,2,COMPLETED,True,baseline_9,6,0.25323298541479744,0.9554019998176955,14.083071000641212,15.291705985873705
4327,16599.42687103097,16599.427037023,16599.427037023,16599.427844584,16599.44718798,3,COMPLETED,True,baseline_9,7,0.16599203081568703,0.8075609985098708,19.343396001204383,20.31694903052994
4328,16599.456085977235,16599.456255104,16599.456255104,16599.457207701,16599.475211557,1,COMPLETED,True,baseline_9,8,0.16912676437641494,0.9525970017421059,18.003855999268126,19.125579765386647
4329,16599.501436019094,16599.501527879,16599.501527879,16599.502390306,16599.520167991,2,COMPLETED,True,baseline_9,9,0.09185990711557679,0.862426997628063,17.77768499960075,18.73197190434439
4330,16599.521128590073,16599.521233998,16599.521233998,16599.52190805,16599.538257646,0,COMPLETED,True,baseline_9,10,0.10540792573010549,0.6740520002495032,16.349596000509337,17.129055926488945
4331,16599.53466875309,16599.534815313,16599.534815313,16599.535745732,16599.556500345,3,COMPLETED,True,baseline_9,11,0.14655990889878012,0.9304189989052247,20.754613000462996,21.831591908267
4332,16599.549459711125,16599.549632695,16599.549632695,16599.55061754,16599.570153719,1,COMPLETED,True,baseline_9,12,0.17298387683695182,0.9848449990386143,19.5361789992603,20.694007875135867
4333,16599.6057754253,16599.605865233,16599.605865233,16599.606725127,16599.625745513,2,COMPLETED,True,baseline_9,13,0.0898076978046447,0.8598940003139433,19.020386000192957,19.970087698311545
4334,16599.613917047718,16599.613999905,16599.613999905,16599.61490085,16599.634112532,0,COMPLETED,True,baseline_9,14,0.08285728108603507,0.9009450004668906,19.211681999877328,20.195484281430254
4335,16599.68986178517,16599.690031537,16599.690031537,16599.690936255,16599.711308533,3,COMPLETED,True,baseline_9,15,0.16975183098111302,0.9047179992194287,20.372277998831123,21.446747829031665
4336,16599.70272902543,16599.702883924,16599.702883924,16599.703701494,16599.723725025,1,COMPLETED,True,baseline_9,16,0.15489857105421834,0.8175699986168183,20.023531000333605,20.995999570004642
4337,16599.72257274549,16599.722881451,16599.722881451,16599.723762028,16599.741063852,2,COMPLETED,True,baseline_9,17,0.3087055119976867,0.880576997587923,17.30182400206104,18.49110651164665
4338,16599.739201401033,16599.739353271,16599.739353271,16599.740138634,16599.760336424,0,COMPLETED,True,baseline_9,18,0.15186996824922971,0.785362997703487,20.19778999965638,21.135022965609096
4339,16599.74427560962,16599.744435119,16599.744435119,16599.745182323,16599.758954576,3,COMPLETED,True,baseline_9,19,0.15950937813613564,0.7472040015272796,13.77225299802376,14.678966377687175
4340,16599.75378747064,16599.753933483,16599.753933483,16599.754640474,16599.772934132,1,COMPLETED,True,baseline_9,20,0.14601236034650356,0.7069909988786094,18.29365800222149,19.146661361446604
4341,16599.756068699604,16599.756123498,16599.756123498,16599.756844065,16599.770492542,2,COMPLETED,True,baseline_9,21,0.054798394558019936,0.7205670008261222,13.64847700097016,14.423842396354303
4342,16599.757188602165,16599.757316612,16599.757316612,16599.759127299,16599.772816762,3,COMPLETED,True,baseline_9,22,0.12800983313354664,1.8106870011251885,13.689463001355762,15.628159835614497
4343,16599.75953385267,16599.759558635,16599.759558635,16599.760532733,16599.775197147,0,COMPLETED,True,baseline_9,23,0.024782330001471564,0.9740979985508602,14.6644140004355,15.663294328987831
4344,16599.762997255413,16599.763160924,16599.763160924,16599.770732651,16599.785155433,2,COMPLETED,True,baseline_9,24,0.16366858835681342,7.571726997412043,14.42278200192959,22.158177587698447
4345,16599.76579392602,16599.765921093,16599.765921093,16599.773215121,16599.787513167,3,COMPLETED,True,baseline_9,25,0.127166978927562,7.2940280006150715,14.298046000476461,21.719240980019094
4346,16599.77132232616,16599.771447135,16599.771447135,16599.773281137,16599.789143477,1,COMPLETED,True,baseline_9,26,0.12480884106480516,1.8340019996685442,15.862339998420794,17.821150839154143
4347,16599.77148843356,16599.771508133,16599.771508133,16599.775548629,16599.78956554,0,COMPLETED,True,baseline_9,27,0.019699440599652007,4.040496001834981,14.01691099817981,18.077106440614443
4348,16599.778570465078,16599.778733849,16599.778733849,16599.78554501,16599.798699083,2,COMPLETED,True,baseline_9,28,0.1633839237911161,6.811160998040577,13.154072999896016,20.12861792172771
4349,16599.824050478135,16599.824155387,16599.824155387,16599.824669099,16599.838000506,3,COMPLETED,True,baseline_9,29,0.10490886415936984,0.5137120024301112,13.331406997167505,13.950027863756986
4350,16599.829007372027,16599.829101189,16599.829101189,16599.829590178,16599.843681718,1,COMPLETED,True,baseline_9,30,0.093816972366767,0.48898900058702566,14.091540000663372,14.674345973617164
4351,16599.893836324645,16599.893959672,16599.893959672,16599.894732104,16599.912755111,0,COMPLETED,True,baseline_9,31,0.12334735583863221,0.7724319984845351,18.023007000010693,18.91878635433386
4352,16599.909191988318,16599.909327179,16599.909327179,16599.910381196,16599.929813033,2,COMPLETED,True,baseline_9,32,0.13519068306777626,1.0540170005697291,19.431836997682694,20.6210446813202
4353,16599.93714315538,16599.937204147,16599.937204147,16599.938072026,16599.957221332,3,COMPLETED,True,baseline_9,33,0.060991620557615533,0.8678789999976289,19.149305997416377,20.07817661797162
4354,16599.946361329432,16599.946519766,16599.946519766,16599.9474267,16599.967399113,1,COMPLETED,True,baseline_9,34,0.15843656728975475,0.9069340012501925,19.97241299977759,21.037783568317536
4355,16599.973193495036,16599.973310061,16599.973310061,16599.974262957,16599.993933159,0,COMPLETED,True,baseline_9,35,0.11656596325337887,0.9528959999443032,19.670202000270365,20.739663963468047
4356,16599.98536870111,16599.985504951,16599.985504951,16599.986407681,16600.004778027,2,COMPLETED,True,baseline_9,36,0.13624989151139744,0.9027300002344418,18.37034599884646,19.4093258905923
4357,16600.00663582184,16600.006722614,16600.006722614,16600.007630923,16600.025982399,3,COMPLETED,True,baseline_9,37,0.08679216261953115,0.9083089971682057,18.35147600286291,19.346577162650647
4358,16600.023012309623,16600.023172767,16600.023172767,16600.024114563,16600.042596506,1,COMPLETED,True,baseline_9,38,0.16045737720560282,0.9417959990969393,18.481942999642342,19.584196375944884
4359,16600.034669880322,16600.034818681,16600.034818681,16600.035805223,16600.054306091,0,COMPLETED,True,baseline_9,39,0.14880067828926258,0.9865419997368008,18.500867998227477,19.63621067625354
4360,16600.06534545995,16600.065529781,16600.065529781,16600.066285677,16600.084211527,2,COMPLETED,True,baseline_9,40,0.1843210520746652,0.7558959987363778,17.925849999301136,18.86606705011218
4361,16600.13417241466,16600.134265657,16600.134265657,16600.135290125,16600.155388259,3,COMPLETED,True,baseline_9,41,0.09324234270025045,1.0244679979223292,20.098134002182633,21.215844342805212
4362,16600.203072376302,16600.203237975,16600.203237975,16600.204385525,16600.224481957,1,COMPLETED,True,baseline_9,42,0.1655986998230219,1.1475499995867722,20.096431999263586,21.40958069867338
4363,16600.31025087344,16600.310505588,16600.310505588,16600.311434271,16600.331494812,0,COMPLETED,True,baseline_9,43,0.25471455955994315,0.9286829990742262,20.060540999111254,21.243938557745423
4364,16600.311646177484,16600.311894078,16600.311894078,16600.312746126,16600.332679474,2,COMPLETED,True,baseline_9,44,0.24790051611489616,0.852048000524519,19.933347997721285,21.0332965143607
4365,16600.31256257868,16600.31273122,16600.31273122,16600.313366274,16600.333391214,3,COMPLETED,True,baseline_9,45,0.16864131976035424,0.635053998848889,20.02494000043953,20.82863531904877
4366,16600.3420767043,16600.342251279,16600.342251279,16600.343181964,16600.364121642,1,COMPLETED,True,burst_9,46,0.1745746994856745,0.9306850006396417,20.939678001013817,22.044937701139133
4367,16600.342931867624,16600.34308867,16600.34308867,16600.34372406,16600.3641128,0,COMPLETED,True,burst_9,47,0.15680237629567273,0.6353899989335332,20.388740002090344,21.18093237731955
4368,16600.343619650706,16600.343781777,16600.343781777,16600.344346045,16600.363723319,2,COMPLETED,True,burst_9,48,0.16212629270739853,0.5642680007440504,19.377273998543387,20.103668291994836
4369,16600.353845479276,16600.354023152,16600.354023152,16600.354776719,16600.368301782,3,COMPLETED,True,burst_9,49,0.17767272220226005,0.7535670010838658,13.525063000997761,14.456302724283887
4370,16600.377876467115,16600.377983848,16600.377983848,16600.37888603,16600.397299969,2,COMPLETED,True,burst_9,50,0.10738088531070389,0.9021820005727932,18.413939000311075,19.423501886194572
4371,16600.39184219302,16600.391961565,16600.391961565,16600.392598704,16600.409474006,1,COMPLETED,True,burst_9,51,0.11937197996303439,0.6371389972628094,16.875302000698866,17.63181297792471
4372,16600.395335413297,16600.395448331,16600.395448331,16600.396051875,16600.413918857,0,COMPLETED,True,burst_9,52,0.11291770351817831,0.6035439982952084,17.866982001578435,18.583443703391822
4373,16600.40282020335,16600.402943288,16600.402943288,16600.403682228,16600.423053541,3,COMPLETED,True,burst_9,53,0.1230846501130145,0.7389399979729205,19.371312999282964,20.2333376473689
4374,16600.416337916424,16600.41645638,16600.41645638,16600.417152564,16600.430727124,2,COMPLETED,True,burst_9,54,0.11846357665490359,0.6961840008443687,13.574559998232871,14.389207575732144
4375,16600.437779093412,16600.438036286,16600.438036286,16600.438826482,16600.453406587,1,COMPLETED,True,burst_9,55,0.2571925870142877,0.7901960016170051,14.58010499845841,15.627493587089702
4376,16600.44806060328,16600.4482041,16600.4482041,16600.448832063,16600.465202887,0,COMPLETED,True,burst_9,56,0.14349671982927248,0.627962999715237,16.370823999750428,17.142283719294937
4377,16600.45791912019,16600.458070079,16600.458070079,16600.458948541,16600.478269503,3,COMPLETED,True,burst_9,57,0.15095881099114195,0.8784620004007593,19.320962001074804,20.350382812466705
4378,16600.45936754443,16600.459506467,16600.459506467,16600.460043427,16600.473505408,2,COMPLETED,True,burst_9,58,0.13892256902181543,0.5369600003177766,13.46198100145557,14.137863570795162
4379,16600.468613073816,16600.46870291,16600.46870291,16600.469443136,16600.488532319,1,COMPLETED,True,burst_9,59,0.08983618317870423,0.7402260016533546,19.089182998868637,19.919245183700696
4380,16600.47023012879,16600.470321756,16600.470321756,16600.470977327,16600.491084443,0,COMPLETED,True,burst_9,60,0.09162721107713878,0.6555709987878799,20.107116000872338,20.854314210737357
4381,16600.478465522672,16600.478557346,16600.478557346,16600.479347933,16600.492935101,2,COMPLETED,True,burst_9,61,0.09182332723867148,0.7905870006652549,13.587167999503436,14.469578327407362
4382,16600.488781455075,16600.48898439,16600.48898439,16600.489621605,16600.50808925,3,COMPLETED,True,burst_9,62,0.20293492343625985,0.6372150019160472,18.467645000782795,19.307794926135102
4383,16600.494806057835,16600.494981731,16600.494981731,16600.495498339,16600.509068369,1,COMPLETED,True,burst_9,63,0.175673165358603,0.5166080009075813,13.570029997936217,14.262311164202401
4384,16600.518774512555,16600.51887153,16600.51887153,16600.519456125,16600.533006188,0,COMPLETED,True,burst_9,64,0.09701744420453906,0.5845949999638833,13.550063002185198,14.23167544635362
4385,16600.525952176242,16600.526058221,16600.526058221,16600.526662588,16600.545055689,2,COMPLETED,True,burst_9,65,0.1060447575582657,0.6043670000508428,18.39310099967406,19.10351275728317
4386,16600.52769865534,16600.527820044,16600.527820044,16600.528226745,16600.541058339,3,COMPLETED,True,burst_9,66,0.12138866077293642,0.4067009977006819,12.831594001909252,13.35968366038287
4387,16600.556719870467,16600.556810853,16600.556810853,16600.557643222,16600.577242111,1,COMPLETED,True,burst_9,67,0.09098253212869167,0.832369001727784,19.598889000917552,20.522240534774028
4388,16600.558492244156,16600.55859145,16600.55859145,16600.559356617,16600.579385931,0,COMPLETED,True,burst_9,68,0.09920584489009343,0.7651669984625187,20.029314000566956,20.893686843919568
4389,16600.55859942675,16600.558629715,16600.558629715,16600.559372695,16600.572641013,3,COMPLETED,True,burst_9,69,0.03028825085493736,0.7429799989040475,13.268318001792068,14.041586251551053
4390,16600.57606977914,16600.576130955,16600.576130955,16600.576967742,16600.591893737,2,COMPLETED,True,burst_9,70,0.06117585871834308,0.8367869995709043,14.925995001249248,15.823957859538496
4391,16600.58080566442,16600.58089222,16600.58089222,16600.581705467,16600.599919876,3,COMPLETED,True,burst_9,71,0.08655558121972717,0.8132469993142877,18.214408999483567,19.11421158001758
4392,16600.580924573107,16600.580942136,16600.580942136,16600.581843508,16600.601690405,1,COMPLETED,True,burst_9,72,0.017562892026035115,0.9013720009534154,19.846897001116304,20.765831894095754
4393,16600.591320015235,16600.591521527,16600.591521527,16600.592224049,16600.608656106,0,COMPLETED,True,burst_9,73,0.2015117643168196,0.7025220002105925,16.432057000201894,17.336090764729306
4394,16600.60473094528,16600.604864419,16600.604864419,16600.60542113,16600.618198756,2,COMPLETED,True,burst_9,74,0.1334737207798753,0.5567109983530827,12.777626001479803,13.46781072061276
4395,16600.613629755662,16600.613717032,16600.613717032,16600.61422982,16600.627419297,3,COMPLETED,True,burst_9,75,0.08727633758098818,0.5127879994688556,13.189477002015337,13.789541339065181
4396,16600.640127046037,16600.640232798,16600.640232798,16600.640865278,16600.659468358,1,COMPLETED,True,burst_9,76,0.10575196210993454,0.6324800015136134,18.60307999959332,19.341311963216867
4397,16600.643897388392,16600.644085725,16600.644085725,16600.644732526,16600.661680938,0,COMPLETED,True,burst_9,77,0.18833660942618735,0.6468009996751789,16.948411997873336,17.783549606974702
4398,16600.644896804526,16600.644986238,16600.644986238,16600.645428205,16600.658628768,2,COMPLETED,True,burst_9,78,0.08943347347667441,0.4419670003699139,13.200563000282273,13.731963474128861
4399,16600.65069486775,16600.650867931,16600.650867931,16600.651696444,16600.66631365,3,COMPLETED,True,burst_9,79,0.17306325025856495,0.8285130024887621,14.617205997637939,15.618782250385266
4400,16600.65089336427,16600.650931321,16600.650931321,16600.658808473,16600.671619101,2,COMPLETED,True,burst_9,80,0.03795673183049075,7.8771519984002225,12.810627998987911,20.725736729218625
4401,16600.674540544922,16600.674659684,16600.674659684,16600.675372142,16600.691144529,1,COMPLETED,True,burst_9,81,0.11913907655980438,0.7124580006347969,15.772386999742594,16.603984076937195
4402,16600.680199283568,16600.680313845,16600.680313845,16600.680971628,16600.69679341,0,COMPLETED,True,burst_9,82,0.11456143329269253,0.6577829990419559,15.82178199896589,16.594126431300538
4403,16600.68679090384,16600.686873798,16600.686873798,16600.687563879,16600.700732668,3,COMPLETED,True,burst_9,83,0.08289415927720256,0.6900810003571678,13.168788998882519,13.94176415851689
4404,16600.718486379035,16600.718692511,16600.718692511,16600.719311022,16600.732748996,2,COMPLETED,True,burst_9,84,0.20613196466001682,0.6185109996295068,13.437974001135444,14.262616965424968
4405,16600.718792397227,16600.718843883,16600.718843883,16600.719415179,16600.736092118,1,COMPLETED,True,burst_9,85,0.05148577474756166,0.5712959973607212,16.676939001627034,17.299720773735316
4406,16600.72092369671,16600.721136405,16600.721136405,16600.722081444,16600.744087855,0,COMPLETED,True,burst_9,86,0.21270829165587202,0.9450389989069663,22.006410999892978,23.164158290455816
4407,16600.735247840097,16600.735408758,16600.735408758,16600.73616287,16600.749644167,3,COMPLETED,True,burst_9,87,0.16091790166683495,0.7541119994129986,13.481297002726933,14.396326903806766
4408,16600.741948800864,16600.742169277,16600.742169277,16600.742800531,16600.762250061,2,COMPLETED,True,burst_9,88,0.2204761367465835,0.6312539990176447,19.449530002020765,20.301260137784993
4409,16600.74393935041,16600.744158439,16600.744158439,16600.744690776,16600.765017847,1,COMPLETED,True,burst_9,89,0.21908858980168588,0.5323369987308979,20.327071000792785,21.07849658932537
4410,16600.74589353188,16600.746057682,16600.746057682,16600.746717758,16600.767218734,0,COMPLETED,True,burst_9,90,0.1641501221456565,0.6600759988941718,20.500975999311777,21.325202120351605
4411,16600.754218264407,16600.754311588,16600.754311588,16600.754655797,16600.767990907,3,COMPLETED,True,burst_9,91,0.09332359331892803,0.3442090019234456,13.335109997569816,13.77264259281219
4412,16600.758640598742,16600.758802316,16600.758802316,16600.762823581,16600.777438323,2,COMPLETED,True,burst_9,92,0.16171725656022318,4.0212650019384455,14.614741998229874,18.797724256728543
4413,16600.767463153566,16600.767608155,16600.767608155,16600.768119341,16600.784717586,1,COMPLETED,True,burst_9,93,0.1450014351576101,0.5111859973112587,16.59824500165996,17.25443243412883
4414,16600.769007076196,16600.769162429,16600.769162429,16600.769700781,16600.783652708,3,COMPLETED,True,burst_9,94,0.1553528018121142,0.5383520001487341,13.951927001471631,14.64563180343248
4415,16600.775904170576,16600.776052131,16600.776052131,16600.776652648,16600.794774745,0,COMPLETED,True,burst_9,95,0.14796042523812503,0.6005169998388737,18.122097000741633,18.87057442581863
4416,16600.78194564013,16600.782054316,16600.782054316,16600.782749696,16600.796488848,2,COMPLETED,True,burst_9,96,0.10867587116081268,0.6953800002520438,13.739151996560395,14.543207867973251
4417,16600.78518851505,16600.785311914,16600.785311914,16600.785875832,16600.803464125,3,COMPLETED,True,burst_9,97,0.12339895329205319,0.5639179980789777,17.58829300160869,18.27560995297972
4418,16600.78603515609,16600.78619812,16600.78619812,16600.786805034,16600.806984641,1,COMPLETED,True,burst_9,98,0.16296391186187975,0.606913999945391,20.17960699959076,20.94948491139803
4419,16600.788123614184,16600.788304712,16600.788304712,16600.794916932,16600.813742032,0,COMPLETED,True,burst_9,99,0.18109781740349717,6.612220000533853,18.825099999958184,25.618417817895534
4420,16600.78813208518,16600.788398068,16600.788398068,16600.796644637,16600.810348251,2,COMPLETED,True,burst_9,100,0.2659828205651138,8.246568999311421,13.70361400040565,22.216165820282185
4421,16600.78885541224,16600.78900474,16600.78900474,16600.803598131,16600.821959376,3,COMPLETED,True,burst_9,101,0.14932775957277045,14.593390998925315,18.361245001869975,33.10396376036806
4422,16600.78931811356,16600.789469308,16600.789469308,16600.807134179,16600.826049291,1,COMPLETED,True,burst_9,102,0.15119444287847728,17.66487099666847,18.915112003014656,36.7311774425616
4423,16600.792360955133,16600.792510114,16600.792510114,16600.810687942,16600.824154664,2,COMPLETED,True,burst_9,103,0.1491588664066512,18.177828002080787,13.466721997247078,31.793708865734516
4424,16600.79399486427,16600.794156655,16600.794156655,16600.813997535,16600.830744054,0,COMPLETED,True,burst_9,104,0.1617907291802112,19.840879998810124,16.746519002481364,36.7491897304717
4425,16600.8001775181,16600.800438297,16600.800438297,16600.822288458,16600.837085413,3,COMPLETED,True,burst_9,105,0.2607788992463611,21.85016099974746,14.796955001656897,36.90789490065072
4426,16600.826544011925,16600.826645008,16600.826645008,16600.827085434,16600.840584547,2,COMPLETED,True,burst_9,106,0.10099607607116923,0.4404259998409543,13.499112999852514,14.040535075764637
4427,16600.844620442815,16600.844723879,16600.844723879,16600.845251029,16600.861306367,1,COMPLETED,True,burst_9,107,0.10343618487240747,0.5271500012895558,16.05533800102421,16.685924187186174
4428,16600.85364605962,16600.85373683,16600.85373683,16600.85421412,16600.87015609,0,COMPLETED,True,burst_9,108,0.09077037975657731,0.47729000289109536,15.941969999403227,16.5100303820509
4429,16600.86358355495,16600.863735536,16600.863735536,16600.864254667,16600.882863702,3,COMPLETED,True,burst_9,109,0.15198105029412545,0.5191310010559391,18.60903499982669,19.280147051176755
4430,16600.87369650543,16600.873782858,16600.873782858,16600.87427106,16600.887597192,2,COMPLETED,True,burst_9,110,0.08635257108835503,0.4882020002696663,13.32613199701882,13.900686568376841
4431,16600.878425052295,16600.878510634,16600.878510634,16600.878962074,16600.897064386,1,COMPLETED,True,burst_9,111,0.08558170520700514,0.4514399988693185,18.102312002156395,18.63933370623272
4432,16600.880419498728,16600.880504099,16600.880504099,16600.880834401,16600.898577305,0,COMPLETED,True,burst_9,112,0.08460027311230078,0.3303019984741695,17.742904001352144,18.157806272938615
4433,16600.881108564845,16600.881192313,16600.881192313,16600.883314467,16600.902605522,3,COMPLETED,True,burst_9,113,0.0837481566122733,2.122153997333953,19.291054999484913,21.49695715343114
4434,16600.887358026448,16600.887466806,16600.887466806,16600.888293508,16600.906399133,2,COMPLETED,True,burst_9,114,0.10877955355681479,0.8267019984486979,18.10562500031665,19.041106552322162
4435,16600.900446929423,16600.900564521,16600.900564521,16600.901364903,16600.919546973,1,COMPLETED,True,burst_9,115,0.11759157860069536,0.8003819966688752,18.182070001785178,19.10004357705475
4436,16600.902812400927,16600.902860306,16600.902860306,16600.903590395,16600.921128223,0,COMPLETED,True,burst_9,116,0.0479050722788088,0.7300889992620796,17.537828000058653,18.31582207159954
4437,16600.912624534627,16600.912715022,16600.912715022,16600.913573119,16600.933607052,3,COMPLETED,True,burst_9,117,0.09048737410921603,0.8580969988543075,20.033933000377147,20.98251737334067
4438,16600.916830054364,16600.916919423,16600.916919423,16600.917595749,16600.936943841,2,COMPLETED,True,burst_9,118,0.08936863741837442,0.6763259989384096,19.348091998836026,20.11378663519281
4439,16600.92219781375,16600.922278334,16600.922278334,16600.922931816,16600.9402315,1,COMPLETED,True,burst_9,119,0.08052025077631697,0.6534819985972717,17.299684001045534,18.033686250419123
4440,16600.925016528752,16600.925107059,16600.925107059,16600.925595127,16600.942825135,0,COMPLETED,True,burst_9,0,0.09053024768945761,0.4880679989582859,17.230008001206443,17.808606247854186
4441,16600.93722252097,16600.937452184,16600.937452184,16600.938257786,16600.952259879,3,COMPLETED,True,burst_9,1,0.22966303004068322,0.8056020014919341,14.002092997543514,15.037358029076131
4442,16600.95364258007,16600.953748259,16600.953748259,16600.954499378,16600.96794872,2,COMPLETED,True,burst_9,2,0.10567892968538217,0.7511190015065949,13.44934200096759,14.306139932159567
4443,16600.954014040384,16600.954294577,16600.954294577,16600.954657648,16600.972360655,1,COMPLETED,True,burst_9,3,0.2805366166285239,0.36307099799159914,17.703007000818616,18.34661461543874
4444,16600.95408585479,16600.954312159,16600.954312159,16600.954986589,16600.975418035,0,COMPLETED,True,burst_9,4,0.2263042078993749,0.6744300007994752,20.43144599883817,21.33218020753702
4445,16600.954656703434,16600.954755276,16600.954755276,16600.955379085,16600.971991247,3,COMPLETED,True,burst_9,5,0.09857256736722775,0.6238089990802109,16.61216199863702,17.33454356508446
4446,16600.962520763303,16600.962693173,16600.962693173,16600.968495779,16600.982297587,2,COMPLETED,True,burst_9,6,0.17240969827980734,5.80260599963367,13.801807999698212,19.77682369761169
4447,16600.971031642224,16600.971209766,16600.971209766,16600.972426505,16600.986496987,3,COMPLETED,True,burst_9,7,0.1781237770046573,1.2167389977548737,14.070482000533957,15.465344775293488
4448,16600.98939734295,16600.989509,16600.989509,16600.990068548,16601.007942561,1,COMPLETED,True,burst_9,8,0.11165704927407205,0.5595479997282382,17.874012999527622,18.545218048529932
4449,16600.990998940364,16600.991226709,16600.991226709,16600.991864506,16601.010068943,0,COMPLETED,True,burst_9,9,0.22776863625040278,0.6377969984896481,18.204437001259066,19.070002635999117
4450,16600.999674785937,16600.999933313,16600.999933313,16601.000614444,16601.013875995,2,COMPLETED,True,burst_9,10,0.2585270631243475,0.6811310013290495,13.261550997412996,14.201209061866393
4451,16601.00744950423,16601.007611668,16601.007611668,16601.008485576,16601.028531248,3,COMPLETED,True,burst_9,11,0.16216376752709039,0.8739080003579147,20.04567200128804,21.081743769173045
4452,16601.012489817724,16601.012631764,16601.012631764,16601.013329,16601.027426869,1,COMPLETED,True,burst_9,12,0.1419462751073297,0.697236002451973,14.097868999670027,14.93705127722933
4453,16601.032293387438,16601.032344171,16601.032344171,16601.032983034,16601.050614977,0,COMPLETED,True,burst_9,13,0.0507835611642804,0.6388630026776809,17.631942999287276,18.321589563129237
4454,16601.034968794866,16601.035136009,16601.035136009,16601.035879565,16601.04935003,2,COMPLETED,True,burst_9,14,0.16721413339837454,0.7435560000885744,13.470465000864351,14.3812351343513
4455,16601.036551415775,16601.036706514,16601.036706514,16601.037185831,16601.056569429,1,COMPLETED,True,burst_9,15,0.15509822696913034,0.4793169973709155,19.38359800260514,20.018013226945186
4456,16601.037974363393,16601.038133494,16601.038133494,16601.038636537,16601.053467697,3,COMPLETED,True,burst_9,16,0.15913060633465648,0.5030430002079811,14.831159998720977,15.493333605263615
4457,16601.043206692037,16601.043375574,16601.043375574,16601.049754759,16601.063405186,2,COMPLETED,True,burst_9,17,0.16888196478248574,6.3791849970584735,13.650427001266507,20.198493963107467
4458,16601.0445907199,16601.044739168,16601.044739168,16601.050738898,16601.069987744,0,COMPLETED,True,burst_9,18,0.14844809993519448,5.999730001349235,19.24884599793586,25.39702409922029
4459,16601.048947123458,16601.049101557,16601.049101557,16601.053853293,16601.068591594,3,COMPLETED,True,burst_9,19,0.15443354277522303,4.751735999889206,14.738301000761567,19.644470543425996
4460,16601.05517644603,16601.055345849,16601.055345849,16601.056899908,16601.075632221,1,COMPLETED,True,burst_9,20,0.16940297064138576,1.554058999317931,18.732313001237344,20.45577497119666
4461,16601.05819853018,16601.058346709,16601.058346709,16601.063777486,16601.077311619,2,COMPLETED,True,burst_9,21,0.14817882038187236,5.4307770005834755,13.534132998756832,19.11308881972218
4462,16601.06441061591,16601.064572209,16601.064572209,16601.068930317,16601.083278338,3,COMPLETED,True,burst_9,22,0.16159309234353714,4.3581079989962745,14.348020999022992,18.867722090362804
4463,16601.069490802078,16601.069654695,16601.069654695,16601.070272579,16601.087552316,0,COMPLETED,True,burst_9,23,0.16389292068197392,0.6178840012580622,17.27973699962604,18.061513921566075
4464,16601.076023758793,16601.076301278,16601.076301278,16601.077038724,16601.095408675,1,COMPLETED,True,burst_9,24,0.2775192078843247,0.7374460001301486,18.369950998021523,19.384916206035996
4465,16601.082362525827,16601.08249722,16601.08249722,16601.083245029,16601.096623345,2,COMPLETED,True,burst_9,25,0.13469417172018439,0.7478090010408778,13.378316001762869,14.260819174523931
4466,16601.083509715798,16601.083912006,16601.083912006,16601.084377848,16601.098871515,3,COMPLETED,True,burst_9,26,0.4022902030555997,0.46584200026700273,14.493667000351707,15.361799203674309
4467,16601.098736267988,16601.098898337,16601.098898337,16601.099699491,16601.113826556,0,COMPLETED,True,burst_9,27,0.16206901273108087,0.8011539975996129,14.127065001957817,15.09028801228851
4468,16601.111122796276,16601.111216562,16601.111216562,16601.111917443,16601.12537679,1,COMPLETED,True,burst_9,28,0.0937657241593115,0.7008809989201836,13.459347002935829,14.253993726015324
4469,16601.112163874168,16601.112248878,16601.112248878,16601.11272966,16601.12563391,2,COMPLETED,True,burst_9,29,0.08500383046339266,0.4807820005225949,12.90425000115647,13.470035832142457
4470,16601.136916692736,16601.137016942,16601.137016942,16601.137661313,16601.15597533,3,COMPLETED,True,burst_9,30,0.10024926450569183,0.6443710008170456,18.314016997464933,19.05863726278767
4471,16601.138583856227,16601.138695018,16601.138695018,16601.13933009,16601.156621116,0,COMPLETED,True,burst_9,31,0.11116177120129578,0.6350720032060053,17.29102599711041,18.03725977151771
4472,16601.142626869918,16601.142785032,16601.142785032,16601.143454505,16601.162243657,1,COMPLETED,True,burst_9,32,0.15816208178875968,0.6694730000162963,18.7891519999539,19.616787081758957
4473,16601.14906083558,16601.149319249,16601.149319249,16601.150125091,16601.168989279,2,COMPLETED,True,burst_9,33,0.25841341994237155,0.8058419989538379,18.864187997678528,19.928443416574737
4474,16601.151752072277,16601.151914244,16601.151914244,16601.156372393,16601.170318744,3,COMPLETED,True,burst_9,34,0.1621717237867415,4.458149000129197,13.946350998594426,18.566671722510364
4475,16601.152224476195,16601.152361776,16601.152361776,16601.156910454,16601.175922737,0,COMPLETED,True,burst_9,35,0.1372998049191665,4.548677999991924,19.012282999028685,23.698260803939775
4476,16601.15334946088,16601.153481113,16601.153481113,16601.162604569,16601.181827282,1,COMPLETED,True,burst_9,36,0.13165211930754595,9.12345599863329,19.222712999180658,28.477821117121493
4477,16601.16177058179,16601.162136897,16601.162136897,16601.169409052,16601.183203547,2,COMPLETED,True,burst_9,37,0.36631520924856886,7.272154998645419,13.794495000183815,21.432965208077803
4478,16601.16359211281,16601.163750023,16601.163750023,16601.170669692,16601.184034201,3,COMPLETED,True,burst_9,38,0.15791018813615665,6.919669001945294,13.364508999075042,20.442088189156493
4479,16601.16426474556,16601.16440426,16601.16440426,16601.176242577,16601.194629261,0,COMPLETED,True,burst_9,39,0.1395144390698988,11.838317001092946,18.38668400159804,30.364515441760886
4480,16601.181678588804,16601.181804572,16601.181804572,16601.182502416,16601.199237227,1,COMPLETED,True,burst_9,40,0.1259831951756496,0.6978439996601082,16.734811000787886,17.558638195623644
4481,16601.195326073714,16601.19544327,16601.19544327,16601.196149972,16601.20969416,2,COMPLETED,True,burst_9,41,0.11719628673745319,0.706701997842174,13.544188001105795,14.368086285685422
4482,16601.200806138157,16601.200918249,16601.200918249,16601.201454604,16601.21496149,3,COMPLETED,True,burst_9,42,0.11211084347451106,0.5363550008041784,13.506885999959195,14.155351844237885
4483,16601.203976474782,16601.204110973,16601.204110973,16601.20479963,16601.222548027,0,COMPLETED,True,burst_9,43,0.134498219267698,0.6886569972266443,17.748397000104887,18.57155221659923
4484,16601.207570625178,16601.20766119,16601.20766119,16601.20812932,16601.2256171,1,COMPLETED,True,burst_9,44,0.09056482304004021,0.46812999789835885,17.48778000182938,18.046474822767777
4485,16601.219114295654,16601.219203867,16601.219203867,16601.219878811,16601.233742458,2,COMPLETED,True,burst_9,45,0.08957134559750557,0.6749439999111928,13.863647000107449,14.628162345616147
4486,16601.227770845428,16601.227873003,16601.227873003,16601.228542318,16601.242125196,3,COMPLETED,True,burst_9,46,0.1021575735649094,0.6693149989587255,13.582878000306664,14.354350572830299
4487,16601.227774288596,16601.227949358,16601.227949358,16601.228680966,16601.243343983,0,COMPLETED,True,burst_9,47,0.17506940275779925,0.7316080009331927,14.663016998383682,15.569694402074674
4488,16601.23893899147,16601.239179277,16601.239179277,16601.239677852,16601.254645896,1,COMPLETED,True,burst_9,48,0.24028552797972225,0.4985750019841362,14.968043997214409,15.706904527178267
4489,16601.24708367801,16601.24725684,16601.24725684,16601.247852906,16601.266360481,2,COMPLETED,True,burst_9,49,0.17316199227934703,0.5960659982520156,18.507575001422083,19.276802991953446
4490,16601.251023025055,16601.251217537,16601.251217537,16601.251732136,16601.270734335,3,COMPLETED,True,burst_9,50,0.19451194384600967,0.514598999870941,19.00219900198863,19.71130994570558
4491,16601.264210841033,16601.264301339,16601.264301339,16601.264734274,16601.282589805,0,COMPLETED,True,burst_9,51,0.09049796790350229,0.4329349976615049,17.855531001259806,18.378963966824813
4492,16601.265908680358,16601.265993071,16601.265993071,16601.266255572,16601.28414214,1,COMPLETED,True,burst_9,52,0.08439064185949974,0.2625010019983165,17.886567999084946,18.233459642942762
4493,16601.27440865024,16601.274463412,16601.274463412,16601.275075921,16601.288497016,2,COMPLETED,True,burst_9,53,0.05476176011143252,0.6125090003479272,13.421095001831418,14.088365762290778
4494,16601.281113601595,16601.281223592,16601.281223592,16601.281819248,16601.296736633,3,COMPLETED,True,burst_9,54,0.10999040387105197,0.5956560016784351,14.917385000444483,15.62303140599397
4495,16601.285587088667,16601.285702433,16601.285702433,16601.286141369,16601.304532397,0,COMPLETED,True,burst_9,55,0.11534433360793628,0.4389360001368914,18.391027999314247,18.945308333059074
4496,16601.28626358159,16601.286370388,16601.286370388,16601.286691982,16601.305647986,1,COMPLETED,True,burst_9,56,0.10680640843929723,0.32159400143427774,18.95600399802788,19.384404407901457
4497,16601.28664044018,16601.286741134,16601.286741134,16601.288697248,16601.30298509,2,COMPLETED,True,burst_9,57,0.10069382187793963,1.9561139997676946,14.287841997429496,16.34464981907513
4498,16601.290537565805,16601.29071112,16601.29071112,16601.297190862,16601.31081869,3,COMPLETED,True,burst_9,58,0.17355419549858198,6.479741998191457,13.627828000608133,20.281124194298172
4499,16601.29214022505,16601.292320116,16601.292320116,16601.303322394,16601.316911242,2,COMPLETED,True,burst_9,59,0.17989095067605376,11.00227799906861,13.588847999926656,24.77101694967132
4500,16601.293909268774,16601.294072752,16601.294072752,16601.304657023,16601.323302559,0,COMPLETED,True,burst_9,60,0.16348322606063448,10.584270999970613,18.64553600171348,29.39329022774473
4501,16601.306343252963,16601.30648825,16601.30648825,16601.306907741,16601.325503316,1,COMPLETED,True,burst_9,61,0.14499703684123233,0.41949099977500737,18.59557499847142,19.16006303508766
4502,16601.321000982247,16601.321201859,16601.321201859,16601.321801755,16601.335582651,3,COMPLETED,True,burst_9,62,0.20087675147806294,0.599896000494482,13.780896002572263,14.581668754544808
4503,16601.327410203357,16601.327602534,16601.327602534,16601.328130395,16601.341218975,2,COMPLETED,True,burst_9,63,0.19233064085710794,0.5278610005916562,13.088580002659,13.808771644107765
4504,16601.333930088367,16601.334154576,16601.334154576,16601.334723377,16601.348646839,0,COMPLETED,True,burst_9,64,0.22448763411375694,0.5688009987352416,13.923462000093423,14.716750632942421
4505,16601.35110765119,16601.351198328,16601.351198328,16601.351865524,16601.365348332,1,COMPLETED,True,burst_9,65,0.09067681094165891,0.667195999994874,13.48280800084467,14.240680811781203
4506,16601.37052020365,16601.370659094,16601.370659094,16601.371485028,16601.384581435,3,COMPLETED,True,burst_9,66,0.13889034744352102,0.8259340029326268,13.096406997647136,14.061231348023284
4507,16601.37927982253,16601.379364693,16601.379364693,16601.379979868,16601.392910775,2,COMPLETED,True,burst_9,67,0.08487046943628229,0.6151750021672342,12.93090699982713,13.630952471430646
4508,16601.406840271786,16601.406997606,16601.406997606,16601.407769126,16601.426998146,0,COMPLETED,True,burst_9,68,0.15733421241748147,0.7715200008533429,19.229019999329466,20.15787421260029
4509,16601.425769225672,16601.425962453,16601.425962453,16601.426599844,16601.44488385,1,COMPLETED,True,burst_9,69,0.1932273262355011,0.6373910000547767,18.284006000612862,19.11462432690314
4510,16601.430974425515,16601.43105804,16601.43105804,16601.431682611,16601.444826192,3,COMPLETED,True,burst_9,70,0.08361448635696433,0.6245709992072079,13.143580999894766,13.851766485458938
4511,16601.451580573947,16601.451741213,16601.451741213,16601.452669183,16601.467655914,2,COMPLETED,True,burst_9,71,0.16063905422925018,0.927969998883782,14.986730999225983,16.075340052339016
4512,16601.455084371588,16601.455244516,16601.455244516,16601.456141089,16601.473895215,0,COMPLETED,True,burst_9,72,0.16014441280276515,0.8965729975898284,17.754126001818804,18.810843412211398
4513,16601.457238555013,16601.457437849,16601.457437849,16601.458151242,16601.477614251,3,COMPLETED,True,burst_9,73,0.19929398695239797,0.7133930012059864,19.463009000901366,20.37569598905975
4514,16601.463892848406,16601.464104835,16601.464104835,16601.464868891,16601.483293109,1,COMPLETED,True,burst_9,74,0.21198659305809997,0.7640559997525997,18.424218000291148,19.400260593101848
4515,16601.48213940009,16601.482262434,16601.482262434,16601.483268835,16601.497802307,2,COMPLETED,True,burst_9,75,0.123033911222592,1.006400998448953,14.533472000039183,15.662906909710728
4516,16601.482226265507,16601.482361216,16601.482361216,16601.483421708,16601.496930763,0,COMPLETED,True,burst_9,76,0.13495049279299565,1.0604919989418704,13.50905500294175,14.704497494676616
4517,16601.4939974299,16601.494118404,16601.494118404,16601.494866703,16601.508224663,3,COMPLETED,True,burst_9,77,0.12097409853595309,0.748299000406405,13.357960000575986,14.227233099518344
4518,16601.4944523473,16601.494597405,16601.494597405,16601.49495003,16601.508767876,1,COMPLETED,True,burst_9,78,0.14505770013784058,0.352625000232365,13.817846000165446,14.315528700535651
4519,16601.49611342495,16601.496233471,16601.496233471,16601.497319637,16601.51047464,0,COMPLETED,True,burst_9,79,0.120046050142264,1.086166001186939,13.155002998246346,14.361215049575549
4520,16601.50922303735,16601.509332067,16601.509332067,16601.509819877,16601.523221107,2,COMPLETED,True,burst_9,80,0.10902965004788712,0.48781000077724457,13.401230000454234,13.998069651279366
4521,16601.51618087789,16601.516288943,16601.516288943,16601.516679916,16601.530087743,3,COMPLETED,True,burst_9,81,0.10806510908878408,0.39097300032153726,13.40782700208365,13.906865111493971
4522,16601.519026130933,16601.519115703,16601.519115703,16601.519736636,16601.533614334,1,COMPLETED,True,burst_9,82,0.08957206591730937,0.6209330022102222,13.877697998395888,14.58820306652342
4523,16601.520190240055,16601.52036127,16601.52036127,16601.520927622,16601.541279718,0,COMPLETED,True,burst_9,83,0.1710299438855145,0.5663520023517776,20.352095998532604,21.089477944769897
4524,16601.52398997611,16601.524138152,16601.524138152,16601.524496164,16601.538432545,2,COMPLETED,True,burst_9,84,0.14817588817095384,0.35801199919660576,13.936381001258269,14.442568888625829
4525,16601.532508815766,16601.532619676,16601.532619676,16601.53308212,16601.546601999,3,COMPLETED,True,burst_9,85,0.11086023368989117,0.4624440007319208,13.519879001250956,14.093183235672768
4526,16601.539695945296,16601.53978573,16601.53978573,16601.54028792,16601.554597816,1,COMPLETED,True,burst_9,86,0.08978470577858388,0.5021899996791035,14.309895999758737,14.901870705216425
4527,16601.543356022026,16601.543474352,16601.543474352,16601.543918308,16601.557951349,2,COMPLETED,True,burst_9,87,0.11832997552119195,0.44395599979907274,14.033040999493096,14.59532697481336
4528,16601.544101060867,16601.544207933,16601.544207933,16601.544708952,16601.560197505,0,COMPLETED,True,burst_9,88,0.10687213216442615,0.5010189997847192,15.488553002796834,16.09644413474598
4529,16601.545655144117,16601.545836571,16601.545836571,16601.546763764,16601.560827585,3,COMPLETED,True,burst_9,89,0.18142688350053504,0.9271929993701633,14.063820999581367,15.172440882452065
4530,16601.554010173095,16601.554121095,16601.554121095,16601.554768737,16601.56879461,1,COMPLETED,True,burst_9,90,0.110921904706629,0.6476420021499507,14.025872998900013,14.784436905756593
4531,16601.554597030437,16601.554691376,16601.554691376,16601.558287656,16601.571842015,2,COMPLETED,True,burst_9,91,0.09434556341147982,3.5962799993285444,13.554359000409022,17.244984563149046
4532,16601.563793700887,16601.563887211,16601.563887211,16601.564288373,16601.579020133,0,COMPLETED,True,burst_9,92,0.09351011249236763,0.40116200034390204,14.731759998539928,15.226432111376198
4533,16601.56412457855,16601.564225211,16601.564225211,16601.564559649,16601.578002854,3,COMPLETED,True,burst_9,93,0.1006324528134428,0.33443799839005806,13.443204999930458,13.878275451133959
4534,16601.564875685322,16601.564963596,16601.564963596,16601.569139368,16601.583025471,1,COMPLETED,True,burst_9,94,0.08791067739366554,4.1757719991437625,13.886103002732852,18.14978567927028
4535,16601.573401869977,16601.573556015,16601.573556015,16601.574083829,16601.587730994,2,COMPLETED,True,burst_9,95,0.1541450219519902,0.5278140015434474,13.647165000293171,14.329124023788609
4536,16601.57642708589,16601.576610361,16601.576610361,16601.578365393,16601.591672669,3,COMPLETED,True,burst_9,96,0.1832751113397535,1.7550320008012932,13.307275999977719,15.245583112118766
4537,16601.610815209733,16601.610919221,16601.610919221,16601.611398815,16601.624833696,0,COMPLETED,True,burst_9,97,0.1040112656482961,0.47959400035324506,13.434881002467591,14.018486268469132
4538,16601.616812797674,16601.616916931,16601.616916931,16601.617325946,16601.630743408,1,COMPLETED,True,burst_9,98,0.10413332711323164,0.4090149996045511,13.417461999779334,13.930610326497117
4539,16601.622010602205,16601.622113013,16601.622113013,16601.622547123,16601.636512392,2,COMPLETED,True,burst_9,99,0.10241079507977702,0.434109999332577,13.965269001346314,14.501789795758668
4540,16601.62554979125,16601.625681474,16601.625681474,16601.62615493,16601.639488914,3,COMPLETED,True,burst_9,100,0.13168275108910166,0.4734559988719411,13.333983999473276,13.939122749434318
4541,16601.64851432747,16601.648695129,16601.648695129,16601.649169505,16601.662771831,0,COMPLETED,True,burst_9,101,0.1808015294955112,0.47437600005650893,13.602326002001064,14.257503531553084
4542,16601.652275582364,16601.65240128,16601.65240128,16601.652941184,16601.666976508,1,COMPLETED,True,burst_9,102,0.12569763566716574,0.5399039982876275,14.03532400217955,14.700925636134343
4543,16601.65437111169,16601.654592523,16601.654592523,16601.655072044,16601.668738065,2,COMPLETED,True,burst_9,103,0.2214113083027769,0.47952100067050196,13.66602100097225,14.36695330994553
4544,16601.672474308783,16601.672592269,16601.672592269,16601.673291115,16601.686604942,3,COMPLETED,True,burst_9,104,0.11796021499321796,0.6988460008869879,13.31382699936512,14.130633215245325
4545,16601.67998859209,16601.680171426,16601.680171426,16601.680753189,16601.70028422,0,COMPLETED,True,burst_9,105,0.18283391182194464,0.5817630008095875,19.53103100095177,20.295627913583303
4546,16601.686647141298,16601.686749065,16601.686749065,16601.687407287,16601.701176409,1,COMPLETED,True,burst_9,106,0.1019237024593167,0.6582220012205653,13.769121997029288,14.52926770070917
4547,16601.68962181819,16601.689714658,16601.689714658,16601.690251669,16601.706723947,2,COMPLETED,True,burst_9,107,0.09283981125918217,0.5370109975046944,16.47227800276596,17.102128811529838
4548,16601.690330354362,16601.690449348,16601.690449348,16601.690814499,16601.704941057,3,COMPLETED,True,burst_9,108,0.11899363744305447,0.3651510014606174,14.126557998679345,14.610702637583017
4549,16601.69209222058,16601.692197886,16601.692197886,16601.700855911,16601.714858827,0,COMPLETED,True,burst_9,109,0.10566542187007144,8.658024999022018,14.002915999299148,22.766606420191238
4550,16601.692575192083,16601.692666715,16601.692666715,16601.701564721,16601.714929775,1,COMPLETED,True,burst_9,110,0.09152291750069708,8.898005999071756,13.365054001042154,22.354582917614607
4551,16601.69281198541,16601.69290014,16601.69290014,16601.705131127,16601.719163206,3,COMPLETED,True,burst_9,111,0.08815458932076581,12.23098700211267,14.0320789978432,26.351220589276636
4552,16601.71851560396,16601.718660465,16601.718660465,16601.719350949,16601.732757353,2,COMPLETED,True,burst_9,112,0.14486104191746563,0.6904839974595234,13.406403999397298,14.241749038774287
4553,16601.72832673991,16601.728470368,16601.728470368,16601.72900574,16601.742479378,3,COMPLETED,True,burst_9,113,0.14362809088197537,0.5353719971026294,13.47363800232415,14.152638090308756
4554,16601.734810825903,16601.735056818,16601.735056818,16601.735651174,16601.74941451,0,COMPLETED,True,burst_9,114,0.24599209791631438,0.5943559990555514,13.7633359991014,14.603684096073266
4555,16601.73666943525,16601.736915179,16601.736915179,16601.737434157,16601.751196931,1,COMPLETED,True,burst_9,115,0.24574375129304826,0.5189779985812493,13.762774000497302,14.5274957503716
4556,16601.75762463417,16601.757785939,16601.757785939,16601.758388581,16601.771439554,2,COMPLETED,True,burst_9,116,0.1613048298167996,0.6026420014677569,13.050972997007193,13.81491982829175
4557,16601.76176960925,16601.762020187,16601.762020187,16601.762726373,16601.781997778,3,COMPLETED,True,burst_9,117,0.25057775201275945,0.7061859978421126,19.27140499901725,20.228168748872122
4558,16601.78009061633,16601.780182359,16601.780182359,16601.780653506,16601.798225237,0,COMPLETED,True,burst_9,118,0.09174267324851826,0.47114699918893166,17.57173099758802,18.13462067002547
4559,16601.787683299186,16601.787819513,16601.787819513,16601.788414263,16601.808991172,1,COMPLETED,True,burst_9,119,0.1362138136755675,0.594749999436317,20.57690900255693,21.307872815668816
4560,16601.788396131542,16601.788500118,16601.788500118,16601.789233091,16601.809515926,2,COMPLETED,True,burst_9,0,0.10398645827081054,0.7329729996854439,20.28283500112593,21.119794459082186
4561,16601.79409805654,16601.794240151,16601.794240151,16601.79467225,16601.808764834,3,COMPLETED,True,burst_9,1,0.14209446089807898,0.43209899740759283,14.09258400235558,14.666777460661251
4562,16601.794733650135,16601.794848596,16601.794848596,16601.798531898,16601.813181936,0,COMPLETED,True,burst_9,2,0.11494586578919552,3.683301998535171,14.65003799967235,18.448285863996716
4563,16601.79484571574,16601.794912295,16601.794912295,16601.809208641,16601.823019366,3,COMPLETED,True,burst_9,3,0.06657926132902503,14.296345998445759,13.810724998620572,28.173650258395355
4564,16601.79930521005,16601.799489305,16601.799489305,16601.809343349,16601.82928432,1,COMPLETED,True,burst_9,4,0.18409495169180445,9.854043997620465,19.94097100032377,29.97910994963604
4565,16601.806790214257,16601.806954551,16601.806954551,16601.809720961,16601.830262764,2,COMPLETED,True,burst_9,5,0.1643367431825027,2.7664099980029278,20.541803001833614,23.472549743019044
4566,16601.807858023425,16601.808055986,16601.808055986,16601.813502298,16601.82700938,0,COMPLETED,True,burst_9,6,0.19796257402049378,5.446311999548925,13.507081999705406,19.151356573274825
4567,16601.80917130427,16601.809396761,16601.809396761,16601.823381794,16601.836883166,3,COMPLETED,True,burst_9,7,0.22545672982232645,13.985033001517877,13.501371999154799,27.711861730495002
4568,16601.813357683317,16601.813524312,16601.813524312,16601.827339608,16601.840554037,0,COMPLETED,True,burst_9,8,0.1666286843828857,13.815295998938382,13.214429000072414,27.19635368339368
4569,16601.818099209242,16601.818190748,16601.818190748,16601.829526089,16601.84341639,1,COMPLETED,True,burst_9,9,0.09153875726042315,11.335341001540655,13.890300997445593,25.31718075624667
4570,16601.83082372147,16601.830926973,16601.830926973,16601.831382368,16601.845227308,2,COMPLETED,True,burst_9,10,0.10325153198209591,0.4553949984256178,13.844940000126371,14.403586530534085
4571,16601.83867755183,16601.838792747,16601.838792747,16601.839166721,16601.852983073,3,COMPLETED,True,burst_9,11,0.1151951692008879,0.37397400228655897,13.816351998684695,14.305521170172142
4572,16601.83958382111,16601.839712867,16601.839712867,16601.840891601,16601.854896999,0,COMPLETED,True,burst_9,12,0.12904588948003948,1.1787340008595493,14.00539799942635,15.313177889765939
4573,16601.842596709503,16601.842746722,16601.842746722,16601.843742169,16601.857163732,1,COMPLETED,True,burst_9,13,0.15001249630586244,0.9954470006050542,13.42156299870112,14.567022495612036
4574,16601.852534622216,16601.852629888,16601.852629888,16601.853057615,16601.866283549,2,COMPLETED,True,burst_9,14,0.09526578287477605,0.42772700180648826,13.225933998910477,13.748926783591742
4575,16601.857296368744,16601.857425649,16601.857425649,16601.858030278,16601.871546034,3,COMPLETED,True,burst_9,15,0.12928025535074994,0.6046290000085719,13.515755999833345,14.249665255192667
4576,16601.86678184325,16601.866870271,16601.866870271,16601.867285831,16601.880786727,0,COMPLETED,True,burst_9,16,0.08842774695949629,0.41555999996489845,13.5008960023697,14.004883749294095
4577,16601.875368588662,16601.875428036,16601.875428036,16601.875852844,16601.88935247,1,COMPLETED,True,burst_9,17,0.05944733857177198,0.4248080003890209,13.49962599852006,13.983881337480852
4578,16601.879170536326,16601.879263443,16601.879263443,16601.879659934,16601.893526835,2,COMPLETED,True,burst_9,18,0.09290667367167771,0.3964909992646426,13.866901001165388,14.356298674101708
4579,16601.88272420731,16601.882834858,16601.882834858,16601.883216065,16601.896740887,3,COMPLETED,True,burst_9,19,0.1106506897485815,0.38120700264698826,13.524821999453707,14.016679691849276
4580,16601.884907459636,16601.8850053,16601.8850053,16601.885301927,16601.898662843,0,COMPLETED,True,burst_9,20,0.09784036228666082,0.2966270003526006,13.360916000237921,13.755383362877183
4581,16601.886750186335,16601.88683801,16601.88683801,16601.889738268,16601.903134099,1,COMPLETED,True,burst_9,21,0.08782366421655752,2.9002580013184343,13.395830999797909,16.3839126653329
4582,16601.888115870297,16601.888209687,16601.888209687,16601.893839151,16601.907136195,2,COMPLETED,True,burst_9,22,0.09381670315633528,5.629463998047868,13.297044002683833,19.020324703888036
4583,16601.892629869457,16601.892726496,16601.892726496,16601.89708369,16601.910430333,3,COMPLETED,True,burst_9,23,0.09662654338171706,4.357194000476738,13.346642997930758,17.800463541789213
4584,16601.89279583866,16601.893020556,16601.893020556,16601.89901428,16601.912255816,0,COMPLETED,True,burst_9,24,0.22471733973361552,5.9937240002909675,13.241536002169596,19.45997734219418
4585,16601.89338206684,16601.893463432,16601.893463432,16601.903471798,16601.917185615,1,COMPLETED,True,burst_9,25,0.0813651604403276,10.008365999965463,13.713816999370465,23.803548159776255
4586,16601.894666024404,16601.894748669,16601.894748669,16601.907552356,16601.9211236,2,COMPLETED,True,burst_9,26,0.08264459756901488,12.803686997358454,13.57124400237808,26.45757559730555
4587,16601.902716042616,16601.902822345,16601.902822345,16601.910797324,16601.924198634,3,COMPLETED,True,burst_9,27,0.10630238466546871,7.974978998390725,13.401309999608202,21.482591382664395
4588,16601.93822641372,16601.938364269,16601.938364269,16601.938827571,16601.952122369,0,COMPLETED,True,burst_9,28,0.1378552806272637,0.46330199984367937,13.294797998241847,13.89595527871279
4589,16601.940995021367,16601.941142929,16601.941142929,16601.941539724,16601.954839242,1,COMPLETED,True,burst_9,29,0.14790763452765532,0.3967949996876996,13.29951799925766,13.844220633473014
4590,16601.952848426303,16601.952941152,16601.952941152,16601.953330639,16601.966311321,2,COMPLETED,True,burst_9,30,0.09272569877794012,0.3894869987561833,12.980682000488741,13.462894698022865
4591,16601.965758885857,16601.965857747,16601.965857747,16601.966283972,16601.984660104,3,COMPLETED,True,burst_9,31,0.09886114276014268,0.4262250004103407,18.376132000412326,18.90121814358281
4592,16601.978206327163,16601.978293012,16601.978293012,16601.978778974,16601.991775718,0,COMPLETED,True,burst_9,32,0.08668483860674314,0.48596199849271215,12.996744000702165,13.56939083780162
4593,16602.003565603325,16602.003670974,16602.003670974,16602.004313027,16602.024129495,1,COMPLETED,True,burst_9,33,0.10537067646509968,0.6420529971364886,19.8164680004993,20.563891674100887
4594,16602.01135828334,16602.011461672,16602.011461672,16602.011915557,16602.026001554,2,COMPLETED,True,burst_9,34,0.10338865831727162,0.4538850007520523,14.085997001529904,14.643270660599228
4595,16602.012503971546,16602.012606275,16602.012606275,16602.013015164,16602.028531252,3,COMPLETED,True,burst_9,35,0.10230345287709497,0.4088890018465463,15.516087998548755,16.027280453272397
4596,16602.033580357645,16602.033805643,16602.033805643,16602.034741175,16602.053907596,0,COMPLETED,True,burst_9,36,0.22528535555466078,0.9355319998576306,19.166420999681577,20.32723835509387
4597,16602.035060195416,16602.035195242,16602.035195242,16602.035678924,16602.04876415,1,COMPLETED,True,burst_9,37,0.13504658272722736,0.48368200077675283,13.085226000839612,13.703954584343592
4598,16602.044294463984,16602.044425209,16602.044425209,16602.044971692,16602.058192742,2,COMPLETED,True,burst_9,38,0.13074501475784928,0.5464830028358847,13.221049997810042,13.898278015403775
4599,16602.047450021335,16602.04755583,16602.04755583,16602.048298951,16602.06506903,3,COMPLETED,True,burst_9,39,0.10580866364762187,0.7431209996866528,16.770079000707483,17.619008664041758
4600,16602.056399057255,16602.056498907,16602.056498907,16602.05725385,16602.070666207,1,COMPLETED,True,burst_9,40,0.09984974531107582,0.7549429974460509,13.412357002380304,14.26714974513743
4601,16602.060973899268,16602.061013183,16602.061013183,16602.061554197,16602.075273437,0,COMPLETED,True,burst_9,41,0.03928373189410195,0.5410140001913533,13.71923999977298,14.299537731858436
4602,16602.0651148582,16602.065245681,16602.065245681,16602.066272981,16602.080980003,2,COMPLETED,True,burst_9,42,0.1308227983827237,1.0273000007146038,14.7070220009482,15.865144800045528
4603,16602.06570049856,16602.065980486,16602.065980486,16602.066311003,16602.083066538,3,COMPLETED,True,burst_9,43,0.2799874418997206,0.33051699938368984,16.755535001721,17.36603944300441
4604,16602.06708421519,16602.067266706,16602.067266706,16602.071033269,16602.087338244,1,COMPLETED,True,burst_9,44,0.182490810402669,3.7665630006813444,16.304975000821287,20.2540288119053
4605,16602.067338669738,16602.067372128,16602.067372128,16602.075443556,16602.090416115,0,COMPLETED,True,burst_9,45,0.03345826189615764,8.071428001130698,14.972558998124441,23.077445261151297
4606,16602.082487217936,16602.082620809,16602.082620809,16602.083307563,16602.09746962,2,COMPLETED,True,burst_9,46,0.13359106378629804,0.6867539996164851,14.162056999339256,14.98240206274204
4607,16602.085191807262,16602.085356633,16602.085356633,16602.086092238,16602.102180292,3,COMPLETED,True,burst_9,47,0.1648257384658791,0.7356050009548198,16.0880539988284,16.9884847382491
4608,16602.11065240801,16602.110727673,16602.110727673,16602.111337746,16602.124718749,1,COMPLETED,True,burst_9,48,0.0752649903006386,0.6100729988247622,13.38100300199585,14.066340991121251
4609,16602.140549772423,16602.140660154,16602.140660154,16602.141340264,16602.157807732,0,COMPLETED,True,burst_9,49,0.1103815775422845,0.6801099989388604,16.46746800179244,17.257959578273585
4610,16602.158108881744,16602.158299245,16602.158299245,16602.158988859,16602.175326553,2,COMPLETED,True,burst_9,50,0.190363254660042,0.689614000293659,16.33769399995799,17.217671254911693
4611,16602.160468021575,16602.160628052,16602.160628052,16602.161054439,16602.178573438,3,COMPLETED,True,burst_9,51,0.16003042401280254,0.4263869996066205,17.51899900045828,18.105416424077703
4612,16602.161894504083,16602.162042965,16602.162042965,16602.162662114,16602.180773441,1,COMPLETED,True,burst_9,52,0.14846091653453186,0.6191489992488641,18.11132700095186,18.878936916735256
4613,16602.18714628485,16602.187274743,16602.187274743,16602.187829996,16602.201155817,0,COMPLETED,True,burst_9,53,0.12845814853790216,0.5552530019485857,13.325821000762517,14.009532151249005
4614,16602.188123536253,16602.188245366,16602.188245366,16602.188983718,16602.206951776,2,COMPLETED,True,burst_9,54,0.12182974751340225,0.7383519987342879,17.968058000406018,18.828239746653708
4615,16602.214997862695,16602.21510204,16602.21510204,16602.215546943,16602.229087299,3,COMPLETED,True,burst_9,55,0.10417730663903058,0.444902998424368,13.540356001612963,14.089436306676362
4616,16602.217688153316,16602.217779459,16602.217779459,16602.218413256,16602.232368014,1,COMPLETED,True,burst_9,56,0.09130568287218921,0.6337970007734839,13.954758000181755,14.679860683827428
4617,16602.221213340363,16602.22130723,16602.22130723,16602.221959619,16602.241384865,0,COMPLETED,True,burst_9,57,0.09388963735545985,0.6523890006064903,19.42524599871831,20.17152463668026
4618,16602.232382659426,16602.232542841,16602.232542841,16602.233576823,16602.24750457,2,COMPLETED,True,burst_9,58,0.1601815747562796,1.0339820000808686,13.927747000707313,15.121910575544462
4619,16602.25610654314,16602.256242207,16602.256242207,16602.257054761,16602.275176415,3,COMPLETED,True,burst_9,59,0.13566386041929945,0.8125540007313248,18.121654000424314,19.06987186157494
4620,16602.2572126926,16602.257415128,16602.257415128,16602.25813833,16602.27720712,1,COMPLETED,True,burst_9,60,0.2024353998422157,0.7232019997900352,19.068790003075264,19.994427402707515
4621,16602.25842265405,16602.258620108,16602.258620108,16602.259372037,16602.278944427,0,COMPLETED,True,burst_9,61,0.1974539518414531,0.7519289974879939,19.572389999666484,20.52177294899593
4622,16602.261855782323,16602.262015239,16602.262015239,16602.262635118,16602.281284625,2,COMPLETED,True,burst_9,62,0.1594566783751361,0.619878999714274,18.649507001100574,19.428842679189984
4623,16602.269724298072,16602.26984491,16602.26984491,16602.27540974,16602.289034085,3,COMPLETED,True,burst_9,63,0.12061192683177069,5.564830000366783,13.624344999698224,19.309786926896777
4624,16602.269852120455,16602.269930464,16602.269930464,16602.277403162,16602.292403984,1,COMPLETED,True,burst_9,64,0.0783435461926274,7.472697998309741,15.000822000729386,22.551863545231754
4625,16602.283686994553,16602.283781491,16602.283781491,16602.284550054,16602.305750454,0,COMPLETED,True,burst_9,65,0.09449644858250394,0.7685629971092567,21.200400002271635,22.063459447963396
4626,16602.285020620646,16602.28510521,16602.28510521,16602.285625229,16602.306841834,2,COMPLETED,True,burst_9,66,0.0845893555379007,0.520018998940941,21.21660500051803,21.82121335499687
4627,16602.287688865086,16602.287831925,16602.287831925,16602.289388249,16602.303333614,3,COMPLETED,True,burst_9,67,0.1430599149898626,1.5563239976472687,13.945365000836318,15.64474891347345
4628,16602.28978848788,16602.289928677,16602.289928677,16602.292750503,16602.306547974,1,COMPLETED,True,burst_9,68,0.140189120429568,2.8218259976711124,13.797471001453232,16.759486119553912
4629,16602.290235739452,16602.290350494,16602.290350494,16602.303667236,16602.316927483,3,COMPLETED,True,burst_9,69,0.11475454812170938,13.316741999005899,13.260247000289382,26.69174354741699
4630,16602.296193755403,16602.296312984,16602.296312984,16602.306301125,16602.326100594,0,COMPLETED,True,burst_9,70,0.11922859630431049,9.988141002395423,19.79946899882634,29.906838597526075
4631,16602.301935894346,16602.302056302,16602.302056302,16602.30688802,16602.32060323,1,COMPLETED,True,burst_9,71,0.12040765432175249,4.8317180007870775,13.715209999645595,18.667335654754424
4632,16602.30490121557,16602.305014059,16602.305014059,16602.307047503,16602.327050994,2,COMPLETED,True,burst_9,72,0.11284342690487392,2.0334440014266875,20.003491001261864,22.149778429593425
4633,16602.315404761346,16602.315509964,16602.315509964,16602.317295613,16602.330647346,3,COMPLETED,True,burst_9,73,0.10520265277591534,1.7856490012491122,13.351732999581145,15.242584653606173
4634,16602.33075311472,16602.330842538,16602.330842538,16602.331514836,16602.345300099,1,COMPLETED,True,burst_9,74,0.08942327986005694,0.672298003337346,13.785262999590486,14.54698428278789
4635,16602.331809466068,16602.331901503,16602.331901503,16602.332137201,16602.348928606,0,COMPLETED,True,burst_9,75,0.09203693116432987,0.23569800032419153,16.79140499982168,17.1191399313102
4636,16602.33231487485,16602.332457959,16602.332457959,16602.332749838,16602.346426382,2,COMPLETED,True,burst_9,76,0.14308415120467544,0.29187899781391025,13.676544000190916,14.111507149209501
4637,16602.339935397336,16602.340161856,16602.340161856,16602.340777311,16602.357809464,3,COMPLETED,True,baseline_10,77,0.22645866192760877,0.6154550028441008,17.032152998581296,17.874066663353005
4638,16602.46792139894,16602.468064128,16602.468064128,16602.469187744,16602.489286228,1,COMPLETED,True,baseline_10,78,0.14272905900725164,1.12361599894939,20.098484001209727,21.364829059166368
4639,16602.46847563546,16602.468789403,16602.468789403,16602.469457656,16602.498862889,2,COMPLETED,True,baseline_10,79,0.3137675375910476,0.6682530001853593,29.405232999124564,30.38725353690097
4640,16602.48762871596,16602.48788532,16602.48788532,16602.488837508,16602.508242062,0,COMPLETED,True,baseline_10,80,0.2566040384408552,0.9521880019747186,19.404553997446783,20.613346037862357
4641,16602.501223705203,16602.501387294,16602.501387294,16602.502285719,16602.522196965,3,COMPLETED,True,baseline_10,81,0.16358879656763747,0.8984250016510487,19.91124599953764,20.973259797756327
4642,16602.51320331943,16602.513351601,16602.513351601,16602.514211332,16602.527327183,1,COMPLETED,True,baseline_10,82,0.14828156781732105,0.8597310006734915,13.115851001202827,14.12386356969364
4643,16602.607843873033,16602.608047496,16602.608047496,16602.60904677,16602.628930987,2,COMPLETED,True,baseline_10,83,0.2036229670920875,0.9992740015150048,19.884216999344062,21.087113967951154
4644,16602.68936672059,16602.689536803,16602.689536803,16602.690485441,16602.710776035,0,COMPLETED,True,baseline_10,84,0.17008240683935583,0.9486380004091188,20.290594002290163,21.409314409538638
4645,16602.72832104681,16602.728492516,16602.728492516,16602.729407394,16602.747418869,3,COMPLETED,True,baseline_10,85,0.17146918980870396,0.9148780009127222,18.011475000093924,19.09782219081535
4646,16602.73878748518,16602.738946557,16602.738946557,16602.739960933,16602.759747208,1,COMPLETED,True,baseline_10,86,0.15907182023511268,1.014375997328898,19.786275002843468,20.959722820407478
4647,16602.795883832874,16602.795978737,16602.795978737,16602.796525749,16602.810591979,2,COMPLETED,True,baseline_10,87,0.09490412412560545,0.5470120013342239,14.066230000025826,14.708146125485655
4648,16602.805351604595,16602.805501463,16602.805501463,16602.806292367,16602.820504933,0,COMPLETED,True,baseline_10,88,0.14985840607550927,0.7909039995865896,14.212565998604987,15.153328404267086
4649,16602.911289730488,16602.911383458,16602.911383458,16602.912396676,16602.931951437,3,COMPLETED,True,baseline_10,89,0.09372751082992181,1.013218003208749,19.554760998289566,20.661706512328237
4650,16602.927823062168,16602.928082341,16602.928082341,16602.928976519,16602.947047831,1,COMPLETED,True,baseline_10,90,0.25927883325493895,0.8941779997257981,18.071311998937745,19.22476883191848
4651,16602.93256527697,16602.932722797,16602.932722797,16602.933467918,16602.952273656,2,COMPLETED,True,baseline_10,91,0.1575200294610113,0.7451210003637243,18.805738000082783,19.70837902990752
4652,16602.96578641009,16602.965935275,16602.965935275,16602.966708314,16602.986513201,0,COMPLETED,True,baseline_10,92,0.1488649104430806,0.773039002524456,19.804887000645977,20.726790913613513
4653,16602.97138526117,16602.971614311,16602.971614311,16602.972343906,16602.991423403,3,COMPLETED,True,baseline_10,93,0.22904983052285388,0.7295949981198646,19.079497000348056,20.038141828990774
4654,16602.974021184065,16602.974110282,16602.974110282,16602.974737152,16602.987969701,1,COMPLETED,True,baseline_10,94,0.08909793541533872,0.6268699980864767,13.23254900125903,13.948516934760846
4655,16603.06326809087,16603.063524271,16603.063524271,16603.064579525,16603.084481777,2,COMPLETED,True,baseline_10,95,0.2561801302363165,1.0552539970376529,19.90225200279383,21.2136861300678
4656,16603.115859105837,16603.116046191,16603.116046191,16603.11698624,16603.136997215,0,COMPLETED,True,baseline_10,96,0.18708516290644184,0.9400489980180282,20.01097500033211,21.13810916125658
4657,16603.126775770445,16603.127028428,16603.127028428,16603.128147392,16603.146389276,1,COMPLETED,True,baseline_10,97,0.2526575553929433,1.11896399903344,18.24188400132698,19.613505555753363
4658,16603.133678424165,16603.133791039,16603.133791039,16603.13478554,16603.15431248,3,COMPLETED,True,baseline_10,98,0.11261483450653031,0.9945010024239309,19.526939999195747,20.63405583612621
4659,16603.13869211878,16603.138852212,16603.138852212,16603.13969338,16603.159839828,2,COMPLETED,True,baseline_10,99,0.16009321916499175,0.8411679991695564,20.146448001469253,21.1477092198038
4660,16603.20087275539,16603.201035636,16603.201035636,16603.20208712,16603.221282306,0,COMPLETED,True,baseline_10,100,0.16288060942315497,1.0514839996176306,19.195185999706155,20.40955060874694
4661,16603.22112274482,16603.221286633,16603.221286633,16603.222172674,16603.242011362,1,COMPLETED,True,baseline_10,101,0.16388818039558828,0.8860409980115946,19.83868800016353,20.888617178570712
4662,16603.23136567887,16603.231500375,16603.231500375,16603.232342574,16603.251908308,3,COMPLETED,True,baseline_10,102,0.1346961325907614,0.8421989987255074,19.565734000934754,20.542629132251022
4663,16603.243767254477,16603.243999403,16603.243999403,16603.244859,16603.258901265,2,COMPLETED,True,baseline_10,103,0.23214852262753993,0.8595969993621111,14.042265000171028,15.134010522160679
4664,16603.24609562918,16603.246299032,16603.246299032,16603.246992481,16603.265392089,0,COMPLETED,True,baseline_10,104,0.20340281844255514,0.6934490011190064,18.39960800134577,19.29645982090733
4665,16603.26071973323,16603.26085206,16603.26085206,16603.261467835,16603.275653736,1,COMPLETED,True,baseline_10,105,0.13232677156338468,0.6157749994599726,14.18590100001893,14.934002771042287
4666,16603.369711802043,16603.369973756,16603.369973756,16603.370950276,16603.391821832,3,COMPLETED,True,baseline_10,106,0.2619539554871153,0.9765200011315756,20.871556000201963,22.110029956820654
4667,16603.386249616233,16603.386427146,16603.386427146,16603.387519771,16603.407540807,2,COMPLETED,True,baseline_10,107,0.17752976782503538,1.0926249997282866,20.021035998070147,21.29119076562347
4668,16603.421985264606,16603.422140504,16603.422140504,16603.423111906,16603.443038662,0,COMPLETED,True,baseline_10,108,0.15523939509876072,0.97140199795831,19.926756001950707,21.053397395007778
4669,16603.446389983892,16603.446643109,16603.446643109,16603.447619276,16603.466746633,1,COMPLETED,True,baseline_10,109,0.25312510842923075,0.9761670007719658,19.127356998069445,20.35664910727064
4670,16603.510966386162,16603.511301668,16603.511301668,16603.512164449,16603.529950664,3,COMPLETED,True,baseline_10,110,0.3352818384882994,0.8627809984318446,17.78621500125155,18.984277838171693
4671,16603.529181872236,16603.529286134,16603.529286134,16603.530265782,16603.55003257,2,COMPLETED,True,baseline_10,111,0.10426176231703721,0.9796480007935315,19.766788002016256,20.850697765126824
4672,16603.547125096637,16603.547287516,16603.547287516,16603.548350676,16603.567558313,3,COMPLETED,True,baseline_10,112,0.16241936464211904,1.0631599980115425,19.20763700036332,20.43321636301698
4673,16603.596688411417,16603.596851331,16603.596851331,16603.597848264,16603.617564829,1,COMPLETED,True,baseline_10,113,0.16291958309011534,0.9969329985324293,19.716565002454445,20.87641758407699
4674,16603.681613279925,16603.681877968,16603.681877968,16603.682926745,16603.702341579,0,COMPLETED,True,baseline_10,114,0.2646880748216063,1.0487770014151465,19.41483399787103,20.72829907410778
4675,16603.743587116758,16603.743760818,16603.743760818,16603.744925914,16603.765255481,2,COMPLETED,True,baseline_10,115,0.17370124260196462,1.165096000477206,20.329566999862436,21.668364242941607
4676,16603.788927992737,16603.789090117,16603.789090117,16603.789927111,16603.804652078,3,COMPLETED,True,baseline_10,116,0.16212426271522418,0.8369940005650278,14.72496700080228,15.724085264082532
4677,16603.806086214612,16603.806264754,16603.806264754,16603.807259126,16603.826951153,1,COMPLETED,True,baseline_10,117,0.17853938697953708,0.9943719996954314,19.692027002747636,20.864938389422605
4678,16603.81083874178,16603.81099324,16603.81099324,16603.811840177,16603.831670642,0,COMPLETED,True,baseline_10,118,0.1544982187624555,0.8469370004604571,19.830465000268305,20.831900219491217
4679,16603.83137599779,16603.831476574,16603.831476574,16603.832300321,16603.845863011,2,COMPLETED,True,baseline_10,119,0.10057620966108516,0.8237469992309343,13.562690000981092,14.487013209873112
4680,16603.846854731906,16603.846950001,16603.846950001,16603.847632445,16603.864481026,3,COMPLETED,True,baseline_10,0,0.0952690934354905,0.6824439988122322,16.848581002705032,17.626294094952755
4681,16603.87323347912,16603.873319607,16603.873319607,16603.87393839,16603.892494026,1,COMPLETED,True,baseline_10,1,0.08612787860329263,0.6187830003909767,18.555636001110543,19.260546880104812
4682,16603.95939512351,16603.959552057,16603.959552057,16603.960614918,16603.979845135,0,COMPLETED,True,baseline_10,2,0.15693348905188031,1.0628609998093452,19.230216999858385,20.45001148871961
4683,16603.96483762379,16603.965086387,16603.965086387,16603.966054823,16603.986124657,2,COMPLETED,True,baseline_10,3,0.24876321185729466,0.9684359974926338,20.06983400133322,21.28703321068315
4684,16603.97408999456,16603.974246168,16603.974246168,16603.975190522,16603.99503192,3,COMPLETED,True,baseline_10,4,0.1561734388815239,0.9443540002394002,19.84139799969853,20.941925438819453
4685,16603.9773590726,16603.977659269,16603.977659269,16603.978537622,16603.998970091,1,COMPLETED,True,baseline_10,5,0.3001963996211998,0.8783529992797412,20.432469002116704,21.611018401017645
4686,16604.004777492293,16604.004914136,16604.004914136,16604.00573544,16604.025411376,0,COMPLETED,True,baseline_10,6,0.13664370635524392,0.8213040018745232,19.675935996929184,20.63388370515895
4687,16604.016344414744,16604.016464499,16604.016464499,16604.017288306,16604.035592045,2,COMPLETED,True,baseline_10,7,0.12008425619569607,0.8238070004153997,18.30373899792903,19.247630254540127
4688,16604.029708431026,16604.029851753,16604.029851753,16604.030833341,16604.049651009,3,COMPLETED,True,baseline_10,8,0.14332197315525264,0.9815880002861377,18.817668002157006,19.942577975598397
4689,16604.05559921709,16604.055685075,16604.055685075,16604.056609922,16604.074406715,1,COMPLETED,True,baseline_10,9,0.08585791147197597,0.9248470014426857,17.79679299943382,18.80749791234848
4690,16604.056915407207,16604.057050396,16604.057050396,16604.057669555,16604.074699488,0,COMPLETED,True,baseline_10,10,0.1349887934338767,0.6191590000526048,17.029932998411823,17.784080791898305
4691,16604.061505216465,16604.061591842,16604.061591842,16604.062245849,16604.076046704,2,COMPLETED,True,baseline_10,11,0.08662553591420874,0.654006998956902,13.800855002045864,14.541487536916975
4692,16604.073951411643,16604.074116948,16604.074116948,16604.074970677,16604.093527748,3,COMPLETED,True,baseline_10,12,0.16553635578020476,0.8537290013919119,18.55707099821302,19.576336355385138
4693,16604.08249399605,16604.082661935,16604.082661935,16604.083458723,16604.098178252,1,COMPLETED,True,baseline_10,13,0.16793894974398427,0.7967879973875824,14.719529001013143,15.68425594814471
4694,16604.126976499047,16604.127127725,16604.127127725,16604.127878677,16604.140753708,0,COMPLETED,True,baseline_10,14,0.1512259550509043,0.7509520000894554,12.875030999566661,13.777208954707021
4695,16604.140200953847,16604.140289613,16604.140289613,16604.141125539,16604.160243192,2,COMPLETED,True,baseline_10,15,0.08865915151545778,0.8359260027646087,19.117652998829726,20.042238153109793
4696,16604.148531861127,16604.148616403,16604.148616403,16604.149269738,16604.163957826,3,COMPLETED,True,baseline_10,16,0.08454187263851054,0.6533350024255924,14.688087998365518,15.42596487342962
4697,16604.160250129877,16604.16036725,16604.16036725,16604.161258137,16604.177447183,1,COMPLETED,True,baseline_10,17,0.11712012201314792,0.8908870004233904,16.189046000363305,17.197053122799844
4698,16604.162544099683,16604.16271202,16604.16271202,16604.163645609,16604.182798536,0,COMPLETED,True,baseline_10,18,0.16792031601653434,0.9335889990325086,19.152927001414355,20.254436316463398
4699,16604.192625994165,16604.192809829,16604.192809829,16604.193640684,16604.212714917,2,COMPLETED,True,baseline_10,19,0.1838348362070974,0.8308549986395519,19.074233001447283,20.088922836293932
4700,16604.204338982414,16604.204491039,16604.204491039,16604.205368389,16604.221408641,3,COMPLETED,True,baseline_10,20,0.1520565856480971,0.8773500012466684,16.040251997765154,17.06965858465992
4701,16604.205107646267,16604.205237528,16604.205237528,16604.205864116,16604.223777239,1,COMPLETED,True,baseline_10,21,0.12988173330086283,0.626588000159245,17.91312299974379,18.6695927332039
4702,16604.210333910865,16604.210541275,16604.210541275,16604.2112694,16604.230350034,0,COMPLETED,True,baseline_10,22,0.20736413353006355,0.7281250000232831,19.08063399969251,20.016123133245856
4703,16604.234032605556,16604.234168922,16604.234168922,16604.235050054,16604.248078364,2,COMPLETED,True,baseline_10,23,0.13631644469569437,0.8811320003587753,13.028309997025644,14.045758442080114
4704,16604.242486409326,16604.242650117,16604.242650117,16604.243446601,16604.257452778,3,COMPLETED,True,baseline_10,24,0.1637076748011168,0.7964840006025042,14.006176999828313,14.966368675231934
4705,16604.25035056775,16604.250495077,16604.250495077,16604.251313104,16604.264938745,1,COMPLETED,True,baseline_10,25,0.14450925300479867,0.8180269978765864,13.62564100054442,14.588177251425805
4706,16604.273420387075,16604.27357527,16604.27357527,16604.274129667,16604.287320667,0,COMPLETED,True,baseline_10,26,0.15488292410736904,0.5543970000871923,13.19100000182516,13.90027992601972
4707,16604.28303804722,16604.283188777,16604.283188777,16604.284032202,16604.29864437,2,COMPLETED,True,baseline_10,27,0.1507297820353415,0.8434249975834973,14.612168000894599,15.606322780513437
4708,16604.34051013062,16604.34060782,16604.34060782,16604.341308478,16604.360245653,3,COMPLETED,True,baseline_10,28,0.0976893788902089,0.7006580017332453,18.93717499842751,19.735522379050963
4709,16604.366439021942,16604.366595833,16604.366595833,16604.367587401,16604.38642709,1,COMPLETED,True,baseline_10,29,0.15681105651310645,0.9915680020640139,18.83968900074251,19.98806805931963
4710,16604.418531364514,16604.418690135,16604.418690135,16604.41967028,16604.439620258,0,COMPLETED,True,baseline_10,30,0.15877048645052128,0.9801449996302836,19.94997799920384,21.088893485284643
4711,16604.443471596285,16604.443549508,16604.443549508,16604.444495115,16604.464390445,2,COMPLETED,True,baseline_10,31,0.0779117144702468,0.9456070001760963,19.895329998689704,20.918848713336047
4712,16604.46840298452,16604.468562809,16604.468562809,16604.469481773,16604.487875635,3,COMPLETED,True,baseline_10,32,0.1598244816705119,0.9189640004478861,18.393861999356886,19.472650481475284
4713,16604.531226889456,16604.531391868,16604.531391868,16604.532258044,16604.549555238,1,COMPLETED,True,baseline_10,33,0.16497854448971339,0.8661760002723895,17.297194001002936,18.32834854576504
4714,16604.537314351106,16604.537487953,16604.537487953,16604.538110359,16604.558086934,0,COMPLETED,True,baseline_10,34,0.17360189303872176,0.6224060016393196,19.976575000328012,20.772582895006053
4715,16604.610246157943,16604.61041224,16604.61041224,16604.611382576,16604.630579437,2,COMPLETED,True,baseline_10,35,0.16608205623924732,0.9703360010462347,19.196860997908516,20.333279055193998
4716,16604.635877333272,16604.636040267,16604.636040267,16604.636969227,16604.656869098,3,COMPLETED,True,baseline_10,36,0.1629337275517173,0.928959998418577,19.89987100023427,20.991764726204565
4717,16604.640685431405,16604.640847401,16604.640847401,16604.641699695,16604.661367338,1,COMPLETED,True,baseline_10,37,0.16196959404624067,0.8522940006514546,19.66764300232171,20.681906597019406
4718,16604.665369169627,16604.665507273,16604.665507273,16604.666456092,16604.685697828,0,COMPLETED,True,baseline_10,38,0.13810337259201333,0.9488190007687081,19.241736001276877,20.328658374637598
4719,16604.72788527302,16604.728100948,16604.728100948,16604.728855443,16604.746396619,2,COMPLETED,True,baseline_10,39,0.21567497969954275,0.7544950021838304,17.54117599921301,18.511345981096383
4720,16604.733458810606,16604.733618734,16604.733618734,16604.734334953,16604.752464807,3,COMPLETED,True,baseline_10,40,0.1599233946762979,0.7162189976952504,18.12985400101752,19.00599639338907
4721,16604.734395082134,16604.734538303,16604.734538303,16604.735335957,16604.754644475,1,COMPLETED,True,baseline_10,41,0.14322086644824594,0.7976540000527166,19.308517999888863,20.249392866389826
4722,16604.74139145574,16604.741537307,16604.741537307,16604.742368224,16604.763241052,0,COMPLETED,True,baseline_10,42,0.1458512597309891,0.8309170007123612,20.87282799766399,21.84959625810734
4723,16604.760174433246,16604.760319688,16604.760319688,16604.760831709,16604.774205882,2,COMPLETED,True,baseline_10,43,0.1452547548979055,0.5120210007589776,13.374172998737777,14.03144875439466
4724,16604.863552506104,16604.863729139,16604.863729139,16604.864794473,16604.884812873,3,COMPLETED,True,baseline_10,44,0.17663289690972306,1.0653339995769784,20.018399998662062,21.260366895148763
4725,16604.897944894154,16604.898097372,16604.898097372,16604.899019718,16604.918262809,1,COMPLETED,True,baseline_10,45,0.15247784540406428,0.9223460001521744,19.243090999225387,20.317914844781626
4726,16604.920405003748,16604.920740504,16604.920740504,16604.921543757,16604.934984819,0,COMPLETED,True,baseline_10,46,0.33550025182194076,0.8032529985939618,13.441062001220416,14.579815251636319
4727,16604.928577482897,16604.928827378,16604.928827378,16604.929683637,16604.943505669,2,COMPLETED,True,baseline_10,47,0.24989510347950272,0.8562590010114945,13.822032000462059,14.928186104953056
4728,16604.944371852376,16604.94472077,16604.94472077,16604.945482066,16604.963473756,3,COMPLETED,True,baseline_10,48,0.3489176233415492,0.7612959998368751,17.991690001508687,19.10190362468711
4729,16604.946151270313,16604.946352726,16604.946352726,16604.947151515,16604.966100419,1,COMPLETED,True,baseline_10,49,0.2014556885114871,0.7987889985088259,18.94890399853466,19.949148685554974
4730,16605.03114304161,16605.031417331,16605.031417331,16605.032421178,16605.052895498,0,COMPLETED,True,baseline_10,50,0.27428938847151585,1.00384699908318,20.47432000108529,21.752456388639985
4731,16605.03407397926,16605.034193836,16605.034193836,16605.035077178,16605.055448534,2,COMPLETED,True,baseline_10,51,0.11985674063907936,0.8833419997245073,20.37135600039619,21.374554740759777
4732,16605.075749271276,16605.076066761,16605.076066761,16605.07698518,16605.096892236,3,COMPLETED,True,baseline_10,52,0.31748972469358705,0.9184189984807745,19.90705600110232,21.14296472427668
4733,16605.10273215778,16605.102823478,16605.102823478,16605.103654091,16605.12232983,1,COMPLETED,True,baseline_10,53,0.09132022023550235,0.8306130002893042,18.675739000173053,19.59767222069786
4734,16605.108027153503,16605.108202093,16605.108202093,16605.109214327,16605.12766484,0,COMPLETED,True,baseline_10,54,0.17493949781055562,1.012233999063028,18.45051300188061,19.637686498754192
4735,16605.15467398834,16605.154840683,16605.154840683,16605.155885407,16605.174975848,2,COMPLETED,True,baseline_10,55,0.1666946591285523,1.044723998347763,19.090441001026193,20.301859658502508
4736,16605.177406483555,16605.177569606,16605.177569606,16605.178313872,16605.191337766,3,COMPLETED,True,baseline_10,56,0.1631224440643564,0.7442659989465028,13.023894000070868,13.931282443081727
4737,16605.18335860847,16605.18352599,16605.18352599,16605.184392909,16605.20083129,1,COMPLETED,True,baseline_10,57,0.16738153135520406,0.8669189992360771,16.438381000625668,17.47268153121695
4738,16605.19686168114,16605.19711643,16605.19711643,16605.198104921,16605.217231985,0,COMPLETED,True,baseline_10,58,0.2547488620621152,0.9884909995889757,19.1270639988943,20.37030386054539
4739,16605.203480048374,16605.203650604,16605.203650604,16605.204523251,16605.219113855,2,COMPLETED,True,baseline_10,59,0.1705556242086459,0.8726470005058218,14.590604001568863,15.63380662628333
4740,16605.204710110345,16605.204857065,16605.204857065,16605.20530449,16605.2186901,3,COMPLETED,True,baseline_10,60,0.14695465506520122,0.44742499812855385,13.385610000113957,13.979989653307712
4741,16605.355248853233,16605.355516566,16605.355516566,16605.356711287,16605.377357195,1,COMPLETED,True,baseline_10,61,0.2677127667993773,1.194721000501886,20.645908000005875,22.108341767307138
4742,16605.389619077818,16605.389781185,16605.389781185,16605.390761942,16605.411040427,0,COMPLETED,True,baseline_10,62,0.16210718240472488,0.9807569986151066,20.278485000744695,21.421349181764526
4743,16605.4370494332,16605.437210808,16605.437210808,16605.438190993,16605.457985906,3,COMPLETED,True,baseline_10,63,0.1613747990631964,0.9801850028452463,19.794912997895153,20.936472799803596
4744,16605.440492221358,16605.440645515,16605.440645515,16605.441439092,16605.468606158,2,COMPLETED,True,baseline_10,64,0.15329364032368176,0.7935770008771215,27.167066000401974,28.113936641602777
4745,16605.441697989092,16605.441892271,16605.441892271,16605.442751643,16605.469255639,1,COMPLETED,True,baseline_10,65,0.19428190717007965,0.8593720012868289,26.503995999519248,27.557649907976156
4746,16605.467590536315,16605.467765124,16605.467765124,16605.468704298,16605.487392429,0,COMPLETED,True,baseline_10,66,0.17458768707001582,0.9391739986313041,18.688131000089925,19.801892685791245
4747,16605.49081367812,16605.490983313,16605.490983313,16605.491977563,16605.51070849,3,COMPLETED,True,baseline_10,67,0.16963488087640144,0.9942500000761356,18.73092700043344,19.894811881385976
4748,16605.50311182799,16605.503272889,16605.503272889,16605.504095493,16605.519563829,2,COMPLETED,True,baseline_10,68,0.16106100883916952,0.8226040008594282,15.468335997866234,16.45200100756483
4749,16605.505325275197,16605.505477035,16605.505477035,16605.50626634,16605.525458166,1,COMPLETED,True,baseline_10,69,0.15175980297499336,0.7893049987615086,19.19182600249769,20.132890804234194
4750,16605.52483799101,16605.525048416,16605.525048416,16605.525879048,16605.544467022,0,COMPLETED,True,baseline_10,70,0.21042498701717705,0.8306320014526136,18.58797399836476,19.62903098683455
4751,16605.539114764593,16605.539261388,16605.539261388,16605.540245822,16605.559084725,3,COMPLETED,True,baseline_10,71,0.1466234061808791,0.984434002020862,18.838902997231344,19.969960405433085
4752,16605.603899031874,16605.604160982,16605.604160982,16605.605125973,16605.625420529,2,COMPLETED,True,baseline_10,72,0.26195012469543144,0.9649910025473218,20.29455599767971,21.521497124922462
4753,16605.674340714027,16605.674596139,16605.674596139,16605.675471723,16605.693723082,1,COMPLETED,True,baseline_10,73,0.2554249731474556,0.8755839990044478,18.25135900071473,19.382367972866632
4754,16605.67614924459,16605.676396241,16605.676396241,16605.677202265,16605.697357556,0,COMPLETED,True,baseline_10,74,0.24699640925973654,0.8060239997575991,20.155291000264697,21.208311409282032
4755,16605.679515105334,16605.679768151,16605.679768151,16605.680789983,16605.701369952,3,COMPLETED,True,baseline_10,75,0.2530456658860203,1.0218319985142443,20.579969001119025,21.85484666551929
4756,16605.684631744774,16605.68484325,16605.68484325,16605.685534278,16605.705409897,2,COMPLETED,True,baseline_10,76,0.21150522661628202,0.691027998982463,19.87561900023138,20.778152225830127
4757,16605.728677674604,16605.72870538,16605.72870538,16605.729362011,16605.742933666,1,COMPLETED,True,baseline_10,77,0.027705395041266456,0.6566310003108811,13.571654999395832,14.25599139474798
4758,16605.831628059797,16605.831739148,16605.831739148,16605.832833453,16605.853603927,0,COMPLETED,True,baseline_10,78,0.11108820399385877,1.0943050001515076,20.77047399870935,21.975867202854715
4759,16605.852358668177,16605.852517335,16605.852517335,16605.853397935,16605.872985392,3,COMPLETED,True,baseline_10,79,0.1586668222444132,0.8806000005279202,19.587457001762232,20.626723824534565
4760,16605.871074932562,16605.871235838,16605.871235838,16605.872541579,16605.892302091,2,COMPLETED,True,baseline_10,80,0.16090543795144185,1.3057409996690694,19.760512001084862,21.227158438705374
4761,16605.892550876397,16605.892766493,16605.892766493,16605.893232085,16605.906488733,1,COMPLETED,True,baseline_10,81,0.21561660469160415,0.4655919983633794,13.25664799878723,13.937856601842213
4762,16605.935009197994,16605.935093375,16605.935093375,16605.935833708,16605.949214649,0,COMPLETED,True,baseline_10,82,0.08417700519203208,0.7403330018860288,13.380940999923041,14.205451007001102
4763,16605.951812328447,16605.95183612,16605.95183612,16605.952684884,16605.966390969,3,COMPLETED,True,baseline_10,83,0.023791551939211786,0.8487640006933361,13.70608499928494,14.578640551917488
4764,16605.97366406945,16605.973916026,16605.973916026,16605.974889451,16605.99194202,2,COMPLETED,True,baseline_10,84,0.251956549618626,0.9734250015753787,17.052568997314665,18.27795054850867
4765,16605.97655398924,16605.976704309,16605.976704309,16605.977360217,16605.991628495,1,COMPLETED,True,baseline_10,85,0.1503197599959094,0.6559079993166961,14.26827800241881,15.074505761731416
4766,16605.979837465704,16605.979996751,16605.979996751,16605.980886554,16606.000756512,0,COMPLETED,True,baseline_10,86,0.15928529683151282,0.8898029991541989,19.869957999617327,20.91904629560304
4767,16606.024200011823,16606.02428691,16606.02428691,16606.024979753,16606.042844557,3,COMPLETED,True,baseline_10,87,0.08689817695994861,0.6928430011612363,17.86480399823631,18.644545176357497
4768,16606.031442159823,16606.031583677,16606.031583677,16606.032312885,16606.045526457,1,COMPLETED,True,baseline_10,88,0.14151717550703324,0.7292080008483026,13.213572001404827,14.084297177760163
4769,16606.083264042558,16606.083379125,16606.083379125,16606.084170296,16606.098838408,2,COMPLETED,True,baseline_10,89,0.11508244278957136,0.7911709981271997,14.66811200225493,15.5743654431717
4770,16606.12239529078,16606.122486183,16606.122486183,16606.123495183,16606.143151664,0,COMPLETED,True,baseline_10,90,0.09089222294278443,1.0089999996125698,19.656480999401538,20.756373221956892
4771,16606.128535811145,16606.128626055,16606.128626055,16606.129453251,16606.149001927,3,COMPLETED,True,baseline_10,91,0.09024385508382693,0.8271959995909128,19.548675998521503,20.466115853196243
4772,16606.16745930862,16606.167635524,16606.167635524,16606.168630439,16606.187914529,1,COMPLETED,True,baseline_10,92,0.17621538063394837,0.9949149971362203,19.284090001747245,20.455220379517414
4773,16606.172916466334,16606.173021478,16606.173021478,16606.173664679,16606.186536745,2,COMPLETED,True,baseline_10,93,0.10501166616450064,0.6432010013668332,12.872065999545157,13.62027866707649
4774,16606.18710741538,16606.187262816,16606.187262816,16606.188261276,16606.207051762,0,COMPLETED,True,baseline_10,94,0.15540062304353341,0.9984599964809604,18.790486003126716,19.94434662265121
4775,16606.188582903425,16606.188718088,16606.188718088,16606.189227731,16606.202150578,3,COMPLETED,True,baseline_10,95,0.13518457490135916,0.509642999531934,12.922846999572357,13.56767457400565
4776,16606.204632083824,16606.204792054,16606.204792054,16606.205609748,16606.219540865,2,COMPLETED,True,baseline_10,96,0.1599701754457783,0.8176940027624369,13.931116998719517,14.908781176927732
4777,16606.250416393745,16606.250500547,16606.250500547,16606.251426987,16606.270174252,1,COMPLETED,True,baseline_10,97,0.08415325646637939,0.926439999602735,18.747264999547042,19.757858255616156
4778,16606.285986382874,16606.286051049,16606.286051049,16606.287004528,16606.306349632,3,COMPLETED,True,baseline_10,98,0.06466612467193045,0.9534790006000549,19.345103999512503,20.36324912478449
4779,16606.337785363266,16606.337984536,16606.337984536,16606.339021146,16606.359812488,0,COMPLETED,True,baseline_10,99,0.1991727331187576,1.0366099995735567,20.791342001757585,22.0271247344499
4780,16606.363494359983,16606.363661368,16606.363661368,16606.364603429,16606.382833227,2,COMPLETED,True,baseline_10,100,0.16700801643310115,0.9420610003871843,18.22979799908353,19.338867015903816
4781,16606.42342709086,16606.423678781,16606.423678781,16606.424756389,16606.444528941,1,COMPLETED,True,baseline_10,101,0.2516901404305827,1.0776079980132636,19.772552001086297,21.101850139530143
4782,16606.45655790944,16606.456830765,16606.456830765,16606.457589101,16606.475735628,3,COMPLETED,True,baseline_10,102,0.2728555591602344,0.7583359983982518,18.146526999771595,19.17771855733008
4783,16606.466702252786,16606.466854395,16606.466854395,16606.467827736,16606.487850845,0,COMPLETED,True,baseline_10,103,0.15214221275527962,0.973341000644723,20.02310899842996,21.148592211829964
4784,16606.50732224377,16606.507442217,16606.507442217,16606.508182833,16606.526107029,2,COMPLETED,True,baseline_10,104,0.11997322872048244,0.7406160002574325,17.92419599951245,18.784785228490364
4785,16606.52722117125,16606.527467422,16606.527467422,16606.528222688,16606.540948805,1,COMPLETED,True,baseline_10,105,0.24625075093354098,0.7552659990324173,12.726116998237558,13.727633748203516
4786,16606.600946270395,16606.601103761,16606.601103761,16606.602164617,16606.622607436,3,COMPLETED,True,baseline_10,106,0.15749060548841953,1.0608560005493928,20.442818997253198,21.66116560329101
4787,16606.652809125335,16606.652976891,16606.652976891,16606.653912804,16606.674334524,0,COMPLETED,True,baseline_10,107,0.16776566553744487,0.9359129981021397,20.421720000740606,21.52539866438019
4788,16606.654215288458,16606.654483244,16606.654483244,16606.65514947,16606.67528635,2,COMPLETED,True,baseline_10,108,0.26795554367708974,0.6662259984295815,20.13688000079128,21.07106154289795
4789,16606.65497493418,16606.655124097,16606.655124097,16606.655770842,16606.675707016,1,COMPLETED,True,baseline_10,109,0.14916282088961452,0.6467450002674013,19.936173997848528,20.732081819005543
4790,16606.665622017532,16606.665876329,16606.665876329,16606.666647517,16606.684694813,3,COMPLETED,True,baseline_10,110,0.2543114678701386,0.7711879989074077,18.04729600189603,19.072795468673576
4791,16606.772624626483,16606.772762678,16606.772762678,16606.773710784,16606.793950789,0,COMPLETED,True,baseline_10,111,0.13805151684209704,0.9481060005782638,20.240005000232486,21.326162517652847
4792,16606.839744256664,16606.839898531,16606.839898531,16606.840777349,16606.859241099,2,COMPLETED,True,baseline_10,112,0.15427433754666708,0.878817998454906,18.463749998772983,19.496842334774556
4793,16606.878328652547,16606.878429834,16606.878429834,16606.87926905,16606.893038624,1,COMPLETED,True,baseline_10,113,0.10118145291926339,0.8392160016228445,13.769573997706175,14.709971452248283
4794,16606.88267897373,16606.882797196,16606.882797196,16606.88324542,16606.901199136,3,COMPLETED,True,baseline_10,114,0.118222273158608,0.448223996500019,17.9537160001928,18.520162269851426
4795,16606.92990150654,16606.930041304,16606.930041304,16606.930655793,16606.950255171,0,COMPLETED,True,baseline_10,115,0.1397974592691753,0.6144889994175173,19.599377999838907,20.3536644585256
4796,16607.03031051786,16607.030573977,16607.030573977,16607.031582505,16607.051155193,2,COMPLETED,True,baseline_10,116,0.26345914011471905,1.0085279973282013,19.572688001062488,20.84467513850541
4797,16607.034860654145,16607.035109111,16607.035109111,16607.036154507,16607.056632194,1,COMPLETED,True,baseline_10,117,0.24845685402397066,1.0453960021550301,20.477686997764977,21.771539853943978
4798,16607.03785033219,16607.037999622,16607.037999622,16607.038858439,16607.059427113,3,COMPLETED,True,baseline_10,118,0.14928980817785487,0.8588169985159766,20.568674000969622,21.576780807663454
4799,16607.04861067832,16607.048795708,16607.048795708,16607.049689987,16607.069761233,0,COMPLETED,True,baseline_10,119,0.18502967941458337,0.8942790009314194,20.07124599913368,21.150554679479683
4800,16607.081750948077,16607.082005965,16607.082005965,16607.083001006,16607.102143187,2,COMPLETED,True,baseline_10,0,0.25501692289253697,0.9950410021701828,19.142180997732794,20.392238922795514
4801,16607.087762127445,16607.087931985,16607.087931985,16607.088860381,16607.106844856,1,COMPLETED,True,baseline_10,1,0.1698575542832259,0.9283960025641136,17.984474998229416,19.082728555076756
4802,16607.122580712374,16607.122670609,16607.122670609,16607.123316766,16607.136176649,3,COMPLETED,True,baseline_10,2,0.08989662455860525,0.6461570010287687,12.859883001510752,13.595936627098126
4803,16607.17861804316,16607.178779541,16607.178779541,16607.179770506,16607.199593055,0,COMPLETED,True,baseline_10,3,0.16149783914443105,0.9909650034387596,19.822548998490674,20.975011841073865
4804,16607.18251374423,16607.182714459,16607.182714459,16607.183562831,16607.203089469,2,COMPLETED,True,baseline_10,4,0.20071477047167718,0.8483720012009144,19.526637999661034,20.575724771333626
4805,16607.190536053382,16607.190751085,16607.190751085,16607.191778166,16607.211522411,1,COMPLETED,True,baseline_10,5,0.2150316176994238,1.0270810016663745,19.74424499712768,20.98635761649348
4806,16607.19386960117,16607.194033661,16607.194033661,16607.194587191,16607.213622098,3,COMPLETED,True,baseline_10,6,0.16405982751166448,0.553530000615865,19.03490699987742,19.75249682800495
4807,16607.26271223198,16607.262833939,16607.262833939,16607.263616425,16607.282155511,0,COMPLETED,True,baseline_10,7,0.12170702029834501,0.7824860003893264,18.539085998781957,19.443279019469628
4808,16607.31284419263,16607.312989909,16607.312989909,16607.314050461,16607.333708824,2,COMPLETED,True,baseline_10,8,0.14571637075277977,1.060551996488357,19.658363002236,20.864631369477138
4809,16607.333075467406,16607.333182459,16607.333182459,16607.334062749,16607.34878005,1,COMPLETED,True,baseline_10,9,0.10699159247451462,0.8802900010778103,14.717301000928273,15.704582594480598
