request_id,scheduled_ts,enqueue_ts,enqueue_attempt_ts,execution_start,completion_ts,worker_id,outcome,outcome_confirmed,generator_delay_ms,queueing_delay_ms,service_time_ms,e2e_latency_ms
0,9314.995132918231,9314.995223434,9314.995223434,9314.9960883,9315.005560153,0,COMPLETED,True,0.09051576853380539,0.8648660004837438,9.471852999922703,10.427234768940252
1,9314.999553635074,9314.999699049,9314.999699049,9315.000576607,9315.013056738,1,COMPLETED,True,0.1454139255656628,0.8775580008659745,12.480130999392713,13.50310292582435
2,9315.004857114414,9315.005009244,9315.005009244,9315.006095066,9315.015443801,0,COMPLETED,True,0.1521295853308402,1.085822001186898,9.348734998638975,10.586686585156713
3,9315.011240699028,9315.01140731,9315.01140731,9315.013968023,9315.025259701,1,COMPLETED,True,0.16661097106407396,2.5607130010030232,11.291677999906824,14.019001971973921
4,9315.0162688676,9315.01636215,9315.01636215,9315.016960337,9315.02894406,0,COMPLETED,True,0.09328240048489533,0.5981869999232003,11.983723001321778,12.675192401729873
5,9315.022793710716,9315.022881291,9315.022881291,9315.025626692,9315.035106378,1,COMPLETED,True,0.08758028525335249,2.745400999629055,9.47968599939486,12.312667284277268
6,9315.029407073449,9315.029500735,9315.029500735,9315.029894378,9315.042594313,0,COMPLETED,True,0.09366155063617043,0.39364300027955323,12.699934999545803,13.187239550461527
7,9315.032872498294,9315.032963516,9315.032963516,9315.035463151,9315.044359538,1,COMPLETED,True,0.09101770592678804,2.499635000276612,8.896387000277173,11.487039706480573
8,9315.047427189209,9315.047514248,9315.047514248,9315.048017883,9315.056796025,0,COMPLETED,True,0.08705879190529231,0.5036349994043121,8.778141998845967,9.368835790155572
9,9315.056983823086,9315.057240891,9315.057240891,9315.057872765,9315.070894558,1,COMPLETED,True,0.2570679134805687,0.6318740015558433,13.021793000007165,13.910734915043577
10,9315.059326449005,9315.059383106,9315.059383106,9315.059626107,9315.068830492,0,COMPLETED,True,0.05665699427481741,0.24300100085383747,9.204384999975446,9.5040429951041
11,9315.087004833093,9315.087157973,9315.087157973,9315.087819011,9315.09719611,0,COMPLETED,True,0.15313990661525168,0.6610380005440675,9.377099000630551,10.19127690778987
12,9315.095357683816,9315.095520297,9315.095520297,9315.096172612,9315.105621499,1,COMPLETED,True,0.16261318342003506,0.6523150004795752,9.44888699996227,10.26381518386188
13,9315.111090390825,9315.111228868,9315.111228868,9315.112066141,9315.122867136,0,COMPLETED,True,0.138477174914442,0.8372730007977225,10.800994999954128,11.776745175666292
14,9315.115586321215,9315.115717125,9315.115717125,9315.116490366,9315.128659084,1,COMPLETED,True,0.13080378448648844,0.7732409994787304,12.168718001703382,13.072762785668601
15,9315.131220461952,9315.131290784,9315.131290784,9315.132122119,9315.142567407,0,COMPLETED,True,0.07032204848655965,0.8313349990203278,10.445288000482833,11.34694504798972
16,9315.135228183079,9315.135534473,9315.135534473,9315.136226695,9315.148913014,1,COMPLETED,True,0.30628992135461885,0.6922219999978552,12.686318999840296,13.68483092119277
17,9315.137749771979,9315.138003902,9315.138003902,9315.142939262,9315.152954505,0,COMPLETED,True,0.2541300218581455,4.935359998853528,10.015243000452756,15.20473302116443
18,9315.150247419006,9315.150399725,9315.150399725,9315.151042461,9315.163717383,1,COMPLETED,True,0.15230599456117488,0.642736000372679,12.67492199986009,13.469963994793943
19,9315.158348506362,9315.158507656,9315.158507656,9315.159224791,9315.168132975,0,COMPLETED,True,0.15914963842078578,0.7171349989221198,8.908184001484187,9.784468638827093
20,9315.16000950359,9315.160260137,9315.160260137,9315.164299813,9315.174296257,1,COMPLETED,True,0.25063340945052914,4.039675999592873,9.996444001444615,14.286753410488018
21,9315.170747438997,9315.171011634,9315.171011634,9315.171692175,9315.180448882,0,COMPLETED,True,0.2641950031829765,0.6805409993830835,8.756707000429742,9.701443002995802
22,9315.182028468114,9315.182114178,9315.182114178,9315.182703653,9315.195076904,1,COMPLETED,True,0.08570988575229421,0.5894749992876314,12.373251000099117,13.048435885139043
23,9315.228897522806,9315.229034523,9315.229034523,9315.229838406,9315.24125269,0,COMPLETED,True,0.13700019371754024,0.8038830001169117,11.41428400114819,12.355167194982641
24,9315.23737884,9315.23747042,9315.23747042,9315.238232976,9315.24956464,1,COMPLETED,True,0.09157999920716975,0.7625560010637855,11.33166399995389,12.185800000224845
25,9315.237616109049,9315.238035947,9315.238035947,9315.241826564,9315.252577934,0,COMPLETED,True,0.4198379519948503,3.7906170000496786,10.7513699986157,14.96182495066023
26,9315.254812454114,9315.254965064,9315.254965064,9315.255731265,9315.264953836,1,COMPLETED,True,0.15260988584486768,0.7662010011699749,9.222570999554591,10.141381886569434
27,9315.26088708674,9315.26114736,9315.26114736,9315.261895299,9315.271088737,0,COMPLETED,True,0.26027326020994224,0.747938998756581,9.193437999783782,10.201650258750306
28,9315.27563600795,9315.275804433,9315.275804433,9315.276594167,9315.285539418,1,COMPLETED,True,0.16842505101521965,0.7897340001363773,8.945251000113785,9.903410051265382
29,9315.27909770136,9315.279255937,9315.279255937,9315.279849775,9315.28903377,0,COMPLETED,True,0.15823563990124967,0.5938379999861354,9.183995000057621,9.936068639945006
30,9315.27910255198,9315.279372191,9315.279372191,9315.285896103,9315.295243682,1,COMPLETED,True,0.26963902018906083,6.523911999465781,9.347578999950201,16.141130019605043
31,9315.282255483024,9315.282419663,9315.282419663,9315.289425578,9315.29890023,0,COMPLETED,True,0.1641799772187369,7.005914998444496,9.474652000790229,16.64474697645346
32,9315.284383627459,9315.284637849,9315.284637849,9315.295601071,9315.304761868,1,COMPLETED,True,0.2542215406720061,10.963222001009854,9.160796998912701,20.37824054059456
33,9315.286035989282,9315.286242902,9315.286242902,9315.299247537,9315.308274472,0,COMPLETED,True,0.2069127185677644,13.004634998651454,9.026935000292724,22.238482717511943
34,9315.293410568152,9315.293792864,9315.293792864,9315.305079737,9315.314196997,1,COMPLETED,True,0.3822958478849614,11.286872999335174,9.117260000493843,20.786428847713978
35,9315.296408066026,9315.296559411,9315.296559411,9315.308621379,9315.317331728,0,COMPLETED,True,0.1513449733465677,12.06196800012549,8.710349000466522,20.92366197393858
36,9315.299814992251,9315.300111894,9315.300111894,9315.31456461,9315.323490342,1,COMPLETED,True,0.29690174778806977,14.452716000960208,8.925731999624986,23.675349748373264
37,9315.300196342092,9315.300226564,9315.300226564,9315.317697063,9315.326820146,0,COMPLETED,True,0.030221908673411235,17.47049899859121,9.123083000304177,26.6238039075688
38,9315.332215738692,9315.332472067,9315.332472067,9315.333191595,9315.342162536,1,COMPLETED,True,0.2563283087511081,0.7195279995357851,8.970941000370658,9.946797308657551
39,9315.334775189369,9315.334790566,9315.334790566,9315.335358638,9315.344823997,0,COMPLETED,True,0.015376630472019315,0.5680720005329931,9.465359000387252,10.048807631392265
40,9315.337368483066,9315.337530406,9315.337530406,9315.342521207,9315.351664305,1,COMPLETED,True,0.16192293333006091,4.990801000531064,9.143098001004546,14.295821934865671
41,9315.342106344076,9315.3421483,9315.3421483,9315.345198517,9315.35447164,0,COMPLETED,True,0.0419559237343492,3.050216999326949,9.273122999729821,12.36529592279112
42,9315.343195944362,9315.343347884,9315.343347884,9315.352036723,9315.361350597,1,COMPLETED,True,0.15193963736237492,8.68883899966022,9.3138740012364,18.154652638258995
43,9315.349796420947,9315.349983467,9315.349983467,9315.354845962,9315.363724307,0,COMPLETED,True,0.1870460528152762,4.862494999542832,8.878345000994159,13.927886053352267
44,9315.368505611283,9315.368675661,9315.368675661,9315.369155843,9315.378257756,1,COMPLETED,True,0.1700497177807847,0.4801819995918777,9.101912999540218,9.75214471691288
45,9315.372173240814,9315.372328399,9315.372328399,9315.372928341,9315.385209516,0,COMPLETED,True,0.15515818631683942,0.5999419990985189,12.281175000680378,13.036275186095736
46,9315.39282343553,9315.392912684,9315.392912684,9315.393313098,9315.402637996,1,COMPLETED,True,0.08924846952140797,0.4004140009783441,9.324897999249515,9.814560469749267
47,9315.392908525755,9315.392968697,9315.392968697,9315.393492229,9315.402984973,0,COMPLETED,True,0.06017124542267993,0.5235319986240938,9.492744000453968,10.076447244500741
48,9315.394882960409,9315.395042368,9315.395042368,9315.403030578,9315.412332683,1,COMPLETED,True,0.15940759112709202,7.988209999894025,9.302104999733274,17.44972259075439
49,9315.405195797166,9315.405357557,9315.405357557,9315.406068666,9315.418499019,0,COMPLETED,True,0.16175983364519197,0.7111089998943498,12.430353001036565,13.303221834576107
50,9315.418697198891,9315.418873075,9315.418873075,9315.419705242,9315.429083537,1,COMPLETED,True,0.1758761081873672,0.8321670011355309,9.378294998896308,10.386338108219206
51,9315.420181758875,9315.420337817,9315.420337817,9315.420823154,9315.430749479,0,COMPLETED,True,0.15605812586727552,0.485336999190622,9.926324999469216,10.567720124527114
52,9315.42554597003,9315.425648059,9315.425648059,9315.429447642,9315.438539113,1,COMPLETED,True,0.10208896856056526,3.79958300072758,9.091470999919693,12.993142969207838
53,9315.433881352408,9315.434009836,9315.434009836,9315.434487661,9315.44530326,0,COMPLETED,True,0.12848359256167896,0.47782499859749805,10.815599000125076,11.421907591284253
54,9315.439506415842,9315.439635001,9315.439635001,9315.44015607,9315.452843778,1,COMPLETED,True,0.12858515765401535,0.5210690014791908,12.687708000157727,13.337362159290933
55,9315.441684515741,9315.441806727,9315.441806727,9315.445489803,9315.456408513,0,COMPLETED,True,0.12221125871292315,3.683076000015717,10.918710000623832,14.723997259352473
56,9315.44765758077,9315.447843544,9315.447843544,9315.453055749,9315.465968941,1,COMPLETED,True,0.1859632302512182,5.212205000134418,12.913192000269191,18.311360230654827
57,9315.448856441957,9315.44895094,9315.44895094,9315.456730062,9315.467579273,0,COMPLETED,True,0.09449804201722145,7.779122001011274,10.849210999367642,18.722831042396137
58,9315.44952110851,9315.449611532,9315.449611532,9315.466447049,9315.476912798,1,COMPLETED,True,0.0904234893823741,16.835517000799882,10.465748999195057,27.391689489377313
59,9315.474842331025,9315.475034161,9315.475034161,9315.475447833,9315.48483802,0,COMPLETED,True,0.19182997493771836,0.41367199992237147,9.390187000462902,9.995688975322992
60,9315.492820975373,9315.492963668,9315.492963668,9315.493569002,9315.503138904,1,COMPLETED,True,0.14269262828747742,0.60533399846463,9.56990200029395,10.317928627046058
61,9315.493977199314,9315.494110402,9315.494110402,9315.494448297,9315.503523007,0,COMPLETED,True,0.13320268590177875,0.3378950004844228,9.074710000277264,9.545807686663466
62,9315.506229994855,9315.506441192,9315.506441192,9315.507205603,9315.516624271,1,COMPLETED,True,0.21119714438100345,0.7644110010005534,9.418667999852914,10.394276145234471
63,9315.519867700868,9315.519997834,9315.519997834,9315.520641532,9315.529689393,0,COMPLETED,True,0.1301331321883481,0.6436980002035853,9.047860999999102,9.821692132391036
64,9315.520984326848,9315.521099761,9315.521099761,9315.521524856,9315.530805975,1,COMPLETED,True,0.11543415166670457,0.42509500053711236,9.28111900066142,9.821648152865237
65,9315.522942073318,9315.523199661,9315.523199661,9315.530070684,9315.539168777,0,COMPLETED,True,0.2575876824266743,6.871023000712739,9.098092999920482,16.226703683059895
66,9315.540007167872,9315.540104004,9315.540104004,9315.540706017,9315.549892684,1,COMPLETED,True,0.09683612734079361,0.602013000388979,9.186666999084991,9.885516126814764
67,9315.540896230206,9315.541090813,9315.541090813,9315.541528086,9315.55071031,0,COMPLETED,True,0.19458279348327778,0.437272999988636,9.182224001051509,9.814079794523423
68,9315.543444797217,9315.543476695,9315.543476695,9315.550267703,9315.559738976,1,COMPLETED,True,0.03189778362866491,6.791007999709109,9.471273000599467,16.29417878393724
69,9315.555811130733,9315.555978839,9315.555978839,9315.556726389,9315.56550481,0,COMPLETED,True,0.16770826732681599,0.7475500005966751,8.778420999078662,9.693679267002153
70,9315.572934171192,9315.573195945,9315.573195945,9315.57391916,9315.582899197,1,COMPLETED,True,0.26177380823355634,0.7232150001073023,8.980036998764263,9.965025807105121
71,9315.586467230847,9315.586567563,9315.586567563,9315.587167167,9315.596243176,0,COMPLETED,True,0.1003321522148326,0.5996039999445202,9.076009000636986,9.77594515279634
72,9315.594229692777,9315.594311743,9315.594311743,9315.594912926,9315.604273871,1,COMPLETED,True,0.08205022277252283,0.6011830009811092,9.360944999571075,10.044178223324707
73,9315.602817856787,9315.602999799,9315.602999799,9315.60375244,9315.616675841,0,COMPLETED,True,0.181942214112496,0.7526409990532557,12.923401000080048,13.8579842132458
74,9315.619225723034,9315.61933199,9315.61933199,9315.620159364,9315.632497253,1,COMPLETED,True,0.10626696530380286,0.8273740004369756,12.337889000264113,13.271529966004891
75,9315.621148279157,9315.621236863,9315.621236863,9315.621801287,9315.630867752,0,COMPLETED,True,0.08858384353516158,0.5644239990942879,9.066464999705204,9.719472842334653
76,9315.63541220159,9315.635587786,9315.635587786,9315.636142703,9315.645328898,0,COMPLETED,True,0.1755844114086358,0.5549170000449521,9.186194998619612,9.9166964100732
77,9315.63589210042,9315.636072623,9315.636072623,9315.636492011,9315.64880284,1,COMPLETED,True,0.18052258019451983,0.419388001319021,12.310828999034129,12.91073958054767
78,9315.641899369963,9315.642048459,9315.642048459,9315.645760071,9315.655218578,0,COMPLETED,True,0.1490890372224385,3.7116120001883246,9.458507000090322,13.319208037501085
79,9315.652344143075,9315.652495487,9315.652495487,9315.653112708,9315.664104958,1,COMPLETED,True,0.15134392560867127,0.6172209996293532,10.992249999617343,11.760814924855367
80,9315.65295134113,9315.653088124,9315.653088124,9315.655369939,9315.664614194,0,COMPLETED,True,0.1367828699585516,2.2818150009698,9.244254999430268,11.66285287035862
81,9315.680108618919,9315.68026948,9315.68026948,9315.681079721,9315.692449554,1,COMPLETED,True,0.1608610818948364,0.8102409992716275,11.369833000571816,12.34093508173828
82,9315.680626287449,9315.680763538,9315.680763538,9315.681062343,9315.690036624,0,COMPLETED,True,0.13725055032409728,0.2988050000567455,8.974281001428608,9.41033655180945
83,9315.68348126432,9315.683646559,9315.683646559,9315.69041997,9315.699746705,0,COMPLETED,True,0.16529468121007085,6.773410999812768,9.326735000286135,16.265440681308974
84,9315.690364813148,9315.69066801,9315.69066801,9315.692701868,9315.703736427,1,COMPLETED,True,0.30319685174617916,2.0338579997769557,11.034559000108857,13.371613851631992
85,9315.690443817197,9315.690790172,9315.690790172,9315.700150891,9315.709229945,0,COMPLETED,True,0.34635480369615834,9.360718999232631,9.079053999812459,18.786127802741248
86,9315.693031151239,9315.69306067,9315.69306067,9315.704129054,9315.713119251,1,COMPLETED,True,0.029518761948565952,11.0683839993726,8.990197000457556,20.08809976177872
87,9315.694023961238,9315.694170925,9315.694170925,9315.709585677,9315.718594664,0,COMPLETED,True,0.14696376274514478,15.414751998832799,9.008987000925117,24.57070276250306
88,9315.702605429782,9315.702861006,9315.702861006,9315.713461639,9315.72271407,1,COMPLETED,True,0.25557621847838163,10.600632998830406,9.252431000277284,20.10864021758607
89,9315.704632541949,9315.704889073,9315.704889073,9315.718952837,9315.728113044,0,COMPLETED,True,0.25653105149103794,14.063763999729417,9.160207000604714,23.48050205182517
90,9315.710087532163,9315.710219899,9315.710219899,9315.723084668,9315.732348032,1,COMPLETED,True,0.13236683662398718,12.864768999861553,9.263363999707508,22.26049983619305
91,9315.714229933132,9315.714463803,9315.714463803,9315.728458882,9315.738178593,0,COMPLETED,True,0.23386986867990345,13.995078999869293,9.71971099897928,23.948659867528477
92,9315.7152031011,9315.715340302,9315.715340302,9315.7326716,9315.742617151,1,COMPLETED,True,0.1372009010083275,17.331298000499373,9.945550998963881,27.414049900471582
93,9315.717009916367,9315.717137047,9315.717137047,9315.738584054,9315.747442049,0,COMPLETED,True,0.12713063370028976,21.447006998641882,8.857995000653318,30.43213263299549
94,9315.723011281203,9315.723382234,9315.723382234,9315.742968357,9315.752411163,1,COMPLETED,True,0.37095279731147457,19.586123000408406,9.442805998332915,29.399881796052796
95,9315.723835354374,9315.724048438,9315.724048438,9315.747769693,9315.756785086,0,COMPLETED,True,0.21308362556737848,23.721255000054953,9.015392999572214,32.949731625194545
96,9315.730236874859,9315.73049593,9315.73049593,9315.752749566,9315.761704054,1,COMPLETED,True,0.2590551412140485,22.25363599973207,8.954488001108984,31.4671791420551
97,9315.740881198843,9315.74105231,9315.74105231,9315.757152303,9315.766218036,0,COMPLETED,True,0.17111115812440403,16.099992999443202,9.06573300017044,25.336837157738046
98,9315.741953591936,9315.74209695,9315.74209695,9315.762059007,9315.770974994,1,COMPLETED,True,0.1433580637240084,19.962057000157074,8.915987000364112,29.021402064245194
99,9315.746856150237,9315.747023095,9315.747023095,9315.76656971,9315.775747481,0,COMPLETED,True,0.16694476289558224,19.546614999853773,9.177771000395296,28.89133076314465
100,9315.757975701712,9315.7580988,9315.7580988,9315.771358437,9315.780307273,1,COMPLETED,True,0.12309828889556229,13.259636998554925,8.948836000854499,22.331571288304986
101,9315.785004214962,9315.785147315,9315.785147315,9315.785839713,9315.794997589,0,COMPLETED,True,0.143100038258126,0.692397999955574,9.157876000244869,9.993374038458569
102,9315.789230515022,9315.78937248,9315.78937248,9315.790064704,9315.802278656,1,COMPLETED,True,0.14196497795637697,0.6922240008861991,12.213951999001438,13.048140977844014
103,9315.803782663315,9315.804115306,9315.804115306,9315.8046783,9315.81466927,0,COMPLETED,True,0.33264268495258875,0.5629940005746903,9.990969998398214,10.886606683925493
104,9315.807613979217,9315.807774911,9315.807774911,9315.808318005,9315.820575037,1,COMPLETED,True,0.1609317823749734,0.5430940000223927,12.257031999979517,12.961057782376884
105,9315.812154092908,9315.812244492,9315.812244492,9315.815039725,9315.824173909,0,COMPLETED,True,0.09039909309649374,2.795232998323627,9.134184001595713,12.019816093015834
106,9315.837395475557,9315.837573613,9315.837573613,9315.838078402,9315.847428535,1,COMPLETED,True,0.17813744307204615,0.5047889990237309,9.350133001134964,10.03305944323074
107,9315.83957319336,9315.839824436,9315.839824436,9315.840354437,9315.853026861,0,COMPLETED,True,0.25124263993347995,0.5300009997881716,12.672423999902094,13.453667639623745
108,9315.84699111063,9315.847159611,9315.847159611,9315.847818553,9315.857056443,1,COMPLETED,True,0.16850036990945227,0.6589420008822344,9.237889998985338,10.065332369777025
109,9315.860155124954,9315.860412357,9315.860412357,9315.861321873,9315.872957343,0,COMPLETED,True,0.25723204635141883,0.9095160003198544,11.635469998509507,12.80221804518078
110,9315.86252674321,9315.862786661,9315.862786661,9315.863405839,9315.872632305,1,COMPLETED,True,0.2599177896627225,0.6191779993969249,9.226465999745415,10.105561788805062
111,9315.877431090694,9315.877692161,9315.877692161,9315.878377742,9315.887194053,1,COMPLETED,True,0.26107030680577736,0.6855809988337569,8.816311001282884,9.762962306922418
112,9315.896663223579,9315.896896256,9315.896896256,9315.897871076,9315.908178438,0,COMPLETED,True,0.23303242051042616,0.9748200009198627,10.307361999366549,11.515214420796838
113,9315.896804587763,9315.896949289,9315.896949289,9315.897941935,9315.90702372,1,COMPLETED,True,0.1447012364224065,0.9926460006681737,9.081784999580123,10.219132236670703
114,9315.89891467347,9315.899089355,9315.899089355,9315.907242768,9315.916921384,1,COMPLETED,True,0.17468153055233415,8.153413000400178,9.678615999291651,18.006710530244163
115,9315.90551131011,9315.905725108,9315.905725108,9315.908643491,9315.918102245,0,COMPLETED,True,0.21379788995545823,2.918383001087932,9.45875399884244,12.59093488988583
116,9315.912134783277,9315.912327678,9315.912327678,9315.917259805,9315.926113721,1,COMPLETED,True,0.19289472220407333,4.932127001666231,8.85391599877039,13.978937722640694
117,9315.930724111333,9315.93082504,9315.93082504,9315.931227774,9315.940772376,0,COMPLETED,True,0.10092866796185263,0.4027339982712874,9.544602000460145,10.048264666693285
118,9315.93162082676,9315.931756955,9315.931756955,9315.932116408,9315.941481154,1,COMPLETED,True,0.1361282411380671,0.359452998964116,9.364745999846491,9.860327239948674
119,9315.94089643439,9315.941053581,9315.941053581,9315.941814778,9315.95098705,0,COMPLETED,True,0.15714661094534677,0.7611969995195977,9.17227200079651,10.090615611261455
120,9315.955202311981,9315.955304365,9315.955304365,9315.955770811,9315.9654164,1,COMPLETED,True,0.10205301805399358,0.46644600115541834,9.64558899977419,10.214088018983603
121,9315.958727537954,9315.958899199,9315.958899199,9315.959417103,9315.96841683,0,COMPLETED,True,0.17166104589705355,0.5179039999347879,8.99972699880891,9.689292044640752
122,9315.973579904366,9315.9736883,9315.9736883,9315.974140925,9315.983301105,1,COMPLETED,True,0.1083956340153236,0.4526249995251419,9.160179999526008,9.721200633066474
123,9315.980598305896,9315.980700498,9315.980700498,9315.981108918,9315.990741507,0,COMPLETED,True,0.10219210344075691,0.40842000089469366,9.632588999011205,10.143201103346655
124,9315.991393182165,9315.991543585,9315.991543585,9315.991938485,9316.001028478,1,COMPLETED,True,0.15040283506095875,0.3949000001739478,9.089993000088725,9.635295835323632
125,9315.992011632366,9315.992123335,9315.992123335,9315.992488164,9316.001906239,0,COMPLETED,True,0.11170263314852491,0.3648290003184229,9.418075000212411,9.89460663367936
126,9316.007917262452,9316.008021443,9316.008021443,9316.008441699,9316.017928897,1,COMPLETED,True,0.1041805480781477,0.4202559994155308,9.487197999987984,10.011634547481663
127,9316.014501246826,9316.014587977,9316.014587977,9316.015003489,9316.024493191,0,COMPLETED,True,0.08673017509863712,0.4155119986535283,9.489702000792022,9.991944174544187
128,9316.027786117653,9316.027888439,9316.027888439,9316.028336269,9316.037398322,1,COMPLETED,True,0.10232134809484705,0.44782999975723214,9.062052999070147,9.612204346922226
129,9316.038670990265,9316.038763453,9316.038763453,9316.039187263,9316.048549096,0,COMPLETED,True,0.09246273475582711,0.42381000093882903,9.361832999275066,9.878105734969722
130,9316.044742778106,9316.044845286,9316.044845286,9316.045220614,9316.055450072,1,COMPLETED,True,0.1025078945531277,0.3753279997908976,10.229458001049352,10.707293895393377
131,9316.046921161127,9316.047050615,9316.047050615,9316.048726835,9316.058697765,0,COMPLETED,True,0.12945387243235018,1.6762200011726236,9.970929999326472,11.776603872931446
132,9316.048792021566,9316.048880759,9316.048880759,9316.055967054,9316.06681824,1,COMPLETED,True,0.08873743536241818,7.086294999680831,10.851185999854351,18.0262184348976
133,9316.048982328803,9316.049222111,9316.049222111,9316.059090441,9316.068209713,0,COMPLETED,True,0.23978219724085648,9.868330000244896,9.11927199922502,19.227384196710773
134,9316.051109954436,9316.051195843,9316.051195843,9316.067267743,9316.076801393,1,COMPLETED,True,0.08588856326241512,16.071899999587913,9.533649999866611,25.69143856271694
135,9316.056756572463,9316.056851224,9316.056851224,9316.068568305,9316.0780489,0,COMPLETED,True,0.09465153743803967,11.717080999005702,9.480595001150505,21.292327537594247
136,9316.057289009828,9316.057463441,9316.057463441,9316.077202634,9316.086605957,1,COMPLETED,True,0.17443117212678771,19.7391929996229,9.403322999787633,29.316947171537322
137,9316.060439692306,9316.060534939,9316.060534939,9316.078439014,9316.087746194,0,COMPLETED,True,0.09524669439997524,17.904074999023578,9.30718000017805,27.306501693601604
138,9316.067443983815,9316.067549831,9316.067549831,9316.086956658,9316.096896785,1,COMPLETED,True,0.10584718438622076,19.406827001148486,9.940126999936183,29.45280118547089
139,9316.077414257647,9316.07751177,9316.07751177,9316.088126616,9316.097528401,0,COMPLETED,True,0.09751235302246641,10.614845999953104,9.40178500059119,20.11414335356676
140,9316.087014250765,9316.087149095,9316.087149095,9316.097253843,9316.106336124,1,COMPLETED,True,0.1348442347079981,10.104748000230757,9.082280999791692,19.321873234730447
141,9316.09392599983,9316.094080741,9316.094080741,9316.097887909,9316.108237919,0,COMPLETED,True,0.1547411702631507,3.8071679991844576,10.350009999456233,14.311919168903842
142,9316.133238068564,9316.133390251,9316.133390251,9316.133860299,9316.142804722,1,COMPLETED,True,0.15218243606796023,0.4700480003521079,8.94442299977527,9.566653436195338
143,9316.135501977893,9316.135677968,9316.135677968,9316.136211261,9316.148773044,0,COMPLETED,True,0.17599010789126623,0.5332929995347513,12.561782999910065,13.271066107336082
144,9316.14994699619,9316.150054268,9316.150054268,9316.1506588,9316.159488062,1,COMPLETED,True,0.10727181143010966,0.604531998760649,8.829262000290328,9.541065810481086
145,9316.15601795401,9316.156121952,9316.156121952,9316.156779899,9316.169841591,0,COMPLETED,True,0.10399799066362903,0.6579469991265796,13.061691999610048,13.823636989400256
146,9316.164177555625,9316.164305653,9316.164305653,9316.164964206,9316.174474935,1,COMPLETED,True,0.12809737381758168,0.6585530009033391,9.510728999885032,10.297379374605953
147,9316.178498742875,9316.178668765,9316.178668765,9316.17943347,9316.188815209,0,COMPLETED,True,0.17002212553052232,0.7647050006198697,9.381738998854416,10.316466125004808
148,9316.199065359571,9316.199169411,9316.199169411,9316.199733189,9316.208879151,1,COMPLETED,True,0.1040514289343264,0.5637779995595338,9.145961999820429,9.813791428314289
149,9316.216979352634,9316.217088803,9316.217088803,9316.217734631,9316.226978307,0,COMPLETED,True,0.10945036592602264,0.6458280004153494,9.243676000551204,9.998954366892576
150,9316.219095306029,9316.219297407,9316.219297407,9316.220059508,9316.232699941,1,COMPLETED,True,0.20210097136441618,0.7621009990543826,12.640433000342455,13.604634970761253
151,9316.221706468097,9316.221864955,9316.221864955,9316.22742139,9316.237229713,0,COMPLETED,True,0.15848690236452967,5.556435000471538,9.80832300047041,15.523244903306477
152,9316.232049026441,9316.232225062,9316.232225062,9316.23318074,9316.242593248,1,COMPLETED,True,0.17603555897949263,0.9556780005368637,9.412507999513764,10.54422155903012
153,9316.237150978877,9316.237307749,9316.237307749,9316.237969617,9316.246947219,0,COMPLETED,True,0.15677012197556905,0.6618679999519372,8.977602001323248,9.796240123250755
154,9316.251800588141,9316.25205513,9316.25205513,9316.252720322,9316.265286045,1,COMPLETED,True,0.2545418592490023,0.6651919993601041,12.565723000079743,13.485456858688849
155,9316.260759459903,9316.260858888,9316.260858888,9316.261387917,9316.273740204,0,COMPLETED,True,0.09942809629137628,0.529029000972514,12.35228699988511,12.980744097149
156,9316.263953515116,9316.264051068,9316.264051068,9316.265766873,9316.27603266,1,COMPLETED,True,0.09755288374435622,1.7158050013676984,10.265786999298143,12.079144884410198
157,9316.264315056329,9316.264399801,9316.264399801,9316.274223452,9316.285047718,0,COMPLETED,True,0.08474467176711187,9.823650998441735,10.82426600078179,20.732661670990638
158,9316.268821219746,9316.269081077,9316.269081077,9316.276201442,9316.285462508,1,COMPLETED,True,0.2598572536953725,7.120365000446327,9.261065999453422,16.64128825359512
159,9316.279744604411,9316.279926747,9316.279926747,9316.285452731,9316.294918217,0,COMPLETED,True,0.1821425885282224,5.525983999177697,9.465486000408418,15.173612588114338
160,9316.283541223343,9316.283673269,9316.283673269,9316.285812857,9316.29548201,1,COMPLETED,True,0.1320456558460137,2.1395880012278212,9.669152999776998,11.940786656850833
161,9316.28605398554,9316.286405548,9316.286405548,9316.295082485,9316.304620469,0,COMPLETED,True,0.3515624612191459,8.676936999108875,9.537984000417055,18.566483460745076
162,9316.288867144787,9316.288982376,9316.288982376,9316.295830931,9316.305191909,1,COMPLETED,True,0.11523121247591916,6.84855500003323,9.360977999676834,16.324764212185983
163,9316.289183602208,9316.289287272,9316.289287272,9316.304963109,9316.314032471,0,COMPLETED,True,0.10366979222453665,15.675836999434978,9.069362000445835,24.84886879210535
164,9316.299249236128,9316.299393335,9316.299393335,9316.305559876,9316.314481776,1,COMPLETED,True,0.1440988726244541,6.166540999402059,8.921900000132155,15.232539872158668
165,9316.3204873838,9316.320655334,9316.320655334,9316.32112629,9316.329793355,0,COMPLETED,True,0.1679502001934452,0.47095599984459113,8.667064999826835,9.30597119986487
166,9316.32785010129,9316.328027749,9316.328027749,9316.32857956,9316.341550307,1,COMPLETED,True,0.1776477092789719,0.551811001059832,12.97074699868972,13.700205709028523
167,9316.329065272834,9316.329215621,9316.329215621,9316.330156665,9316.339229073,0,COMPLETED,True,0.15034816533443518,0.9410440015926724,9.07240800006548,10.163800166992587
168,9316.339069746682,9316.339193004,9316.339193004,9316.339845499,9316.3490409,0,COMPLETED,True,0.1232573176821461,0.6524950003949925,9.195401000397396,9.971153318474535
169,9316.358287990492,9316.358414349,9316.358414349,9316.359143795,9316.368227266,1,COMPLETED,True,0.12635850907827262,0.729445999240852,9.083471000849386,9.93927550916851
170,9316.361435870253,9316.361567494,9316.361567494,9316.362274013,9316.37272362,0,COMPLETED,True,0.13162374671082944,0.7065190002322197,10.449606999827665,11.287749746770714
171,9316.367627494283,9316.367808679,9316.367808679,9316.368585613,9316.377703387,1,COMPLETED,True,0.18118471780326217,0.7769339990773005,9.11777399960556,10.075892716486123
172,9316.408179246882,9316.408340367,9316.408340367,9316.409294011,9316.422412291,0,COMPLETED,True,0.16112011689983774,0.9536440011288505,13.118279999616789,14.233044117645477
173,9316.413120490035,9316.413212744,9316.413212744,9316.413813283,9316.425417826,1,COMPLETED,True,0.09225396570400335,0.6005389986967202,11.604543000430567,12.29733596483129
174,9316.414585639244,9316.414755822,9316.414755822,9316.422682526,9316.43470441,0,COMPLETED,True,0.17018275502778124,7.926704000055906,12.021884000205318,20.118770755289006
175,9316.418223395185,9316.418377259,9316.418377259,9316.425767021,9316.436425837,1,COMPLETED,True,0.15386381528514903,7.389762000457267,10.65881599970453,18.202441815446946
176,9316.420002105197,9316.420189267,9316.420189267,9316.435109282,9316.445551005,0,COMPLETED,True,0.18716180420597084,14.920014999006526,10.441722999530612,25.548899802743108
177,9316.424389856737,9316.424490161,9316.424490161,9316.436785042,9316.447403295,1,COMPLETED,True,0.10030426346929744,12.294881000343594,10.618252999847755,23.013438263660646
178,9316.427064709398,9316.427146398,9316.427146398,9316.445909741,9316.455259599,0,COMPLETED,True,0.0816886022221297,18.76334299959126,9.349858000859967,28.194889602673356
179,9316.438257827433,9316.438428016,9316.438428016,9316.447825029,9316.457582254,1,COMPLETED,True,0.17018856669892557,9.397013000125298,9.757224999702885,19.32442656652711
180,9316.440496289299,9316.440665932,9316.440665932,9316.455602398,9316.464840743,0,COMPLETED,True,0.16964270071184728,14.936466001017834,9.238344999175752,24.344453700905433
181,9316.444368378576,9316.444490856,9316.444490856,9316.457947513,9316.467141473,1,COMPLETED,True,0.1224774241563864,13.456656999551342,9.193960000629886,22.773094424337614
182,9316.449789351296,9316.449894101,9316.449894101,9316.465199869,9316.474473784,0,COMPLETED,True,0.10474970440554898,15.305767999961972,9.273914998630062,24.684432702997583
183,9316.450918623368,9316.451032241,9316.451032241,9316.467496373,9316.476430953,1,COMPLETED,True,0.11361763245076872,16.4641319988732,8.93458000064129,25.512329631965258
184,9316.452525683053,9316.452632239,9316.452632239,9316.474837478,9316.484120943,0,COMPLETED,True,0.10655594633135479,22.205238999958965,9.283465000407887,31.595259946698206
185,9316.461244139882,9316.461340818,9316.461340818,9316.476785721,9316.485896838,1,COMPLETED,True,0.09667811718827579,15.44490300148027,9.111116998610669,24.652698117279215
186,9316.46299954615,9316.463088381,9316.463088381,9316.484468143,9316.493707404,0,COMPLETED,True,0.08883485133992508,21.379761999924085,9.239261000402621,30.70785785166663
187,9316.482051577492,9316.482157493,9316.482157493,9316.486283609,9316.495460356,1,COMPLETED,True,0.10591550744720735,4.12611600040691,9.17674700031057,13.408778508164687
188,9316.491726050032,9316.491850087,9316.491850087,9316.494031896,9316.503385078,0,COMPLETED,True,0.12403696928231511,2.1818089990119915,9.353182000268134,11.659027968562441
189,9316.492006770903,9316.4923826,9316.4923826,9316.495817475,9316.504702759,1,COMPLETED,True,0.3758290968107758,3.4348750014032703,8.885283999916282,12.695988098130329
190,9316.496247309475,9316.496386377,9316.496386377,9316.503546763,9316.512934754,0,COMPLETED,True,0.1390675261063734,7.160385999668506,9.38799100003962,16.6874445258145
191,9316.496768546587,9316.496899941,9316.496899941,9316.505061829,9316.514239503,1,COMPLETED,True,0.13139441216480918,8.16188800126838,9.177673999147373,17.470956412580563
192,9316.497536266917,9316.497666794,9316.497666794,9316.513283201,9316.522988625,0,COMPLETED,True,0.13052708345639985,15.6164069994702,9.705423999548657,25.452358082475257
193,9316.504918019886,9316.505150373,9316.505150373,9316.514619575,9316.523798496,1,COMPLETED,True,0.23235311346070375,9.469202001127996,9.178921000057016,18.880476114645717
194,9316.530522570527,9316.53066923,9316.53066923,9316.531271264,9316.5400368,0,COMPLETED,True,0.1466594731027726,0.6020340006216429,8.765535998463747,9.514229472188163
195,9316.550331909206,9316.55055213,9316.55055213,9316.5514214,9316.564289296,1,COMPLETED,True,0.22022079429007135,0.8692699993844144,12.867896000898327,13.957386794572813
196,9316.555091602098,9316.555235878,9316.555235878,9316.555661874,9316.564942469,0,COMPLETED,True,0.14427590213017538,0.4259959987393813,9.280595000745961,9.850866901615518
197,9316.577330673643,9316.577456273,9316.577456273,9316.578310959,9316.590122452,1,COMPLETED,True,0.12559935748868156,0.8546859990019584,11.811493001005147,12.791778357495787
198,9316.587781558552,9316.588048038,9316.588048038,9316.588795414,9316.59797556,0,COMPLETED,True,0.2664794483280275,0.7473759997083107,9.180146000289824,10.194001448326162
199,9316.587997206292,9316.588343489,9316.588343489,9316.590321551,9316.600684481,1,COMPLETED,True,0.3462827080511488,1.9780620004894445,10.362929999246262,12.687274707786855
200,9316.597101233758,9316.59718185,9316.59718185,9316.598371761,9316.607546943,0,COMPLETED,True,0.08061624248512089,1.1899109995283652,9.17518200003542,10.445709242048906
201,9316.598584441164,9316.598743498,9316.598743498,9316.601048029,9316.610206216,1,COMPLETED,True,0.15905683540040627,2.3045310008456,9.15818700013915,11.621774836385157
202,9316.627479629069,9316.627641733,9316.627641733,9316.628472522,9316.637452476,0,COMPLETED,True,0.16210393005167134,0.8307890002470231,8.979954000096768,9.972846930395463
203,9316.627788258502,9316.628286702,9316.628286702,9316.628777079,9316.638098962,1,COMPLETED,True,0.49844349814520683,0.49037700046028476,9.321882998847286,10.310703497452778
204,9316.628382810904,9316.628640372,9316.628640372,9316.637829183,9316.647048573,0,COMPLETED,True,0.25756109607755207,9.188811000058195,9.219389999998384,18.66576209613413
205,9316.628673362116,9316.628926885,9316.628926885,9316.638445731,9316.647377147,1,COMPLETED,True,0.25352288321300875,9.518845999991754,8.93141599954106,18.703784882745822
206,9316.63196714735,9316.632094264,9316.632094264,9316.647396742,9316.656821135,0,COMPLETED,True,0.1271166493097553,15.302478001103736,9.424392999790143,24.853987650203635
207,9316.634018980256,9316.634146031,9316.634146031,9316.647741553,9316.65719508,1,COMPLETED,True,0.12705074368568603,13.595522001196514,9.453527000005124,23.176099744887324
208,9316.635752359629,9316.635946577,9316.635946577,9316.657169064,9316.666486427,0,COMPLETED,True,0.19421737124503125,21.222486999249668,9.317363001173362,30.73406737166806
209,9316.64271412245,9316.642906926,9316.642906926,9316.657560023,9316.666832477,1,COMPLETED,True,0.1928035489981994,14.65309700142825,9.27245399907406,24.11835454950051
210,9316.644607771686,9316.644762403,9316.644762403,9316.666819945,9316.676224992,0,COMPLETED,True,0.15463131421711296,22.057541998947272,9.405046999745537,31.61722031290992
211,9316.651088406112,9316.651283924,9316.651283924,9316.667121743,9316.676077321,1,COMPLETED,True,0.19551788864191622,15.83781899898895,8.955578001405229,24.988914889036096
212,9316.6527708592,9316.652935904,9316.652935904,9316.676411495,9316.685847611,1,COMPLETED,True,0.16504479935974814,23.475591000533313,9.436115999051253,33.076751798944315
213,9316.66763753035,9316.667794151,9316.667794151,9316.676552703,9316.685481598,0,COMPLETED,True,0.15662065015931148,8.75855199956277,8.928895000281045,17.844067650003126
214,9316.673036698785,9316.673185463,9316.673185463,9316.685830543,9316.69488474,0,COMPLETED,True,0.1487642148276791,12.645079999856534,9.054197000295972,21.848041214980185
215,9316.678923350293,9316.679054266,9316.679054266,9316.686200613,9316.695228899,1,COMPLETED,True,0.13091570690448862,7.146346999434172,9.028286000102526,16.305548706441186
216,9316.679151987859,9316.679740152,9316.679740152,9316.695220002,9316.704111423,0,COMPLETED,True,0.5881641409359872,15.479850000701845,8.891420999134425,24.959435140772257
217,9316.684231159294,9316.684363125,9316.684363125,9316.695421595,9316.704587324,1,COMPLETED,True,0.13196570580475964,11.05847000144422,9.165728999505518,20.356164706754498
218,9316.688353471875,9316.688543336,9316.688543336,9316.704426479,9316.713596115,0,COMPLETED,True,0.18986412578669842,15.883142999882693,9.169635999569437,25.24264312523883
219,9316.691954819622,9316.692147426,9316.692147426,9316.704931514,9316.714375492,1,COMPLETED,True,0.19260637782281265,12.784087999534677,9.44397800049046,22.42067237784795
220,9316.692714296609,9316.6928844,9316.6928844,9316.713964635,9316.722831062,0,COMPLETED,True,0.17010339070111513,21.080235001136316,8.866426998793031,30.116765390630462
221,9316.70281346086,9316.703007944,9316.703007944,9316.714722397,9316.723812003,1,COMPLETED,True,0.19448313832981512,11.714453001332004,9.089605999179184,20.998542138841003
222,9316.73047081042,9316.730631283,9316.730631283,9316.731291277,9316.740635501,0,COMPLETED,True,0.16047258031903766,0.6599939988518599,9.34422400132462,10.164690580495517
223,9316.73914393689,9316.739443078,9316.739443078,9316.74004615,9316.752499295,1,COMPLETED,True,0.2991411110997433,0.6030719996488187,12.453145000108634,13.355358110857196
224,9316.740942276761,9316.7411703,9316.7411703,9316.741435551,9316.750341317,0,COMPLETED,True,0.2280232383782277,0.2652510011103004,8.90576599886117,9.399040238349698
225,9316.742207575468,9316.742388299,9316.742388299,9316.750685526,9316.759930958,0,COMPLETED,True,0.18072353304887656,8.297226999275154,9.245432000170695,17.723382532494725
226,9316.74783906316,9316.747982175,9316.747982175,9316.753052915,9316.763055779,1,COMPLETED,True,0.1431118398613762,5.070740000519436,10.002863999034162,15.216715839414974
227,9316.757037671963,9316.757174535,9316.757174535,9316.760249524,9316.769437171,0,COMPLETED,True,0.13686303645954467,3.0749890011065872,9.187646999635035,12.399499037201167
228,9316.763302653795,9316.763582256,9316.763582256,9316.7639022,9316.773316218,1,COMPLETED,True,0.2796022054099012,0.3199439997843001,9.414017999006319,10.01356420420052
229,9316.764993633553,9316.765162057,9316.765162057,9316.769760263,9316.77862129,0,COMPLETED,True,0.16842344666656572,4.598206000082428,8.861026999511523,13.627656446260517
230,9316.765089707851,9316.765261792,9316.765261792,9316.773674269,9316.782542509,1,COMPLETED,True,0.17208414828928653,8.412477000092622,8.86824000008346,17.45280114846537
231,9316.781629159193,9316.781744752,9316.781744752,9316.782273466,9316.791238909,0,COMPLETED,True,0.11559280574147124,0.5287140011205338,8.965442999397055,9.60974980625906
232,9316.787413954691,9316.787655815,9316.787655815,9316.78841736,9316.800460709,1,COMPLETED,True,0.24186030896089505,0.7615449994773371,12.043349001032766,13.046754309470998
233,9316.787762446374,9316.787779812,9316.787779812,9316.79159286,9316.800379616,0,COMPLETED,True,0.017365626263199374,3.8130479988467414,8.786755999608431,12.617169624718372
234,9316.80146315752,9316.801558509,9316.801558509,9316.802132406,9316.811242574,0,COMPLETED,True,0.0953514791035559,0.5738969994126819,9.110168000916019,9.779416479432257
235,9316.813666189724,9316.813810821,9316.813810821,9316.814496698,9316.827237757,1,COMPLETED,True,0.14463127627095673,0.6858769993414171,12.741058999381494,13.571567274993868
236,9316.825946572739,9316.82607882,9316.82607882,9316.826504822,9316.83545004,0,COMPLETED,True,0.1322472617175663,0.4260019995854236,8.945218000008026,9.503467261311016
237,9316.832856439722,9316.832942668,9316.832942668,9316.833608935,9316.84299609,1,COMPLETED,True,0.08622827772342134,0.6662670002697269,9.387154999785707,10.139650277778856
238,9316.833527625531,9316.833611219,9316.833611219,9316.835605588,9316.84501602,0,COMPLETED,True,0.08359346975339577,1.9943689985666424,9.410431999640423,11.488394467960461
239,9316.838403679043,9316.838546508,9316.838546508,9316.843438757,9316.852646106,1,COMPLETED,True,0.14282895608630497,4.8922490004770225,9.207348999552778,14.242426956116105
240,9316.847405517088,9316.847540925,9316.847540925,9316.847999448,9316.857359371,0,COMPLETED,True,0.13540791223931592,0.4585229999065632,9.359923000374692,9.953853912520572
241,9316.849810328771,9316.849939428,9316.849939428,9316.853002283,9316.861842366,1,COMPLETED,True,0.12909922952530906,3.0628549993707566,8.840082999086007,12.032037227982073
242,9316.85137575807,9316.851500074,9316.851500074,9316.85771565,9316.866850301,0,COMPLETED,True,0.12431593131623231,6.21557599879452,9.134650999840233,15.474542929950985
243,9316.860104187772,9316.86025259,9316.86025259,9316.862206196,9316.87097661,1,COMPLETED,True,0.14840222866041586,1.9536059990059584,8.77041400053713,10.872422228203504
244,9316.87485034321,9316.875078273,9316.875078273,9316.875645407,9316.884570424,0,COMPLETED,True,0.22792978961660992,0.5671340004482772,8.925016998546198,9.720080788611085
245,9316.874988976133,9316.87519196,9316.87519196,9316.875852475,9316.88495801,1,COMPLETED,True,0.20298386698414106,0.6605149992537918,9.10553500034439,9.969033866582322
246,9316.887476784834,9316.88762292,9316.88762292,9316.888488956,9316.897613543,0,COMPLETED,True,0.14613516577810515,0.8660359999339562,9.12458700076968,10.13675816648174
247,9316.895041849331,9316.895204512,9316.895204512,9316.895706877,9316.904752421,1,COMPLETED,True,0.16266266902675852,0.5023649991926504,9.045544000400696,9.710571668620105
248,9316.897792735726,9316.898250453,9316.898250453,9316.898755689,9316.909941399,0,COMPLETED,True,0.45771727309329435,0.505236001117737,11.185710000063409,12.14866327427444
249,9316.89937538013,9316.899508608,9316.899508608,9316.905122405,9316.914295327,1,COMPLETED,True,0.13322786981007084,5.613797000478371,9.172922000288963,14.919946870577405
250,9316.903617073758,9316.903802051,9316.903802051,9316.910256657,9316.922399742,0,COMPLETED,True,0.18497724158805795,6.454606000261265,12.14308499947947,18.782668241328793
251,9316.908192407665,9316.908386545,9316.908386545,9316.914641598,9316.923978266,1,COMPLETED,True,0.19413733389228582,6.255053000131738,9.336668001196813,15.785858335220837
252,9316.91043870001,9316.910594999,9316.910594999,9316.922747519,9316.933781322,0,COMPLETED,True,0.15629899098712485,12.152519999290234,11.033803000827902,23.34262199110526
253,9316.915792451315,9316.915951987,9316.915951987,9316.924338695,9316.933237682,1,COMPLETED,True,0.15953568617987912,8.386707999306964,8.898987000065972,17.445230685552815
254,9316.916465668573,9316.916600528,9316.916600528,9316.933615297,9316.942585075,1,COMPLETED,True,0.13485942690749653,17.01476900052512,8.969777998572681,26.1194064260053
255,9316.922313212724,9316.922482848,9316.922482848,9316.934119905,9316.944606673,0,COMPLETED,True,0.169635275597102,11.637056999461493,10.48676800019166,22.293460275250254
256,9316.930049739607,9316.930194551,9316.930194551,9316.942929207,9316.952359725,1,COMPLETED,True,0.14481139260169584,12.734656000247924,9.43051800095418,22.3099853938038
257,9316.936205831431,9316.936319179,9316.936319179,9316.944984283,9316.954727699,0,COMPLETED,True,0.11334756891301367,8.665104000101564,9.743415999764693,18.52186756877927
258,9316.948342092719,9316.948520097,9316.948520097,9316.95270385,9316.961896102,1,COMPLETED,True,0.17800428031478077,4.183753000688739,9.192252000502776,13.554009281506296
259,9316.954020291156,9316.954174052,9316.954174052,9316.955085315,9316.964512196,0,COMPLETED,True,0.1537608441140037,0.9112629995797761,9.426881000763387,10.491904844457167
260,9316.964584061274,9316.96490369,9316.96490369,9316.965336239,9316.974033547,1,COMPLETED,True,0.3196287252649199,0.43254900083411485,8.69730799968238,9.449485725781415
261,9316.970317101957,9316.9704566,9316.9704566,9316.971064404,9316.980837641,0,COMPLETED,True,0.13949804269941524,0.6078040005377261,9.773236999535584,10.520539042772725
262,9316.971166496822,9316.971297209,9316.971297209,9316.974190591,9316.983582015,1,COMPLETED,True,0.13071217836113647,2.8933819994563237,9.391424000568804,12.415518178386264
263,9316.986031169768,9316.98618541,9316.98618541,9316.986798745,9316.996226661,0,COMPLETED,True,0.1542402314953506,0.6133349997980986,9.427916000277037,10.195491231570486
264,9316.988322875792,9316.988412323,9316.988412323,9316.988825018,9316.997670309,1,COMPLETED,True,0.08944720866566058,0.41269499888585415,8.845291000397992,9.347433207949507
265,9316.997000510804,9316.997129771,9316.997129771,9316.997783298,9317.007545205,0,COMPLETED,True,0.12926019553560764,0.6535270003951155,9.761907000211067,10.54469419614179
266,9316.99868478353,9316.998817231,9316.998817231,9316.999201347,9317.008440187,1,COMPLETED,True,0.13244747060525697,0.3841159996227361,9.238840000762139,9.755403470990132
267,9317.00859983349,9317.008902,9317.008902,9317.009513099,9317.018728408,0,COMPLETED,True,0.30216650884540286,0.6110989997978322,9.21530900086509,10.128574509508326
268,9317.018373374738,9317.018537347,9317.018537347,9317.019327712,9317.02838757,1,COMPLETED,True,0.16397226136177778,0.7903650002845097,9.059858000910026,10.014195262556314
269,9317.018650874208,9317.01866035,9317.01866035,9317.019593506,9317.028819787,0,COMPLETED,True,0.009475792467128485,0.9331559995189309,9.226280999428127,10.168912791414186
270,9317.027574927552,9317.027717618,9317.027717618,9317.028750328,9317.037637905,1,COMPLETED,True,0.14269044913817197,1.032709998980863,8.887576999768498,10.062977447887533
271,9317.030014162792,9317.03014892,9317.03014892,9317.030738586,9317.04042661,0,COMPLETED,True,0.13475720697897486,0.5896660004509613,9.688023999842699,10.412447207272635
272,9317.039893140836,9317.040037376,9317.040037376,9317.041073797,9317.053176358,1,COMPLETED,True,0.14423516404349357,1.0364209992985707,12.102561000574497,13.28321716391656
273,9317.060650132089,9317.060781794,9317.060781794,9317.061516039,9317.070740812,0,COMPLETED,True,0.13166191092750523,0.7342450007854495,9.224772999004927,10.090679910717881
274,9317.068542306915,9317.068696963,9317.068696963,9317.06941238,9317.07871357,1,COMPLETED,True,0.15465608521481045,0.7154169998102589,9.301189998950576,10.171263083975646
275,9317.117150941878,9317.117301318,9317.117301318,9317.118034077,9317.130020592,0,COMPLETED,True,0.15037612138257828,0.732759001039085,11.9865149990801,12.869650121501763
276,9317.131595578825,9317.131686861,9317.131686861,9317.132602054,9317.144477241,1,COMPLETED,True,0.09128217425313778,0.9151930007647024,11.875186999532161,12.881662174550002
277,9317.142016834458,9317.142194037,9317.142194037,9317.142920932,9317.155267614,0,COMPLETED,True,0.1772025425452739,0.7268949993886054,12.346682000497822,13.250779542431701
278,9317.145530446258,9317.145677417,9317.145677417,9317.146341273,9317.155460423,1,COMPLETED,True,0.14697074220748618,0.6638560007559136,9.119149999605725,9.929976742569124
279,9317.149216729491,9317.149348862,9317.149348862,9317.155798817,9317.167303176,0,COMPLETED,True,0.1321325089520542,6.449955000789487,11.504358999445685,18.086446509187226
280,9317.156024639962,9317.156193797,9317.156193797,9317.156734974,9317.165967045,1,COMPLETED,True,0.16915703781705815,0.541176999831805,9.232071000951692,9.942405038600555
281,9317.156888365666,9317.157035,9317.157035,9317.1661217,9317.175771736,1,COMPLETED,True,0.1466343346692156,9.086699999897974,9.650035999584361,18.88337033415155
282,9317.162162585351,9317.162323367,9317.162323367,9317.167873332,9317.177458596,0,COMPLETED,True,0.16078164844657294,5.549965000682278,9.585263998815208,15.296010647944058
283,9317.163265527182,9317.163403773,9317.163403773,9317.176142584,9317.185085928,1,COMPLETED,True,0.138245817652205,12.738810999508132,8.943344000726938,21.820400817887275
284,9317.167162239033,9317.167365485,9317.167365485,9317.177611945,9317.186769734,0,COMPLETED,True,0.20324596698628739,10.246460000416846,9.157788999800687,19.60749496720382
285,9317.171714996204,9317.171853607,9317.171853607,9317.185439338,9317.194404103,1,COMPLETED,True,0.13861079605703708,13.585730999693624,8.964765000200714,22.689106795951375
286,9317.174017885549,9317.174205224,9317.174205224,9317.187154934,9317.196574886,0,COMPLETED,True,0.1873384517239174,12.949709998792969,9.419952000826015,22.5570004513429
287,9317.188416053674,9317.188566019,9317.188566019,9317.194782443,9317.203712933,1,COMPLETED,True,0.1499653262726497,6.216424000740517,8.930489999329438,15.296879326342605
288,9317.192061541857,9317.192319723,9317.192319723,9317.196924257,9317.206057413,0,COMPLETED,True,0.25818114409048576,4.604533998644911,9.1331559997343,13.995871142469696
289,9317.20190195764,9317.202179648,9317.202179648,9317.204088224,9317.212960558,1,COMPLETED,True,0.27769036023528315,1.9085759995505214,8.872333999534021,11.058600359319826
290,9317.204379160845,9317.204787204,9317.204787204,9317.206392844,9317.215508282,0,COMPLETED,True,0.40804315540299285,1.6056399999797577,9.115438000662834,11.129121156045585
291,9317.21419961929,9317.214344602,9317.214344602,9317.214990764,9317.224068507,1,COMPLETED,True,0.14498271048069,0.6461619996116497,9.077742999579641,9.86888770967198
292,9317.216440754379,9317.21657449,9317.21657449,9317.21701273,9317.226117849,0,COMPLETED,True,0.13373562069318723,0.43824000022141263,9.105119001105777,9.677094622020377
293,9317.219918380079,9317.220128918,9317.220128918,9317.224408178,9317.233290049,1,COMPLETED,True,0.2105379207932856,4.279260001567309,8.88187099917559,13.371668921536184
294,9317.22621191158,9317.226486788,9317.226486788,9317.227204786,9317.236347095,0,COMPLETED,True,0.2748764200077858,0.7179980002547381,9.142308999798843,10.135183420061367
295,9317.239999239666,9317.240088236,9317.240088236,9317.240662336,9317.249474119,1,COMPLETED,True,0.08899633394321427,0.574100000449107,8.811783000055584,9.474879334447905
296,9317.245819527556,9317.245902588,9317.245902588,9317.246668343,9317.259558539,0,COMPLETED,True,0.08306044401251711,0.7657549995201407,12.890196001535514,13.739011445068172
297,9317.259150874348,9317.259240146,9317.259240146,9317.25979011,9317.269118225,1,COMPLETED,True,0.08927165254135616,0.5499639992194716,9.328115000243997,9.967350652004825
298,9317.259233412055,9317.259294164,9317.259294164,9317.260154662,9317.271775359,0,COMPLETED,True,0.06075194505683612,0.8604980012023589,11.620696999671054,12.541946945930249
299,9317.279705414861,9317.279841429,9317.279841429,9317.2804595,9317.29310775,1,COMPLETED,True,0.13601413775177207,0.6180710006447043,12.648249999983818,13.402335138380295
300,9317.310402872205,9317.310516255,9317.310516255,9317.311014127,9317.321332729,0,COMPLETED,True,0.11338279546180274,0.4978720007784432,10.318601998733357,10.929856794973603
301,9317.316743346682,9317.316867691,9317.316867691,9317.317534848,9317.329117463,1,COMPLETED,True,0.12434431846486405,0.6671569990430726,11.58261499949731,12.374116317005246
302,9317.32138146193,9317.321623769,9317.321623769,9317.322356555,9317.33575067,0,COMPLETED,True,0.24230706912931055,0.7327860002988018,13.394114999755402,14.369208069183514
303,9317.322413346883,9317.322574308,9317.322574308,9317.329281779,9317.338339248,1,COMPLETED,True,0.1609611172170844,6.707471000481746,9.05746899843507,15.9259011161339
304,9317.323179722971,9317.323280984,9317.323280984,9317.33626018,9317.347147074,0,COMPLETED,True,0.10126102824870031,12.979196000742377,10.88689400057774,23.967351029568817
305,9317.3274546968,9317.327618473,9317.327618473,9317.338716039,9317.347714023,1,COMPLETED,True,0.1637761997699272,11.097565999079961,8.997984001325676,20.259326200175565
306,9317.333717575524,9317.333840499,9317.333840499,9317.347317736,9317.357213791,0,COMPLETED,True,0.12292347673792392,13.477236998369335,9.896055000353954,23.496215475461213
307,9317.345820818036,9317.345940198,9317.345940198,9317.348105596,9317.357216155,1,COMPLETED,True,0.11937996350752655,2.165398000215646,9.110558999964269,11.395336963687441
308,9317.351833324672,9317.351961756,9317.351961756,9317.357485302,9317.366545432,1,COMPLETED,True,0.12843132753914688,5.523546000404167,9.060129999852506,14.71210732779582
309,9317.353975640319,9317.354131701,9317.354131701,9317.357586319,9317.366534519,0,COMPLETED,True,0.1560606815473875,3.4546179995231796,8.948200000304496,12.558878681375063
310,9317.354090326126,9317.354234361,9317.354234361,9317.36692384,9317.376713802,0,COMPLETED,True,0.14403487512026913,12.689478999163839,9.789961999558727,22.623475873842835
311,9317.356261485873,9317.356372922,9317.356372922,9317.367073187,9317.377794128,1,COMPLETED,True,0.1114361275540432,10.700265000195941,10.720940999817685,21.53264212756767
312,9317.365292158878,9317.365435317,9317.365435317,9317.37707789,9317.386015312,0,COMPLETED,True,0.14315812222776003,11.642572999335243,8.937422000599327,20.72315312216233
313,9317.401754025092,9317.401933925,9317.401933925,9317.402428642,9317.414822508,1,COMPLETED,True,0.17989990919886623,0.49471700003778096,12.393865999911213,13.06848290914786
314,9317.40186555713,9317.402008666,9317.402008666,9317.40246064,9317.413250468,0,COMPLETED,True,0.14310886945168022,0.45197399958851747,10.789828000270063,11.38491086931026
315,9317.407121191125,9317.407216017,9317.407216017,9317.413590085,9317.422537439,0,COMPLETED,True,0.09482587483944371,6.374067999786348,8.947354001065833,15.416247875691624
316,9317.424958506635,9317.425106471,9317.425106471,9317.42574306,9317.436306712,1,COMPLETED,True,0.1479643651691731,0.6365889985318063,10.563652000200818,11.348205363901798
317,9317.427326134119,9317.427414875,9317.427414875,9317.428499877,9317.441457086,0,COMPLETED,True,0.0887408805283485,1.0850020007637795,12.957209000887815,14.130951882179943
318,9317.428195414974,9317.428486122,9317.428486122,9317.436522183,9317.446994353,1,COMPLETED,True,0.29070702657918446,8.036060999074834,10.472170000866754,18.798938026520773
319,9317.444952346563,9317.445097945,9317.445097945,9317.445733667,9317.455178761,0,COMPLETED,True,0.14559843657480087,0.6357220008794684,9.44509399960225,10.226414437056519
320,9317.469970363225,9317.470114337,9317.470114337,9317.470559828,9317.479517223,1,COMPLETED,True,0.14397377526620403,0.44549099948199,8.957395000834367,9.546859775582561
321,9317.493842600496,9317.493977087,9317.493977087,9317.494562097,9317.503794616,0,COMPLETED,True,0.13448650497593917,0.5850099987583235,9.23251899985189,9.952015503586153
322,9317.494398940513,9317.49451944,9317.49451944,9317.494851059,9317.503759917,1,COMPLETED,True,0.1204994878207799,0.3316189995530294,8.90885799890384,9.36097648627765
323,9317.503109034871,9317.503263993,9317.503263993,9317.504147535,9317.513105373,1,COMPLETED,True,0.15495812840526924,0.883542001247406,8.957837999332696,9.996338128985371
324,9317.516849289517,9317.516941143,9317.516941143,9317.517654393,9317.527235998,0,COMPLETED,True,0.09185348244500346,0.7132499995350372,9.581605001585558,10.386708483565599
325,9317.529844526309,9317.52995189,9317.52995189,9317.53061522,9317.540623148,1,COMPLETED,True,0.10736369040387217,0.6633299999521114,10.007928000050015,10.778621690405998
326,9317.543705135586,9317.543840648,9317.543840648,9317.544639306,9317.555250997,0,COMPLETED,True,0.13551241499953903,0.7986579985299613,10.611691001031431,11.545861414560932
327,9317.549960382617,9317.550216099,9317.550216099,9317.550969759,9317.560066315,1,COMPLETED,True,0.25571638252586126,0.7536600005551009,9.09655599934922,10.105932382430183
328,9317.56777779016,9317.567923024,9317.567923024,9317.56877744,9317.58221287,0,COMPLETED,True,0.14523384015774354,0.8544159991288325,13.435430000754423,14.435079840040999
329,9317.57660914435,9317.576723181,9317.576723181,9317.577433768,9317.586790978,1,COMPLETED,True,0.11403665121179074,0.7105869990482461,9.357210001326166,10.181833651586203
330,9317.581882030201,9317.582016158,9317.582016158,9317.582746785,9317.593840965,0,COMPLETED,True,0.13412779844657052,0.730626999938977,11.094180001236964,11.958934799622511
331,9317.591371087132,9317.591507352,9317.591507352,9317.592291202,9317.601224397,1,COMPLETED,True,0.13626486725115683,0.7838500005163951,8.933195000281557,9.85330986804911
332,9317.592900520722,9317.593029231,9317.593029231,9317.593997316,9317.603931597,0,COMPLETED,True,0.12871027865912765,0.9680849998403573,9.93428099900484,11.031076277504326
333,9317.593693124174,9317.59381695,9317.59381695,9317.601599559,9317.610774168,1,COMPLETED,True,0.12382582644931972,7.782609000059892,9.174609000183409,17.08104382669262
334,9317.601524259746,9317.601784639,9317.601784639,9317.604320806,9317.613879419,0,COMPLETED,True,0.26037925454147626,2.5361669995618286,9.5586129991716,12.355159253274905
335,9317.603152142105,9317.603348945,9317.603348945,9317.611126139,9317.619851731,1,COMPLETED,True,0.19680289551615715,7.7771939995727735,8.725592000700999,16.69958889578993
336,9317.60362877774,9317.603893275,9317.603893275,9317.614212162,9317.623193474,0,COMPLETED,True,0.2644972591951955,10.318886999812094,8.981312001196784,19.564696260204073
337,9317.611204784545,9317.611367127,9317.611367127,9317.620224626,9317.629109253,1,COMPLETED,True,0.1623424541321583,8.857499000441749,8.884626999133616,17.904468453707523
338,9317.612509991028,9317.612648238,9317.612648238,9317.623551762,9317.632510432,0,COMPLETED,True,0.13824697271047626,10.903524000241305,8.95866999962891,20.00044097258069
339,9317.612608282465,9317.612739414,9317.612739414,9317.629487124,9317.638616979,1,COMPLETED,True,0.13113153545418754,16.74771000034525,9.12985499962815,26.00869653542759
340,9317.635692906668,9317.63586699,9317.63586699,9317.636462437,9317.648337155,0,COMPLETED,True,0.17408333224011585,0.5954469997959677,11.874718000399298,12.644248332435382
341,9317.64369615271,9317.643834535,9317.643834535,9317.644297152,9317.653398301,1,COMPLETED,True,0.13838228915119544,0.46261699935712386,9.101149000343867,9.702148288852186
342,9317.654446489207,9317.654611348,9317.654611348,9317.655115358,9317.664379004,0,COMPLETED,True,0.16485879314132035,0.5040100004407577,9.263645999453729,9.932514793035807
343,9317.658707559624,9317.658859073,9317.658859073,9317.65921945,9317.668441427,1,COMPLETED,True,0.1515133772045374,0.3603770001063822,9.221976999469916,9.733867376780836
344,9317.695589073543,9317.695729209,9317.695729209,9317.696613415,9317.707756399,0,COMPLETED,True,0.14013545660418458,0.8842060015012976,11.142983999889111,12.167325457994593
345,9317.707899043107,9317.707992324,9317.707992324,9317.708497356,9317.71765415,1,COMPLETED,True,0.0932808925426798,0.50503199963714,9.156793999864021,9.755106892043841
346,9317.729602466286,9317.72972904,9317.72972904,9317.730519526,9317.743215634,0,COMPLETED,True,0.12657371371460613,0.7904859994596336,12.696108000454842,13.613167713629082
347,9317.740596830668,9317.740724756,9317.740724756,9317.741539091,9317.754849507,1,COMPLETED,True,0.1279253319808049,0.8143349987221882,13.31041600133176,14.252676332034753
348,9317.740617307712,9317.740854992,9317.740854992,9317.743709576,9317.753400669,0,COMPLETED,True,0.2376842876401497,2.854583999578608,9.69109300058335,12.783361287802109
349,9317.742442101064,9317.742622766,9317.742622766,9317.753567788,9317.763194951,0,COMPLETED,True,0.18066493612423074,10.945022000669269,9.627162999095162,20.752849935888662
350,9317.7452889948,9317.745423908,9317.745423908,9317.755391187,9317.767196078,1,COMPLETED,True,0.13491319987224415,9.96727900019323,11.80489100079285,21.907083200858324
351,9317.747044387834,9317.747293049,9317.747293049,9317.763570962,9317.772622296,0,COMPLETED,True,0.24866116655175574,16.27791300052195,9.051333998286282,25.577908165359986
352,9317.777650376824,9317.777781618,9317.777781618,9317.778392354,9317.787468284,1,COMPLETED,True,0.13124117685947567,0.6107359986344818,9.075930000108201,9.817907175602159
353,9317.787394329689,9317.787512781,9317.787512781,9317.788184307,9317.797308029,0,COMPLETED,True,0.11845131120935548,0.6715260005876189,9.123721998548717,9.913699310345692
354,9317.791703664792,9317.791908686,9317.791908686,9317.792451904,9317.802874393,1,COMPLETED,True,0.20502120787568856,0.5432180005300324,10.42248900012055,11.17072820852627
355,9317.842119707944,9317.842265301,9317.842265301,9317.84316283,9317.856533728,0,COMPLETED,True,0.14559305600414518,0.8975290002126712,13.370897999266163,14.414020055482979
356,9317.870504069186,9317.870604895,9317.870604895,9317.871022303,9317.880534683,1,COMPLETED,True,0.10082581502501853,0.41740799861145206,9.512380000160192,10.030613813796663
357,9317.871446884757,9317.871697275,9317.871697275,9317.872361451,9317.885211073,0,COMPLETED,True,0.2503902433090843,0.6641759991907747,12.849622000430827,13.764188242930686
358,9317.873611315938,9317.873771462,9317.873771462,9317.880734633,9317.891782916,1,COMPLETED,True,0.16014606262615416,6.96317099937005,11.04828300049121,18.171600062487414
359,9317.877201243984,9317.877359666,9317.877359666,9317.885644101,9317.897056732,0,COMPLETED,True,0.15842201537452638,8.284434999950463,11.412630999984685,19.855488015309675
360,9317.884857675359,9317.885017465,9317.885017465,9317.892140141,9317.903490344,1,COMPLETED,True,0.15978964074747637,7.12267600101768,11.350202999892645,18.6326686416578
361,9317.888111131404,9317.888213338,9317.888213338,9317.89739483,9317.908434893,0,COMPLETED,True,0.10220659532933496,9.181492001516744,11.040062998290523,20.323761595136602
362,9317.893607132997,9317.893759608,9317.893759608,9317.903815188,9317.914747866,1,COMPLETED,True,0.15247500232362654,10.055579999971087,10.932678000244778,21.14073300253949
363,9317.905491315905,9317.905581272,9317.905581272,9317.90873186,9317.91930704,0,COMPLETED,True,0.08995609459816478,3.150587999698473,10.57518000015989,13.815724094456527
364,9317.911551165362,9317.911645134,9317.911645134,9317.915091831,9317.925036756,1,COMPLETED,True,0.09396863788424525,3.4466970009816578,9.94492499921762,13.485590638083522
365,9317.930202946194,9317.930305936,9317.930305936,9317.930758076,9317.940272181,0,COMPLETED,True,0.10298980669176672,0.45213999874249566,9.514105000562267,10.06923480599653
366,9317.961567762713,9317.961751224,9317.961751224,9317.962383855,9317.976576632,1,COMPLETED,True,0.18346128672419582,0.6326309994619805,14.192777000062051,15.008869286248228
367,9317.966509487995,9317.966615454,9317.966615454,9317.967305874,9317.977851838,0,COMPLETED,True,0.10596600441203918,0.6904200017743278,10.545963999902597,11.342350006088964
368,9317.96672932618,9317.967134533,9317.967134533,9317.977111122,9317.989269481,1,COMPLETED,True,0.40520682159694843,9.976588999052183,12.158359000750352,22.540154821399483
369,9317.97064027285,9317.970855072,9317.970855072,9317.978206471,9317.988776106,0,COMPLETED,True,0.21479915085365064,7.351398999162484,10.569635000138078,18.135833150154212
370,9317.980505919973,9317.98064659,9317.98064659,9317.989075668,9318.000173369,0,COMPLETED,True,0.14067002666706685,8.429077999608126,11.097701000835514,19.667449027110706
371,9317.980940793133,9317.981064709,9317.981064709,9317.989700222,9318.000812573,1,COMPLETED,True,0.12391586642479524,8.635513000626815,11.112350999610499,19.87177986666211
372,9317.984949650248,9317.985123604,9317.985123604,9318.000348699,9318.010474649,0,COMPLETED,True,0.17395375107298605,15.225095001369482,10.125949998837314,25.52499875127978
373,9318.005172883259,9318.005268533,9318.005268533,9318.005874857,9318.016875728,1,COMPLETED,True,0.09564974061504472,0.6063240016374039,11.000870999851031,11.70284474210348
374,9318.010263622722,9318.010351331,9318.010351331,9318.0107842,9318.02171184,0,COMPLETED,True,0.08770827844273299,0.43286899926897604,10.927639999863459,11.448217277575168
375,9318.010368614623,9318.010401024,9318.010401024,9318.01718365,9318.027392666,1,COMPLETED,True,0.032409376217401586,6.782626000131131,10.209015999862459,17.02405137621099
376,9318.025036904903,9318.025142212,9318.025142212,9318.025793465,9318.037638472,0,COMPLETED,True,0.10530709732847754,0.6512529998872196,11.845007000374608,12.601567097590305
377,9318.031883799253,9318.031993015,9318.031993015,9318.032693157,9318.04229763,1,COMPLETED,True,0.10921574721578509,0.7001419999141945,9.604472999853897,10.413830746983876
378,9318.041346108268,9318.041479412,9318.041479412,9318.042354934,9318.055689774,0,COMPLETED,True,0.13330373258213513,0.875521998750628,13.334840001334669,14.343665732667432
379,9318.041559420908,9318.041639917,9318.041639917,9318.042685163,9318.053456375,1,COMPLETED,True,0.08049609277804848,1.0452459991938667,10.771212000690866,11.896954092662781
380,9318.043595010973,9318.043724257,9318.043724257,9318.053746112,9318.064160875,1,COMPLETED,True,0.12924602742714342,10.021854999649804,10.414762999062077,20.565864026139025
381,9318.048685867037,9318.048819436,9318.048819436,9318.056231076,9318.066616318,0,COMPLETED,True,0.13356896306504495,7.411639999190811,10.385241999756545,17.9304509620124
382,9318.06562605949,9318.0657699,9318.0657699,9318.066405208,9318.075330168,1,COMPLETED,True,0.14384051064553205,0.6353079988912214,8.924960000513238,9.704108510049991
383,9318.075876111625,9318.076051932,9318.076051932,9318.076706451,9318.086040367,0,COMPLETED,True,0.17582037435204256,0.6545190008182544,9.333915999377496,10.164255374547793
384,9318.083335144114,9318.083473971,9318.083473971,9318.084085351,9318.09329977,1,COMPLETED,True,0.13882688654121011,0.6113799990998814,9.214419000272756,9.964625885913847
385,9318.09470178556,9318.094836613,9318.094836613,9318.095535583,9318.106441733,0,COMPLETED,True,0.13482743997883517,0.6989699995756382,10.906150000664638,11.739947440219112
386,9318.09544380351,9318.095571583,9318.095571583,9318.095990282,9318.106850218,1,COMPLETED,True,0.12777949086739682,0.4186989990557777,10.85993600099755,11.406414490920724
387,9318.100310518337,9318.100442105,9318.100442105,9318.106804799,9318.117844694,0,COMPLETED,True,0.13158666297385935,6.36269399910816,11.03989500006719,17.53417566214921
388,9318.103869581468,9318.104112723,9318.104112723,9318.1072035,9318.118254607,1,COMPLETED,True,0.2431415323371766,3.0907769996701973,11.05110699973011,14.385025531737483
389,9318.104978776772,9318.105167835,9318.105167835,9318.118123866,9318.127467043,0,COMPLETED,True,0.18905822798842564,12.956030999703216,9.343177000118885,22.488266227810527
390,9318.125888866194,9318.126029884,9318.126029884,9318.126745174,9318.136158302,1,COMPLETED,True,0.1410178065270884,0.7152899997890927,9.413128000232973,10.269435806549154
391,9318.13338035635,9318.133539401,9318.133539401,9318.134059562,9318.143745499,0,COMPLETED,True,0.15904464999039192,0.5201610001677182,9.685936998721445,10.365142648879555
392,9318.142060116128,9318.142207751,9318.142207751,9318.142873806,9318.151598422,1,COMPLETED,True,0.1476348716096254,0.6660550006927224,8.724616000108654,9.538305872411001
393,9318.157649466284,9318.15773605,9318.15773605,9318.158274385,9318.167245941,0,COMPLETED,True,0.08658371552883182,0.5383349998737685,8.971556000687997,9.596474716090597
394,9318.176594743496,9318.176728697,9318.176728697,9318.177413851,9318.188812225,1,COMPLETED,True,0.13395350470091216,0.6851540001662215,11.398373999327305,12.217481504194438
395,9318.176740434377,9318.176841375,9318.176841375,9318.177595763,9318.188437059,0,COMPLETED,True,0.10094062236021273,0.7543880001321668,10.841295999853173,11.696624622345553
396,9318.185958288705,9318.186207251,9318.186207251,9318.188714103,9318.198879923,0,COMPLETED,True,0.24896229479054455,2.506852000806248,10.165820000111125,12.921634295707918
397,9318.190455223676,9318.190712029,9318.190712029,9318.191254147,9318.201830004,1,COMPLETED,True,0.2568053241702728,0.5421179994300473,10.575857000731048,11.374780324331368
398,9318.195582694858,9318.195743116,9318.195743116,9318.199199692,9318.20967254,0,COMPLETED,True,0.1604211429366842,3.4565759997349232,10.472848000063095,14.089845142734703
399,9318.202893297133,9318.202995933,9318.202995933,9318.203512987,9318.214744855,1,COMPLETED,True,0.10263586591463536,0.5170540007384261,11.23186800032272,11.851557866975782
400,9318.209264541412,9318.20940559,9318.20940559,9318.210085678,9318.221221814,0,COMPLETED,True,0.1410485874657752,0.6800880000810139,11.136135999549879,11.957272587096668
401,9318.210002783142,9318.210489181,9318.210489181,9318.214911221,9318.226099724,1,COMPLETED,True,0.4863978574576322,4.422040001372807,11.188502998265903,16.096940857096342
402,9318.216714974102,9318.216873768,9318.216873768,9318.22154215,9318.231823825,0,COMPLETED,True,0.15879389866313431,4.668382000090787,10.281675000442192,15.108850899196113
403,9318.228819533993,9318.228978244,9318.228978244,9318.229527348,9318.239079865,1,COMPLETED,True,0.15871000687184278,0.5491039992193691,9.552516999974614,10.260331006065826
404,9318.241501190543,9318.24159826,9318.24159826,9318.242160862,9318.251061507,0,COMPLETED,True,0.09706945638754405,0.5626020010822685,8.900644999812357,9.56031645728217
405,9318.258348786148,9318.258611329,9318.258611329,9318.259355443,9318.269315877,1,COMPLETED,True,0.2625428514875239,0.7441140005539637,9.960433999367524,10.967090851409012
406,9318.263013872049,9318.263232943,9318.263232943,9318.263715469,9318.273937186,0,COMPLETED,True,0.2190709510614397,0.4825260002689902,10.221717000604258,10.923313951934688
407,9318.27301737765,9318.27317953,9318.27317953,9318.273697788,9318.283833939,1,COMPLETED,True,0.16215234973060433,0.5182579989195801,10.136151000551763,10.816561349201947
408,9318.276618095337,9318.276778895,9318.276778895,9318.277387314,9318.288457943,0,COMPLETED,True,0.16079966371762566,0.6084189990360755,11.070628999732435,11.839847662486136
409,9318.276992083876,9318.277241512,9318.277241512,9318.284213138,9318.294998198,1,COMPLETED,True,0.2494281234248774,6.97162600044976,10.78505999976187,18.006114123636507
410,9318.277567752744,9318.277700281,9318.277700281,9318.288615025,9318.299545548,0,COMPLETED,True,0.13252825556264725,10.91474399981962,10.930522999842651,21.97779525522492
411,9318.290630710037,9318.290894422,9318.290894422,9318.29537637,9318.305225632,1,COMPLETED,True,0.2637119632709073,4.481948000830016,9.849261999988812,14.594921964089735
412,9318.308347696286,9318.308486672,9318.308486672,9318.309218048,9318.317830359,0,COMPLETED,True,0.13897571443521883,0.7313759997487068,8.612310999524198,9.482662713708123
413,9318.323697705622,9318.323870537,9318.323870537,9318.324546783,9318.335241899,1,COMPLETED,True,0.17283137822232675,0.6762459997844417,10.69511599962425,11.544193377631018
414,9318.326606222865,9318.326765331,9318.326765331,9318.327215726,9318.338260127,0,COMPLETED,True,0.15910813453956507,0.45039500037091784,11.044401000617654,11.653904135528137
415,9318.345176935823,9318.345315333,9318.345315333,9318.346119344,9318.358448416,1,COMPLETED,True,0.13839717576047406,0.8040110005822498,12.329072000284214,13.271480176626937
416,9318.35151071775,9318.351656067,9318.351656067,9318.352197246,9318.36486204,0,COMPLETED,True,0.14534924957843032,0.5411790007201489,12.664793999647372,13.351322249945952
417,9318.35457626932,9318.354779041,9318.354779041,9318.358672025,9318.370994292,1,COMPLETED,True,0.20277168005122803,3.892984001140576,12.322266999035492,16.418022680227295
418,9318.356771737244,9318.356901722,9318.356901722,9318.365374437,9318.375890452,0,COMPLETED,True,0.12998475540371146,8.472715000607423,10.516014999666368,19.1187147556775
419,9318.365640020424,9318.365776678,9318.365776678,9318.371368143,9318.380559359,1,COMPLETED,True,0.13665757614944596,5.591465000179596,9.191216000544955,14.919338576873997
420,9318.368191195703,9318.368334504,9318.368334504,9318.376408517,9318.385922537,0,COMPLETED,True,0.14330829799291678,8.074012999713887,9.51401999918744,17.731341296894243
421,9318.370526433253,9318.370607531,9318.370607531,9318.380917606,9318.390233028,1,COMPLETED,True,0.08109774717013352,10.310075000234065,9.315421999417595,19.706594746821793
422,9318.370880441162,9318.371025879,9318.371025879,9318.386301647,9318.395659267,0,COMPLETED,True,0.1454378380003618,15.275768000719836,9.357619999718736,24.778825838438934
423,9318.376827518006,9318.376937034,9318.376937034,9318.390570136,9318.399311467,1,COMPLETED,True,0.10951599324471317,13.633102000312647,8.741330999328056,22.483948992885416
424,9318.377841653313,9318.377939158,9318.377939158,9318.396065947,9318.405349301,0,COMPLETED,True,0.09750468598213047,18.126789000234567,9.283354000217514,27.50764768643421
425,9318.386612696637,9318.386648777,9318.386648777,9318.399643207,9318.408903983,1,COMPLETED,True,0.03608036240621004,12.994430000617285,9.260775999791804,22.2912863628153
426,9318.39755529523,9318.397819795,9318.397819795,9318.405701697,9318.415020381,0,COMPLETED,True,0.2644997694005724,7.881902000008267,9.318684000390931,17.46508576979977
427,9318.401761889783,9318.40196376,9318.40196376,9318.409255824,9318.41853438,1,COMPLETED,True,0.20187021618767176,7.292064001376275,9.278555999117089,16.772490216681035
428,9318.401983926082,9318.402082874,9318.402082874,9318.415377648,9318.424756426,0,COMPLETED,True,0.09894791764963884,13.294774000314646,9.3787780006096,22.772499918573885
429,9318.404298637171,9318.404515614,9318.404515614,9318.418910775,9318.428179131,1,COMPLETED,True,0.2169768285966711,14.395161000720691,9.2683559996658,23.880493828983163
430,9318.42280333196,9318.422982141,9318.422982141,9318.425126216,9318.434416761,0,COMPLETED,True,0.17880904124467634,2.144074998795986,9.290545000112616,11.613429040153278
431,9318.423551894835,9318.423694463,9318.423694463,9318.42854844,9318.437913872,1,COMPLETED,True,0.1425681639375398,4.853977001403109,9.365431998958229,14.361977164298878
432,9318.428245068997,9318.428442859,9318.428442859,9318.434811351,9318.444512301,0,COMPLETED,True,0.19779000285780057,6.368492000547121,9.70094999865978,16.267232002064702
433,9318.446133647367,9318.446282379,9318.446282379,9318.446675568,9318.456319419,1,COMPLETED,True,0.14873163308948278,0.39318900053331163,9.643850999054848,10.185771632677643
434,9318.448210769142,9318.448391879,9318.448391879,9318.449395786,9318.462710994,0,COMPLETED,True,0.18110985729435924,1.0039070002676453,13.315207999767154,14.500224857329158
435,9318.448486545907,9318.448510726,9318.448510726,9318.456547789,9318.465970787,1,COMPLETED,True,0.02418009353277739,8.037062998482725,9.42299800044566,17.48424109246116
436,9318.465725361197,9318.465823724,9318.465823724,9318.466322895,9318.475839398,0,COMPLETED,True,0.09836280332820024,0.4991709993191762,9.516502999758814,10.11403680240619
437,9318.469425789905,9318.469697769,9318.469697769,9318.470171336,9318.479455389,1,COMPLETED,True,0.27197909548704047,0.4735669990623137,9.284053001465509,10.029599096014863
438,9318.471683454462,9318.471841067,9318.471841067,9318.47626942,9318.485508054,0,COMPLETED,True,0.15761253780510742,4.428353000548668,9.238634000212187,13.824599538565963
439,9318.495685651817,9318.495780768,9318.495780768,9318.496269627,9318.508544034,1,COMPLETED,True,0.09511618372926023,0.48885899923334364,12.274407001314103,12.858382184276707
440,9318.497329683329,9318.497414568,9318.497414568,9318.497674701,9318.508681393,0,COMPLETED,True,0.08488467210554518,0.2601329997560242,11.006691998773022,11.351709670634591
441,9318.512302556133,9318.512395103,9318.512395103,9318.512796942,9318.52160679,1,COMPLETED,True,0.09254686665371992,0.40183899909607135,8.809848000964848,9.30423386671464
442,9318.523010168616,9318.523097962,9318.523097962,9318.523520112,9318.532853259,0,COMPLETED,True,0.08779338349995669,0.4221500003041001,9.333146999779274,9.84309038358333
443,9318.528362666999,9318.528460278,9318.528460278,9318.528848807,9318.538757333,1,COMPLETED,True,0.09761100045579951,0.38852900070196483,9.908526000799611,10.394666001957376
444,9318.568920884736,9318.569028457,9318.569028457,9318.569622733,9318.581309739,0,COMPLETED,True,0.10757226300484035,0.5942760017205728,11.687005999192479,12.388854263917892
445,9318.58007715432,9318.580170869,9318.580170869,9318.580622264,9318.590566624,1,COMPLETED,True,0.0937146796786692,0.4513950007094536,9.944359999281005,10.489469679669128
446,9318.588853760457,9318.588984711,9318.588984711,9318.589707549,9318.599941468,0,COMPLETED,True,0.13095054237055592,0.7228380000015022,10.233919001620961,11.08770754399302
447,9318.589111952617,9318.589471045,9318.589471045,9318.590887147,9318.600181938,1,COMPLETED,True,0.3590923824958736,1.416102000803221,9.294790999774705,11.0699853830738
448,9318.590766361991,9318.59111403,9318.59111403,9318.60014098,9318.609691279,0,COMPLETED,True,0.34766800854413304,9.026949999679346,9.550299000693485,18.924917008916964
449,9318.594437014413,9318.594595472,9318.594595472,9318.600568914,9318.609773951,1,COMPLETED,True,0.15845758571231272,5.973442001049989,9.205037000356242,15.336936587118544
450,9318.606470905566,9318.606584895,9318.606584895,9318.610048253,9318.619658038,0,COMPLETED,True,0.1139894338848535,3.4633579998626374,9.60978500006604,13.187132433813531
451,9318.617915825102,9318.618033184,9318.618033184,9318.61850811,9318.628222944,1,COMPLETED,True,0.11735889893316198,0.47492599878751207,9.714834000988049,10.307118898708723
452,9318.619447758634,9318.619588703,9318.619588703,9318.620121663,9318.630693358,0,COMPLETED,True,0.14094436664890964,0.5329599989636336,10.571695000180625,11.245599365793169
453,9318.620851253218,9318.62102122,9318.62102122,9318.628628742,9318.637735747,1,COMPLETED,True,0.16996678277791943,7.607522000398603,9.10700499844097,16.884493781617493
454,9318.62399679353,9318.624125195,9318.624125195,9318.63113661,9318.641886813,0,COMPLETED,True,0.12840146882808767,7.011415000306442,10.750203000498004,17.890019469632534
455,9318.631644147074,9318.631754506,9318.631754506,9318.638099048,9318.647459494,1,COMPLETED,True,0.11035892566724215,6.344542000078945,9.360445999845979,15.815346925592166
456,9318.634091430433,9318.634185678,9318.634185678,9318.642264401,9318.654273456,0,COMPLETED,True,0.09424756717635319,8.078722999925958,12.00905500081717,20.18202556791948
457,9318.647465506536,9318.647601518,9318.647601518,9318.648140691,9318.657539318,1,COMPLETED,True,0.13601146383734886,0.5391730010160245,9.398626998518012,10.073811463371385
458,9318.64764200227,9318.647693469,9318.647693469,9318.654659121,9318.664113994,0,COMPLETED,True,0.05146672992850654,6.965652000872069,9.454872999413055,16.47199173021363
459,9318.69061129718,9318.690713688,9318.690713688,9318.691223497,9318.704151778,1,COMPLETED,True,0.10239082075713668,0.5098090005049016,12.928280999403796,13.540480820665834
460,9318.691514659282,9318.691637351,9318.691637351,9318.692078406,9318.703479809,0,COMPLETED,True,0.12269171747902874,0.44105500091973227,11.401403000490973,11.965149718889734
461,9318.69197485128,9318.692103305,9318.692103305,9318.703834995,9318.715236391,0,COMPLETED,True,0.12845372111769393,11.73168999957852,11.401396001019748,23.261539721715963
462,9318.699341397987,9318.699469412,9318.699469412,9318.704602699,9318.717246572,1,COMPLETED,True,0.12801401317119598,5.133286998898257,12.643873000342865,17.905174012412317
463,9318.70372212064,9318.703779781,9318.703779781,9318.715541631,9318.726526062,0,COMPLETED,True,0.057660361562739126,11.761849998947582,10.984431000906625,22.803941361416946
464,9318.709141333571,9318.709309344,9318.709309344,9318.717737783,9318.729883783,1,COMPLETED,True,0.168010428751586,8.428438999544596,12.146000000939239,20.74244942923542
465,9318.709952540936,9318.710097061,9318.710097061,9318.726873025,9318.738677339,0,COMPLETED,True,0.14452006507781334,16.775963998952648,11.80431400098314,28.7247980650136
466,9318.718368675962,9318.718496726,9318.718496726,9318.730405816,9318.742545013,1,COMPLETED,True,0.1280500382563332,11.909090000699507,12.139196998759871,24.17633703771571
467,9318.720040907963,9318.7201251,9318.7201251,9318.739002766,9318.750069086,0,COMPLETED,True,0.08419203732046299,18.877665999752935,11.066319999372354,30.028178036445752
468,9318.72861981348,9318.7287149,9318.7287149,9318.742773214,9318.755566615,1,COMPLETED,True,0.0950865196500672,14.058314000067185,12.793400999726146,26.946801519443397
469,9318.733017460765,9318.733110118,9318.733110118,9318.750434898,9318.761136499,0,COMPLETED,True,0.09265723565476947,17.324779999398743,10.701601000619121,28.119038235672633
470,9318.751325547035,9318.751428658,9318.751428658,9318.756057253,9318.768106517,1,COMPLETED,True,0.1031109659379581,4.628594999303459,12.049263999870163,16.78096996511158
471,9318.752038917113,9318.752191507,9318.752191507,9318.761466852,9318.772507573,0,COMPLETED,True,0.1525898860563757,9.275345000787638,11.040720999517362,20.468655886361375
472,9318.755050074764,9318.755146678,9318.755146678,9318.768617391,9318.781207861,1,COMPLETED,True,0.09660323667048942,13.470713000060641,12.59046999985003,26.15778623658116
473,9318.762043409934,9318.762169237,9318.762169237,9318.772805705,9318.783463706,0,COMPLETED,True,0.12582706585817505,10.63646800139395,10.658000999683281,21.420296066935407
474,9318.764391888031,9318.764485571,9318.764485571,9318.781714023,9318.793807714,1,COMPLETED,True,0.09368296923639718,17.228451999471872,12.093691000700346,29.415825969408615
475,9318.783849637002,9318.7839493,9318.7839493,9318.784650446,9318.795528326,0,COMPLETED,True,0.09966299694497138,0.7011460002104286,10.877880000407458,11.678688997562858
476,9318.784126957094,9318.784454367,9318.784454367,9318.794257272,9318.806376567,1,COMPLETED,True,0.3274099053669488,9.802905000469764,12.11929499913822,22.249609904974932
477,9318.787254403744,9318.787343663,9318.787343663,9318.795890339,9318.807152124,0,COMPLETED,True,0.089259256128571,8.546676001060405,11.261784999078372,19.89772025626735
478,9318.790512452017,9318.790599389,9318.790599389,9318.806641334,9318.819743358,1,COMPLETED,True,0.08693698327988386,16.04194500032463,13.102024000545498,29.230905984150013
479,9318.791707483151,9318.791791612,9318.791791612,9318.807505747,9318.818554932,0,COMPLETED,True,0.08412884926656261,15.714134999143425,11.04918500095664,26.84744884936663
480,9318.799432710852,9318.799518244,9318.799518244,9318.818916711,9318.83005486,0,COMPLETED,True,0.08553314910386689,19.398466998609365,11.138149000544217,30.62214914825745
481,9318.80862862002,9318.808782292,9318.808782292,9318.820227182,9318.832396639,1,COMPLETED,True,0.15367198102467228,11.444889998529106,12.169457000709372,23.76801898026315
482,9318.813762726108,9318.813962382,9318.813962382,9318.830365793,9318.841327615,0,COMPLETED,True,0.19965589308412746,16.403410998464096,10.9618220012635,27.564888892811723
483,9318.814030733649,9318.814073243,9318.814073243,9318.832806115,9318.844910036,1,COMPLETED,True,0.042509351260378025,18.732872000327916,12.103920998924877,30.87930235051317
484,9318.818805276482,9318.818987321,9318.818987321,9318.841630593,9318.851967461,0,COMPLETED,True,0.18204451771453023,22.643272001005244,10.33686799928546,33.16218451800523
485,9318.819031150082,9318.819088279,9318.819088279,9318.84536662,9318.858088927,1,COMPLETED,True,0.057128918342641555,26.278340999851935,12.722306999421562,39.05777691761614
486,9318.827572997658,9318.827716446,9318.827716446,9318.852296801,9318.863090336,0,COMPLETED,True,0.14344834198709577,24.58035500058031,10.793535000630072,35.51733834319748
487,9318.829538307167,9318.829624219,9318.829624219,9318.858572202,9318.870646946,1,COMPLETED,True,0.08591183359385468,28.94798299894319,12.074743999619386,41.10863883215643
488,9318.829655897276,9318.829660985,9318.829660985,9318.863268627,9318.874020824,0,COMPLETED,True,0.005087724275654182,33.607641998969484,10.752197000329033,44.36492672357417
489,9318.8456711373,9318.845774062,9318.845774062,9318.87109933,9318.882274874,1,COMPLETED,True,0.1029246996040456,25.32526799950574,11.175544001162052,36.60373670027184
490,9318.877095513597,9318.877260739,9318.877260739,9318.87793859,9318.8879172,0,COMPLETED,True,0.1652254031796474,0.6778509996365756,9.978609999961918,10.821686402778141
491,9318.883953669265,9318.88411013,9318.88411013,9318.884897266,9318.897568514,1,COMPLETED,True,0.15646073552488815,0.7871359994169325,12.67124799960584,13.61484473454766
492,9318.885324449195,9318.8855085,9318.8855085,9318.888211105,9318.897607105,0,COMPLETED,True,0.1840508048189804,2.70260500110453,9.395999999469495,12.282655805393006
493,9318.892493752206,9318.892643953,9318.892643953,9318.897779024,9318.908711766,1,COMPLETED,True,0.1502007944509387,5.135071000040625,10.932741999567952,16.218013794059516
494,9318.897044479087,9318.897163612,9318.897163612,9318.897973341,9318.906937395,0,COMPLETED,True,0.11913291382370517,0.8097289992292644,8.964054000898614,9.892915913951583
495,9318.903005819318,9318.90315555,9318.90315555,9318.907305072,9318.916353179,0,COMPLETED,True,0.14973068209656049,4.149521999352146,9.048107000126038,13.347359681574744
496,9318.920348740197,9318.920514237,9318.920514237,9318.921313697,9318.930776149,1,COMPLETED,True,0.16549680185562465,0.7994600000529317,9.46245200066187,10.427408802570426
497,9318.92811323999,9318.928284129,9318.928284129,9318.929029459,9318.938201903,0,COMPLETED,True,0.17088901040551718,0.7453299986082129,9.172444000796531,10.088663009810261
498,9318.938340505034,9318.938632132,9318.938632132,9318.939256868,9318.948561194,1,COMPLETED,True,0.29162696591811255,0.6247359997360036,9.304326000346919,10.220688966001035
499,9318.943701570439,9318.943863497,9318.943863497,9318.944406406,9318.95651196,0,COMPLETED,True,0.16192656039493158,0.5429090015240945,12.1055539984809,12.810389560399926
500,9318.96379960765,9318.963975675,9318.963975675,9318.964501256,9318.973556751,1,COMPLETED,True,0.1760673494572984,0.5255809992377181,9.055495000211522,9.757143348906538
501,9318.964511762177,9318.964650121,9318.964650121,9318.965053225,9318.974856981,0,COMPLETED,True,0.1383588241878897,0.4031039989058627,9.803756000110297,10.34521882320405
502,9318.9743610784,9318.974458365,9318.974458365,9318.974822599,9318.983647075,1,COMPLETED,True,0.09728660006658174,0.36423399978957605,8.824475999062997,9.285996598919155
503,9318.988561755657,9318.988688033,9318.988688033,9318.989181071,9318.998816399,0,COMPLETED,True,0.1262773421331076,0.493038000058732,9.635328000513255,10.254643342705094
504,9318.989633888736,9318.989763914,9318.989763914,9318.990091237,9318.999199484,1,COMPLETED,True,0.13002526429772843,0.3273229995102156,9.108247000767733,9.565595264575677
505,9319.001129019476,9319.001224946,9319.001224946,9319.001636349,9319.01258811,0,COMPLETED,True,0.09592652349965647,0.411402999816346,10.951760999887483,11.459090523203486
506,9319.001485252313,9319.001617668,9319.001617668,9319.002035461,9319.014301727,1,COMPLETED,True,0.1324156874034088,0.41779300045163836,12.2662659996422,12.816474687497248
507,9319.00525459066,9319.005354257,9319.005354257,9319.012910491,9319.02332117,0,COMPLETED,True,0.0996663402474951,7.556233998911921,10.410679000415257,18.066579339574673
508,9319.009901371137,9319.009997185,9319.009997185,9319.014742136,9319.026591102,1,COMPLETED,True,0.09581386257195845,4.744951000247966,11.848965999888605,16.68973086270853
509,9319.011635611114,9319.01181199,9319.01181199,9319.023657886,9319.034132056,0,COMPLETED,True,0.1763788859534543,11.845896000522771,10.474169999724836,22.49644488620106
510,9319.02217097673,9319.022376933,9319.022376933,9319.027077211,9319.038965113,1,COMPLETED,True,0.20595627029251773,4.700277999290847,11.8879020010354,16.794136270618765
511,9319.033844355417,9319.03395098,9319.03395098,9319.034458425,9319.044022247,0,COMPLETED,True,0.10662458225851879,0.5074450000392972,9.563822000927757,10.177891583225573
512,9319.051659053268,9319.051787813,9319.051787813,9319.052275904,9319.062904428,1,COMPLETED,True,0.12875973152404185,0.48809100007929374,10.628523999912431,11.245374731515767
513,9319.054414337306,9319.054503595,9319.054503595,9319.055286438,9319.067618596,0,COMPLETED,True,0.08925769361667335,0.7828430007066345,12.332157999480842,13.20425869380415
514,9319.054848837832,9319.054932622,9319.054932622,9319.063182955,9319.073540461,1,COMPLETED,True,0.0837841689644847,8.25033299952338,10.357506000218564,18.69162316870643
515,9319.084872584623,9319.084970724,9319.084970724,9319.08573652,9319.09813562,0,COMPLETED,True,0.0981393768597627,0.765796001360286,12.399100000038743,13.263035378258792
516,9319.086875473891,9319.086977026,9319.086977026,9319.087524115,9319.099338581,1,COMPLETED,True,0.10155210839002393,0.5470890009746654,11.814465999123058,12.463107108487748
517,9319.092819017647,9319.092913047,9319.092913047,9319.098656698,9319.110124992,0,COMPLETED,True,0.09402935211255681,5.743650999647798,11.468294000223977,17.305974351984332
518,9319.098182346665,9319.098287177,9319.098287177,9319.09984637,9319.109949692,1,COMPLETED,True,0.10483033474883996,1.5591930005030008,10.103321999849868,11.767345335101709
519,9319.105058391768,9319.105174132,9319.105174132,9319.110330064,9319.119830568,1,COMPLETED,True,0.11574023301363923,5.155931999979657,9.500504000243382,14.772176233236678
520,9319.105501597178,9319.105673571,9319.105673571,9319.110481118,9319.120508619,0,COMPLETED,True,0.17197382294398267,4.807546998563339,10.027501000877237,15.007021822384559
521,9319.109147696481,9319.10927488,9319.10927488,9319.120031342,9319.129598987,1,COMPLETED,True,0.12718351899820846,10.756461999335443,9.56764500006102,20.45129051839467
522,9319.123545424422,9319.123669138,9319.123669138,9319.124255889,9319.133552425,0,COMPLETED,True,0.12371357843221631,0.5867510008101817,9.296535999965272,10.00700057920767
523,9319.14350182676,9319.143545538,9319.143545538,9319.14429602,9319.153341762,1,COMPLETED,True,0.04371123941382393,0.7504820005124202,9.045741999216261,9.839935239142505
524,9319.146158949034,9319.146319002,9319.146319002,9319.147015118,9319.156395532,0,COMPLETED,True,0.16005296674848069,0.6961159997445066,9.38041399967915,10.236582966172136
525,9319.149695408662,9319.149851263,9319.149851263,9319.153702379,9319.162656603,1,COMPLETED,True,0.15585433902742807,3.8511160000780364,8.954224000262911,12.961194339368376
526,9319.150080759935,9319.150455015,9319.150455015,9319.156778806,9319.165927435,0,COMPLETED,True,0.37425506525323726,6.323790999886114,9.148629000264918,15.84667506540427
527,9319.156305992024,9319.156461085,9319.156461085,9319.163029034,9319.172109684,1,COMPLETED,True,0.1550929755467223,6.567948999872897,9.080649999305024,15.803691974724643
528,9319.15770830352,9319.157853935,9319.157853935,9319.166281234,9319.175704337,0,COMPLETED,True,0.14563147851731628,8.427299000686617,9.42310299978999,17.996033478993922
529,9319.167566087719,9319.167732202,9319.167732202,9319.17247597,9319.18161538,1,COMPLETED,True,0.16611428145552054,4.743767998661497,9.139409999988857,14.049292280105874
530,9319.182818503285,9319.183071884,9319.183071884,9319.183695521,9319.194342621,0,COMPLETED,True,0.2533807146392064,0.6236370008991798,10.647099999914644,11.52411771545303
531,9319.184616972148,9319.184758324,9319.184758324,9319.18539968,9319.197428255,1,COMPLETED,True,0.14135185119812377,0.6413560004148167,12.028574999931152,12.811282851544092
532,9319.186317385422,9319.186482132,9319.186482132,9319.19469162,9319.205529908,0,COMPLETED,True,0.1647465778660262,8.209487999920384,10.838288000741159,19.21252257852757
533,9319.189900169142,9319.19006494,9319.19006494,9319.197894677,9319.209439165,1,COMPLETED,True,0.16477085773658473,7.829737000065506,11.5444880011637,19.53899585896579
534,9319.207332735774,9319.207595625,9319.207595625,9319.208284401,9319.219226314,0,COMPLETED,True,0.2628892252687365,0.6887760009703925,10.941913000351633,11.893578226590762
535,9319.209042031063,9319.209203663,9319.209203663,9319.209924203,9319.222018596,1,COMPLETED,True,0.16163193686224986,0.720539999747416,12.094392999642878,12.976564936252544
536,9319.211797427055,9319.21195752,9319.21195752,9319.219392594,9319.230663735,0,COMPLETED,True,0.16009294449759182,7.4350739996589255,11.271141000179341,18.86630794433586
537,9319.212992556602,9319.213131934,9319.213131934,9319.222492008,9319.235055098,1,COMPLETED,True,0.13937739822722506,9.360074000142049,12.563090000185184,22.06254139855446
538,9319.218077000727,9319.218262948,9319.218262948,9319.230983788,9319.241647468,0,COMPLETED,True,0.18594727225718088,12.720840000838507,10.663679999197484,23.570467272293172
539,9319.21930933374,9319.219461459,9319.219461459,9319.235586673,9319.247936031,1,COMPLETED,True,0.15212526159302797,16.125213998748222,12.34935800130188,28.62669726164313
540,9319.225048742921,9319.225204467,9319.225204467,9319.241927102,9319.253224742,0,COMPLETED,True,0.15572407937725075,16.722635000405717,11.29763999961142,28.175999079394387
541,9319.225559749873,9319.22569096,9319.22569096,9319.248483297,9319.26137315,1,COMPLETED,True,0.13121012671035714,22.792337000282714,12.889853000160656,35.81340012715373
542,9319.232280366896,9319.232438059,9319.232438059,9319.253534349,9319.264686823,0,COMPLETED,True,0.15769210403959733,21.096290000059525,11.15247400048247,32.40645610458159
543,9319.233246194248,9319.233347677,9319.233347677,9319.261903805,9319.273988088,1,COMPLETED,True,0.10148275214305613,28.556127999763703,12.084283000149298,40.74189375205606
544,9319.258404544526,9319.258568587,9319.258568587,9319.264984096,9319.275694699,0,COMPLETED,True,0.16404247435275465,6.415509000362363,10.710602999097318,17.290154473812436
545,9319.261651675926,9319.261792183,9319.261792183,9319.274440003,9319.286630312,1,COMPLETED,True,0.1405070743203396,12.647819999983767,12.190309000288835,24.97863607459294
546,9319.271334370229,9319.271501536,9319.271501536,9319.276099809,9319.286759004,0,COMPLETED,True,0.16716577192710247,4.598272998919128,10.659195000698674,15.424633771544904
547,9319.283687240648,9319.283853851,9319.283853851,9319.287083988,9319.298134117,1,COMPLETED,True,0.16661035260767676,3.2301369992637774,11.05012900006841,14.446876351939864
548,9319.293549964359,9319.293849571,9319.293849571,9319.294484983,9319.307293092,0,COMPLETED,True,0.29960664141981397,0.6354119996103691,12.808109000616241,13.743127641646424
549,9319.299399911235,9319.299567708,9319.299567708,9319.300216794,9319.311482067,1,COMPLETED,True,0.1677967647992773,0.649085999611998,11.265273000390152,12.082155764801428
550,9319.302297234086,9319.302459864,9319.302459864,9319.307482292,9319.318664948,0,COMPLETED,True,0.16262991448456887,5.02242800030217,11.182655998709379,16.367713913496118
551,9319.305946167795,9319.306108714,9319.306108714,9319.311964934,9319.321885294,1,COMPLETED,True,0.1625462045922177,5.856220001078327,9.920360000251094,15.939126205921639
552,9319.310596700861,9319.310639831,9319.310639831,9319.319033826,9319.328313094,0,COMPLETED,True,0.04313013778300956,8.393995000005816,9.27926800068235,17.716393138471176
553,9319.314918487677,9319.315175477,9319.315175477,9319.322288021,9319.33144792,1,COMPLETED,True,0.2569893240433885,7.112543999028276,9.159899000223959,16.529432323295623
554,9319.32230469111,9319.322464333,9319.322464333,9319.328675922,9319.337659303,0,COMPLETED,True,0.15964188969519455,6.211588999576634,8.9833810015989,15.354611890870729
555,9319.326762313549,9319.326920715,9319.326920715,9319.331606331,9319.341102173,1,COMPLETED,True,0.1584014516993193,4.685615998823778,9.49584200134268,14.339859451865777
556,9319.328370951922,9319.328514074,9319.328514074,9319.338008272,9319.34733651,0,COMPLETED,True,0.14312207895272877,9.494197998719756,9.328238000307465,18.96555807797995
557,9319.33291577062,9319.332975344,9319.332975344,9319.341452675,9319.35047788,1,COMPLETED,True,0.05957337998552248,8.477331000904087,9.025204999488778,17.562109380378388
558,9319.335213499771,9319.335303935,9319.335303935,9319.347701868,9319.357076101,0,COMPLETED,True,0.09043522913998459,12.397933000102057,9.374232999107335,21.862601228349376
559,9319.336165848374,9319.336334684,9319.336334684,9319.350825085,9319.359579795,1,COMPLETED,True,0.1688356260274304,14.490401001239661,8.754709999266197,23.41394662653329
560,9319.345171899913,9319.345255736,9319.345255736,9319.357431886,9319.366460459,0,COMPLETED,True,0.08383608656004071,12.17614999950456,9.028573000250617,21.288559086315217
561,9319.346749083119,9319.346996845,9319.346996845,9319.359940062,9319.36888025,1,COMPLETED,True,0.24776188183750492,12.94321699970169,8.940187999542104,22.1311668810813
562,9319.353714269595,9319.353915571,9319.353915571,9319.366840697,9319.375710321,0,COMPLETED,True,0.20130140546825714,12.925125998663134,8.869623999999021,21.996051404130412
563,9319.35714017379,9319.357347649,9319.357347649,9319.369244713,9319.37836449,1,COMPLETED,True,0.20747521011799108,11.897063999640523,9.119776999796159,21.224316209554672
564,9319.359717938656,9319.359885678,9319.359885678,9319.376119864,9319.3853027,0,COMPLETED,True,0.16773934476077557,16.234185999564943,9.182836000036332,25.58476134436205
565,9319.377719164002,9319.377892595,9319.377892595,9319.378755884,9319.387688821,1,COMPLETED,True,0.17343099716526922,0.8632890003354987,8.932937000281527,9.969656997782295
566,9319.387449833364,9319.387614321,9319.387614321,9319.38822162,9319.397069769,0,COMPLETED,True,0.16448763562948443,0.6072989999665879,8.848149000186822,9.619935635782895
567,9319.391157221515,9319.391311039,9319.391311039,9319.391945485,9319.400849101,1,COMPLETED,True,0.15381748562504072,0.6344459998217644,8.903616000679904,9.691879486126709
568,9319.399193070607,9319.399348826,9319.399348826,9319.399985689,9319.409348587,0,COMPLETED,True,0.1557553932798328,0.63686300018162,9.362897999380948,10.1555163928424
569,9319.402844961372,9319.403010114,9319.403010114,9319.403688363,9319.416640075,1,COMPLETED,True,0.16515262723260093,0.6782489999750396,12.951712000358384,13.795113627566025
570,9319.407382691243,9319.407471477,9319.407471477,9319.4096959,9319.418704995,0,COMPLETED,True,0.08878575681592338,2.2244230003707344,9.009094999782974,11.322303756969632
571,9319.433188395713,9319.433275419,9319.433275419,9319.434064046,9319.444830332,1,COMPLETED,True,0.0870232870511245,0.7886269995651674,10.766286000944092,11.641936287560384
572,9319.452815096685,9319.452911913,9319.452911913,9319.453341518,9319.462870308,0,COMPLETED,True,0.09681631490821019,0.42960499922628514,9.528790000331355,10.05521131446585
573,9319.468049699419,9319.468147202,9319.468147202,9319.468583829,9319.477785113,1,COMPLETED,True,0.09750258141139057,0.4366270004538819,9.201283999573207,9.735413581438479
574,9319.481417808476,9319.481508587,9319.481508587,9319.481935903,9319.492238169,0,COMPLETED,True,0.09077852337213699,0.4273160011507571,10.302265998689109,10.820360523212003
575,9319.485632236301,9319.485744198,9319.485744198,9319.486104089,9319.496865245,1,COMPLETED,True,0.11196169907634612,0.359890998879564,10.76115600153571,11.23300869949162
576,9319.487819075423,9319.487881969,9319.487881969,9319.492552243,9319.503356725,0,COMPLETED,True,0.06289357770583592,4.670274000091013,10.804481999002746,15.537649576799595
577,9319.49418096936,9319.494272475,9319.494272475,9319.497229923,9319.5079639,1,COMPLETED,True,0.0915056407393422,2.9574479995062575,10.733977000199957,13.782930640445556
578,9319.494605363134,9319.494690951,9319.494690951,9319.503671788,9319.513841299,0,COMPLETED,True,0.08558786612411495,8.980836999398889,10.169511000640341,19.235935866163345
579,9319.510001666144,9319.510094296,9319.510094296,9319.510517274,9319.520754117,1,COMPLETED,True,0.0926298562262673,0.42297800064261537,10.23684299980232,10.752450856671203
580,9319.516480441473,9319.516564756,9319.516564756,9319.517072295,9319.529176689,0,COMPLETED,True,0.08431452806689776,0.5075389999547042,12.104393999834429,12.69624752785603
581,9319.51993455918,9319.520164787,9319.520164787,9319.521063663,9319.532042996,1,COMPLETED,True,0.230227820793516,0.8988760000647744,10.97933299934084,12.108436820199131
582,9319.531722388416,9319.531823523,9319.531823523,9319.532518044,9319.544339931,0,COMPLETED,True,0.10113458483829163,0.6945209988771239,11.821887001133291,12.617542584848707
583,9319.533035987983,9319.533153532,9319.533153532,9319.533531115,9319.54454485,1,COMPLETED,True,0.11754401748476084,0.377582999135484,11.013735000233282,11.508862016853527
584,9319.535821621455,9319.535990602,9319.535990602,9319.544723346,9319.555327943,0,COMPLETED,True,0.1689805449132109,8.732743999644299,10.604597000565263,19.506321545122773
585,9319.544444629302,9319.544560714,9319.544560714,9319.545389552,9319.556246911,1,COMPLETED,True,0.11608469867496751,0.8288379995065043,10.85735899869178,11.802281696873251
586,9319.555781255594,9319.555925993,9319.555925993,9319.556463293,9319.56785672,0,COMPLETED,True,0.14473740520770662,0.5373000003601192,11.393426999347867,12.075464404915692
587,9319.557420204184,9319.557558128,9319.557558128,9319.558029732,9319.569356854,1,COMPLETED,True,0.1379238165100105,0.4716039984486997,11.32712199978414,11.93664981474285
588,9319.577326563556,9319.577461124,9319.577461124,9319.577950141,9319.588830871,0,COMPLETED,True,0.1345604432572145,0.48901700029091444,10.880730000280892,11.50430744382902
589,9319.579784448248,9319.579912114,9319.579912114,9319.58022692,9319.590970168,1,COMPLETED,True,0.1276657530979719,0.3148059986415319,10.743247999926098,11.185719751665602
590,9319.583002210638,9319.583139205,9319.583139205,9319.589139897,9319.599251853,0,COMPLETED,True,0.13699436203751247,6.000691999361152,10.111956000400824,16.249642361799488
591,9319.592569556131,9319.592667805,9319.592667805,9319.593184473,9319.603512365,1,COMPLETED,True,0.09824886910791975,0.5166680002730573,10.327891999622807,10.942808869003784
592,9319.613704079024,9319.613970327,9319.613970327,9319.614618743,9319.625833449,0,COMPLETED,True,0.2662479764694581,0.6484160003310535,11.214705999009311,12.129369975809823
593,9319.614538182042,9319.614687428,9319.614687428,9319.615089028,9319.625914705,1,COMPLETED,True,0.14924595780030359,0.40160000025935005,10.825676999957068,11.376522958016722
594,9319.626178954257,9319.626683294,9319.626683294,9319.627253275,9319.637226161,0,COMPLETED,True,0.5043397432018537,0.569981000808184,9.972885998649872,11.04720674265991
595,9319.632244109654,9319.632390768,9319.632390768,9319.632968289,9319.642865061,1,COMPLETED,True,0.1466583453293424,0.5775209992862074,9.896772000502096,10.620951345117646
596,9319.646874485265,9319.647129416,9319.647129416,9319.648012847,9319.659154762,0,COMPLETED,True,0.25493073553661816,0.883430999238044,11.14191499982553,12.280276734600193
597,9319.648052607447,9319.648234855,9319.648234855,9319.648850729,9319.659890907,1,COMPLETED,True,0.18224755331175402,0.61587399977725,11.040178000257583,11.838299553346587
598,9319.65592475608,9319.656095494,9319.656095494,9319.659318697,9319.670196382,0,COMPLETED,True,0.17073791968869045,3.223203000743524,10.87768499928643,14.271625919718645
599,9319.657729336695,9319.657876435,9319.657876435,9319.660064136,9319.67107471,1,COMPLETED,True,0.14709830429637805,2.18770100036636,11.010574000465567,13.345373305128305
600,9319.65945180703,9319.659607597,9319.659607597,9319.670550049,9319.681373901,0,COMPLETED,True,0.1557899686304154,10.942452001472702,10.823851998793543,21.92209396889666
601,9319.670960715695,9319.671124811,9319.671124811,9319.671807484,9319.682368146,1,COMPLETED,True,0.16409530508099124,0.6826729986642022,10.560661999988952,11.407430303734145
602,9319.691976300102,9319.692236799,9319.692236799,9319.692862422,9319.702701998,0,COMPLETED,True,0.2604988967505051,0.6256230008148123,9.839575999649242,10.725697897214559
603,9319.698298133148,9319.698554397,9319.698554397,9319.699012265,9319.709870865,1,COMPLETED,True,0.2562638528615935,0.4578680000122404,10.85859999875538,11.572731851629214
604,9319.701054821786,9319.701206756,9319.701206756,9319.703009611,9319.713508705,0,COMPLETED,True,0.15193421495496295,1.8028549984592246,10.499093999897013,12.453883213311201
605,9319.705886781174,9319.706064905,9319.706064905,9319.710169531,9319.721008608,1,COMPLETED,True,0.1781238261173712,4.1046259993891,10.839077000127872,15.121826825634344
606,9319.70624214188,9319.706637975,9319.706637975,9319.713827618,9319.724925455,0,COMPLETED,True,0.39583311991009396,7.189642999946955,11.097837001216249,18.683313121073297
607,9319.707674002337,9319.707851758,9319.707851758,9319.721279243,9319.731865638,1,COMPLETED,True,0.17775566266209353,13.42748500064772,10.586394999336335,24.19163566264615
608,9319.713748321237,9319.714036533,9319.714036533,9319.725224315,9319.735813119,0,COMPLETED,True,0.2882117623812519,11.187781999979052,10.588803999780794,22.064797762141097
609,9319.716174328669,9319.716331037,9319.716331037,9319.732156527,9319.742725305,1,COMPLETED,True,0.1567083309055306,15.82548999977007,10.568777999651502,26.550976330327103
610,9319.719079422819,9319.719288452,9319.719288452,9319.736112507,9319.747333124,0,COMPLETED,True,0.20902918004139792,16.82405500105233,11.220616999708,28.253701180801727
611,9319.72602060007,9319.726229348,9319.726229348,9319.743079064,9319.753769646,1,COMPLETED,True,0.20874792971881106,16.849715999342152,10.690582001188886,27.74904593024985
612,9319.727330696567,9319.727477306,9319.727477306,9319.747661999,9319.758456701,0,COMPLETED,True,0.14660943270428106,20.18469299946446,10.794702000566758,31.1260044327355
613,9319.727334451158,9319.727570579,9319.727570579,9319.754111143,9319.764645419,1,COMPLETED,True,0.23612784207216464,26.54056400024274,10.5342759998166,37.310967842131504
614,9319.74193784174,9319.742105348,9319.742105348,9319.758780372,9319.769545051,0,COMPLETED,True,0.1675062594586052,16.6750240005058,10.764679000203614,27.60720926016802
615,9319.744486527925,9319.744642545,9319.744642545,9319.764960216,9319.774999853,1,COMPLETED,True,0.1560170749144163,20.317671000157134,10.039636999863433,30.513325074934983
616,9319.7736628716,9319.773804961,9319.773804961,9319.774407895,9319.785041375,0,COMPLETED,True,0.1420894004695583,0.6029340001987293,10.633480000251438,11.378503400919726
617,9319.776781081713,9319.776914418,9319.776914418,9319.777508995,9319.787779271,1,COMPLETED,True,0.1333362870354904,0.5945769989921246,10.27027600139263,10.998189287420246
618,9319.790146418523,9319.79031556,9319.79031556,9319.790967608,9319.80030609,0,COMPLETED,True,0.16914147636271082,0.6520480001199758,9.338481999293435,10.159671475776122
619,9319.818263121384,9319.81841598,9319.81841598,9319.819078133,9319.829317334,1,COMPLETED,True,0.15285861627489794,0.6621529992116848,10.239201001240872,11.054212616727455
620,9319.82158281387,9319.821747259,9319.821747259,9319.822319362,9319.832420973,0,COMPLETED,True,0.16444513130409177,0.572102999285562,10.101611000209232,10.838159130798886
621,9319.841700923169,9319.841732885,9319.841732885,9319.8423792,9319.852999225,1,COMPLETED,True,0.03196183024556376,0.6463150002673501,10.620025001117028,11.298301831629942
622,9319.84300014045,9319.843172444,9319.843172444,9319.843614361,9319.854178684,0,COMPLETED,True,0.17230354933417402,0.4419169999891892,10.564322999925935,11.178543549249298
623,9319.864068090235,9319.864229847,9319.864229847,9319.864886156,9319.875355888,1,COMPLETED,True,0.1617567650100682,0.6563089991686866,10.469732000274234,11.28779776445299
624,9319.865750359544,9319.865887697,9319.865887697,9319.866484598,9319.878954785,0,COMPLETED,True,0.13733745618083049,0.5969009998807451,12.470186999053112,13.204425455114688
625,9319.871250873213,9319.87139842,9319.87139842,9319.875722453,9319.885424154,1,COMPLETED,True,0.1475467870477587,4.324032999647898,9.701700999357854,14.17328078605351
626,9319.886219414704,9319.886383267,9319.886383267,9319.887032286,9319.898073876,0,COMPLETED,True,0.16385229537263513,0.6490190007752972,11.041589999877033,11.854461296024965
627,9319.887927287258,9319.888173613,9319.888173613,9319.888647453,9319.899179838,1,COMPLETED,True,0.24632574240968097,0.4738400002679555,10.532384998441557,11.252550741119194
628,9319.88806175144,9319.888300517,9319.888300517,9319.898468317,9319.909412975,0,COMPLETED,True,0.2387655586062465,10.167800000999705,10.944657999061747,21.351223558667698
629,9319.889955959829,9319.890206879,9319.890206879,9319.899488845,9319.910123044,1,COMPLETED,True,0.2509191708668368,9.281966000344255,10.634198999468936,20.167084170680027
630,9319.891218034008,9319.891364558,9319.891364558,9319.909778116,9319.920419358,0,COMPLETED,True,0.1465239911340177,18.413558000247576,10.641242000929196,29.20132399231079
631,9319.8932049475,9319.893340841,9319.893340841,9319.910496658,9319.921420737,1,COMPLETED,True,0.1358934987365501,17.15581700045732,10.924079000687925,28.215789499881794
632,9319.902819650597,9319.902976212,9319.902976212,9319.920756629,9319.931453831,0,COMPLETED,True,0.1565614038554486,17.780416999812587,10.697202000301331,28.634180403969367
633,9319.906027466786,9319.906170125,9319.906170125,9319.921773541,9319.932413311,1,COMPLETED,True,0.14265821300796233,15.603416000885773,10.639770000125282,26.385844214019016
634,9319.908677744188,9319.908814823,9319.908814823,9319.931759095,9319.942631328,0,COMPLETED,True,0.1370788122585509,22.94427199922211,10.872233000554843,33.953583812035504
635,9319.921015409182,9319.921175255,9319.921175255,9319.93277035,9319.943221249,1,COMPLETED,True,0.15984581841621548,11.595095000302535,10.450898998897173,22.205839817615924
636,9319.923929961955,9319.924117507,9319.924117507,9319.942932642,9319.953869482,0,COMPLETED,True,0.1875450452644145,18.81513499938592,10.9368400007952,29.939520045445533
637,9319.92474503117,9319.924893508,9319.924893508,9319.943555836,9319.95429254,1,COMPLETED,True,0.14847682905383408,18.662328000573325,10.736704000009922,29.54750882963708
638,9319.926846681445,9319.927096694,9319.927096694,9319.954227059,9319.965228412,0,COMPLETED,True,0.2500125556252897,27.130364998811274,11.001353001120151,38.381730555556715
639,9319.928153373783,9319.928294934,9319.928294934,9319.954649142,9319.965810534,1,COMPLETED,True,0.14156021643429995,26.35420800106658,11.161391999849002,37.65716021734988
640,9319.93188618133,9319.932109433,9319.932109433,9319.965566048,9319.976499593,0,COMPLETED,True,0.2232516708318144,33.45661499952257,10.933544999716105,44.61341167007049
641,9319.93421364504,9319.934466975,9319.934466975,9319.96596056,9319.977279745,1,COMPLETED,True,0.2533299611968687,31.49358500013477,11.319184999592835,43.066099960924475
642,9319.937680321149,9319.937892111,9319.937892111,9319.976863954,9319.98796706,0,COMPLETED,True,0.21178985116421245,38.971842999671935,11.103106000518892,50.28673885135504
643,9319.944673487003,9319.944803719,9319.944803719,9319.977631007,9319.988452128,1,COMPLETED,True,0.13023199608142022,32.827287999680266,10.821121000844869,43.778640996606555
644,9319.945806265654,9319.945933045,9319.945933045,9319.988361308,9319.999104521,0,COMPLETED,True,0.12677934682869818,42.42826299923763,10.743213000750984,53.298255346817314
645,9319.962537302197,9319.962679796,9319.962679796,9319.988784093,9319.999477365,1,COMPLETED,True,0.14249380365072284,26.10429699961969,10.693271999116405,36.94006280238682
646,9319.965765984727,9319.965907202,9319.965907202,9319.999442783,9320.011233004,0,COMPLETED,True,0.14121727326710243,33.53558100025111,11.790220998591394,45.46701927210961
647,9319.98869415943,9319.989008643,9319.989008643,9319.999776844,9320.011130459,1,COMPLETED,True,0.3144835700368276,10.768201000246336,11.353614998370176,22.43629956865334
648,9319.999841908995,9319.999962136,9319.999962136,9320.011471245,9320.021940591,1,COMPLETED,True,0.12022700502711814,11.50910899923474,10.469345999808866,22.098682004070724
649,9320.014168384012,9320.014352485,9320.014352485,9320.015022344,9320.025294072,0,COMPLETED,True,0.18410098709864542,0.6698590004816651,10.271728000589064,11.125687988169375
650,9320.038832260974,9320.038922408,9320.038922408,9320.039449398,9320.048302627,1,COMPLETED,True,0.09014702663989738,0.5269899993436411,8.85322899921448,9.470366025198018
651,9320.053000572245,9320.053153224,9320.053153224,9320.053609462,9320.06270122,0,COMPLETED,True,0.1526517553429585,0.4562379999697441,9.091758000067784,9.700647755380487
652,9320.062129858157,9320.062243579,9320.062243579,9320.062793935,9320.072326739,1,COMPLETED,True,0.11372084190952592,0.5503560005308827,9.532804000627948,10.196880843068357
653,9320.067326394157,9320.067438201,9320.067438201,9320.067965365,9320.078510924,0,COMPLETED,True,0.11180684305145405,0.5271640002320055,10.545559000092908,11.184529843376367
654,9320.069871882286,9320.070017524,9320.070017524,9320.072676003,9320.083435164,1,COMPLETED,True,0.14564171397069003,2.6584789993648883,10.759161001260509,13.563281714596087
655,9320.072011613513,9320.07211411,9320.07211411,9320.078651998,9320.088781298,0,COMPLETED,True,0.10249648767057806,6.537887999002123,10.129300000699004,16.769684487371705
656,9320.086067170667,9320.086247661,9320.086247661,9320.086887352,9320.096507533,1,COMPLETED,True,0.18049033315037377,0.6396909993782174,9.620181001082528,10.44036233361112
657,9320.094607163725,9320.094761294,9320.094761294,9320.095601862,9320.109088454,0,COMPLETED,True,0.15413027540489566,0.8405680000578286,13.486592000845121,14.481290276307845
658,9320.111392128869,9320.111599752,9320.111599752,9320.112282729,9320.121170151,1,COMPLETED,True,0.20762313033628743,0.6829770009062486,8.887422000043443,9.77802213128598
659,9320.132348373374,9320.132515403,9320.132515403,9320.133275493,9320.144705506,0,COMPLETED,True,0.16702962602721527,0.7600900007673772,11.430012998971506,12.357132625766098
660,9320.134087938864,9320.134225535,9320.134225535,9320.134736803,9320.145450933,1,COMPLETED,True,0.13759613466390874,0.5112680009915493,10.71412999954191,11.362994135197368
661,9320.135372326564,9320.135642129,9320.135642129,9320.145172603,9320.15685513,0,COMPLETED,True,0.269802436378086,9.530474000712275,11.682526999720722,21.482803436811082
662,9320.139836026781,9320.13998025,9320.13998025,9320.14559907,9320.156931154,1,COMPLETED,True,0.14422321874008048,5.618819999654079,11.33208400096919,17.09512721936335
663,9320.141034385706,9320.141181957,9320.141181957,9320.157273832,9320.166163025,0,COMPLETED,True,0.14757129429199267,16.091874998892308,8.889193000868545,25.128639294052846
664,9320.164814726233,9320.165042941,9320.165042941,9320.165681679,9320.176430705,1,COMPLETED,True,0.22821476704848465,0.6387379999068798,10.749025999757578,11.615978766712942
665,9320.16633212777,9320.166818827,9320.166818827,9320.167330672,9320.178054367,0,COMPLETED,True,0.4866992294410011,0.5118450008012587,10.723694998887368,11.722239229129627
666,9320.171370220372,9320.171517573,9320.171517573,9320.176591536,9320.188064213,1,COMPLETED,True,0.1473526281188242,5.073962998721981,11.472677000710974,16.69399262755178
667,9320.17187744981,9320.172147933,9320.172147933,9320.178372971,9320.189700311,0,COMPLETED,True,0.2704831913433736,6.225037999683991,11.327340000207187,17.82286119123455
668,9320.172051785032,9320.172310549,9320.172310549,9320.188309643,9320.199738179,1,COMPLETED,True,0.2587639683042653,15.999093999198521,11.4285360014037,27.686393968906486
669,9320.180509811964,9320.180652688,9320.180652688,9320.189856816,9320.201019109,0,COMPLETED,True,0.14287603517004754,9.204128000419587,11.16229299987026,20.509297035459895
670,9320.197229285506,9320.197389608,9320.197389608,9320.200032463,9320.210894573,1,COMPLETED,True,0.1603224936843617,2.642855000885902,10.862109998925007,13.66528749349527
671,9320.197567116029,9320.197969867,9320.197969867,9320.201386241,9320.212271814,0,COMPLETED,True,0.4027509712614119,3.416374000153155,10.885572999541182,14.704697970955749
672,9320.20773616964,9320.207888406,9320.207888406,9320.21119593,9320.220348274,1,COMPLETED,True,0.15223636000882834,3.3075240007747198,9.152344000540324,12.612104361323873
673,9320.246651772542,9320.246785941,9320.246785941,9320.247535751,9320.258865501,0,COMPLETED,True,0.13416845831670798,0.7498099985241424,11.329750001095817,12.213728457936668
674,9320.248260944687,9320.248392009,9320.248392009,9320.248827898,9320.259410644,1,COMPLETED,True,0.1310643128817901,0.4358890000730753,10.582745999272447,11.149699312227312
675,9320.248834942306,9320.248962756,9320.248962756,9320.259277699,9320.27020524,0,COMPLETED,True,0.1278136951441411,10.314942999684718,10.927540999546181,21.37029769437504
676,9320.251796970448,9320.251963553,9320.251963553,9320.259791397,9320.27104352,1,COMPLETED,True,0.16658255299262237,7.827843999621109,11.252123000303982,19.246549552917713
677,9320.255008718386,9320.255168673,9320.255168673,9320.270547159,9320.281470282,0,COMPLETED,True,0.15995461399143096,15.37848599946301,10.923122999884072,26.461563613338512
678,9320.263200884638,9320.263341956,9320.263341956,9320.27139533,9320.282580599,1,COMPLETED,True,0.141071363032097,8.0533740001556,11.185268998815445,19.379714362003142
679,9320.264428843337,9320.2646144,9320.2646144,9320.281810994,9320.292331966,0,COMPLETED,True,0.18555666247266345,17.19659400077944,10.520972000449547,27.90312266370165
680,9320.269188420889,9320.269391566,9320.269391566,9320.282925733,9320.293542613,1,COMPLETED,True,0.20314511129981838,13.534166999306763,10.616880001180107,24.354192111786688
681,9320.282723399725,9320.282883576,9320.282883576,9320.292664155,9320.302640499,0,COMPLETED,True,0.16017627422115766,9.780579001017031,9.97634399936942,19.917099274607608
682,9320.296802778972,9320.296914959,9320.296914959,9320.297591308,9320.308374826,1,COMPLETED,True,0.11218002873647492,0.6763490000594174,10.783517998788739,11.572047027584631
683,9320.301638050869,9320.30184422,9320.30184422,9320.303027259,9320.312878695,0,COMPLETED,True,0.20616913025151007,1.1830390012619318,9.851435999735259,11.2406441312487
684,9320.320659151117,9320.320772634,9320.320772634,9320.321323437,9320.331921455,1,COMPLETED,True,0.11348288353474345,0.5508029989869101,10.598017999654985,11.262303882176639
685,9320.322590933723,9320.322772381,9320.322772381,9320.323173155,9320.333574513,0,COMPLETED,True,0.1814472761907382,0.4007740008091787,10.401358000308392,10.983579277308309
686,9320.352921133355,9320.353076742,9320.353076742,9320.353742728,9320.362841532,1,COMPLETED,True,0.15560864449071232,0.6659860009676777,9.098803999222582,9.920398644680972
687,9320.359468196853,9320.359576505,9320.359576505,9320.360333218,9320.371295317,0,COMPLETED,True,0.10830814608198125,0.7567129996459698,10.96209900060785,11.827120146335801
688,9320.359925805513,9320.36019541,9320.36019541,9320.363196976,9320.374425272,1,COMPLETED,True,0.2696044866752345,3.0015660013305023,11.228295999899274,14.49946648790501
689,9320.362125628302,9320.362280974,9320.362280974,9320.37168916,9320.382800175,0,COMPLETED,True,0.15534569865849335,9.408185998836416,11.111015001006308,20.674546698501217
690,9320.362429230408,9320.362897866,9320.362897866,9320.374771875,9320.386123373,1,COMPLETED,True,0.46863559146004263,11.874009000166552,11.351498000294669,23.694142591921263
691,9320.368487728547,9320.36863341,9320.36863341,9320.382950994,9320.39358688,0,COMPLETED,True,0.1456814534321893,14.31758400030958,10.635885999363381,25.09915145310515
692,9320.380674002628,9320.380814178,9320.380814178,9320.386448911,9320.397046061,1,COMPLETED,True,0.1401753706886666,5.63473300098849,10.597149999739486,16.372058371416642
693,9320.39023513295,9320.390370467,9320.390370467,9320.393906245,9320.40324815,0,COMPLETED,True,0.13533404853660613,3.5357780016056495,9.34190499901888,13.013017049161135
694,9320.425010866093,9320.425177155,9320.425177155,9320.42583488,9320.436097441,1,COMPLETED,True,0.16628890807623975,0.6577249987458345,10.262560999763082,11.086574906585156
695,9320.431856724117,9320.4319442,9320.4319442,9320.432418891,9320.443686311,0,COMPLETED,True,0.08747588253754657,0.4746909999084892,11.267420000876882,11.829586883322918
696,9320.436287801871,9320.436664486,9320.436664486,9320.437346303,9320.447718448,1,COMPLETED,True,0.37668412915081717,0.6818170004407875,10.372144999564625,11.43064612915623
697,9320.452691219472,9320.452819105,9320.452819105,9320.453676948,9320.466392215,0,COMPLETED,True,0.12788552703568712,0.8578430006309645,12.715266999293817,13.700995526960469
698,9320.474690204033,9320.474830576,9320.474830576,9320.475631648,9320.48882064,1,COMPLETED,True,0.14037196706340183,0.8010719993762905,13.188991999413702,14.130435965853394
699,9320.484539782494,9320.484702055,9320.484702055,9320.485407385,9320.495068511,0,COMPLETED,True,0.16227250671363436,0.7053299996186979,9.661125999627984,10.528728505960316
700,9320.493662587167,9320.493805033,9320.493805033,9320.494635838,9320.50717593,1,COMPLETED,True,0.14244583326217253,0.8308050000778167,12.540092000563163,13.513342833903152
701,9320.502331008307,9320.50254033,9320.50254033,9320.50328271,9320.515927034,0,COMPLETED,True,0.20932169354637153,0.7423799997923197,12.64432399875659,13.596025692095282
702,9320.507899277653,9320.508030934,9320.508030934,9320.508449221,9320.519428045,1,COMPLETED,True,0.13165634663891979,0.41828700159385335,10.978823998812004,11.528767347044777
703,9320.508645231548,9320.50876687,9320.50876687,9320.516198269,9320.528685915,0,COMPLETED,True,0.12163845167378895,7.431399000779493,12.487645999499364,20.040683451952646
704,9320.539375623266,9320.539541837,9320.539541837,9320.54006419,9320.550349415,1,COMPLETED,True,0.1662137347011594,0.5223529988143127,10.285225000188802,10.973791733704275
705,9320.543559533415,9320.543828443,9320.543828443,9320.544291442,9320.55566532,0,COMPLETED,True,0.2689095854293555,0.4629989998647943,11.373878000085824,12.105786585379974
706,9320.5446283495,9320.544780455,9320.544780455,9320.550522918,9320.562220862,1,COMPLETED,True,0.15210550009214785,5.742462999478448,11.697944000843563,17.59251250041416
707,9320.545360504093,9320.545500032,9320.545500032,9320.556047514,9320.56707676,0,COMPLETED,True,0.13952790686744265,10.547481999310548,11.029246001271531,21.716255907449522
708,9320.547127313821,9320.547386077,9320.547386077,9320.562572156,9320.573554338,1,COMPLETED,True,0.25876317886286415,15.18607900106872,10.982181998770102,26.427024178701686
709,9320.54987107895,9320.550033527,9320.550033527,9320.567458351,9320.578130437,0,COMPLETED,True,0.16244805010501295,17.42482400004519,10.672085998521652,28.259358048671857
710,9320.567245163804,9320.567553534,9320.567553534,9320.573896498,9320.58487284,1,COMPLETED,True,0.30837019585305825,6.342963999486528,10.976342000503791,17.627676195843378
711,9320.568891127676,9320.569065764,9320.569065764,9320.578437119,9320.589453882,0,COMPLETED,True,0.17463632502767723,9.371354999530013,11.016762999133789,20.56275432369148
712,9320.579830021974,9320.579976546,9320.579976546,9320.585212721,9320.595034477,1,COMPLETED,True,0.14652402569481637,5.236175000391086,9.821756000746973,15.204455026832875
713,9320.59493168347,9320.595073558,9320.595073558,9320.595835312,9320.605983733,0,COMPLETED,True,0.14187453052727506,0.7617539995408151,10.14842099903035,11.05204952909844
714,9320.599019936553,9320.599153491,9320.599153491,9320.599714715,9320.610023394,1,COMPLETED,True,0.13355444752960466,0.5612239983747713,10.308679000445409,11.003457446349785
715,9320.612359680148,9320.612496815,9320.612496815,9320.613189486,9320.62228088,0,COMPLETED,True,0.13713485168409534,0.6926709993422264,9.091394000279251,9.921199851305573
716,9320.620671360079,9320.620875847,9320.620875847,9320.621539336,9320.632174929,1,COMPLETED,True,0.20448692157515325,0.6634889996348647,10.635593000188237,11.503568921398255
717,9320.620769703844,9320.621034417,9320.621034417,9320.622605392,9320.633741973,0,COMPLETED,True,0.26471315504750237,1.5709750005044043,11.136581000755541,12.972269156307448
718,9320.626055702129,9320.626185376,9320.626185376,9320.632472256,9320.644117679,1,COMPLETED,True,0.12967387192475144,6.286879999606754,11.645422999208677,18.06197687074018
719,9320.626965064006,9320.62709363,9320.62709363,9320.634076497,9320.645544294,0,COMPLETED,True,0.128565994600649,6.98286699844175,11.467797001387225,18.579229994429625
720,9320.63303270095,9320.633183134,9320.633183134,9320.644420702,9320.655658372,1,COMPLETED,True,0.15043305029394105,11.237568000069587,11.23766999990039,22.625671050263918
721,9320.633192567106,9320.633290947,9320.633290947,9320.645902323,9320.657024402,0,COMPLETED,True,0.09837989455263596,12.611375999767915,11.122079000415397,23.831834894735948
722,9320.634048819324,9320.634257675,9320.634257675,9320.655956215,9320.666763854,1,COMPLETED,True,0.2088556757371407,21.69854000021587,10.807639000631752,32.715034676584764
723,9320.64020172274,9320.640389137,9320.640389137,9320.657371613,9320.667900977,0,COMPLETED,True,0.18741425992629956,16.98247600143077,10.529363999012276,27.699254260369344
724,9320.641751541276,9320.641891894,9320.641891894,9320.666925558,9320.677571237,1,COMPLETED,True,0.14035272397450171,25.033664000147837,10.645678999935626,35.819695724057965
725,9320.649901948333,9320.650056542,9320.650056542,9320.668255286,9320.678713491,0,COMPLETED,True,0.15459366659342777,18.198744000983424,10.458204998940346,28.811542666517198
726,9320.65211745725,9320.652292764,9320.652292764,9320.677909298,9320.688685427,1,COMPLETED,True,0.17530674995214213,25.616533999709645,10.776129000078072,36.56796974973986
727,9320.66411143638,9320.664247353,9320.664247353,9320.679040577,9320.689595395,0,COMPLETED,True,0.13591661991085857,14.793224001550698,10.554817999945953,25.48395862140751
728,9320.669990042366,9320.670152955,9320.670152955,9320.689005163,9320.699663215,1,COMPLETED,True,0.1629126327316044,18.852208000680548,10.658052000508178,29.67317263392033
729,9320.687352468727,9320.687498162,9320.687498162,9320.689917726,9320.700537777,0,COMPLETED,True,0.14569327322533354,2.419563999865204,10.620050999932573,13.18530827302311
730,9320.693025385903,9320.693213475,9320.693213475,9320.700040165,9320.709309888,1,COMPLETED,True,0.18808909771905746,6.8266899997979635,9.269722999306396,16.284502096823417
731,9320.716677839679,9320.716809534,9320.716809534,9320.717516622,9320.728049172,0,COMPLETED,True,0.1316943216806976,0.7070880001265323,10.532549998970353,11.371332320777583
732,9320.719455886,9320.719608647,9320.719608647,9320.720179884,9320.731150142,1,COMPLETED,True,0.15276100020855665,0.5712370002584066,10.9702580011799,11.694256001646863
733,9320.725478938004,9320.725649798,9320.725649798,9320.7283581,9320.738805262,0,COMPLETED,True,0.17085999570554122,2.7083019995188806,10.44716200158291,13.326323996807332
734,9320.732970549188,9320.733136401,9320.733136401,9320.733665826,9320.744517935,1,COMPLETED,True,0.1658518121985253,0.5294249986036448,10.852109000552446,11.547385811354616
735,9320.7384262545,9320.738570678,9320.738570678,9320.739104498,9320.749748466,0,COMPLETED,True,0.1444235003873473,0.533819998963736,10.64396800029499,11.322211499646073
736,9320.746312202571,9320.746452468,9320.746452468,9320.747071944,9320.757005084,1,COMPLETED,True,0.14026542885403614,0.619476000792929,9.93313999970269,10.692881429349654
737,9320.763446082901,9320.763624126,9320.763624126,9320.764307306,9320.774636047,0,COMPLETED,True,0.17804309936764184,0.6831800001236843,10.328740998374997,11.189964097866323
738,9320.764781453803,9320.76492626,9320.76492626,9320.765475272,9320.777986491,1,COMPLETED,True,0.14480619756795932,0.5490119983733166,12.511219001680729,13.205037197622005
739,9320.780835866939,9320.781000715,9320.781000715,9320.781665936,9320.790874868,0,COMPLETED,True,0.16484806110383943,0.6652209995081648,9.208932000547065,10.03900106115907
740,9320.792879042509,9320.793042381,9320.793042381,9320.793554731,9320.803845199,1,COMPLETED,True,0.16333849089278374,0.512350001372397,10.290467998856911,10.966156491122092
741,9320.795686582724,9320.795815839,9320.795815839,9320.796335772,9320.806366074,0,COMPLETED,True,0.129256275613443,0.5199330007599201,10.030302000814117,10.67949127718748
742,9320.820322226846,9320.820459881,9320.820459881,9320.821324507,9320.830613058,1,COMPLETED,True,0.13765415496891364,0.8646259993838612,9.288551000281586,10.290831154634361
743,9320.840484373677,9320.840630464,9320.840630464,9320.841381655,9320.851702826,0,COMPLETED,True,0.14609032223233953,0.7511910007451661,10.32117099930474,11.218452322282246
744,9320.844418282293,9320.844597131,9320.844597131,9320.845297727,9320.855882084,1,COMPLETED,True,0.17884870612761006,0.7005960014794255,10.584356999970623,11.463801707577659
745,9320.853326675797,9320.8534997,9320.8534997,9320.854238604,9320.865308842,0,COMPLETED,True,0.17302420383202843,0.7389040001726244,11.070237998865196,11.982166202869848
746,9320.85494792332,9320.855169552,9320.855169552,9320.856087905,9320.867067987,1,COMPLETED,True,0.22162867935549002,0.9183530000882456,10.98008199915057,12.120063678594306
747,9320.861725041907,9320.861878833,9320.861878833,9320.865453261,9320.874758185,0,COMPLETED,True,0.15379109390778467,3.5744279994105455,9.304924000389292,13.033143093707622
748,9320.884446954386,9320.884581646,9320.884581646,9320.885303726,9320.894194428,1,COMPLETED,True,0.134691614221083,0.7220799998322036,8.890701999916928,9.747473613970215
749,9320.89595903265,9320.896134923,9320.896134923,9320.896765962,9320.90756756,0,COMPLETED,True,0.17589034905540757,0.6310389999271138,10.801598000398371,11.608527349380893
750,9320.897542913512,9320.897694563,9320.897694563,9320.89812724,9320.909100055,1,COMPLETED,True,0.15164948854362592,0.43267699948046356,10.9728150000592,11.557141488083289
751,9320.919409783683,9320.91944911,9320.91944911,9320.920128201,9320.929374546,0,COMPLETED,True,0.03932631807401776,0.6790909992560046,9.246345000065048,9.96476231739507
752,9320.952973125748,9320.953062241,9320.953062241,9320.953779538,9320.96438012,1,COMPLETED,True,0.08911525219446048,0.717296999937389,10.600581999824499,11.406994251956348
753,9320.972507876473,9320.972645953,9320.972645953,9320.973498032,9320.986609594,0,COMPLETED,True,0.1380765261274064,0.8520790015609236,13.111561998812249,14.101717526500579
754,9320.98261691479,9320.982750887,9320.982750887,9320.983675879,9320.997870376,1,COMPLETED,True,0.13397221118793823,0.924992000364,14.194497000062256,15.253461211614194
755,9320.985260927544,9320.985422489,9320.985422489,9320.98713672,9320.998807768,0,COMPLETED,True,0.16156145647983067,1.7142309989139903,11.671047999698203,13.546840455092024
756,9320.996844454512,9320.9970012,9320.9970012,9320.998396045,9321.01133417,1,COMPLETED,True,0.15674548740207683,1.394845001414069,12.938124998981948,14.489715487798094
757,9320.99776080897,9320.997904871,9320.997904871,9320.999167065,9321.01038402,0,COMPLETED,True,0.14406202899408527,1.2621940004464705,11.216955001145834,12.62321103058639
758,9321.011347054124,9321.011516633,9321.011516633,9321.012093831,9321.020960294,0,COMPLETED,True,0.16957887601165567,0.5771979995188303,8.866463000231306,9.613239875761792
759,9321.02759644792,9321.027741049,9321.027741049,9321.028385999,9321.041220286,1,COMPLETED,True,0.14460107922786847,0.6449499996961094,12.834287001169287,13.623838080093265
760,9321.031856659534,9321.032112902,9321.032112902,9321.032505937,9321.043009551,0,COMPLETED,True,0.2562424651841866,0.39303500125242863,10.503613999389927,11.152891465826542
761,9321.048247525292,9321.048352337,9321.048352337,9321.049088624,9321.059707488,1,COMPLETED,True,0.10481170829734765,0.7362870001088595,10.618864000207395,11.459962708613602
762,9321.051667706286,9321.051755845,9321.051755845,9321.052421233,9321.063509232,0,COMPLETED,True,0.08813871318125166,0.6653880009253044,11.08799900066515,11.841525714771706
763,9321.058438236105,9321.058547151,9321.058547151,9321.060099537,9321.070928848,1,COMPLETED,True,0.10891489546338562,1.5523860001849243,10.829310998815345,12.490611894463655
764,9321.064208978336,9321.064387467,9321.064387467,9321.064860215,9321.074923693,0,COMPLETED,True,0.1784886644600192,0.4727479990833672,10.06347800102958,10.714714664572966
765,9321.073125992127,9321.073212956,9321.073212956,9321.073885671,9321.087835844,1,COMPLETED,True,0.08696387340023648,0.6727149993821513,13.950173000921495,14.709851873703883
766,9321.074123017104,9321.074356424,9321.074356424,9321.075257017,9321.085887956,0,COMPLETED,True,0.23340689585893415,0.9005930005514529,10.630938999383943,11.76493889579433
767,9321.07791930006,9321.078175862,9321.078175862,9321.086222946,9321.097036621,0,COMPLETED,True,0.25656193975009955,8.047084000281757,10.813675000463263,19.11732094049512
768,9321.084308996798,9321.08442592,9321.08442592,9321.088240697,9321.099398283,1,COMPLETED,True,0.11692320185829885,3.814776999206515,11.157586000990705,15.089286202055519
769,9321.085847134482,9321.086029899,9321.086029899,9321.097326763,9321.10791701,0,COMPLETED,True,0.18276451737619936,11.296864000541973,10.590247000436648,22.06987551835482
770,9321.087329589187,9321.087543527,9321.087543527,9321.099748083,9321.110851195,1,COMPLETED,True,0.2139378138963366,12.204555998323485,11.103112001364934,23.521605813584756
771,9321.096445884927,9321.096561645,9321.096561645,9321.108178313,9321.119160286,0,COMPLETED,True,0.1157600727310637,11.61666799998784,10.981973000525613,22.714401073244517
772,9321.099540092571,9321.099655959,9321.099655959,9321.111222161,9321.121873053,1,COMPLETED,True,0.11586642904148903,11.56620199981262,10.650891999830492,22.3329604286846
773,9321.122679862126,9321.122801925,9321.122801925,9321.123473518,9321.134396928,0,COMPLETED,True,0.1220628728333395,0.6715930012433091,10.923410000032163,11.717065874108812
774,9321.124152691395,9321.124262929,9321.124262929,9321.124663351,9321.135867811,1,COMPLETED,True,0.11023760634998325,0.4004219990747515,11.204459999134997,11.715119604559732
775,9321.134624199081,9321.134807941,9321.134807941,9321.135869997,9321.145142628,0,COMPLETED,True,0.18374191859038547,1.0620560005918378,9.27263099947595,10.518428918658174
776,9321.152656948792,9321.152757545,9321.152757545,9321.153412396,9321.162915282,1,COMPLETED,True,0.10059620763058774,0.6548509991262108,9.502886001428124,10.258333208184922
777,9321.161959106565,9321.162135601,9321.162135601,9321.162749493,9321.174266744,0,COMPLETED,True,0.17649443543632515,0.613891999819316,11.517250999531825,12.307637434787466
778,9321.163861184352,9321.164042945,9321.164042945,9321.164570698,9321.175660572,1,COMPLETED,True,0.18176064804720227,0.5277529999148101,11.08987400039041,11.799387648352422
779,9321.169424440748,9321.16966792,9321.16966792,9321.174603432,9321.186215212,0,COMPLETED,True,0.24347925136680715,4.935512000884046,11.611779998929705,16.79077125118056
780,9321.171756533735,9321.172046695,9321.172046695,9321.176061116,9321.187531937,1,COMPLETED,True,0.2901612642745022,4.0144210015569115,11.470820998511044,15.775403264342458
781,9321.177651300266,9321.17793765,9321.17793765,9321.186560143,9321.198128319,0,COMPLETED,True,0.28634973386942875,8.622493000075337,11.568175999855157,20.477018733799923
782,9321.178546977739,9321.178868449,9321.178868449,9321.187895516,9321.199785783,1,COMPLETED,True,0.3214712614862947,9.027066998896771,11.890267000126187,21.238805260509253
783,9321.190719073706,9321.190878256,9321.190878256,9321.19843356,9321.207820075,0,COMPLETED,True,0.15918229473754764,7.555303998742602,9.386515001096996,17.101001294577145
784,9321.204521918544,9321.204634078,9321.204634078,9321.205195706,9321.215087108,1,COMPLETED,True,0.11215945596632082,0.5616279995592777,9.891401999993832,10.56518945551943
785,9321.228528672755,9321.228680001,9321.228680001,9321.229148474,9321.240770629,0,COMPLETED,True,0.1513282459200127,0.4684729992732173,11.62215499971353,12.24195624490676
786,9321.230355004427,9321.230612105,9321.230612105,9321.231051318,9321.242272609,1,COMPLETED,True,0.25710057343530934,0.43921299948124215,11.221291000765632,11.917604573682183
787,9321.244571620637,9321.244726294,9321.244726294,9321.24522431,9321.254336758,0,COMPLETED,True,0.15467336379515473,0.4980159992555855,9.112448000450968,9.765137363501708
788,9321.264437796679,9321.264580105,9321.264580105,9321.265413608,9321.277412997,1,COMPLETED,True,0.14230832130124327,0.8335029997397214,11.999389000266092,12.975200321307057
789,9321.274716922075,9321.274900591,9321.274900591,9321.275633101,9321.287759645,0,COMPLETED,True,0.18366892436461058,0.732510001398623,12.126543999329442,13.042722925092676
790,9321.283242063211,9321.283336205,9321.283336205,9321.283940876,9321.294761894,1,COMPLETED,True,0.09414178930455819,0.6046709986549104,10.821018000569893,11.519830788529362
791,9321.289547504823,9321.289637226,9321.289637226,9321.290238286,9321.303527802,0,COMPLETED,True,0.08972117757366505,0.601059999098652,13.289516000440926,13.980297177113243
792,9321.291459177379,9321.291547482,9321.291547482,9321.294958734,9321.306003909,1,COMPLETED,True,0.08830462138575967,3.41125200066017,11.045174998798757,14.544731620844686
793,9321.306945333006,9321.307055768,9321.307055768,9321.307786832,9321.318079379,0,COMPLETED,True,0.11043499398510903,0.731063999410253,10.292547000062768,11.13404599345813
794,9321.308741374618,9321.308903265,9321.308903265,9321.309419486,9321.322009119,1,COMPLETED,True,0.16189038251468446,0.5162209999980405,12.589632999151945,13.26774438166467
795,9321.329790404945,9321.329927467,9321.329927467,9321.330754964,9321.339994058,0,COMPLETED,True,0.13706205572816543,0.827496998681454,9.23909400080447,10.20365305521409
796,9321.344603908403,9321.344760405,9321.344760405,9321.345659013,9321.359396133,1,COMPLETED,True,0.15649659690097906,0.8986080010799924,13.737119999859715,14.792224597840686
797,9321.347073403003,9321.347135231,9321.347135231,9321.347724097,9321.358630888,0,COMPLETED,True,0.06182799734233413,0.5888659998163348,10.906790999797522,11.557484996956191
798,9321.35250350272,9321.35267113,9321.35267113,9321.359005933,9321.370093187,0,COMPLETED,True,0.1676272804616019,6.334802999845124,11.087254000813118,17.589684281119844
799,9321.359136381468,9321.359357674,9321.359357674,9321.35987813,9321.370552208,1,COMPLETED,True,0.22129253193270415,0.5204560002312064,10.674077999283327,11.415826531447237
800,9321.362326624594,9321.362491431,9321.362491431,9321.370404559,9321.381118773,0,COMPLETED,True,0.16480640624649823,7.913127999927383,10.714214000472566,18.792148406646447
801,9321.364700824903,9321.364753501,9321.364753501,9321.370838681,9321.381689264,1,COMPLETED,True,0.052676097766379826,6.0851799989904976,10.850583001229097,16.988439097985975
802,9321.368642909252,9321.36887299,9321.36887299,9321.381427795,9321.392124235,0,COMPLETED,True,0.2300807482242817,12.55480500003614,10.696440000174334,23.481325748434756
803,9321.369945864999,9321.370152221,9321.370152221,9321.382021126,9321.393022804,1,COMPLETED,True,0.20635600048990455,11.868905001392704,11.001677999956883,23.07693900183949
804,9321.370821995337,9321.370979297,9321.370979297,9321.392465399,9321.401523461,0,COMPLETED,True,0.15730166342109442,21.48610199947143,9.058061999894562,30.701465662787086
805,9321.41528034991,9321.415340817,9321.415340817,9321.41602632,9321.426782027,1,COMPLETED,True,0.06046709131624084,0.6855029987491434,10.75570700049866,11.501677090564044
806,9321.416765784074,9321.416929933,9321.416929933,9321.417373437,9321.428157397,0,COMPLETED,True,0.16414892706961837,0.44350399912218563,10.783960000480874,11.391612926672678
807,9321.418927304292,9321.419132903,9321.419132903,9321.426962322,9321.438049551,1,COMPLETED,True,0.2055987079074839,7.8294190007,11.087228998803766,19.12224670741125
808,9321.42540630621,9321.425673836,9321.425673836,9321.428307652,9321.439688097,0,COMPLETED,True,0.2675297891983064,2.6338160005252576,11.380444999304018,14.281790789027582
809,9321.428780040504,9321.428933084,9321.428933084,9321.438377951,9321.448659342,1,COMPLETED,True,0.15304349653888494,9.444867000638624,10.281390999807627,19.879301496985136
810,9321.442683198742,9321.442859499,9321.442859499,9321.443488182,9321.454922898,0,COMPLETED,True,0.17630025831749663,0.6286829993769061,11.434715999712353,12.239699257406755
811,9321.445125660603,9321.445176464,9321.445176464,9321.448977922,9321.45980943,1,COMPLETED,True,0.05080339724372607,3.8014580004528398,10.831507999682799,14.683769397379365
812,9321.446395710975,9321.446540665,9321.446540665,9321.455250408,9321.466126987,0,COMPLETED,True,0.14495402501779608,8.709743000508752,10.876578999159392,19.73127602468594
813,9321.451925616988,9321.45213846,9321.45213846,9321.460185633,9321.470819844,1,COMPLETED,True,0.21284301146806683,8.047172999795293,10.63421100116102,18.89422701242438
814,9321.460983496205,9321.461052327,9321.461052327,9321.466449685,9321.477780717,0,COMPLETED,True,0.06883079549879767,5.397357999754604,11.331031999361585,16.797220794614987
815,9321.461421887414,9321.461553093,9321.461553093,9321.471145837,9321.481889379,1,COMPLETED,True,0.1312055865128059,9.592743999746745,10.743541999545414,20.467491585804964
816,9321.468080997314,9321.468217694,9321.468217694,9321.478072342,9321.488910033,0,COMPLETED,True,0.1366966862406116,9.85464800032787,10.837690999323968,20.82903568589245
817,9321.474728629923,9321.474958991,9321.474958991,9321.482220783,9321.492379813,1,COMPLETED,True,0.23036107813823037,7.2617919995536795,10.159030000068014,17.651183077759924
818,9321.494981275408,9321.495118312,9321.495118312,9321.495664591,9321.50638878,0,COMPLETED,True,0.1370365916955052,0.5462790013552876,10.724189000029583,11.407504593080375
819,9321.495052339933,9321.495278125,9321.495278125,9321.49583611,9321.508664355,1,COMPLETED,True,0.2257850665046135,0.5579850003414322,12.828245000491734,13.61201506733778
820,9321.499821776542,9321.4999144,9321.4999144,9321.506701301,9321.516081838,0,COMPLETED,True,0.09262345702154562,6.786900999941281,9.380537001561606,16.260061458524433
821,9321.51543978655,9321.515473482,9321.515473482,9321.516085845,9321.526848445,1,COMPLETED,True,0.0336954508384224,0.6123629991634516,10.762600000816747,11.40865845081862
822,9321.517436538159,9321.51769186,9321.51769186,9321.518099921,9321.528802719,0,COMPLETED,True,0.25532184008625336,0.40806100150803104,10.70279799932905,11.366180840923334
823,9321.530672076271,9321.530790678,9321.530790678,9321.531330497,9321.542260774,1,COMPLETED,True,0.1186017289001029,0.5398190005507786,10.930276999715716,11.588697729166597
824,9321.53908396827,9321.539293908,9321.539293908,9321.540108744,9321.553131793,0,COMPLETED,True,0.2099397297570249,0.8148360011546174,13.023048999457387,14.04782473036903
825,9321.540927465743,9321.541105044,9321.541105044,9321.542414617,9321.553358165,1,COMPLETED,True,0.1775782566255657,1.3095730009808904,10.94354799897701,12.430699256583466
826,9321.540935888223,9321.541223215,9321.541223215,9321.553653614,9321.565783196,0,COMPLETED,True,0.28732677674270235,12.430399001459591,12.12958199903369,24.847307777235983
827,9321.542359998162,9321.542472111,9321.542472111,9321.553687606,9321.564678579,1,COMPLETED,True,0.11211283708689734,11.215495000215014,10.990972999934456,22.318580837236368
828,9321.550067248423,9321.550181091,9321.550181091,9321.565016511,9321.575966027,1,COMPLETED,True,0.11384257595636882,14.835420000963495,10.949515999527648,25.898778576447512
829,9321.556662822171,9321.556810667,9321.556810667,9321.566212305,9321.577036508,0,COMPLETED,True,0.1478448284615297,9.401638000781531,10.824203000083799,20.37368582932686
830,9321.56979857051,9321.56990975,9321.56990975,9321.576311816,9321.587329044,1,COMPLETED,True,0.11117948997707572,6.402065999282058,11.017228000127943,17.530473489387077
831,9321.570776022529,9321.570901749,9321.570901749,9321.577395841,9321.588951991,0,COMPLETED,True,0.12572647210618015,6.494092000139062,11.556149998796172,18.175968471041415
832,9321.573177968907,9321.573263425,9321.573263425,9321.587630078,9321.599370578,1,COMPLETED,True,0.08545609307475388,14.366653000251972,11.740500000087195,26.19260909341392
833,9321.579062602106,9321.579235589,9321.579235589,9321.589291876,9321.600586842,0,COMPLETED,True,0.1729868945403723,10.056286999315489,11.294965999695705,21.524239893551567
834,9321.59087016954,9321.590974562,9321.590974562,9321.599696295,9321.610845437,1,COMPLETED,True,0.10439245852467138,8.721733000129461,11.149142001158907,19.97526745981304
835,9321.595912130164,9321.596030835,9321.596030835,9321.600947011,9321.612299442,0,COMPLETED,True,0.11870483649545349,4.9161759998241905,11.352430999977514,16.387311836297158
836,9321.598453703711,9321.598569147,9321.598569147,9321.611148387,9321.622158476,1,COMPLETED,True,0.11544328845047858,12.579240001286962,11.010088999682921,23.70477228942036
837,9321.600997047199,9321.601180375,9321.601180375,9321.612623864,9321.623930428,0,COMPLETED,True,0.183327802005806,11.44348900015757,11.306563999823993,22.93338080198737
838,9321.612957537714,9321.613096474,9321.613096474,9321.622478603,9321.633055725,1,COMPLETED,True,0.13893628602090757,9.382128999277484,10.57712200054084,20.09818728583923
839,9321.624941862521,9321.625081792,9321.625081792,9321.625875174,9321.639409437,0,COMPLETED,True,0.13992947970109526,0.7933819997560931,13.534263000110514,14.467574479567702
840,9321.629781571588,9321.629912541,9321.629912541,9321.633364485,9321.644062865,1,COMPLETED,True,0.1309694125666283,3.4519439996074652,10.69837999966694,14.281293411841034
841,9321.633041804796,9321.633171714,9321.633171714,9321.639970493,9321.651675026,0,COMPLETED,True,0.12990920367883518,6.7987790007464355,11.704532998919603,18.633221203344874
842,9321.654935813962,9321.655080617,9321.655080617,9321.655742563,9321.668155236,1,COMPLETED,True,0.14480303798336536,0.6619460000365507,12.41267300065374,13.219422038673656
843,9321.666161924059,9321.666436727,9321.666436727,9321.667096804,9321.680179718,0,COMPLETED,True,0.27480294193082955,0.6600769993383437,13.082913999824086,14.01779394109326
844,9321.666566472566,9321.666841885,9321.666841885,9321.668310554,9321.679264471,1,COMPLETED,True,0.27541243434825446,1.468668999223155,10.953917000733782,12.697998434305191
845,9321.668093595163,9321.668277903,9321.668277903,9321.679577608,9321.69048091,1,COMPLETED,True,0.18430783711664844,11.299705000055837,10.90330199986056,22.387314837033045
846,9321.672534658353,9321.672680988,9321.672680988,9321.680393823,9321.69300675,0,COMPLETED,True,0.14632964666816406,7.712835000347695,12.612926999281626,20.472091646297486
847,9321.696634122347,9321.696771047,9321.696771047,9321.697392364,9321.706282183,1,COMPLETED,True,0.13692465290660039,0.6213169999682577,8.889819000614807,9.648060653489665
848,9321.705608178574,9321.705778738,9321.705778738,9321.706445917,9321.719276959,0,COMPLETED,True,0.1705594258964993,0.6671789997199085,12.831042000470916,13.668780426087324
849,9321.712742681746,9321.712875451,9321.712875451,9321.713281215,9321.723313062,1,COMPLETED,True,0.13276925346872304,0.40576399987912737,10.031847001300775,10.570380254648626
850,9321.721620777316,9321.72176231,9321.72176231,9321.722429949,9321.733770677,0,COMPLETED,True,0.14153268421068788,0.6676390003121924,11.340727998685907,12.149899683208787
851,9321.735219512271,9321.735304995,9321.735304995,9321.736032754,9321.746058197,1,COMPLETED,True,0.08548272853659,0.7277589993464062,10.025443001723033,10.83868472960603
852,9321.74180390152,9321.741889773,9321.741889773,9321.742661892,9321.752898284,0,COMPLETED,True,0.08587148113292642,0.7721189995208988,10.236391999569605,11.09438248022343
853,9321.749260715276,9321.749395694,9321.749395694,9321.750042503,9321.759490615,1,COMPLETED,True,0.13497872350853868,0.6468089995905757,9.448112001336995,10.229899724436109
854,9321.76544415283,9321.765577334,9321.765577334,9321.766327619,9321.775149435,0,COMPLETED,True,0.1331811690761242,0.7502850003220374,8.821815999908722,9.705282169306884
855,9321.796510771877,9321.796646615,9321.796646615,9321.797411413,9321.807909431,1,COMPLETED,True,0.1358431218250189,0.7647980000911048,10.498018000362208,11.398659122278332
856,9321.801583630151,9321.801714327,9321.801714327,9321.802387448,9321.813494178,0,COMPLETED,True,0.13069684973743279,0.6731209996360121,11.106730000392417,11.910547849765862
857,9321.80476545227,9321.804934899,9321.804934899,9321.808535131,9321.819264438,1,COMPLETED,True,0.16944673006946687,3.600231999371317,10.72930699956487,14.498985729005653
858,9321.809944195762,9321.810078176,9321.810078176,9321.813854092,9321.824561979,0,COMPLETED,True,0.13398023838817608,3.775916000449797,10.707886998716276,14.61778323755425
859,9321.810550698347,9321.810736625,9321.810736625,9321.819606654,9321.830246459,1,COMPLETED,True,0.1859266540122917,8.87002899980871,10.639804999300395,19.695760653121397
860,9321.810977921987,9321.811330836,9321.811330836,9321.824860275,9321.835561748,0,COMPLETED,True,0.3529140140017262,13.529439000194543,10.701472998334793,24.583826012531063
861,9321.824002148875,9321.824274591,9321.824274591,9321.830571512,9321.841662343,1,COMPLETED,True,0.2724421246966813,6.296921001194278,11.090830999819445,17.660194125710404
862,9321.82705640996,9321.827264236,9321.827264236,9321.835886293,9321.846533395,0,COMPLETED,True,0.20782604042324238,8.622056999229244,10.647102000802988,19.476985040455475
863,9321.828770800117,9321.828929701,9321.828929701,9321.841969075,9321.852952967,1,COMPLETED,True,0.15890088252490386,13.039374000072712,10.983891999785556,24.18216688238317
864,9321.833238917889,9321.833309931,9321.833309931,9321.84686462,9321.857721771,0,COMPLETED,True,0.07101311166479718,13.554688999647624,10.857151000891463,24.482853112203884
865,9321.834152498825,9321.834290977,9321.834290977,9321.853250227,9321.863727649,1,COMPLETED,True,0.13847817535861395,18.959250000989414,10.477421999894432,29.57515017624246
866,9321.835793160402,9321.836287018,9321.836287018,9321.858058151,9321.868618517,0,COMPLETED,True,0.4938575984851923,21.771132998765097,10.560366001300281,32.82535659855057
867,9321.855352487182,9321.855493402,9321.855493402,9321.864070697,9321.873796735,1,COMPLETED,True,0.14091481716604903,8.577295000577578,9.72603800073557,18.444247818479198
868,9321.884793958972,9321.884974673,9321.884974673,9321.885670837,9321.896084357,0,COMPLETED,True,0.18071402701025363,0.6961640010558767,10.413519999929122,11.290398027995252
869,9321.887234601078,9321.887368892,9321.887368892,9321.887986861,9321.898257181,1,COMPLETED,True,0.1342909217783017,0.6179690008139005,10.270319999108324,11.022579921700526
870,9321.90398245743,9321.904131704,9321.904131704,9321.904898251,9321.914942989,0,COMPLETED,True,0.14924656898074318,0.7665470002393704,10.044738000942743,10.960531570162857
871,9321.907122801764,9321.907274503,9321.907274503,9321.907760467,9321.921339451,1,COMPLETED,True,0.1517012369731674,0.48596399938105606,13.578984000560013,14.216649236914236
872,9321.909779332105,9321.909867033,9321.909867033,9321.915266236,9321.925060348,0,COMPLETED,True,0.087700895164744,5.399202998887631,9.794112000236055,15.28101589428843
873,9321.932692113038,9321.932810631,9321.932810631,9321.933517682,9321.943474703,1,COMPLETED,True,0.11851796261908021,0.7070510000630748,9.95702100044582,10.782589963127975
874,9321.936477378222,9321.936607583,9321.936607583,9321.937327069,9321.95059906,0,COMPLETED,True,0.13020477854297496,0.7194859990704572,13.271990999783156,14.121681777396589
875,9321.936929265246,9321.937041842,9321.937041842,9321.94380333,9321.953794227,1,COMPLETED,True,0.11257675396336708,6.761487999028759,9.99089700053446,16.864961753526586
876,9321.975653951335,9321.975799677,9321.975799677,9321.976697554,9321.987890611,0,COMPLETED,True,0.1457256657886319,0.8978770001704106,11.193057000127737,12.23665966608678
877,9321.983886602184,9321.984034687,9321.984034687,9321.984654983,9321.998059019,1,COMPLETED,True,0.1480848168284865,0.620295999397058,13.404036000792985,14.17241681701853
878,9321.984696966494,9321.98485703,9321.98485703,9321.988360531,9321.999490748,0,COMPLETED,True,0.16006350597308483,3.5035010005231015,11.130216998935794,14.79378150543198
879,9321.995924945439,9321.996142134,9321.996142134,9321.998481551,9322.009999593,1,COMPLETED,True,0.21718856078223325,2.3394170002575265,11.518041999806883,14.074647560846643
880,9321.996070431034,9321.996216956,9321.996216956,9321.999641708,9322.010867549,0,COMPLETED,True,0.146524966112338,3.4247519997734344,11.225840999031789,14.797117964917561
881,9322.002862490075,9322.00301421,9322.00301421,9322.010196488,9322.022021671,1,COMPLETED,True,0.15171992527029943,7.182277999163489,11.82518300083757,19.159180925271357
882,9322.009642843008,9322.009832095,9322.009832095,9322.01118633,9322.022248581,0,COMPLETED,True,0.18925199219665956,1.354235000690096,11.062251000112155,12.605737992998911
883,9322.01560839098,9322.015814303,9322.015814303,9322.022372028,9322.033194505,1,COMPLETED,True,0.20591201973729767,6.557724998856429,10.82247700105654,17.586114019650267
884,9322.021920364446,9322.022054023,9322.022054023,9322.022807082,9322.033688631,0,COMPLETED,True,0.1336585537501378,0.7530589991802117,10.881549000259838,11.768266553190188
885,9322.022590337403,9322.023235973,9322.023235973,9322.033502406,9322.044384367,1,COMPLETED,True,0.6456355968111893,10.266433000651887,10.881960999540752,21.794029597003828
886,9322.023586652747,9322.024036696,9322.024036696,9322.0340509,9322.045196699,0,COMPLETED,True,0.45004325329500716,10.014203999162419,11.14579900058743,21.610046253044857
887,9322.024019458671,9322.024097231,9322.024097231,9322.044676357,9322.055461431,1,COMPLETED,True,0.0777723289502319,20.5791259995749,10.78507400052331,31.44197232904844
888,9322.039711492604,9322.039856287,9322.039856287,9322.045539214,9322.056545201,0,COMPLETED,True,0.1447943959647091,5.682926999725169,11.005987000316964,16.83370839600684
889,9322.054305336153,9322.054415648,9322.054415648,9322.055796796,9322.064933143,1,COMPLETED,True,0.11031184658349957,1.3811480002914323,9.136347000094247,10.627806846969179
890,9322.06602073427,9322.066161947,9322.066161947,9322.066683945,9322.077386398,0,COMPLETED,True,0.14121272943157237,0.5219980012043379,10.702452998884837,11.365663729520747
891,9322.067928835058,9322.068112115,9322.068112115,9322.068611769,9322.081851424,1,COMPLETED,True,0.1832799407566199,0.49965400103246793,13.239654999779304,13.922588941568392
892,9322.074481043346,9322.074568878,9322.074568878,9322.077686528,9322.088265431,0,COMPLETED,True,0.08783465455053374,3.1176499996945495,10.578903000350692,13.784387654595776
893,9322.076485902517,9322.076582894,9322.076582894,9322.082414247,9322.093729574,1,COMPLETED,True,0.09699148358777165,5.83135299893911,11.315327001284459,17.24367148381134
894,9322.07746232298,9322.077615362,9322.077615362,9322.088627444,9322.098674146,0,COMPLETED,True,0.1530390200059628,11.012081999069778,10.04670200018154,21.21182301925728
895,9322.104877916065,9322.104930736,9322.104930736,9322.105422774,9322.115705286,1,COMPLETED,True,0.05281993617245462,0.49203799972019624,10.282511999321287,10.827369935213937
896,9322.109623804308,9322.109709161,9322.109709161,9322.110033802,9322.120825658,0,COMPLETED,True,0.08535669257980771,0.3246409996791044,10.791855998832034,11.201853691090946
897,9322.115643632336,9322.115751985,9322.115751985,9322.116072941,9322.126031889,1,COMPLETED,True,0.10835266402864363,0.32095599999593105,9.95894799962116,10.388256663645734
898,9322.126582484783,9322.126686737,9322.126686737,9322.127088286,9322.135896253,0,COMPLETED,True,0.1042522162606474,0.40154900125344284,8.807966998574557,9.313768216088647
899,9322.13727918267,9322.1373336,9322.1373336,9322.137855805,9322.148157296,1,COMPLETED,True,0.054417329010902904,0.522205000379472,10.301491000063834,10.878113329454209
900,9322.1430590447,9322.143156324,9322.143156324,9322.14351993,9322.153890618,0,COMPLETED,True,0.09727930046210531,0.36360599915497005,10.370687999966322,10.831573299583397
901,9322.169138440626,9322.169300358,9322.169300358,9322.169763701,9322.181384178,1,COMPLETED,True,0.16191737449844368,0.4633429998648353,11.620477000178653,12.245737374541932
902,9322.169556101282,9322.169692744,9322.169692744,9322.170105515,9322.181354963,0,COMPLETED,True,0.1366427186439978,0.4127709999011131,11.249447999944095,11.798861718489206
903,9322.171690265854,9322.171837736,9322.171837736,9322.181769249,9322.192851905,0,COMPLETED,True,0.1474701457482297,9.931513000992709,11.082655999416602,21.16163914615754
904,9322.174157862766,9322.174292499,9322.174292499,9322.181812607,9322.193356265,1,COMPLETED,True,0.13463623326970264,7.520107999880565,11.54365799993684,19.19840223308711
905,9322.18648706662,9322.186652889,9322.186652889,9322.193191015,9322.204558028,0,COMPLETED,True,0.16582238094997592,6.538125999213662,11.367012999471626,18.070961379635264
906,9322.188582307419,9322.188724288,9322.188724288,9322.193745664,9322.205079417,1,COMPLETED,True,0.1419805812474806,5.0213760005135555,11.333753000144497,16.497109581905534
907,9322.194286004144,9322.194439385,9322.194439385,9322.204876411,9322.214627554,0,COMPLETED,True,0.15338085722760297,10.437025999635807,9.751142999448348,20.341549856311758
908,9322.210224007478,9322.210370596,9322.210370596,9322.211048629,9322.220684635,1,COMPLETED,True,0.1465885216020979,0.6780330004403368,9.636005999709596,10.46062752175203
909,9322.234483061244,9322.234569186,9322.234569186,9322.235115636,9322.244415625,0,COMPLETED,True,0.08612475539848674,0.5464500009111362,9.299989000282949,9.932563756592572
910,9322.240760630804,9322.240923607,9322.240923607,9322.241592868,9322.250942228,1,COMPLETED,True,0.1629761954973219,0.6692610004392918,9.349359999760054,10.181597195696668
911,9322.264247364597,9322.264389741,9322.264389741,9322.265113121,9322.275450814,0,COMPLETED,True,0.14237640243663918,0.723380000636098,10.337693000110448,11.203449403183185
912,9322.267337689294,9322.267489659,9322.267489659,9322.268236774,9322.282064458,1,COMPLETED,True,0.15196970525721554,0.7471150001947535,13.827684000716545,14.726768706168514
913,9322.270729368407,9322.270884227,9322.270884227,9322.275822634,9322.286119166,0,COMPLETED,True,0.1548585933051072,4.938406998917344,10.2965320002113,15.389797592433752
914,9322.28821994722,9322.288373089,9322.288373089,9322.28899004,9322.301293388,1,COMPLETED,True,0.15314178017433733,0.6169509997562272,12.30334799947741,13.073440779407974
915,9322.306029694815,9322.306173674,9322.306173674,9322.306983739,9322.320093161,0,COMPLETED,True,0.14397918494069017,0.8100649993139086,13.109422001434723,14.063466185689322
916,9322.310669803814,9322.310814296,9322.310814296,9322.311397224,9322.323421068,1,COMPLETED,True,0.1444921872462146,0.5829279998579295,12.023843999486417,12.75126418659056
917,9322.312672237027,9322.312808354,9322.312808354,9322.320656973,9322.332622254,0,COMPLETED,True,0.13611697249871213,7.848618999560131,11.965281000811956,19.9500169728708
918,9322.314934326625,9322.315029549,9322.315029549,9322.32359401,9322.334549416,1,COMPLETED,True,0.09522237451164983,8.56446100078756,10.955405999993673,19.615089375292882
919,9322.3223457802,9322.322537352,9322.322537352,9322.333041731,9322.344315543,0,COMPLETED,True,0.1915718003147049,10.50437900084944,11.27381199876254,21.969762799926684
920,9322.332595868236,9322.332756733,9322.332756733,9322.334849648,9322.345972862,1,COMPLETED,True,0.16086476352938917,2.0929149995936314,11.123214000690496,13.376993763813516
921,9322.337828007468,9322.337974061,9322.337974061,9322.344638294,9322.355145933,0,COMPLETED,True,0.1460535313526634,6.664233000265085,10.507638999115443,17.31792553073319
922,9322.340106378348,9322.340248736,9322.340248736,9322.346298749,9322.357133897,1,COMPLETED,True,0.14235765229386743,6.050013000276522,10.835147999387118,17.027518651957507
923,9322.340474414526,9322.340610494,9322.340610494,9322.35529775,9322.366128035,0,COMPLETED,True,0.13607947403215803,14.687255999888293,10.830285000338336,25.653620474258787
924,9322.341580484732,9322.341714914,9322.341714914,9322.35744536,9322.367951676,1,COMPLETED,True,0.1344292686553672,15.730445998997311,10.50631600082852,26.371191268481198
925,9322.348255354798,9322.348400969,9322.348400969,9322.366441296,9322.376620776,0,COMPLETED,True,0.1456142017559614,18.040327000562684,10.179479999351315,28.36542120166996
926,9322.354158997767,9322.354366468,9322.354366468,9322.368314669,9322.378492363,1,COMPLETED,True,0.20747023336298298,13.948200999948313,10.177693999139592,24.333365232450888
927,9322.355776617687,9322.355936385,9322.355936385,9322.376957099,9322.38754106,0,COMPLETED,True,0.15976731265254784,21.020714000769658,10.583960998701514,31.76444231212372
928,9322.35611296937,9322.356520487,9322.356520487,9322.37884047,9322.389740214,1,COMPLETED,True,0.407517629355425,22.319983001580113,10.899743998379563,33.6272446293151
929,9322.368437414432,9322.368598164,9322.368598164,9322.387864508,9322.398338247,0,COMPLETED,True,0.1607495669304626,19.266344001152902,10.473738999280613,29.900832567363977
930,9322.376473109241,9322.376621635,9322.376621635,9322.390043369,9322.40070139,1,COMPLETED,True,0.14852575804980006,13.421734000075958,10.658021001290763,24.22828075941652
931,9322.382790960311,9322.382939404,9322.382939404,9322.398654773,9322.409551038,0,COMPLETED,True,0.14844368888589088,15.715368999735801,10.896264999246341,26.760077687868034
932,9322.383088509776,9322.383557472,9322.383557472,9322.401014249,9322.411833314,1,COMPLETED,True,0.46896222374925856,17.45677700091619,10.81906499894103,28.74480422360648
933,9322.385692639738,9322.385836078,9322.385836078,9322.409863058,9322.420352358,0,COMPLETED,True,0.14343826114782132,24.0269799996895,10.489300000699586,34.65971826153691
934,9322.40216521503,9322.402355631,9322.402355631,9322.412242456,9322.423199824,1,COMPLETED,True,0.19041597079194617,9.88682499882998,10.957368000163115,21.03460896978504
935,9322.417240576213,9322.417449535,9322.417449535,9322.420680403,9322.431142557,0,COMPLETED,True,0.2089587869704701,3.230868000173359,10.462153999469592,13.901980786613422
936,9322.420663647092,9322.420939103,9322.420939103,9322.423497555,9322.433539275,1,COMPLETED,True,0.2754559081949992,2.5584520008123945,10.041719999207999,12.875627908215392
937,9322.445468585098,9322.445558642,9322.445558642,9322.44613447,9322.456940281,0,COMPLETED,True,0.0900569029909093,0.5758279985457193,10.805810999954701,11.47169590149133
938,9322.446010652153,9322.446139813,9322.446139813,9322.446534755,9322.457532198,1,COMPLETED,True,0.12916084779135417,0.39494199882028624,10.997442999723717,11.521545846335357
939,9322.447352768459,9322.447540457,9322.447540457,9322.457255162,9322.468549157,0,COMPLETED,True,0.18768854170048144,9.714705000078538,11.29399499950523,21.19638854128425
940,9322.45471182374,9322.454868691,9322.454868691,9322.457869536,9322.468854885,1,COMPLETED,True,0.1568672596476972,3.000844999405672,10.985349001202849,14.143061260256218
941,9322.455510726224,9322.455647221,9322.455647221,9322.468887877,9322.479292608,0,COMPLETED,True,0.1364947765978286,13.240655998743023,10.4047310014721,23.781881776812952
942,9322.462527362668,9322.462667481,9322.462667481,9322.46914578,9322.479585721,1,COMPLETED,True,0.1401183326379396,6.4782989993545925,10.439940999276587,17.05835833126912
943,9322.469066906833,9322.46927685,9322.46927685,9322.479609799,9322.488779343,0,COMPLETED,True,0.2099431676469976,10.332948999348446,9.169544000542373,19.712436167537817
944,9322.492768214983,9322.492914787,9322.492914787,9322.493647553,9322.506443694,1,COMPLETED,True,0.14657201791123953,0.7327659986913204,12.796140999853378,13.675479016455938
945,9322.498872152932,9322.499011045,9322.499011045,9322.499512246,9322.51315018,0,COMPLETED,True,0.13889206820749678,0.5012010005884804,13.637934000144014,14.278027068939991
946,9322.509094637555,9322.509241532,9322.509241532,9322.509826268,9322.521872119,1,COMPLETED,True,0.14689444469695445,0.5847360007464886,12.04585099912947,12.777481444572913
947,9322.514332323488,9322.514426492,9322.514426492,9322.515142082,9322.527576704,0,COMPLETED,True,0.09416851207788568,0.7155900002544513,12.434622000000672,13.24438051233301
948,9322.529202233669,9322.529303423,9322.529303423,9322.529961934,9322.540955875,1,COMPLETED,True,0.10118933096237015,0.6585110004380113,10.993940999469487,11.753641330869868
949,9322.530534809644,9322.530731602,9322.530731602,9322.531289745,9322.542162619,0,COMPLETED,True,0.196792356291553,0.5581429995800136,10.872873999687727,11.627809355559293
950,9322.534520527339,9322.534681689,9322.534681689,9322.541304693,9322.550470746,1,COMPLETED,True,0.16116166079882532,6.623004001085064,9.166052999717067,15.950218661600957
951,9322.563460839818,9322.563608261,9322.563608261,9322.564313225,9322.574436674,0,COMPLETED,True,0.14742118219146505,0.7049640007608104,10.123448999365792,10.975834182318067
952,9322.56837890849,9322.568530629,9322.568530629,9322.569233437,9322.580435492,1,COMPLETED,True,0.15172050916589797,0.702807999914512,11.202055000467226,12.056583509547636
953,9322.570753848111,9322.570813047,9322.570813047,9322.574804783,9322.58475513,0,COMPLETED,True,0.05919888826610986,3.991736000898527,9.950346999175963,14.0012818883406
954,9322.583235127138,9322.583380245,9322.583380245,9322.583795874,9322.594083337,1,COMPLETED,True,0.14511786139337346,0.41562899968994316,10.287463001077413,10.84820986216073
955,9322.588760983324,9322.588913066,9322.588913066,9322.589267317,9322.600593956,0,COMPLETED,True,0.15208267541311216,0.35425100031716283,11.326638999889838,11.832972675620113
956,9322.59197759179,9322.592118192,9322.592118192,9322.594432283,9322.6048261,1,COMPLETED,True,0.14060021021577995,2.3140909997891868,10.393816999567207,12.848508209572174
957,9322.619839337027,9322.62003435,9322.62003435,9322.620701838,9322.629723386,0,COMPLETED,True,0.19501297356327996,0.6674879987258464,9.021548001328483,9.88404897361761
958,9322.638212029373,9322.638358874,9322.638358874,9322.638840036,9322.647891358,1,COMPLETED,True,0.14684462621517014,0.48116200014192145,9.051322000232176,9.679328626589268
959,9322.652726348413,9322.652911873,9322.652911873,9322.653568361,9322.664273017,0,COMPLETED,True,0.18552458641352132,0.6564880004589213,10.704656000598334,11.546668587470776
960,9322.65371520408,9322.653874592,9322.653874592,9322.654464255,9322.668267714,1,COMPLETED,True,0.15938792057568207,0.5896629991184454,13.803458999973373,14.5525099196675
961,9322.654763357408,9322.654980675,9322.654980675,9322.664636654,9322.674139948,0,COMPLETED,True,0.21731759261456318,9.655978999944637,9.50329399893235,19.37659059149155
962,9322.6934010567,9322.693547901,9322.693547901,9322.694314087,9322.703319077,1,COMPLETED,True,0.1468443006160669,0.7661859999643639,9.0049899990845,9.918020299664931
963,9322.719472938275,9322.719537304,9322.719537304,9322.720201937,9322.732043185,0,COMPLETED,True,0.06436572402890306,0.6646330002695322,11.84124800056452,12.570246724862955
964,9322.72196956562,9322.722227799,9322.722227799,9322.722911239,9322.735842855,1,COMPLETED,True,0.2582333800091874,0.6834399991930695,12.931616000059876,13.873289379262133
965,9322.722048342748,9322.722361477,9322.722361477,9322.732320017,9322.743761569,0,COMPLETED,True,0.3131342509732349,9.958540000297944,11.44155200017849,21.71322625144967
966,9322.723489030866,9322.723639093,9322.723639093,9322.736080368,9322.748594187,1,COMPLETED,True,0.1500621328887064,12.441275001037866,12.513818999650539,25.10515613357711
967,9322.725071223927,9322.725235675,9322.725235675,9322.74391961,9322.755268806,0,COMPLETED,True,0.16445107212348375,18.68393500080856,11.349196000082884,30.197582073014928
968,9322.725766372612,9322.725905007,9322.725905007,9322.749037138,9322.760260346,1,COMPLETED,True,0.13863438834960107,23.132131000238587,11.22320799913723,34.49397338772542
969,9322.739514949795,9322.739611623,9322.739611623,9322.755540102,9322.766099665,0,COMPLETED,True,0.09667320409789681,15.928479000649531,10.559562999333139,26.584715204080567
970,9322.75071850123,9322.750860589,9322.750860589,9322.760583817,9322.771622394,1,COMPLETED,True,0.14208777065505274,9.723228000439121,11.038577000363148,20.903892771457322
971,9322.763734617034,9322.763813182,9322.763813182,9322.7664331,9322.776529467,0,COMPLETED,True,0.07856496631575283,2.6199179992545396,10.09636700109695,12.794849966667243
972,9322.79052681113,9322.790652176,9322.790652176,9322.791320759,9322.802907998,1,COMPLETED,True,0.12536486974568106,0.6685830012429506,11.58723899970937,12.381186870698002
973,9322.794050432898,9322.794256139,9322.794256139,9322.794848474,9322.806903307,0,COMPLETED,True,0.20570610104186926,0.5923350017837947,12.054832999638165,12.85287410246383
974,9322.806998929505,9322.807194875,9322.807194875,9322.808062297,9322.817209641,1,COMPLETED,True,0.19594549485191237,0.8674219989188714,9.147344000666635,10.210711494437419
975,9322.819914826898,9322.82007492,9322.82007492,9322.820708615,9322.833750223,0,COMPLETED,True,0.16009310274966992,0.6336949991236906,13.041608001003624,13.835396102876985
976,9322.832821859718,9322.83296857,9322.83296857,9322.833420577,9322.842890738,1,COMPLETED,True,0.14671028111479245,0.452007001513266,9.470160999626387,10.068878282254445
977,9322.844952071042,9322.845132117,9322.845132117,9322.845776662,9322.858127046,0,COMPLETED,True,0.18004595767706633,0.6445449998864206,12.35038400045596,13.174974958019448
978,9322.856727981576,9322.856832283,9322.856832283,9322.857348581,9322.86732099,1,COMPLETED,True,0.10430142356199212,0.516297999638482,9.972409001420601,10.593008424621075
979,9322.86687087431,9322.866994994,9322.866994994,9322.867540371,9322.876756689,0,COMPLETED,True,0.12411968964443076,0.5453770008898573,9.216317999744206,9.885814690278494
980,9322.88178155367,9322.881870207,9322.881870207,9322.882434637,9322.892218372,1,COMPLETED,True,0.08865333074936643,0.5644299999403302,9.783735000382876,10.436818331072573
981,9322.889366089606,9322.889484671,9322.889484671,9322.890021144,9322.899763546,0,COMPLETED,True,0.11858139441756066,0.5364729986467864,9.742402000483708,10.397456393548055
982,9322.929501381035,9322.929594637,9322.929594637,9322.930207498,9322.9415545,1,COMPLETED,True,0.0932559651118936,0.612861000263365,11.347001998728956,12.053118964104215
983,9322.941979180017,9322.942209486,9322.942209486,9322.942823349,9322.954800763,0,COMPLETED,True,0.23030598276818637,0.6138629996712552,11.977414000284625,12.821582982724067
984,9322.945631068287,9322.945726709,9322.945726709,9322.946210259,9322.958181749,1,COMPLETED,True,0.09564071297063492,0.4835500003537163,11.97148999926867,12.55068071259302
985,9322.966115547533,9322.966229042,9322.966229042,9322.966981419,9322.979928056,0,COMPLETED,True,0.11349446685926523,0.752377000026172,12.946636999913608,13.812508466799045
986,9322.971787717051,9322.971902627,9322.971902627,9322.972554816,9322.984354309,1,COMPLETED,True,0.1149099480244331,0.652189000902581,11.799492998761707,12.566591947688721
987,9322.98382422108,9322.983970943,9322.983970943,9322.984679454,9322.996460933,0,COMPLETED,True,0.14672191900899634,0.7085110009938944,11.781478999182582,12.636711919185473
988,9322.989976394716,9322.990113749,9322.990113749,9322.990837346,9323.002618419,1,COMPLETED,True,0.1373542836518027,0.7235970006149728,11.781072998928721,12.642024283195497
989,9322.998792104392,9322.99893103,9322.99893103,9322.999559731,9323.01014079,0,COMPLETED,True,0.13892560855310876,0.6287010000960436,10.581058999378001,11.348685608027154
990,9323.00921861642,9323.009353681,9323.009353681,9323.00999751,9323.020810873,1,COMPLETED,True,0.13506457980838604,0.6438290001824498,10.81336300012481,11.592256580115645
991,9323.010993342665,9323.011136933,9323.011136933,9323.01170385,9323.022543856,0,COMPLETED,True,0.14359033593791537,0.566916998650413,10.84000599985302,11.550513334441348
992,9323.01598479588,9323.016244446,9323.016244446,9323.021196856,9323.031111719,1,COMPLETED,True,0.2596501199150225,4.952409999532392,9.914862999721663,15.126923119169078
993,9323.026043546462,9323.026212338,9323.026212338,9323.0268598,9323.037651647,0,COMPLETED,True,0.16879153736226726,0.647462000415544,10.791847000291455,11.608100538069266
994,9323.027390777417,9323.027536154,9323.027536154,9323.031455794,9323.042709069,1,COMPLETED,True,0.1453765835321974,3.919639999367064,11.253274999035057,15.318291581934318
995,9323.034658337468,9323.034798305,9323.034798305,9323.037984255,9323.047709361,0,COMPLETED,True,0.13996753114042804,3.1859499995334772,9.725106001496897,13.051023532170802
996,9323.057375596867,9323.057507049,9323.057507049,9323.058213356,9323.067182442,1,COMPLETED,True,0.1314521323365625,0.7063070006552152,8.96908600043389,9.806845133425668
997,9323.071978067812,9323.072117152,9323.072117152,9323.07278278,9323.081782415,0,COMPLETED,True,0.1390841880493099,0.6656280002061976,8.999634999781847,9.804347188037354
998,9323.085070276735,9323.085211808,9323.085211808,9323.085602277,9323.095458204,1,COMPLETED,True,0.1415312653989531,0.390469000194571,9.855926999080111,10.387927264673635
999,9323.090624972763,9323.090783702,9323.090783702,9323.091188786,9323.101064251,0,COMPLETED,True,0.15872923722781707,0.4050839997944422,9.87546499891323,10.43927823593549
1000,9323.103641993905,9323.103790563,9323.103790563,9323.104432316,9323.114400388,1,COMPLETED,True,0.14856909547233954,0.6417530003091088,9.968071999537642,10.75839409531909
1001,9323.107525249272,9323.107664688,9323.107664688,9323.108220662,9323.11905002,0,COMPLETED,True,0.139438727273955,0.5559740002354374,10.829357999682543,11.524770727191935
1002,9323.113388635898,9323.113533291,9323.113533291,9323.114553855,9323.125918906,1,COMPLETED,True,0.14465510139416438,1.020564001009916,11.365050999302184,12.530270101706265
1003,9323.113415736583,9323.11362999,9323.11362999,9323.119376518,9323.129867966,0,COMPLETED,True,0.21425341765279882,5.746527998780948,10.491447999811498,16.452229416245245
1004,9323.12249808872,9323.122639856,9323.122639856,9323.126245968,9323.135800011,1,COMPLETED,True,0.14176727927406318,3.6061120008525904,9.554042999297963,13.301922279424616
1005,9323.132600435605,9323.132767041,9323.132767041,9323.13354768,9323.146334964,0,COMPLETED,True,0.1666053940425627,0.7806390003679553,12.787284000296495,13.734528394707013
1006,9323.135537319002,9323.135724351,9323.135724351,9323.136390055,9323.146883158,1,COMPLETED,True,0.187031997484155,0.6657040012214566,10.493103000044357,11.345838998749969
1007,9323.168885582218,9323.169038813,9323.169038813,9323.169787273,9323.182655841,0,COMPLETED,True,0.15323078150686342,0.7484600009775022,12.868567999248626,13.770258781732991
1008,9323.170936556624,9323.171169605,9323.171169605,9323.171639494,9323.182567771,1,COMPLETED,True,0.23304837668547407,0.46988899885036517,10.928277000857634,11.631214376393473
1009,9323.172320525106,9323.172469748,9323.172469748,9323.182931642,9323.193620446,1,COMPLETED,True,0.14922289483365603,10.461894000400207,10.68880399907357,21.299920894307434
1010,9323.178391902273,9323.178653765,9323.178653765,9323.183047541,9323.195010017,0,COMPLETED,True,0.2618627277115593,4.3937760001426795,11.962475999098388,16.618114726952626
1011,9323.179460137504,9323.179606044,9323.179606044,9323.193928574,9323.204090403,1,COMPLETED,True,0.1459064951632172,14.322530001663836,10.161828999116551,24.630265495943604
1012,9323.196156286458,9323.196310132,9323.196310132,9323.197110483,9323.209639494,0,COMPLETED,True,0.153845541717601,0.8003510010894388,12.52901099906012,13.48320754186716
1013,9323.208641908059,9323.208785833,9323.208785833,9323.209351379,9323.222189337,1,COMPLETED,True,0.14392494085768703,0.5655460008711088,12.837958000091021,13.547428941819817
1014,9323.228009696684,9323.228139674,9323.228139674,9323.228740753,9323.240800196,0,COMPLETED,True,0.12997731573705096,0.6010790002619615,12.059442999088787,12.7904993150878
1015,9323.243195320783,9323.243219242,9323.243219242,9323.243826315,9323.256356975,1,COMPLETED,True,0.02392121677985415,0.6070729996281443,12.530660000265925,13.161654216673924
1016,9323.272222943246,9323.272353887,9323.272353887,9323.273115394,9323.286940826,0,COMPLETED,True,0.1309437539021019,0.761507000788697,13.825431999066495,14.717882753757294
1017,9323.272244066864,9323.272453642,9323.272453642,9323.273200404,9323.286774358,1,COMPLETED,True,0.20957513515895698,0.7467620016541332,13.573953998275101,14.530291135088191
1018,9323.287741750386,9323.287841659,9323.287841659,9323.288492094,9323.298292902,1,COMPLETED,True,0.09990861326514278,0.6504350003524451,9.800808000363759,10.551151613981347
1019,9323.291724576151,9323.291857006,9323.291857006,9323.292569252,9323.302970998,0,COMPLETED,True,0.13242984823591541,0.7122460010577925,10.401745999843115,11.246421849136823
1020,9323.31982923179,9323.319980836,9323.319980836,9323.320705804,9323.331130602,1,COMPLETED,True,0.15160421025939286,0.7249680002132664,10.424797999803559,11.301370210276218
1021,9323.326081108764,9323.326280021,9323.326280021,9323.327133625,9323.339940925,0,COMPLETED,True,0.1989122356462758,0.8536040004401002,12.807299999622046,13.859816235708422
1022,9323.32932275383,9323.329477013,9323.329477013,9323.331315807,9323.343149141,1,COMPLETED,True,0.15425916899403092,1.8387939999229275,11.833333999675233,13.826387168592191
1023,9323.343014478418,9323.343154859,9323.343154859,9323.343949126,9323.354610842,0,COMPLETED,True,0.14038058179721702,0.7942669999465579,10.661715999958687,11.596363581702462
1024,9323.344112259645,9323.3442574,9323.3442574,9323.34470614,9323.35545016,1,COMPLETED,True,0.1451403550163377,0.44874000013805926,10.744019999037846,11.337900354192243
1025,9323.356345270819,9323.356546409,9323.356546409,9323.357186458,9323.367805559,0,COMPLETED,True,0.20113818209210876,0.6400490001396975,10.619100999974762,11.460288182206568
1026,9323.358408385295,9323.358549682,9323.358549682,9323.35921797,9323.370517435,1,COMPLETED,True,0.14129670489637647,0.6682880011794623,11.299464998955955,12.109049705031794
1027,9323.362504795467,9323.362642092,9323.362642092,9323.367974622,9323.379271373,0,COMPLETED,True,0.13729653437621891,5.332529999577673,11.296750999463256,16.76657753341715
1028,9323.364356481843,9323.364547426,9323.364547426,9323.370811468,9323.381789686,1,COMPLETED,True,0.190944156202022,6.264042000111658,10.978218000673223,17.433204156986903
1029,9323.378305111604,9323.378440031,9323.378440031,9323.379588867,9323.390051954,0,COMPLETED,True,0.13491939535015263,1.1488359996292274,10.463087000971427,11.746842395950807
1030,9323.380503485589,9323.380643892,9323.380643892,9323.382097942,9323.392457436,1,COMPLETED,True,0.14040641144674737,1.4540499996655853,10.35949400102254,11.953950412134873
1031,9323.393114399818,9323.393256277,9323.393256277,9323.393870987,9323.403911346,0,COMPLETED,True,0.14187718261382543,0.6147099993540905,10.040359000413446,10.796946182381362
1032,9323.397690790556,9323.397817247,9323.397817247,9323.398632742,9323.409441406,1,COMPLETED,True,0.12645644346775953,0.8154950010066386,10.808663999341661,11.75061544381606
1033,9323.39855445002,9323.398685184,9323.398685184,9323.404213097,9323.414950433,0,COMPLETED,True,0.13073398076812737,5.52791299924138,10.737336000602227,16.395982980611734
1034,9323.399181766463,9323.399309384,9323.399309384,9323.40976283,9323.420365145,1,COMPLETED,True,0.1276175371458521,10.453446000610711,10.60231500014197,21.183378537898534
1035,9323.399459743421,9323.399589677,9323.399589677,9323.415251749,9323.426068501,0,COMPLETED,True,0.1299335781368427,15.662072000850458,10.816751999300322,26.608757578287623
1036,9323.403375122087,9323.403533781,9323.403533781,9323.420764174,9323.431661112,1,COMPLETED,True,0.15865891327848658,17.23039299940865,10.896937999859801,28.28598991254694
1037,9323.415624363284,9323.415779871,9323.415779871,9323.426377703,9323.437083422,0,COMPLETED,True,0.15550771604466718,10.597831998893525,10.705719001634861,21.459058716573054
1038,9323.425754640706,9323.425900676,9323.425900676,9323.4319449,9323.442960721,1,COMPLETED,True,0.14603529416490346,6.044223999197129,11.015821000910364,17.206080294272397
1039,9323.43603867036,9323.436192459,9323.436192459,9323.437381682,9323.448205629,0,COMPLETED,True,0.1537886400910793,1.1892230013472727,10.823946999153122,12.166958640591474
1040,9323.441887649658,9323.442085817,9323.442085817,9323.443291802,9323.45374407,1,COMPLETED,True,0.19816734129562974,1.2059849996148841,10.452268001245102,11.856420342155616
1041,9323.44895791146,9323.449120992,9323.449120992,9323.449689951,9323.462971805,0,COMPLETED,True,0.1630805400054669,0.5689589997928124,13.281854000524618,14.013893540322897
1042,9323.485766202535,9323.485899176,9323.485899176,9323.486603002,9323.497197363,1,COMPLETED,True,0.13297346413310152,0.7038260009721853,10.5943609996757,11.431160464780987
1043,9323.487471758584,9323.487898345,9323.487898345,9323.488455663,9323.499593618,0,COMPLETED,True,0.42658641541493125,0.5573180005740141,11.137954999867361,12.121859415856306
1044,9323.491460973406,9323.491609757,9323.491609757,9323.497559673,9323.508558741,1,COMPLETED,True,0.14878359434078448,5.949915999735822,10.999067999364343,17.09776759344095
1045,9323.493627714599,9323.493771396,9323.493771396,9323.499988654,9323.511008458,0,COMPLETED,True,0.1436814018234145,6.217258000106085,11.019803998351563,17.380743400281062
1046,9323.497963356005,9323.498128488,9323.498128488,9323.508887055,9323.519716659,1,COMPLETED,True,0.16513199443579651,10.758567001175834,10.829603999809478,21.75330299542111
1047,9323.507146351802,9323.507317826,9323.507317826,9323.511353848,9323.522735636,0,COMPLETED,True,0.17147419930552132,4.036021999127115,11.381787999198423,15.58928419763106
1048,9323.514906932336,9323.515076557,9323.515076557,9323.520068081,9323.529735337,1,COMPLETED,True,0.16962466361292172,4.99152399970626,9.667256001193891,14.828404664513073
1049,9323.52857598817,9323.528744059,9323.528744059,9323.529398537,9323.541181464,0,COMPLETED,True,0.16807083011372015,0.6544780007970985,11.782926998421317,12.605475829332136
1050,9323.539417634718,9323.539503849,9323.539503849,9323.539902124,9323.552112951,1,COMPLETED,True,0.08621428241895046,0.39827499858802184,12.210827000671998,12.69531628167897
1051,9323.541590298748,9323.541651661,9323.541651661,9323.542087539,9323.553145278,0,COMPLETED,True,0.06136225238151383,0.43587799882516265,11.057739000534639,11.554979251741315
1052,9323.551781307871,9323.551933199,9323.551933199,9323.55246146,9323.56231419,1,COMPLETED,True,0.15189112855296116,0.5282609999994747,9.85272999969311,10.532882128245546
1053,9323.561110508512,9323.561208904,9323.561208904,9323.561666329,9323.572784621,0,COMPLETED,True,0.09839548874879256,0.457424999694922,11.11829199908243,11.674112487526145
1054,9323.561703501153,9323.561828634,9323.561828634,9323.562666928,9323.573739818,1,COMPLETED,True,0.12513284673332237,0.8382940013689222,11.072889999923063,12.036316848025308
1055,9323.562917242973,9323.563038044,9323.563038044,9323.573203378,9323.584416335,0,COMPLETED,True,0.12080102715117391,10.165334000703297,11.212956998861046,21.499092026715516
1056,9323.56425220579,9323.56434822,9323.56434822,9323.574082202,9323.585153325,1,COMPLETED,True,0.0960142097028438,9.7339820003981,11.07112300087465,20.901119210975594
1057,9323.567524749891,9323.567650427,9323.567650427,9323.584800571,9323.595284185,0,COMPLETED,True,0.12567710837174673,17.15014399997017,10.48361399989517,27.759435108237085
1058,9323.586812590087,9323.586922488,9323.586922488,9323.587330597,9323.597961301,1,COMPLETED,True,0.10989791371684987,0.4081089991814224,10.63070400050492,11.148710913403193
1059,9323.588120159962,9323.588258147,9323.588258147,9323.595662579,9323.607169165,0,COMPLETED,True,0.13798703730572015,7.4044320008397335,11.506585999086383,19.049005037231836
1060,9323.589681502242,9323.589772689,9323.589772689,9323.598334075,9323.609361653,1,COMPLETED,True,0.09118675734498538,8.561386001019855,11.027577998902416,19.680150757267256
1061,9323.600702810716,9323.600798331,9323.600798331,9323.607504394,9323.618719783,0,COMPLETED,True,0.09552028313919436,6.706063000819995,11.215389000426512,18.0169722843857
1062,9323.604295280567,9323.604403275,9323.604403275,9323.609684811,9323.620733712,1,COMPLETED,True,0.10799443225550931,5.2815359995292965,11.048901000322076,16.43843143210688
1063,9323.613613117783,9323.613704882,9323.613704882,9323.619063795,9323.628681485,0,COMPLETED,True,0.09176421735901386,5.358913000236498,9.617689998776768,15.06836721637228
1064,9323.644073759406,9323.644180984,9323.644180984,9323.644665384,9323.655479421,1,COMPLETED,True,0.10722459410317242,0.48439999955007806,10.814037001182442,11.405661594835692
1065,9323.644601505557,9323.64470011,9323.64470011,9323.645006971,9323.657396623,0,COMPLETED,True,0.09860444333753549,0.3068610003538197,12.389651999910711,12.795117443602066
1066,9323.64802613549,9323.648161012,9323.648161012,9323.655875441,9323.66669604,1,COMPLETED,True,0.13487651085597463,7.714428998951917,10.820598999998765,18.669904509806656
1067,9323.654572314015,9323.654637696,9323.654637696,9323.657633745,9323.669487032,0,COMPLETED,True,0.06538198431371711,2.9960490010125795,11.853287000121782,14.914717985448078
1068,9323.67635061003,9323.676440928,9323.676440928,9323.677038428,9323.687841974,1,COMPLETED,True,0.0903179698070744,0.5975000003672903,10.803545999806374,11.491363969980739
1069,9323.679164311929,9323.679250528,9323.679250528,9323.679757613,9323.690309988,0,COMPLETED,True,0.08621607048553415,0.5070850002084626,10.552375000770553,11.14567607146455
1070,9323.688972852435,9323.689073817,9323.689073817,9323.689564533,9323.698522838,1,COMPLETED,True,0.1009645657177316,0.4907160000584554,8.958304999396205,9.549985565172392
1071,9323.706714524393,9323.706768451,9323.706768451,9323.707256574,9323.716351247,0,COMPLETED,True,0.05392660750658251,0.4881229997408809,9.094672999708564,9.636722606956027
1072,9323.71865370829,9323.718787705,9323.718787705,9323.71936747,9323.730067934,1,COMPLETED,True,0.13399670933722518,0.5797649992018705,10.700464001274668,11.414225709813763
1073,9323.721040101884,9323.72119826,9323.72119826,9323.721720854,9323.732614449,0,COMPLETED,True,0.15815811639185995,0.5225940003583673,10.893594999288325,11.574347116038552
1074,9323.722293493951,9323.722477934,9323.722477934,9323.730224103,9323.74144146,1,COMPLETED,True,0.18444004854245577,7.746168999801739,11.217357001441997,19.14796604978619
1075,9323.728974608406,9323.729000214,9323.729000214,9323.732919196,9323.743851813,0,COMPLETED,True,0.025605593691579998,3.9189819999592146,10.93261700043513,14.877204594085924
1076,9323.734211306442,9323.734345498,9323.734345498,9323.741732955,9323.752149447,1,COMPLETED,True,0.1341915576631436,7.387457000731956,10.41649199942185,17.93814055781695
1077,9323.737348771885,9323.737548232,9323.737548232,9323.744212512,9323.754879833,0,COMPLETED,True,0.19946011525462382,6.664279999313294,10.667321001164964,17.531061115732882
1078,9323.73891042736,9323.739090088,9323.739090088,9323.752484656,9323.763473328,1,COMPLETED,True,0.1796606393327238,13.394568000876461,10.988671998347854,24.56290063855704
1079,9323.741990717319,9323.742190022,9323.742190022,9323.755178701,9323.768290595,0,COMPLETED,True,0.19930468079110142,12.988679000045522,13.111894000758184,26.299877681594808
1080,9323.7541850992,9323.75434998,9323.75434998,9323.763788506,9323.775386608,1,COMPLETED,True,0.16488079927512445,9.438525999939884,11.598102000789368,21.201508800004376
1081,9323.756749724176,9323.756924679,9323.756924679,9323.768610929,9323.779460148,0,COMPLETED,True,0.1749548246152699,11.686249999911524,10.849218999283039,22.710423823809833
1082,9323.75783171467,9323.757961897,9323.757961897,9323.775735256,9323.787971817,1,COMPLETED,True,0.1301823285757564,17.773359000784694,12.236561000463553,30.140102329824003
1083,9323.763079999482,9323.763214614,9323.763214614,9323.779788548,9323.791682134,0,COMPLETED,True,0.1346145181742031,16.57393399909779,11.893586000951473,28.602134518223465
1084,9323.76711572145,9323.767268964,9323.767268964,9323.788288572,9323.79895368,1,COMPLETED,True,0.15324255036830436,21.01960799882363,10.665108000466716,31.83795854965865
1085,9323.769837413001,9323.77006779,9323.77006779,9323.792065287,9323.802730215,0,COMPLETED,True,0.2303769979334902,21.997497000484145,10.6649280005513,32.892801998968935
1086,9323.784112701349,9323.784313296,9323.784313296,9323.799249787,9323.810476873,1,COMPLETED,True,0.20059465168742463,14.936490999389207,11.227086000872077,26.36417165194871
1087,9323.785174476363,9323.785363141,9323.785363141,9323.803040583,9323.813809764,0,COMPLETED,True,0.1886646368802758,17.677441999694565,10.76918100079638,28.63528763737122
1088,9323.786132683663,9323.786334356,9323.786334356,9323.810791268,9323.821991462,1,COMPLETED,True,0.20167233742540702,24.45691200045985,11.200193999684416,35.858778337569674
1089,9323.79638939777,9323.796524502,9323.796524502,9323.814130206,9323.825190718,0,COMPLETED,True,0.13510423013940454,17.605703998924582,11.06051200076763,28.801320229831617
1090,9323.79741376203,9323.79753808,9323.79753808,9323.822262042,9323.833432792,1,COMPLETED,True,0.12431797040335368,24.723962000280153,11.170750000019325,36.01902997070283
1091,9323.802035243298,9323.802236571,9323.802236571,9323.825557423,9323.836651163,0,COMPLETED,True,0.2013277025980642,23.32085200032452,11.093739998614183,34.61591970153677
1092,9323.808130886748,9323.808387525,9323.808387525,9323.833724575,9323.844538311,1,COMPLETED,True,0.2566382518125465,25.337050001326133,10.813735998453922,36.4074242515926
1093,9323.810687012547,9323.810748644,9323.810748644,9323.836808926,9323.847318038,0,COMPLETED,True,0.061631453718291596,26.060281999889412,10.50911200036353,36.63102545397123
1094,9323.813109083736,9323.813240736,9323.813240736,9323.844878551,9323.855463291,1,COMPLETED,True,0.13165226482669823,31.63781500006735,10.584739999103476,42.35420726399752
1095,9323.814207823954,9323.814398695,9323.814398695,9323.847696505,9323.8586792,0,COMPLETED,True,0.19087104556092527,33.29780999956711,10.982695001075626,44.47137604620366
1096,9323.816689441992,9323.816824024,9323.816824024,9323.855623139,9323.866669655,1,COMPLETED,True,0.13458200737659354,38.79911500007438,11.046516001442797,49.98021300889377
1097,9323.823041282467,9323.823195248,9323.823195248,9323.85884082,9323.869554059,0,COMPLETED,True,0.15396553317259531,35.645571999339154,10.713239000324393,46.51277653283614
1098,9323.836306740477,9323.836459412,9323.836459412,9323.86698421,9323.877806212,1,COMPLETED,True,0.15267152230080683,30.524798001351883,10.822001999258646,41.499471522911335
1099,9323.8486072039,9323.848793461,9323.848793461,9323.869915182,9323.880701503,0,COMPLETED,True,0.18625710072228685,21.121720999872196,10.786320999613963,32.094299100208445
1100,9323.857731122836,9323.857927788,9323.857927788,9323.878138463,9323.888797332,1,COMPLETED,True,0.19666516345751006,20.210675000271294,10.65886899959878,31.066209163327585
1101,9323.872380143195,9323.872527507,9323.872527507,9323.8809979,9323.891545643,0,COMPLETED,True,0.1473638039897196,8.470393000607146,10.547743000643095,19.16549980523996
1102,9323.873418445199,9323.873607355,9323.873607355,9323.889116863,9323.899749008,1,COMPLETED,True,0.1889098020910751,15.509507999013294,10.63214500027243,26.3305628013768
1103,9323.874030361034,9323.874211873,9323.874211873,9323.891881373,9323.902575765,0,COMPLETED,True,0.1815119667298859,17.66949999910139,10.694392000004882,28.545403965836158
1104,9323.890231247382,9323.890369987,9323.890369987,9323.900136747,9323.9106953,1,COMPLETED,True,0.1387396187055856,9.76675999845611,10.558553000009852,20.464052617171546
1105,9323.89294181763,9323.893072871,9323.893072871,9323.902900453,9323.9137307,0,COMPLETED,True,0.13105336984153837,9.827582000070834,10.830246999830706,20.788882369743078
1106,9323.89470471883,9323.894832634,9323.894832634,9323.911029229,9323.92173734,1,COMPLETED,True,0.1279151692870073,16.196595001019887,10.708110999985365,27.03262117029226
1107,9323.90275387153,9323.903167904,9323.903167904,9323.914089051,9323.924711429,0,COMPLETED,True,0.41403246905247215,10.92114700077218,10.62237799851573,21.957557468340383
1108,9323.903699836588,9323.90382525,9323.90382525,9323.922080728,9323.932598439,1,COMPLETED,True,0.1254134112969041,18.25547800035565,10.517710999920382,28.898602411572938
1109,9323.910748035594,9323.910886976,9323.910886976,9323.925058066,9323.935269652,0,COMPLETED,True,0.1389404060319066,14.171089998853859,10.211586000878015,24.52161640576378
1110,9323.911288148978,9323.911843912,9323.911843912,9323.932963347,9323.943618385,1,COMPLETED,True,0.5557630211114883,21.119435001310194,10.655037998731132,32.330236021152814
1111,9323.912523045914,9323.912654438,9323.912654438,9323.935431777,9323.946926175,0,COMPLETED,True,0.13139208567736205,22.777338999731,11.494398000650108,34.40312908605847
1112,9323.92623332292,9323.926369418,9323.926369418,9323.943927897,9323.955417995,1,COMPLETED,True,0.13609508096124046,17.558478999490035,11.490097998830606,29.18467207928188
1113,9323.935041100194,9323.9353042,9323.9353042,9323.947256527,9323.958677375,0,COMPLETED,True,0.2630998060340062,11.952327000471996,11.420847999033867,23.63627480553987
1114,9323.945665798323,9323.945844367,9323.945844367,9323.955715222,9323.965178793,1,COMPLETED,True,0.17856867634691298,9.870855001281598,9.463570999287185,19.512994676915696
1115,9323.970041285585,9323.970182744,9323.970182744,9323.970832548,9323.981623068,0,COMPLETED,True,0.1414584148733411,0.6498040002043126,10.790520000227843,11.581782415305497
1116,9323.970926048492,9323.971061775,9323.971061775,9323.971486914,9323.98215357,1,COMPLETED,True,0.13572650823334698,0.4251390000717947,10.666655998647911,11.227521506953053
1117,9323.97654486577,9323.976676258,9323.976676258,9323.981924217,9323.992830904,0,COMPLETED,True,0.13139222937752493,5.247958999461844,10.906687000897364,16.286038229736732
1118,9323.97658348737,9323.97677125,9323.97677125,9323.982497773,9323.99314167,1,COMPLETED,True,0.18776262913888786,5.72652300070331,10.643896999681601,16.5581826295238
1119,9323.992559879298,9323.992713881,9323.992713881,9323.99336495,9324.002331482,0,COMPLETED,True,0.15400170195789542,0.651069000014104,8.966531999249128,9.771602701221127
1120,9324.009336435269,9324.009483379,9324.009483379,9324.01013091,9324.019688736,1,COMPLETED,True,0.14694373203383293,0.6475309983215993,9.55782600067323,10.352300731028663
1121,9324.019006578157,9324.019220663,9324.019220663,9324.019843753,9324.030111473,0,COMPLETED,True,0.2140848428098252,0.6230899998627137,10.267719999319525,11.104894841992063
1122,9324.024653058807,9324.024792547,9324.024792547,9324.025476016,9324.036480352,1,COMPLETED,True,0.13948819287179504,0.6834690011601197,11.004336000041803,11.827293194073718
1123,9324.02528480769,9324.02541544,9324.02541544,9324.030460292,9324.041421696,0,COMPLETED,True,0.13063231017440557,5.044851999628008,10.961403999317554,16.136888309119968
1124,9324.030986874546,9324.031128493,9324.031128493,9324.036831405,9324.047654728,1,COMPLETED,True,0.14161845319904387,5.702911999833304,10.823323000295204,16.667853453327552
1125,9324.032097327126,9324.0322886,9324.0322886,9324.041769551,9324.053967201,0,COMPLETED,True,0.19127287305309437,9.48095100102364,12.19764999950712,21.869873873583856
1126,9324.033538360354,9324.033664414,9324.033664414,9324.04796498,9324.059061108,1,COMPLETED,True,0.12605364645423833,14.300565999292303,11.096128000644967,25.522747646391508
1127,9324.03715224607,9324.03733999,9324.03733999,9324.05430142,9324.065051279,0,COMPLETED,True,0.1877439299278194,16.96142999935546,10.749859000497963,27.899032929781242
1128,9324.045637230358,9324.045782699,9324.045782699,9324.059423595,9324.075074403,1,COMPLETED,True,0.14546864258591086,13.640895998833003,15.65080799991847,29.437172641337384
1129,9324.05447004685,9324.054734936,9324.054734936,9324.065416803,9324.07566759,0,COMPLETED,True,0.26488914954825304,10.681866999220802,10.250786999677075,21.19754314844613
1130,9324.073794713939,9324.073906243,9324.073906243,9324.075424574,9324.084866716,1,COMPLETED,True,0.11152906154165976,1.5183310006250395,9.442141999898013,11.072002062064712
1131,9324.08842322261,9324.088605871,9324.088605871,9324.089138129,9324.099526788,0,COMPLETED,True,0.1826483894546982,0.5322580000211019,10.388659000454936,11.103565389930736
1132,9324.090719480098,9324.090864383,9324.090864383,9324.091318525,9324.102070582,1,COMPLETED,True,0.14490290232060943,0.45414199848892167,10.7520569999906,11.351101900800131
1133,9324.092553422051,9324.092666295,9324.092666295,9324.099857684,9324.110794959,0,COMPLETED,True,0.11287294910289347,7.191388998762704,10.937275001197122,18.24153694906272
1134,9324.099812851644,9324.100142132,9324.100142132,9324.102383064,9324.113678609,1,COMPLETED,True,0.3292803557997104,2.240932000859175,11.29554499857477,13.865757355233654
1135,9324.101846470023,9324.10207474,9324.10207474,9324.111177221,9324.121971987,0,COMPLETED,True,0.22826997701486107,9.102481000809348,10.794765999889933,20.125516977714142
1136,9324.11120819265,9324.111315902,9324.111315902,9324.113977111,9324.124619371,1,COMPLETED,True,0.10770935114123859,2.6612089986883802,10.64226000016788,13.411178349997499
1137,9324.125812795175,9324.125929394,9324.125929394,9324.126494093,9324.135823685,0,COMPLETED,True,0.11659882511594333,0.5646989993692841,9.329591999630793,10.01088982411602
1138,9324.1326560451,9324.132753489,9324.132753489,9324.133348354,9324.142330747,1,COMPLETED,True,0.09744390081323218,0.594864999584388,8.98239299931447,9.67470189971209
1139,9324.145446060586,9324.145487718,9324.145487718,9324.146224552,9324.157030235,0,COMPLETED,True,0.0416574148403015,0.7368339993263362,10.805682999489363,11.584174413656001
1140,9324.147390508875,9324.147512173,9324.147512173,9324.148072849,9324.158861256,1,COMPLETED,True,0.1216641248902306,0.5606760005321121,10.788407000291045,11.470747125713388
1141,9324.150185527493,9324.150302775,9324.150302775,9324.157362553,9324.167159889,0,COMPLETED,True,0.11724750766006764,7.059777999529615,9.797336000701762,16.974361507891444
1142,9324.16473617255,9324.164893685,9324.164893685,9324.165506576,9324.176325004,1,COMPLETED,True,0.15751244973216671,0.6128910008555977,10.818427999765845,11.58883145035361
1143,9324.166895421138,9324.167037416,9324.167037416,9324.167564227,9324.17799416,0,COMPLETED,True,0.14199486213328782,0.5268109998723958,10.429932999613811,11.098738861619495
1144,9324.174727654672,9324.174865304,9324.174865304,9324.176479174,9324.186006943,1,COMPLETED,True,0.13764932737103663,1.6138700011651963,9.527768999760156,11.279288328296388
1145,9324.187865447162,9324.187916808,9324.187916808,9324.188661822,9324.20202428,0,COMPLETED,True,0.051360837460379116,0.7450140001310501,13.362458001211053,14.158832838802482
1146,9324.22575457351,9324.225889833,9324.225889833,9324.226380438,9324.236461642,1,COMPLETED,True,0.1352594899799442,0.4906049998680828,10.081204000016442,10.707068489864469
1147,9324.228950176606,9324.229092289,9324.229092289,9324.229550332,9324.242510091,0,COMPLETED,True,0.14211239431460854,0.4580429995257873,12.95975900029589,13.559914394136285
1148,9324.23493133625,9324.23502474,9324.23502474,9324.236834018,9324.247947061,1,COMPLETED,True,0.09340375072497409,1.809277999200276,11.113042999568279,13.015724749493529
1149,9324.24450749703,9324.244667038,9324.244667038,9324.245181449,9324.258148041,0,COMPLETED,True,0.15954097034409642,0.514411000040127,12.9665920012485,13.640543971632724
1150,9324.249449552855,9324.249547215,9324.249547215,9324.250179926,9324.261491591,1,COMPLETED,True,0.09766214498085901,0.6327110004349379,11.311664999084314,12.042038144500111
1151,9324.25044770719,9324.250539927,9324.250539927,9324.258519875,9324.270005161,0,COMPLETED,True,0.09221980872098356,7.979948000865988,11.48528600060672,19.557453810193692
1152,9324.25140784743,9324.251499433,9324.251499433,9324.261839854,9324.272383238,1,COMPLETED,True,0.0915855689527234,10.340421000364586,10.54338399990229,20.9753905692196
1153,9324.258925621736,9324.259072443,9324.259072443,9324.270461547,9324.281786591,0,COMPLETED,True,0.146821263115271,11.389104000045336,11.325044000841444,22.86096926400205
1154,9324.264315839244,9324.2644264,9324.2644264,9324.272668308,9324.283219275,1,COMPLETED,True,0.11056075527449138,8.241908000854892,10.550966999289813,18.903435755419196
1155,9324.272801425166,9324.272984453,9324.272984453,9324.28212912,9324.293622275,0,COMPLETED,True,0.18302783428225666,9.144666999418405,11.493154999698163,20.820849833398825
1156,9324.280756963406,9324.280870512,9324.280870512,9324.283565617,9324.295027652,1,COMPLETED,True,0.11354859452694654,2.695104998565512,11.462035001386539,14.270688594478997
1157,9324.310665379795,9324.310806844,9324.310806844,9324.311393091,9324.320272149,0,COMPLETED,True,0.14146420471661258,0.5862470006832154,8.879057999365614,9.606769204765442
1158,9324.329443146555,9324.329583645,9324.329583645,9324.330228838,9324.343615892,1,COMPLETED,True,0.14049844503460918,0.6451930003095185,13.387053999394993,14.172745444739121
1159,9324.330992945042,9324.331197078,9324.331197078,9324.331797808,9324.342425294,0,COMPLETED,True,0.20413295715115964,0.6007299998600502,10.627486000885256,11.432348957896465
1160,9324.335684213736,9324.335911113,9324.335911113,9324.342606209,9324.353360879,0,COMPLETED,True,0.22689926299790386,6.69509600083984,10.754670000096667,17.67666526393441
1161,9324.335710539135,9324.336102283,9324.336102283,9324.344194302,9324.355244644,1,COMPLETED,True,0.39174386438389774,8.092019001196604,11.050342000089586,19.534104865670088
1162,9324.372894168013,9324.373034882,9324.373034882,9324.373611999,9324.382219918,0,COMPLETED,True,0.14071398800297175,0.5771169999206904,8.607918998677633,9.325749986601295
1163,9324.379589039527,9324.379725046,9324.379725046,9324.380458148,9324.39361917,1,COMPLETED,True,0.13600647253042553,0.733102000594954,13.16102199962188,14.03013047274726
1164,9324.394365816377,9324.394505639,9324.394505639,9324.395101861,9324.404351278,0,COMPLETED,True,0.13982262316858396,0.5962220002402319,9.249417000319227,9.985461623728042
1165,9324.40642026891,9324.40656048,9324.40656048,9324.407274315,9324.419602264,1,COMPLETED,True,0.14021109018358402,0.7138350010791328,12.32794899988221,13.181995091144927
1166,9324.408776815795,9324.408915637,9324.408915637,9324.409546165,9324.420378547,0,COMPLETED,True,0.13882120401831344,0.6305280003289226,10.83238200044434,11.601731204791577
1167,9324.409271654631,9324.409417611,9324.409417611,9324.420145847,9324.432955769,1,COMPLETED,True,0.1459563682146836,10.728236000431934,12.809922000087681,23.6841143687343
1168,9324.412074611459,9324.412232763,9324.412232763,9324.420798027,9324.43181556,0,COMPLETED,True,0.15815154074516613,8.565264000935713,11.017532999176183,19.74094854085706
1169,9324.419131034216,9324.419319365,9324.419319365,9324.432196225,9324.443580595,0,COMPLETED,True,0.1883307850221172,12.876859998868895,11.384370000087074,24.449560783978086
1170,9324.423895551283,9324.42404569,9324.42404569,9324.433359782,9324.444624202,1,COMPLETED,True,0.1501387177995639,9.314091999840457,11.264419999861275,20.728650717501296
1171,9324.454098637323,9324.454223241,9324.454223241,9324.454686194,9324.46437963,0,COMPLETED,True,0.12460367724997923,0.46295299944176804,9.693436000816291,10.280992677508038
1172,9324.45831175066,9324.458413014,9324.458413014,9324.458798901,9324.468806252,1,COMPLETED,True,0.10126333836524282,0.38588700044783764,10.007351000240305,10.494501339053386
1173,9324.49549377351,9324.495630847,9324.495630847,9324.496150308,9324.505527902,0,COMPLETED,True,0.13707348989555612,0.519461000294541,9.377594000397949,10.034128490588046
1174,9324.506606754574,9324.506744905,9324.506744905,9324.507310648,9324.516972582,1,COMPLETED,True,0.13815042620990425,0.5657429992425023,9.661934000178007,10.365827425630414
1175,9324.536187926962,9324.536359574,9324.536359574,9324.537180222,9324.550755402,0,COMPLETED,True,0.17164703785965685,0.8206479997170391,13.57518000077107,14.567475038347766
1176,9324.540844153256,9324.540965511,9324.540965511,9324.541417489,9324.552445297,1,COMPLETED,True,0.12135774341004435,0.45197799954621587,11.027808001017547,11.601143743973807
1177,9324.54502612432,9324.54512214,9324.54512214,9324.550979316,9324.56254347,0,COMPLETED,True,0.09601567944628187,5.857176000063191,11.564153999643167,17.51734567915264
1178,9324.554612657,9324.554713826,9324.554713826,9324.555411454,9324.566223771,1,COMPLETED,True,0.10116900011780672,0.697627998306416,10.812317001182237,11.61111399960646
1179,9324.559563526793,9324.55969659,9324.55969659,9324.56287663,9324.574740681,0,COMPLETED,True,0.13306320761330426,3.1800399992789607,11.864051000884501,15.177154207776766
1180,9324.561658571967,9324.56177761,9324.56177761,9324.566377058,9324.577329273,1,COMPLETED,True,0.11903803351742681,4.599447998771211,10.952214999633725,15.670701031922363
1181,9324.561887917087,9324.562005733,9324.562005733,9324.575082963,9324.586903434,0,COMPLETED,True,0.11781591274484526,13.077229999908013,11.820470999737154,25.015516912390012
1182,9324.567605227938,9324.567743673,9324.567743673,9324.57763574,9324.588516979,1,COMPLETED,True,0.1384450624755118,9.892066998872906,10.881239000809728,20.911751062158146
1183,9324.571221879934,9324.571409849,9324.571409849,9324.587226302,9324.602846175,0,COMPLETED,True,0.18796906624629628,15.81645299847878,15.619873000105144,31.62429506483022
1184,9324.586096361025,9324.586257986,9324.586257986,9324.588860724,9324.599268517,1,COMPLETED,True,0.1616249755898025,2.6027379990409827,10.407793000922538,13.172155975553324
1185,9324.58812737413,9324.588243262,9324.588243262,9324.599651032,9324.610651134,1,COMPLETED,True,0.11588786946958862,11.407770000005257,11.00010200025281,22.523759869727655
1186,9324.599148991187,9324.599249145,9324.599249145,9324.603237115,9324.615071087,0,COMPLETED,True,0.10015381303674076,3.9879699997982243,11.83397200111358,15.922095813948545
1187,9324.61068650821,9324.610780704,9324.610780704,9324.611545678,9324.622442784,1,COMPLETED,True,0.09419579146197066,0.7649740000488237,10.897105999902124,11.756275791412918
1188,9324.611391252116,9324.611557856,9324.611557856,9324.615410411,9324.626454725,0,COMPLETED,True,0.16660388428135775,3.8525549989572028,11.044314000173472,15.063472883412032
1189,9324.640438859604,9324.64052958,9324.64052958,9324.641047787,9324.651469917,1,COMPLETED,True,0.09072039574675728,0.5182069999136729,10.422130000733887,11.031057396394317
1190,9324.642702535954,9324.642784959,9324.642784959,9324.643354952,9324.655645669,0,COMPLETED,True,0.0824230464786524,0.5699930006812792,12.290716998904827,12.943133046064759
1191,9324.662733908493,9324.662825313,9324.662825313,9324.663329756,9324.673044246,1,COMPLETED,True,0.09140450674749445,0.5044429999543354,9.714489999169018,10.310337505870848
1192,9324.672105071308,9324.672250118,9324.672250118,9324.672946842,9324.686201274,0,COMPLETED,True,0.14504669161397032,0.6967240005906206,13.254432000394445,14.096202692599036
1193,9324.685956390824,9324.686079541,9324.686079541,9324.686899937,9324.697476789,1,COMPLETED,True,0.12315017556829844,0.8203960005630506,10.576852000667714,11.520398176799063
1194,9324.694660110576,9324.694746288,9324.694746288,9324.695469029,9324.705035275,0,COMPLETED,True,0.08617742423666641,0.7227410005725687,9.566245998939849,10.375164423749084
1195,9324.70349917219,9324.703588607,9324.703588607,9324.704406164,9324.716822484,1,COMPLETED,True,0.08943481043388601,0.8175570001185406,12.416319999829284,13.32331181038171
1196,9324.715535351113,9324.715693415,9324.715693415,9324.716368438,9324.726372161,0,COMPLETED,True,0.15806388728378806,0.6750229986209888,10.003723000409082,10.836809886313858
1197,9324.718220283175,9324.718364248,9324.718364248,9324.719024595,9324.732454276,1,COMPLETED,True,0.14396482401934918,0.6603470010304591,13.429680999252014,14.233992824301822
1198,9324.718406953729,9324.718471939,9324.718471939,9324.726531003,9324.737638516,0,COMPLETED,True,0.06498527181975078,8.059063999098726,11.107513000752078,19.231562271670555
1199,9324.73185101645,9324.731945583,9324.731945583,9324.732657986,9324.743969317,1,COMPLETED,True,0.0945665506151272,0.7124029998522019,11.311330999888014,12.118300550355343
1200,9324.73876356408,9324.738862944,9324.738862944,9324.739341501,9324.750196231,0,COMPLETED,True,0.09937991853803396,0.4785569999512518,10.854730000573909,11.432666919063195
1201,9324.744147035179,9324.744251709,9324.744251709,9324.745069688,9324.755781717,1,COMPLETED,True,0.10467382162460126,0.817979000203195,10.712028999478207,11.634681821306003
1202,9324.747938264556,9324.748143543,9324.748143543,9324.750499707,9324.761443651,0,COMPLETED,True,0.2052784439001698,2.3561639991385164,10.94394400024612,13.505386443284806
1203,9324.755523271095,9324.755646409,9324.755646409,9324.756450468,9324.766675404,1,COMPLETED,True,0.12313790466578212,0.8040590000746306,10.224936000668094,11.152132905408507
1204,9324.762459468458,9324.762586598,9324.762586598,9324.763165295,9324.772667513,0,COMPLETED,True,0.12712954230664764,0.578696999582462,9.502217999397544,10.208044541286654
1205,9324.77272494501,9324.772992138,9324.772992138,9324.773576851,9324.782953409,1,COMPLETED,True,0.26719298875832465,0.5847129996254807,9.376558000440127,10.228463988823933
1206,9324.788529893625,9324.788682659,9324.788682659,9324.789308171,9324.798573519,0,COMPLETED,True,0.15276537487807218,0.6255120006244397,9.265347998734796,10.043625374237308
1207,9324.804507348377,9324.804677208,9324.804677208,9324.805455214,9324.817622148,1,COMPLETED,True,0.16985962247417774,0.7780060004733969,12.166934000561014,13.114799623508588
1208,9324.822872426115,9324.82301439,9324.82301439,9324.823645128,9324.834731113,0,COMPLETED,True,0.14196388474374544,0.6307380008365726,11.085984999226639,11.858686884806957
1209,9324.823694556884,9324.823788742,9324.823788742,9324.824165311,9324.835382489,1,COMPLETED,True,0.09418511581316125,0.37656899985449854,11.217178000151762,11.687932115819422
1210,9324.824564745928,9324.824737914,9324.824737914,9324.835172041,9324.84622809,0,COMPLETED,True,0.17316807134193368,10.434126999825821,11.056049001126667,21.66334407229442
1211,9324.835689666632,9324.835832629,9324.835832629,9324.836514421,9324.847446865,1,COMPLETED,True,0.14296236804511864,0.6817920002504252,10.932443999990937,11.757198368286481
1212,9324.837270683134,9324.837480813,9324.837480813,9324.846542969,9324.857739376,0,COMPLETED,True,0.21012986508139875,9.062156001164112,11.196407000170439,20.46869286641595
1213,9324.840489304777,9324.840656475,9324.840656475,9324.847787306,9324.858383623,1,COMPLETED,True,0.16717022299417295,7.130830999813043,10.5963169989991,17.894318221806316
1214,9324.841327578113,9324.841471692,9324.841471692,9324.857901483,9324.868569918,0,COMPLETED,True,0.14411388656299096,16.429790999609395,10.6684350012074,27.242339887379785
1215,9324.844684380454,9324.844853408,9324.844853408,9324.85869635,9324.869531445,1,COMPLETED,True,0.16902754578040913,13.842942000337644,10.835094999492867,24.84706454561092
1216,9324.849496002738,9324.849661006,9324.849661006,9324.868930443,9324.879976799,0,COMPLETED,True,0.16500326091772877,19.269437001639744,11.046355999496882,30.480796262054355
1217,9324.862544236095,9324.862724037,9324.862724037,9324.869868192,9324.880635683,1,COMPLETED,True,0.17980090524361003,7.144154998968588,10.767490999569418,18.091446903781616
1218,9324.867477198793,9324.867644615,9324.867644615,9324.880296824,9324.898894829,0,COMPLETED,True,0.16741620675020386,12.652208999497816,18.598005000967532,31.417630207215552
1219,9324.867644324437,9324.867777913,9324.867777913,9324.880947653,9324.891044118,1,COMPLETED,True,0.13358856267586816,13.169740001103492,10.096464999151067,23.399793562930427
1220,9324.869339585823,9324.869509908,9324.869509908,9324.89137387,9324.901471204,1,COMPLETED,True,0.17032217692758422,21.863961999770254,10.097334001329727,32.131618178027566
1221,9324.87186614762,9324.872041789,9324.872041789,9324.899249022,9324.909902026,0,COMPLETED,True,0.17564138033776544,27.20723300080863,10.653003999323118,38.03587838046951
1222,9324.874863019293,9324.875025044,9324.875025044,9324.901783246,9324.9204783,1,COMPLETED,True,0.1620247076061787,26.75820199874579,18.695054001000244,45.61528070735221
1223,9324.880831753908,9324.881038087,9324.881038087,9324.910256765,9324.920164059,0,COMPLETED,True,0.2063330921373563,29.21867800068867,9.90729399927659,39.332305092102615
1224,9324.89584217692,9324.896128151,9324.896128151,9324.920486668,9324.931444532,0,COMPLETED,True,0.28597407981578726,24.35851699920022,10.957864000374684,35.60235507939069
1225,9324.896788087977,9324.896932374,9324.896932374,9324.920786202,9324.931939059,1,COMPLETED,True,0.1442860229872167,23.85382799911895,11.152857001434313,35.15097102354048
1226,9324.902560770368,9324.902739784,9324.902739784,9324.931754537,9324.942662587,0,COMPLETED,True,0.17901363207784016,29.01475299950107,10.90805000058026,40.10181663215917
1227,9324.91326261432,9324.913425215,9324.913425215,9324.932317815,9324.942892401,1,COMPLETED,True,0.16260067968687508,18.892600000981474,10.574586000075215,29.629786680743564
1228,9324.913596391765,9324.914010408,9324.914010408,9324.943000627,9324.954109323,0,COMPLETED,True,0.4140162345720455,28.99021899975196,11.108696000519558,40.51293123484356
1229,9324.915307768944,9324.915458875,9324.915458875,9324.943210572,9324.954196452,1,COMPLETED,True,0.15110605636436958,27.751696999985143,10.985879998770542,38.888683055120055
1230,9324.943739808792,9324.943891323,9324.943891323,9324.954430529,9324.963385492,0,COMPLETED,True,0.1515142084826948,10.539205999521073,8.9549629992689,19.64568320727267
1231,9324.965641621067,9324.965904331,9324.965904331,9324.966511228,9324.977111462,1,COMPLETED,True,0.2627099329401972,0.6068969996704254,10.60023399986676,11.469840932477382
1232,9324.970205930611,9324.97035967,9324.97035967,9324.971002542,9324.982115229,0,COMPLETED,True,0.15373938913398888,0.6428720007534139,11.112686999695143,11.909298389582545
1233,9324.973575719026,9324.973802151,9324.973802151,9324.977417948,9324.98713307,1,COMPLETED,True,0.22643197371507995,3.6157969989289995,9.715122001580312,13.557350974224391
1234,9324.987451534413,9324.987607623,9324.987607623,9324.988196641,9324.99885862,0,COMPLETED,True,0.1560885866638273,0.5890180000278633,10.661979000360589,11.40708558705228
1235,9324.988240689163,9324.98838276,9324.98838276,9324.988841682,9325.001745419,1,COMPLETED,True,0.14207083768269513,0.4589219988702098,12.903737000669935,13.50472983722284
1236,9324.99473697002,9324.994900064,9324.994900064,9324.99917162,9325.010157779,0,COMPLETED,True,0.1630939805181697,4.271555999366683,10.986158999003237,15.42080897888809
1237,9325.001640167458,9325.001798589,9325.001798589,9325.002327357,9325.013123996,1,COMPLETED,True,0.15842154243728146,0.5287679996399675,10.796638998726849,11.483828540804097
1238,9325.005364102653,9325.005562002,9325.005562002,9325.010346021,9325.021758424,0,COMPLETED,True,0.19789934594882652,4.784018999998807,11.412403000576887,16.39432134652452
1239,9325.010082194654,9325.010185103,9325.010185103,9325.013458599,9325.024960681,1,COMPLETED,True,0.10290834507031832,3.2734960004745517,11.502081999424263,14.878486344969133
1240,9325.01080637271,9325.010908291,9325.010908291,9325.022049453,9325.033322552,0,COMPLETED,True,0.10191829096584115,11.141162000058102,11.273099000391085,22.51617929141503
1241,9325.02094087605,9325.021114098,9325.021114098,9325.025305337,9325.036438407,1,COMPLETED,True,0.17322195162705611,4.191238998828339,11.133070000141743,15.497530950597138
1242,9325.022383866042,9325.022538656,9325.022538656,9325.033680761,9325.045121386,0,COMPLETED,True,0.1547899573779432,11.142105000544689,11.440624999522697,22.73751995744533
1243,9325.025663622566,9325.025821645,9325.025821645,9325.036737632,9325.047398662,1,COMPLETED,True,0.15802243433427066,10.915986998952576,10.66103000084695,21.735039434133796
1244,9325.030720852506,9325.030832294,9325.030832294,9325.045457969,9325.056431993,0,COMPLETED,True,0.11144149357278366,14.625674999479088,10.974024000461213,25.711140493513085
1245,9325.036429359881,9325.036657696,9325.036657696,9325.047704834,9325.058681852,1,COMPLETED,True,0.2283361191075528,11.04713799941237,10.977018000630778,22.252492119150702
1246,9325.051895146658,9325.051963067,9325.051963067,9325.056707671,9325.067831556,0,COMPLETED,True,0.06792034218960907,4.744603998915409,11.123885000415612,15.93640934152063
1247,9325.054382393282,9325.05441959,9325.05441959,9325.059012938,9325.069708485,1,COMPLETED,True,0.037196718039922416,4.593347999616526,10.695547000068473,15.326091717724921
1248,9325.0599787538,9325.06015293,9325.06015293,9325.068168888,9325.077673181,0,COMPLETED,True,0.17417620074411388,8.015957999305101,9.504293000645703,17.694427200694918
1249,9325.080730901867,9325.080853608,9325.080853608,9325.081271472,9325.090551977,1,COMPLETED,True,0.12270613297005184,0.41786399924603757,9.280505000788253,9.821075133004342
1250,9325.090594409254,9325.090720232,9325.090720232,9325.091373838,9325.100997413,0,COMPLETED,True,0.12582274575834163,0.6536060009239009,9.623574998840922,10.403003745523165
1251,9325.121841815644,9325.121940937,9325.121940937,9325.122709426,9325.133326086,1,COMPLETED,True,0.09912135647027753,0.768488998801331,10.616659999868716,11.484270355140325
1252,9325.12427977371,9325.124369643,9325.124369643,9325.124958816,9325.136181886,0,COMPLETED,True,0.08986928878584877,0.5891730015719077,11.22306999968714,11.902112290044897
1253,9325.13143525093,9325.131610768,9325.131610768,9325.133755848,9325.144513054,1,COMPLETED,True,0.1755170687829377,2.1450800013553817,10.757205998743302,13.077803068881622
1254,9325.134549449836,9325.134702423,9325.134702423,9325.136595929,9325.147397715,0,COMPLETED,True,0.15297316349460743,1.8935059997602366,10.801786000229185,12.84826516348403
1255,9325.141116158118,9325.1412122,9325.1412122,9325.144876074,9325.155641186,1,COMPLETED,True,0.09604188198863994,3.663874000267242,10.765111999717192,14.525027881973074
1256,9325.145593948922,9325.145689685,9325.145689685,9325.14754883,9325.159118245,0,COMPLETED,True,0.09573607712809462,1.8591450007079402,11.569414999030414,13.524296076866449
1257,9325.146755275975,9325.146853802,9325.146853802,9325.155972306,9325.166278814,1,COMPLETED,True,0.09852602488535922,9.11850400007097,10.306508000212489,19.52353802516882
1258,9325.161908524788,9325.162026006,9325.162026006,9325.162687469,9325.173786574,0,COMPLETED,True,0.11748121323762462,0.6614629983232589,11.099105000539566,11.87804921210045
1259,9325.165470035563,9325.165630972,9325.165630972,9325.166570094,9325.177688503,1,COMPLETED,True,0.16093643716885708,0.939121999181225,11.118409000118845,12.218467436468927
1260,9325.165543293873,9325.16575547,9325.16575547,9325.174089091,9325.185838824,0,COMPLETED,True,0.21217612629698124,8.33362100092927,11.749732999305706,20.295530126531958
1261,9325.168101283558,9325.168313554,9325.168313554,9325.177992495,9325.188613907,1,COMPLETED,True,0.2122704427165445,9.678940999947372,10.621411998727126,20.512623441391042
1262,9325.179832113392,9325.17998171,9325.17998171,9325.186171111,9325.197525567,0,COMPLETED,True,0.14959660802560393,6.189400999573991,11.354456000844948,17.693453608444543
1263,9325.181944740336,9325.182092765,9325.182092765,9325.188938225,9325.200991309,1,COMPLETED,True,0.14802466466790065,6.845459998658043,12.05308400130889,19.046568664634833
1264,9325.187464751261,9325.187681899,9325.187681899,9325.197862595,9325.207561359,0,COMPLETED,True,0.21714773902203888,10.180695999224554,9.698764000859228,20.09660773910582
1265,9325.206997913412,9325.207200027,9325.207200027,9325.207809672,9325.217796772,1,COMPLETED,True,0.20211358787491918,0.6096449997130549,9.987100000216742,10.798858587804716
1266,9325.212844248093,9325.213038598,9325.213038598,9325.213664404,9325.224884739,0,COMPLETED,True,0.1943499064509524,0.625806000243756,11.220334999961779,12.040490906656487
1267,9325.216856006678,9325.216989281,9325.216989281,9325.218110676,9325.22901346,1,COMPLETED,True,0.1332743213424692,1.1213950001547346,10.902784000791144,12.157453322288347
1268,9325.219360056783,9325.219533388,9325.219533388,9325.225210889,9325.235716617,0,COMPLETED,True,0.17333121832052711,5.677500999809126,10.505727999770897,16.35656021790055
1269,9325.230699214233,9325.230924606,9325.230924606,9325.231699401,9325.242488793,1,COMPLETED,True,0.22539176643476821,0.7747950003249571,10.78939199942397,11.789578766183695
1270,9325.233238262743,9325.233306841,9325.233306841,9325.23604767,9325.246998626,0,COMPLETED,True,0.06857825792394578,2.740828998867073,10.950956000669976,13.760363257460995
1271,9325.236297114963,9325.236455318,9325.236455318,9325.242832185,9325.253685067,1,COMPLETED,True,0.1582030363351805,6.376867000653874,10.852882000108366,17.38795203709742
1272,9325.23733774108,9325.237470244,9325.237470244,9325.247310732,9325.258205511,0,COMPLETED,True,0.13250291885924526,9.840488000918413,10.894778999499977,20.867769919277634
1273,9325.244293639409,9325.244316234,9325.244316234,9325.2540025,9325.265174793,1,COMPLETED,True,0.022594591428060085,9.686265999334864,11.172292999617639,20.881153590380563
1274,9325.246953497883,9325.247118934,9325.247118934,9325.258532525,9325.269204649,0,COMPLETED,True,0.16543611673114356,11.413591000746237,10.672123999029282,22.251151116506662
1275,9325.252762989712,9325.25294395,9325.25294395,9325.265535165,9325.276439564,1,COMPLETED,True,0.18096028725267388,12.59121499970206,10.904399001447018,23.676574288401753
1276,9325.252907726426,9325.253067485,9325.253067485,9325.269536231,9325.279777781,0,COMPLETED,True,0.1597585742274532,16.46874600010051,10.241549998681876,26.87005457300984
1277,9325.287795435604,9325.287893632,9325.287893632,9325.288554536,9325.29919199,1,COMPLETED,True,0.09819639490160625,0.6609040010516765,10.637453999152058,11.39655439510534
1278,9325.289615553247,9325.28974679,9325.28974679,9325.290187824,9325.301072856,0,COMPLETED,True,0.13123675307724625,0.44103400068706833,10.885031999350758,11.457302753115073
1279,9325.295767137193,9325.29594268,9325.29594268,9325.299499263,9325.310235393,1,COMPLETED,True,0.1755428074829979,3.556582998498925,10.736130001532729,14.468255807514652
1280,9325.297595957265,9325.29773754,9325.29773754,9325.301389962,9325.312230881,0,COMPLETED,True,0.14158273552311584,3.6524219995044405,10.840918999747373,14.63492373477493
1281,9325.31501699575,9325.315280556,9325.315280556,9325.315882927,9325.326708686,1,COMPLETED,True,0.26356025045970455,0.6023709993314696,10.82575899999938,11.691690249790554
1282,9325.316058213768,9325.316206426,9325.316206426,9325.316610308,9325.327476232,0,COMPLETED,True,0.1482122315792367,0.4038820006826427,10.86592399951769,11.41801823177957
1283,9325.325430695111,9325.325709298,9325.325709298,9325.327048824,9325.33725133,1,COMPLETED,True,0.2786028890113812,1.3395259993558284,10.202506000496214,11.820634888863424
1284,9325.33003571963,9325.33028152,9325.33028152,9325.330924749,9325.341558592,0,COMPLETED,True,0.24580037097621243,0.6432289992517326,10.6338429995958,11.522872369823745
1285,9325.339194575583,9325.339289683,9325.339289683,9325.339789238,9325.350092177,1,COMPLETED,True,0.09510741620033514,0.49955500071519054,10.302938999302569,10.897601416218095
1286,9325.343978862964,9325.3441409,9325.3441409,9325.344628948,9325.354617259,0,COMPLETED,True,0.16203703671635594,0.4880479991697939,9.98831099968811,10.63839603557426
1287,9325.352965677199,9325.353131948,9325.353131948,9325.353796394,9325.366334933,1,COMPLETED,True,0.16627080185571685,0.6644459990639007,12.538539000161109,13.369255801080726
1288,9325.354257453595,9325.354354285,9325.354354285,9325.354904881,9325.366154857,0,COMPLETED,True,0.096831405244302,0.550595999811776,11.249975999817252,11.89740340487333
1289,9325.360418767248,9325.360514324,9325.360514324,9325.366480926,9325.377343058,0,COMPLETED,True,0.09555675205774605,5.966602000626153,10.862131999601843,16.924290752285742
1290,9325.36702291866,9325.367196182,9325.367196182,9325.367683788,9325.378725617,1,COMPLETED,True,0.1732633409119444,0.4876059992966475,11.041829000532744,11.702698340741335
1291,9325.382135574848,9325.382187071,9325.382187071,9325.382654468,9325.392654941,0,COMPLETED,True,0.05149615208210889,0.467396999738412,10.00047300112783,10.51936615294835
1292,9325.385325719137,9325.385411542,9325.385411542,9325.385935487,9325.398419628,1,COMPLETED,True,0.08582286318414845,0.5239450001681689,12.484140999731608,13.093908863083925
1293,9325.385707234898,9325.385804509,9325.385804509,9325.392948791,9325.402383984,0,COMPLETED,True,0.09727410179038998,7.144282000808744,9.435192998353159,16.676749100952293
1294,9325.404633794342,9325.404897594,9325.404897594,9325.405510826,9325.416077871,1,COMPLETED,True,0.26379965856904164,0.6132319995231228,10.56704499933403,11.444076657426194
1295,9325.408616200291,9325.408868625,9325.408868625,9325.409346866,9325.420080533,0,COMPLETED,True,0.2524247083783848,0.4782409996550996,10.733667000749847,11.464332708783331
1296,9325.414929450792,9325.415190744,9325.415190744,9325.416442446,9325.427226039,1,COMPLETED,True,0.2612932075862773,1.2517020004452206,10.783593001178815,12.296588209210313
1297,9325.416921812377,9325.417164336,9325.417164336,9325.420385967,9325.430763496,0,COMPLETED,True,0.2425236234557815,3.22163099917816,10.377529000834329,13.84168362346827
1298,9325.421270788398,9325.421444733,9325.421444733,9325.427572808,9325.438018798,1,COMPLETED,True,0.17394460155628622,6.1280749996512895,10.445990001244354,16.74800960245193
1299,9325.431097245342,9325.431308884,9325.431308884,9325.431955619,9325.442562174,0,COMPLETED,True,0.21163865858397912,0.6467349994636606,10.606554998958018,11.464928657005657
1300,9325.446213359597,9325.446380084,9325.446380084,9325.447018841,9325.459693627,1,COMPLETED,True,0.16672440324327908,0.6387569992511999,12.674786001298344,13.480267403792823
1301,9325.45000629792,9325.450266057,9325.450266057,9325.451026947,9325.461626966,0,COMPLETED,True,0.2597590791992843,0.7608899995830143,10.600019000776228,11.620668079558527
1302,9325.461416355649,9325.461546428,9325.461546428,9325.462492803,9325.477072045,1,COMPLETED,True,0.13007235065742861,0.9463750011491356,14.57924199894478,15.655689350751345
1303,9325.46317927884,9325.463302276,9325.463302276,9325.46370491,9325.477925914,0,COMPLETED,True,0.12299716036068276,0.4026339993288275,14.221003999409731,14.746635159099242
1304,9325.487275536158,9325.48741619,9325.48741619,9325.487937028,9325.497574126,1,COMPLETED,True,0.1406538431183435,0.5208379989198875,9.637098000894184,10.298589842932415
1305,9325.492735705811,9325.492891688,9325.492891688,9325.493386302,9325.503022847,0,COMPLETED,True,0.1559821885166457,0.4946139997628052,9.636545000830665,10.287141189110116
1306,9325.510484053564,9325.510624103,9325.510624103,9325.511378427,9325.52074363,1,COMPLETED,True,0.1400494365952909,0.754323998990003,9.365203000925248,10.259576436510542
1307,9325.520221413442,9325.520491545,9325.520491545,9325.521194572,9325.530653482,0,COMPLETED,True,0.27013155704480596,0.7030270007817307,9.458909999011667,10.432068556838203
1308,9325.548632042195,9325.548732537,9325.548732537,9325.54938017,9325.561973163,1,COMPLETED,True,0.10049480442830827,0.6476329999713926,12.592992999998387,13.341120804398088
1309,9325.57449971373,9325.5746611,9325.5746611,9325.575366637,9325.586395799,0,COMPLETED,True,0.16138626961037517,0.7055370006128214,11.029162000340875,11.896085270564072
1310,9325.591397160833,9325.591486613,9325.591486613,9325.592017787,9325.601212621,1,COMPLETED,True,0.08945216723077465,0.5311739987519104,9.194834001391428,9.815460167374113
1311,9325.610602762683,9325.610855803,9325.610855803,9325.611532105,9325.622965076,0,COMPLETED,True,0.25304031623818446,0.6763020010112086,11.432970999521785,12.362313316771179
1312,9325.612411205739,9325.612659103,9325.612659103,9325.613092686,9325.624629134,1,COMPLETED,True,0.24789726194285322,0.4335829999035923,11.53644799887843,12.217928260724875
1313,9325.614672452515,9325.614925534,9325.614925534,9325.6231472,9325.633413809,0,COMPLETED,True,0.2530814854253549,8.221665999371908,10.266609000609606,18.741356485406868
1314,9325.627248860295,9325.627401856,9325.627401856,9325.62798239,9325.638091912,1,COMPLETED,True,0.15299570441129617,0.5805340006190818,10.109521999766002,10.84305170479638
1315,9325.64279775117,9325.643054594,9325.643054594,9325.643770589,9325.655545439,0,COMPLETED,True,0.2568428299127845,0.7159950000641402,11.774849999710568,12.747687829687493
1316,9325.64310686376,9325.643190544,9325.643190544,9325.643782401,9325.65519993,1,COMPLETED,True,0.08368024100491311,0.5918570004723733,11.41752900002757,12.093066241504857
1317,9325.645971466776,9325.64610522,9325.64610522,9325.655365353,9325.667344926,1,COMPLETED,True,0.13375322305364534,9.260133001589566,11.97957299882546,21.37345922346867
1318,9325.653224992162,9325.653376654,9325.653376654,9325.655895046,9325.667361351,0,COMPLETED,True,0.1516618376626866,2.518392000638414,11.46630499897583,14.13635883727693
1319,9325.65384495267,9325.654036456,9325.654036456,9325.667649186,9325.677434212,1,COMPLETED,True,0.19150332991557661,13.61272999929497,9.785026000827202,23.58925933003775
1320,9325.673294253713,9325.673462377,9325.673462377,9325.674109183,9325.687359653,0,COMPLETED,True,0.168123287949129,0.6468060000770492,13.250469999547931,14.06539928757411
1321,9325.674521091323,9325.674658665,9325.674658665,9325.677736013,9325.688401723,1,COMPLETED,True,0.13757367742073257,3.077347999351332,10.665710000466788,13.880631677238853
1322,9325.67534285051,9325.675478479,9325.675478479,9325.687577818,9325.699495699,0,COMPLETED,True,0.1356284883513581,12.099339000997134,11.917881000044872,24.152848489393364
1323,9325.680944213182,9325.681038137,9325.681038137,9325.688732571,9325.699570282,1,COMPLETED,True,0.09392381798534188,7.694433999859029,10.83771100093145,18.62606881877582
1324,9325.691241182376,9325.691383357,9325.691383357,9325.699822716,9325.711124725,0,COMPLETED,True,0.14217462376109324,8.439359000476543,11.302008999336977,19.883542623574613
1325,9325.694022150901,9325.694154386,9325.694154386,9325.69982881,9325.711550994,1,COMPLETED,True,0.13223509813542478,5.674424000972067,11.722183999154367,17.52884309826186
1326,9325.699475182897,9325.699603576,9325.699603576,9325.711424615,9325.722423518,0,COMPLETED,True,0.12839310329582077,11.821038999187294,10.998903000654536,22.94833510313765
1327,9325.712231414838,9325.71236161,9325.71236161,9325.71288543,9325.723474498,1,COMPLETED,True,0.13019516154599842,0.5238200010353466,10.589067998807877,11.243083161389222
1328,9325.713025439472,9325.71320782,9325.71320782,9325.722777487,9325.732460504,0,COMPLETED,True,0.18238052689412143,9.569667001414928,9.683016998678795,19.435064526987844
1329,9325.726795798933,9325.726956796,9325.726956796,9325.727528002,9325.738241206,1,COMPLETED,True,0.16099706590466667,0.5712060010409914,10.71320399933029,11.445407066275948
1330,9325.728905561587,9325.729043872,9325.729043872,9325.732760805,9325.743273607,0,COMPLETED,True,0.13831041178491432,3.7169330007600365,10.512802000448573,14.368045412993524
1331,9325.740751568308,9325.740908738,9325.740908738,9325.741507245,9325.752560015,1,COMPLETED,True,0.15716969210188836,0.5985070001770509,11.052769999878365,11.808446692157304
1332,9325.742704785516,9325.742954821,9325.742954821,9325.743542136,9325.754941213,0,COMPLETED,True,0.2500354839867214,0.587315000302624,11.399076998714008,12.236427483003354
1333,9325.74799342695,9325.748271045,9325.748271045,9325.752857021,9325.763641205,1,COMPLETED,True,0.277618049949524,4.585975999361835,10.784183999930974,15.647778049242334
1334,9325.748531013327,9325.748678369,9325.748678369,9325.755260854,9325.765931115,0,COMPLETED,True,0.14735567310708575,6.582485000762972,10.670260999177117,17.400101673047175
1335,9325.754970175502,9325.755141271,9325.755141271,9325.763952327,9325.774127328,1,COMPLETED,True,0.1710954984446289,8.81105600092269,10.175000999879558,19.157152499246877
1336,9325.770217724512,9325.770387468,9325.770387468,9325.771003646,9325.780760762,0,COMPLETED,True,0.16974348727671895,0.616178000200307,9.757116000400856,10.543037487877882
1337,9325.778889951798,9325.779151309,9325.779151309,9325.77970895,9325.78955626,1,COMPLETED,True,0.2613572014524834,0.5576410003413912,9.84731000062311,10.666308202416985
1338,9325.783291868058,9325.783549453,9325.783549453,9325.784203268,9325.795393422,0,COMPLETED,True,0.25758494302863255,0.6538149991683895,11.190154000360053,12.101553942557075
1339,9325.791119344374,9325.791283625,9325.791283625,9325.791818355,9325.802424195,1,COMPLETED,True,0.1642806255404139,0.5347299993445631,10.605840001517208,11.304850626402185
1340,9325.794642078932,9325.794794756,9325.794794756,9325.795913445,9325.807418067,0,COMPLETED,True,0.15267706839949824,1.1186889987584436,11.504621999847586,12.775988067005528
1341,9325.797602362041,9325.797763744,9325.797763744,9325.802712257,9325.813256328,1,COMPLETED,True,0.16138195860548876,4.948513000272214,10.5440709994582,15.653965958335903
1342,9325.799054212637,9325.799193205,9325.799193205,9325.807808118,9325.818801108,0,COMPLETED,True,0.1389923636452295,8.614912998382351,10.992990000886493,19.746895362914074
1343,9325.805450060308,9325.805703795,9325.805703795,9325.813564373,9325.823230121,1,COMPLETED,True,0.25373469179612584,7.860577999963425,9.665747998951701,17.780060690711252
1344,9325.824353693339,9325.824461344,9325.824461344,9325.825145508,9325.835442504,0,COMPLETED,True,0.10765066144813318,0.6841640006314265,10.296995998942293,11.088810661021853
1345,9325.82621455614,9325.826398148,9325.826398148,9325.826876957,9325.837668526,1,COMPLETED,True,0.18359185924055055,0.4788090009242296,10.791568998683942,11.453969858848723
1346,9325.837616951845,9325.837725724,9325.837725724,9325.838423741,9325.849053861,0,COMPLETED,True,0.10877215572691057,0.6980169982853113,10.630120001223986,11.436909155236208
1347,9325.837902916663,9325.838487573,9325.838487573,9325.839071859,9325.851879967,1,COMPLETED,True,0.5846563381055603,0.584285999138956,12.80810800017207,13.977050337416586
1348,9325.838309440012,9325.838550603,9325.838550603,9325.849359744,9325.859878491,0,COMPLETED,True,0.24116298845910933,10.809140998389921,10.518746999878203,21.569050986727234
1349,9325.83944551234,9325.83954884,9325.83954884,9325.852410367,9325.86448761,1,COMPLETED,True,0.10332766032661311,12.861527000495698,12.077243000021554,25.042097660843865
1350,9325.848429408183,9325.848536473,9325.848536473,9325.860252862,9325.871135359,0,COMPLETED,True,0.10706481771194376,11.716388999047922,10.882497001148295,22.70595081790816
1351,9325.857537464526,9325.857634137,9325.857634137,9325.864859602,9325.876403457,1,COMPLETED,True,0.09667247468314599,7.225464998555253,11.543855000127223,18.865992473365623
1352,9325.86786448958,9325.868101446,9325.868101446,9325.871435061,9325.881981896,0,COMPLETED,True,0.23695641903032083,3.333615000883583,10.546834999331622,14.117406419245526
1353,9325.870557256087,9325.870713192,9325.870713192,9325.876717256,9325.887379049,1,COMPLETED,True,0.15593591342621949,6.004064000080689,10.661792999599129,16.821792913106037
1354,9325.876437466108,9325.876590878,9325.876590878,9325.882327871,9325.893285995,0,COMPLETED,True,0.15341189282480627,5.736993000027724,10.95812399944407,16.8485288922966
1355,9325.877524484335,9325.877662249,9325.877662249,9325.887689879,9325.898487363,1,COMPLETED,True,0.13776466585113667,10.027629999967758,10.79748399934033,20.962878665159224
1356,9325.8839522961,9325.884117604,9325.884117604,9325.893599549,9325.904466932,0,COMPLETED,True,0.16530789980606642,9.481944998697145,10.867383000004338,20.51463589850755
1357,9325.890356552292,9325.890671314,9325.890671314,9325.898838829,9325.909445193,1,COMPLETED,True,0.314761708068545,8.167514999513514,10.606363999613677,19.088640707195736
1358,9325.891703804471,9325.891830048,9325.891830048,9325.904777047,9325.915600922,0,COMPLETED,True,0.12624352893908508,12.946999000632786,10.823874999914551,23.897117529486422
1359,9325.89175735699,9325.891910681,9325.891910681,9325.909771631,9325.921054807,1,COMPLETED,True,0.15332401017076336,17.860949999885634,11.283175999778905,29.297450009835302
1360,9325.891892943238,9325.891927459,9325.891927459,9325.915914639,9325.926945443,0,COMPLETED,True,0.03451576230872888,23.987179998584907,11.030804000256467,35.0524997611501
1361,9325.90080484852,9325.900998302,9325.900998302,9325.921386786,9325.932371183,1,COMPLETED,True,0.19345348118804395,20.38848399934068,10.984397000356694,31.566334480885416
1362,9325.906740625971,9325.906997724,9325.906997724,9325.927266144,9325.938614428,0,COMPLETED,True,0.2570980286691338,20.26842000122997,11.348283998813713,31.873802028712817
1363,9325.916129447913,9325.916230563,9325.916230563,9325.932681264,9325.943569337,1,COMPLETED,True,0.10111508709087502,16.45070099948498,10.888073000387521,27.439889086963376
1364,9325.930055627845,9325.930249213,9325.930249213,9325.938948679,9325.948862562,0,COMPLETED,True,0.19358515419298783,8.699466001417022,9.91388299917162,18.80693415478163
1365,9325.945415793183,9325.945675984,9325.945675984,9325.946446548,9325.955903093,1,COMPLETED,True,0.2601908163342159,0.7705640000494896,9.45654499992088,10.487299816304585
1366,9325.956178402821,9325.956282811,9325.956282811,9325.957073144,9325.970602837,0,COMPLETED,True,0.10440817823109683,0.7903330006229226,13.529693000236875,14.424434179090895
1367,9325.9575472779,9325.957632425,9325.957632425,9325.95801174,9325.968602879,1,COMPLETED,True,0.08514709952578414,0.3793150008277735,10.591139000098337,11.055601100451895
1368,9325.966590576396,9325.966677691,9325.966677691,9325.968753468,9325.978777246,1,COMPLETED,True,0.08711460395716131,2.0757769998454023,10.023778000686434,12.186669604488998
1369,9325.982958335482,9325.983045676,9325.983045676,9325.983668528,9325.99612715,0,COMPLETED,True,0.08734051698411349,0.6228520014701644,12.458621999030584,13.168814517484861
1370,9325.99092310453,9325.991011649,9325.991011649,9325.991347341,9326.001900483,1,COMPLETED,True,0.08854446969053242,0.33569200058991555,10.553141999480431,10.977378469760879
1371,9325.996444771617,9325.996698919,9325.996698919,9325.997247625,9326.0075835,0,COMPLETED,True,0.2541473822930129,0.5487060006998945,10.335875000237138,11.138728383230045
1372,9326.025530364956,9326.025673763,9326.025673763,9326.026333037,9326.040372558,1,COMPLETED,True,0.14339804511109833,0.6592739991901908,14.039521000086097,14.842193044387386
1373,9326.030977248194,9326.031066819,9326.031066819,9326.031711101,9326.042291433,0,COMPLETED,True,0.08957080535765272,0.6442820013035089,10.580331998426118,11.31418480508728
1374,9326.031688957666,9326.031847337,9326.031847337,9326.040896758,9326.053512883,1,COMPLETED,True,0.15837933460716158,9.049420999872382,12.616124999112799,21.823925333592342
1375,9326.03920868249,9326.039431865,9326.039431865,9326.04245022,9326.053475235,0,COMPLETED,True,0.2231825092167128,3.01835500067682,11.025014999177074,14.266552509070607
1376,9326.050556134394,9326.050650028,9326.050650028,9326.053859535,9326.063400478,0,COMPLETED,True,0.09389360639033839,3.2095070000650594,9.540942999592517,12.844343606047914
1377,9326.06133885314,9326.061441383,9326.061441383,9326.062143301,9326.074944743,1,COMPLETED,True,0.10252986066916492,0.7019179993221769,12.801442000636598,13.60588986062794
1378,9326.061662752794,9326.061893659,9326.061893659,9326.063752513,9326.074888932,0,COMPLETED,True,0.23090620561561082,1.8588540006021503,11.136418999740272,13.226179205958033
1379,9326.067714030356,9326.067833115,9326.067833115,9326.075194724,9326.08455648,0,COMPLETED,True,0.11908464330190327,7.361609001236502,9.361755999634624,16.84244964417303
1380,9326.084530587676,9326.084642466,9326.084642466,9326.085133503,9326.095284012,1,COMPLETED,True,0.1118783238780452,0.49103700075647794,10.150509000595775,10.753424325230299
1381,9326.090127772812,9326.090252516,9326.090252516,9326.090701484,9326.100773426,0,COMPLETED,True,0.12474318828026298,0.4489679995458573,10.07194200064987,10.64565318847599
1382,9326.099822553839,9326.099953717,9326.099953717,9326.100366719,9326.111314858,1,COMPLETED,True,0.1311631604039576,0.413002000641427,10.948139000902302,11.492304161947686
1383,9326.1042846705,9326.104483489,9326.104483489,9326.104928596,9326.116310334,0,COMPLETED,True,0.19881849948433228,0.44510699990496505,11.381738000636688,12.025663500025985
1384,9326.105946945761,9326.106090979,9326.106090979,9326.111468848,9326.125147786,1,COMPLETED,True,0.14403323802980594,5.377868999858038,13.678938001248753,19.200840239136596
1385,9326.110598184887,9326.110687201,9326.110687201,9326.116640336,9326.127378421,0,COMPLETED,True,0.08901611363398843,5.9531349997996585,10.738085000411957,16.780236113845604
1386,9326.117500664763,9326.117712969,9326.117712969,9326.125481115,9326.136803925,1,COMPLETED,True,0.21230423772067297,7.76814599885256,11.322809999910532,19.303260236483766
1387,9326.118390613483,9326.118630923,9326.118630923,9326.127713671,9326.138945145,0,COMPLETED,True,0.2403095168119762,9.0827479998552,11.231473999941954,20.55453151660913
1388,9326.130660902225,9326.130755492,9326.130755492,9326.137123537,9326.148751732,1,COMPLETED,True,0.09458977547183167,6.3680450002721045,11.628194999502739,18.090829775246675
1389,9326.130886950752,9326.131112528,9326.131112528,9326.139225702,9326.150049023,0,COMPLETED,True,0.22557724878424779,8.113173998935963,10.82332099940686,19.16207224712707
1390,9326.134124281929,9326.134310436,9326.134310436,9326.149071064,9326.160399993,1,COMPLETED,True,0.1861540713434806,14.760627998839482,11.328929000228527,26.27571107041149
1391,9326.149359992554,9326.149461225,9326.149461225,9326.15020299,9326.161265018,0,COMPLETED,True,0.1012324464682024,0.7417649994749809,11.062027999287238,11.905025445230422
1392,9326.150498666659,9326.150604752,9326.150604752,9326.160754322,9326.171148745,1,COMPLETED,True,0.10608534103084821,10.149570000066888,10.394422999524977,20.650078340622713
1393,9326.164286345902,9326.164412408,9326.164412408,9326.165114268,9326.177555362,0,COMPLETED,True,0.1260620974790072,0.7018600008450449,12.441093998859287,13.26901609718334
1394,9326.169197680596,9326.169388469,9326.169388469,9326.171444175,9326.182276712,1,COMPLETED,True,0.19078840341535397,2.055705999737256,10.832537000169395,13.079031403322006
1395,9326.171785458295,9326.17188439,9326.17188439,9326.177893032,9326.19116266,0,COMPLETED,True,0.09893170499708503,6.008641999869724,13.269627999761724,19.377201704628533
1396,9326.175892195115,9326.176019998,9326.176019998,9326.182608656,9326.193571705,1,COMPLETED,True,0.12780288489011582,6.5886579996004,10.963049000565661,17.679509885056177
1397,9326.190683612926,9326.190780672,9326.190780672,9326.191681236,9326.203574493,0,COMPLETED,True,0.09705907359602861,0.9005640004033921,11.893257000338053,12.890880074337474
1398,9326.194011830574,9326.194112884,9326.194112884,9326.194559131,9326.205346102,1,COMPLETED,True,0.10105342698807362,0.4462469987629447,10.786971000925405,11.334271426676423
1399,9326.198678821202,9326.198773538,9326.198773538,9326.204042999,9326.215204401,0,COMPLETED,True,0.09471679913986009,5.269460998533759,11.161402000652743,16.525579798326362
1400,9326.201180972133,9326.201279826,9326.201279826,9326.20569101,9326.216577095,1,COMPLETED,True,0.0988538668025285,4.4111839997640345,10.886084999583545,15.396122866150108
1401,9326.202828783542,9326.202984996,9326.202984996,9326.215571822,9326.226733382,0,COMPLETED,True,0.15621245802321937,12.586826000188012,11.161559999891324,23.904598458102555
1402,9326.205395517502,9326.205508842,9326.205508842,9326.216899784,9326.228065656,1,COMPLETED,True,0.1133244986704085,11.390941999707138,11.165871999764931,22.670138498142478
1403,9326.207066270754,9326.207182781,9326.207182781,9326.227057732,9326.23796513,0,COMPLETED,True,0.11651024578895885,19.87495100001979,10.907398000199464,30.898859246008215
1404,9326.211566097283,9326.211675023,9326.211675023,9326.228386516,9326.239139464,1,COMPLETED,True,0.10892571663134731,16.711493000912014,10.752947999208118,27.57336671675148
1405,9326.243516759409,9326.243608502,9326.243608502,9326.24417867,9326.253238374,0,COMPLETED,True,0.0917425913939951,0.5701680001948262,9.059703999810154,9.721614591398975
1406,9326.252439539436,9326.252568748,9326.252568748,9326.253121994,9326.263217049,1,COMPLETED,True,0.129208563521388,0.5532459999813,10.095055000419961,10.77750956392265
1407,9326.256786537324,9326.256865894,9326.256865894,9326.257339748,9326.267882204,0,COMPLETED,True,0.07935667599667795,0.47385399921040516,10.542456000621314,11.095666675828397
1408,9326.258448675177,9326.258536576,9326.258536576,9326.263598324,9326.274278238,1,COMPLETED,True,0.08790082392806653,5.061747999207,10.679913999410928,15.829562822545995
1409,9326.269656272898,9326.269749284,9326.269749284,9326.270391983,9326.2804121,0,COMPLETED,True,0.09301110185333528,0.6426990003092214,10.020117000749451,10.755827102912008
1410,9326.279707487349,9326.27996144,9326.27996144,9326.28056217,9326.293372449,1,COMPLETED,True,0.2539526503824163,0.6007300016790396,12.810278998586,13.664961650647456
1411,9326.298040681217,9326.298180757,9326.298180757,9326.298797875,9326.308876703,0,COMPLETED,True,0.14007578283781186,0.6171180011733668,10.078827999677742,10.83602178368892
1412,9326.301890684672,9326.302120843,9326.302120843,9326.302786262,9326.314222161,1,COMPLETED,True,0.23015832812234294,0.6654190001427196,11.435898999479832,12.331476327744895
1413,9326.303288803596,9326.303427673,9326.303427673,9326.309022104,9326.319172635,0,COMPLETED,True,0.1388694035995286,5.594431000645272,10.150530999453622,15.883831403698423
1414,9326.316637122547,9326.316756249,9326.316756249,9326.317278422,9326.328267321,1,COMPLETED,True,0.11912645277334377,0.5221730007178849,10.98889899913047,11.630198452621698
1415,9326.317351693895,9326.317452194,9326.317452194,9326.319482823,9326.330212849,0,COMPLETED,True,0.1005001049634302,2.030629000728368,10.730025998782367,12.861155104474165
1416,9326.321446569325,9326.321660376,9326.321660376,9326.328580193,9326.337768881,1,COMPLETED,True,0.21380667385528795,6.919817000380135,9.188687999994727,16.32231167423015
1417,9326.348510715818,9326.348678702,9326.348678702,9326.349346868,9326.358330192,0,COMPLETED,True,0.16798618162283674,0.6681660015601665,8.983323999927961,9.819476183110964
1418,9326.368468812954,9326.368617907,9326.368617907,9326.369501655,9326.382225656,1,COMPLETED,True,0.14909404490026645,0.8837479999783682,12.724001000606222,13.756843045484857
1419,9326.373203316085,9326.373363834,9326.373363834,9326.373941342,9326.384481675,0,COMPLETED,True,0.16051791499194223,0.5775080007879296,10.540332999880775,11.278358915660647
1420,9326.377149072825,9326.377309518,9326.377309518,9326.382744095,9326.394666015,1,COMPLETED,True,0.16044517542468384,5.43457700041472,11.921919998712838,17.51694217455224
1421,9326.377335115769,9326.377436215,9326.377436215,9326.384833515,9326.39615452,0,COMPLETED,True,0.10109923096024431,7.397299999865936,11.32100500035449,18.81940423118067
1422,9326.391341831235,9326.39150755,9326.39150755,9326.39489197,9326.405102714,1,COMPLETED,True,0.16571876585658174,3.384419998837984,10.21074399977806,13.760882764472626
1423,9326.400571227934,9326.400622868,9326.400622868,9326.401362847,9326.414186562,0,COMPLETED,True,0.05164006506674923,0.7399790010822471,12.82371500019508,13.615334066344076
1424,9326.408245899653,9326.408384122,9326.408384122,9326.409016767,9326.421247213,1,COMPLETED,True,0.13822234723193105,0.6326450002234196,12.230446000103257,13.001313347558607
1425,9326.418143969591,9326.418283809,9326.418283809,9326.419161091,9326.432080305,0,COMPLETED,True,0.13983940880279988,0.8772820001468062,12.919213999339263,13.936335408288869
1426,9326.41944179793,9326.419589883,9326.419589883,9326.421571974,9326.434076055,1,COMPLETED,True,0.1480850696680136,1.9820910001726588,12.50408099986089,14.634257069701562
1427,9326.432061168089,9326.432263295,9326.432263295,9326.432973513,9326.44443971,0,COMPLETED,True,0.20212691197230015,0.7102179988578428,11.466197000117972,12.378541910948115
1428,9326.433946882342,9326.43409363,9326.43409363,9326.434503351,9326.445338349,1,COMPLETED,True,0.1467476577090565,0.40972100032377057,10.834998000063933,11.39146665809676
1429,9326.454301599684,9326.454392866,9326.454392866,9326.45508911,9326.465058752,0,COMPLETED,True,0.09126631630351767,0.6962440002098447,9.969641998395673,10.757152314909035
1430,9326.457724506277,9326.457806869,9326.457806869,9326.458225114,9326.468981263,1,COMPLETED,True,0.0823627233330626,0.41824499930953607,10.756149000371806,11.256756723014405
1431,9326.461437961825,9326.461674622,9326.461674622,9326.465430035,9326.477010605,0,COMPLETED,True,0.23666017477808055,3.755412999453256,11.580570000660373,15.57264317489171
1432,9326.466916771902,9326.467089984,9326.467089984,9326.469281309,9326.480371553,1,COMPLETED,True,0.1732120981614571,2.1913250002398854,11.090243999205995,13.454781097607338
1433,9326.469787782187,9326.469924433,9326.469924433,9326.477311083,9326.488265115,0,COMPLETED,True,0.13665081314684357,7.3866499988071155,10.954032000881853,18.47733281283581
1434,9326.474561379398,9326.474691007,9326.474691007,9326.480531242,9326.491458154,1,COMPLETED,True,0.12962760229129344,5.8402349986863555,10.926912000286393,16.896774601264042
1435,9326.489626837414,9326.489892724,9326.489892724,9326.490557975,9326.501533251,0,COMPLETED,True,0.2658865851117298,0.6652510001003975,10.975275999953737,11.906413585165865
1436,9326.4899048772,9326.490031106,9326.490031106,9326.491797208,9326.502320981,1,COMPLETED,True,0.12622879876289517,1.7661020010564243,10.523773000386427,12.416103800205747
1437,9326.52627120215,9326.526420564,9326.526420564,9326.527079633,9326.536571807,0,COMPLETED,True,0.1493618492531823,0.6590690009034006,9.492174000115483,10.300604850272066
1438,9326.53459772698,9326.534850487,9326.534850487,9326.535677397,9326.547120224,1,COMPLETED,True,0.25276001906604506,0.8269099998869933,11.442827000792022,12.52249701974506
1439,9326.542882511445,9326.542984627,9326.542984627,9326.543525981,9326.554985639,0,COMPLETED,True,0.10211555490968749,0.5413540002336958,11.459658000603667,12.10312755574705
1440,9326.546177633465,9326.546343735,9326.546343735,9326.547600318,9326.560309342,1,COMPLETED,True,0.1661015357967699,1.2565829983941512,12.709024000287172,14.131708534478093
1441,9326.550450374014,9326.550705534,9326.550705534,9326.555369889,9326.565563364,0,COMPLETED,True,0.25515998640912585,4.664354999476927,10.193475000050967,15.11298998593702
1442,9326.561357119896,9326.561449131,9326.561449131,9326.56215557,9326.575147237,1,COMPLETED,True,0.09201110515277833,0.7064389992592623,12.991666999369045,13.790117103781085
1443,9326.570285291078,9326.570381361,9326.570381361,9326.571061464,9326.582209959,0,COMPLETED,True,0.0960699217102956,0.6801029994676355,11.148495001179981,11.924667922357912
1444,9326.577776561491,9326.577922476,9326.577922476,9326.578718426,9326.589447682,1,COMPLETED,True,0.1459145096305292,0.7959499998833053,10.729255998739973,11.671120508253807
1445,9326.580218791678,9326.580416696,9326.580416696,9326.582375829,9326.593477467,0,COMPLETED,True,0.19790432270383462,1.959133000127622,11.101637999672676,13.258675322504132
1446,9326.582996209161,9326.583139895,9326.583139895,9326.589782373,9326.601050818,1,COMPLETED,True,0.14368583833856974,6.64247799977602,11.26844500140578,18.05460883952037
1447,9326.583032437175,9326.583235596,9326.583235596,9326.593778415,9326.604582156,0,COMPLETED,True,0.20315882466093171,10.542818999965675,10.803741000927403,21.54971882555401
1448,9326.587888735541,9326.588081581,9326.588081581,9326.601339753,9326.611952251,1,COMPLETED,True,0.1928454585140571,13.258172000860213,10.612497999318293,24.063515458692564
1449,9326.600379548769,9326.60053013,9326.60053013,9326.604897426,9326.615469767,0,COMPLETED,True,0.1505812306277221,4.367296000054921,10.572341001534369,15.090218232217012
1450,9326.601545381922,9326.601667083,9326.601667083,9326.612289062,9326.623122188,1,COMPLETED,True,0.12170107765996363,10.621979001371074,10.8331259998522,21.576806078883237
1451,9326.61559671575,9326.615754892,9326.615754892,9326.61651238,9326.628638094,0,COMPLETED,True,0.1581762498972239,0.757488000090234,12.125713999921572,13.04137824990903
1452,9326.627671168026,9326.627763476,9326.627763476,9326.628350443,9326.639388438,1,COMPLETED,True,0.09230797513737343,0.5869669985258952,11.037995000151568,11.717269973814837
1453,9326.630389590424,9326.630471853,9326.630471853,9326.631079243,9326.642612744,0,COMPLETED,True,0.08226257523347158,0.6073900003684685,11.533501001395052,12.223153576996992
1454,9326.631148472547,9326.631233186,9326.631233186,9326.63968879,9326.65037508,1,COMPLETED,True,0.08471345427096821,8.455603998299921,10.686290001103771,19.22660745367466
1455,9326.636642912108,9326.636846718,9326.636846718,9326.643039225,9326.654354694,0,COMPLETED,True,0.20380589194246568,6.1925070003781,11.315468998873257,17.711781891193823
1456,9326.646634184463,9326.646799741,9326.646799741,9326.650669438,9326.661325097,1,COMPLETED,True,0.1655565374676371,3.8696970004821196,10.655658999894513,14.69091253784427
1457,9326.655348829978,9326.655584158,9326.655584158,9326.656170088,9326.6692995,0,COMPLETED,True,0.2353280215174891,0.5859299999428913,13.12941200012574,13.95067002158612
1458,9326.682179435147,9326.682267185,9326.682267185,9326.68279115,9326.691932724,1,COMPLETED,True,0.08774985326454043,0.5239649999566609,9.141573998931563,9.753288852152764
1459,9326.695544083244,9326.695679737,9326.695679737,9326.696338574,9326.708177069,0,COMPLETED,True,0.13565375593316276,0.6588369997189147,11.83849500012002,12.632985755772097
1460,9326.697872207485,9326.698075649,9326.698075649,9326.699268327,9326.709715277,1,COMPLETED,True,0.20344151380413678,1.192678000734304,10.446950000186916,11.843069514725357
1461,9326.701258180752,9326.701399426,9326.701399426,9326.708619184,9326.718729794,0,COMPLETED,True,0.14124524750513956,7.219758001156151,10.110609999173903,17.471613247835194
1462,9326.716158752022,9326.716318623,9326.716318623,9326.716956844,9326.726076974,1,COMPLETED,True,0.15987097685865592,0.6382210012816358,9.120130000155768,9.91822197829606
1463,9326.731681980407,9326.731816397,9326.731816397,9326.732520823,9326.742635561,0,COMPLETED,True,0.13441659211821388,0.7044260000839131,10.114738000993384,10.953580593195511
1464,9326.734632614396,9326.734837018,9326.734837018,9326.735574946,9326.748512899,1,COMPLETED,True,0.20440360458451323,0.737927999580279,12.937952998981928,13.88028460314672
1465,9326.737985986274,9326.738092547,9326.738092547,9326.742796371,9326.753666362,0,COMPLETED,True,0.10656072663550731,4.703823999079759,10.869990999708534,15.6803757254238
1466,9326.741629988455,9326.741731521,9326.741731521,9326.748982431,9326.761262345,1,COMPLETED,True,0.1015325451589888,7.250909999129362,12.279914000828285,19.632356545116636
1467,9326.747989104824,9326.748170757,9326.748170757,9326.753993438,9326.764825215,0,COMPLETED,True,0.18165217625210062,5.822680999699514,10.831776999111753,16.836110175063368
1468,9326.7546150943,9326.75472657,9326.75472657,9326.761470726,9326.77213204,1,COMPLETED,True,0.11147569966851734,6.744156000422663,10.661313999662525,17.516945699753705
1469,9326.762544623809,9326.762778919,9326.762778919,9326.765165868,9326.775143117,0,COMPLETED,True,0.23429519023920875,2.386949001447647,9.977248999348376,12.598493191035232
1470,9326.792677005686,9326.792839062,9326.792839062,9326.793650686,9326.806212954,1,COMPLETED,True,0.16205631436605472,0.8116240005620057,12.562267998873722,13.535948313801782
1471,9326.799341583806,9326.799435101,9326.799435101,9326.799903152,9326.810032613,0,COMPLETED,True,0.09351719381811563,0.46805099918856286,10.129461001270101,10.69102919427678
1472,9326.822164061045,9326.822323689,9326.822323689,9326.823178051,9326.835430035,1,COMPLETED,True,0.1596279562363634,0.8543619987904094,12.251984000613447,13.26597395564022
1473,9326.836065206504,9326.836176772,9326.836176772,9326.836742957,9326.846601357,0,COMPLETED,True,0.11156549589941278,0.5661850009346381,9.858399998847744,10.536150495681795
1474,9326.840097132215,9326.840358971,9326.840358971,9326.840914977,9326.852199608,1,COMPLETED,True,0.2618387843540404,0.5560059998970246,11.284631000307854,12.10247578455892
1475,9326.847863643121,9326.848060143,9326.848060143,9326.848592754,9326.859193074,0,COMPLETED,True,0.19649987916636746,0.5326110003807116,10.60031999986677,11.329430879413849
1476,9326.851045600055,9326.851209752,9326.851209752,9326.852534562,9326.863115613,1,COMPLETED,True,0.16415194477303885,1.3248100003693253,10.581050999462605,12.070012944604969
1477,9326.859393108158,9326.85981573,9326.85981573,9326.860535168,9326.872793442,0,COMPLETED,True,0.4226218425174011,0.7194379995780764,12.25827400048729,13.400333842582768
1478,9326.888478123776,9326.888579246,9326.888579246,9326.889249465,9326.900177559,1,COMPLETED,True,0.10112222480529454,0.6702190003124997,10.9280939996097,11.699435224727495
1479,9326.88891567886,9326.889002123,9326.889002123,9326.889275819,9326.900639776,0,COMPLETED,True,0.08644414083391894,0.2736959995672805,11.36395700086723,11.72409714126843
1480,9326.900570056376,9326.900718885,9326.900718885,9326.901532096,9326.914499272,1,COMPLETED,True,0.14882862342346925,0.8132110015139915,12.967175998710445,13.929215623647906
1481,9326.917731673679,9326.917902752,9326.917902752,9326.9185717,9326.928499284,0,COMPLETED,True,0.17107832172769122,0.6689479996566661,9.927584000251954,10.767610321636312
1482,9326.927187939287,9326.927341993,9326.927341993,9326.928154588,9326.940720788,1,COMPLETED,True,0.154053712321911,0.8125950007524807,12.566199999128003,13.532848712202394
1483,9326.927606512565,9326.927895298,9326.927895298,9326.928710523,9326.939899831,0,COMPLETED,True,0.2887854352593422,0.8152249993145233,11.18930800112139,12.293318435695255
1484,9326.928373299137,9326.928501077,9326.928501077,9326.94032585,9326.950906723,0,COMPLETED,True,0.12777786287188064,11.82477300062601,10.580872998616542,22.533423862114432
1485,9326.937664284336,9326.937813402,9326.937813402,9326.941083286,9326.951794372,1,COMPLETED,True,0.1491176644776715,3.269883998655132,10.71108600081061,14.130087663943414
1486,9326.954544116797,9326.954739276,9326.954739276,9326.955342201,9326.96446066,0,COMPLETED,True,0.195159202121431,0.6029249998391606,9.118459000092116,9.916543202052708
1487,9326.987899948439,9326.988064128,9326.988064128,9326.988719147,9327.002189686,1,COMPLETED,True,0.16417956067016348,0.6550190009875223,13.470538999172277,14.289737560829963
1488,9326.989038439635,9326.989143716,9326.989143716,9326.989700768,9327.00209839,0,COMPLETED,True,0.10527636550250463,0.5570519988395972,12.397622000207775,13.059950364549877
1489,9327.019230761807,9327.019416779,9327.019416779,9327.020158824,9327.030273573,0,COMPLETED,True,0.18601719239086378,0.7420450001518475,10.114749000422307,11.042811192965019
1490,9327.023317391735,9327.023480606,9327.023480606,9327.024306604,9327.037265656,1,COMPLETED,True,0.16321426483045798,0.8259980004368117,12.959051999132498,13.948264264399768
1491,9327.047901331376,9327.047996518,9327.047996518,9327.048520263,9327.058067488,0,COMPLETED,True,0.09518662409391254,0.5237450004642596,9.547224999550963,10.166156624109135
1492,9327.06369174701,9327.06378665,9327.06378665,9327.064252828,9327.074182082,1,COMPLETED,True,0.09490299089520704,0.4661780003516469,9.929253999871435,10.490334991118289
1493,9327.069947658507,9327.070078818,9327.070078818,9327.070600356,9327.080525801,0,COMPLETED,True,0.13115949332132004,0.521538000612054,9.925444999680622,10.578142493613996
1494,9327.080010428444,9327.080134995,9327.080134995,9327.080550917,9327.091102714,1,COMPLETED,True,0.12456655531423166,0.4159220006840769,10.551796998697682,11.09228555469599
1495,9327.083760215366,9327.083876293,9327.083876293,9327.084268391,9327.095104767,0,COMPLETED,True,0.11607763372012414,0.3920979997928953,10.836376000952441,11.34455163446546
1496,9327.089182078884,9327.089273961,9327.089273961,9327.091323378,9327.102618143,1,COMPLETED,True,0.09188211697619408,2.0494169984885957,11.294765001366613,13.436064116831403
1497,9327.092535018115,9327.092645538,9327.092645538,9327.095431691,9327.106492649,0,COMPLETED,True,0.11051988440158311,2.786152999760816,11.060958000598475,13.957630884760874
1498,9327.096079039262,9327.096172566,9327.096172566,9327.102951558,9327.112676554,1,COMPLETED,True,0.09352673805551603,6.778991999453865,9.724995999931707,16.597514737441088
1499,9327.115192943502,9327.115303581,9327.115303581,9327.115730388,9327.126406159,0,COMPLETED,True,0.11063749843742698,0.42680700062192045,10.675771000023815,11.213215499083162
1500,9327.133535677765,9327.133685906,9327.133685906,9327.134243644,9327.145663028,1,COMPLETED,True,0.1502282339060912,0.5577380015893141,11.419383999964339,12.127350235459744
1501,9327.136019764464,9327.136142953,9327.136142953,9327.136558268,9327.147472443,0,COMPLETED,True,0.12318853623582982,0.41531499846314546,10.914175001744297,11.452678536443273
1502,9327.16975426931,9327.169876303,9327.169876303,9327.170576158,9327.18332348,1,COMPLETED,True,0.12203369078633841,0.699854999766103,12.74732199999562,13.569210690548061
1503,9327.172191937381,9327.172372453,9327.172372453,9327.172968566,9327.183866601,0,COMPLETED,True,0.18051561892207246,0.5961129991192138,10.89803500144626,11.674663619487546
1504,9327.190446778604,9327.190573043,9327.190573043,9327.191439818,9327.203558556,1,COMPLETED,True,0.12626439638552256,0.8667749989399454,12.118738000935991,13.11177739626146
1505,9327.194235707057,9327.194366082,9327.194366082,9327.195105832,9327.206369986,0,COMPLETED,True,0.13037494318268728,0.7397499994112877,11.264153999945847,12.134278942539822
1506,9327.22066442523,9327.220870419,9327.220870419,9327.221625202,9327.230932064,1,COMPLETED,True,0.20599377057806123,0.7547830009571044,9.306861998993554,10.26763877052872
1507,9327.233827552707,9327.234077598,9327.234077598,9327.234924261,9327.248577225,0,COMPLETED,True,0.2500452919775853,0.8466630006296327,13.652964000357315,14.749672292964533
1508,9327.238862482047,9327.23902316,9327.23902316,9327.239699987,9327.260735258,1,COMPLETED,True,0.160677953317645,0.6768269995518494,21.035271000073408,21.872775952942902
1509,9327.249664480823,9327.24992398,9327.24992398,9327.250669152,9327.261608159,0,COMPLETED,True,0.2594991765363375,0.7451719993696315,10.939007001070422,11.943678176976391
1510,9327.25015996713,9327.250334461,9327.250334461,9327.262039967,9327.272166666,0,COMPLETED,True,0.17449386905354913,11.705505999998422,10.126699000466033,22.006698869518004
1511,9327.258220128322,9327.258359677,9327.258359677,9327.264196458,9327.280293883,1,COMPLETED,True,0.13954867790744174,5.836780999743496,16.09742499931599,22.073754676966928
1512,9327.271724492919,9327.271868109,9327.271868109,9327.272547577,9327.282922212,0,COMPLETED,True,0.14361608009494375,0.6794680011807941,10.374634999607224,11.197719080882962
1513,9327.291274387819,9327.291446793,9327.291446793,9327.292070055,9327.301623879,1,COMPLETED,True,0.17240518172911834,0.6232619998627342,9.553824000249733,10.349491181841586
1514,9327.298958957454,9327.299113366,9327.299113366,9327.299791477,9327.312541309,0,COMPLETED,True,0.1544085462228395,0.6781110005249502,12.74983199982671,13.5823515465745
1515,9327.303485121909,9327.303663427,9327.303663427,9327.30424024,9327.314938459,1,COMPLETED,True,0.17830509023042396,0.5768130013166228,10.698218999095843,11.45333709064289
1516,9327.305817521867,9327.306026855,9327.306026855,9327.312761468,9327.324846474,0,COMPLETED,True,0.20933313317073043,6.734612999935052,12.085006001143483,19.028952134249266
1517,9327.30638427508,9327.306531986,9327.306531986,9327.315271899,9327.3256654,1,COMPLETED,True,0.14771091991860885,8.739913000681554,10.393500999271055,19.281124919871218
1518,9327.308030883058,9327.308279857,9327.308279857,9327.325209221,9327.336591443,0,COMPLETED,True,0.24897394177969545,16.929364001043723,11.382221999156172,28.56055994197959
1519,9327.314315710873,9327.314474285,9327.314474285,9327.325995348,9327.33668922,1,COMPLETED,True,0.1585741265444085,11.521062999236165,10.693872000047122,22.373509125827695
1520,9327.325554835306,9327.325662313,9327.325662313,9327.336885728,9327.348450391,0,COMPLETED,True,0.10747769374575,11.223415000131354,11.564663000172004,22.895555694049108
1521,9327.326872401749,9327.327029818,9327.327029818,9327.337002807,9327.348498123,1,COMPLETED,True,0.1574162506585708,9.972989000743837,11.495315999127342,21.62572125052975
1522,9327.329498891855,9327.329637411,9327.329637411,9327.348763135,9327.359579722,0,COMPLETED,True,0.13851914445695002,19.12572400033241,10.816587000590516,30.080830145379878
1523,9327.331972218753,9327.332102746,9327.332102746,9327.348779466,9327.360100681,1,COMPLETED,True,0.13052724716544617,16.676719998940825,11.32121500086214,28.12846224696841
1524,9327.331973549997,9327.332185616,9327.332185616,9327.35990248,9327.371084114,0,COMPLETED,True,0.21206600285950117,27.716864000467467,11.181633999512997,39.110564002839965
1525,9327.333257272552,9327.333386634,9327.333386634,9327.360258608,9327.371316176,1,COMPLETED,True,0.1293614477617666,26.87197399973229,11.05756800097879,38.05890344847285
1526,9327.342116391208,9327.342237698,9327.342237698,9327.371403458,9327.382450938,0,COMPLETED,True,0.12130679169786163,29.16576000097848,11.047479998524068,40.33454679120041
1527,9327.353852636597,9327.354078154,9327.354078154,9327.371606154,9327.382554896,1,COMPLETED,True,0.22551740221388172,17.528000000311295,10.948741999527556,28.702259402052732
1528,9327.355225408348,9327.355433149,9327.355433149,9327.382755053,9327.394751771,0,COMPLETED,True,0.20774065160367172,27.321904000928043,11.996717999863904,39.52636265239562
1529,9327.35993361703,9327.360255642,9327.360255642,9327.382824632,9327.394798845,1,COMPLETED,True,0.32202496913669165,22.568990001673228,11.974212999120937,34.86522796993086
1530,9327.366898251481,9327.367062104,9327.367062104,9327.395079904,9327.40644285,0,COMPLETED,True,0.16385251910833176,28.01779999936116,11.362946001099772,39.54459851956926
1531,9327.370243650741,9327.3704086,9327.3704086,9327.395095123,9327.40607223,1,COMPLETED,True,0.1649492587603163,24.686523000127636,10.977107000144315,35.82857925903227
1532,9327.376173191675,9327.376329357,9327.376329357,9327.406229844,9327.417357047,1,COMPLETED,True,0.1561653243697947,29.90048700121406,11.127202998977737,41.18385532456159
1533,9327.377722166982,9327.377882275,9327.377882275,9327.406756182,9327.417418196,0,COMPLETED,True,0.1601080166437896,28.873907000161125,10.662014001354692,39.69602901815961
1534,9327.379481313721,9327.379740832,9327.379740832,9327.417666283,9327.428851021,1,COMPLETED,True,0.2595182795630535,37.92545099895506,11.184738001247752,49.36970727976586
1535,9327.387832984688,9327.388024106,9327.388024106,9327.417678726,9327.428608467,0,COMPLETED,True,0.19112131121801212,29.654620000655996,10.929740999927162,40.77548231180117
1536,9327.396808412434,9327.397028138,9327.397028138,9327.428899593,9327.439129145,0,COMPLETED,True,0.21972556714899838,31.871454999418347,10.22955199914577,42.320732565713115
1537,9327.423612369357,9327.423880644,9327.423880644,9327.431233001,9327.441911701,1,COMPLETED,True,0.2682746435311856,7.352356999035692,10.678700000426034,18.29933164299291
1538,9327.42606998686,9327.431338495,9327.431338495,9327.439487439,9327.449273955,0,COMPLETED,True,5.268508140943595,8.148943999913172,9.786516000531265,23.20396814138803
1539,9327.460325356642,9327.46048307,9327.46048307,9327.461124215,9327.471033996,1,COMPLETED,True,0.15771335711178835,0.6411450012819842,9.909780999805662,10.708639358199434
1540,9327.465115877452,9327.465255362,9327.465255362,9327.466156545,9327.479702435,0,COMPLETED,True,0.13948454761703033,0.9011830006784294,13.545889998567873,14.586557546863332
1541,9327.465401348147,9327.465821698,9327.465821698,9327.471380105,9327.482114416,1,COMPLETED,True,0.4203498538117856,5.558406999625731,10.734310999396257,16.713067852833774
1542,9327.46869309,9327.468961308,9327.468961308,9327.480223814,9327.492436227,0,COMPLETED,True,0.26821800020115916,11.262505999184214,12.212412999360822,23.743136998746195
1543,9327.474892542557,9327.474983097,9327.474983097,9327.482407158,9327.493271472,1,COMPLETED,True,0.09055444206751417,7.424061001074733,10.864313999263686,18.378929442405934
1544,9327.479226531445,9327.479308779,9327.479308779,9327.492876515,9327.503647369,0,COMPLETED,True,0.0822475558379665,13.567735999458819,10.770853999929386,24.42083755522617
1545,9327.480334520164,9327.480422786,9327.480422786,9327.493608325,9327.504654445,1,COMPLETED,True,0.08826583689369727,13.185538999096025,11.046120000173687,24.31992483616341
1546,9327.490647776693,9327.490739459,9327.490739459,9327.503984372,9327.514741596,0,COMPLETED,True,0.09168230826617219,13.244912999653025,10.75722399946244,24.093819307381636
1547,9327.491781959274,9327.491866966,9327.491866966,9327.504977334,9327.515662174,1,COMPLETED,True,0.0850067262945231,13.110367999615846,10.684840000976692,23.88021472688706
1548,9327.491966651029,9327.492198395,9327.492198395,9327.515085058,9327.526962575,0,COMPLETED,True,0.23174397210823372,22.88666299864417,11.877517001266824,34.99592397201923
1549,9327.502319110865,9327.502486391,9327.502486391,9327.516017241,9327.526944001,1,COMPLETED,True,0.1672801354288822,13.53084999936982,10.926760000074864,24.624890134873567
1550,9327.503801868972,9327.504250961,9327.504250961,9327.527216942,9327.538338712,0,COMPLETED,True,0.4490920273383381,22.96598100110714,11.12176999959047,34.536843028035946
1551,9327.50646689392,9327.506633916,9327.506633916,9327.52730135,9327.538624243,1,COMPLETED,True,0.16702208085916936,20.66743399882398,11.322893000397016,32.15734908008017
1552,9327.510747573435,9327.511005504,9327.511005504,9327.538702609,9327.549862159,0,COMPLETED,True,0.2579305655672215,27.697104998878785,11.159550000229501,39.11458556467551
1553,9327.518084651429,9327.518282298,9327.518282298,9327.538912127,9327.550777782,1,COMPLETED,True,0.19764657190535218,20.629828999517485,11.865655000292463,32.6931305717153
1554,9327.52135314142,9327.521555484,9327.521555484,9327.550196137,9327.561427549,0,COMPLETED,True,0.20234258045093156,28.640652999456506,11.231412001507124,40.07440758141456
1555,9327.521521500308,9327.521690642,9327.521690642,9327.55093264,9327.562028417,1,COMPLETED,True,0.16914169100346044,29.241998001452885,11.095776999354712,40.50691669181106
1556,9327.526652365024,9327.526792814,9327.526792814,9327.561755982,9327.57253388,0,COMPLETED,True,0.14044897579879034,34.963168000103906,10.77789800001483,45.881514975917526
1557,9327.5335124559,9327.533661698,9327.533661698,9327.562304201,9327.573553442,1,COMPLETED,True,0.14924209972377867,28.642502998991404,11.249241000768961,40.040986099484144
1558,9327.548977779483,9327.549142496,9327.549142496,9327.572891397,9327.583856639,0,COMPLETED,True,0.1647165172471432,23.748900999635225,10.965241999656428,34.878859516538796
1559,9327.550308028854,9327.550487673,9327.550487673,9327.573910087,9327.584772185,1,COMPLETED,True,0.17964414473681245,23.42241400037892,10.862098000870901,34.464156145986635
1560,9327.55566319312,9327.555811137,9327.555811137,9327.584266023,9327.595447915,0,COMPLETED,True,0.14794387971051037,28.454885999963153,11.181892001332017,39.78472188100568
1561,9327.561343430158,9327.56149469,9327.56149469,9327.585106707,9327.595757656,1,COMPLETED,True,0.15125984282349236,23.612016999322805,10.650948999682441,34.41422584182874
1562,9327.56232556136,9327.562546419,9327.562546419,9327.595752476,9327.607269374,0,COMPLETED,True,0.2208576406701468,33.206056999915745,11.516898000991205,44.9438126415771
1563,9327.585113475245,9327.5852592,9327.5852592,9327.596155993,9327.60726124,1,COMPLETED,True,0.1457247544749407,10.896793000938487,11.10524700015958,22.147764755573007
1564,9327.587453533968,9327.587477864,9327.587477864,9327.607523246,9327.617771626,1,COMPLETED,True,0.024330032829311676,20.045381999807432,10.24838000012096,30.318092032757704
1565,9327.60900506102,9327.60910316,9327.60910316,9327.609719891,9327.620569579,0,COMPLETED,True,0.09809898074308876,0.6167309984448366,10.849688000234892,11.564517979422817
1566,9327.611429823983,9327.611520766,9327.611520766,9327.618140208,9327.628952098,1,COMPLETED,True,0.0909420177777065,6.619441999646369,10.811890000695712,17.522274018119788
1567,9327.617434276252,9327.617534785,9327.617534785,9327.620885073,9327.630987489,0,COMPLETED,True,0.10050874880107585,3.3502879996376578,10.10241599942674,13.553212747865473
1568,9327.635103984507,9327.635310821,9327.635310821,9327.635887374,9327.645531001,1,COMPLETED,True,0.2068364938168088,0.5765529986092588,9.643627001423738,10.427016493849806
1569,9327.64045433792,9327.640613838,9327.640613838,9327.64107652,9327.650639431,0,COMPLETED,True,0.15950008128129411,0.46268199912447017,9.562911000102758,10.185093080508523
1570,9327.6509318067,9327.651193539,9327.651193539,9327.651798683,9327.661724919,1,COMPLETED,True,0.2617323007143568,0.6051439995644614,9.92623599995568,10.793112300234498
1571,9327.658434247245,9327.658603952,9327.658603952,9327.65921454,9327.670968409,0,COMPLETED,True,0.16970475553534925,0.6105880001996411,11.753868999221595,12.534161754956585
1572,9327.661885518432,9327.662318388,9327.662318388,9327.662793379,9327.674238647,1,COMPLETED,True,0.43286956861265935,0.4749910003738478,11.445267999079078,12.353128568065586
1573,9327.668696983146,9327.668925419,9327.668925419,9327.671265556,9327.681964875,0,COMPLETED,True,0.22843585429654922,2.3401369999191957,10.699319000195828,13.267891854411573
1574,9327.668893591464,9327.669080683,9327.669080683,9327.674591657,9327.685146966,1,COMPLETED,True,0.18709153482632246,5.510974000571878,10.555308999755653,16.253374535153853
1575,9327.66970846538,9327.669853611,9327.669853611,9327.682269288,9327.693224957,0,COMPLETED,True,0.14514561917167157,12.415676999808056,10.955669000395574,23.5164916193753
1576,9327.672017938236,9327.67218639,9327.67218639,9327.685492448,9327.696389373,1,COMPLETED,True,0.16845176469360013,13.306057999216137,10.896925001361524,24.37143476527126
1577,9327.676038277528,9327.676176477,9327.676176477,9327.693527582,9327.704061848,0,COMPLETED,True,0.13819947162119206,17.351104999761446,10.534266000831849,28.023570472214487
1578,9327.679478525528,9327.679610093,9327.679610093,9327.696714847,9327.707740087,1,COMPLETED,True,0.13156747263565194,17.104753998864908,11.025240000890335,28.261561472390895
1579,9327.67958705799,9327.679728344,9327.679728344,9327.704406018,9327.713944319,0,COMPLETED,True,0.14128600923868362,24.67767400048615,9.538301001157379,34.35726101088221
1580,9327.719956961415,9327.720143353,9327.720143353,9327.72078334,9327.730380941,1,COMPLETED,True,0.1863915858848486,0.6399869998858776,9.597600999768474,10.4239795855392
1581,9327.724724713384,9327.724750651,9327.724750651,9327.725288057,9327.737318949,0,COMPLETED,True,0.025937615646398626,0.5374060001486214,12.030892001348548,12.594235617143568
1582,9327.736971222894,9327.737069834,9327.737069834,9327.737645555,9327.746320631,1,COMPLETED,True,0.09861110629572067,0.5757210001320345,8.675076000145054,9.34940810657281
1583,9327.760730131053,9327.760874525,9327.760874525,9327.761514243,9327.772048794,0,COMPLETED,True,0.1443939472665079,0.6397180004569236,10.534551000091597,11.318662947815028
1584,9327.764227579073,9327.764578047,9327.764578047,9327.765535741,9327.776194694,1,COMPLETED,True,0.3504679261823185,0.9576940010447288,10.658953000529436,11.967114927756484
1585,9327.764695116019,9327.764903115,9327.764903115,9327.772492317,9327.784363818,0,COMPLETED,True,0.2079989808407845,7.589202001327067,11.871500999404816,19.668701981572667
1586,9327.770115209303,9327.770321817,9327.770321817,9327.77634825,9327.787681366,1,COMPLETED,True,0.206607697691652,6.026432998623932,11.333116000969312,17.566156697284896
1587,9327.770553280165,9327.770948307,9327.770948307,9327.784712754,9327.796226825,0,COMPLETED,True,0.3950268346670782,13.764447001449298,11.5140709986008,25.673544834717177
1588,9327.78265856721,9327.782798382,9327.782798382,9327.78809848,9327.799332491,1,COMPLETED,True,0.1398147906002123,5.30009799877007,11.234011000851751,16.673923790222034
1589,9327.784054562591,9327.784239417,9327.784239417,9327.796524136,9327.807645931,0,COMPLETED,True,0.1848544088716153,12.284718999580946,11.121794999780832,23.591368408233393
1590,9327.78906656549,9327.789217189,9327.789217189,9327.79970173,9327.810868672,1,COMPLETED,True,0.15062350939842872,10.484541000550962,11.166942000272684,21.802106510222075
1591,9327.790906529935,9327.791155627,9327.791155627,9327.807930923,9327.819063779,0,COMPLETED,True,0.24909706371545326,16.775296000560047,11.132855999676394,28.157249063951895
1592,9327.792234613573,9327.792382684,9327.792382684,9327.811232234,9327.821919899,1,COMPLETED,True,0.14807042680331506,18.849550000595627,10.687664998840773,29.685285426239716
1593,9327.799789187675,9327.800116354,9327.800116354,9327.819383369,9327.829348302,0,COMPLETED,True,0.32716632449592,19.26701500087802,9.964933000446763,29.5591143258207
1594,9327.810838944166,9327.811097031,9327.811097031,9327.822210044,9327.837605391,1,COMPLETED,True,0.2580868349468801,11.113012998976046,15.395346999866888,26.766446833789814
1595,9327.817551536737,9327.817866516,9327.817866516,9327.829646653,9327.840922454,0,COMPLETED,True,0.31497926283918787,11.780136999732349,11.275801000010688,23.370917262582225
1596,9327.824474265086,9327.82453321,9327.82453321,9327.837982614,9327.847441471,1,COMPLETED,True,0.058944913689629175,13.44940400122141,9.458856999117415,22.967205914028455
1597,9327.84640193836,9327.846663655,9327.846663655,9327.847282217,9327.858002584,0,COMPLETED,True,0.2617166410345817,0.6185620004544035,10.720366999521502,11.600645641010487
1598,9327.847133519388,9327.847277611,9327.847277611,9327.84779575,9327.858513366,1,COMPLETED,True,0.14409161121875513,0.5181390006328002,10.717615999965346,11.379846611816902
1599,9327.86184413706,9327.861933286,9327.861933286,9327.862544322,9327.873004001,0,COMPLETED,True,0.08914893987821415,0.6110360009188298,10.459678998813615,11.15986393961066
1600,9327.865594863968,9327.865793642,9327.865793642,9327.866439194,9327.879309205,1,COMPLETED,True,0.1987780324270716,0.6455519996961812,12.87001099990448,13.714341032027733
1601,9327.8794697284,9327.879630882,9327.879630882,9327.88035471,9327.890690088,0,COMPLETED,True,0.1611536008567782,0.7238279995362973,10.335377999581397,11.220359599974472
1602,9327.882888292792,9327.88304725,9327.88304725,9327.883765415,9327.895205714,1,COMPLETED,True,0.15895720753178466,0.7181649998528883,11.440299000241794,12.317421207626467
1603,9327.888995385156,9327.889195435,9327.889195435,9327.890848732,9327.901854675,0,COMPLETED,True,0.2000498443521792,1.6532970003027003,11.005942998963292,12.859289843618171
1604,9327.88944309269,9327.889612657,9327.889612657,9327.89564841,9327.906616285,1,COMPLETED,True,0.16956430954451207,6.035753000105615,10.967874999550986,17.173192309201113
1605,9327.894991012006,9327.895151674,9327.895151674,9327.902223795,9327.913009514,0,COMPLETED,True,0.1606619935046183,7.072120999509934,10.78571900143288,18.018501994447433
1606,9327.89680723168,9327.896949045,9327.896949045,9327.906954298,9327.918271138,1,COMPLETED,True,0.14181331971485633,10.005252999690128,11.31684000029054,21.463906319695525
1607,9327.902945117903,9327.903120875,9327.903120875,9327.913332561,9327.923989305,0,COMPLETED,True,0.1757570971676614,10.211685999820475,10.656743999788887,21.044187096777023
1608,9327.90571771896,9327.905876109,9327.905876109,9327.918600436,9327.929782698,1,COMPLETED,True,0.15839003935980145,12.724326999887126,11.182262000147603,24.06497903939453
1609,9327.907189100828,9327.907341206,9327.907341206,9327.924334831,9327.934876684,0,COMPLETED,True,0.1521051726740552,16.993624998576706,10.54185300017707,27.687583171427832
1610,9327.913938991085,9327.914016464,9327.914016464,9327.930062341,9327.941331102,1,COMPLETED,True,0.07747291419946123,16.045877000578912,11.268760999882943,27.392110914661316
1611,9327.913958728446,9327.914144203,9327.914144203,9327.935223755,9327.945846836,0,COMPLETED,True,0.1854745532909874,21.079551999719115,10.623081001540413,31.888107554550515
1612,9327.914015008619,9327.914165155,9327.914165155,9327.941668277,9327.952228174,1,COMPLETED,True,0.15014638120192103,27.503122000780422,10.559896998529439,38.21316538051178
1613,9327.915440318833,9327.915591668,9327.915591668,9327.946174694,9327.956853583,0,COMPLETED,True,0.15134916611714289,30.58302600038587,10.67888900070102,41.413264167204034
1614,9327.916715665635,9327.916851256,9327.916851256,9327.952543242,9327.963499899,1,COMPLETED,True,0.1355903659714386,35.69198599871015,10.956657000861014,46.784233365542605
1615,9327.917867478607,9327.918043031,9327.918043031,9327.957173004,9327.967913492,0,COMPLETED,True,0.17555239355715457,39.129972999944584,10.740488000010373,50.04601339351211
1616,9327.91989797749,9327.920085466,9327.920085466,9327.96383338,9327.974989717,1,COMPLETED,True,0.1874885092547629,43.747914000050514,11.156337001011707,55.091739510316984
1617,9327.934535951697,9327.934684704,9327.934684704,9327.968087977,9327.979018731,0,COMPLETED,True,0.14875230226607528,33.40327300065837,10.930754000582965,44.482779303507414
1618,9327.948232094537,9327.948394821,9327.948394821,9327.975308534,9327.985958665,1,COMPLETED,True,0.16272646280413028,26.91371299988532,10.650131000147667,37.72657046283712
1619,9327.949373580781,9327.949511411,9327.949511411,9327.979308033,9327.990567196,0,COMPLETED,True,0.13783021859126166,29.796622000503703,11.259163000431727,41.19361521952669
1620,9327.949531491611,9327.949603528,9327.949603528,9327.986287913,9327.997205211,1,COMPLETED,True,0.07203638961073011,36.68438499880722,10.917298001004383,47.67371938942233
1621,9327.951229275344,9327.951483966,9327.951483966,9327.990871498,9328.001860799,0,COMPLETED,True,0.25469065622019116,39.387531998727354,10.989301001245622,50.63152365619317
1622,9327.954916754074,9327.955126832,9327.955126832,9327.997546249,9328.008730976,1,COMPLETED,True,0.2100779256579699,42.41941700092866,11.184726999999839,53.81422192658647
1623,9327.955573743875,9327.955764028,9327.955764028,9328.002181429,9328.012916267,0,COMPLETED,True,0.19028412498300895,46.417400999416714,10.734838000644231,57.342523125043954
1624,9327.962371903217,9327.962428637,9327.962428637,9328.008888687,9328.020181113,1,COMPLETED,True,0.056733782912488095,46.46004999995057,11.292425999272382,57.80920978213544
1625,9327.974414385888,9327.974564983,9327.974564983,9328.013284541,9328.024319519,0,COMPLETED,True,0.15059711222420447,38.71955800059368,11.034977998860995,49.90513311167888
1626,9327.977356607937,9327.97749465,9327.97749465,9328.020510463,9328.031534076,1,COMPLETED,True,0.13804206355416682,43.01581300023827,11.023613000361365,54.1774680641538
1627,9327.991352828018,9327.991507523,9327.991507523,9328.024622926,9328.03554854,0,COMPLETED,True,0.15469498248421587,33.11540299910121,10.925614000370842,44.195711981956265
1628,9327.99201731188,9327.992153451,9327.992153451,9328.031856261,9328.042862856,1,COMPLETED,True,0.1361391186947003,39.702809999653255,11.006595001163078,50.84554411951103
1629,9327.996298819478,9327.996551178,9327.996551178,9328.035859931,9328.046669746,0,COMPLETED,True,0.252358520810958,39.30875300102343,10.809814999447553,50.370926521281945
1630,9328.004775814805,9328.004949621,9328.004949621,9328.043151276,9328.054300829,1,COMPLETED,True,0.1738061946525704,38.20165500110306,11.149552999995649,49.52501419575128
1631,9328.008771761393,9328.008926175,9328.008926175,9328.046961338,9328.058023882,0,COMPLETED,True,0.15441360665136017,38.03516299922194,11.06254400110629,49.25212060697959
1632,9328.012910506206,9328.013169941,9328.013169941,9328.054675889,9328.065649639,1,COMPLETED,True,0.25943479340639897,41.50594800012186,10.973750000630389,52.73913279415865
1633,9328.039122443732,9328.039377424,9328.039377424,9328.058309914,9328.069163626,0,COMPLETED,True,0.2549802684370661,18.93249000022479,10.853711999516236,30.04118226817809
1634,9328.057353208089,9328.057518224,9328.057518224,9328.065976454,9328.075381064,1,COMPLETED,True,0.16501591198903043,8.458229998723255,9.40461000027426,18.027855910986545
1635,9328.078555324337,9328.078660115,9328.078660115,9328.07920593,9328.088547048,0,COMPLETED,True,0.10479066258994862,0.5458150008053053,9.34111800052051,9.991723663915764
1636,9328.09674824218,9328.096906011,9328.096906011,9328.097706326,9328.109037915,1,COMPLETED,True,0.15776881991769187,0.8003149996511638,11.331588999382802,12.289672818951658
1637,9328.097631287388,9328.097764922,9328.097764922,9328.098197096,9328.109106299,0,COMPLETED,True,0.13363461221160833,0.43217399979766924,10.909202999755507,11.475011611764785
1638,9328.098434741964,9328.098564033,9328.098564033,9328.109398241,9328.121166936,1,COMPLETED,True,0.12929103650094476,10.834208000233048,11.768694999773288,22.73219403650728
1639,9328.099154330439,9328.099282098,9328.099282098,9328.10941011,9328.121179411,0,COMPLETED,True,0.12776756011589896,10.128012001587194,11.769300999731058,22.02508056143415
1640,9328.107539100776,9328.107798932,9328.107798932,9328.121511189,9328.132169148,1,COMPLETED,True,0.25983122395700775,13.712256999497185,10.657959001036943,24.630047224491136
1641,9328.110920451069,9328.111069181,9328.111069181,9328.121561958,9328.132398551,0,COMPLETED,True,0.14872993233439047,10.492776998944464,10.836593000931316,21.47809993221017
1642,9328.115884551593,9328.115974708,9328.115974708,9328.132326329,9328.143565195,1,COMPLETED,True,0.09015640716825146,16.35162099955778,11.238865999985137,27.68064340671117
1643,9328.118508517122,9328.118595444,9328.118595444,9328.132569555,9328.143980236,0,COMPLETED,True,0.08692687879374716,13.974110999697587,11.410680999688338,25.471718878179672
1644,9328.123454751005,9328.123541917,9328.123541917,9328.143892021,9328.154816804,1,COMPLETED,True,0.08716599586477969,20.35010399958992,10.9247830005188,31.3620529959735
1645,9328.123917071473,9328.12399945,9328.12399945,9328.144340811,9328.154880237,0,COMPLETED,True,0.08237852671300061,20.341361001555924,10.539425999013474,30.9631655272824
1646,9328.126003446856,9328.126088551,9328.126088551,9328.155136096,9328.166464548,1,COMPLETED,True,0.0851041440910194,29.047545000139507,11.328451999361278,40.461101143591804
1647,9328.126462962726,9328.126545117,9328.126545117,9328.155178465,9328.166356885,0,COMPLETED,True,0.08215427442337386,28.633347999857506,11.17841999985103,39.89392227413191
1648,9328.132332221358,9328.132506723,9328.132506723,9328.166572207,9328.178294892,0,COMPLETED,True,0.17450164159527048,34.06548400016618,11.722685001586797,45.96267064334825
1649,9328.133047812194,9328.133144169,9328.133144169,9328.166835555,9328.178428568,1,COMPLETED,True,0.09635680544306524,33.69138599919097,11.593013001402142,45.38075580603618
1650,9328.1664515877,9328.166661794,9328.166661794,9328.178615827,9328.190284706,0,COMPLETED,True,0.21020630083512515,11.954032999710762,11.668878998534638,23.833118299080525
1651,9328.175723604036,9328.175887644,9328.175887644,9328.178684243,9328.189976533,1,COMPLETED,True,0.16403996414737776,2.7965989993390394,11.292290000710636,14.252928964197054
1652,9328.187055956925,9328.187326879,9328.187326879,9328.19031293,9328.199506522,1,COMPLETED,True,0.27092207528767176,2.9860510003345553,9.193591999064665,12.450565074686892
1653,9328.208448413932,9328.208601216,9328.208601216,9328.20933444,9328.219756722,0,COMPLETED,True,0.1528020675323205,0.7332240002142498,10.422281999126426,11.308308066872996
1654,9328.211179030455,9328.211307317,9328.211307317,9328.211898942,9328.222928116,1,COMPLETED,True,0.12828654507757165,0.5916249992878875,11.02917400021397,11.74908554457943
1655,9328.214271720084,9328.21440376,9328.21440376,9328.220108125,9328.230599092,0,COMPLETED,True,0.1320399151154561,5.704365001292899,10.49096699898655,16.327371915394906
1656,9328.22417571574,9328.224323976,9328.224323976,9328.224878732,9328.235669276,1,COMPLETED,True,0.1482602583564585,0.5547560012928443,10.790543999974034,11.493560259623337
1657,9328.224847138603,9328.224984121,9328.224984121,9328.230924784,9328.242164383,0,COMPLETED,True,0.13698239672521595,5.940663000728819,11.239598999964073,17.317244397418108
1658,9328.232463406963,9328.232627723,9328.232627723,9328.235994054,9328.246231563,1,COMPLETED,True,0.16431603762612212,3.366330998687772,10.237509000944556,13.76815603725845
1659,9328.253060886203,9328.253236508,9328.253236508,9328.253874974,9328.263562542,0,COMPLETED,True,0.17562179709784687,0.63846599914541,9.687568001027103,10.50165579727036
1660,9328.260606513106,9328.260769286,9328.260769286,9328.261343541,9328.273927926,1,COMPLETED,True,0.1627728943276452,0.574255000174162,12.584385000081966,13.321412894583773
1661,9328.266398692846,9328.266556793,9328.266556793,9328.267056512,9328.28069274,0,COMPLETED,True,0.15810015429451596,0.49971900079981424,13.636227999086259,14.29404715418059
1662,9328.27120805156,9328.271377278,9328.271377278,9328.274283565,9328.28509186,1,COMPLETED,True,0.16922644135775045,2.9062869998597307,10.808294999151258,13.883808440368739
1663,9328.272531683439,9328.272679228,9328.272679228,9328.281212506,9328.29262069,0,COMPLETED,True,0.14754456060472876,8.533278001777944,11.408183998355526,20.0890065607382
1664,9328.290103775467,9328.290222092,9328.290222092,9328.290784964,9328.301547113,1,COMPLETED,True,0.11831653318949975,0.5628719991364051,10.762149000584031,11.443337532909936
1665,9328.291508748398,9328.291622893,9328.291622893,9328.292997185,9328.303710026,0,COMPLETED,True,0.11414460277592298,1.374292000036803,10.712840999985929,12.201277602798655
1666,9328.302612996244,9328.302783226,9328.302783226,9328.303445437,9328.313809128,1,COMPLETED,True,0.17022975589497946,0.6622110013267957,10.363690998929087,11.196131756150862
1667,9328.306116313626,9328.306267777,9328.306267777,9328.306975921,9328.317782649,0,COMPLETED,True,0.15146337318583392,0.7081439998728456,10.806727999806753,11.666335372865433
1668,9328.31151251316,9328.311682265,9328.311682265,9328.314115037,9328.324956204,1,COMPLETED,True,0.16975184007606003,2.4327719984285068,10.841167000762653,13.44369083926722
1669,9328.318457576419,9328.318726927,9328.318726927,9328.319406068,9328.329398299,0,COMPLETED,True,0.26935058122035116,0.6791409996367292,9.992231000069296,10.940722580926376
1670,9328.334302229334,9328.334519301,9328.334519301,9328.335059764,9328.344134288,1,COMPLETED,True,0.21707166524720378,0.5404630010161782,9.074523999515804,9.832058665779186
1671,9328.371865744903,9328.371982269,9328.371982269,9328.37265598,9328.382570524,0,COMPLETED,True,0.11652409739326686,0.6737109997629886,9.914543999911984,10.70477909706824
1672,9328.387165402984,9328.387422747,9328.387422747,9328.388029782,9328.399984242,1,COMPLETED,True,0.2573440160631435,0.6070349991205148,11.954460000197287,12.818839015380945
1673,9328.389173986176,9328.38942288,9328.38942288,9328.390158807,9328.403150108,0,COMPLETED,True,0.24889382439141627,0.7359270002780249,12.991301000511157,13.976121825180599
1674,9328.390114587128,9328.390260574,9328.390260574,9328.400471772,9328.411609559,1,COMPLETED,True,0.14598687266698107,10.211197999524302,11.137786999825039,21.494971872016322
1675,9328.390984478026,9328.391121681,9328.391121681,9328.403431687,9328.41819315,0,COMPLETED,True,0.13720297283725813,12.310006000916474,14.761463000468211,27.208671974221943
1676,9328.403719933865,9328.403911457,9328.403911457,9328.411994031,9328.423614867,1,COMPLETED,True,0.19152313507220242,8.08257399876311,11.620836001384305,19.894933135219617
1677,9328.440091651664,9328.440187086,9328.440187086,9328.440840747,9328.450778199,0,COMPLETED,True,0.09543433588987682,0.6536609998875065,9.937451999576297,10.68654733535368
1678,9328.478639160316,9328.478656577,9328.478656577,9328.479152763,9328.491207169,1,COMPLETED,True,0.017416683476767503,0.49618600132816937,12.05440599915164,12.568008683956577
1679,9328.484307169696,9328.484445059,9328.484445059,9328.485002573,9328.498327167,0,COMPLETED,True,0.13788930482405704,0.5575139985012356,13.324594001460355,14.019997304785647
1680,9328.497326429615,9328.49744278,9328.49744278,9328.4979641,9328.510454029,1,COMPLETED,True,0.11635038572421763,0.5213200001890073,12.489928998547839,13.127599384461064
1681,9328.500076196147,9328.500182391,9328.500182391,9328.500460033,9328.510987539,0,COMPLETED,True,0.10619485328788869,0.2776419987640111,10.52750600138097,10.91134285343287
1682,9328.50729115098,9328.507429496,9328.507429496,9328.510612426,9328.520532453,1,COMPLETED,True,0.13834501987730619,3.1829300005483674,9.920026999679976,13.24130202010565
1683,9328.519697445587,9328.51983449,9328.51983449,9328.520418365,9328.530882092,0,COMPLETED,True,0.13704441334994044,0.5838750003022142,10.463726999660139,11.184646413312294
1684,9328.52354336035,9328.523776938,9328.523776938,9328.524345654,9328.535199412,1,COMPLETED,True,0.2335776498512132,0.5687159991794033,10.853757999939262,11.656051648969878
1685,9328.524677752797,9328.524862081,9328.524862081,9328.531255195,9328.542420407,0,COMPLETED,True,0.18432820252201054,6.393113999365596,11.165212001287728,17.742654203175334
1686,9328.52510124848,9328.525235044,9328.525235044,9328.535559378,9328.54675432,1,COMPLETED,True,0.133795520014246,10.3243339999608,11.194941998837749,21.653071518812794
1687,9328.525642141401,9328.525777639,9328.525777639,9328.542736397,9328.553539458,0,COMPLETED,True,0.13549759933084715,16.9587579985091,10.803061000842717,27.897316598682664
1688,9328.529412584892,9328.529573929,9328.529573929,9328.547047655,9328.558062112,1,COMPLETED,True,0.16134410725499038,17.473726000389433,11.014457000783295,28.64952710842772
1689,9328.53006758341,9328.530197004,9328.530197004,9328.553889809,9328.564826771,0,COMPLETED,True,0.1294205903832335,23.692804999882355,10.936962000414496,34.759187590680085
1690,9328.544888950084,9328.545071833,9328.545071833,9328.558346586,9328.569519554,1,COMPLETED,True,0.18288291539647616,13.274753000587225,11.172967999300454,24.630603915284155
1691,9328.54698893892,9328.547228021,9328.547228021,9328.565156803,9328.576681205,0,COMPLETED,True,0.2390820791333681,17.92878200103587,11.524401999849943,29.69226608001918
1692,9328.551008680035,9328.551134614,9328.551134614,9328.569836291,9328.580745001,1,COMPLETED,True,0.12593396422744263,18.701677001445205,10.908709999057464,29.736320964730112
1693,9328.555660044432,9328.555806712,9328.555806712,9328.576995985,9328.588067779,0,COMPLETED,True,0.1466675676056184,21.189273000345565,11.071793998780777,32.40773456673196
1694,9328.572508800353,9328.572609571,9328.572609571,9328.581087463,9328.591957526,1,COMPLETED,True,0.10077064689539839,8.477892000883003,10.870062998947105,19.448725646725507
1695,9328.579475247156,9328.579758689,9328.579758689,9328.588346115,9328.5999096,0,COMPLETED,True,0.28344184465822764,8.587426000303822,11.563484998987406,20.434352843949455
1696,9328.582732017534,9328.582833175,9328.582833175,9328.592167944,9328.603743652,1,COMPLETED,True,0.10115746590599883,9.334768999906373,11.575708000236773,21.011634466049145
1697,9328.59228398836,9328.5923869,9328.5923869,9328.600262849,9328.611124504,0,COMPLETED,True,0.10291163926012814,7.87594900066324,10.861654998734593,18.840515638657962
1698,9328.602511894842,9328.602626811,9328.602626811,9328.604070202,9328.615121855,1,COMPLETED,True,0.11491615805425681,1.4433910000661854,11.051653000322403,12.609960158442846
1699,9328.608573946985,9328.608677293,9328.608677293,9328.611408198,9328.621636482,0,COMPLETED,True,0.10334601392969489,2.7309050001349533,10.228283999822452,13.0625350138871
1700,9328.61747863232,9328.617586184,9328.617586184,9328.618035223,9328.628733752,1,COMPLETED,True,0.10755167932074983,0.4490390001592459,10.698529000364942,11.255119679844938
1701,9328.620005535247,9328.620146034,9328.620146034,9328.621952094,9328.632711818,0,COMPLETED,True,0.14049875244381838,1.8060599995806115,10.759724000308779,12.706282752333209
1702,9328.62350434944,9328.623599428,9328.623599428,9328.629155408,9328.639977103,1,COMPLETED,True,0.09507855975243729,5.555980000281124,10.821694999322062,16.472753559355624
1703,9328.629086594006,9328.62926342,9328.62926342,9328.633020521,9328.643853428,0,COMPLETED,True,0.17682599354884587,3.7571009997918736,10.83290700080397,14.76683399414469
1704,9328.63247972591,9328.632572353,9328.632572353,9328.640328673,9328.650999976,1,COMPLETED,True,0.0926270913623739,7.756319999316474,10.67130299998098,18.52025009065983
1705,9328.632526367788,9328.632622825,9328.632622825,9328.644214567,9328.655105097,0,COMPLETED,True,0.09645721183915157,11.591742000746308,10.890529998505372,22.57872921109083
1706,9328.632701559887,9328.632855892,9328.632855892,9328.651341324,9328.662299956,1,COMPLETED,True,0.1543321122881025,18.485432001398294,10.958631999528734,29.59839611321513
1707,9328.640193880345,9328.640297467,9328.640297467,9328.655454848,9328.666174029,0,COMPLETED,True,0.10358665531384759,15.157380999880843,10.719181000240496,25.980148655435187
1708,9328.641725724936,9328.641906834,9328.641906834,9328.662600642,9328.673438185,1,COMPLETED,True,0.1811090642149793,20.693807999123237,10.837543000889127,31.712460064227344
1709,9328.648665350405,9328.648782895,9328.648782895,9328.666559537,9328.677523329,0,COMPLETED,True,0.11754459410440177,17.776642000171705,10.963792001348338,28.857978595624445
1710,9328.651850974431,9328.651972448,9328.651972448,9328.673762199,9328.684535967,1,COMPLETED,True,0.12147356937930454,21.789750999232638,10.773768000944983,32.684992569556925
1711,9328.663282998557,9328.66343813,9328.66343813,9328.67782302,9328.689237399,0,COMPLETED,True,0.15513144171563908,14.384890000656014,11.414378999688779,25.954400442060432
1712,9328.666849972758,9328.667062048,9328.667062048,9328.684857481,9328.695718563,1,COMPLETED,True,0.21207524150668178,17.79543299926445,10.861082000701572,28.868590241472702
1713,9328.676538557378,9328.676797836,9328.676797836,9328.689554955,9328.699959406,0,COMPLETED,True,0.25927862225216813,12.757119000525563,10.404450998976245,23.420848621753976
1714,9328.678522518821,9328.678674842,9328.678674842,9328.696074282,9328.70714946,1,COMPLETED,True,0.15232317855407018,17.39943999928073,11.075178001192398,28.6269411790272
1715,9328.699336275318,9328.699501467,9328.699501467,9328.700303406,9328.71046649,0,COMPLETED,True,0.16519168093509506,0.8019390006666072,10.163083999941591,11.130214681543293
1716,9328.714261034913,9328.714487617,9328.714487617,9328.720159429,9328.732435082,1,COMPLETED,True,0.22658208763459697,5.671811999491183,12.275652999960585,18.174047087086365
1717,9328.718014268416,9328.718154922,9328.718154922,9328.720269614,9328.732782857,0,COMPLETED,True,0.1406535848218482,2.1146919989405433,12.513243000285001,14.768588584047393
1718,9328.736517695932,9328.736671305,9328.736671305,9328.737414994,9328.749710053,1,COMPLETED,True,0.15360906763817184,0.7436890009557828,12.295058999370667,13.192357067964622
1719,9328.747191551989,9328.747280866,9328.747280866,9328.747849889,9328.758603372,0,COMPLETED,True,0.08931401134759653,0.5690229991159867,10.753483000371489,11.411820010835072
1720,9328.751269305398,9328.751364196,9328.751364196,9328.752155857,9328.764740898,1,COMPLETED,True,0.09489060175837949,0.7916610011307057,12.585040998601471,13.471592601490556
1721,9328.751310704547,9328.751399783,9328.751399783,9328.758772237,9328.769936258,0,COMPLETED,True,0.08907845221983735,7.372454001597362,11.164020999785862,18.62555345360306
1722,9328.751953118925,9328.752171569,9328.752171569,9328.765104045,9328.776272813,1,COMPLETED,True,0.2184500754083274,12.932476000059978,11.168768000061391,24.319694075529696
1723,9328.75690084984,9328.756996453,9328.756996453,9328.770273311,9328.780885637,0,COMPLETED,True,0.09560315993439872,13.276858000608627,10.612325999318273,23.9847871598613
1724,9328.759860665023,9328.759944902,9328.759944902,9328.776594315,9328.78743643,1,COMPLETED,True,0.08423697727266699,16.649413000777713,10.84211499983212,27.5757649778825
1725,9328.760678440707,9328.76085361,9328.76085361,9328.781225578,9328.79229924,0,COMPLETED,True,0.17516929256089497,20.371968001200003,11.073661999034812,31.62079929279571
1726,9328.781955274631,9328.782063128,9328.782063128,9328.787732445,9328.798306665,1,COMPLETED,True,0.10785336780827492,5.6693170008657034,10.574219999398338,16.351390368072316
1727,9328.794099224511,9328.794200401,9328.794200401,9328.794613765,9328.804186879,0,COMPLETED,True,0.10117648889718112,0.41336399954161607,9.573114000886562,10.08765448932536
1728,9328.806115897643,9328.806229443,9328.806229443,9328.806729311,9328.816487465,1,COMPLETED,True,0.11354535672580823,0.4998679996788269,9.758153999428032,10.371567355832667
1729,9328.812262712327,9328.812453175,9328.812453175,9328.81296247,9328.822521344,0,COMPLETED,True,0.1904626733448822,0.5092949995741947,9.558874000504147,10.258631673423224
1730,9328.824638702252,9328.824725943,9328.824725943,9328.82526614,9328.836733682,1,COMPLETED,True,0.08724074905330781,0.5401969992817612,11.467541999081732,12.0949797474168
1731,9328.824721037981,9328.824778283,9328.824778283,9328.82533977,9328.836467042,0,COMPLETED,True,0.057245018979301676,0.5614869987766724,11.12727200052177,11.746004018277745
1732,9328.827533384305,9328.827702802,9328.827702802,9328.836768075,9328.847988515,0,COMPLETED,True,0.16941769536060747,9.065272999578156,11.220440001125098,20.45513069606386
1733,9328.834130272047,9328.834356671,9328.834356671,9328.837071468,9328.848085227,1,COMPLETED,True,0.22639895178144798,2.7147970013174927,11.013758999979473,13.954954953078413
1734,9328.859741291746,9328.859904987,9328.859904987,9328.860597522,9328.87075625,0,COMPLETED,True,0.1636952547414694,0.6925349989614915,10.158728000533301,11.014958254236262
1735,9328.86363839597,9328.863899372,9328.863899372,9328.864492292,9328.874929242,1,COMPLETED,True,0.260976030403981,0.5929199996899115,10.436950000439538,11.29084603053343
1736,9328.867453641375,9328.867626871,9328.867626871,9328.870908693,9328.881994371,0,COMPLETED,True,0.17322962594334967,3.2818219988257624,11.085678001109045,14.540729625878157
1737,9328.873819013468,9328.874076748,9328.874076748,9328.875272405,9328.886602173,1,COMPLETED,True,0.25773453126021195,1.195656999698258,11.329767999995966,12.783159530954435
1738,9328.877226393979,9328.877388911,9328.877388911,9328.882322506,9328.893475855,0,COMPLETED,True,0.1625170207262272,4.933595000693458,11.153348999869195,16.24946102128888
1739,9328.877658079442,9328.877992407,9328.877992407,9328.886755196,9328.898148876,1,COMPLETED,True,0.33432755844842177,8.76278899886529,11.393680000765016,20.490796558078728
1740,9328.878760712565,9328.878893988,9328.878893988,9328.893791129,9328.90388284,0,COMPLETED,True,0.13327543456398416,14.897140999892144,10.091711001223302,25.12212743567943
1741,9328.902285443508,9328.902522594,9328.902522594,9328.903275977,9328.914031792,1,COMPLETED,True,0.23715049246675335,0.7533829993917607,10.755814999356517,11.74634849121503
1742,9328.904228806596,9328.904600679,9328.904600679,9328.905062274,9328.916089818,0,COMPLETED,True,0.3718724037753418,0.4615950001607416,11.027544000171474,11.861011404107558
1743,9328.908864581981,9328.909123738,9328.909123738,9328.914340847,9328.925130698,1,COMPLETED,True,0.25915601872839034,5.217109001023346,10.789850999572081,16.266116019323817
1744,9328.91129373332,9328.911505064,9328.911505064,9328.916359369,9328.927339174,0,COMPLETED,True,0.21133068003109656,4.854304999753367,10.97980500162521,16.045440681409673
1745,9328.917419113817,9328.917588476,9328.917588476,9328.925434137,9328.936604155,1,COMPLETED,True,0.16936218344199006,7.845660999009851,11.17001800048456,19.185041182936402
1746,9328.919342507263,9328.919487121,9328.919487121,9328.927687252,9328.938713722,0,COMPLETED,True,0.14461373757512774,8.200131000194233,11.026469999706023,19.371214737475384
1747,9328.931550164663,9328.931714845,9328.931714845,9328.936883564,9328.94617492,1,COMPLETED,True,0.16468033754790667,5.168718998902477,9.291356000176165,14.62475533662655
1748,9328.950509867474,9328.950676823,9328.950676823,9328.95129484,9328.96133421,0,COMPLETED,True,0.16695552585588302,0.6180170003062813,10.039369999503833,10.824342525665998
1749,9328.955626322617,9328.955788611,9328.955788611,9328.956437702,9328.967540763,1,COMPLETED,True,0.1622883828531485,0.6490910000138683,11.103061000540038,11.914440383407054
1750,9328.96410708736,9328.964279646,9328.964279646,9328.964920812,9328.974518356,0,COMPLETED,True,0.17255863895115908,0.6411660015146481,9.597543999916525,10.411268640382332
1751,9328.974935521395,9328.975023955,9328.975023955,9328.975675103,9328.987095157,1,COMPLETED,True,0.08843360410537571,0.6511480005428893,11.420053999245283,12.159635603893548
1752,9328.975085032138,9328.975168129,9328.975168129,9328.975819942,9328.987310472,0,COMPLETED,True,0.0830968619993655,0.6518129994219635,11.49053000153799,12.22543986295932
1753,9328.977213345868,9328.977365755,9328.977365755,9328.987247077,9328.998677365,1,COMPLETED,True,0.15240913126035593,9.881322001092485,11.430287999246502,21.464019131599343
1754,9328.982569946844,9328.982717915,9328.982717915,9328.98747222,9328.998522041,0,COMPLETED,True,0.1479681559430901,4.75430500046059,11.049820999687654,15.952094156091334
1755,9328.986661456971,9328.986822011,9328.986822011,9328.998810833,9329.009882082,0,COMPLETED,True,0.16055402920756023,11.988821999693755,11.071249000451644,23.22062502935296
1756,9328.988603336742,9328.988741703,9328.988741703,9328.998939223,9329.010325039,1,COMPLETED,True,0.138366258397582,10.197519999564975,11.385816000256455,21.72170225821901
1757,9328.997192928171,9328.997331261,9328.997331261,9329.010173785,9329.020904542,0,COMPLETED,True,0.13833282901032362,12.84252400000696,10.730756999691948,23.711613828709233
1758,9328.997448003622,9328.99792018,9328.99792018,9329.010665448,9329.021656295,1,COMPLETED,True,0.4721763780253241,12.745268000799115,10.990847000357462,24.2082913791819
1759,9329.01473753565,9329.014891439,9329.014891439,9329.021245315,9329.032174306,0,COMPLETED,True,0.1539033492008457,6.353876000503078,10.92899099967326,17.436770349377184
1760,9329.017047521997,9329.017219292,9329.017219292,9329.022053118,9329.032901887,1,COMPLETED,True,0.17177000336232595,4.833826000322006,10.848768999494496,15.854365003178827
1761,9329.021096681274,9329.021362819,9329.021362819,9329.032493059,9329.043228277,0,COMPLETED,True,0.26613772570271976,11.130240000056801,10.735218000263558,22.13159572602308
1762,9329.034596492975,9329.034764408,9329.034764408,9329.035249699,9329.046116628,1,COMPLETED,True,0.16791502457635943,0.48529100058658514,10.866929000258096,11.520135025421041
1763,9329.03479634866,9329.03489164,9329.03489164,9329.043553553,9329.054685572,0,COMPLETED,True,0.09529133967589587,8.661912999741617,11.1320190007973,19.889223340214812
1764,9329.042470467644,9329.042635727,9329.042635727,9329.046414658,9329.057455327,1,COMPLETED,True,0.165259356435854,3.7789309990330366,11.040669000067282,14.984859355536173
1765,9329.04697843488,9329.047187418,9329.047187418,9329.055022259,9329.065855475,0,COMPLETED,True,0.20898311959172133,7.8348410006583435,10.833215999809909,18.877040120059974
1766,9329.048028776184,9329.048176554,9329.048176554,9329.057739569,9329.068528391,1,COMPLETED,True,0.14777781689190306,9.563014999002917,10.788822000904474,20.499614816799294
1767,9329.050916492823,9329.05107856,9329.05107856,9329.066195436,9329.077390911,0,COMPLETED,True,0.1620671773707727,15.11687600032019,11.195474999112776,26.474418176803738
1768,9329.064732539611,9329.064899045,9329.064899045,9329.068807882,9329.079631118,1,COMPLETED,True,0.16650538964313455,3.908836999471532,10.823235999851022,14.898578388965689
1769,9329.065365311828,9329.06550326,9329.06550326,9329.077710745,9329.08865425,0,COMPLETED,True,0.137948172778124,12.207484998725704,10.9435049998865,23.288938171390328
1770,9329.065608983537,9329.065742234,9329.065742234,9329.079954295,9329.090838292,1,COMPLETED,True,0.13325046165846288,14.212061001671827,10.883996999837109,25.2293084631674
1771,9329.077460318229,9329.07761425,9329.07761425,9329.088954908,9329.099442594,0,COMPLETED,True,0.1539317709102761,11.34065800033568,10.487686000487884,21.98227577173384
1772,9329.079057570061,9329.079193324,9329.079193324,9329.091204424,9329.101861765,1,COMPLETED,True,0.13575393859355245,12.011099999654107,10.657341001206078,22.804194939453737
1773,9329.103481792607,9329.103584567,9329.103584567,9329.103983375,9329.113097313,0,COMPLETED,True,0.1027743928716518,0.39880800068203826,9.11393800015503,9.61552039370872
1774,9329.11340576388,9329.113505254,9329.113505254,9329.113874227,9329.125002914,1,COMPLETED,True,0.09949012019205838,0.36897300014970824,11.128686999654747,11.597150119996513
1775,9329.115151152451,9329.115245158,9329.115245158,9329.11548851,9329.126498983,0,COMPLETED,True,0.094005548817222,0.2433520003251033,11.010472999259946,11.347830548402271
1776,9329.116696291556,9329.116785541,9329.116785541,9329.125343739,9329.135381263,1,COMPLETED,True,0.08924944449972827,8.558198000173434,10.037523999926634,18.684971444599796
1777,9329.129954501568,9329.130067375,9329.130067375,9329.130566215,9329.141372835,0,COMPLETED,True,0.11287343113508541,0.49884000145539176,10.806619999129907,11.418333431720384
1778,9329.130910053631,9329.131006651,9329.131006651,9329.1357502,9329.146472292,1,COMPLETED,True,0.09659736861067358,4.743548999613267,10.722092001742567,15.562238369966508
1779,9329.133011429567,9329.133107872,9329.133107872,9329.141688015,9329.152737722,0,COMPLETED,True,0.09644243255024776,8.580143001381657,11.049706999983755,19.72629243391566
1780,9329.13666783357,9329.136800567,9329.136800567,9329.146806259,9329.157551997,1,COMPLETED,True,0.1327334284724202,10.005692000049748,10.745737999968696,20.884163428490865
1781,9329.144350939358,9329.144481734,9329.144481734,9329.153052867,9329.164070516,0,COMPLETED,True,0.13079464224574622,8.571132999350084,11.017649001587415,19.719576643183245
1782,9329.145616607964,9329.145726583,9329.145726583,9329.157910693,9329.168802392,1,COMPLETED,True,0.10997503522958141,12.184110000816872,10.891698999330401,23.185784035376855
1783,9329.14613625743,9329.146262942,9329.146262942,9329.164375638,9329.175365453,0,COMPLETED,True,0.12668457020481583,18.11269599966181,10.98981500035734,29.229195570223965
1784,9329.165677879426,9329.165936638,9329.165936638,9329.169130316,9329.179402796,1,COMPLETED,True,0.2587585750006838,3.193677999661304,10.27247999991232,13.724916574574308
1785,9329.175626682803,9329.17597713,9329.17597713,9329.176607427,9329.187686,0,COMPLETED,True,0.35044719697907567,0.6302969995886087,11.078572999394964,12.059317195962649
1786,9329.177491062215,9329.177643015,9329.177643015,9329.179732696,9329.190400364,1,COMPLETED,True,0.15195278501778375,2.089681000143173,10.667667998859542,12.9093017840205
1787,9329.193150943345,9329.193298759,9329.193298759,9329.193962053,9329.203237129,0,COMPLETED,True,0.14781565550947562,0.6632939985138364,9.275076001358684,10.086185655381996
1788,9329.208651342424,9329.208738595,9329.208738595,9329.209390859,9329.22453696,1,COMPLETED,True,0.08725257612240966,0.6522639996546786,15.146101000937051,15.88561757671414
1789,9329.21413896075,9329.214299642,9329.214299642,9329.214923802,9329.225873405,0,COMPLETED,True,0.16068125114543363,0.6241599985514767,10.94960299997183,11.73444424966874
1790,9329.215202536016,9329.215341275,9329.215341275,9329.224830111,9329.235810398,1,COMPLETED,True,0.13873898387828376,9.488835999945877,10.98028700107534,20.6078619848995
1791,9329.21521171008,9329.215430112,9329.215430112,9329.226207776,9329.237636801,0,COMPLETED,True,0.21840192130184732,10.777663999760989,11.429024998506065,22.425090919568902
1792,9329.21826514609,9329.218424641,9329.218424641,9329.23615508,9329.247219111,1,COMPLETED,True,0.15949490989441983,17.73043899993354,11.064030999477836,28.953964909305796
1793,9329.218728824531,9329.218929335,9329.218929335,9329.237967159,9329.248953459,0,COMPLETED,True,0.20051046885782853,19.037824000406545,10.986299999785842,30.224634469050216
1794,9329.240112884405,9329.240272295,9329.240272295,9329.247557867,9329.257588616,1,COMPLETED,True,0.15941059427859727,7.285572000910179,10.030748999270145,17.47573159445892
1795,9329.25352440993,9329.253708397,9329.253708397,9329.254395436,9329.265091313,0,COMPLETED,True,0.18398706924926955,0.6870390006952221,10.695876999307075,11.566903069251566
1796,9329.25913075273,9329.259290141,9329.259290141,9329.259855464,9329.269780046,1,COMPLETED,True,0.15938827164063696,0.5653230000461917,9.924581998348003,10.649293270034832
1797,9329.276757309053,9329.276911888,9329.276911888,9329.277622855,9329.288760382,0,COMPLETED,True,0.15457894733117428,0.7109669986675726,11.137527000755654,12.0030729467544
1798,9329.276802405542,9329.277030045,9329.277030045,9329.277774248,9329.289061872,1,COMPLETED,True,0.22763945707993116,0.7442030000675004,11.287624000033247,12.259466457180679
1799,9329.29407785961,9329.294205137,9329.294205137,9329.294989208,9329.304223895,0,COMPLETED,True,0.12727738976536784,0.7840710004529683,9.234687000571284,10.14603539078962
1800,9329.307194282535,9329.307456707,9329.307456707,9329.308223551,9329.317802601,1,COMPLETED,True,0.2624244643811835,0.7668439993722131,9.579049999956624,10.60831846371002
1801,9329.314752791104,9329.314918259,9329.314918259,9329.315623626,9329.326296086,0,COMPLETED,True,0.1654678962950129,0.7053669996821554,10.672459999113926,11.543294895091094
1802,9329.315649840455,9329.315795917,9329.315795917,9329.318180717,9329.329180181,1,COMPLETED,True,0.14607654520659707,2.3848000000725733,10.999463998814463,13.530340544093633
1803,9329.32388835924,9329.324069914,9329.324069914,9329.326460677,9329.337608471,0,COMPLETED,True,0.18155476027459372,2.390763000221341,11.147793999043643,13.720111759539577
1804,9329.328271255445,9329.328489248,9329.328489248,9329.329462232,9329.339968672,1,COMPLETED,True,0.21799255591758993,0.9729840003274148,10.50643999951717,11.697416555762175
1805,9329.339649134885,9329.33978998,9329.33978998,9329.34054336,9329.349887818,0,COMPLETED,True,0.14084511531109456,0.7533799998782342,9.34445799975947,10.238683114948799
1806,9329.354391942032,9329.354544072,9329.354544072,9329.355252883,9329.364294918,1,COMPLETED,True,0.15212996913760435,0.7088109996402636,9.042034998856252,9.90297596763412
1807,9329.363284170777,9329.363424633,9329.363424633,9329.364083122,9329.37510518,0,COMPLETED,True,0.14046222349861637,0.6584889997611754,11.022058000889956,11.821009224149748
1808,9329.364147112792,9329.364288672,9329.364288672,9329.364714167,9329.375559078,1,COMPLETED,True,0.14155920871417038,0.4254949999449309,10.84491099936713,11.411965208026231
1809,9329.371114660618,9329.371267083,9329.371267083,9329.3754461,9329.384404016,0,COMPLETED,True,0.15242238077917136,4.179017001661123,8.95791599941731,13.289355381857604
1810,9329.391500358322,9329.391586891,9329.391586891,9329.392320436,9329.404110698,1,COMPLETED,True,0.08653267832414713,0.733544999093283,11.79026200043154,12.61033967784897
1811,9329.393221715452,9329.393405314,9329.393405314,9329.393944923,9329.405586855,0,COMPLETED,True,0.18359854766458739,0.5396090000431286,11.64193200020236,12.365139547910076
1812,9329.403728974336,9329.403894662,9329.403894662,9329.404838684,9329.415595619,1,COMPLETED,True,0.1656876647757599,0.9440220001124544,10.756935000244994,11.866644665133208
1813,9329.40378507711,9329.404108987,9329.404108987,9329.405961189,9329.41632157,0,COMPLETED,True,0.32390989144914784,1.8522020000091288,10.36038099846337,12.536492889921647
1814,9329.420228573477,9329.420369223,9329.420369223,9329.421003845,9329.429705667,1,COMPLETED,True,0.14064952301851008,0.6346219997794833,8.70182200014824,9.477093522946234
1815,9329.443158072503,9329.443321606,9329.443321606,9329.443971244,9329.45469645,0,COMPLETED,True,0.16353349747078028,0.649637999231345,10.725206000643084,11.53837749734521
1816,9329.446302809414,9329.446544197,9329.446544197,9329.447215381,9329.468251744,1,COMPLETED,True,0.24138758635672275,0.6711839996569324,21.036362999439007,21.948934585452662
1817,9329.455439847996,9329.455473166,9329.455473166,9329.456138502,9329.467643041,0,COMPLETED,True,0.03331800326122902,0.6653360014752252,11.504538999361102,12.203193004097557
1818,9329.468137181946,9329.468302001,9329.468302001,9329.469020322,9329.479093472,0,COMPLETED,True,0.16481905367982108,0.7183210000221152,10.073150000607711,10.956290054309648
1819,9329.48472695026,9329.484881163,9329.484881163,9329.485749757,9329.498915713,1,COMPLETED,True,0.1542127392895054,0.8685939992574276,13.16595600110304,14.188762739649974
1820,9329.486061869298,9329.48626958,9329.48626958,9329.486743912,9329.497495598,0,COMPLETED,True,0.20771070194314234,0.47433200052182656,10.751685998911853,11.433728701376822
1821,9329.498894183318,9329.498999442,9329.498999442,9329.49969123,9329.508657001,0,COMPLETED,True,0.10525868128752336,0.6917880000401055,8.965771001385292,9.762817682712921
1822,9329.511611707207,9329.511837643,9329.511837643,9329.512652258,9329.524923305,1,COMPLETED,True,0.22593579342355952,0.8146149993990548,12.27104700046766,13.311597793290275
1823,9329.512612860588,9329.512744023,9329.512744023,9329.513166717,9329.523840499,0,COMPLETED,True,0.13116241279931273,0.42269400000805035,10.673781998775667,11.22763841158303
1824,9329.516622628324,9329.51674989,9329.51674989,9329.524000249,9329.534821245,0,COMPLETED,True,0.1272616755159106,7.250359001773177,10.820995999893057,18.198616677182144
1825,9329.518846678582,9329.519087793,9329.519087793,9329.525435912,9329.537411041,1,COMPLETED,True,0.24111441780405585,6.348119000904262,11.975128998528817,18.564362417237135
1826,9329.528346759475,9329.528506455,9329.528506455,9329.535146863,9329.544884821,0,COMPLETED,True,0.1596955262357369,6.6404079989297315,9.737958000187064,16.538061525352532
1827,9329.558925290146,9329.559101979,9329.559101979,9329.5599472,9329.569335504,1,COMPLETED,True,0.17668885448074434,0.8452209985989612,9.388304000822245,10.41021385390195
1828,9329.583966067721,9329.584160893,9329.584160893,9329.584739644,9329.595998486,0,COMPLETED,True,0.19482527932268567,0.5787509999208851,11.258841999733704,12.032418278977275
1829,9329.588555177039,9329.588631195,9329.588631195,9329.589151383,9329.602400931,1,COMPLETED,True,0.07601796096423641,0.520187999427435,13.249548001112998,13.84575396150467
1830,9329.621062232829,9329.621157118,9329.621157118,9329.621878346,9329.63196722,0,COMPLETED,True,0.0948851702560205,0.7212280015664874,10.088873999848147,10.904987171670655
1831,9329.62346663698,9329.623648811,9329.623648811,9329.624317708,9329.637250898,1,COMPLETED,True,0.18217402066511568,0.6688969988317695,12.933190000694594,13.78426102019148
1832,9329.631888195916,9329.632081244,9329.632081244,9329.632900311,9329.645865275,0,COMPLETED,True,0.1930480848386651,0.8190669996110955,12.964964000275359,13.97707908472512
1833,9329.634874339386,9329.635011842,9329.635011842,9329.637472629,9329.649858044,1,COMPLETED,True,0.13750261314271484,2.460787000018172,12.385415000608191,14.983704613769078
1834,9329.64409142862,9329.644243198,9329.644243198,9329.646362211,9329.658199623,0,COMPLETED,True,0.15176937995420303,2.119013000992709,11.837411999295,14.108194380241912
1835,9329.653002885583,9329.653098938,9329.653098938,9329.653793891,9329.6647911,1,COMPLETED,True,0.09605241757526528,0.694952999765519,10.997208999469876,11.78821441681066
1836,9329.653960448992,9329.654104837,9329.654104837,9329.65866305,9329.669245475,0,COMPLETED,True,0.14438800826610532,4.5582130005641375,10.582424998574425,15.285026007404667
1837,9329.675605919954,9329.675952355,9329.675952355,9329.676712692,9329.68575908,1,COMPLETED,True,0.34643504659470636,0.7603369995194953,9.046387998751015,10.153160044865217
1838,9329.70011560061,9329.700276501,9329.700276501,9329.700808703,9329.709630993,0,COMPLETED,True,0.16090039025584701,0.5322020006133243,8.822289999443456,9.515392390312627
1839,9329.710977992905,9329.71111858,9329.71111858,9329.711673908,9329.724376768,1,COMPLETED,True,0.1405870953021804,0.5553279988816939,12.702859999990324,13.398775094174198
1840,9329.712107125524,9329.712261021,9329.712261021,9329.712638872,9329.723549905,0,COMPLETED,True,0.15389547661470715,0.3778509999392554,10.911032999501913,11.442779476055875
1841,9329.712285801646,9329.712339899,9329.712339899,9329.723925468,9329.73481556,0,COMPLETED,True,0.05409735422290396,11.58556900008989,10.890091998589924,22.529758352902718
1842,9329.716886871098,9329.716980752,9329.716980752,9329.724736674,9329.737122032,1,COMPLETED,True,0.09388090256834403,7.75592199897801,12.385358000756241,20.235160902302596
1843,9329.728856439107,9329.729042994,9329.729042994,9329.735126321,9329.745726148,0,COMPLETED,True,0.18655489293450955,6.083326999942074,10.599826999168727,16.86970889204531
1844,9329.731681927919,9329.731815987,9329.731815987,9329.737464727,9329.747964612,1,COMPLETED,True,0.13405908066488337,5.648740001561237,10.499884998353082,16.2826840805792
1845,9329.737019208911,9329.737166833,9329.737166833,9329.746048159,9329.756692109,0,COMPLETED,True,0.1476240886404412,8.881326000846457,10.643949999575852,19.67290008906275
1846,9329.738622398054,9329.738769462,9329.738769462,9329.748338168,9329.758950364,1,COMPLETED,True,0.14706394540553447,9.568706000209204,10.61219599978358,20.32796594539832
1847,9329.758008421642,9329.758158429,9329.758158429,9329.758844477,9329.767276652,0,COMPLETED,True,0.15000735766079742,0.686048000716255,8.432175000052666,9.268230358429719
1848,9329.767929277437,9329.76806895,9329.76806895,9329.768620668,9329.781504164,1,COMPLETED,True,0.13967256199975964,0.5517179997696076,12.883496001450112,13.57488656321948
1849,9329.776983204203,9329.777150948,9329.777150948,9329.777941548,9329.790754756,0,COMPLETED,True,0.16774379764683545,0.7905999991635326,12.813208000807208,13.771551797617576
1850,9329.778393876224,9329.778478145,9329.778478145,9329.781831574,9329.792404583,1,COMPLETED,True,0.08426877502643038,3.3534290014358703,10.57300899992697,14.01070677638927
1851,9329.788768512955,9329.788929594,9329.788929594,9329.791229311,9329.803014167,0,COMPLETED,True,0.16108104500744957,2.2997169999143807,11.78485600030399,14.24565404522582
1852,9329.791088533757,9329.791303284,9329.791303284,9329.792747681,9329.803422958,1,COMPLETED,True,0.2147502436855575,1.444396999431774,10.67527700070059,12.33442424381792
1853,9329.831790219288,9329.831883057,9329.831883057,9329.832706539,9329.845550385,0,COMPLETED,True,0.09283771214541048,0.8234819997596787,12.843845999668702,13.76016571157379
1854,9329.83439504707,9329.834496428,9329.834496428,9329.834939961,9329.846117462,1,COMPLETED,True,0.10138093057321385,0.44353299927024636,11.177501000929624,11.722414930773084
1855,9329.842137881193,9329.842298223,9329.842298223,9329.846063127,9329.858190772,0,COMPLETED,True,0.16034180771384854,3.7649040004907874,12.12764499905461,16.052890807259246
1856,9329.842836052729,9329.842973434,9329.842973434,9329.846511594,9329.857963948,1,COMPLETED,True,0.1373812719975831,3.5381599991524126,11.45235399962985,15.127895270779845
1857,9329.854297039543,9329.854450797,9329.854450797,9329.858314322,9329.869249821,1,COMPLETED,True,0.1537574571557343,3.863525000269874,10.93549899997015,14.952781457395758
1858,9329.860472824625,9329.860735886,9329.860735886,9329.861305436,9329.872166383,0,COMPLETED,True,0.26306137624487747,0.5695499985449715,10.860947000765009,11.693558375554858
1859,9329.870549345325,9329.870701036,9329.870701036,9329.871347652,9329.882027025,1,COMPLETED,True,0.151690674101701,0.6466160011768807,10.679372999220504,11.477679674499086
1860,9329.872768724632,9329.873016766,9329.873016766,9329.873491319,9329.884382926,0,COMPLETED,True,0.24804136774037033,0.47455300045839977,10.891607000303338,11.614201368502108
1861,9329.87683654236,9329.877090072,9329.877090072,9329.882187386,9329.893084416,1,COMPLETED,True,0.2535296389396535,5.097314000522601,10.897030000705854,16.24787364016811
1862,9329.88375452823,9329.883806284,9329.883806284,9329.884526899,9329.895261081,0,COMPLETED,True,0.05175577098270878,0.720615000318503,10.734181998486747,11.506552769787959
1863,9329.885519412119,9329.885708803,9329.885708803,9329.893425683,9329.903841324,1,COMPLETED,True,0.1893908811325673,7.716879999861703,10.415640999781317,18.321911880775588
1864,9329.8914672825,9329.89161893,9329.89161893,9329.895594327,9329.906158627,0,COMPLETED,True,0.15164750038820785,3.975396999521763,10.564300000623916,14.691344500533887
1865,9329.908193659086,9329.908331841,9329.908331841,9329.908999129,9329.918147169,1,COMPLETED,True,0.13818191291647963,0.6672880008409265,9.148040000582114,9.95350991433952
1866,9329.92890324456,9329.929045045,9329.929045045,9329.929703759,9329.938899026,0,COMPLETED,True,0.14180044126987923,0.658713999655447,9.195266999086016,9.995781440011342
1867,9329.944287719025,9329.944539793,9329.944539793,9329.945174875,9329.956332963,1,COMPLETED,True,0.2520739744795719,0.6350820003717672,11.158088000229327,12.045243975080666
1868,9329.946061410563,9329.9463093,9329.9463093,9329.946787071,9329.958116829,0,COMPLETED,True,0.24788943665043917,0.4777710000780644,11.329758001011214,12.055418437739718
1869,9329.94813494607,9329.948395016,9329.948395016,9329.956693629,9329.967320391,1,COMPLETED,True,0.2600699299364351,8.298613000079058,10.626762001265888,19.18544493128138
1870,9329.956232093586,9329.956401585,9329.956401585,9329.958454999,9329.969488799,0,COMPLETED,True,0.16949141354416497,2.0534140003292123,11.033800001314376,13.256705415187753
1871,9329.95889540337,9329.959057302,9329.959057302,9329.967630611,9329.982000923,1,COMPLETED,True,0.16189862981264014,8.573308999984874,14.3703120011196,23.105519630917115
1872,9329.975521701745,9329.975686051,9329.975686051,9329.976305686,9329.987293042,0,COMPLETED,True,0.16434925601060968,0.6196349986566929,10.987356001351145,11.771340256018448
1873,9329.976401741513,9329.976548081,9329.976548081,9329.982306449,9329.99233232,1,COMPLETED,True,0.14633948740083724,5.758367999078473,10.02587100083474,15.930578487314051
1874,9329.991655285952,9329.991750004,9329.991750004,9329.992355014,9330.001414911,0,COMPLETED,True,0.09471804696659092,0.6050100000720704,9.059897000042838,9.7596250470815
1875,9330.00043983709,9330.00070216,9330.00070216,9330.001217252,9330.010586713,1,COMPLETED,True,0.26232291020278353,0.5150920005689841,9.369461000460433,10.1468759112322
1876,9330.021989756904,9330.02224755,9330.02224755,9330.022877665,9330.032474714,0,COMPLETED,True,0.2577930954430485,0.630115000603837,9.597049000149127,10.484957096196013
1877,9330.031639733623,9330.031802497,9330.031802497,9330.03242252,9330.042258723,1,COMPLETED,True,0.16276337737508584,0.6200230000104057,9.836203000304522,10.618989377690013
1878,9330.03714152995,9330.037289201,9330.037289201,9330.037892894,9330.048936939,0,COMPLETED,True,0.14767104948987253,0.6036930008121999,11.044044998925528,11.795409049227601
1879,9330.03870578846,9330.038856109,9330.038856109,9330.042584127,9330.052567786,1,COMPLETED,True,0.15032054034236353,3.7280180004017893,9.98365899977216,13.861997540516313
1880,9330.056394231256,9330.056416112,9330.056416112,9330.056984552,9330.06769035,0,COMPLETED,True,0.02188074358855374,0.5684400002792245,10.705798000344657,11.296118744212436
1881,9330.058820923858,9330.058991249,9330.058991249,9330.059445441,9330.070096875,1,COMPLETED,True,0.170325141880312,0.45419200068863574,10.651434000465088,11.275951143034035
1882,9330.085186981029,9330.085439324,9330.085439324,9330.086090247,9330.098754145,0,COMPLETED,True,0.2523429720895365,0.6509229988296283,12.663898000027984,13.56716397094715
1883,9330.089654954338,9330.089747478,9330.089747478,9330.090248572,9330.101000688,1,COMPLETED,True,0.09252366180589888,0.5010940003558062,10.752116000730894,11.345733662892599
1884,9330.089746384392,9330.089792398,9330.089792398,9330.099279121,9330.111548861,0,COMPLETED,True,0.046013607061468065,9.486723000009079,12.269740000192542,21.80247660726309
1885,9330.090402043059,9330.090493075,9330.090493075,9330.101155885,9330.112037347,1,COMPLETED,True,0.09103194133786019,10.66281000021263,10.881461999815656,21.635303941366146
1886,9330.107928611485,9330.108066553,9330.108066553,9330.111958609,9330.121604915,0,COMPLETED,True,0.137941515276907,3.8920560000406113,9.646305999922333,13.676303515239852
1887,9330.117467575705,9330.117558062,9330.117558062,9330.11815551,9330.128528983,1,COMPLETED,True,0.09048629544849973,0.5974479990982218,10.373473000072408,11.06140729461913
1888,9330.122742562698,9330.122874986,9330.122874986,9330.123314861,9330.13430009,0,COMPLETED,True,0.13242330169305205,0.4398750006657792,10.985228998833918,11.55752730119275
1889,9330.131839931406,9330.131942988,9330.131942988,9330.13249018,9330.143366259,1,COMPLETED,True,0.10305659452569671,0.5471919994306518,10.876079000809113,11.526327594765462
1890,9330.133283277482,9330.133442543,9330.133442543,9330.134737621,9330.146196848,0,COMPLETED,True,0.15926551714073867,1.295078000111971,11.459227000159444,12.913570517412154
1891,9330.141447995511,9330.141542096,9330.141542096,9330.143710363,9330.154473943,1,COMPLETED,True,0.09410048915015068,2.168266999433399,10.763579999547801,13.02594748813135
1892,9330.142042844405,9330.142127746,9330.142127746,9330.146565221,9330.157672204,0,COMPLETED,True,0.08490159416396637,4.437475001395796,11.106982999990578,15.62935959555034
1893,9330.146108667035,9330.146193133,9330.146193133,9330.154779326,9330.165813815,1,COMPLETED,True,0.08446596439171117,8.586193000155617,11.03448899993964,19.70514796448697
1894,9330.156087218813,9330.156177441,9330.156177441,9330.158004176,9330.169212593,0,COMPLETED,True,0.09022218728205189,1.8267350005771732,11.20841699957964,13.125374187438865
1895,9330.161008084422,9330.161093148,9330.161093148,9330.166103558,9330.177126018,1,COMPLETED,True,0.08506357880833093,5.010409999158583,11.022459999367129,16.117933577334043
1896,9330.168402860376,9330.168642875,9330.168642875,9330.169416925,9330.180065087,0,COMPLETED,True,0.24001462406886276,0.7740500004729256,10.64816199868801,11.662226623229799
1897,9330.192190517046,9330.192287407,9330.192287407,9330.193067346,9330.205608429,1,COMPLETED,True,0.09688995487522334,0.7799389986757888,12.54108300054213,13.417911954093142
1898,9330.198373886586,9330.198470604,9330.198470604,9330.198973551,9330.209430653,0,COMPLETED,True,0.09671741463535,0.5029469994042302,10.457102000145824,11.056766414185404
1899,9330.198647378758,9330.198813701,9330.198813701,9330.206151777,9330.217561672,1,COMPLETED,True,0.16632224105705973,7.33807600045111,11.409894999815151,18.91429324132332
1900,9330.218184546577,9330.218442098,9330.218442098,9330.218987267,9330.229381483,0,COMPLETED,True,0.257551422691904,0.5451690012705512,10.394216000349843,11.196936424312298
1901,9330.220455357721,9330.220705463,9330.220705463,9330.221272599,9330.232820126,1,COMPLETED,True,0.25010527861013543,0.5671359995176317,11.547527001312119,12.364768279439886
1902,9330.224858167207,9330.22511025,9330.22511025,9330.229744144,9330.239425704,0,COMPLETED,True,0.2520827929402003,4.633894001017325,9.681559999080491,14.567536793038016
1903,9330.239172735992,9330.239280261,9330.239280261,9330.239900513,9330.252100345,1,COMPLETED,True,0.10752500747912563,0.6202519998623757,12.199832000987954,12.927609008329455
1904,9330.240094631075,9330.240235537,9330.240235537,9330.240660417,9330.251323954,0,COMPLETED,True,0.1409059241268551,0.42487999962759204,10.663537001164514,11.22932292491896
1905,9330.250259870934,9330.250381791,9330.250381791,9330.2516492,9330.262670181,0,COMPLETED,True,0.12192006579425652,1.2674089994106907,11.020981000910979,12.410310066115926
1906,9330.250756575537,9330.250855374,9330.250855374,9330.252561746,9330.263758255,1,COMPLETED,True,0.0987984640232753,1.706371998807299,11.196509000001242,13.001679462831817
1907,9330.253553236837,9330.253666505,9330.253666505,9330.263001401,9330.27384523,0,COMPLETED,True,0.11326816274959128,9.33489599992754,10.843829000805272,20.291993163482402
1908,9330.25487422338,9330.254981033,9330.254981033,9330.264120771,9330.275615473,1,COMPLETED,True,0.10680962077458389,9.139738000158104,11.494701999254175,20.741249620186863
1909,9330.257567081047,9330.25768803,9330.25768803,9330.274166575,9330.284710531,0,COMPLETED,True,0.12094895282643847,16.478544999699807,10.543955999310128,27.143449951836374
1910,9330.258273129417,9330.258377387,9330.258377387,9330.275955192,9330.287500868,1,COMPLETED,True,0.10425758227938786,17.57780500156514,11.54567599951406,29.227738583358587
1911,9330.272068027689,9330.272220127,9330.272220127,9330.285042307,9330.29594812,0,COMPLETED,True,0.152099311890197,12.822179998693173,10.905813000135822,23.880092310719192
1912,9330.274887429236,9330.275056809,9330.275056809,9330.287804939,9330.299200356,1,COMPLETED,True,0.16937976397457533,12.748130000545643,11.395416999221197,24.312926763741416
1913,9330.282557906407,9330.282713009,9330.282713009,9330.296331389,9330.307205119,0,COMPLETED,True,0.15510259436268825,13.618379998661112,10.87372999973013,24.64721259275393
1914,9330.284118164183,9330.284378781,9330.284378781,9330.299356413,9330.310630708,1,COMPLETED,True,0.26061681637656875,14.977631999499863,11.274295000475831,26.512543816352263
1915,9330.286227778603,9330.286501467,9330.286501467,9330.307491714,9330.319081376,0,COMPLETED,True,0.2736883980105631,20.990246999645024,11.589661999096279,32.853597396751866
1916,9330.29468142129,9330.294843257,9330.294843257,9330.310965323,9330.32232044,1,COMPLETED,True,0.16183570915018208,16.122066001116764,11.355116999766324,27.63901871003327
1917,9330.294934185644,9330.29496687,9330.29496687,9330.319353202,9330.330539907,0,COMPLETED,True,0.03268435648351442,24.386331999266986,11.186705000000075,35.605721355750575
1918,9330.300623359894,9330.300891649,9330.300891649,9330.32263945,9330.333687349,1,COMPLETED,True,0.26828910631593317,21.747800999946776,11.047899000914185,33.063989107176894
1919,9330.310356907305,9330.310521057,9330.310521057,9330.330842027,9330.342222349,0,COMPLETED,True,0.16414969468314666,20.320970001193928,11.38032199924055,31.865441695117624
1920,9330.311975855417,9330.312129472,9330.312129472,9330.334049038,9330.345474047,1,COMPLETED,True,0.1536165837023873,21.919565999269253,11.425009000959108,33.49819158393075
1921,9330.31600478056,9330.316168941,9330.316168941,9330.342536784,9330.35320388,0,COMPLETED,True,0.1641604412725428,26.36784299829742,10.667096001270693,37.199099440840655
1922,9330.32942919716,9330.329568822,9330.329568822,9330.34578408,9330.356813145,1,COMPLETED,True,0.1396248408127576,16.215257999647292,11.029064999092952,27.383947839553002
1923,9330.339836342935,9330.3401215,9330.3401215,9330.353421248,9330.363943317,0,COMPLETED,True,0.28515706435428,13.299748001372791,10.522068998398026,24.106974064125097
1924,9330.358000342045,9330.358147712,9330.358147712,9330.358747693,9330.368650861,1,COMPLETED,True,0.1473699558118824,0.5999810000503203,9.903168000164442,10.650518956026644
1925,9330.379175724294,9330.379341757,9330.379341757,9330.380101521,9330.390328494,0,COMPLETED,True,0.16603270523773972,0.7597639996674843,10.226973001408624,11.152769706313848
1926,9330.383072057124,9330.383326187,9330.383326187,9330.384165101,9330.397741797,1,COMPLETED,True,0.2541298763389932,0.838914000269142,13.576695999290678,14.669739875898813
1927,9330.384200131717,9330.38438122,9330.38438122,9330.390674361,9330.401065603,0,COMPLETED,True,0.1810882822610438,6.293141001151525,10.39124199996877,16.86547128338134
1928,9330.39249944713,9330.392602003,9330.392602003,9330.398313888,9330.410130314,1,COMPLETED,True,0.10255586857965682,5.711884999982431,11.816426000223146,17.630866868785233
1929,9330.394825143552,9330.394906493,9330.394906493,9330.401372065,9330.412064956,0,COMPLETED,True,0.08134944800985977,6.465571999797248,10.692891000871896,17.239812448679004
1930,9330.39795369131,9330.398034863,9330.398034863,9330.410496715,9330.420137652,1,COMPLETED,True,0.08117168908938766,12.461852000342333,9.64093699985824,22.18396068928996
1931,9330.433798159573,9330.433968694,9330.433968694,9330.434492614,9330.445421286,0,COMPLETED,True,0.17053442752512638,0.5239199999778066,10.928671999863582,11.623126427366515
1932,9330.436259377879,9330.436407294,9330.436407294,9330.43683397,9330.447512923,1,COMPLETED,True,0.14791612193221226,0.4266759988240665,10.678953000024194,11.253545120780473
1933,9330.448230842216,9330.448335429,9330.448335429,9330.449032514,9330.458060419,0,COMPLETED,True,0.104586784800631,0.6970849990466377,9.027905000039027,9.829576783886296
1934,9330.467159219519,9330.467253031,9330.467253031,9330.468176903,9330.48147495,1,COMPLETED,True,0.0938114808377577,0.9238719994755229,13.298047000716906,14.315730481030187
1935,9330.480253412456,9330.480509719,9330.480509719,9330.481042125,9330.490432665,0,COMPLETED,True,0.2563065445428947,0.532406000274932,9.390539999003522,10.179252543821349
1936,9330.492333504557,9330.492459248,9330.492459248,9330.49306756,9330.502377276,1,COMPLETED,True,0.12574344327731524,0.6083120006223908,9.309715998824686,10.043771442724392
1937,9330.508993616995,9330.509156026,9330.509156026,9330.509746461,9330.519694355,0,COMPLETED,True,0.16240900549746584,0.5904350000491831,9.947893999196822,10.70073800474347
1938,9330.517929157815,9330.518094069,9330.518094069,9330.518664714,9330.531462746,1,COMPLETED,True,0.16491118549311068,0.5706449992430862,12.798031999409432,13.533588184145628
1939,9330.541721455511,9330.541976027,9330.541976027,9330.542967972,9330.556711,0,COMPLETED,True,0.25457148876739666,0.9919450003508246,13.743027999225887,14.989544488344109
1940,9330.542135598118,9330.542552812,9330.542552812,9330.543068214,9330.555939715,1,COMPLETED,True,0.41721388151927385,0.515402000019094,12.871500999608543,13.80411688114691
1941,9330.546597607012,9330.546881005,9330.546881005,9330.556444627,9330.567595294,1,COMPLETED,True,0.28339798882370815,9.563621999404859,11.150667000038084,20.99768698826665
1942,9330.551287887734,9330.55155955,9330.55155955,9330.557189809,9330.569318252,0,COMPLETED,True,0.27166226573172025,5.630259000099613,12.128443000619882,18.030364266451215
1943,9330.559486141816,9330.559643237,9330.559643237,9330.567975287,9330.578634339,1,COMPLETED,True,0.15709518447692972,8.332049999808078,10.659051999027724,19.148197183312732
1944,9330.560652325781,9330.560794921,9330.560794921,9330.569855843,9330.580828557,0,COMPLETED,True,0.14259521958592813,9.060921998752747,10.972714000672568,20.176231219011243
1945,9330.569520945415,9330.569613864,9330.569613864,9330.578973442,9330.589924319,1,COMPLETED,True,0.09291858441429213,9.35957799993048,10.95087700014119,20.403373584485962
1946,9330.574661551213,9330.574825422,9330.574825422,9330.581117403,9330.592145882,0,COMPLETED,True,0.16387078721891157,6.291981000686064,11.028478998923674,17.48433078682865
1947,9330.586216112468,9330.586374868,9330.586374868,9330.59021599,9330.601182592,1,COMPLETED,True,0.15875553253863472,3.8411219993577106,10.966601999825798,14.966479531722143
1948,9330.590538550128,9330.590794136,9330.590794136,9330.592444167,9330.603263531,0,COMPLETED,True,0.25558587185514625,1.6500309993716655,10.819364000781206,12.724980872008018
1949,9330.593764250076,9330.593902337,9330.593902337,9330.60145054,9330.612310738,1,COMPLETED,True,0.13808692347083706,7.5482030006241985,10.860198000955279,18.546487925050315
1950,9330.59493528987,9330.595071233,9330.595071233,9330.603453982,9330.614502373,0,COMPLETED,True,0.13594312986242585,8.382748999792966,11.048391001168056,19.56708313082345
1951,9330.597013210705,9330.597194425,9330.597194425,9330.612626883,9330.623842689,1,COMPLETED,True,0.18121429457096383,15.432457999850158,11.215806000109296,26.829478294530418
1952,9330.612621314343,9330.612850491,9330.612850491,9330.614799258,9330.625532581,0,COMPLETED,True,0.2291766559210373,1.9487670015223557,10.733322998930817,12.91126665637421
1953,9330.619172955801,9330.61921345,9330.61921345,9330.624202269,9330.634850861,1,COMPLETED,True,0.04049419840157498,4.98881900057313,10.648592000507051,15.677905199481756
1954,9330.621828180889,9330.621919799,9330.621919799,9330.625847635,9330.637182867,0,COMPLETED,True,0.09161811067315284,3.9278360000025714,11.335232000419637,15.354686111095361
1955,9330.627528363288,9330.627981135,9330.627981135,9330.635167489,9330.645949757,1,COMPLETED,True,0.4527717119344743,7.186353999713901,10.782268000184558,18.421393711832934
1956,9330.630716150286,9330.630878025,9330.630878025,9330.637511279,9330.648316149,0,COMPLETED,True,0.16187471373996232,6.633253999098088,10.804870000356459,17.59999871319451
1957,9330.635266595003,9330.635387442,9330.635387442,9330.646105853,9330.657038281,1,COMPLETED,True,0.12084699665138032,10.718411000198103,10.932428000160144,21.771685997009627
1958,9330.641930839307,9330.642081338,9330.642081338,9330.64861931,9330.659190979,0,COMPLETED,True,0.1504986921645468,6.537972001751768,10.571668999546091,17.260139693462406
1959,9330.64717391311,9330.647332002,9330.647332002,9330.657347588,9330.668676086,1,COMPLETED,True,0.1580888892931398,10.015586000008625,11.328497999784304,21.50217288908607
1960,9330.657607353285,9330.65777669,9330.65777669,9330.659477244,9330.670778766,0,COMPLETED,True,0.169336715771351,1.700553999398835,11.301521999484976,13.171412714655162
1961,9330.661215059023,9330.661321957,9330.661321957,9330.669059094,9330.680089104,1,COMPLETED,True,0.10689797818486113,7.7371369989123195,11.030010000467882,18.874044977565063
1962,9330.666328477548,9330.666425561,9330.666425561,9330.671091255,9330.682004793,0,COMPLETED,True,0.09708345169201493,4.665694001232623,10.913537998931133,15.676315451855771
1963,9330.673437930818,9330.673584038,9330.673584038,9330.680374801,9330.691224741,1,COMPLETED,True,0.146107182445121,6.790763000026345,10.84993999938888,17.786810181860346
1964,9330.675385724155,9330.675645082,9330.675645082,9330.682308378,9330.693360182,0,COMPLETED,True,0.25935784469766077,6.663296000624541,11.05180400008976,17.974457845411962
1965,9330.676294053852,9330.676440235,9330.676440235,9330.691543182,9330.702412258,1,COMPLETED,True,0.14618114801123738,15.102946999832056,10.869076000744826,26.11820414858812
1966,9330.683678630836,9330.683824398,9330.683824398,9330.693658975,9330.70470782,0,COMPLETED,True,0.14576716421288438,9.834577000219724,11.048844999095309,21.029189163527917
1967,9330.688997503348,9330.689181439,9330.689181439,9330.702728422,9330.713053719,1,COMPLETED,True,0.18393565187579952,13.546983000196633,10.325297000235878,24.05621565230831
1968,9330.692546091059,9330.692696606,9330.692696606,9330.705022522,9330.715851991,0,COMPLETED,True,0.15051494119688869,12.32591599909938,10.829469001691905,23.305899941988173
1969,9330.694595635172,9330.694726925,9330.694726925,9330.713419789,9330.724321581,1,COMPLETED,True,0.1312898275500629,18.692864001423004,10.901791998549015,29.725945827522082
1970,9330.705400556231,9330.705509193,9330.705509193,9330.716189664,9330.72738084,0,COMPLETED,True,0.10863676834560465,10.680470999432146,11.191176001375425,21.980283769153175
1971,9330.711005639982,9330.711170337,9330.711170337,9330.724637712,9330.73544483,1,COMPLETED,True,0.1646970176807372,13.467374999891035,10.80711800022982,24.439190017801593
1972,9330.711295145617,9330.711858583,9330.711858583,9330.727744435,9330.738843998,0,COMPLETED,True,0.5634373828797834,15.88585200079251,11.099563000243506,27.5488523839158
1973,9330.711527999449,9330.71194932,9330.71194932,9330.735777781,9330.746602673,1,COMPLETED,True,0.4213205520500196,23.828460998629453,10.824892000528052,35.074673551207525
1974,9330.711928368728,9330.711968538,9330.711968538,9330.739193176,9330.750188748,0,COMPLETED,True,0.04016927232441958,27.224637999097467,10.995571999956155,38.26037927137804
1975,9330.7156888619,9330.715939144,9330.715939144,9330.746897855,9330.757948242,1,COMPLETED,True,0.2502821007510647,30.958711000494077,11.05038700006844,42.25938010131358
1976,9330.723881341371,9330.724055477,9330.724055477,9330.750499326,9330.761833052,0,COMPLETED,True,0.1741356281854678,26.443849001225317,11.333725999065791,37.951710628476576
1977,9330.728197831455,9330.728388374,9330.728388374,9330.758249757,9330.769569781,1,COMPLETED,True,0.1905425451695919,29.861383000024944,11.320023999360274,41.37194954455481
1978,9330.746252748868,9330.746417759,9330.746417759,9330.762136822,9330.77286186,0,COMPLETED,True,0.16501013305969536,15.719062999778544,10.725037998781772,26.60911113162001
1979,9330.755053483312,9330.755206454,9330.755206454,9330.769730304,9330.781003391,1,COMPLETED,True,0.1529706878500292,14.523850000841776,11.273086998699,25.949907687390805
1980,9330.762041560258,9330.762205019,9330.762205019,9330.773232725,9330.784123264,0,COMPLETED,True,0.16345874246326275,11.027705999367754,10.89053900068393,22.081703742514946
1981,9330.777059248729,9330.777216675,9330.777216675,9330.781316441,9330.791026091,1,COMPLETED,True,0.15742627147119492,4.099765999853844,9.709649999422254,13.966842270747293
1982,9330.793040473218,9330.793202261,9330.793202261,9330.793904075,9330.803206585,0,COMPLETED,True,0.16178778241737746,0.7018140004220186,9.302509999542963,10.166111782382359
1983,9330.80922668899,9330.809374529,9330.809374529,9330.810338498,9330.823183149,1,COMPLETED,True,0.1478400099585997,0.9639689997129608,12.844650998886209,13.95646000855777
1984,9330.810697298675,9330.810844825,9330.810844825,9330.811247715,9330.822268375,0,COMPLETED,True,0.1475263252359582,0.4028900002595037,11.020659998393967,11.571076323889429
1985,9330.813282836229,9330.81341498,9330.81341498,9330.822600227,9330.831533901,0,COMPLETED,True,0.13214377213444095,9.185246999550145,8.933674000218161,18.251064771902747
1986,9330.832233393126,9330.832398289,9330.832398289,9330.833086614,9330.84585305,1,COMPLETED,True,0.16489587324031163,0.6883250007376773,12.76643599885574,13.61965687283373
1987,9330.842763065535,9330.843028477,9330.843028477,9330.843713419,9330.856498044,0,COMPLETED,True,0.2654114650795236,0.6849420005892171,12.784624999767402,13.734978465436143
1988,9330.868699202281,9330.868828823,9330.868828823,9330.869421068,9330.881339645,1,COMPLETED,True,0.12962071923539042,0.5922450000070967,11.91857699996035,12.640442719202838
1989,9330.869250832817,9330.869429901,9330.869429901,9330.869996131,9330.882289018,0,COMPLETED,True,0.1790681835700525,0.566229999094503,12.292887000512565,13.03818518317712
1990,9330.87017012736,9330.870318,9330.870318,9330.881752261,9330.892714366,1,COMPLETED,True,0.1478726389905205,11.434261001340928,10.962104999634903,22.544238639966352
1991,9330.873915039489,9330.874176832,9330.874176832,9330.8827244,9330.894029309,0,COMPLETED,True,0.2617925110826036,8.547568000722094,11.304908999591134,20.114269511395833
1992,9330.884127031311,9330.884324598,9330.884324598,9330.893068593,9330.904172604,1,COMPLETED,True,0.19756668916670606,8.74399500025902,11.10401099867886,20.045572688104585
1993,9330.891398987535,9330.891535478,9330.891535478,9330.894371305,9330.905358265,0,COMPLETED,True,0.1364904655929422,2.835826999216806,10.986960000082036,13.959277464891784
1994,9330.897401340477,9330.897656322,9330.897656322,9330.904479926,9330.915322544,1,COMPLETED,True,0.25498152353975456,6.823603998782346,10.842618001333904,17.921203523656004
1995,9330.899947377327,9330.900134148,9330.900134148,9330.905506724,9330.91696392,0,COMPLETED,True,0.18677067237149458,5.372576000809204,11.457196000264958,17.016542673445656
1996,9330.910307993441,9330.910466971,9330.910466971,9330.91562633,9330.926740488,1,COMPLETED,True,0.15897755838523153,5.1593589996628,11.114158000054886,16.432494558102917
1997,9330.910599205861,9330.911201426,9330.911201426,9330.917290521,9330.927950924,0,COMPLETED,True,0.6022201396262972,6.089094998969813,10.660403000656515,17.351718139252625
1998,9330.911580368473,9330.911714097,9330.911714097,9330.927090729,9330.938212789,1,COMPLETED,True,0.1337285266345134,15.376631999970414,11.122060001071077,26.632420527676004
1999,9330.919776130413,9330.919938963,9330.919938963,9330.928335744,9330.938854374,0,COMPLETED,True,0.16283258628391195,8.396781000556075,10.518630000660778,19.078243587500765
2000,9330.944355904396,9330.944617942,9330.944617942,9330.945236892,9330.955718762,1,COMPLETED,True,0.26203760353382677,0.6189499999891268,10.481870000148774,11.362857603671728
2001,9330.94506672517,9330.945214373,9330.945214373,9330.945619386,9330.956203724,0,COMPLETED,True,0.14764783009013627,0.405013001000043,10.584337998807314,11.136998829897493
2002,9330.953043714973,9330.953283819,9330.953283819,9330.955884814,9330.965237884,1,COMPLETED,True,0.24010402739804704,2.6009949997387594,9.35306999963359,12.194169026770396
2003,9330.963387608912,9330.963551558,9330.963551558,9330.964206481,9330.975031765,0,COMPLETED,True,0.1639490874367766,0.6549230001837714,10.825284000020474,11.644156087641022
2004,9330.965998024602,9330.966167388,9330.966167388,9330.966672085,9330.977394301,1,COMPLETED,True,0.16936339852691162,0.5046969999966677,10.722216000431217,11.396276398954797
2005,9330.968684362027,9330.968845705,9330.968845705,9330.975369379,9330.985874956,0,COMPLETED,True,0.16134297220560256,6.523674001073232,10.505577000003541,17.190593973282375
2006,9330.97034086332,9330.970551613,9330.970551613,9330.977715114,9330.988299492,1,COMPLETED,True,0.2107496802636888,7.163501000832184,10.584378000203287,17.95862868129916
2007,9330.973311240756,9330.973466652,9330.973466652,9330.986213532,9330.995497836,0,COMPLETED,True,0.15541124412266072,12.746880000122474,9.284304000175325,22.18659524442046
2008,9330.99495866258,9330.995049213,9330.995049213,9330.995686107,9331.004883995,1,COMPLETED,True,0.09055041846295353,0.6368940012180246,9.19788799910748,9.925332418788457
2009,9331.00994304738,9331.010125991,9331.010125991,9331.010735464,9331.024741624,0,COMPLETED,True,0.1829436205298407,0.6094729997130344,14.006159999553347,14.798576619796222
2010,9331.010852090523,9331.011079988,9331.011079988,9331.011480029,9331.022374913,1,COMPLETED,True,0.22789747708884533,0.400040999011253,10.894884000663296,11.522822476763395
2011,9331.016774178352,9331.016869556,9331.016869556,9331.022689417,9331.032033366,1,COMPLETED,True,0.09537764890410472,5.819860998599324,9.343949001049623,15.259187648553052
2012,9331.040772294045,9331.040959476,9331.040959476,9331.041455718,9331.050966867,0,COMPLETED,True,0.18718195497058332,0.4962419989169575,9.511149000900332,10.194572954787873
2013,9331.061491639646,9331.06165021,9331.06165021,9331.062446315,9331.076521136,1,COMPLETED,True,0.15857035396038555,0.7961049996083602,14.074820999667281,15.029496353236027
2014,9331.062086062735,9331.062228681,9331.062228681,9331.062635004,9331.073916284,0,COMPLETED,True,0.14261826436268166,0.40632300078868866,11.281279999820981,11.830221264972351
2015,9331.066388929225,9331.066566085,9331.066566085,9331.074297354,9331.084807583,0,COMPLETED,True,0.17715577632770874,7.731268999123131,10.510228999919491,18.41865377537033
2016,9331.071319568293,9331.07143967,9331.07143967,9331.077124589,9331.089556909,1,COMPLETED,True,0.12010170758003369,5.684918998667854,12.432320001607877,18.237340707855765
2017,9331.079014786414,9331.079106013,9331.079106013,9331.085161285,9331.096200972,0,COMPLETED,True,0.09122658593696542,6.055272000594414,11.039687000447884,17.186185586979263
2018,9331.086671973118,9331.086833013,9331.086833013,9331.089863178,9331.100634718,1,COMPLETED,True,0.16103988127724733,3.0301650003821123,10.771539999041124,13.962744880700484
2019,9331.086722080738,9331.086954102,9331.086954102,9331.096362777,9331.107781846,0,COMPLETED,True,0.23202126249088906,9.40867499957676,11.419069000112358,21.059765262180008
2020,9331.093211052592,9331.093318397,9331.093318397,9331.100960261,9331.112112375,1,COMPLETED,True,0.10734440729720518,7.64186400010658,11.152114000651636,18.90132240805542
2021,9331.09692843865,9331.097058681,9331.097058681,9331.108146834,9331.119327409,0,COMPLETED,True,0.1302423497691052,11.088152999946033,11.180575000253157,22.398970349968295
2022,9331.103290238441,9331.103401162,9331.103401162,9331.112445946,9331.123457819,1,COMPLETED,True,0.11092355816799682,9.044784001162043,11.0118729990063,20.16758055833634
2023,9331.106610977438,9331.106745182,9331.106745182,9331.119720428,9331.131233475,0,COMPLETED,True,0.13420456161838956,12.975245999768958,11.513047000335064,24.62249756172241
2024,9331.110136614498,9331.110259427,9331.110259427,9331.123801727,9331.135016774,1,COMPLETED,True,0.12281250201340299,13.542300001063268,11.215046999495826,24.880159502572496
2025,9331.124080605812,9331.124181851,9331.124181851,9331.131565146,9331.142676419,0,COMPLETED,True,0.10124518848897424,7.383295000181533,11.11127299918735,18.595813187857857
2026,9331.128421468411,9331.128440133,9331.128440133,9331.135341769,9331.146413952,1,COMPLETED,True,0.018664588424144313,6.90163600120286,11.072182998759672,17.992483588386676
2027,9331.128675434507,9331.128766529,9331.128766529,9331.14303214,9331.153904308,0,COMPLETED,True,0.09109449274546932,14.265611000155332,10.872167998968507,25.228873491869308
2028,9331.131110810484,9331.131206348,9331.131206348,9331.146751278,9331.1577584,1,COMPLETED,True,0.09553751624480356,15.544930000032764,11.007122000592062,26.64758951686963
2029,9331.151674355084,9331.151858338,9331.151858338,9331.154201537,9331.165288324,0,COMPLETED,True,0.18398291649646126,2.3431989993696334,11.08678700074961,13.613968916615704
2030,9331.152212718975,9331.152364764,9331.152364764,9331.158080585,9331.169641873,1,COMPLETED,True,0.15204502597043756,5.71582100019441,11.56128799993894,17.429154026103788
2031,9331.158287515791,9331.158405847,9331.158405847,9331.165631834,9331.176819147,0,COMPLETED,True,0.11833120879600756,7.225986999401357,11.187313000846189,18.531631209043553
2032,9331.158293100541,9331.158461083,9331.158461083,9331.1700168,9331.181748684,1,COMPLETED,True,0.16798245815152768,11.555717001101584,11.731883998436388,23.4555834576895
2033,9331.169105092618,9331.16920066,9331.16920066,9331.177270679,9331.189868696,0,COMPLETED,True,0.09556738223182037,8.070018999205786,12.598016999618267,20.763603381055873
2034,9331.173707437581,9331.173812835,9331.173812835,9331.182096808,9331.193268003,1,COMPLETED,True,0.10539741924731061,8.283972998469835,11.171195001224987,19.560565418942133
2035,9331.188687021428,9331.188712251,9331.188712251,9331.190185893,9331.200994655,0,COMPLETED,True,0.025229572202078998,1.4736419998371275,10.808762001033756,12.307633573072962
2036,9331.196859504093,9331.196998569,9331.196998569,9331.197492081,9331.207462813,1,COMPLETED,True,0.1390649067616323,0.493512001412455,9.970731998691917,10.603308906866005
2037,9331.20872674513,9331.208856492,9331.208856492,9331.209269023,9331.220448231,0,COMPLETED,True,0.12974686978850514,0.41253100062021986,11.179208000612562,11.721485871021287
2038,9331.21078213793,9331.210878986,9331.210878986,9331.211157045,9331.22250295,1,COMPLETED,True,0.09684806900622789,0.27805900026578456,11.345905000780476,11.720812070052489
2039,9331.21293405253,9331.213038257,9331.213038257,9331.220713311,9331.231706922,0,COMPLETED,True,0.10420446960779373,7.675054001083481,10.993611000230885,18.77286947092216
2040,9331.219905839922,9331.220097842,9331.220097842,9331.222837368,9331.233713266,1,COMPLETED,True,0.19200207862013485,2.7395259985496523,10.875898000449524,13.807426077619311
2041,9331.237490612293,9331.237605659,9331.237605659,9331.237996696,9331.247907269,0,COMPLETED,True,0.1150467069237493,0.3910369996447116,9.910573000524892,10.416656707093352
2042,9331.242083083152,9331.24217585,9331.24217585,9331.242529293,9331.253644612,1,COMPLETED,True,0.09276684795622714,0.35344299976713955,11.11531899914553,11.561528846868896
2043,9331.243538798246,9331.243642849,9331.243642849,9331.248216516,9331.258858762,0,COMPLETED,True,0.10405075408925768,4.573666999931447,10.642245999406441,15.319963753427146
2044,9331.245588960985,9331.245687754,9331.245687754,9331.253980337,9331.264860907,1,COMPLETED,True,0.09879301615001168,8.2925829992746,10.880570000153966,19.27194601557858
2045,9331.246921379387,9331.247013459,9331.247013459,9331.259195114,9331.27143012,0,COMPLETED,True,0.09207961375068408,12.181654999949387,12.235005999173154,24.508740612873225
2046,9331.255113051291,9331.25521535,9331.25521535,9331.265027704,9331.276164812,1,COMPLETED,True,0.10229870895273052,9.812353999222978,11.137108000184526,21.051760708360234
2047,9331.270114605755,9331.27022937,9331.27022937,9331.271743453,9331.281835517,0,COMPLETED,True,0.11476424515421968,1.5140830000746064,10.092063999763923,11.720911244992749
2048,9331.28503145783,9331.285125186,9331.285125186,9331.285526088,9331.295386853,1,COMPLETED,True,0.0937281693040859,0.4009020012745168,9.86076499975752,10.355395170336124
2049,9331.29115752184,9331.291250845,9331.291250845,9331.291598584,9331.302365191,0,COMPLETED,True,0.09332316039944999,0.34773900006257463,10.766606999823125,11.20766916028515
2050,9331.29608661889,9331.296182156,9331.296182156,9331.296551721,9331.307570282,1,COMPLETED,True,0.09553711061016656,0.36956499934603926,11.018561001037597,11.483663110993803
2051,9331.296593045974,9331.296675851,9331.296675851,9331.302772431,9331.312634804,0,COMPLETED,True,0.08280502515845001,6.09658000030322,9.86237300094217,16.04175802640384
2052,9331.320592676417,9331.320688032,9331.320688032,9331.321127329,9331.330981379,1,COMPLETED,True,0.0953555827436503,0.4392970004118979,9.854050000285497,10.388702583441045
2053,9331.327880656534,9331.327964403,9331.327964403,9331.328286452,9331.339152795,0,COMPLETED,True,0.08374646677111741,0.3220489998057019,10.866343000088818,11.272138466665638
2054,9331.329702276074,9331.329788293,9331.329788293,9331.331313713,9331.34255334,1,COMPLETED,True,0.08601692570664454,1.525420000689337,11.239626999667962,12.851063926063944
2055,9331.354494259074,9331.354645718,9331.354645718,9331.355321636,9331.366441449,0,COMPLETED,True,0.15145892575674225,0.6759179996151943,11.119812999822898,11.947189925194834
2056,9331.35784901707,9331.358003618,9331.358003618,9331.358698764,9331.369616339,1,COMPLETED,True,0.15460092981811613,0.6951459999982035,10.917575000348734,11.767321930165053
2057,9331.359271356381,9331.359410193,9331.359410193,9331.366961314,9331.377129297,0,COMPLETED,True,0.13883661813451909,7.5511209997785045,10.167983000428649,17.857940618341672
2058,9331.38865797916,9331.388822693,9331.388822693,9331.389570606,9331.398955318,1,COMPLETED,True,0.16471383969474118,0.7479129999410361,9.384712000610307,10.297338840246084
2059,9331.39791432359,9331.39809452,9331.39809452,9331.398776536,9331.412122651,0,COMPLETED,True,0.1801964099286124,0.6820159997005248,13.34611499987659,14.208327409505728
2060,9331.402752137019,9331.402905018,9331.402905018,9331.403547872,9331.414169498,1,COMPLETED,True,0.15288098074961454,0.6428540000342764,10.621626001011464,11.417360981795355
2061,9331.406642044674,9331.406761489,9331.406761489,9331.412335296,9331.423372861,0,COMPLETED,True,0.11944432480959222,5.573807000473607,11.037565000151517,16.730816325434716
2062,9331.419850041559,9331.419957455,9331.419957455,9331.420593185,9331.430515806,1,COMPLETED,True,0.10741344158304855,0.6357299989758758,9.922621000441723,10.665764441000647
2063,9331.42466262144,9331.424753168,9331.424753168,9331.425363298,9331.435836067,0,COMPLETED,True,0.0905465585674392,0.6101300004957011,10.47276899953431,11.17344555859745
2064,9331.452233077132,9331.452398265,9331.452398265,9331.4529774,9331.463865689,1,COMPLETED,True,0.16518786833330523,0.57913499949791,10.888288999922224,11.63261186775344
2065,9331.452891613591,9331.453041611,9331.453041611,9331.453492162,9331.46478552,0,COMPLETED,True,0.14999740778876003,0.45055100054014474,11.293358000330045,11.89390640865895
2066,9331.467120765541,9331.467281588,9331.467281588,9331.467910018,9331.477148468,1,COMPLETED,True,0.1608224592928309,0.6284299997787457,9.238450000339071,10.027702459410648
2067,9331.481978490461,9331.482162044,9331.482162044,9331.48266005,9331.492132966,0,COMPLETED,True,0.18355353859078605,0.4980060002708342,9.472915999140241,10.154475538001861
2068,9331.487463815733,9331.487666883,9331.487666883,9331.488424044,9331.501451601,1,COMPLETED,True,0.20306726764829364,0.7571610003651585,13.027556999077206,13.987785267090658
2069,9331.488083842138,9331.488467362,9331.488467362,9331.492487636,9331.502961169,0,COMPLETED,True,0.38351986222551204,4.020274000140489,10.47353300054965,14.877326862915652
2070,9331.48945170339,9331.489541928,9331.489541928,9331.501967917,9331.513652911,1,COMPLETED,True,0.09022461017593741,12.425988999893889,11.684994000461302,24.201207610531128
2071,9331.492566695777,9331.49266934,9331.49266934,9331.50329054,9331.51439876,0,COMPLETED,True,0.10264422235195525,10.621200000969111,11.10822000009648,21.832064223417547
2072,9331.494672009241,9331.494850039,9331.494850039,9331.514011059,9331.524706249,1,COMPLETED,True,0.17802975889935624,19.161019999955897,10.695189999751165,30.034239758606418
2073,9331.49662033532,9331.496708595,9331.496708595,9331.514728166,9331.526776298,0,COMPLETED,True,0.08825967961456627,18.019570999967982,12.04813200092758,30.15596268051013
2074,9331.505103579806,9331.505291216,9331.505291216,9331.524884209,9331.53623262,1,COMPLETED,True,0.1876361948234262,19.592992999605485,11.34841099883488,31.12904019326379
2075,9331.506581594447,9331.506787879,9331.506787879,9331.527069927,9331.538280758,0,COMPLETED,True,0.20628455240512267,20.282048000808572,11.21083100042597,31.699163553639664
2076,9331.506675390036,9331.506925002,9331.506925002,9331.536585906,9331.54714639,1,COMPLETED,True,0.24961196504591499,29.660903999683796,10.560483999142889,40.4709999638726
2077,9331.506995484768,9331.507585954,9331.507585954,9331.538612015,9331.550335172,0,COMPLETED,True,0.5904692316107685,31.026061000375194,11.723157000233186,43.33968723221915
2078,9331.51370463769,9331.513883122,9331.513883122,9331.54749332,9331.558175532,1,COMPLETED,True,0.17848430979938712,33.61019800104259,10.682211999665014,44.47089431050699
2079,9331.51793397438,9331.518058386,9331.518058386,9331.550652545,9331.563180994,0,COMPLETED,True,0.12441161925380584,32.59415899992746,12.528449000456021,45.247019619637285
2080,9331.525700747789,9331.525804208,9331.525804208,9331.558507862,9331.569558317,1,COMPLETED,True,0.1034602119034389,32.703654000215465,11.050454999349313,43.85756921146822
2081,9331.541707682363,9331.541878705,9331.541878705,9331.563492287,9331.57577036,0,COMPLETED,True,0.17102263700508047,21.6135819991905,12.278072999833967,34.06267763602955
2082,9331.550306703524,9331.550538814,9331.550538814,9331.569893844,9331.580837803,1,COMPLETED,True,0.23211047664517537,19.355029999132967,10.943958999632741,30.531099475410883
2083,9331.552361804017,9331.552498808,9331.552498808,9331.576076086,9331.588063708,0,COMPLETED,True,0.13700398267246783,23.577277999720536,11.9876220014703,35.7019039838633
2084,9331.559410168591,9331.559569625,9331.559569625,9331.581140626,9331.591855896,1,COMPLETED,True,0.15945640916470438,21.571000999756507,10.71527000021888,32.44572740914009
2085,9331.574922848704,9331.575027055,9331.575027055,9331.588400443,9331.600193633,0,COMPLETED,True,0.10420629587315489,13.37338800112775,11.793189998570597,25.270784295571502
2086,9331.596487345685,9331.596624972,9331.596624972,9331.597112413,9331.607833669,1,COMPLETED,True,0.13762631533609238,0.48744099876785185,10.721256001488655,11.346323315592599
2087,9331.602801983983,9331.602916192,9331.602916192,9331.603281642,9331.617623154,0,COMPLETED,True,0.11420801638450939,0.36544999966281466,14.34151200010092,14.821170016148244
2088,9331.607489946791,9331.607609561,9331.607609561,9331.608155585,9331.619066935,1,COMPLETED,True,0.11961420932493638,0.5460239990497939,10.911350000242237,11.576988208616967
2089,9331.609102822677,9331.609240203,9331.609240203,9331.617964936,9331.629365325,0,COMPLETED,True,0.13738032430410385,8.72473299932608,11.400388999390998,20.26250232302118
2090,9331.617516453618,9331.617634477,9331.617634477,9331.619407602,9331.630781861,1,COMPLETED,True,0.1180233812192455,1.7731250009092037,11.374259000149323,13.265407382277772
2091,9331.62293931215,9331.623072276,9331.623072276,9331.629661276,9331.640665415,0,COMPLETED,True,0.13296384895511437,6.589000000531087,11.00413899985142,17.72610284933762
2092,9331.631399623824,9331.631510832,9331.631510832,9331.63186988,9331.642723803,1,COMPLETED,True,0.11120817543996964,0.3590480009734165,10.853922998649068,11.324179175062454
2093,9331.633308082064,9331.633441233,9331.633441233,9331.640976723,9331.651729154,0,COMPLETED,True,0.13315093565324787,7.535490000009304,10.752431000582874,18.421071936245426
2094,9331.638933569557,9331.63903216,9331.63903216,9331.643084467,9331.654455762,1,COMPLETED,True,0.0985904425760964,4.052307000165456,11.37129500057199,15.522192443313543
2095,9331.639009648177,9331.639097596,9331.639097596,9331.652125673,9331.662955922,0,COMPLETED,True,0.08794782297627535,13.028076999034965,10.83024900071905,23.94627382273029
2096,9331.639014914841,9331.639105487,9331.639105487,9331.654761969,9331.665779361,1,COMPLETED,True,0.09057215902430471,15.656482000849792,11.017391998393578,26.764446158267674
2097,9331.650494501944,9331.650594452,9331.650594452,9331.663302442,9331.674657932,0,COMPLETED,True,0.09995005530072376,12.707990001217695,11.355489999914425,24.163430056432844
2098,9331.653450645726,9331.653546514,9331.653546514,9331.666142428,9331.676905926,1,COMPLETED,True,0.09586827400198672,12.59591399866622,10.763498001324479,23.455280273992685
2099,9331.66353098081,9331.663714708,9331.663714708,9331.674979591,9331.685813438,0,COMPLETED,True,0.18372719023318496,11.264882999967085,10.833846999958041,22.28245719015831
2100,9331.673189163019,9331.673299758,9331.673299758,9331.677216662,9331.688146585,1,COMPLETED,True,0.1105949813791085,3.9169039991975296,10.929923000730923,14.957421981307562
2101,9331.674637792314,9331.674740417,9331.674740417,9331.685981343,9331.69535392,0,COMPLETED,True,0.10262468640576117,11.240926000027684,9.372577000249294,20.71612768668274
2102,9331.702790878528,9331.702959749,9331.702959749,9331.703680936,9331.717042081,1,COMPLETED,True,0.16887047240743414,0.721186999726342,13.361145000089891,14.251202472223667
2103,9331.704179628989,9331.704326354,9331.704326354,9331.704771681,9331.717634292,0,COMPLETED,True,0.14672501129098237,0.4453269993973663,12.8626109999459,13.454663010634249
2104,9331.70477707653,9331.704920989,9331.704920989,9331.71760924,9331.729737441,1,COMPLETED,True,0.14391246986633632,12.688251001236495,12.128201000450645,24.960364471553476
2105,9331.706910831277,9331.706997487,9331.706997487,9331.718127251,9331.730357343,0,COMPLETED,True,0.08665572204336058,11.129764001452713,12.230091999299475,23.44651172279555
2106,9331.716282865233,9331.716377593,9331.716377593,9331.729919731,9331.741486041,1,COMPLETED,True,0.09472776764596347,13.542138000047999,11.566310000489466,25.203175768183428
2107,9331.7208020955,9331.720871412,9331.720871412,9331.730756322,9331.742253335,0,COMPLETED,True,0.06931650023034308,9.884909999527736,11.497012999825529,21.451239499583608
2108,9331.72299186081,9331.723033618,9331.723033618,9331.741855563,9331.752704769,1,COMPLETED,True,0.041757190047064796,18.82194499921752,10.849206000784761,29.712908190049347
2109,9331.733258911712,9331.733353403,9331.733353403,9331.742609552,9331.753314615,0,COMPLETED,True,0.09449128810956609,9.256149000066216,10.705062999477377,20.05570328765316
2110,9331.738709229889,9331.738837742,9331.738837742,9331.753042111,9331.763074533,1,COMPLETED,True,0.12851211067754775,14.204369001163286,10.032422000222141,24.365303112062975
2111,9331.756669102426,9331.756871788,9331.756871788,9331.757572734,9331.770899608,0,COMPLETED,True,0.20268557454983238,0.7009460005065193,13.326873999176314,14.230505574232666
2112,9331.76547571116,9331.765605747,9331.765605747,9331.765982782,9331.775945883,1,COMPLETED,True,0.13003583990212064,0.37703500129282475,9.963100999812013,10.470171841006959
2113,9331.779415610077,9331.779578315,9331.779578315,9331.780171701,9331.791894615,0,COMPLETED,True,0.1627049223316135,0.5933860011282377,11.722913999619777,12.479004923079628
2114,9331.780370370887,9331.780514775,9331.780514775,9331.780992545,9331.791909775,1,COMPLETED,True,0.1444041135982843,0.47776999963389244,10.91722999990452,11.539404113136698
2115,9331.808965161968,9331.809056444,9331.809056444,9331.809477393,9331.820175107,1,COMPLETED,True,0.0912820323719643,0.4209489998174831,10.697713998524705,11.209945030714152
2116,9331.811484956066,9331.8115827,9331.8115827,9331.812194114,9331.823161901,0,COMPLETED,True,0.09774393402040005,0.6114139996498125,10.967787000481621,11.676944934151834
2117,9331.828613779047,9331.82881575,9331.82881575,9331.829622161,9331.83850094,1,COMPLETED,True,0.20197095182084013,0.8064110006671399,8.878779000951909,9.887160953439889
2118,9331.837913537645,9331.838066559,9331.838066559,9331.838975929,9331.852981775,0,COMPLETED,True,0.15302135398087557,0.9093700009543682,14.005846000145539,15.068237355080782
2119,9331.859549852272,9331.859733566,9331.859733566,9331.860746939,9331.872866323,1,COMPLETED,True,0.1837137278926093,1.0133730011148145,12.119383998651756,13.31647072765918
2120,9331.860430843895,9331.860566878,9331.860566878,9331.861050733,9331.872833672,0,COMPLETED,True,0.1360341047984548,0.48385499940195587,11.782939000113402,12.402828104313812
2121,9331.86443272481,9331.864587769,9331.864587769,9331.873061563,9331.88445395,0,COMPLETED,True,0.1550441902509192,8.473793999655754,11.392387001251336,20.02122519115801
2122,9331.864450748502,9331.864709141,9331.864709141,9331.873304017,9331.884482486,1,COMPLETED,True,0.25839249792625196,8.594875998824136,11.178469001606572,20.03173749835696
2123,9331.870970790596,9331.871223615,9331.871223615,9331.884880065,9331.895782582,0,COMPLETED,True,0.25282440401497297,13.656449998961762,10.902517000431544,24.81179140340828
2124,9331.880847937093,9331.880987417,9331.880987417,9331.884999245,9331.898574846,1,COMPLETED,True,0.13947990737506188,4.011827999420348,13.575601000411552,17.726908907206962
2125,9331.88277908637,9331.883021606,9331.883021606,9331.896127019,9331.90679895,0,COMPLETED,True,0.2425196289550513,13.105412999721011,10.671931000615587,24.01986362929165
2126,9331.889400189488,9331.889572793,9331.889572793,9331.899081039,9331.910442287,1,COMPLETED,True,0.17260351160075516,9.508246001132648,11.361247999957413,21.042097512690816
2127,9331.904560834431,9331.904733371,9331.904733371,9331.907144441,9331.91669958,0,COMPLETED,True,0.17253656915272586,2.411069999652682,9.55513900044025,12.138745569245657
2128,9331.931141568168,9331.931238105,9331.931238105,9331.931766117,9331.942156618,1,COMPLETED,True,0.09653683264332358,0.5280120003590127,10.390501000074437,11.015049833076773
2129,9331.936407142295,9331.936519176,9331.936519176,9331.936968774,9331.947806478,0,COMPLETED,True,0.11203370559087489,0.4495979992498178,10.837703999641235,11.399335704481928
2130,9331.943776133543,9331.943865183,9331.943865183,9331.944358911,9331.954868525,1,COMPLETED,True,0.08904945752874482,0.49372799912816845,10.509613999602152,11.092391456259065
2131,9331.949895884256,9331.950104869,9331.950104869,9331.950536196,9331.961952282,0,COMPLETED,True,0.2089847439492587,0.43132700011483394,11.416085999371717,12.05639774343581
2132,9331.955019225312,9331.955110695,9331.955110695,9331.955553489,9331.966903884,1,COMPLETED,True,0.09146968841378111,0.4427940002642572,11.350394999681157,11.884658688359195
2133,9331.95745159703,9331.957538008,9331.957538008,9331.962448336,9331.974019258,0,COMPLETED,True,0.08641096974315587,4.910327999823494,11.570921999009443,16.567660968576092
2134,9331.968746043513,9331.968893716,9331.968893716,9331.969288249,9331.980537602,1,COMPLETED,True,0.14767248831049073,0.39453299905289896,11.249352999584517,11.791558486947906
2135,9331.970642734497,9331.970784539,9331.970784539,9331.974512514,9331.98496165,0,COMPLETED,True,0.14180450307321735,3.7279749994922895,10.449135999806458,14.318915502371965
2136,9331.991873297802,9331.992109629,9331.992109629,9331.992580234,9332.003040249,1,COMPLETED,True,0.23633119781152345,0.4706050003733253,10.46001499889826,11.166951197083108
2137,9331.995636224578,9331.995738091,9331.995738091,9331.996056325,9332.007191644,0,COMPLETED,True,0.10186642248299904,0.3182340005878359,11.135318998640287,11.555419421711122
2138,9332.004236010449,9332.004332198,9332.004332198,9332.004740264,9332.014201831,1,COMPLETED,True,0.0961875502980547,0.408066000090912,9.461567000471405,9.965820550860371
2139,9332.016689351129,9332.016777256,9332.016777256,9332.01735592,9332.026913243,0,COMPLETED,True,0.08790487117948942,0.5786639994767029,9.557323000990436,10.223891871646629
2140,9332.02844485757,9332.028533875,9332.028533875,9332.029068699,9332.038690568,1,COMPLETED,True,0.08901743058231659,0.5348239992599702,9.621869001421146,10.245710431263433
2141,9332.048423689277,9332.04854297,9332.04854297,9332.04923771,9332.059638553,0,COMPLETED,True,0.1192807230836479,0.6947399997443426,10.400843000752502,11.214863723580493
2142,9332.050771172815,9332.050832516,9332.050832516,9332.051480445,9332.064667283,1,COMPLETED,True,0.06134318573458586,0.6479289986600634,13.186838001274737,13.896110185669386
2143,9332.053899208855,9332.05402885,9332.05402885,9332.060021378,9332.071362747,0,COMPLETED,True,0.12964114466740284,5.992528000206221,11.34136899963778,17.463538144511404
2144,9332.063515537435,9332.063672321,9332.063672321,9332.065019406,9332.076324285,1,COMPLETED,True,0.15678356430726126,1.3470850008161506,11.304879000817891,12.808747565941303
2145,9332.063568728565,9332.063794519,9332.063794519,9332.071663339,9332.082743987,0,COMPLETED,True,0.22579043434234336,7.868820001021959,11.080648000643123,19.175258436007425
2146,9332.065686456373,9332.065826886,9332.065826886,9332.07666456,9332.08778444,1,COMPLETED,True,0.14042962720850483,10.837673999049002,11.119880000478588,22.097983626736095
2147,9332.065849173086,9332.065919507,9332.065919507,9332.083058361,9332.094175792,0,COMPLETED,True,0.07033391375443898,17.138854000222636,11.117431000457145,28.32661891443422
2148,9332.070620194885,9332.070805932,9332.070805932,9332.088133564,9332.099432827,1,COMPLETED,True,0.18573711531644221,17.32763200016052,11.299263000182691,28.812632115659653
2149,9332.08892245174,9332.089128594,9332.089128594,9332.094333182,9332.105363211,0,COMPLETED,True,0.2061422601400409,5.2045880001969635,11.030028999812203,16.440759260149207
2150,9332.090594902013,9332.090752262,9332.090752262,9332.099754665,9332.110642857,1,COMPLETED,True,0.1573599874973297,9.002402999612968,10.88819200049329,20.04795498760359
2151,9332.094907696252,9332.095161533,9332.095161533,9332.105728953,9332.117212494,0,COMPLETED,True,0.2538367480156012,10.567420000370475,11.483541000416153,22.30479774880223
2152,9332.10091917163,9332.101109563,9332.101109563,9332.110976069,9332.122597465,1,COMPLETED,True,0.1903913707792526,9.866505999525543,11.621396000919049,21.678293371223845
2153,9332.107294029054,9332.107463807,9332.107463807,9332.11753776,9332.128265344,0,COMPLETED,True,0.16977794621197972,10.073952998936875,10.727584000051138,20.971314945199993
2154,9332.111293875014,9332.111454219,9332.111454219,9332.122811416,9332.134266098,1,COMPLETED,True,0.160343986863154,11.357196999597363,11.454682000476168,22.972222986936686
2155,9332.112911668122,9332.113052487,9332.113052487,9332.128558853,9332.139120323,0,COMPLETED,True,0.14081887820793781,15.506366000408889,10.561469998719986,26.208654877336812
2156,9332.113950216199,9332.114120685,9332.114120685,9332.1345875,9332.143747026,1,COMPLETED,True,0.17046880202542525,20.46681499996339,9.159526000075857,29.796809802064672
2157,9332.116183001106,9332.116313156,9332.116313156,9332.139456246,9332.148910163,0,COMPLETED,True,0.13015489457757212,23.143089998484356,9.453917000428191,32.72716189349012
2158,9332.128015018498,9332.128177509,9332.128177509,9332.144129255,9332.153994735,1,COMPLETED,True,0.1624905016797129,15.951746001519496,9.865479998552473,25.979716501751682
2159,9332.131864026336,9332.131976286,9332.131976286,9332.149284277,9332.158935779,0,COMPLETED,True,0.11225966409256216,17.307991000052425,9.651501999542234,27.07175266368722
2160,9332.13547253232,9332.135634924,9332.135634924,9332.154338717,9332.164041268,1,COMPLETED,True,0.16239167962339707,18.70379300089553,9.702551000373205,28.568735680892132
2161,9332.138987660197,9332.139086835,9332.139086835,9332.159277621,9332.168329114,0,COMPLETED,True,0.09917480383592192,20.19078599914792,9.051492999788024,29.341453802771866
2162,9332.139190795697,9332.139275626,9332.139275626,9332.164377546,9332.174228039,1,COMPLETED,True,0.08483030251227319,25.101920000452083,9.850493001067662,35.03724330403202
2163,9332.143106598627,9332.143211746,9332.143211746,9332.168727592,9332.178101368,0,COMPLETED,True,0.10514737368794158,25.515845998597797,9.373775999847567,34.994769372133305
2164,9332.147682256194,9332.147773272,9332.147773272,9332.174602534,9332.18412501,1,COMPLETED,True,0.09101580508286133,26.82926200031943,9.522476000711322,36.442753806113615
2165,9332.180279311311,9332.180399917,9332.180399917,9332.180821993,9332.190387848,0,COMPLETED,True,0.12060568951710593,0.42207600017718505,9.565854999891599,10.10853668958589
2166,9332.18201871601,9332.182159132,9332.182159132,9332.184303947,9332.194663847,1,COMPLETED,True,0.14041599024494644,2.1448150000651367,10.359899999457411,12.645130989767495
2167,9332.182133712133,9332.182225634,9332.182225634,9332.190588002,9332.199974024,0,COMPLETED,True,0.09192186735162977,8.36236800023471,9.386022000398953,17.840311867985292
2168,9332.183389728872,9332.183579467,9332.183579467,9332.194984728,9332.20507431,1,COMPLETED,True,0.1897381280286936,11.40526099879935,10.08958200145571,21.684581128283753
2169,9332.191369414762,9332.191506575,9332.191506575,9332.200343958,9332.210065244,0,COMPLETED,True,0.13716023750021122,8.837383000354748,9.721286000058171,18.69582923791313
2170,9332.20586212494,9332.20603047,9332.20603047,9332.206626637,9332.219572796,1,COMPLETED,True,0.16834506095619872,0.5961669994576368,12.946159000421176,13.710671060835011
2171,9332.229596024676,9332.229686695,9332.229686695,9332.230327329,9332.242351808,0,COMPLETED,True,0.09067032442544587,0.6406339998648036,12.024478999592247,12.755783323882497
2172,9332.254977983215,9332.255181679,9332.255181679,9332.255790034,9332.268681795,1,COMPLETED,True,0.20369578487589024,0.6083549997129012,12.891760999991675,13.703811784580466
2173,9332.256482743804,9332.256612338,9332.256612338,9332.257099451,9332.266244444,0,COMPLETED,True,0.12959419655089732,0.48711300041759387,9.144992998699308,9.7617001956678
2174,9332.25679406675,9332.25694797,9332.25694797,9332.266603146,9332.275875824,0,COMPLETED,True,0.1539032491564285,9.655175999796484,9.272678000343149,19.08175724929606
2175,9332.262149231283,9332.262278237,9332.262278237,9332.269233453,9332.280614877,1,COMPLETED,True,0.12900571709906217,6.955216000278597,11.38142399940989,18.46564571678755
2176,9332.268371519822,9332.268513373,9332.268513373,9332.276258977,9332.285865605,0,COMPLETED,True,0.14185317741066683,7.745604001684114,9.606627998437034,17.494085177531815
2177,9332.28168317947,9332.281775145,9332.281775145,9332.282210838,9332.291654167,1,COMPLETED,True,0.09196553037327249,0.4356930003268644,9.44332899962319,9.970987530323328
2178,9332.28438673321,9332.284536557,9332.284536557,9332.286206982,9332.295774789,0,COMPLETED,True,0.14982378888817038,1.670425001066178,9.5678069992573,11.388055789211649
2179,9332.299436397096,9332.299539043,9332.299539043,9332.299994208,9332.309534882,1,COMPLETED,True,0.10264590491715353,0.45516499994846527,9.540674000163563,10.098484905029181
2180,9332.320271693468,9332.320372075,9332.320372075,9332.320811153,9332.330095746,0,COMPLETED,True,0.10038153232017066,0.4390779995446792,9.284592999392771,9.824052531257621
2181,9332.329543953821,9332.329652864,9332.329652864,9332.330080357,9332.339739335,1,COMPLETED,True,0.10891017882386222,0.4274929997336585,9.658978000516072,10.195381179073593
2182,9332.33386047031,9332.333976974,9332.333976974,9332.334420562,9332.343917343,0,COMPLETED,True,0.11650369015114848,0.4435880000528414,9.496781000052579,10.056872690256569
2183,9332.34277440261,9332.342903906,9332.342903906,9332.343391486,9332.352773488,1,COMPLETED,True,0.1295033889618935,0.4875800004811026,9.382002001075307,9.999085390518303
2184,9332.345241308181,9332.345346576,9332.345346576,9332.345653379,9332.355002788,0,COMPLETED,True,0.10526781807129737,0.3068030000576982,9.349408999696607,9.761479817825602
2185,9332.353302313495,9332.353416156,9332.353416156,9332.353800754,9332.363932976,1,COMPLETED,True,0.11384250501578208,0.3845979990728665,10.132222001629998,10.630662505718647
2186,9332.353619205474,9332.353727471,9332.353727471,9332.355164624,9332.365086455,0,COMPLETED,True,0.10826552534126677,1.4371529996424215,9.921831000610837,11.467249525594525
2187,9332.355768544032,9332.355884199,9332.355884199,9332.364357844,9332.373549877,1,COMPLETED,True,0.11565496788534801,8.473645000776742,9.192032999635558,17.781332968297647
2188,9332.361351252483,9332.361498942,9332.361498942,9332.365452319,9332.374854703,0,COMPLETED,True,0.14768951768928673,3.953376999561442,9.402384001077735,13.503450518328464
2189,9332.395999075878,9332.396179615,9332.396179615,9332.396707295,9332.407738322,1,COMPLETED,True,0.18053912208415568,0.527680000232067,11.031026999262394,11.739246121578617
2190,9332.39736026172,9332.397498025,9332.397498025,9332.397806853,9332.407366113,0,COMPLETED,True,0.13776327978121117,0.30882799910614267,9.559260000969516,10.00585127985687
2191,9332.414221553523,9332.414324476,9332.414324476,9332.414821174,9332.424877574,0,COMPLETED,True,0.10292247679899447,0.49669799955154303,10.056400000394206,10.656020476744743
2192,9332.415285978965,9332.415419149,9332.415419149,9332.415981402,9332.427077111,1,COMPLETED,True,0.1331700350419851,0.5622530006803572,11.095709000073839,11.791132035796181
2193,9332.42883191597,9332.428923332,9332.428923332,9332.429460199,9332.438541496,0,COMPLETED,True,0.09141603004536591,0.5368670008465415,9.08129699928395,9.709580030175857
2194,9332.438057162486,9332.438157787,9332.438157787,9332.438666807,9332.447956461,1,COMPLETED,True,0.10062451474368572,0.5090199992991984,9.289653999076108,9.899298513118993
2195,9332.446523151446,9332.446631835,9332.446631835,9332.447093668,9332.456633008,0,COMPLETED,True,0.10868355457205325,0.46183300037228037,9.539339998809737,10.10985655375407
2196,9332.448500182136,9332.448636685,9332.448636685,9332.449042205,9332.458877454,1,COMPLETED,True,0.13650286382471677,0.4055200006405357,9.835249000389013,10.377271864854265
2197,9332.449179870218,9332.449317021,9332.449317021,9332.457061479,9332.466209293,0,COMPLETED,True,0.1371507823932916,7.744457998342114,9.14781400024367,17.029422780979075
2198,9332.459074716897,9332.459335463,9332.459335463,9332.459686328,9332.468941377,1,COMPLETED,True,0.2607461028674152,0.3508650006551761,9.255048998966231,9.866660102488822
2199,9332.45983856287,9332.459973738,9332.459973738,9332.466572682,9332.47620739,0,COMPLETED,True,0.13517512888938654,6.598944000870688,9.634707999794045,16.36882712955412
2200,9332.4659813551,9332.466079368,9332.466079368,9332.469107059,9332.478909847,1,COMPLETED,True,0.09801289888855536,3.0276910001703072,9.802787999433349,12.928491898492211
2201,9332.471422928676,9332.471593979,9332.471593979,9332.476549245,9332.485829456,0,COMPLETED,True,0.17105032384279184,4.955266000251868,9.280210999349947,14.406527323444607
2202,9332.480171765936,9332.480264924,9332.480264924,9332.48062751,9332.490150706,1,COMPLETED,True,0.09315806346421596,0.3625860008469317,9.523196000372991,9.978940064684139
2203,9332.48571425595,9332.485831976,9332.485831976,9332.486371217,9332.495279261,0,COMPLETED,True,0.117720050184289,0.5392410002968973,8.908043999326765,9.56500504980795
2204,9332.50430622372,9332.504408953,9332.504408953,9332.504845052,9332.514029842,1,COMPLETED,True,0.10272928011545446,0.43609900058072526,9.184789998471388,9.723618279167567
2205,9332.504705463261,9332.504789299,9332.504789299,9332.505079008,9332.514501149,0,COMPLETED,True,0.08383573913306464,0.28970899984415155,9.422140999959083,9.7956857389363
2206,9332.510937657406,9332.511036955,9332.511036955,9332.514409853,9332.524371958,1,COMPLETED,True,0.09929759471560828,3.3728979997249553,9.962104999431176,13.43430059387174
2207,9332.514631391354,9332.514731743,9332.514731743,9332.515408889,9332.524700494,0,COMPLETED,True,0.1003516463242704,0.6771459993615281,9.291604999816627,10.069102645502426
2208,9332.52562566461,9332.525714928,9332.525714928,9332.526182751,9332.535456594,1,COMPLETED,True,0.08926339069148526,0.4678229997807648,9.27384299939149,9.83092938986374
2209,9332.559367569447,9332.559469439,9332.559469439,9332.560077132,9332.569621551,0,COMPLETED,True,0.10186955296376254,0.6076930003473535,9.544418999212212,10.253981552523328
2210,9332.5600319054,9332.560152904,9332.560152904,9332.560462655,9332.570063205,1,COMPLETED,True,0.12099860032321885,0.3097509998042369,9.600549999959185,10.03129960008664
2211,9332.576548195811,9332.576664983,9332.576664983,9332.577167183,9332.586336166,0,COMPLETED,True,0.11678718874463812,0.5022000004828442,9.168982998744468,9.78797018797195
2212,9332.594026747956,9332.594128981,9332.594128981,9332.594576501,9332.603766231,1,COMPLETED,True,0.10223304343526252,0.44752000030712225,9.189729998979601,9.739483042721986
2213,9332.607678702421,9332.60785715,9332.60785715,9332.608327856,9332.617490514,0,COMPLETED,True,0.17844757894636132,0.4707059997599572,9.162657999695512,9.81181157840183
2214,9332.609433914578,9332.609526753,9332.609526753,9332.609794247,9332.61920704,1,COMPLETED,True,0.09283842155127786,0.2674940005817916,9.412792998773511,9.773125420906581
2215,9332.610892352957,9332.611036493,9332.611036493,9332.617830669,9332.626803612,0,COMPLETED,True,0.14414004181162454,6.794176000767038,8.972943000117084,15.911259042695747
2216,9332.616131073743,9332.616232046,9332.616232046,9332.6195677,9332.628828691,1,COMPLETED,True,0.1009722582239192,3.335653998874477,9.260991000701324,12.69761725779972
2217,9332.616222554214,9332.61628232,9332.61628232,9332.62714644,9332.63641827,0,COMPLETED,True,0.059765785408671945,10.86412000040582,9.271830000216141,20.195715786030632
2218,9332.6171547575,9332.617340553,9332.617340553,9332.629175959,9332.638330053,1,COMPLETED,True,0.18579550123831723,11.835405999590876,9.154093999313773,21.175295500142965
2219,9332.61764746783,9332.618133896,9332.618133896,9332.636749467,9332.64591769,0,COMPLETED,True,0.4864281690970529,18.61557099982747,9.168223001324804,28.270222170249326
2220,9332.618237117707,9332.618598638,9332.618598638,9332.638692441,9332.647946467,1,COMPLETED,True,0.36152029315417167,20.093802999326726,9.254025999325677,29.709349291806575
2221,9332.626083732115,9332.626178381,9332.626178381,9332.64630153,9332.655571154,0,COMPLETED,True,0.0946488853514893,20.123148999118712,9.269624000808108,29.48742188527831
2222,9332.626620283367,9332.626704576,9332.626704576,9332.648317745,9332.657525991,1,COMPLETED,True,0.08429263289144728,21.613169001284405,9.208245999616338,30.90570763379219
2223,9332.6336979885,9332.633791546,9332.633791546,9332.65591923,9332.664873413,0,COMPLETED,True,0.0935575008043088,22.1276839984057,8.954183000241756,31.175424499451765
2224,9332.63432241427,9332.634443262,9332.634443262,9332.657909917,9332.667232873,1,COMPLETED,True,0.12084773152309936,23.466654998628655,9.322956000687554,32.91045873083931
2225,9332.637838301422,9332.63795899,9332.63795899,9332.665213928,9332.674814008,0,COMPLETED,True,0.12068857904523611,27.254937998804962,9.60008000038215,36.97570657823235
2226,9332.639590004776,9332.639691346,9332.639691346,9332.667406038,9332.677190514,1,COMPLETED,True,0.10134122385352384,27.714691999790375,9.784476000277209,37.60050922392111
2227,9332.65016185148,9332.650339305,9332.650339305,9332.675158646,9332.684273304,0,COMPLETED,True,0.17745352124620695,24.819340998874395,9.1146579998167,34.1114525199373
2228,9332.653914418195,9332.654074797,9332.654074797,9332.677527342,9332.686786046,1,COMPLETED,True,0.16037880413932726,23.452545001418912,9.258703999876161,32.8716278054344
2229,9332.658869501322,9332.658976071,9332.658976071,9332.684641071,9332.694233517,0,COMPLETED,True,0.10656967788236216,25.665000001026783,9.59244600016973,35.364015679078875
2230,9332.663299107186,9332.663331976,9332.663331976,9332.687124409,9332.696379156,1,COMPLETED,True,0.032868814741959795,23.792432999471202,9.254746999431518,33.08004881364468
2231,9332.675811908492,9332.676065808,9332.676065808,9332.694400076,9332.704107081,0,COMPLETED,True,0.25389950860699173,18.334267999307485,9.7070049996546,28.295172507569077
2232,9332.682379748392,9332.682648336,9332.682648336,9332.696692994,9332.705864437,1,COMPLETED,True,0.26858760793402325,14.044658000784693,9.171443000013824,23.48468860873254
2233,9332.686332635953,9332.686541032,9332.686541032,9332.704448744,9332.713778701,0,COMPLETED,True,0.20839604803768452,17.90771199921437,9.329956999863498,27.446065047115553
2234,9332.688578057996,9332.688732322,9332.688732322,9332.706222899,9332.715129947,1,COMPLETED,True,0.15426400386786554,17.49057699998957,8.907048000764917,26.551889004622353
2235,9332.690387786459,9332.690528656,9332.690528656,9332.714147941,9332.723535064,0,COMPLETED,True,0.14086954070080537,23.619285000677337,9.38712300012412,33.14727754150226
2236,9332.694378982504,9332.694538734,9332.694538734,9332.715471188,9332.724902189,1,COMPLETED,True,0.159751496539684,20.932453999193967,9.431001000848482,30.523206496582134
2237,9332.696744700197,9332.696833121,9332.696833121,9332.723885844,9332.733136139,0,COMPLETED,True,0.08842080205795355,27.052723000451806,9.250295001038467,36.391438803548226
2238,9332.70809836038,9332.708225826,9332.708225826,9332.725258715,9332.734480704,1,COMPLETED,True,0.12746562060783617,17.032888999892748,9.221989001162001,26.382343621662585
2239,9332.708627565675,9332.708734444,9332.708734444,9332.733493953,9332.742328049,0,COMPLETED,True,0.10687832582334522,24.759508998613455,8.834096001010039,33.70048332544684
2240,9332.716495151863,9332.716607157,9332.716607157,9332.734841818,9332.74388761,1,COMPLETED,True,0.1120051383622922,18.234660999951302,9.045791999596986,27.39245813791058
2241,9332.731293548917,9332.731523,9332.731523,9332.742746486,9332.751490815,0,COMPLETED,True,0.22945108321437147,11.223485998925753,8.74432900127431,20.197266083414434
2242,9332.76899520118,9332.769156544,9332.769156544,9332.769698872,9332.778710338,1,COMPLETED,True,0.16134281941049267,0.5423279999376973,9.011465999719803,9.715136819067993
2243,9332.770505696204,9332.7706616,9332.7706616,9332.771185052,9332.784202749,0,COMPLETED,True,0.15590379553032108,0.5234520012891153,13.01769699966826,13.697052796487696
2244,9332.774497121947,9332.77459948,9332.77459948,9332.77907637,9332.788400371,1,COMPLETED,True,0.1023580534820212,4.476889998841216,9.324001001004945,13.903249053328182
2245,9332.77655215568,9332.77664253,9332.77664253,9332.784702808,9332.7962961,0,COMPLETED,True,0.09037432027980685,8.06027799990261,11.593291999815847,19.743944319998263
2246,9332.77702766174,9332.777111536,9332.777111536,9332.788706402,9332.797595976,1,COMPLETED,True,0.08387425987166353,11.594866000450565,8.889574000932043,20.568314261254272
2247,9332.782908475792,9332.78299596,9332.78299596,9332.7964726,9332.806242964,0,COMPLETED,True,0.0874842080520466,13.476639998771134,9.770364000360132,23.334488207183313
2248,9332.788600539448,9332.788782376,9332.788782376,9332.797931736,9332.806947811,1,COMPLETED,True,0.18183655083703343,9.1493600011745,9.016074998726253,18.347271550737787
2249,9332.791401063108,9332.791542071,9332.791542071,9332.806598269,9332.815795447,0,COMPLETED,True,0.14100789121584967,15.056198000820586,9.19717800024955,24.394383892285987
2250,9332.797334681974,9332.797425007,9332.797425007,9332.807302634,9332.816460492,1,COMPLETED,True,0.09032502566697076,9.877627000605571,9.157857999525731,19.125810025798273
2251,9332.819912622086,9332.820040454,9332.820040454,9332.820732123,9332.829436893,0,COMPLETED,True,0.127831914142007,0.6916689999343362,8.70476999989478,9.524270913971122
2252,9332.82653569994,9332.826767395,9332.826767395,9332.827403365,9332.836864081,1,COMPLETED,True,0.23169505948317237,0.6359700000757584,9.460716000830871,10.328381060389802
2253,9332.827633475028,9332.827762932,9332.827762932,9332.829783074,9332.838556359,0,COMPLETED,True,0.12945697199029382,2.020141999309999,8.773285000643227,10.92288397194352
2254,9332.827647580014,9332.82784036,9332.82784036,9332.837239618,9332.846542538,1,COMPLETED,True,0.19277998580946587,9.399258000485133,9.302919999754522,18.89495798604912
2255,9332.831706404237,9332.831942126,9332.831942126,9332.838882471,9332.847589452,0,COMPLETED,True,0.23572176360175945,6.940344999748049,8.706980999704683,15.883047763054492
2256,9332.859673078934,9332.859759247,9332.859759247,9332.860493052,9332.869016535,1,COMPLETED,True,0.08616806553618517,0.7338049999816576,8.523483000317356,9.343456065835198
2257,9332.879152834288,9332.879370064,9332.879370064,9332.879975566,9332.892313975,0,COMPLETED,True,0.21722971177950967,0.6055020003259415,12.338409000221873,13.161140712327324
2258,9332.887386866732,9332.887633609,9332.887633609,9332.888075866,9332.897054371,1,COMPLETED,True,0.24674226733623073,0.4422570000315318,8.978505000413861,9.667504267781624
2259,9332.891499534955,9332.891747578,9332.891747578,9332.892781233,9332.9040679,0,COMPLETED,True,0.2480430448486004,1.0336550003557932,11.286667000604211,12.568365045808605
2260,9332.895867378464,9332.896168967,9332.896168967,9332.897418627,9332.906720032,1,COMPLETED,True,0.3015885358763626,1.2496600011218106,9.301404999860097,10.85265353685827
2261,9332.898233543337,9332.898338165,9332.898338165,9332.904424473,9332.913843181,0,COMPLETED,True,0.10462166210345458,6.086307999794371,9.418708001248888,15.609637663146714
2262,9332.903052281312,9332.903172015,9332.903172015,9332.907066062,9332.916500068,1,COMPLETED,True,0.11973368782491889,3.894047000358114,9.43400600044697,13.447786688630003
2263,9332.906836578115,9332.907081039,9332.907081039,9332.914181448,9332.923543306,0,COMPLETED,True,0.2444608853693353,7.100409000486252,9.361857999465428,16.706727885321015
2264,9332.908234676046,9332.908418358,9332.908418358,9332.916892141,9332.926291867,1,COMPLETED,True,0.18368195378570817,8.473783000226831,9.399725999173825,18.057190953186364
2265,9332.918012627684,9332.918221689,9332.918221689,9332.923933458,9332.933055727,0,COMPLETED,True,0.20906131612719037,5.711768999390188,9.122269000727101,15.04309931624448
2266,9332.927944056026,9332.928064988,9332.928064988,9332.928561224,9332.941378586,1,COMPLETED,True,0.12093197437934577,0.49623599988990463,12.817361999623245,13.434529973892495
2267,9332.933426832575,9332.933518233,9332.933518233,9332.933797024,9332.943506508,0,COMPLETED,True,0.0914004249352729,0.2787909998005489,9.709484000268276,10.079675425004098
2268,9332.941615435693,9332.941708475,9332.941708475,9332.942156197,9332.951257636,1,COMPLETED,True,0.09303930710302666,0.447721999080386,9.101439000005485,9.642200306188897
2269,9332.948454385549,9332.948573218,9332.948573218,9332.949074589,9332.958021033,0,COMPLETED,True,0.11883245133503806,0.501370999700157,8.946444000685005,9.5666474517202
2270,9332.949998179853,9332.950176429,9332.950176429,9332.951433851,9332.960754683,1,COMPLETED,True,0.1782491472113179,1.2574219999805791,9.320831999502843,10.75650314669474
2271,9332.951608220474,9332.951740196,9332.951740196,9332.958359704,9332.967760338,0,COMPLETED,True,0.13197552652854938,6.619507999857888,9.400634000485297,16.152117526871734
2272,9332.955723571094,9332.955957575,9332.955957575,9332.96109165,9332.970692499,1,COMPLETED,True,0.23400390637107193,5.134074999659788,9.600848999980371,14.968927906011231
2273,9332.959729413498,9332.959956927,9332.959956927,9332.968204275,9332.977613751,0,COMPLETED,True,0.22751350115868263,8.247347999713384,9.409476000655559,17.884337501527625
2274,9332.971395479473,9332.971542462,9332.971542462,9332.972055104,9332.983656042,1,COMPLETED,True,0.14698252743983176,0.5126420001033694,11.600937999901362,12.260562527444563
2275,9332.975568240048,9332.975697505,9332.975697505,9332.977992404,9332.987139103,0,COMPLETED,True,0.1292649521928979,2.294898999025463,9.146698999757064,11.570862950975425
2276,9332.991624923661,9332.991709689,9332.991709689,9332.992467924,9333.001301993,1,COMPLETED,True,0.08476533912471496,0.75823499901162,8.834068999931333,9.677069338067668
2277,9333.007849088839,9333.007936001,9333.007936001,9333.008575302,9333.01751438,0,COMPLETED,True,0.08691216135048307,0.6393009989551501,8.939078001276357,9.66529116158199
2278,9333.018741710104,9333.018940104,9333.018940104,9333.019382015,9333.028821731,1,COMPLETED,True,0.19839389642584138,0.4419109991431469,9.439716000997578,10.080020896566566
2279,9333.019400913676,9333.01955072,9333.01955072,9333.019954878,9333.033160095,0,COMPLETED,True,0.14980632477090694,0.4041579995828215,13.205216999267577,13.759181323621306
2280,9333.025638572992,9333.025741334,9333.025741334,9333.02921647,9333.038242629,1,COMPLETED,True,0.10276100874762051,3.4751359999063425,9.026158999404288,12.60405600805825
2281,9333.03058158695,9333.030668518,9333.030668518,9333.03337022,9333.045457715,0,COMPLETED,True,0.0869310497364495,2.7017020001949277,12.08749499892292,14.876128048854298
2282,9333.03063657314,9333.030712516,9333.030712516,9333.038587977,9333.047768204,1,COMPLETED,True,0.07594286034873221,7.875461000367068,9.180226999887964,17.131630860603764
2283,9333.03920904138,9333.039368486,9333.039368486,9333.045867459,9333.055047461,0,COMPLETED,True,0.1594446184753906,6.498973001725972,9.180001999993692,15.838419620195054
2284,9333.040279934783,9333.040441336,9333.040441336,9333.048136451,9333.057129772,1,COMPLETED,True,0.1614012162463041,7.6951150003878865,8.993321000161814,16.849837216796004
2285,9333.072925018896,9333.073016159,9333.073016159,9333.073463873,9333.082965716,0,COMPLETED,True,0.09114010390476324,0.4477139991649892,9.501843000180088,10.04069710324984
2286,9333.074941469278,9333.075083497,9333.075083497,9333.075665829,9333.08474298,1,COMPLETED,True,0.14202772217686288,0.5823319988849107,9.07715100038331,9.801510721445084
2287,9333.083749101015,9333.083929591,9333.083929591,9333.084562686,9333.097216528,0,COMPLETED,True,0.1804899839044083,0.6330950000119628,12.653842000872828,13.4674269847892
2288,9333.085846598557,9333.08599503,9333.08599503,9333.086364422,9333.095346927,1,COMPLETED,True,0.1484314434492262,0.3693920007208362,8.982504999949015,9.500328444119077
2289,9333.08982617209,9333.089943493,9333.089943493,9333.095710356,9333.104902153,1,COMPLETED,True,0.11732090933946893,5.766862999735167,9.191797000312363,15.075980909386999
2290,9333.093140095667,9333.093302358,9333.093302358,9333.097714578,9333.109070469,0,COMPLETED,True,0.16226233310590032,4.412219999721856,11.355890999766416,15.930373332594172
2291,9333.097851056998,9333.097993515,9333.097993515,9333.105277452,9333.11462484,1,COMPLETED,True,0.14245800230128225,7.283936998646823,9.34738800060586,16.773783001553966
2292,9333.10841966339,9333.108531301,9333.108531301,9333.109466371,9333.119004351,0,COMPLETED,True,0.11163761155330576,0.9350699983770028,9.537980000459356,10.584687610389665
2293,9333.1085428826,9333.108591567,9333.108591567,9333.114986462,9333.124233954,1,COMPLETED,True,0.048684398279874586,6.394895000994438,9.247492000213242,15.691071399487555
2294,9333.109096833616,9333.109183319,9333.109183319,9333.119367576,9333.128290134,0,COMPLETED,True,0.08648538459965494,10.184257000219077,8.922557999540004,19.193300384358736
2295,9333.109666240083,9333.109783471,9333.109783471,9333.124603241,9333.13363953,1,COMPLETED,True,0.1172309166577179,14.819770000030985,9.036289000505349,23.97328991719405
2296,9333.111279308387,9333.111399587,9333.111399587,9333.128647387,9333.138004731,0,COMPLETED,True,0.12027861339447554,17.247800000404823,9.357343998999568,26.725422612798866
2297,9333.117309932946,9333.117411766,9333.117411766,9333.134004616,9333.142990882,1,COMPLETED,True,0.10183305312239099,16.592850000961334,8.986265998828458,25.680949052912183
2298,9333.122913919908,9333.123015507,9333.123015507,9333.138368445,9333.147562251,0,COMPLETED,True,0.10158709301322233,15.352937998613925,9.193806001349003,24.64833109297615
2299,9333.12462176018,9333.124733026,9333.124733026,9333.143347279,9333.15243154,1,COMPLETED,True,0.111265819214168,18.614253000123426,9.084261000680272,27.809779820017866
2300,9333.138060510144,9333.138217025,9333.138217025,9333.147953197,9333.156962454,0,COMPLETED,True,0.15651485591661185,9.73617199997534,9.009257000798243,18.901943856690195
2301,9333.140206449465,9333.140430813,9333.140430813,9333.152792805,9333.161560153,1,COMPLETED,True,0.22436353538068943,12.361991999569,8.767347999310005,21.353703534259694
2302,9333.17151719154,9333.171609269,9333.171609269,9333.172308825,9333.181222564,0,COMPLETED,True,0.09207746006723028,0.6995559997449163,8.91373900049075,9.705372460302897
2303,9333.180944664824,9333.181101464,9333.181101464,9333.181843489,9333.190958015,1,COMPLETED,True,0.1567991766933119,0.7420249985443661,9.114526001212653,10.01335017645033
2304,9333.184125950027,9333.184272799,9333.184272799,9333.184937482,9333.197293238,0,COMPLETED,True,0.1468489735998446,0.6646829988312675,12.35575600003358,13.167287972464692
2305,9333.186697815736,9333.186851115,9333.186851115,9333.191334315,9333.200614078,1,COMPLETED,True,0.15329926463891752,4.48320000032254,9.279762998630758,13.916262263592216
2306,9333.20787250697,9333.207967769,9333.207967769,9333.208422003,9333.217517376,0,COMPLETED,True,0.09526203029963654,0.4542339993349742,9.09537300140073,9.644869031035341
2307,9333.218617011229,9333.218777136,9333.218777136,9333.219184681,9333.228426785,1,COMPLETED,True,0.16012477135518566,0.40754499968898017,9.24210399898584,9.809773770030006
2308,9333.222488858239,9333.222589425,9333.222589425,9333.223075124,9333.2351485,0,COMPLETED,True,0.10056676183012314,0.4856989999098005,12.073375999534619,12.659641761274543
2309,9333.231941446627,9333.232025221,9333.232025221,9333.232402888,9333.241319942,1,COMPLETED,True,0.08377437188755721,0.37766700006613974,8.917054001358338,9.378495373312035
2310,9333.232418604315,9333.232509654,9333.232509654,9333.235332271,9333.246257122,0,COMPLETED,True,0.09104968557949178,2.8226169997651596,10.924850999799673,13.838517685144325
2311,9333.233702182952,9333.233787367,9333.233787367,9333.241686168,9333.250887439,1,COMPLETED,True,0.08518404865753837,7.898800999100786,9.201271001074929,17.185256048833253
2312,9333.264192589011,9333.264305577,9333.264305577,9333.265020698,9333.273775461,0,COMPLETED,True,0.11298798926873133,0.7151209993025986,8.754763000979437,9.582871989550767
2313,9333.273671701247,9333.273801687,9333.273801687,9333.274575332,9333.285763553,1,COMPLETED,True,0.129985754028894,0.7736449988442473,11.188221000338672,12.091851753211813
2314,9333.286587740307,9333.28665396,9333.28665396,9333.287250052,9333.296553889,0,COMPLETED,True,0.0662196925986791,0.5960920007055392,9.303836999606574,9.966148692910792
2315,9333.289859806742,9333.289972648,9333.289972648,9333.290593461,9333.300444647,1,COMPLETED,True,0.11284125685051549,0.6208130016602809,9.851185999650625,10.584840258161421
2316,9333.301460600462,9333.301575896,9333.301575896,9333.302268316,9333.311355658,0,COMPLETED,True,0.11529553739819676,0.6924200006324099,9.08734199947503,9.895057537505636
2317,9333.301552720288,9333.301648674,9333.301648674,9333.302459062,9333.314704484,1,COMPLETED,True,0.09595371193427127,0.8103880009002751,12.245421999978134,13.15176371281268
2318,9333.323792991094,9333.323902784,9333.323902784,9333.324376887,9333.33335965,0,COMPLETED,True,0.10979290709656198,0.47410299885086715,8.982762999949045,9.566658905896475
2319,9333.33194982293,9333.332146797,9333.332146797,9333.332761982,9333.342780923,1,COMPLETED,True,0.19697406969498843,0.6151849993329961,10.018941000453196,10.831100069481181
2320,9333.33284218415,9333.333042213,9333.333042213,9333.333755042,9333.343798108,0,COMPLETED,True,0.20002884957648348,0.7128289998945547,10.04306600043492,10.955923849905957
2321,9333.342725531813,9333.342831269,9333.342831269,9333.343686591,9333.352990325,1,COMPLETED,True,0.10573718645900954,0.8553220013709506,9.303733999331598,10.264793187161558
2322,9333.360470191437,9333.360566502,9333.360566502,9333.361033802,9333.370861543,0,COMPLETED,True,0.0963105630944483,0.4673000003094785,9.827740999753587,10.391351563157514
2323,9333.361136496655,9333.36128386,9333.36128386,9333.361607283,9333.370608702,1,COMPLETED,True,0.1473633456043899,0.3234229989175219,9.001419000924216,9.472205345446127
2324,9333.362600895865,9333.362692655,9333.362692655,9333.370772001,9333.380234255,1,COMPLETED,True,0.09175913510262035,8.079346000158694,9.462254000027315,17.63335913528863
2325,9333.369868253027,9333.369973752,9333.369973752,9333.371228118,9333.380221921,0,COMPLETED,True,0.10549897342571057,1.2543659995571943,8.993802999611944,10.353667972594849
2326,9333.372197249613,9333.372373464,9333.372373464,9333.38061081,9333.38997752,0,COMPLETED,True,0.17621438746573403,8.237345999077661,9.366710000904277,17.780270387447672
2327,9333.380189208812,9333.380289779,9333.380289779,9333.380642945,9333.38977535,1,COMPLETED,True,0.10057018698717002,0.3531660004227888,9.132405000855215,9.586141188265174
2328,9333.380273917068,9333.380352858,9333.380352858,9333.389974805,9333.399359633,1,COMPLETED,True,0.07894093141658232,9.62194700150576,9.38482799938356,19.085715932305902
2329,9333.396752672554,9333.396969627,9333.396969627,9333.397495174,9333.40629808,0,COMPLETED,True,0.21695444593206048,0.5255470005067764,8.802906000710209,9.545407447149046
2330,9333.406428005086,9333.406590265,9333.406590265,9333.40727454,9333.416572085,1,COMPLETED,True,0.1622599138499936,0.684275000821799,9.297544998844387,10.14407991351618
2331,9333.411634053298,9333.411795219,9333.411795219,9333.412427233,9333.421296895,0,COMPLETED,True,0.16116570259328,0.6320139982562978,8.86966200050665,9.662841701356228
2332,9333.427457998505,9333.42762074,9333.42762074,9333.428071496,9333.436781799,1,COMPLETED,True,0.16274149493256118,0.45075600064592436,8.710303000043496,9.323800495621981
2333,9333.432905642438,9333.433056982,9333.433056982,9333.433656379,9333.442596668,0,COMPLETED,True,0.15133956185309216,0.5993970007693861,8.940288998928736,9.691025561551214
2334,9333.433173766061,9333.4334962,9333.4334962,9333.437140113,9333.446296356,1,COMPLETED,True,0.3224339379812591,3.6439129999052966,9.156243000688846,13.122589938575402
2335,9333.450425766536,9333.450518336,9333.450518336,9333.451108136,9333.463926114,0,COMPLETED,True,0.09256946395908017,0.5897999999433523,12.817978000384755,13.500347464287188
2336,9333.451919089259,9333.452019442,9333.452019442,9333.452462548,9333.464696862,1,COMPLETED,True,0.10035274135589134,0.443106000602711,12.234313999215374,12.777772741173976
2337,9333.459194578218,9333.459284679,9333.459284679,9333.464465246,9333.475923359,0,COMPLETED,True,0.09010078247229103,5.180566999115399,11.45811300011701,16.7287807817047
2338,9333.460450421619,9333.460536864,9333.460536864,9333.465140433,9333.477223266,1,COMPLETED,True,0.08644238187116571,4.603568999300478,12.08283300002222,16.772844381193863
2339,9333.47508515665,9333.475184204,9333.475184204,9333.476329515,9333.487877457,0,COMPLETED,True,0.09904735088639427,1.1453110000729794,11.54794200010656,12.792300351065933
2340,9333.476414099678,9333.47649823,9333.47649823,9333.477671822,9333.490478488,1,COMPLETED,True,0.08413032264797948,1.1735919997590827,12.806665999960387,14.06438832236745
2341,9333.479716523478,9333.479800833,9333.479800833,9333.488236705,9333.499489097,0,COMPLETED,True,0.0843095222080592,8.435871999608935,11.252391999732936,19.77257352154993
2342,9333.481355449572,9333.481442961,9333.481442961,9333.490925463,9333.503614333,1,COMPLETED,True,0.08751142740948126,9.482502000537352,12.688869999692542,22.258883427639375
2343,9333.481476290372,9333.481483526,9333.481483526,9333.499798882,9333.510614347,0,COMPLETED,True,0.007235628800117411,18.31535599922063,10.815465000632685,29.13805662865343
2344,9333.490185856897,9333.490300822,9333.490300822,9333.504121044,9333.516753856,1,COMPLETED,True,0.11496510342112742,13.820221998685156,12.632812000447302,26.567999102553586
2345,9333.503971260372,9333.504457089,9333.504457089,9333.510949569,9333.521972601,0,COMPLETED,True,0.48582862837065477,6.492479998996714,11.023032000593957,18.001340627961326
2346,9333.504215319144,9333.504594252,9333.504594252,9333.517197815,9333.529707721,1,COMPLETED,True,0.37893285480095074,12.60356300008425,12.509906000559567,25.49240185544477
2347,9333.506023510374,9333.506323718,9333.506323718,9333.522292064,9333.533290875,0,COMPLETED,True,0.3002076264237985,15.968346000590827,10.998810999808484,27.26736462682311
2348,9333.506484695277,9333.506961778,9333.506961778,9333.529906232,9333.542584882,1,COMPLETED,True,0.4770827217726037,22.94445400002587,12.678650000452762,36.10018672225124
2349,9333.512537500881,9333.512689944,9333.512689944,9333.533657889,9333.544216695,0,COMPLETED,True,0.1524431190773612,20.96794499993848,10.558805999608012,31.679194118623855
2350,9333.513285648269,9333.513416973,9333.513416973,9333.543086141,9333.555332919,1,COMPLETED,True,0.13132473213772755,29.669167999600177,12.246778000189806,42.04727073192771
2351,9333.514561532606,9333.514691241,9333.514691241,9333.544570064,9333.555704493,0,COMPLETED,True,0.12970839452464134,29.878822999307886,11.134428999866941,41.14296039369947
2352,9333.526835037155,9333.52700379,9333.52700379,9333.555759639,9333.568640001,1,COMPLETED,True,0.16875284563866444,28.75584899993555,12.880361999123124,41.80496384469734
2353,9333.529980125939,9333.530114799,9333.530114799,9333.556086655,9333.567296528,0,COMPLETED,True,0.13467306052916683,25.971856000978732,11.209872998733772,37.31640206024167
2354,9333.539415583826,9333.539625503,9333.539625503,9333.567466691,9333.578406617,0,COMPLETED,True,0.20991917335777543,27.841188000820694,10.939925999991829,38.9910331741703
2355,9333.553147635159,9333.55332829,9333.55332829,9333.569125136,9333.581652997,1,COMPLETED,True,0.18065484073304106,15.796846000739606,12.5278609993984,28.505361840871046
2356,9333.55358074909,9333.55411277,9333.55411277,9333.578736185,9333.589884344,0,COMPLETED,True,0.5320209093042649,24.62341499995091,11.148159001095337,36.30359491035051
2357,9333.56188118503,9333.562036576,9333.562036576,9333.582121694,9333.594160735,1,COMPLETED,True,0.1553909696667688,20.085117999769864,12.039040999297868,32.2795499687345
2358,9333.568299232427,9333.568538956,9333.568538956,9333.590205696,9333.602297847,0,COMPLETED,True,0.2397235730313696,21.666740000000573,12.09215099879657,33.99861457182851
2359,9333.5723685826,9333.572542412,9333.572542412,9333.594637166,9333.60796437,1,COMPLETED,True,0.17382939950039145,22.094754000136163,13.327204000233905,35.59578739987046
2360,9333.594405339636,9333.594843137,9333.594843137,9333.602588207,9333.613580382,0,COMPLETED,True,0.437797363701975,7.745070000964915,10.992174999046256,19.175042363713146
2361,9333.596125507673,9333.59629336,9333.59629336,9333.608465831,9333.620687358,1,COMPLETED,True,0.167852327649598,12.17247099884844,12.221527000292554,24.56185032679059
2362,9333.601363273428,9333.601451893,9333.601451893,9333.613919726,9333.624767889,0,COMPLETED,True,0.08861957212502602,12.467832999391248,10.848162999536726,23.404615571053
2363,9333.601783944965,9333.601891497,9333.601891497,9333.621168548,9333.633662914,1,COMPLETED,True,0.10755203584267292,19.277050998425693,12.494366001192247,31.878969035460614
2364,9333.602827689714,9333.602921046,9333.602921046,9333.62509402,9333.636135794,0,COMPLETED,True,0.09335628601547796,22.1729740005685,11.041773999750149,33.30810428633413
2365,9333.611386613933,9333.61147279,9333.61147279,9333.634186855,9333.64631895,1,COMPLETED,True,0.08617606727057137,22.714065000400296,12.132094998378307,34.932336066049174
2366,9333.615390387542,9333.615497102,9333.615497102,9333.636436242,9333.647281715,0,COMPLETED,True,0.10671445852494799,20.93914000033692,10.845472999790218,31.891327458652086
2367,9333.61671443256,9333.616816102,9333.616816102,9333.646530519,9333.658999297,1,COMPLETED,True,0.10166944048251025,29.714416999922832,12.468778000766179,42.28486444117152
2368,9333.619468510266,9333.61955523,9333.61955523,9333.647610049,9333.659000907,0,COMPLETED,True,0.08671973409946077,28.054819000317366,11.390858000595472,39.5323967350123
2369,9333.626583327456,9333.626671331,9333.626671331,9333.659372614,9333.668667683,0,COMPLETED,True,0.08800354407867417,32.701283000278636,9.295068999563227,42.08435554392054
2370,9333.627266966876,9333.627356501,9333.627356501,9333.659650708,9333.668927027,1,COMPLETED,True,0.08953412361734081,32.29420699972252,9.27631900049164,41.6600601238315
2371,9333.630328943349,9333.630422391,9333.630422391,9333.668996148,9333.678076895,0,COMPLETED,True,0.09344765021523926,38.5737570013589,9.080746998733957,47.747951650308096
2372,9333.630726817546,9333.630810091,9333.630810091,9333.669077208,9333.678652943,1,COMPLETED,True,0.08327345312864054,38.26711700094165,9.575734999089036,47.92612545315933
2373,9333.635535058474,9333.635644166,9333.635644166,9333.678435013,9333.68741444,0,COMPLETED,True,0.10910752462223172,42.79084700101521,8.979427000667783,51.879381526305224
2374,9333.63669882663,9333.636797213,9333.636797213,9333.679009306,9333.688278347,1,COMPLETED,True,0.09838636833592318,42.2120930015808,9.269040998333367,51.57952036825009
2375,9333.647403832485,9333.647493277,9333.647493277,9333.687795394,9333.696904592,0,COMPLETED,True,0.08944451474235393,40.30211700046493,9.109197999350727,49.50075951455801
2376,9333.647669974944,9333.647957097,9333.647957097,9333.688597143,9333.697343067,1,COMPLETED,True,0.2871220567612909,40.6400459996803,8.745924000322702,49.67309205676429
2377,9333.648871328262,9333.648964913,9333.648964913,9333.697236712,9333.706306238,0,COMPLETED,True,0.0935847383516375,48.271798999849125,9.069526000530459,57.43490973873122
2378,9333.665716450536,9333.665892011,9333.665892011,9333.697681294,9333.706736824,1,COMPLETED,True,0.1755604644131381,31.789282998943236,9.055530001205625,41.020373464562
2379,9333.667777232697,9333.667884412,9333.667884412,9333.706674638,9333.715916564,0,COMPLETED,True,0.10717930308601353,38.79022600085591,9.241925999958767,48.13933130390069
2380,9333.674778668124,9333.674882386,9333.674882386,9333.70708558,9333.71600018,1,COMPLETED,True,0.10371787539042998,32.20319399952132,8.914600000935025,41.22151187584677
2381,9333.677053613974,9333.677140723,9333.677140723,9333.716306304,9333.725662552,0,COMPLETED,True,0.08710902693565004,39.165580999906524,9.35624799967627,48.608938026518445
2382,9333.683053922701,9333.683177704,9333.683177704,9333.716339394,9333.725664777,1,COMPLETED,True,0.12378129940771032,33.16169000027003,9.325382998213172,42.61085429789091
2383,9333.692935906682,9333.69306282,9333.69306282,9333.726078623,9333.735378033,0,COMPLETED,True,0.12691331903624814,33.01580299921625,9.299409999584896,42.44212631783739
2384,9333.693808834678,9333.693960975,9333.693960975,9333.726103829,9333.734956758,1,COMPLETED,True,0.15214032282528933,32.14285399917571,8.85292900056811,41.14792332256911
2385,9333.696894772425,9333.697031633,9333.697031633,9333.73511446,9333.744793463,1,COMPLETED,True,0.13686057536688168,38.082826999016106,9.679003000201192,47.89869057458418
2386,9333.700016592256,9333.700234939,9333.700234939,9333.735729113,9333.744962358,0,COMPLETED,True,0.21834674407728016,35.494173998813494,9.233245000359602,44.94576574325038
2387,9333.713176507012,9333.713346237,9333.713346237,9333.745138484,9333.754400374,1,COMPLETED,True,0.16972998855635524,31.792247000339557,9.261889999834239,41.22386698873015
2388,9333.716108578143,9333.716291332,9333.716291332,9333.745311633,9333.754676295,0,COMPLETED,True,0.18275385809829459,29.020300999036408,9.364662000734825,38.56771685786953
2389,9333.728996743934,9333.72916024,9333.72916024,9333.754754643,9333.763799387,1,COMPLETED,True,0.1634960663068341,25.59440299955895,9.04474399976607,34.802643065631855
2390,9333.73788185128,9333.738047552,9333.738047552,9333.754971368,9333.764131067,0,COMPLETED,True,0.16570071966270916,16.923815999689396,9.15969900052005,26.249215719872154
2391,9333.739227162516,9333.739364906,9333.739364906,9333.764196708,9333.773406315,1,COMPLETED,True,0.13774348371953238,24.8318020003353,9.20960700022988,34.179152484284714
2392,9333.749346281147,9333.749619842,9333.749619842,9333.76446669,9333.773821725,0,COMPLETED,True,0.2735608522925759,14.846848000161117,9.355035001135548,24.47544385358924
2393,9333.751228197194,9333.751482967,9333.751482967,9333.773764823,9333.783068164,1,COMPLETED,True,0.25476980590610765,22.281855999608524,9.303341001213994,31.839966806728626
2394,9333.75134234769,9333.751614362,9333.751614362,9333.774161756,9333.783460032,0,COMPLETED,True,0.2720143093029037,22.547394000866916,9.298275999753969,32.11768430992379
2395,9333.776996663766,9333.777201353,9333.777201353,9333.783227976,9333.792575453,1,COMPLETED,True,0.20468923321459442,6.026623001162079,9.347477000119397,15.578789234496071
2396,9333.788029596033,9333.788101943,9333.788101943,9333.788558,9333.797595252,0,COMPLETED,True,0.07234696749947034,0.4560569996101549,9.037251998961437,9.565655966071063
2397,9333.789681597615,9333.789966799,9333.789966799,9333.792905784,9333.801998482,1,COMPLETED,True,0.2852013858500868,2.9389849987637717,9.092698001040844,12.316884385654703
2398,9333.79482133879,9333.794910356,9333.794910356,9333.797962653,9333.807300334,0,COMPLETED,True,0.08901721048459876,3.0522969991579885,9.337681000033626,12.478995209676214
2399,9333.795108877255,9333.795200743,9333.795200743,9333.802339036,9333.811612285,1,COMPLETED,True,0.09186574425257277,7.138293000025442,9.273249001125805,16.50340774540382
2400,9333.79579685709,9333.795882639,9333.795882639,9333.807505529,9333.817022823,0,COMPLETED,True,0.08578191045671701,11.62288999876182,9.517294000033871,21.22596590925241
2401,9333.797150387496,9333.797236637,9333.797236637,9333.811985057,9333.820967883,1,COMPLETED,True,0.08624950351077132,14.748420000614715,8.982826000647037,23.817495504772523
2402,9333.818322485798,9333.818582665,9333.818582665,9333.819363922,9333.832426466,0,COMPLETED,True,0.2601792020868743,0.7812570001988206,13.062543999694753,14.103980201980448
2403,9333.822553305463,9333.822673128,9333.822673128,9333.823013725,9333.831942521,1,COMPLETED,True,0.11982253636233509,0.34059700010402594,8.928795999963768,9.389215536430129
2404,9333.826386854109,9333.826507525,9333.826507525,9333.83234223,9333.841227246,1,COMPLETED,True,0.12067089119227603,5.834704999870155,8.885015999112511,14.840391890174942
2405,9333.831463451563,9333.831554743,9333.831554743,9333.832917461,9333.844705049,0,COMPLETED,True,0.09129143654718064,1.362718001473695,11.787587998696836,13.241597436717711
2406,9333.839436986058,9333.839533211,9333.839533211,9333.84158731,9333.850545971,1,COMPLETED,True,0.09622494144423399,2.054099000815768,8.958660999269341,11.108984941529343
2407,9333.870741700928,9333.870862947,9333.870862947,9333.871544764,9333.891080567,0,COMPLETED,True,0.12124607201258186,0.6818170004407875,19.535802999598673,20.338866072052042
2408,9333.88796023086,9333.888062482,9333.888062482,9333.888588415,9333.90102965,1,COMPLETED,True,0.10225113874184899,0.5259330009721452,12.441234999641893,13.069419139355887
2409,9333.901014704457,9333.90112103,9333.90112103,9333.901701447,9333.91403432,0,COMPLETED,True,0.10632554221956525,0.5804169995826669,12.33287300055963,13.019615542361862
2410,9333.90328270044,9333.903333576,9333.903333576,9333.903899146,9333.914497202,1,COMPLETED,True,0.05087556019134354,0.5655700006172992,10.598056000162615,11.214501560971257
2411,9333.907578909273,9333.907667671,9333.907667671,9333.914542743,9333.92553823,0,COMPLETED,True,0.08876172614691313,6.875072000184446,10.995487000400317,17.959320726731676
2412,9333.90993742112,9333.910020916,9333.910020916,9333.914884756,9333.924288054,1,COMPLETED,True,0.08349488052772358,4.863840000325581,9.403297999597271,14.350632880450576
2413,9333.910183226026,9333.910274104,9333.910274104,9333.924638993,9333.933563685,1,COMPLETED,True,0.09087797479878645,14.364888998898095,8.924691999709466,23.38045897340635
2414,9333.92005012068,9333.920146221,9333.920146221,9333.925914317,9333.935158284,0,COMPLETED,True,0.09610032066120766,5.768095999883371,9.243967000656994,15.108163321201573
2415,9333.922111074251,9333.922198482,9333.922198482,9333.933942379,9333.943074571,1,COMPLETED,True,0.08740774865145795,11.743897000997094,9.132191999015049,20.9634967486636
2416,9333.926225294286,9333.92631739,9333.92631739,9333.935526882,9333.944681362,0,COMPLETED,True,0.09209571362589486,9.20949200008181,9.154479999779142,18.456067713486846
2417,9333.934611712635,9333.934724153,9333.934724153,9333.943465361,9333.952541249,1,COMPLETED,True,0.11244036431889981,8.741208001083578,9.075887999642873,17.92953636504535
2418,9333.944620856208,9333.944743747,9333.944743747,9333.945449979,9333.954836825,0,COMPLETED,True,0.12289079313632101,0.7062320000841282,9.38684599896078,10.21596879218123
2419,9333.952417814786,9333.952583517,9333.952583517,9333.95310853,9333.962146454,1,COMPLETED,True,0.16570221487199888,0.5250129997875774,9.037923999130726,9.728639213790302
2420,9333.955072922408,9333.955355446,9333.955355446,9333.95604164,9333.968367444,0,COMPLETED,True,0.28252359152247664,0.6861940000817413,12.325804000283824,13.294521591888042
2421,9333.957630307856,9333.957760587,9333.957760587,9333.962502204,9333.971472241,1,COMPLETED,True,0.13027914428676013,4.741617000036058,8.970037000835873,13.841933145158691
2422,9333.96677901865,9333.966849044,9333.966849044,9333.96885015,9333.980472453,0,COMPLETED,True,0.07002534948696848,2.0011060005344916,11.62230299996736,13.69343434998882
2423,9333.970482305816,9333.970684794,9333.970684794,9333.971824374,9333.980645673,1,COMPLETED,True,0.2024881832767278,1.1395800011086976,8.821298999464489,10.163367183849914
2424,9333.977843210494,9333.977990821,9333.977990821,9333.980903119,9333.989860504,0,COMPLETED,True,0.1476105062465649,2.912297999500879,8.957385000030627,12.01729350577807
2425,9333.986371487463,9333.986548632,9333.986548632,9333.986944477,9333.996223508,1,COMPLETED,True,0.17714453679218423,0.3958449997298885,9.279031000914983,9.852020537437056
2426,9333.986801029867,9333.986942003,9333.986942003,9333.990266786,9333.999474587,0,COMPLETED,True,0.1409731339663267,3.3247829996980727,9.207801000229665,12.673557133894064
2427,9333.988782054661,9333.988937219,9333.988937219,9333.996573468,9334.00540924,1,COMPLETED,True,0.1551643381390022,7.636249001734541,8.835771999656572,16.627185339530115
2428,9334.00296725561,9334.003083229,9334.003083229,9334.003635531,9334.01263402,0,COMPLETED,True,0.11597338925639633,0.5523020008695312,8.998489000077825,9.666764390203753
2429,9334.006086330726,9334.006213086,9334.006213086,9334.006661883,9334.015632797,1,COMPLETED,True,0.12675527432293165,0.44879699999000877,8.970913999291952,9.546466273604892
2430,9334.009702800438,9334.009850576,9334.009850576,9334.012984311,9334.022081408,0,COMPLETED,True,0.14777556134504266,3.133735001028981,9.097096999539644,12.378607561913668
2431,9334.009757867698,9334.009964312,9334.009964312,9334.015978358,9334.02524291,1,COMPLETED,True,0.20644430151151028,6.0140460009279195,9.264551999876858,15.485042302316288
2432,9334.012545337899,9334.012748725,9334.012748725,9334.022429807,9334.031309453,0,COMPLETED,True,0.2033871005551191,9.681082001407049,8.879645998604246,18.764115100566414
2433,9334.022365832618,9334.022543261,9334.022543261,9334.025609493,9334.034509346,1,COMPLETED,True,0.17742838281264994,3.0662319986731745,8.899853000912117,12.143513382397941
2434,9334.02258407537,9334.022658347,9334.022658347,9334.03166264,9334.040907014,0,COMPLETED,True,0.07427162927342579,9.00429300054384,9.244373999536037,18.322938629353303
2435,9334.023616319546,9334.023743036,9334.023743036,9334.034895815,9334.043902915,1,COMPLETED,True,0.12671645345108118,11.1527790013497,9.007099999507773,20.286595454308554
2436,9334.023921859163,9334.024043069,9334.024043069,9334.041277082,9334.05033155,0,COMPLETED,True,0.12120983592467383,17.234013001143467,9.05446799879428,26.40969083586242
2437,9334.027000968932,9334.027133322,9334.027133322,9334.044302401,9334.053226744,1,COMPLETED,True,0.13235306869319174,17.169078999359044,8.924342999307555,26.22577506735979
2438,9334.030707804846,9334.030884417,9334.030884417,9334.050703665,9334.059964958,0,COMPLETED,True,0.17661215315456502,19.819248000203515,9.261293000236037,29.257153153594118
2439,9334.031279741213,9334.03141933,9334.03141933,9334.053575312,9334.062922798,1,COMPLETED,True,0.13958878662378993,22.15598200018576,9.347486000478966,31.643056787288515
2440,9334.032920137994,9334.033067713,9334.033067713,9334.060325652,9334.069597405,0,COMPLETED,True,0.1475750068493653,27.25793900026474,9.27175299875671,36.67726700587082
2441,9334.042858648405,9334.043007577,9334.043007577,9334.063083056,9334.072618397,1,COMPLETED,True,0.14892859508108813,20.07547900029749,9.535340999718755,29.759748595097335
2442,9334.05018626648,9334.050350274,9334.050350274,9334.069944966,9334.079626209,0,COMPLETED,True,0.1640075188333867,19.594692001192016,9.681243000159157,29.43994252018456
2443,9334.051016185322,9334.051311527,9334.051311527,9334.072978872,9334.081973454,1,COMPLETED,True,0.29534167879319284,21.66734499951417,8.994582000013907,30.95726867832127
2444,9334.056478120418,9334.056660714,9334.056660714,9334.079782729,9334.088852952,0,COMPLETED,True,0.18259358330396935,23.122014999898965,9.07022299907112,32.374831582274055
2445,9334.060537723386,9334.060702069,9334.060702069,9334.082324393,9334.091205815,1,COMPLETED,True,0.16434561439382378,21.622324000418303,8.881421999831218,30.668091614643345
2446,9334.065454300944,9334.065601249,9334.065601249,9334.089217074,9334.09839269,0,COMPLETED,True,0.14694805577164516,23.615825000888435,9.17561599999317,32.93838905665325
2447,9334.076725727875,9334.076758903,9334.076758903,9334.091538613,9334.10045713,1,COMPLETED,True,0.0331751252815593,14.779709999857005,8.918516999983694,23.73140212512226
2448,9334.088790695394,9334.088906692,9334.088906692,9334.098546343,9334.108309515,0,COMPLETED,True,0.11599660683714319,9.639650999815785,9.763172000020859,19.518819606673787
2449,9334.094147053142,9334.094241993,9334.094241993,9334.100803632,9334.109958298,1,COMPLETED,True,0.09493985817243811,6.561639000210562,9.154666000540601,15.811244858923601
2450,9334.107430889899,9334.107528151,9334.107528151,9334.108629507,9334.117657518,0,COMPLETED,True,0.09726110147312284,1.1013559997081757,9.02801099982753,10.226628101008828
2451,9334.108172520873,9334.108264616,9334.108264616,9334.110116732,9334.119315888,1,COMPLETED,True,0.09209512609231751,1.8521160000091186,9.199156000249786,11.143367126351222
2452,9334.129577378948,9334.129665423,9334.129665423,9334.130079413,9334.139016775,0,COMPLETED,True,0.08804405115370173,0.41399000110686757,8.937361999414861,9.43939605167543
2453,9334.134792715904,9334.134877354,9334.134877354,9334.135167181,9334.144200611,1,COMPLETED,True,0.08463809535896871,0.2898270013247384,9.033429998453357,9.407895095137064
2454,9334.135976753225,9334.136104859,9334.136104859,9334.139318183,9334.148562765,0,COMPLETED,True,0.12810577572963666,3.2133240001712693,9.244581999155344,12.58601177505625
2455,9334.13695569296,9334.13704404,9334.13704404,9334.144561796,9334.153478447,1,COMPLETED,True,0.08834704021865036,7.517755999288056,8.916651000618003,16.52275404012471
2456,9334.141347685352,9334.141436882,9334.141436882,9334.148904355,9334.158237198,0,COMPLETED,True,0.08919664833229035,7.46747299854178,9.332843001175206,16.889512648049276
2457,9334.145368470245,9334.145463769,9334.145463769,9334.153838382,9334.162738502,1,COMPLETED,True,0.09529875569569413,8.374613000341924,8.900119999452727,17.370031755490345
2458,9334.167867731643,9334.167962783,9334.167962783,9334.168440119,9334.178977478,0,COMPLETED,True,0.09505135676590726,0.4773359996761428,10.537359001318691,11.109746357760741
2459,9334.176203990952,9334.176342629,9334.176342629,9334.176750612,9334.186315123,1,COMPLETED,True,0.138638048156281,0.4079829996044282,9.564511001372011,10.11113204913272
2460,9334.196007844872,9334.196160957,9334.196160957,9334.196585449,9334.205933768,0,COMPLETED,True,0.15311212882807013,0.4244920000928687,9.348318999400362,9.925923128321301
2461,9334.198234825448,9334.198478093,9334.198478093,9334.198967454,9334.20903386,1,COMPLETED,True,0.24326755192305427,0.4893610002909554,10.066405999168637,10.799034551382647
2462,9334.202631374961,9334.202811618,9334.202811618,9334.206364181,9334.215800806,0,COMPLETED,True,0.1802430397219723,3.5525629991752794,9.43662499958009,13.169431038477342
2463,9334.209024071186,9334.209183152,9334.209183152,9334.209640061,9334.218683925,1,COMPLETED,True,0.1590808133187238,0.45690900151384994,9.043863999977475,9.659853814810049
2464,9334.212423227762,9334.212582889,9334.212582889,9334.215949291,9334.225584751,0,COMPLETED,True,0.15966123828548007,3.3664019993011607,9.635460000936291,13.161523238522932
2465,9334.236208974373,9334.236362847,9334.236362847,9334.236844423,9334.245980368,1,COMPLETED,True,0.1538726264698198,0.4815760003111791,9.135944999798085,9.771393626579084
2466,9334.237188058463,9334.237325949,9334.237325949,9334.2378283,9334.250539954,0,COMPLETED,True,0.13789053627988324,0.5023510002502007,12.711654000668204,13.351895537198288
2467,9334.240357240698,9334.240519558,9334.240519558,9334.246352054,9334.2554907,1,COMPLETED,True,0.16231730114668608,5.832496000948595,9.138645998973516,15.133459301068797
2468,9334.242763001956,9334.242914362,9334.242914362,9334.251092234,9334.26209133,0,COMPLETED,True,0.1513600436737761,8.17787200139719,10.999095999068231,19.328328044139198
2469,9334.243870461318,9334.244084389,9334.244084389,9334.255646652,9334.264866538,1,COMPLETED,True,0.21392768212535884,11.562263000087114,9.219886000209954,20.996076682422427
2470,9334.25706005314,9334.257216926,9334.257216926,9334.262457686,9334.271803785,0,COMPLETED,True,0.15687286031607073,5.240759999651345,9.346099001049879,14.743731861017295
2471,9334.267519457062,9334.267775154,9334.267775154,9334.268177583,9334.277166963,1,COMPLETED,True,0.25569693752913736,0.40242900104203727,8.989379999547964,9.647505938119139
2472,9334.279226274268,9334.279388292,9334.279388292,9334.279971598,9334.289078653,0,COMPLETED,True,0.1620177317818161,0.5833060004079016,9.107055000640685,9.852378732830402
2473,9334.286603990096,9334.28670376,9334.28670376,9334.287251794,9334.296413672,1,COMPLETED,True,0.09976990440918598,0.5480339987116167,9.161878000668366,9.80968190378917
2474,9334.293838211262,9334.294002183,9334.294002183,9334.294573977,9334.307195083,0,COMPLETED,True,0.16397173749282956,0.571794000279624,12.621105999642168,13.356871737414622
2475,9334.301499292074,9334.301738532,9334.301738532,9334.302192115,9334.311293994,1,COMPLETED,True,0.2392399255768396,0.4535829993983498,9.101879000809276,9.794701925784466
2476,9334.314658775851,9334.3148446,9334.3148446,9334.315671704,9334.325082586,0,COMPLETED,True,0.18582414850243367,0.8271040005638497,9.410881999428966,10.42381014849525
2477,9334.315076123641,9334.315441642,9334.315441642,9334.315690869,9334.324713868,1,COMPLETED,True,0.3655183591035893,0.24922699958551675,9.022999000080745,9.63774435876985
2478,9334.31661027271,9334.316755991,9334.316755991,9334.325066243,9334.334410146,1,COMPLETED,True,0.1457182897866005,8.310252000228502,9.343903000626597,17.7998732906417
2479,9334.32181925789,9334.321979862,9334.321979862,9334.325469025,9334.334342023,0,COMPLETED,True,0.16060410962381866,3.489163000267581,8.872997999787913,12.522765109679312
2480,9334.32580547375,9334.325970213,9334.325970213,9334.334718774,9334.343732677,0,COMPLETED,True,0.16473924915771931,8.74856100017496,9.01390299986815,17.92720324920083
2481,9334.32710663923,9334.327245819,9334.327245819,9334.334735926,9334.343744595,1,COMPLETED,True,0.139179770485498,7.490107000194257,9.008668999740621,16.637955770420376
2482,9334.32874061939,9334.328994836,9334.328994836,9334.3439026,9334.353239704,1,COMPLETED,True,0.2542166093917331,14.907763999872259,9.337104000223917,24.49908460948791
2483,9334.33057046625,9334.330830212,9334.330830212,9334.344097899,9334.353259312,0,COMPLETED,True,0.25974574964493513,13.267686999824946,9.161412999674212,22.688845749144093
2484,9334.332808977619,9334.333057735,9334.333057735,9334.353636829,9334.3627067,1,COMPLETED,True,0.2487573819962563,20.57909399991331,9.069870999155683,29.89772238106525
2485,9334.371034199752,9334.371184416,9334.371184416,9334.372113225,9334.384469805,0,COMPLETED,True,0.15021624858491123,0.9288089986512205,12.356580000414397,13.435605247650528
2486,9334.37236578457,9334.372573339,9334.372573339,9334.373002089,9334.381896208,1,COMPLETED,True,0.2075544307444943,0.42874999962805305,8.89411900061532,9.530423430987867
2487,9334.372649205194,9334.372680712,9334.372680712,9334.382253926,9334.391238761,1,COMPLETED,True,0.03150680640828796,9.573213999829022,8.984834999864688,18.589555806102
2488,9334.380782473401,9334.380943969,9334.380943969,9334.384702591,9334.396838826,0,COMPLETED,True,0.16149559814948589,3.758622000532341,12.136235000070883,16.05635259875271
2489,9334.392265576644,9334.39236906,9334.39236906,9334.392870562,9334.402067891,1,COMPLETED,True,0.10348335672460962,0.5015019996790215,9.197329000016907,9.802314356420538
2490,9334.39383069368,9334.393924954,9334.393924954,9334.397222352,9334.407559406,0,COMPLETED,True,0.09426032011106145,3.2973979996313574,10.337054000046919,13.728712319789338
2491,9334.395317359678,9334.395411256,9334.395411256,9334.402461658,9334.41160179,1,COMPLETED,True,0.09389632214151789,7.050402000459144,9.14013199871988,16.284430321320542
2492,9334.420149481426,9334.420316812,9334.420316812,9334.420988374,9334.430655699,0,COMPLETED,True,0.16733057418605313,0.6715620002069045,9.667324999099947,10.506217573492904
2493,9334.429731239503,9334.429876541,9334.429876541,9334.430445195,9334.442933844,1,COMPLETED,True,0.14530149746860843,0.5686539989255834,12.488649001170415,13.202604497564607
2494,9334.431150412518,9334.431286895,9334.431286895,9334.431550198,9334.440854387,0,COMPLETED,True,0.13648248204845004,0.2633029998833081,9.304188999522012,9.70397448145377
2495,9334.431166720173,9334.431340797,9334.431340797,9334.44125124,9334.450626346,0,COMPLETED,True,0.17407682753400877,9.91044299917121,9.375106001243694,19.459625827948912
2496,9334.43474952693,9334.434877519,9334.434877519,9334.443410581,9334.453941512,1,COMPLETED,True,0.1279920688830316,8.533062000424252,10.53093100017577,19.191985069483053
2497,9334.436873366783,9334.437001681,9334.437001681,9334.450999881,9334.460521074,0,COMPLETED,True,0.1283142173633678,13.998200000060024,9.521192998363404,23.647707215786795
2498,9334.447708725113,9334.447807507,9334.447807507,9334.454340058,9334.463297952,1,COMPLETED,True,0.09878188757284079,6.532551000418607,8.957893998740474,15.589226886731922
2499,9334.448466770955,9334.448566653,9334.448566653,9334.46088306,9334.470745842,0,COMPLETED,True,0.09988204510591459,12.3164069991617,9.862782000709558,22.279071044977172
2500,9334.450546115144,9334.450675112,9334.450675112,9334.46365218,9334.472634332,1,COMPLETED,True,0.1289968568016775,12.977067999599967,8.982151999589405,22.08821685599105
2501,9334.451929134011,9334.452063996,9334.452063996,9334.471101347,9334.480298237,0,COMPLETED,True,0.13486198804457672,19.037351001315983,9.196889999657287,28.369102989017847
2502,9334.46501231892,9334.465102044,9334.465102044,9334.47298332,9334.482165597,1,COMPLETED,True,0.08972507930593565,7.881276000262005,9.18227700094576,17.1532780805137
2503,9334.465561009947,9334.465645241,9334.465645241,9334.480640978,9334.489809097,0,COMPLETED,True,0.08423105282417964,14.995736999480869,9.168119000605657,24.248087052910705
2504,9334.471655842306,9334.471774794,9334.471774794,9334.482535156,9334.491544835,1,COMPLETED,True,0.1189516933663981,10.760361999928136,9.009679000882898,19.888992694177432
2505,9334.472750241017,9334.472839487,9334.472839487,9334.49013754,9334.499232919,0,COMPLETED,True,0.08924598296289332,17.298053000558866,9.095379000427783,26.482677983949543
2506,9334.475243231114,9334.475353515,9334.475353515,9334.491890148,9334.501412269,1,COMPLETED,True,0.11028388507838827,16.53663300021435,9.522121001282358,26.169037886575097
2507,9334.475304990254,9334.475419659,9334.475419659,9334.499612873,9334.508964362,0,COMPLETED,True,0.11466874639154412,24.193213999751606,9.351488999527646,33.659371745670796
2508,9334.476215061537,9334.476317159,9334.476317159,9334.501751135,9334.510989127,1,COMPLETED,True,0.10209746324107982,25.433975999476388,9.237992000635131,34.7740654633526
2509,9334.477487735865,9334.477580989,9334.477580989,9334.509306781,9334.518360721,0,COMPLETED,True,0.09325313476438168,31.725791999633657,9.053940000740113,40.87298513513815
2510,9334.480342339917,9334.480450501,9334.480450501,9334.511336059,9334.520276316,1,COMPLETED,True,0.10816108260769397,30.885558000591118,8.940256999267149,39.93397608246596
2511,9334.48882543203,9334.488960834,9334.488960834,9334.518703935,9334.528074918,0,COMPLETED,True,0.13540196960093454,29.74310100034927,9.370982999826083,39.24948596977629
2512,9334.491680493613,9334.491781772,9334.491781772,9334.520627901,9334.530111995,1,COMPLETED,True,0.10127838686457835,28.846129000157816,9.484094000072218,38.43150138709461
2513,9334.494430738288,9334.49456708,9334.49456708,9334.528401926,9334.537615258,0,COMPLETED,True,0.13634171227749903,33.83484599908115,9.213331999490038,43.18451971084869
2514,9334.500296943874,9334.500425668,9334.500425668,9334.530472668,9334.539758306,1,COMPLETED,True,0.12872412662545685,30.047000000195112,9.285637999710161,39.46136212653073
2515,9334.501819796802,9334.502086231,9334.502086231,9334.537950847,9334.547197414,0,COMPLETED,True,0.2664341973286355,35.86461600025359,9.246567000445793,45.37761719802802
2516,9334.510059815091,9334.510205382,9334.510205382,9334.540145464,9334.549212432,1,COMPLETED,True,0.1455669080314692,29.940082000393886,9.066968001206988,39.15261690963234
2517,9334.516669681378,9334.516860095,9334.516860095,9334.547548704,9334.557525586,0,COMPLETED,True,0.1904136224766262,30.68860900020809,9.976882000046317,40.85590462273103
2518,9334.520947886003,9334.521148859,9334.521148859,9334.549572501,9334.558810788,1,COMPLETED,True,0.20097299602639396,28.42364200114389,9.23828699887963,37.862901996049914
2519,9334.524828852087,9334.524977676,9334.524977676,9334.55786419,9334.567192132,0,COMPLETED,True,0.14882391224091407,32.886513999983435,9.327942001618794,42.363279913843144
2520,9334.525806904341,9334.525941688,9334.525941688,9334.559188457,9334.568468835,1,COMPLETED,True,0.13478365872288123,33.24676900047052,9.280377998948097,42.6619306581415
2521,9334.541409363334,9334.5414651,9334.5414651,9334.567356515,9334.57690025,0,COMPLETED,True,0.05573666567215696,25.89141499993275,9.543735000988818,35.490886666593724
2522,9334.543427815766,9334.543679926,9334.543679926,9334.568622624,9334.578347418,1,COMPLETED,True,0.2521102342143422,24.942697998994845,9.724794001158443,34.91960223436763
2523,9334.551171571411,9334.551323875,9334.551323875,9334.57724354,9334.586222855,0,COMPLETED,True,0.1523035898571834,25.919664998582448,8.979315000033239,35.05128358847287
2524,9334.565815400814,9334.565965981,9334.565965981,9334.578708666,9334.58784365,1,COMPLETED,True,0.15058018652780447,12.742684999466292,9.13498400041135,22.028249186405446
2525,9334.566353180495,9334.566630401,9334.566630401,9334.586580091,9334.597655357,0,COMPLETED,True,0.27722050435841084,19.949690000430564,11.075266000261763,31.30217650505074
2526,9334.588356360615,9334.588484934,9334.588484934,9334.588989132,9334.601675322,1,COMPLETED,True,0.1285733851545956,0.5041980002715718,12.686189998930786,13.318961384356953
2527,9334.594694516969,9334.594854451,9334.594854451,9334.597969301,9334.607344925,0,COMPLETED,True,0.15993403030734044,3.114850000201841,9.37562400031311,12.650408030822291
2528,9334.614771041797,9334.614859471,9334.614859471,9334.615326301,9334.624479262,1,COMPLETED,True,0.08842920215101913,0.4668300007324433,9.152960999927018,9.70822020281048
2529,9334.62267315668,9334.62278789,9334.62278789,9334.623204064,9334.632061192,0,COMPLETED,True,0.11473332051537,0.41617399983806536,8.857127999363001,9.388035319716437
2530,9334.630119461995,9334.630212767,9334.630212767,9334.630569775,9334.639508437,1,COMPLETED,True,0.0933050050662132,0.3570079989003716,8.938662000218756,9.38897500418534
2531,9334.636896972845,9334.636988941,9334.636988941,9334.637356518,9334.646475053,0,COMPLETED,True,0.0919681551749818,0.36757700036105234,9.118534999288386,9.57808015482442
2532,9334.647879554324,9334.647990123,9334.647990123,9334.648400242,9334.657649199,1,COMPLETED,True,0.11056867515435442,0.4101190006622346,9.248956999726943,9.769644675543532
2533,9334.654047309174,9334.654163428,9334.654163428,9334.654522094,9334.66341901,0,COMPLETED,True,0.11611882655415684,0.35866600046574604,8.896915998775512,9.371700825795415
2534,9334.661841418965,9334.661927387,9334.661927387,9334.662453085,9334.671421471,1,COMPLETED,True,0.08596803490945604,0.5256980002741329,8.968385998741724,9.580052033925313
2535,9334.665268078652,9334.665355207,9334.665355207,9334.665705573,9334.675379432,0,COMPLETED,True,0.0871283482410945,0.3503659991110908,9.67385900003137,10.111353347383556
2536,9334.668299437928,9334.668398157,9334.668398157,9334.671814671,9334.681217181,1,COMPLETED,True,0.09871907241176814,3.4165140004915884,9.40250999883574,12.917743071739096
2537,9334.680632052276,9334.680731965,9334.680731965,9334.681118867,9334.690115317,0,COMPLETED,True,0.09991272418119479,0.38690200017299503,8.996450000267942,9.483264724622131
2538,9334.699335947349,9334.699521552,9334.699521552,9334.700118411,9334.709399087,1,COMPLETED,True,0.1856046510511078,0.5968589994154172,9.280676000344101,10.063139650810626
2539,9334.70412747255,9334.704359268,9334.704359268,9334.705064506,9334.71768317,0,COMPLETED,True,0.23179544950835407,0.7052380005916348,12.61866399909195,13.555697449191939
2540,9334.71217428308,9334.712310851,9334.712310851,9334.71268546,9334.721565346,1,COMPLETED,True,0.1365679199807346,0.374608998754411,8.879886001523118,9.391062920258264
2541,9334.72614022559,9334.726278735,9334.726278735,9334.726906309,9334.739558296,0,COMPLETED,True,0.13850940922566224,0.627574001555331,12.65198699911707,13.418070409898064
2542,9334.734042254708,9334.73418547,9334.73418547,9334.734571756,9334.743732093,1,COMPLETED,True,0.14321529306471348,0.3862859994114842,9.160337000139407,9.689838292615605
2543,9334.735265240504,9334.735420965,9334.735420965,9334.740175887,9334.750587557,0,COMPLETED,True,0.15572449592582416,4.754921999847284,10.411670000394224,15.322316496167332
2544,9334.738558748897,9334.738722085,9334.738722085,9334.744149268,9334.752979464,1,COMPLETED,True,0.16333610255969688,5.427182999483193,8.830196000417345,14.420715102460235
2545,9334.742364750604,9334.742613392,9334.742613392,9334.750994504,9334.760221955,0,COMPLETED,True,0.2486413959559286,8.381112000279245,9.227451000697329,17.857204396932502
2546,9334.769616286325,9334.769709395,9334.769709395,9334.770505304,9334.783432879,1,COMPLETED,True,0.09310867426393088,0.7959090016811388,12.927574998684577,13.816592674629646
2547,9334.782451561394,9334.782540941,9334.782540941,9334.783104599,9334.795590196,0,COMPLETED,True,0.0893796059244778,0.5636580008285819,12.48559699888574,13.1386346056388
2548,9334.785816548536,9334.785925392,9334.785925392,9334.78636434,9334.796129233,1,COMPLETED,True,0.10884346374950837,0.43894800000998657,9.764893000465236,10.31268446422473
2549,9334.787150639067,9334.787241812,9334.787241812,9334.796124517,9334.807721345,0,COMPLETED,True,0.09117293302551843,8.882705000360147,11.596827998801018,20.570705932186684
2550,9334.791350754127,9334.79144298,9334.79144298,9334.796463843,9334.80565356,1,COMPLETED,True,0.09222587323165499,5.0208630000270205,9.189717000481323,14.302805873739999
2551,9334.816112447634,9334.816217597,9334.816217597,9334.816647962,9334.825924264,1,COMPLETED,True,0.10514936548133846,0.43036500028392766,9.276302000216674,9.81181636598194
2552,9334.818740672734,9334.818879545,9334.818879545,9334.819406507,9334.828486996,0,COMPLETED,True,0.13887226668884978,0.5269619996397523,9.080489000552916,9.746323266881518
2553,9334.824476274738,9334.824625259,9334.824625259,9334.826082591,9334.835100899,1,COMPLETED,True,0.14898426161380485,1.4573320004274137,9.018307999212993,10.624624261254212
2554,9334.836044470685,9334.83614193,9334.83614193,9334.836684938,9334.845414787,0,COMPLETED,True,0.09745931492943782,0.5430080000223825,8.729848999792011,9.370316314743832
2555,9334.857124612034,9334.857315187,9334.857315187,9334.8579644,9334.866902548,1,COMPLETED,True,0.1905749668367207,0.6492129996331641,8.938147999288049,9.777935965757933
2556,9334.861554807097,9334.861730737,9334.861730737,9334.862340928,9334.871304762,0,COMPLETED,True,0.17592990297998767,0.610191000305349,8.963833999587223,9.74995490287256
2557,9334.868813266969,9334.868968149,9334.868968149,9334.869520315,9334.88180261,1,COMPLETED,True,0.1548820309835719,0.5521660004887963,12.282294999749865,12.989343031222234
2558,9334.871821266299,9334.871978747,9334.871978747,9334.872431169,9334.881345909,0,COMPLETED,True,0.15748070109111723,0.4524220003077062,8.914739999454468,9.524642700853292
2559,9334.876571141402,9334.876726203,9334.876726203,9334.881685136,9334.89105656,0,COMPLETED,True,0.15506159797951113,4.958933001034893,9.371423999255057,14.485418598269462
2560,9334.878587292491,9334.878845349,9334.878845349,9334.882298218,9334.893518326,1,COMPLETED,True,0.2580565087555442,3.4528690011939034,11.220107999179163,14.93103350912861
2561,9334.885354303262,9334.885443379,9334.885443379,9334.891412467,9334.900699269,0,COMPLETED,True,0.08907573828764725,5.969087998892064,9.28680200013332,15.344965737313032
2562,9334.887972425035,9334.888084703,9334.888084703,9334.893950226,9334.903459707,1,COMPLETED,True,0.11227796494495124,5.865523000466055,9.509481000350206,15.487281965761213
2563,9334.900482772302,9334.900603581,9334.900603581,9334.901207536,9334.909828702,0,COMPLETED,True,0.12080869782948866,0.603955000769929,8.621166000011726,9.345929698611144
2564,9334.914448462498,9334.914571416,9334.914571416,9334.915327674,9334.924271307,1,COMPLETED,True,0.12295350279600825,0.7562579994555563,8.943632999944384,9.822844502195949
2565,9334.922809351154,9334.922897664,9334.922897664,9334.923514721,9334.932543217,0,COMPLETED,True,0.08831284685584251,0.6170569995447295,9.028496000610176,9.733865847010748
2566,9334.925294528653,9334.92544134,9334.92544134,9334.925924435,9334.935020823,1,COMPLETED,True,0.14681134598504286,0.48309500016330276,9.096388001125888,9.726294347274234
2567,9334.961323722848,9334.961412241,9334.961412241,9334.962095123,9334.970906748,0,COMPLETED,True,0.08851815255184192,0.6828820005466696,8.811624998998013,9.583025152096525
2568,9334.968634268313,9334.968779965,9334.968779965,9334.969168353,9334.978373573,1,COMPLETED,True,0.145696687468444,0.38838799991935957,9.205219999785186,9.73930468717299
2569,9334.97946594242,9334.979626697,9334.979626697,9334.98044748,9334.992871385,0,COMPLETED,True,0.16075458006525878,0.820782999653602,12.423905000105151,13.405442579824012
2570,9334.989390634113,9334.98952037,9334.98952037,9334.990270668,9335.002356003,1,COMPLETED,True,0.12973588673048653,0.7502980006393045,12.085334999937913,12.965368887307704
2571,9334.989776718645,9334.989979811,9334.989979811,9334.993084036,9335.005121736,0,COMPLETED,True,0.20309235515014734,3.1042249993333826,12.037700000291807,15.345017354775337
2572,9334.995467714509,9334.995587482,9334.995587482,9335.002560969,9335.015022361,1,COMPLETED,True,0.11976749192399438,6.973486999413581,12.461391999750049,19.554646491087624
2573,9335.00366239872,9335.003843268,9335.003843268,9335.005514583,9335.016385244,0,COMPLETED,True,0.18086927957483567,1.6713149998395238,10.870661000808468,12.722845280222828
2574,9335.010254294722,9335.010511463,9335.010511463,9335.015477968,9335.027939603,1,COMPLETED,True,0.2571682780398987,4.966504999174504,12.461635000363458,17.68530827757786
2575,9335.014483843688,9335.014741152,9335.014741152,9335.016686565,9335.027713507,0,COMPLETED,True,0.2573083111201413,1.9454130015219562,11.026941998352413,13.22966331099451
2576,9335.017878856263,9335.018024861,9335.018024861,9335.028078467,9335.037071912,0,COMPLETED,True,0.1460047369619133,10.05360599992855,8.993445000669453,19.193055737559916
2577,9335.033079676985,9335.033237939,9335.033237939,9335.034129477,9335.046809503,1,COMPLETED,True,0.15826201524760108,0.8915380003600148,12.680025998633937,13.729826014241553
2578,9335.034908173555,9335.035058331,9335.035058331,9335.037420732,9335.046323835,0,COMPLETED,True,0.1501574442954734,2.3624010009370977,8.903103000193369,11.41566144542594
2579,9335.038635046312,9335.038887806,9335.038887806,9335.046682017,9335.057656288,0,COMPLETED,True,0.2527596880099736,7.794211000145879,10.974270999213331,19.021241687369184
2580,9335.04824558849,9335.048409136,9335.048409136,9335.049218674,9335.06132348,1,COMPLETED,True,0.1635475091461558,0.8095379998849239,12.104806000934332,13.077891509965411
2581,9335.060807611791,9335.061060522,9335.061060522,9335.061715482,9335.073563409,0,COMPLETED,True,0.25291020938311704,0.6549599984282395,11.847927000417258,12.755797208228614
2582,9335.060888939763,9335.061197223,9335.061197223,9335.06170215,9335.074153142,1,COMPLETED,True,0.30828323724563234,0.5049270002928097,12.450992000594852,13.264202238133294
2583,9335.066229827231,9335.066377737,9335.066377737,9335.073941587,9335.083009843,0,COMPLETED,True,0.14790976820222568,7.563850000224193,9.068256000318797,16.780015768745216
2584,9335.074019106072,9335.074245451,9335.074245451,9335.074728484,9335.083911126,1,COMPLETED,True,0.22634492779616266,0.4830329999094829,9.182641999359475,9.892019927065121
2585,9335.07794730387,9335.078213771,9335.078213771,9335.083374302,9335.092772849,0,COMPLETED,True,0.2664671301317867,5.160531000001356,9.398547001183033,14.825545131316176
2586,9335.086463582751,9335.086608571,9335.086608571,9335.086993821,9335.096249218,1,COMPLETED,True,0.1449882493034238,0.3852499994536629,9.25539700074296,9.785635249500046
2587,9335.090322155773,9335.090535545,9335.090535545,9335.093102763,9335.102390941,0,COMPLETED,True,0.2133892267011106,2.567217999967397,9.288178000133485,12.068785226801992
2588,9335.097109072136,9335.097201853,9335.097201853,9335.097732754,9335.107087881,1,COMPLETED,True,0.09278086326958146,0.5309010011842474,9.35512700016261,9.97880886461644
2589,9335.101717202091,9335.101817359,9335.101817359,9335.102734495,9335.111748389,0,COMPLETED,True,0.10015690895670559,0.917135999770835,9.013893999508582,10.031186908236123
2590,9335.110153437983,9335.110380828,9335.110380828,9335.110782484,9335.119854251,1,COMPLETED,True,0.22739001724403352,0.4016559996671276,9.071766999113606,9.700813016024767
2591,9335.12717272301,9335.127260944,9335.127260944,9335.127660444,9335.137125321,0,COMPLETED,True,0.08822098970995285,0.3995000006398186,9.464876999118133,9.952597989467904
2592,9335.128583731326,9335.128674539,9335.128674539,9335.129000263,9335.138113797,1,COMPLETED,True,0.09080767449631821,0.3257239986851346,9.113534000789514,9.530065673970967
2593,9335.141451925598,9335.141539682,9335.141539682,9335.141862855,9335.151091346,0,COMPLETED,True,0.0877564016263932,0.3231730006518774,9.228491000612848,9.639420402891119
2594,9335.149349022196,9335.149434876,9335.149434876,9335.149781045,9335.158774081,1,COMPLETED,True,0.08585380419390276,0.34616899938555434,8.993035999083077,9.425058802662534
2595,9335.157789679035,9335.157828671,9335.157828671,9335.158228672,9335.167670064,0,COMPLETED,True,0.03899196417478379,0.40000100125325844,9.441391999644111,9.880384965072153
2596,9335.158604773733,9335.158689689,9335.158689689,9335.158922169,9335.168282246,1,COMPLETED,True,0.08491526750731282,0.2324799988855375,9.360077001474565,9.677472267867415
2597,9335.161883507006,9335.161976779,9335.161976779,9335.168102498,9335.178858857,0,COMPLETED,True,0.09327199404651765,6.125719000920071,10.756358999060467,16.975349994027056
2598,9335.168173619408,9335.168283289,9335.168283289,9335.16893629,9335.181211125,1,COMPLETED,True,0.10966959234792739,0.6530009995913133,12.27483500042581,13.03750559236505
2599,9335.168541510564,9335.168845023,9335.168845023,9335.179025399,9335.188479277,0,COMPLETED,True,0.30351243549375795,10.180376000789693,9.45387799947639,19.93776643575984
2600,9335.183681549333,9335.183866208,9335.183866208,9335.184585961,9335.196615716,1,COMPLETED,True,0.18465866742189974,0.7197529994300567,12.029755000185105,12.934166667037061
2601,9335.188256739075,9335.188425901,9335.188425901,9335.189009992,9335.198282393,0,COMPLETED,True,0.16916192544158548,0.584090999836917,9.272400999179808,10.025653924458311
2602,9335.193053115485,9335.193148616,9335.193148616,9335.197138498,9335.207802983,1,COMPLETED,True,0.09550051436235663,3.989882001405931,10.66448500023398,14.749867516002269
2603,9335.203875129955,9335.203921132,9335.203921132,9335.204551561,9335.213538333,0,COMPLETED,True,0.04600204556481913,0.6304290000116453,8.986771999843768,9.663203045420232
2604,9335.224124676155,9335.2242782,9335.2242782,9335.224854311,9335.2362496,1,COMPLETED,True,0.1535238443466369,0.5761110005551018,11.395289000574849,12.124923845476587
2605,9335.225571224302,9335.225711896,9335.225711896,9335.226056734,9335.235129229,0,COMPLETED,True,0.1406716983183287,0.34483799936424475,9.072495000509662,9.558004698192235
2606,9335.229805762303,9335.229981478,9335.229981478,9335.235489755,9335.244450578,0,COMPLETED,True,0.1757156969688367,5.5082769995351555,8.960823000961682,14.644815697465674
2607,9335.231882076947,9335.232160185,9335.232160185,9335.236505073,9335.246268897,1,COMPLETED,True,0.27810805295303,4.344888000559877,9.763824000401655,14.386820053914562
2608,9335.23941476873,9335.239543969,9335.239543969,9335.244785221,9335.254747136,0,COMPLETED,True,0.12920027074869722,5.2412519999052165,9.961914998712018,15.332367269365932
2609,9335.24189848779,9335.242027019,9335.242027019,9335.246662365,9335.256038488,1,COMPLETED,True,0.12853121006628498,4.635346000213758,9.376123000038206,14.140000210318249
2610,9335.267238524732,9335.267335169,9335.267335169,9335.268187063,9335.280791791,0,COMPLETED,True,0.0966442676144652,0.851894001243636,12.604727999132592,13.553266267990693
2611,9335.27237173208,9335.272460456,9335.272460456,9335.273049657,9335.282258391,1,COMPLETED,True,0.08872392027114984,0.589200999456807,9.20873399991251,9.886658919640468
2612,9335.27876223269,9335.279024168,9335.279024168,9335.2809704,9335.291588559,0,COMPLETED,True,0.26193530902673956,1.9462319996819133,10.618158999932348,12.826326308641
2613,9335.290170835342,9335.290358393,9335.290358393,9335.290789269,9335.299993565,1,COMPLETED,True,0.1875576581369387,0.4308759998821188,9.204296000461909,9.822729658480966
2614,9335.292273525547,9335.292526115,9335.292526115,9335.292971615,9335.302500931,0,COMPLETED,True,0.25258945242967457,0.44549999984155875,9.529316001135157,10.22740545340639
2615,9335.292636598171,9335.292652922,9335.292652922,9335.300364614,9335.309495723,1,COMPLETED,True,0.01632382918614894,7.7116920001572,9.131109000009019,16.859124829352368
2616,9335.3021023291,9335.302309479,9335.302309479,9335.303147913,9335.312706389,0,COMPLETED,True,0.20714990023407154,0.8384339998883661,9.558476000165683,10.60405990028812
2617,9335.31796717062,9335.318183469,9335.318183469,9335.318835151,9335.327875604,1,COMPLETED,True,0.21629838010994717,0.6516819994430989,9.040453000125126,9.908433379678172
2618,9335.317994622867,9335.318258185,9335.318258185,9335.319271467,9335.330947906,0,COMPLETED,True,0.2635621331137372,1.013282000712934,11.676439000439132,12.953283134265803
2619,9335.318754429374,9335.318962708,9335.318962708,9335.328306214,9335.337674467,1,COMPLETED,True,0.20827862499572802,9.343506000732305,9.368253000502591,18.920037626230624
2620,9335.333754211939,9335.333796575,9335.333796575,9335.334536915,9335.346985149,0,COMPLETED,True,0.042363060856587254,0.7403399995382642,12.44823400156747,13.230937061962322
2621,9335.352568767805,9335.352670751,9335.352670751,9335.353125712,9335.362405212,1,COMPLETED,True,0.10198319432674907,0.4549610002868576,9.279500000047847,9.836444194661453
2622,9335.36189469057,9335.362005184,9335.362005184,9335.362427636,9335.372625232,0,COMPLETED,True,0.11049343083868735,0.4224519998388132,10.197595998761244,10.730541429438745
2623,9335.36404653954,9335.36423669,9335.36423669,9335.364551381,9335.374020997,1,COMPLETED,True,0.1901504601846682,0.31469100031245034,9.469615999478265,9.974457459975383
2624,9335.379697985616,9335.379793081,9335.379793081,9335.380240294,9335.390104879,0,COMPLETED,True,0.09509538358543068,0.4472130003705388,9.864584999377257,10.406893383333227
2625,9335.385208197044,9335.385319798,9335.385319798,9335.385981681,9335.397280596,1,COMPLETED,True,0.11160095709783491,0.6618829993385589,11.298915000224952,12.072398956661345
2626,9335.39930915162,9335.399420549,9335.399420549,9335.399861096,9335.409370301,0,COMPLETED,True,0.11139737944176886,0.4405470008350676,9.509204999631038,10.061149379907874
2627,9335.417493213869,9335.417591874,9335.417591874,9335.418088723,9335.428165682,1,COMPLETED,True,0.09866013169812504,0.4968489993188996,10.076959000798524,10.672468131815549
2628,9335.419339090413,9335.419473638,9335.419473638,9335.4199838,9335.430105637,0,COMPLETED,True,0.13454758664011024,0.5101620008645114,10.121837000042433,10.766546587547055
2629,9335.43483682266,9335.434932182,9335.434932182,9335.435429513,9335.44661534,1,COMPLETED,True,0.09535933895676862,0.4973310005880194,11.185827001099824,11.778517340644612
2630,9335.441822550558,9335.441920919,9335.441920919,9335.44250194,9335.452578747,0,COMPLETED,True,0.09836844219535124,0.5810210004710825,10.076806998768006,10.75619644143444
2631,9335.452673583331,9335.452721041,9335.452721041,9335.453278059,9335.462773811,1,COMPLETED,True,0.04745766818814445,0.5570180001086555,9.495751999565982,10.100227667862782
2632,9335.455906334215,9335.455997356,9335.455997356,9335.456414896,9335.465741313,0,COMPLETED,True,0.09102178592002019,0.4175399990344886,9.326417000920628,9.834978785875137
2633,9335.46836287351,9335.468453608,9335.468453608,9335.468862096,9335.478058523,1,COMPLETED,True,0.09073449109564535,0.4084880001755664,9.196426999551477,9.695649490822689
2634,9335.469402232926,9335.469493839,9335.469493839,9335.4699113,9335.479244212,0,COMPLETED,True,0.09160607442026958,0.4174610003246926,9.332911999081261,9.841979073826224
2635,9335.469443795988,9335.469537341,9335.469537341,9335.478449623,9335.487692733,1,COMPLETED,True,0.09354501162306406,8.912282000892446,9.243110000170418,18.24893701268593
2636,9335.471835276792,9335.471958772,9335.471958772,9335.479648429,9335.488893026,0,COMPLETED,True,0.12349520693533123,7.689657000810257,9.244597000360955,17.057749208106543
2637,9335.472245725508,9335.472362052,9335.472362052,9335.488085289,9335.497409698,1,COMPLETED,True,0.11632649147941265,15.723237000202062,9.32440900032816,25.163972492009634
2638,9335.474323891256,9335.474526184,9335.474526184,9335.489239341,9335.498535324,0,COMPLETED,True,0.20229274377925321,14.713156999277999,9.295983001720742,24.211432744777994
2639,9335.491740939531,9335.491818824,9335.491818824,9335.497793329,9335.506906974,1,COMPLETED,True,0.0778844696469605,5.974504998448538,9.113645000979886,15.166034469075385
2640,9335.511782082876,9335.512048879,9335.512048879,9335.512679783,9335.525763941,0,COMPLETED,True,0.2667961234692484,0.6309039999905508,13.084157999401214,13.981858122861013
2641,9335.52038836631,9335.520563628,9335.520563628,9335.521132049,9335.533375219,1,COMPLETED,True,0.1752616899466375,0.568420999115915,12.243170000147074,12.986852689209627
2642,9335.529078321653,9335.529128133,9335.529128133,9335.529575468,9335.540536983,0,COMPLETED,True,0.04981134588888381,0.4473349999898346,10.961515001326916,11.458661347205634
2643,9335.541918021845,9335.542012606,9335.542012606,9335.542539267,9335.551702053,1,COMPLETED,True,0.09458415479457472,0.5266610005492112,9.16278600016085,9.784031155504636
2644,9335.553499980479,9335.553601265,9335.553601265,9335.554128803,9335.562884126,0,COMPLETED,True,0.10128452231583651,0.5275379990052897,8.755323000514181,9.384145521835308
2645,9335.585473487918,9335.58559635,9335.58559635,9335.586104433,9335.597828297,1,COMPLETED,True,0.12286208220757544,0.5080829996586544,11.723864001396578,12.354809083262808
2646,9335.597078930403,9335.597176553,9335.597176553,9335.597665213,9335.609460526,0,COMPLETED,True,0.09762259651324712,0.4886599999736063,11.795313001130125,12.381595597616979
2647,9335.597121271701,9335.597240149,9335.597240149,9335.597977762,9335.608548069,1,COMPLETED,True,0.11887729851878248,0.7376129997282987,10.570307000307366,11.426797298554447
2648,9335.609575822547,9335.609693437,9335.609693437,9335.610234681,9335.619234047,1,COMPLETED,True,0.11761445239244495,0.5412440004874952,8.999366000352893,9.658224453232833
2649,9335.617133331887,9335.61725102,9335.61725102,9335.617600162,9335.627354552,0,COMPLETED,True,0.11768811236834154,0.3491420011414448,9.754389999216073,10.22122011272586
2650,9335.626275079914,9335.626364171,9335.626364171,9335.626716821,9335.635819021,1,COMPLETED,True,0.08909108510124497,0.3526500004227273,9.10219999968831,9.543941085212282
2651,9335.635832117066,9335.635944437,9335.635944437,9335.636484541,9335.645922221,0,COMPLETED,True,0.11231993266846985,0.5401040016295156,9.437679998882231,10.090103933180217
2652,9335.638736732697,9335.638822132,9335.638822132,9335.639153449,9335.64854942,1,COMPLETED,True,0.08539930240658578,0.3313170000183163,9.395971001140424,9.812687303565326
2653,9335.640001635304,9335.640078053,9335.640078053,9335.646080778,9335.655235214,0,COMPLETED,True,0.07641769661859144,6.0027250001439825,9.15443600024446,15.233578697007033
2654,9335.641764397325,9335.641862136,9335.641862136,9335.648926908,9335.657882113,1,COMPLETED,True,0.0977386753220344,7.064771998557262,8.955205001257127,16.117715675136424
2655,9335.647256447479,9335.647367662,9335.647367662,9335.655593993,9335.664845142,0,COMPLETED,True,0.11121452189399861,8.226330999605125,9.251149000192527,17.58869452169165
2656,9335.655504359704,9335.655634476,9335.655634476,9335.658239817,9335.667562882,1,COMPLETED,True,0.13011629562242888,2.605341000162298,9.323064999989583,12.05852229577431
2657,9335.6569924892,9335.65710897,9335.65710897,9335.665212015,9335.674253316,0,COMPLETED,True,0.11648079998849425,8.103045000098064,9.041301000252133,17.26082680033869
2658,9335.65885632269,9335.658975977,9335.658975977,9335.667946478,9335.677491338,1,COMPLETED,True,0.11965430894633755,8.970501001385855,9.544859998641186,18.63501530897338
2659,9335.668097354262,9335.668374307,9335.668374307,9335.674623186,9335.68351155,0,COMPLETED,True,0.27695273820427246,6.248878999031149,8.888364000085858,15.414195737321279
2660,9335.68695800311,9335.687076062,9335.687076062,9335.687748258,9335.696494977,1,COMPLETED,True,0.11805888971139211,0.6721959998685634,8.746719000555458,9.536973890135414
2661,9335.712161315627,9335.712219391,9335.712219391,9335.712973972,9335.7252164,0,COMPLETED,True,0.05807537309010513,0.7545810003648512,12.24242799980857,13.055084373263526
2662,9335.712220484133,9335.712275141,9335.712275141,9335.71295011,9335.721774968,1,COMPLETED,True,0.05465686808747705,0.6749690001015551,8.824857999570668,9.5544838677597
2663,9335.717110839025,9335.717204398,9335.717204398,9335.722141458,9335.731104856,1,COMPLETED,True,0.09355897600471508,4.937059999065241,8.963398000560119,13.994016975630075
2664,9335.723617637026,9335.723649867,9335.723649867,9335.725690778,9335.736244305,0,COMPLETED,True,0.03222997474949807,2.0409109984029783,10.553527001320617,12.626667974473094
2665,9335.73349830792,9335.733748621,9335.733748621,9335.734316189,9335.744239776,1,COMPLETED,True,0.2503130799595965,0.5675680004060268,9.923587000230327,10.74146808059595
2666,9335.733537099322,9335.733888929,9335.733888929,9335.736610492,9335.746170347,0,COMPLETED,True,0.3518296780384844,2.721562999795424,9.559854999679374,12.633247677513282
2667,9335.741806815164,9335.741988543,9335.741988543,9335.744403636,9335.753626292,1,COMPLETED,True,0.1817278371163411,2.415092998489854,9.222656000929419,11.819476836535614
2668,9335.751574309832,9335.75173489,9335.75173489,9335.752357381,9335.764963112,0,COMPLETED,True,0.1605801680852892,0.6224909993761685,12.605731000803644,13.388802168265101
2669,9335.767498142084,9335.767583943,9335.767583943,9335.7681695,9335.776848495,1,COMPLETED,True,0.08580091525800526,0.5855569997947896,8.678995000082068,9.350352915134863
2670,9335.77706523422,9335.777277015,9335.777277015,9335.777670372,9335.786628278,0,COMPLETED,True,0.21178077986405697,0.3933569987566443,8.957906000432558,9.56304377905326
2671,9335.789948223275,9335.79019915,9335.79019915,9335.79069924,9335.800058749,1,COMPLETED,True,0.2509267251298297,0.500090000059572,9.359509000205435,10.110525725394837
2672,9335.791129013718,9335.791219051,9335.791219051,9335.791468672,9335.800351427,0,COMPLETED,True,0.09003728155221324,0.2496209999662824,8.882755000740872,9.222413282259367
2673,9335.79606323402,9335.796224957,9335.796224957,9335.800448485,9335.809356707,1,COMPLETED,True,0.16172297910088673,4.223528001602972,8.908221998353838,13.293472979057697
2674,9335.802139830696,9335.802314428,9335.802314428,9335.802890394,9335.813832673,0,COMPLETED,True,0.17459730406699236,0.5759659998147981,10.94227900102851,11.6928423049103
2675,9335.807202549666,9335.807435045,9335.807435045,9335.809748528,9335.818545638,1,COMPLETED,True,0.2324953347851988,2.3134829989430727,8.797110000159591,11.343088333887863
2676,9335.825440885113,9335.825588107,9335.825588107,9335.826258704,9335.835351482,0,COMPLETED,True,0.14722188643645495,0.6705970008624718,9.092777998375823,9.91059688567475
2677,9335.838857686627,9335.838913821,9335.838913821,9335.839501503,9335.84849053,1,COMPLETED,True,0.05613437315332703,0.5876819996046834,8.989026999188354,9.632843371946365
2678,9335.841621676735,9335.841780592,9335.841780592,9335.842340541,9335.851116089,0,COMPLETED,True,0.1589152652741177,0.5599489995802287,8.77554799990321,9.494412264757557
2679,9335.853432792235,9335.853549768,9335.853549768,9335.854318571,9335.863404711,1,COMPLETED,True,0.11697576519509312,0.7688030000281287,9.08614000036323,9.971918765586452
2680,9335.85361547197,9335.853631013,9335.853631013,9335.854434123,9335.86598291,0,COMPLETED,True,0.01554103073431179,0.8031100005609915,11.54878699890105,12.367438030196354
2681,9335.855484820098,9335.855744853,9335.855744853,9335.86377441,9335.872908483,1,COMPLETED,True,0.2600329007691471,8.029557000554632,9.134072999586351,17.42366290091013
2682,9335.862317675526,9335.862525929,9335.862525929,9335.866196306,9335.876482503,0,COMPLETED,True,0.2082534738292452,3.6703770001622615,10.28619699900446,14.164827472995967
2683,9335.862578455697,9335.862589966,9335.862589966,9335.873259573,9335.882139301,1,COMPLETED,True,0.01151030301116407,10.669606999726966,8.879728000465548,19.560845303203678
2684,9335.869593843301,9335.869750941,9335.869750941,9335.876824011,9335.885924115,0,COMPLETED,True,0.15709769832028542,7.073070000842563,9.100104000026477,16.330271699189325
2685,9335.873113399031,9335.873539623,9335.873539623,9335.882482741,9335.891231552,1,COMPLETED,True,0.4262239690433489,8.943118000388495,8.748810998440604,18.118152967872447
2686,9335.878302652696,9335.878398829,9335.878398829,9335.8862724,9335.895434573,0,COMPLETED,True,0.09617630348657258,7.873570999436197,9.162173000731855,17.131920303654624
2687,9335.884205867684,9335.884298015,9335.884298015,9335.891588838,9335.900373878,1,COMPLETED,True,0.09214731653628405,7.290822999493685,8.785039999565925,16.168010315595893
2688,9335.890481285218,9335.890574199,9335.890574199,9335.895792569,9335.905104038,0,COMPLETED,True,0.09291378228226677,5.218369999056449,9.31146900074964,14.622752782088355
2689,9335.892529245892,9335.892620745,9335.892620745,9335.90068802,9335.909533103,1,COMPLETED,True,0.09149910874839406,8.067274999120855,8.845083000778686,17.003857108647935
2690,9335.895932736103,9335.89605331,9335.89605331,9335.905461528,9335.914696485,0,COMPLETED,True,0.12057389722031076,9.408218000316992,9.23495700044441,18.763748897981714
2691,9335.90398491345,9335.904234001,9335.904234001,9335.909892442,9335.918654552,1,COMPLETED,True,0.24908755040087271,5.658440999468439,8.762110001043766,14.669638550913078
2692,9335.90974265395,9335.910231672,9335.910231672,9335.915046487,9335.923901655,0,COMPLETED,True,0.4890180498478003,4.814814999917871,8.855168000081903,14.159001049847575
2693,9335.91521559608,9335.915366458,9335.915366458,9335.918998796,9335.927687971,1,COMPLETED,True,0.15086192070157267,3.632337999079027,8.689174999744864,12.472374919525464
2694,9335.937166337057,9335.937363495,9335.937363495,9335.938019407,9335.947342041,0,COMPLETED,True,0.19715794405783527,0.6559119992743945,9.32263399954536,10.17570394287759
2695,9335.944923068524,9335.945083892,9335.945083892,9335.945735052,9335.954544866,1,COMPLETED,True,0.16082347610790748,0.6511600004159845,8.809813998595928,9.62179747511982
2696,9335.95525655524,9335.955419494,9335.955419494,9335.95608241,9335.965112912,0,COMPLETED,True,0.16293875887640752,0.6629160016018432,9.03050199849531,9.856356758973561
2697,9335.961849433335,9335.962110262,9335.962110262,9335.962745499,9335.971948154,1,COMPLETED,True,0.2608286649774527,0.6352370000968222,9.2026549991715,10.098720664245775
2698,9335.967782424561,9335.96794389,9335.96794389,9335.968782155,9335.98224809,0,COMPLETED,True,0.1614654393051751,0.838264999401872,13.465935000567697,14.465665439274744
2699,9335.968831887101,9335.969018093,9335.969018093,9335.972361897,9335.981410136,1,COMPLETED,True,0.18620589798956644,3.3438040009059478,9.048239000549074,12.578248899444588
2700,9335.96957963964,9335.969722042,9335.969722042,9335.981767367,9335.990838678,1,COMPLETED,True,0.14240235941542778,12.045325000144658,9.07131100029801,21.259038359858096
2701,9335.976057933345,9335.976324421,9335.976324421,9335.982615556,9335.997057926,0,COMPLETED,True,0.2664876556082163,6.291134999628412,14.442370000324445,20.999992655561073
2702,9335.982788965568,9335.982968259,9335.982968259,9335.991012611,9336.000366257,1,COMPLETED,True,0.1792934326658724,8.044352000069921,9.353645998999127,17.57729143173492
2703,9335.98853322191,9335.988688753,9335.988688753,9335.997259744,9336.011097878,0,COMPLETED,True,0.15553109005850274,8.570990999942296,13.838134000252467,22.564656090253266
2704,9336.006365236397,9336.006460451,9336.006460451,9336.00702792,9336.016260458,1,COMPLETED,True,0.09521460378891788,0.5674690000887495,9.23253799919621,9.895221603073878
2705,9336.017374329545,9336.017397286,9336.017397286,9336.018153736,9336.030740915,0,COMPLETED,True,0.022956453904043883,0.7564500010630582,12.587178998728632,13.366585453695734
2706,9336.049383537249,9336.049482154,9336.049482154,9336.050304154,9336.061479937,1,COMPLETED,True,0.09861675061983988,0.8219999999710126,11.175782999998773,12.096399750589626
2707,9336.05084288166,9336.051006268,9336.051006268,9336.051604048,9336.065028805,0,COMPLETED,True,0.16338634122803342,0.5977799992251676,13.424757000393583,14.185923340846784
2708,9336.053489838538,9336.053689914,9336.053689914,9336.062011923,9336.071810535,1,COMPLETED,True,0.20007546299893875,8.322009000039543,9.798611999940476,18.320696462978958
2709,9336.070664106035,9336.070850163,9336.070850163,9336.071447064,9336.081036739,0,COMPLETED,True,0.1860569645941723,0.5969009998807451,9.589675000825082,10.3726329653
2710,9336.073839306906,9336.07396839,9336.07396839,9336.074380274,9336.084519171,1,COMPLETED,True,0.1290830932703102,0.4118840006412938,10.138896999706049,10.679864093617653
2711,9336.082382092363,9336.082538998,9336.082538998,9336.082990163,9336.092423084,0,COMPLETED,True,0.15690563668613322,0.45116500041331165,9.432920998733607,10.040991635833052
2712,9336.101589635715,9336.101827921,9336.101827921,9336.102408429,9336.113747859,1,COMPLETED,True,0.23828528537706006,0.5805079999845475,11.339430000589346,12.158223285950953
2713,9336.106405670422,9336.10649115,9336.10649115,9336.106836787,9336.116441201,0,COMPLETED,True,0.08547957804694306,0.3456369995546993,9.604414000932593,10.035530578534235
2714,9336.107526796479,9336.107664013,9336.107664013,9336.113963555,9336.124105317,1,COMPLETED,True,0.13721652067033574,6.299542001215741,10.141761998966103,16.57852052085218
2715,9336.110547106065,9336.110647391,9336.110647391,9336.116808604,9336.126298603,0,COMPLETED,True,0.10028493488789536,6.1612129993591225,9.489998999924865,15.751496934171882
2716,9336.111019135282,9336.111112311,9336.111112311,9336.124476862,9336.133749663,1,COMPLETED,True,0.09317571857536677,13.36455099954037,9.272801000406616,22.730527718522353
2717,9336.117011067785,9336.117105877,9336.117105877,9336.126667192,9336.135483312,0,COMPLETED,True,0.09480921471549664,9.561315000610193,8.816120000119554,18.472244215445244
2718,9336.11871632291,9336.118817201,9336.118817201,9336.134096172,9336.143476977,1,COMPLETED,True,0.10087809096148703,15.27897099913389,9.380805000546388,24.760654090641765
2719,9336.132874405559,9336.132973573,9336.132973573,9336.135870286,9336.145341731,0,COMPLETED,True,0.09916744056681637,2.896713000154705,9.471445000599488,12.467325441321009
2720,9336.143807866893,9336.143923625,9336.143923625,9336.144355907,9336.154689435,1,COMPLETED,True,0.11575810822250787,0.43228199865552597,10.333528000046499,10.881568106924533
2721,9336.155338115233,9336.155473538,9336.155473538,9336.155933834,9336.165022902,0,COMPLETED,True,0.13542276610678528,0.4602959998010192,9.089068000321276,9.684786766229081
2722,9336.155739950682,9336.15585783,9336.15585783,9336.156142263,9336.165596839,1,COMPLETED,True,0.11787931725848466,0.28443300107028335,9.454576000280213,9.85688831860898
2723,9336.166914632706,9336.167004215,9336.167004215,9336.167561693,9336.176887207,0,COMPLETED,True,0.08958229409472551,0.5574780007009394,9.325514000011026,9.97257429480669
2724,9336.167271109756,9336.167356131,9336.167356131,9336.1677759,9336.177277124,1,COMPLETED,True,0.0850212436489528,0.4197689995635301,9.50122399990505,10.006014243117534
2725,9336.170569589278,9336.170803125,9336.170803125,9336.177267569,9336.186344864,0,COMPLETED,True,0.23353572214546148,6.464444000812364,9.077294998860452,15.775274721818278
2726,9336.174640851807,9336.174733421,9336.174733421,9336.177682588,9336.186662452,1,COMPLETED,True,0.09256919292965904,2.949167001133901,8.97986400013906,12.02160019420262
2727,9336.194320305147,9336.194410429,9336.194410429,9336.194980996,9336.20381929,0,COMPLETED,True,0.0901238527148962,0.5705670009774622,8.838293999360758,9.498984853053116
2728,9336.202683489935,9336.20279803,9336.20279803,9336.203317626,9336.21286699,1,COMPLETED,True,0.11454006562416907,0.5195959984121146,9.549364000122296,10.18350006415858
2729,9336.203458077387,9336.203647326,9336.203647326,9336.20419875,9336.2133716,0,COMPLETED,True,0.18924861251434777,0.5514240001502912,9.172850001050392,9.913522613715031
2730,9336.20519536097,9336.205347905,9336.205347905,9336.213236467,9336.222460793,1,COMPLETED,True,0.1525440293335123,7.888562000516686,9.2243260005489,17.265432030399097
2731,9336.210540836297,9336.210670452,9336.210670452,9336.213523949,9336.222729338,0,COMPLETED,True,0.12961570246261545,2.8534970006148797,9.20538900027168,12.188501703349175
2732,9336.213541013618,9336.21365841,9336.21365841,9336.222819446,9336.232161142,1,COMPLETED,True,0.11739638284780085,9.161035999568412,9.341695998955402,18.620128381371615
2733,9336.217375465221,9336.217563001,9336.217563001,9336.223062358,9336.232703299,0,COMPLETED,True,0.18753577933239285,5.49935699928028,9.640940999815939,15.327833778428612
2734,9336.22115267896,9336.221289569,9336.221289569,9336.232508994,9336.241798711,1,COMPLETED,True,0.13689004117622972,11.219424999580951,9.2897169997741,20.64603204053128
2735,9336.24301071351,9336.243087911,9336.243087911,9336.243697573,9336.253217045,0,COMPLETED,True,0.07719749009993393,0.6096619999880204,9.519471999738016,10.20633148982597
2736,9336.24411316541,9336.244257985,9336.244257985,9336.244693483,9336.253773316,1,COMPLETED,True,0.14481958896794822,0.4354980010248255,9.079833000214421,9.660150590207195
2737,9336.246869073795,9336.247018987,9336.247018987,9336.253593514,9336.262873603,0,COMPLETED,True,0.1499132049502805,6.574527000339003,9.280088999730651,16.004529205019935
2738,9336.250206982393,9336.250369597,9336.250369597,9336.253923312,9336.264197673,1,COMPLETED,True,0.16261460768873803,3.5537149997253437,10.274360998664633,13.990690606078715
2739,9336.251153944073,9336.251357795,9336.251357795,9336.263207478,9336.272504324,0,COMPLETED,True,0.20385092648211867,11.849683000036748,9.296846001234371,21.350379927753238
2740,9336.252870445494,9336.253043036,9336.253043036,9336.264505381,9336.274260043,1,COMPLETED,True,0.1725905058265198,11.46234499901766,9.754661999977543,21.389597504821722
2741,9336.259651450695,9336.259793307,9336.259793307,9336.272846515,9336.281866704,0,COMPLETED,True,0.14185630425345153,13.053208000201266,9.020188999784295,22.215253304239013
2742,9336.270938863896,9336.271103818,9336.271103818,9336.274647599,9336.283843183,1,COMPLETED,True,0.16495410454808734,3.543781000189483,9.19558399982634,12.90431910456391
2743,9336.275345832539,9336.275601008,9336.275601008,9336.282210154,9336.291400721,0,COMPLETED,True,0.2551754605519818,6.60914600121032,9.190566999677685,16.054888461439987
2744,9336.279010866625,9336.279174423,9336.279174423,9336.284214462,9336.293148977,1,COMPLETED,True,0.16355637490050867,5.0400390009599505,8.934514999054954,14.138110374915414
2745,9336.321510945416,9336.321603677,9336.321603677,9336.322221402,9336.331366453,0,COMPLETED,True,0.09273158502765,0.6177249997563194,9.14505099899543,9.8555075837794
2746,9336.323358667198,9336.323443918,9336.323443918,9336.323855783,9336.33339454,1,COMPLETED,True,0.0852508019306697,0.4118650012969738,9.538756999972975,10.035872803200618
2747,9336.325175296686,9336.325366741,9336.325366741,9336.33172904,9336.340887651,0,COMPLETED,True,0.19144431462336797,6.362298998283222,9.158611001112149,15.71235431401874
2748,9336.337459097293,9336.337560975,9336.337560975,9336.33831984,9336.35046748,1,COMPLETED,True,0.10187770749325864,0.7588650005345698,12.147639999966486,13.008382707994315
2749,9336.35009794096,9336.35020146,9336.35020146,9336.350712461,9336.359726348,0,COMPLETED,True,0.10351903983973898,0.5110010006319499,9.013887000037357,9.628407040509046
2750,9336.350590770422,9336.350677189,9336.350677189,9336.351116066,9336.361082922,1,COMPLETED,True,0.0864185785758309,0.43887699939659797,9.966855999664403,10.492151577636832
2751,9336.356020349125,9336.356201798,9336.356201798,9336.360137254,9336.369300964,0,COMPLETED,True,0.1814488750824239,3.935455999453552,9.163709999484126,13.280614874020102
2752,9336.358687395028,9336.35882383,9336.35882383,9336.361440052,9336.370547884,1,COMPLETED,True,0.13643497186421882,2.616222000142443,9.107832000154303,11.860488972160965
2753,9336.37069706255,9336.370794453,9336.370794453,9336.371255904,9336.380070358,0,COMPLETED,True,0.09739044980960898,0.4614509998646099,8.814454000457772,9.373295450131991
2754,9336.371088090433,9336.371395178,9336.371395178,9336.371925328,9336.381262575,1,COMPLETED,True,0.30708756639796775,0.5301500004861737,9.337247000075877,10.174484566960018
2755,9336.383249700248,9336.383388733,9336.383388733,9336.383856941,9336.393098726,0,COMPLETED,True,0.13903275248594582,0.4682079998019617,9.241784999176161,9.849025751464069
2756,9336.389297765305,9336.389439157,9336.389439157,9336.390110479,9336.4020786,1,COMPLETED,True,0.14139169434201904,0.6713220009260112,11.968120999881648,12.780834695149679
2757,9336.393808807072,9336.393944103,9336.393944103,9336.394343091,9336.403598664,0,COMPLETED,True,0.13529592797567602,0.39898800059745554,9.25557299888169,9.78985692745482
2758,9336.39414430467,9336.394285847,9336.394285847,9336.402577191,9336.413009675,1,COMPLETED,True,0.14154233031149488,8.291344000099343,10.432483999466058,18.865370329876896
2759,9336.398349852452,9336.398495251,9336.398495251,9336.403743468,9336.413219317,0,COMPLETED,True,0.14539854782924522,5.248216999461874,9.475849001319148,14.869464548610267
2760,9336.40045737786,9336.400636225,9336.400636225,9336.413166201,9336.422986364,1,COMPLETED,True,0.1788471399777336,12.529976000223542,9.820162998948945,22.52898613915022
2761,9336.402428805015,9336.402578133,9336.402578133,9336.413572763,9336.422436739,0,COMPLETED,True,0.1493279851274565,10.994629999913741,8.863975999702234,20.00793398474343
2762,9336.405306687162,9336.40548212,9336.40548212,9336.422778319,9336.431811377,0,COMPLETED,True,0.17543283865961712,17.29619899924728,9.033058000568417,26.504689838475315
2763,9336.407048654863,9336.407194168,9336.407194168,9336.423351071,9336.432402881,1,COMPLETED,True,0.145513136885711,16.156903000592138,9.051810000528349,25.354226138006197
2764,9336.415806296509,9336.415894732,9336.415894732,9336.432168163,9336.443438532,0,COMPLETED,True,0.08843549039738718,16.273431001536665,11.270368999248603,27.632235491182655
2765,9336.434984473542,9336.435137908,9336.435137908,9336.435927398,9336.44746763,1,COMPLETED,True,0.15343445738835726,0.7894900008977856,11.54023199887888,12.483156457165023
2766,9336.445818592192,9336.446013075,9336.446013075,9336.446595089,9336.455870743,0,COMPLETED,True,0.19448280727374367,0.5820140013383934,9.275653999793576,10.052150808405713
2767,9336.453853505403,9336.45403248,9336.45403248,9336.454752232,9336.463557232,1,COMPLETED,True,0.17897459656524006,0.7197520008048741,8.804999999483698,9.703726596853812
2768,9336.459679585389,9336.459819318,9336.459819318,9336.460392526,9336.469130074,0,COMPLETED,True,0.1397326122969389,0.573207998968428,8.737547999771778,9.450488611037144
2769,9336.470453865342,9336.470604099,9336.470604099,9336.471108202,9336.480118053,1,COMPLETED,True,0.15023365813249256,0.5041029999119928,9.009850999063929,9.664187657108414
2770,9336.479430474628,9336.479571521,9336.479571521,9336.480183706,9336.492195074,0,COMPLETED,True,0.14104637193668168,0.6121850001363782,12.011368000457878,12.764599372530938
2771,9336.496065911617,9336.496207288,9336.496207288,9336.496774694,9336.506316329,1,COMPLETED,True,0.1413763839082094,0.5674059993907576,9.541634999550297,10.250417382849264
2772,9336.496121440738,9336.49632108,9336.49632108,9336.496797046,9336.506328782,0,COMPLETED,True,0.19963926206401084,0.4759660005220212,9.53173599918955,10.207341261775582
2773,9336.51996889028,9336.520116956,9336.520116956,9336.520692568,9336.529627876,1,COMPLETED,True,0.14806572107772809,0.5756119990110165,8.935308000218356,9.6589857203071
2774,9336.521025774617,9336.52115944,9336.52115944,9336.524209734,9336.542724362,0,COMPLETED,True,0.1336653840553481,3.0502939989673905,18.514628000048106,21.698587383070844
2775,9336.5287541164,9336.528854735,9336.528854735,9336.529998286,9336.539347184,1,COMPLETED,True,0.10061859939014539,1.1435510004957905,9.348898000098416,10.593067599984352
2776,9336.529452246725,9336.529539376,9336.529539376,9336.539712514,9336.549043574,1,COMPLETED,True,0.08712927592569031,10.173138000027393,9.33105999865802,19.591327274611103
2777,9336.54315039015,9336.543254872,9336.543254872,9336.54376092,9336.554301959,0,COMPLETED,True,0.10448185093991924,0.5060479998064693,10.541039000599994,11.151568851346383
2778,9336.54503938348,9336.545132629,9336.545132629,9336.549387466,9336.558883233,1,COMPLETED,True,0.09324552047473844,4.254837000189582,9.495766998952604,13.843849519616924
2779,9336.550189318266,9336.550292493,9336.550292493,9336.554702721,9336.563698626,0,COMPLETED,True,0.1031747342494782,4.410227998960181,8.99590500011982,13.509307733329479
2780,9336.556535645705,9336.55673431,9336.55673431,9336.559213932,9336.568343281,1,COMPLETED,True,0.19866429465764668,2.4796220004645875,9.12934900043183,11.807635295554064
2781,9336.558186971579,9336.558348042,9336.558348042,9336.563861579,9336.573196024,0,COMPLETED,True,0.16107042029034346,5.5135370002972195,9.334444999694824,15.009052420282387
2782,9336.559552032557,9336.55970815,9336.55970815,9336.568670585,9336.577529785,1,COMPLETED,True,0.15611744311172515,8.96243500028504,8.859199999278644,17.97775244267541
2783,9336.559993240653,9336.560176316,9336.560176316,9336.57354719,9336.582517809,0,COMPLETED,True,0.18307534628547728,13.370874001338962,8.970618999228464,22.524568346852902
2784,9336.562775938637,9336.562921964,9336.562921964,9336.577897467,9336.587023441,1,COMPLETED,True,0.1460253624827601,14.97550299973227,9.125974000198767,24.247502362413798
2785,9336.57455572353,9336.574699355,9336.574699355,9336.582870772,9336.592243414,0,COMPLETED,True,0.14363147056428716,8.171416999175563,9.37264200001664,17.68769046975649
2786,9336.57639385573,9336.576546873,9336.576546873,9336.587341068,9336.596652125,1,COMPLETED,True,0.1530172703496646,10.794194999107276,9.311056999649736,20.258269269106677
2787,9336.577884483953,9336.578211677,9336.578211677,9336.592571269,9336.601827311,0,COMPLETED,True,0.3271930472692475,14.359591999891563,9.256041999833542,23.942827046994353
2788,9336.582830979485,9336.583324575,9336.583324575,9336.596809267,9336.606276943,1,COMPLETED,True,0.4935955148539506,13.48469199911051,9.467675999985659,23.44596351395012
2789,9336.584661771643,9336.58481993,9336.58481993,9336.602148554,9336.611233995,0,COMPLETED,True,0.15815835649846122,17.32862400058366,9.085440999115235,26.572223356197355
2790,9336.586010734565,9336.586185375,9336.586185375,9336.606624435,9336.615551474,1,COMPLETED,True,0.17464043412473984,20.43906000108109,8.927038999900105,29.540739435105934
2791,9336.587707274235,9336.587841175,9336.587841175,9336.611568407,9336.621036195,0,COMPLETED,True,0.13390076492214575,23.72723199914617,9.467788000620203,33.32892076468852
2792,9336.608502298115,9336.608640115,9336.608640115,9336.615922803,9336.62504171,1,COMPLETED,True,0.13781688539893366,7.282687998667825,9.118907000811305,16.539411884878064
2793,9336.617999999688,9336.618120109,9336.618120109,9336.621380539,9336.630322155,0,COMPLETED,True,0.12010931277472991,3.2604299995000474,8.941616000811337,12.322155313086114
2794,9336.620018167461,9336.620144615,9336.620144615,9336.625408306,9336.634573504,1,COMPLETED,True,0.12644753951462917,5.263690998617676,9.165198000118835,14.55533653825114
2795,9336.629313676207,9336.629409539,9336.629409539,9336.630694435,9336.639772671,0,COMPLETED,True,0.09586279338691384,1.2848959995608311,9.078236000277684,10.458994793225429
2796,9336.653071096534,9336.65317805,9336.65317805,9336.65363281,9336.662640571,1,COMPLETED,True,0.1069534664566163,0.454759998319787,9.007761000248138,9.569474465024541
2797,9336.679560464205,9336.679648184,9336.679648184,9336.680310572,9336.68936487,0,COMPLETED,True,0.08771979446464684,0.6623879999096971,9.054298001501593,9.804405795875937
2798,9336.683538699897,9336.683798099,9336.683798099,9336.684557306,9336.697233718,1,COMPLETED,True,0.259399103015312,0.7592069996462669,12.676411999564152,13.695018102225731
2799,9336.689402922448,9336.689494964,9336.689494964,9336.690025031,9336.699051605,0,COMPLETED,True,0.09204155139741488,0.5300669999996899,9.026574000017717,9.648682551414822
2800,9336.726181890386,9336.726316796,9336.726316796,9336.72725829,9336.739707888,1,COMPLETED,True,0.13490561468643136,0.9414939995622262,12.44959799987555,13.525997614124208
2801,9336.750435656162,9336.750688228,9336.750688228,9336.751344305,9336.76580652,0,COMPLETED,True,0.2525718373362906,0.6560769998031901,14.462215000094147,15.370863837233628
2802,9336.75160807533,9336.751809936,9336.751809936,9336.752451435,9336.765698721,1,COMPLETED,True,0.20186067013128195,0.6414990002667764,13.247285998659208,14.090645669057267
2803,9336.760036313255,9336.760296562,9336.760296562,9336.766265343,9336.779188362,1,COMPLETED,True,0.26024874568975065,5.968780998955481,12.923018999572378,19.15204874421761
2804,9336.76068277361,9336.760829216,9336.760829216,9336.766454173,9336.778912847,0,COMPLETED,True,0.14644238945038524,5.6249569988722214,12.458674000299652,18.23007338862226
2805,9336.764777429908,9336.764940605,9336.764940605,9336.779137492,9336.790612732,0,COMPLETED,True,0.16317509289365262,14.196886999343405,11.475240000436315,25.835302092673373
2806,9336.798484181018,9336.798638336,9336.798638336,9336.799397309,9336.810280872,1,COMPLETED,True,0.15415498273796402,0.7589729993924266,10.88356299987936,11.79669098200975
2807,9336.80855567727,9336.808694707,9336.808694707,9336.809364432,9336.818520676,0,COMPLETED,True,0.13902973114454653,0.6697249991702847,9.156244001133018,9.96499873144785
2808,9336.81984188908,9336.819956827,9336.819956827,9336.820641714,9336.83011297,1,COMPLETED,True,0.11493791862449143,0.6848870016256114,9.471255998505512,10.271080918755615
2809,9336.823175983947,9336.823346139,9336.823346139,9336.824040672,9336.832896579,0,COMPLETED,True,0.17015505181916524,0.6945330005692085,8.855907000906882,9.720595053295256
2810,9336.83610321511,9336.836262176,9336.836262176,9336.836922592,9336.84616235,1,COMPLETED,True,0.15896089098532684,0.6604159989365144,9.239758001058362,10.059134890980204
2811,9336.867188146347,9336.867306031,9336.867306031,9336.867976145,9336.878225685,0,COMPLETED,True,0.11788465235440526,0.6701140009681694,10.249540000586421,11.037538653908996
2812,9336.869808054618,9336.869974279,9336.869974279,9336.870634699,9336.88300633,1,COMPLETED,True,0.16622438124613836,0.6604200007132022,12.371630999041372,13.198275381000713
2813,9336.881861072585,9336.88206454,9336.88206454,9336.882770878,9336.892262877,0,COMPLETED,True,0.20346741439425386,0.7063380016916199,9.491998998782947,10.40180441486882
2814,9336.883510215146,9336.8836801,9336.8836801,9336.884192283,9336.893513771,1,COMPLETED,True,0.16988485367619433,0.5121829999552574,9.321487999841338,10.00355585347279
2815,9336.886130499779,9336.886281789,9336.886281789,9336.892463996,9336.901502504,0,COMPLETED,True,0.15128922132134903,6.182207000165363,9.03850800023065,15.372004221717361
2816,9336.887409347713,9336.887542856,9336.887542856,9336.893697302,9336.903305726,1,COMPLETED,True,0.13350828703551088,6.154446000437019,9.608423999452498,15.896378286925028
2817,9336.889389760809,9336.889546601,9336.889546601,9336.901854321,9336.911104866,0,COMPLETED,True,0.15684019126638304,12.307720000535483,9.250544999304111,21.715105191105977
2818,9336.901460905696,9336.901624037,9336.901624037,9336.903660737,9336.912781231,1,COMPLETED,True,0.16313130436174106,2.036699999734992,9.120493999944301,11.320325304041035
2819,9336.901985888662,9336.902475625,9336.902475625,9336.91146508,9336.920484325,0,COMPLETED,True,0.4897363378404407,8.989455000119051,9.019245000672527,18.49843633863202
2820,9336.903866127259,9336.904056439,9336.904056439,9336.913122554,9336.922380524,1,COMPLETED,True,0.19031174088013358,9.06611500067811,9.257969999453053,18.514396741011296
2821,9336.90591639939,9336.90607162,9336.90607162,9336.920833631,9336.930038731,0,COMPLETED,True,0.1552206103951903,14.76201100012986,9.205099999235244,24.122331609760295
2822,9336.915715177605,9336.915855362,9336.915855362,9336.922711126,9336.931941225,1,COMPLETED,True,0.14018439469509758,6.8557640006474685,9.230098999978509,16.226047395321075
2823,9336.919941785696,9336.920141154,9336.920141154,9336.930406198,9336.939191812,0,COMPLETED,True,0.19936830358346924,10.265044000334456,8.785613999862107,19.250026303780032
2824,9336.92238394291,9336.922510421,9336.922510421,9336.932346025,9336.941436929,1,COMPLETED,True,0.12647808944166172,9.835603999817977,9.090904000913724,19.052986090173363
2825,9336.935854025356,9336.936145681,9336.936145681,9336.939532591,9336.94878388,0,COMPLETED,True,0.29165564410504885,3.3869100006995723,9.25128899871197,12.929854643516592
2826,9336.938079050413,9336.938338884,9336.938338884,9336.941789271,9336.951081422,1,COMPLETED,True,0.25983358682424296,3.4503870010667015,9.292150998589932,13.002371586480876
2827,9336.950478611385,9336.950646677,9336.950646677,9336.951183556,9336.960247524,0,COMPLETED,True,0.16806561507110018,0.5368790007196367,9.06396800019138,9.768912615982117
2828,9336.962413082229,9336.962580519,9336.962580519,9336.963390784,9336.975645671,1,COMPLETED,True,0.16743677224440034,0.8102649990178179,12.254887000381132,13.23258877164335
2829,9336.970373503484,9336.970546647,9336.970546647,9336.970943305,9336.979846335,0,COMPLETED,True,0.17314351680397522,0.39665799886279274,8.903030000510626,9.472831516177393
2830,9336.97596974393,9336.976420996,9336.976420996,9336.976977882,9336.986356136,1,COMPLETED,True,0.4512520699790912,0.556885999685619,9.378254000694142,10.386392070358852
2831,9336.977703359385,9336.977836904,9336.977836904,9336.980386436,9336.989573387,0,COMPLETED,True,0.1335446140728891,2.5495320005575195,9.186950999719556,11.870027614349965
2832,9336.980223820827,9336.980448721,9336.980448721,9336.986760824,9336.996047517,1,COMPLETED,True,0.22490017363452353,6.312102999800118,9.286692999012303,15.823696172446944
2833,9336.986401839422,9336.986543306,9336.986543306,9336.989929644,9336.998976631,0,COMPLETED,True,0.1414665784977842,3.386337999472744,9.04698699923756,12.574791577208089
2834,9337.002864353059,9337.00300276,9337.00300276,9337.003723927,9337.012696725,1,COMPLETED,True,0.1384069419145817,0.72116699993785,8.97279799937678,9.832371941229212
2835,9337.01537091762,9337.015552955,9337.015552955,9337.016239786,9337.025486831,0,COMPLETED,True,0.18203738000011072,0.686831001075916,9.247044999938225,10.115913381014252
2836,9337.019696013187,9337.019888448,9337.019888448,9337.020570179,9337.030065433,1,COMPLETED,True,0.1924348125612596,0.6817310004407773,9.495254000285058,10.369419813287095
2837,9337.019778311314,9337.020077955,9337.020077955,9337.025879856,9337.034702061,0,COMPLETED,True,0.2996436851390172,5.801901001177612,8.822204999887617,14.923749686204246
2838,9337.020748362387,9337.020894381,9337.020894381,9337.030447646,9337.039943653,1,COMPLETED,True,0.14601861221308354,9.553265001159161,9.496007000052487,19.19529061342473
2839,9337.02436532201,9337.024532044,9337.024532044,9337.035062921,9337.043877041,0,COMPLETED,True,0.16672199126332998,10.530876999837346,8.814119999442482,19.51171899054316
2840,9337.027326033229,9337.027492436,9337.027492436,9337.040188674,9337.049631468,1,COMPLETED,True,0.1664027713559335,12.696237999989535,9.442794000278809,22.305434771624277
2841,9337.029595696526,9337.029860298,9337.029860298,9337.044335026,9337.053251204,0,COMPLETED,True,0.26460147455509286,14.474727999186143,8.916178001527442,23.655507475268678
2842,9337.035148483477,9337.035343605,9337.035343605,9337.049978739,9337.059090119,1,COMPLETED,True,0.19512152357492596,14.635133999036043,9.11138000083156,23.941635523442528
2843,9337.036655213116,9337.036880161,9337.036880161,9337.053610405,9337.062683299,0,COMPLETED,True,0.22494788390758913,16.730244000427774,9.072893999473308,26.02808588380867
2844,9337.044854506377,9337.045022021,9337.045022021,9337.05944261,9337.068875636,1,COMPLETED,True,0.1675146231718827,14.420588999200845,9.433025999896927,24.021129622269655
2845,9337.049955140626,9337.050119354,9337.050119354,9337.063032037,9337.072440334,0,COMPLETED,True,0.164213373864186,12.912682999740355,9.408296999026788,22.48519337263133
2846,9337.054834274053,9337.055005537,9337.055005537,9337.069211243,9337.07849797,1,COMPLETED,True,0.17126294733316172,14.205706000211649,9.286726999562234,23.663695947107044
2847,9337.060427508364,9337.060594461,9337.060594461,9337.07278478,9337.082061543,0,COMPLETED,True,0.1669526354817208,12.190319001092575,9.27676299943414,21.634034636008437
2848,9337.062188475451,9337.062445744,9337.062445744,9337.078873429,9337.088484812,1,COMPLETED,True,0.2572685498307692,16.42768499914382,9.61138300044695,26.29633654942154
2849,9337.073532432796,9337.073621933,9337.073621933,9337.082217501,9337.091587435,0,COMPLETED,True,0.08950020310294349,8.595568000600906,9.369933999550994,18.055002203254844
2850,9337.079898690807,9337.080083718,9337.080083718,9337.088833396,9337.098116368,1,COMPLETED,True,0.18502719285606872,8.74967799973092,9.282972001528833,18.217677194115822
2851,9337.093173326053,9337.093315877,9337.093315877,9337.093821135,9337.10462695,0,COMPLETED,True,0.14255094720283523,0.5052579999755835,10.8058149999124,11.453623947090819
2852,9337.096252328352,9337.096346974,9337.096346974,9337.098461362,9337.108099049,1,COMPLETED,True,0.09464564755035099,2.1143880003364757,9.637687000576989,11.846720648463815
2853,9337.107721088538,9337.107885368,9337.107885368,9337.108487668,9337.11822426,0,COMPLETED,True,0.16427946138719562,0.6023000005370704,9.73659200099064,10.503171462914906
2854,9337.107932064211,9337.107972942,9337.107972942,9337.108451244,9337.117642058,1,COMPLETED,True,0.04087778870598413,0.4783019994647475,9.190814000248793,9.709993788419524
2855,9337.11473935462,9337.114831668,9337.114831668,9337.117998428,9337.126972622,1,COMPLETED,True,0.09231337935489137,3.166760001477087,8.974193999165436,12.233267379997415
2856,9337.115768715688,9337.115853112,9337.115853112,9337.118559649,9337.127864808,0,COMPLETED,True,0.08439631164947059,2.7065369995398214,9.305159001087304,12.096092312276596
2857,9337.116623126636,9337.116724133,9337.116724133,9337.127336231,9337.136596757,1,COMPLETED,True,0.10100636427523568,10.612097999910475,9.26052599970717,19.97363036389288
2858,9337.121770853382,9337.121881927,9337.121881927,9337.128261296,9337.137165853,0,COMPLETED,True,0.11107361751783174,6.379369000569568,8.904557000278146,15.394999618365546
2859,9337.122435028765,9337.122556958,9337.122556958,9337.136886722,9337.14811971,1,COMPLETED,True,0.12192923531983979,14.329764000649448,11.232987999392208,25.684681235361495
2860,9337.135550147257,9337.135657879,9337.135657879,9337.137524248,9337.148269082,0,COMPLETED,True,0.10773174290079623,1.8663690007088007,10.744833998614922,12.71893474222452
2861,9337.139582201906,9337.139703902,9337.139703902,9337.148454497,9337.160670029,1,COMPLETED,True,0.12170009358669631,8.750595001401962,12.21553199866321,21.087827093651867
2862,9337.14018409566,9337.140284751,9337.140284751,9337.148521306,9337.160605864,0,COMPLETED,True,0.10065533933811821,8.236555000621593,12.084558000424295,20.421768340384006
2863,9337.144067911519,9337.144247295,9337.144247295,9337.160913369,9337.172588331,0,COMPLETED,True,0.17938348173629493,16.666073999658693,11.674961999233346,28.520419480628334
2864,9337.148056600989,9337.148233594,9337.148233594,9337.160925728,9337.172494427,1,COMPLETED,True,0.17699301133689005,12.692133999735233,11.568699001145433,24.437826012217556
2865,9337.153381243896,9337.153493798,9337.153493798,9337.172686596,9337.183336407,1,COMPLETED,True,0.11255410390731413,19.19279800131335,10.649810999893816,29.95516310511448
2866,9337.155534662827,9337.155714034,9337.155714034,9337.172912996,9337.187977826,0,COMPLETED,True,0.17937117263500113,17.198962001202744,15.064830000483198,32.443163174320944
2867,9337.155605880951,9337.155779086,9337.155779086,9337.183684846,9337.194576503,1,COMPLETED,True,0.17320504957751837,27.905760000066948,10.891656998865074,38.97062204850954
2868,9337.165113895882,9337.165221845,9337.165221845,9337.188292678,9337.199225104,0,COMPLETED,True,0.10794911759148818,23.070833000019775,10.9324259992718,34.11120811688306
2869,9337.174164518314,9337.174296859,9337.174296859,9337.194931868,9337.205915767,1,COMPLETED,True,0.1323406868323218,20.635008999306592,10.98389899925678,31.751248685395694
2870,9337.18108260473,9337.181196487,9337.181196487,9337.199388162,9337.210114163,0,COMPLETED,True,0.113882269943133,18.19167500070762,10.72600099905685,29.031558269707602
2871,9337.187331556217,9337.187449389,9337.187449389,9337.206233554,9337.218227924,1,COMPLETED,True,0.11783278387156315,18.78416499857849,11.994370001048082,30.896367783498135
2872,9337.190695956891,9337.190801682,9337.190801682,9337.210415221,9337.221459316,0,COMPLETED,True,0.10572510836936999,19.613538999692537,11.044095001125243,30.76335910918715
2873,9337.194105543429,9337.194228507,9337.194228507,9337.21852521,9337.229706635,1,COMPLETED,True,0.12296357090235688,24.296703000800335,11.181424999449519,35.60109157115221
2874,9337.19486759029,9337.195092569,9337.195092569,9337.22179631,9337.232722722,0,COMPLETED,True,0.22497871032101102,26.703740999437287,10.926412000117125,37.85513170987542
2875,9337.200792875401,9337.200916257,9337.200916257,9337.23004103,9337.241024929,1,COMPLETED,True,0.12338159831415396,29.124773000148707,10.98389900107577,40.23205359953863
2876,9337.201768825184,9337.201926264,9337.201926264,9337.232998619,9337.243673063,0,COMPLETED,True,0.15743881704111118,31.07235499919625,10.674443999960204,41.904237816197565
2877,9337.22314429654,9337.223166117,9337.223166117,9337.241378513,9337.252300205,1,COMPLETED,True,0.02182046046073083,18.212395998489228,10.921692000920302,29.15590845987026
2878,9337.230925979567,9337.231013206,9337.231013206,9337.244025652,9337.255139032,0,COMPLETED,True,0.0872264317877125,13.012446001084754,11.113380000097095,24.213052432969562
2879,9337.246235783581,9337.246350366,9337.246350366,9337.252644584,9337.263808082,1,COMPLETED,True,0.11458241897344124,6.294217999311513,11.163498000314576,17.57229841859953
2880,9337.249736059073,9337.249850952,9337.249850952,9337.255447973,9337.266550821,0,COMPLETED,True,0.11489292592159472,5.5970210014493205,11.102847998699872,16.814761926070787
2881,9337.258519873289,9337.258650602,9337.258650602,9337.264099505,9337.274998858,1,COMPLETED,True,0.1307287111558253,5.448903000797145,10.899352999331313,16.478984711284284
2882,9337.260688807588,9337.260900052,9337.260900052,9337.266858528,9337.277810975,0,COMPLETED,True,0.211244412639644,5.9584760001598625,10.952446998999221,17.122167411798728
2883,9337.261638282027,9337.261799052,9337.261799052,9337.275336335,9337.286015576,1,COMPLETED,True,0.16076997235359158,13.537283000914613,10.679241000616457,24.37729397388466
2884,9337.263408174522,9337.263580159,9337.263580159,9337.278127501,9337.288843468,0,COMPLETED,True,0.17198447858390864,14.547341999787022,10.71596700057853,25.43529347894946
2885,9337.268351315706,9337.268549632,9337.268549632,9337.286335216,9337.297620674,1,COMPLETED,True,0.1983162928809179,17.785584001103416,11.285458000202198,29.26935829418653
2886,9337.272689922036,9337.272864249,9337.272864249,9337.289143433,9337.300179392,0,COMPLETED,True,0.17432696404284798,16.279183999358793,11.035958999855211,27.48946996325685
2887,9337.278871038552,9337.27912161,9337.27912161,9337.297958558,9337.308670916,1,COMPLETED,True,0.25057144739548676,18.836948000171105,10.712358000091626,29.79987744765822
2888,9337.284080328369,9337.284163503,9337.284163503,9337.30045416,9337.311098455,0,COMPLETED,True,0.0831746310723247,16.29065700035426,10.644295000020065,27.01812663144665
2889,9337.284919485783,9337.285087747,9337.285087747,9337.308998403,9337.319756803,1,COMPLETED,True,0.16826121645863168,23.910656000225572,10.758399999758694,34.8373172164429
2890,9337.293321299661,9337.2935048,9337.2935048,9337.311431701,9337.32238263,0,COMPLETED,True,0.18350033860770054,17.926901000464568,10.95092899959127,29.061330338663538
2891,9337.2949394691,9337.295078817,9337.295078817,9337.320124471,9337.331265698,1,COMPLETED,True,0.13934789967606775,25.045653999768547,11.141226999825449,36.32622889927006
2892,9337.303137301695,9337.303300396,9337.303300396,9337.322692384,9337.333632264,0,COMPLETED,True,0.16309430611727294,19.391987998460536,10.939880001387792,30.4949623059656
2893,9337.310314222263,9337.310476324,9337.310476324,9337.33157942,9337.342429873,1,COMPLETED,True,0.16210173816944007,21.10309599993343,10.850452999875415,32.115650737978285
2894,9337.320915694396,9337.321130636,9337.321130636,9337.333934895,9337.344570227,0,COMPLETED,True,0.21494160500878934,12.804258998585283,10.63533200067468,23.654532604268752
2895,9337.327826211482,9337.32799059,9337.32799059,9337.342714413,9337.353976991,1,COMPLETED,True,0.16437851809314452,14.723823000167613,11.262578000241774,26.15077951850253
2896,9337.342005496703,9337.342155279,9337.342155279,9337.344845922,9337.35618684,0,COMPLETED,True,0.1497822977398755,2.6906429993687198,11.340917999405065,14.18134329651366
2897,9337.343552808285,9337.343695934,9337.343695934,9337.354318298,9337.364981288,1,COMPLETED,True,0.14312571511254646,10.622363999573281,10.662990000128048,21.428479714813875
2898,9337.344361069254,9337.344500589,9337.344500589,9337.356455102,9337.367431559,0,COMPLETED,True,0.13951974688097835,11.954513000091538,10.976456998832873,23.07048974580539
2899,9337.363339920024,9337.363505946,9337.363505946,9337.365319033,9337.374650151,1,COMPLETED,True,0.1660259749769466,1.8130870012100786,9.331117998954142,11.310230975141167
2900,9337.373293691939,9337.373457016,9337.373457016,9337.374164528,9337.384954172,0,COMPLETED,True,0.1633240608498454,0.7075120010995306,10.789643998577958,11.660480060527334
2901,9337.373375310835,9337.373588288,9337.373588288,9337.374801174,9337.385785232,1,COMPLETED,True,0.21297716375556774,1.212886001667357,10.984057998939534,12.409921164362459
2902,9337.373756323223,9337.374024452,9337.374024452,9337.385287432,9337.396201972,0,COMPLETED,True,0.26812877695192583,11.262980000537937,10.914540000158013,22.445648777647875
2903,9337.374595836913,9337.374730742,9337.374730742,9337.386120333,9337.397077477,1,COMPLETED,True,0.13490508717950433,11.389590999897337,10.957144000713015,22.481640087789856
2904,9337.377302522133,9337.377463948,9337.377463948,9337.396500699,9337.407144519,0,COMPLETED,True,0.16142586719070096,19.036751000385266,10.64382000004116,29.841996867617127
2905,9337.385912776463,9337.386086767,9337.386086767,9337.397428505,9337.408492196,1,COMPLETED,True,0.17399053649569396,11.341738001647172,11.063690999435494,22.57941953757836
2906,9337.398970188917,9337.399233833,9337.399233833,9337.407456605,9337.418371232,0,COMPLETED,True,0.26364408404333517,8.222771999498946,10.914626998783206,19.401043082325486
2907,9337.401395322218,9337.401583422,9337.401583422,9337.408875925,9337.419479177,1,COMPLETED,True,0.1880997824628139,7.2925029999169055,10.603251999782515,18.083854782162234
2908,9337.40796679424,9337.408229149,9337.408229149,9337.418713044,9337.429371893,0,COMPLETED,True,0.2623547588882502,10.483895001016208,10.658848999810289,21.405098759714747
2909,9337.409307984566,9337.40945871,9337.40945871,9337.419821483,9337.430666735,1,COMPLETED,True,0.150725434650667,10.362772998632863,10.845251999853645,21.358750433137175
2910,9337.42167732085,9337.421832594,9337.421832594,9337.429667831,9337.440769132,0,COMPLETED,True,0.15527315008512232,7.835237000108464,11.10130099914386,19.091811149337445
2911,9337.42888827104,9337.429042628,9337.429042628,9337.431014976,9337.442887001,1,COMPLETED,True,0.15435695968335494,1.9723479999811389,11.872024999320274,13.998729958984768
2912,9337.437523270246,9337.438048036,9337.438048036,9337.441049591,9337.450665696,0,COMPLETED,True,0.5247657536529005,3.0015550000825897,9.616105000532116,13.142425754267606
2913,9337.446421585955,9337.446586305,9337.446586305,9337.447346601,9337.459901783,1,COMPLETED,True,0.16471904564241413,0.7602959994983394,12.55518200014194,13.480197045282694
2914,9337.447207155257,9337.447359495,9337.447359495,9337.450989824,9337.469604437,0,COMPLETED,True,0.15233974227157887,3.6303289998613764,18.61461299995426,22.397281742087216
2915,9337.449280952995,9337.449409115,9337.449409115,9337.460177544,9337.471279936,1,COMPLETED,True,0.12816200614906847,10.768428999654134,11.102391999884276,21.998983005687478
2916,9337.45721846389,9337.457311728,9337.457311728,9337.469925224,9337.480837231,0,COMPLETED,True,0.09326411054644268,12.613496000994928,10.912006999205914,23.618767110747285
2917,9337.459352796925,9337.459593781,9337.459593781,9337.471435977,9337.482568973,1,COMPLETED,True,0.24098407629935537,11.842195999633987,11.132996000014828,23.21617607594817
2918,9337.460061324935,9337.46025043,9337.46025043,9337.481135551,9337.491877459,0,COMPLETED,True,0.18910506514657754,20.885120999082574,10.741908001364209,31.81613406559336
2919,9337.465232101982,9337.465393342,9337.465393342,9337.482885482,9337.493901508,1,COMPLETED,True,0.16124001740536187,17.492140001195366,11.016025999197154,28.669406017797883
2920,9337.467352128451,9337.467507168,9337.467507168,9337.492177346,9337.503137371,0,COMPLETED,True,0.15503954818996135,24.67017799972382,10.960025001622853,35.78524254953663
2921,9337.47298096504,9337.473158047,9337.473158047,9337.494198677,9337.50546778,1,COMPLETED,True,0.17708195991872344,21.04063000115275,11.26910299899464,32.48681496006611
2922,9337.476441424404,9337.476599943,9337.476599943,9337.503291159,9337.514511692,0,COMPLETED,True,0.15851859643589705,26.691216000472195,11.220532998777344,38.070267595685436
2923,9337.47963701729,9337.479798556,9337.479798556,9337.505764168,9337.516550252,1,COMPLETED,True,0.16153871001733933,25.965611999708926,10.786083999846596,36.91323470957286
2924,9337.48668645581,9337.486855863,9337.486855863,9337.514806328,9337.525921738,0,COMPLETED,True,0.169407190696802,27.950464998866664,11.1154100013664,39.235282190929865
2925,9337.486772079868,9337.48698248,9337.48698248,9337.516862386,9337.527662431,1,COMPLETED,True,0.210400132345967,29.879906000132905,10.800044999996317,40.89035113247519
2926,9337.491824411158,9337.491988118,9337.491988118,9337.526233081,9337.537698851,0,COMPLETED,True,0.16370684170396999,34.24496300067403,11.465769999631448,45.87443984200945
2927,9337.503307607578,9337.503458293,9337.503458293,9337.527970922,9337.53908628,1,COMPLETED,True,0.1506854223407572,24.512628999218578,11.11535800009733,35.778672421656665
2928,9337.519416366269,9337.519637002,9337.519637002,9337.538007178,9337.549218134,0,COMPLETED,True,0.2206357312388718,18.370175999734784,11.210955999558792,29.801767730532447
2929,9337.520628220667,9337.520836989,9337.520836989,9337.53943879,9337.550590236,1,COMPLETED,True,0.20876833332295064,18.60180099902209,11.151446000440046,29.962015332785086
2930,9337.521756084501,9337.521951228,9337.521951228,9337.549565013,9337.560843399,0,COMPLETED,True,0.1951434987859102,27.613784999630298,11.278386000412866,39.08731449882907
2931,9337.525266575904,9337.525428829,9337.525428829,9337.550928286,9337.561640873,1,COMPLETED,True,0.16225309627770912,25.499457000478287,10.712586999943596,36.37429709669959
2932,9337.531456669203,9337.53171011,9337.53171011,9337.561183826,9337.57189132,0,COMPLETED,True,0.25344079767819494,29.473715998392436,10.707494000598672,40.4346507966693
2933,9337.532053276558,9337.532176617,9337.532176617,9337.561995605,9337.572625941,1,COMPLETED,True,0.12334044185990933,29.81898799953342,10.630336000758689,40.57266444215202
2934,9337.532372591857,9337.532527919,9337.532527919,9337.572272757,9337.583344249,0,COMPLETED,True,0.15532714314758778,39.74483799902373,11.071492001065053,50.97165714323637
2935,9337.547011156792,9337.547271876,9337.547271876,9337.572954592,9337.58375095,1,COMPLETED,True,0.26071920729009435,25.682716001028894,10.7963579994248,36.73979320774379
2936,9337.549228732467,9337.54941889,9337.54941889,9337.583675802,9337.59482783,0,COMPLETED,True,0.19015753241546918,34.25691200027359,11.152028000651626,45.59909753334068
2937,9337.554231808896,9337.554444819,9337.554444819,9337.584144102,9337.595042588,1,COMPLETED,True,0.21301010383467656,29.699283000809373,10.898485999859986,40.810779104504036
2938,9337.556777984177,9337.556908381,9337.556908381,9337.595149412,9337.606255134,0,COMPLETED,True,0.13039682380622253,38.24103099941567,11.105722000138485,49.47714982336038
2939,9337.558363513817,9337.558492614,9337.558492614,9337.595335538,9337.60669418,1,COMPLETED,True,0.12910018267575651,36.842924000666244,11.358641999322572,48.33066618266457
2940,9337.584298796559,9337.584349069,9337.584349069,9337.606554686,9337.617425075,0,COMPLETED,True,0.050272441512788646,22.205617000508937,10.870388998228009,33.126278440249735
2941,9337.592811754646,9337.592963869,9337.592963869,9337.607048593,9337.61812689,1,COMPLETED,True,0.1521143531135749,14.084723999985727,11.078297000494786,25.315135353594087
2942,9337.59333086439,9337.593643403,9337.593643403,9337.617759177,9337.628943345,0,COMPLETED,True,0.31253861016011797,24.115773998346413,11.184168000909267,35.6124806094158
2943,9337.617749275858,9337.617934914,9337.617934914,9337.618471662,9337.629122051,1,COMPLETED,True,0.18563814228400588,0.5367479989217827,10.650389000147698,11.372775141353486
2944,9337.627858952095,9337.62795452,9337.62795452,9337.629270501,9337.640346908,0,COMPLETED,True,0.09556790428177919,1.3159810005163308,11.076406999563915,12.487955904362025
2945,9337.62968074505,9337.629799101,9337.629799101,9337.630259934,9337.641153106,1,COMPLETED,True,0.11835594887088519,0.4608330000337446,10.893172000578488,11.472360949483118
2946,9337.63903412563,9337.63912654,9337.63912654,9337.640656763,9337.649990958,0,COMPLETED,True,0.09241436964657623,1.5302230003726436,9.33419499961019,10.95683236962941
2947,9337.64825101964,9337.648337316,9337.648337316,9337.648973779,9337.659796854,1,COMPLETED,True,0.08629636067780666,0.6364629989548121,10.823075001098914,11.545834360731533
2948,9337.65070091199,9337.650818139,9337.650818139,9337.651379285,9337.662265906,0,COMPLETED,True,0.11722700946847908,0.5611460001091473,10.886620999372099,11.564994008949725
2949,9337.651149832524,9337.651261143,9337.651261143,9337.660201796,9337.670922987,1,COMPLETED,True,0.11131047722301446,8.940652998717269,10.72119099990232,19.773154475842603
2950,9337.6525174046,9337.652687337,9337.652687337,9337.66261819,9337.67369759,0,COMPLETED,True,0.1699324002402136,9.930852998877526,11.079400001108297,21.180185400226037
2951,9337.655662354726,9337.655770051,9337.655770051,9337.671247256,9337.682393696,1,COMPLETED,True,0.1076962744264165,15.477204999115202,11.146440001539304,26.731341275080922
2952,9337.66833793328,9337.668381906,9337.668381906,9337.674019445,9337.684971551,0,COMPLETED,True,0.04397271914058365,5.637538999508251,10.952106000331696,16.63361771898053
2953,9337.668558214418,9337.668901718,9337.668901718,9337.682737187,9337.693955967,1,COMPLETED,True,0.3435035814618459,13.835469000696321,11.21878000049037,25.397752582648536
2954,9337.668672972515,9337.668924347,9337.668924347,9337.685279859,9337.695773637,0,COMPLETED,True,0.25137448392342776,16.355512001609895,10.493777999727172,27.100664485260495
2955,9337.68028449345,9337.680376674,9337.680376674,9337.694275914,9337.705434846,1,COMPLETED,True,0.09218054947268683,13.899240000682767,11.158932000398636,25.15035255055409
2956,9337.684314165117,9337.684421063,9337.684421063,9337.696107894,9337.707198921,0,COMPLETED,True,0.10689788359741215,11.686830999678932,11.091026999565656,22.884755882842
2957,9337.68669533215,9337.686783703,9337.686783703,9337.705756035,9337.716731195,1,COMPLETED,True,0.08837085078994278,18.972331999975722,10.975159999361495,30.03586285012716
2958,9337.695114801832,9337.695171965,9337.695171965,9337.707534721,9337.718467992,0,COMPLETED,True,0.05716316809412092,12.362755998765351,10.93327099988528,23.353190166744753
2959,9337.703934074247,9337.704043117,9337.704043117,9337.71705075,9337.728163649,1,COMPLETED,True,0.10904275404755026,13.007632998778718,11.112899001091137,24.229574753917404
2960,9337.70626107897,9337.706351485,9337.706351485,9337.718797571,9337.729665499,0,COMPLETED,True,0.09040602890308946,12.44608600063657,10.86792800015246,23.40442002969212
2961,9337.70935633681,9337.709462512,9337.709462512,9337.728458446,9337.738275041,1,COMPLETED,True,0.10617519001243636,18.99593399866717,9.816595000302186,28.918704188981792
2962,9337.733219532289,9337.733390131,9337.733390131,9337.733932183,9337.748630819,0,COMPLETED,True,0.17059871061064769,0.5420520010375185,14.698635999593535,15.4112867112417
2963,9337.74346562147,9337.743627883,9337.743627883,9337.744268337,9337.754536583,1,COMPLETED,True,0.16226152911258396,0.6404540017683757,10.268245998304337,11.070961529185297
2964,9337.74543003448,9337.745674932,9337.745674932,9337.749104027,9337.761074597,0,COMPLETED,True,0.24489752104273066,3.429094998864457,11.970569999903091,15.644562519810279
2965,9337.749487285228,9337.749736145,9337.749736145,9337.754693487,9337.765633933,1,COMPLETED,True,0.2488597729097819,4.957342000125209,10.940445999949588,16.14664777298458
2966,9337.751876915463,9337.751989309,9337.751989309,9337.761438498,9337.77239811,0,COMPLETED,True,0.11239353625569493,9.449189001315972,10.959612000078778,20.521194537650445
2967,9337.752146721436,9337.752426626,9337.752426626,9337.765941339,9337.777083822,1,COMPLETED,True,0.2799045651045162,13.51471299858531,11.14248300109466,24.937100564784487
2968,9337.762578955977,9337.762670456,9337.762670456,9337.772737921,9337.783674501,0,COMPLETED,True,0.09150002370006405,10.067464998428477,10.936580001725815,21.095545023854356
2969,9337.77544077515,9337.775533236,9337.775533236,9337.777384232,9337.788521949,1,COMPLETED,True,0.09246084846381564,1.850996000939631,11.137716999655822,13.081173849059269
2970,9337.776922825453,9337.777011886,9337.777011886,9337.784041472,9337.794828308,0,COMPLETED,True,0.08906054790713824,7.029585998679977,10.786836000988842,17.905482547575957
2971,9337.777051885818,9337.77705576,9337.77705576,9337.788816788,9337.799539007,1,COMPLETED,True,0.0038741818570997566,11.76102799945511,10.722218999944744,22.487121181256953
2972,9337.778333138347,9337.778575154,9337.778575154,9337.794985563,9337.806012513,0,COMPLETED,True,0.24201565247494727,16.410408999945503,11.0269500000868,27.67937465250725
2973,9337.786914003666,9337.787171132,9337.787171132,9337.799876693,9337.81014048,1,COMPLETED,True,0.25712833485158626,12.705560999165755,10.263787000440061,23.226476334457402
2974,9337.807375656637,9337.807536925,9337.807536925,9337.808153507,9337.818037832,0,COMPLETED,True,0.16126836271723732,0.6165819995658239,9.88432499980263,10.66217536208569
2975,9337.813711137482,9337.813968975,9337.813968975,9337.814480009,9337.825364181,1,COMPLETED,True,0.2578375188022619,0.5110339989187196,10.884172001169645,11.653043518890627
2976,9337.814470948393,9337.814614247,9337.814614247,9337.818327798,9337.829104546,0,COMPLETED,True,0.14329860641737469,3.713551001055748,10.77674799853412,14.633597606007243
2977,9337.817089495478,9337.817241357,9337.817241357,9337.825718839,9337.836458884,1,COMPLETED,True,0.15186152086243965,8.477482000671444,10.740044999693055,19.369388521226938
2978,9337.825193179624,9337.8255874,9337.8255874,9337.829429919,9337.839951241,0,COMPLETED,True,0.39422037662006915,3.8425189995905384,10.52132199947664,14.758061375687248
2979,9337.834546334114,9337.834667652,9337.834667652,9337.836763243,9337.848313956,1,COMPLETED,True,0.12131788571423385,2.0955910003976896,11.550712999451207,13.76762188556313
2980,9337.838891442489,9337.839086279,9337.839086279,9337.84027649,9337.850996212,0,COMPLETED,True,0.19483651158225257,1.1902109999937238,10.71972200043092,12.104769512006897
2981,9337.857026400563,9337.85718644,9337.85718644,9337.858049765,9337.867383877,1,COMPLETED,True,0.1600394371052971,0.8633249999547843,9.334111999123706,10.357476436183788
2982,9337.871379093904,9337.87154256,9337.87154256,9337.872206115,9337.881390716,0,COMPLETED,True,0.1634660966374213,0.663554999846383,9.184601000015391,10.011622096499195
2983,9337.884688709786,9337.884851966,9337.884851966,9337.885490088,9337.894917218,1,COMPLETED,True,0.16325621436408255,0.638121999145369,9.42713000040385,10.228508213913301
2984,9337.909966483427,9337.910125265,9337.910125265,9337.910870173,9337.921145001,0,COMPLETED,True,0.1587815731909359,0.7449080003425479,10.274828000547132,11.178517574080615
2985,9337.91339623035,9337.913556669,9337.913556669,9337.914012781,9337.924647635,1,COMPLETED,True,0.16043865070969332,0.4561120003927499,10.634853999363258,11.251404650465702
2986,9337.92448434966,9337.92466648,9337.92466648,9337.925421386,9337.936335075,0,COMPLETED,True,0.18213033945357893,0.7549060010205721,10.91368900051748,11.85072534099163
2987,9337.924600675671,9337.924793505,9337.924793505,9337.92590744,9337.937059084,1,COMPLETED,True,0.19282932953501586,1.1139349990116898,11.151644001074601,12.458408329621307
2988,9337.92533764605,9337.9257878,9337.9257878,9337.936692214,9337.947545296,0,COMPLETED,True,0.45015395153313875,10.90441399901465,10.853081999812275,22.207649950360064
2989,9337.935281957958,9337.935538106,9337.935538106,9337.937209971,9337.948140464,1,COMPLETED,True,0.2561480414442485,1.6718650003895164,10.930492999250419,12.858506041084183
2990,9337.938441893604,9337.938592434,9337.938592434,9337.947896687,9337.958659648,0,COMPLETED,True,0.1505403961346019,9.304252998845186,10.762961001091753,20.21775439607154
2991,9337.943213767672,9337.94337105,9337.94337105,9337.948450043,9337.959531257,1,COMPLETED,True,0.15728232756373473,5.078993001006893,11.08121399920492,16.317489327775547
2992,9337.958481948783,9337.958740768,9337.958740768,9337.959714649,9337.972711876,0,COMPLETED,True,0.2588192164694192,0.9738810003909748,12.997227000596467,14.229927217456861
2993,9337.965679195459,9337.965765987,9337.965765987,9337.966175381,9337.976248959,1,COMPLETED,True,0.08679154234414455,0.4093939987797057,10.073577999719419,10.569763540843269
2994,9337.97477619019,9337.974945944,9337.974945944,9337.975632305,9337.988366528,0,COMPLETED,True,0.16975381004158407,0.6863609996798914,12.734222998915357,13.590337808636832
2995,9337.975698067328,9337.975877763,9337.975877763,9337.97657429,9337.987505963,1,COMPLETED,True,0.1796956712496467,0.6965270004002377,10.931672999504372,11.807895671154256
2996,9337.976396362876,9337.976530151,9337.976530151,9337.98790549,9337.998503449,1,COMPLETED,True,0.13378812400333118,11.375338999641826,10.597959000733681,22.10708612437884
2997,9337.989203197933,9337.989291917,9337.989291917,9337.989789005,9338.000693344,0,COMPLETED,True,0.08871906720742118,0.4970879999746103,10.904339000262553,11.490146067444584
2998,9337.993280968503,9337.993375343,9337.993375343,9337.998812717,9338.010164326,1,COMPLETED,True,0.09437449625693262,5.437374000393902,11.351609000485041,16.883357497135876
2999,9337.994481646621,9337.9945687,9337.9945687,9338.001006276,9338.012143394,0,COMPLETED,True,0.08705337859282736,6.4375759993708925,11.137118000988266,17.661747378951986
3000,9338.010094764848,9338.010204034,9338.010204034,9338.010608415,9338.021128912,1,COMPLETED,True,0.10926915274467319,0.4043809985887492,10.520497000470641,11.034147151804063
3001,9338.01436795604,9338.014466679,9338.014466679,9338.014756379,9338.025499201,0,COMPLETED,True,0.09872295959212352,0.2896999994845828,10.742821999883745,11.131244958960451
3002,9338.01610446646,9338.016208853,9338.016208853,9338.021459279,9338.031871001,1,COMPLETED,True,0.10438653953315224,5.250426000202424,10.411721999844303,15.76653453957988
3003,9338.01645046601,9338.016616707,9338.016616707,9338.0258179,9338.040798469,0,COMPLETED,True,0.16624099043838214,9.201192999171326,14.980568999817478,24.348002989427187
3004,9338.01858016846,9338.018712818,9338.018712818,9338.032313589,9338.043112774,1,COMPLETED,True,0.13264954031910747,13.600770998891676,10.799184999996214,24.532605539206997
3005,9338.039222226826,9338.039378508,9338.039378508,9338.041109413,9338.051994631,0,COMPLETED,True,0.15628117398591712,1.7309049999312265,10.885218000112218,12.772404174029361
3006,9338.040499956278,9338.040638833,9338.040638833,9338.043443048,9338.054409347,1,COMPLETED,True,0.13887672139389906,2.804215000651311,10.966298999846913,13.909390721892123
3007,9338.04106613009,9338.041356429,9338.041356429,9338.052345253,9338.063109005,0,COMPLETED,True,0.2902989090216579,10.988824000378372,10.763751999547821,22.04287490894785
3008,9338.050817699237,9338.05098463,9338.05098463,9338.054725257,9338.065208005,1,COMPLETED,True,0.16693076213414315,3.740627000297536,10.482748000868014,14.390305763299693
3009,9338.053264325696,9338.05330142,9338.05330142,9338.063398972,9338.074115491,0,COMPLETED,True,0.037094303479534574,10.097552001752774,10.716518998378888,20.851165303611197
3010,9338.058108202807,9338.058243442,9338.058243442,9338.065541017,9338.076965845,1,COMPLETED,True,0.13523919187719002,7.2975750008481555,11.424828000599518,18.857642193324864
3011,9338.065707572792,9338.065844509,9338.065844509,9338.074459614,9338.085164408,0,COMPLETED,True,0.1369362071272917,8.615104999989853,10.704794000048423,19.456835207165568
3012,9338.069529724664,9338.069772628,9338.069772628,9338.07724045,9338.08793552,1,COMPLETED,True,0.24290333567478228,7.4678220007626805,10.695069999201223,18.405795335638686
3013,9338.073269513778,9338.073431466,9338.073431466,9338.085516564,9338.096404768,0,COMPLETED,True,0.1619522226974368,12.085098000170547,10.888204000366386,23.13525422323437
3014,9338.082284005579,9338.082416583,9338.082416583,9338.088272674,9338.099081834,1,COMPLETED,True,0.1325774210272357,5.856091000168817,10.80915999955323,16.797828420749283
3015,9338.09005753879,9338.090193851,9338.090193851,9338.096714927,9338.107826297,0,COMPLETED,True,0.13631221008836292,6.521076000353787,11.111370000435272,17.768758210877422
3016,9338.095028870574,9338.095158019,9338.095158019,9338.099364071,9338.110346538,1,COMPLETED,True,0.12914842591271736,4.206052000881755,10.982466999848839,15.317667426643311
3017,9338.121843204943,9338.121953751,9338.121953751,9338.122678741,9338.1333393,0,COMPLETED,True,0.11054605784011073,0.7249899990711128,10.660559000825742,11.496095057736966
3018,9338.123114141306,9338.123232906,9338.123232906,9338.123641177,9338.134685548,1,COMPLETED,True,0.11876469397975598,0.4082710001966916,11.044371000025421,11.571406694201869
3019,9338.125763339873,9338.125928565,9338.125928565,9338.133497556,9338.14452391,0,COMPLETED,True,0.16522512669325806,7.568991000880487,11.02635399911378,18.760570126687526
3020,9338.129936122332,9338.130132129,9338.130132129,9338.134840997,9338.145831486,1,COMPLETED,True,0.19600666746555362,4.70886800030712,10.990488999595982,15.895363667368656
3021,9338.131619913685,9338.131754259,9338.131754259,9338.144833961,9338.155967049,0,COMPLETED,True,0.13434531501843594,13.079701999231474,11.13308800086088,24.34713531511079
3022,9338.132279949896,9338.132428711,9338.132428711,9338.146150882,9338.157423791,1,COMPLETED,True,0.14876110435579903,13.722170999244554,11.272909001490916,25.14384110509127
3023,9338.152986890378,9338.153135791,9338.153135791,9338.156277348,9338.167367849,0,COMPLETED,True,0.1489006226620404,3.1415569992532255,11.090501000580844,14.38095862249611
3024,9338.156665245244,9338.156762032,9338.156762032,9338.157811703,9338.169003092,1,COMPLETED,True,0.09678675633040257,1.0496710001461906,11.191388999577612,12.337846756054205
3025,9338.161089101077,9338.161182524,9338.161182524,9338.167679251,9338.178532774,0,COMPLETED,True,0.09342292287328746,6.496727000921965,10.85352299924125,17.4436729230365
3026,9338.169441145164,9338.169594779,9338.169594779,9338.170225821,9338.181272928,1,COMPLETED,True,0.15363383499789052,0.6310420012596296,11.047107000194956,11.831782836452476
3027,9338.177935087118,9338.178042876,9338.178042876,9338.178891283,9338.188340641,0,COMPLETED,True,0.10778888099594042,0.848407000376028,9.449357999983476,10.405553881355445
3028,9338.190469503497,9338.190559925,9338.190559925,9338.191194503,9338.200238003,1,COMPLETED,True,0.09042150304594543,0.6345780002448009,9.043500000188942,9.768499503479688
3029,9338.202576403877,9338.202688571,9338.202688571,9338.203297118,9338.212467902,0,COMPLETED,True,0.11216712300665677,0.6085469995014137,9.170784000161802,9.891498122669873
3030,9338.214507726916,9338.214601329,9338.214601329,9338.215213219,9338.22449747,1,COMPLETED,True,0.09360208423458971,0.61189000007289,9.284251000281074,9.989743084588554
3031,9338.242644841514,9338.242824265,9338.242824265,9338.243657329,9338.25465987,0,COMPLETED,True,0.1794234867702471,0.8330639993801014,11.002540999470511,12.01502848562086
3032,9338.245079842178,9338.245090355,9338.245090355,9338.245763858,9338.256578821,1,COMPLETED,True,0.010512821972952224,0.6735030001436826,10.814962999575073,11.498978821691708
3033,9338.245176425844,9338.245630677,9338.245630677,9338.25502986,9338.265863955,0,COMPLETED,True,0.45425115604302846,9.399182999914046,10.83409500097332,20.687529156930395
3034,9338.245709733294,9338.245941041,9338.245941041,9338.256738418,9338.268083259,1,COMPLETED,True,0.23130770568968728,10.797377000926645,11.344840999299777,22.37352570591611
3035,9338.24753540128,9338.247789391,9338.247789391,9338.266173858,9338.276962381,0,COMPLETED,True,0.2539897195674712,18.384466999123106,10.788523000883288,29.426979719573865
3036,9338.259507029132,9338.259673712,9338.259673712,9338.268417902,9338.279356616,1,COMPLETED,True,0.16668286843923852,8.744189999561058,10.938714000076288,19.849586868076585
3037,9338.263293245413,9338.263461361,9338.263461361,9338.277291474,9338.287892023,0,COMPLETED,True,0.1681155881669838,13.830112999130506,10.60054899971874,24.59877758701623
3038,9338.266217586703,9338.266422855,9338.266422855,9338.279676787,9338.290472135,1,COMPLETED,True,0.20526829757727683,13.253932000225177,10.795348000101512,24.254548297903966
3039,9338.266888681688,9338.267026343,9338.267026343,9338.288278034,9338.299165568,0,COMPLETED,True,0.1376613126922166,21.251690999633865,10.887533999266452,32.276886311592534
3040,9338.267890280918,9338.268028643,9338.268028643,9338.290829814,9338.30204709,1,COMPLETED,True,0.13836208199791145,22.80117099871859,11.217276000024867,34.15680908074137
3041,9338.279225988155,9338.279387599,9338.279387599,9338.299518845,9338.31067469,0,COMPLETED,True,0.16161084386112634,20.13124600125593,11.155844998938846,31.448701844055904
3042,9338.29872140186,9338.298996314,9338.298996314,9338.302327221,9338.313485399,1,COMPLETED,True,0.2749121413216926,3.330906998598948,11.158178000187036,14.763997140107676
3043,9338.307377760826,9338.307643464,9338.307643464,9338.31101691,9338.321785653,0,COMPLETED,True,0.26570317459118087,3.373445999386604,10.768742999061942,14.407892173039727
3044,9338.311893215976,9338.312065211,9338.312065211,9338.313780354,9338.324546894,1,COMPLETED,True,0.171995023265481,1.7151430001831613,10.766540000986424,12.653678024435067
3045,9338.320821160425,9338.321028491,9338.321028491,9338.321985414,9338.331496475,0,COMPLETED,True,0.20733057499455754,0.956923000558163,9.511061000011978,10.675314575564698
3046,9338.331414755752,9338.331595268,9338.331595268,9338.332272758,9338.345734996,1,COMPLETED,True,0.1805122483347077,0.6774899993615691,13.462238001011428,14.320240248707705
3047,9338.335447980568,9338.335690217,9338.335690217,9338.336181399,9338.346729141,0,COMPLETED,True,0.24223643231380265,0.4911819996777922,10.547742000198923,11.281160432190518
3048,9338.335609051526,9338.335856831,9338.335856831,9338.346312715,9338.357339014,1,COMPLETED,True,0.2477794732840266,10.45588400120323,11.026299000150175,21.729962474637432
3049,9338.362515533292,9338.362706229,9338.362706229,9338.363247087,9338.374584804,0,COMPLETED,True,0.19069570771534927,0.5408580000221264,11.337717000060366,12.069270707797841
3050,9338.362772421373,9338.362839346,9338.362839346,9338.363298128,9338.374711802,1,COMPLETED,True,0.06692462739010807,0.4587820003507659,11.413673999413732,11.939380627154605
3051,9338.369045685387,9338.369285124,9338.369285124,9338.374948427,9338.385479841,0,COMPLETED,True,0.2394386119703995,5.663302999892039,10.531414000070072,16.43415561193251
3052,9338.374597630185,9338.374809911,9338.374809911,9338.37566017,9338.388442361,1,COMPLETED,True,0.2122808145941235,0.8502590007992694,12.782190999132581,13.844730814525974
3053,9338.378499658736,9338.378693324,9338.378693324,9338.38581415,9338.396285434,0,COMPLETED,True,0.1936652643053094,7.1208259996637935,10.471284000232117,17.78577526420122
3054,9338.389188442929,9338.389292765,9338.389292765,9338.389815177,9338.400432541,1,COMPLETED,True,0.10432207091071177,0.5224120013735956,10.617363999699592,11.244098071983899
3055,9338.40604400267,9338.406260786,9338.406260786,9338.406780298,9338.416541516,0,COMPLETED,True,0.21678332996089011,0.5195120011194376,9.761217999766814,10.497513330847141
3056,9338.412183594683,9338.412364741,9338.412364741,9338.412985629,9338.424068885,1,COMPLETED,True,0.18114631711796392,0.6208880004123785,11.083256000347319,11.885290317877661
3057,9338.416710100506,9338.416998983,9338.416998983,9338.417585265,9338.428833869,0,COMPLETED,True,0.288882494714926,0.5862819998583291,11.248603999774787,12.123768494348042
3058,9338.419237488048,9338.419385087,9338.419385087,9338.424382913,9338.435156494,1,COMPLETED,True,0.1475989520258736,4.997825999453198,10.773581001558341,15.919005953037413
3059,9338.429373015595,9338.429468675,9338.429468675,9338.429891432,9338.441019101,0,COMPLETED,True,0.09565940490574576,0.42275700070604216,11.127668998597073,11.646085404208861
3060,9338.434501981803,9338.434658804,9338.434658804,9338.435459411,9338.446797369,1,COMPLETED,True,0.15682219782320317,0.8006069983821362,11.33795800160442,12.29538719780976
3061,9338.435917838633,9338.43610189,9338.43610189,9338.441430539,9338.452878425,0,COMPLETED,True,0.1840513668867061,5.328649000148289,11.447885999587015,16.96058636662201
3062,9338.447500136406,9338.447611058,9338.447611058,9338.448178001,9338.460040856,1,COMPLETED,True,0.11092159365944099,0.5669429992849473,11.862855000799755,12.540719593744143
3063,9338.452236835488,9338.452425059,9338.452425059,9338.45326451,9338.463521389,0,COMPLETED,True,0.18822351194103248,0.8394510005018674,10.256878998916363,11.284553511359263
3064,9338.465448866167,9338.465537075,9338.465537075,9338.465943147,9338.476586124,1,COMPLETED,True,0.08820883340376895,0.40607200025988277,10.642976998497033,11.137257832160685
3065,9338.467944399179,9338.468028234,9338.468028234,9338.46855853,9338.479585441,0,COMPLETED,True,0.08383482054341584,0.5302959998516599,11.026911000953987,11.641041821349063
3066,9338.470723466933,9338.470974944,9338.470974944,9338.476952621,9338.487604388,1,COMPLETED,True,0.25147706764983013,5.977676999464165,10.651766999217216,16.88092106633121
3067,9338.481713028166,9338.48187675,9338.48187675,9338.482226844,9338.493155492,0,COMPLETED,True,0.163721833814634,0.35009400016861036,10.928648000117391,11.442463834100636
3068,9338.483523897672,9338.483615737,9338.483615737,9338.487769256,9338.498895393,1,COMPLETED,True,0.09183932706946507,4.1535190011927625,11.126137000246672,15.3714953285089
3069,9338.48616364036,9338.486254462,9338.486254462,9338.493318796,9338.504286787,0,COMPLETED,True,0.09082163887796924,7.0643340004608035,10.967991000143229,18.123146639482
3070,9338.491728253464,9338.491815686,9338.491815686,9338.49920058,9338.510131793,1,COMPLETED,True,0.08743253602006007,7.384893999187625,10.931213000731077,18.403539535938762
3071,9338.504888045607,9338.505194411,9338.505194411,9338.505605814,9338.515469683,0,COMPLETED,True,0.3063653930439614,0.411402999816346,9.863868999673286,10.581637392533594
3072,9338.514441192976,9338.514566815,9338.514566815,9338.515060415,9338.525756781,1,COMPLETED,True,0.12562202391563915,0.49360000048181973,10.69636600004742,11.315588024444878
3073,9338.518376695303,9338.518481327,9338.518481327,9338.518883889,9338.529904575,0,COMPLETED,True,0.10463169746799394,0.40256200009025633,11.020685999028501,11.527879696586751
3074,9338.518740905538,9338.518845514,9338.518845514,9338.526160204,9338.536908172,1,COMPLETED,True,0.10460846169735305,7.314689999475377,10.74796800094191,18.16726646211464
3075,9338.52614099567,9338.526535527,9338.526535527,9338.530237561,9338.541791406,0,COMPLETED,True,0.3945313310396159,3.7020340005256003,11.553844999070861,15.650410330636078
3076,9338.52918629767,9338.529380429,9338.529380429,9338.537249502,9338.549022055,1,COMPLETED,True,0.19413132940826472,7.869073000620119,11.772552999900654,19.835757329929038
3077,9338.540615326834,9338.54071068,9338.54071068,9338.542101592,9338.553012363,0,COMPLETED,True,0.09535316530673299,1.3909120007156162,10.910770999544184,12.397036165566533
3078,9338.550680261265,9338.550885747,9338.550885747,9338.551535711,9338.562878647,1,COMPLETED,True,0.2054857341136085,0.6499640003312379,11.342936000801274,12.19838573524612
3079,9338.551445365774,9338.551612253,9338.551612253,9338.55337507,9338.564303916,0,COMPLETED,True,0.16688722644175868,1.76281699896208,10.928846000751946,12.858550226155785
3080,9338.561498541747,9338.561596796,9338.561596796,9338.563199844,9338.572946594,1,COMPLETED,True,0.09825425331655424,1.6030480001063552,9.7467499999766,11.44805225339951
3081,9338.568608357413,9338.568718804,9338.568718804,9338.569345229,9338.57931186,0,COMPLETED,True,0.11044658640457783,0.6264250005187932,9.966630999770132,10.703502586693503
3082,9338.576236839706,9338.576336022,9338.576336022,9338.576942471,9338.587872708,1,COMPLETED,True,0.09918229443428572,0.6064489989512367,10.930237000138732,11.635868293524254
3083,9338.576400658458,9338.576783652,9338.576783652,9338.579593917,9338.590894136,0,COMPLETED,True,0.38299354309856426,2.8102649994252715,11.300218999167555,14.49347754169139
3084,9338.58474741698,9338.584902941,9338.584902941,9338.58830575,9338.599667901,1,COMPLETED,True,0.15552401964669116,3.402808999453555,11.362151000867016,14.920484019967262
3085,9338.585373370937,9338.58561084,9338.58561084,9338.591243197,9338.601813981,0,COMPLETED,True,0.23746906299493276,5.632356998830801,10.570784001174616,16.44061006300035
3086,9338.624121568422,9338.624229326,9338.624229326,9338.624968101,9338.636163364,1,COMPLETED,True,0.1077575780072948,0.7387749992631143,11.19526300135476,12.04179557862517
3087,9338.625098461413,9338.625204103,9338.625204103,9338.625625435,9338.636639179,0,COMPLETED,True,0.10564158765191678,0.42133199895033613,11.013744000592851,11.540717587195104
3088,9338.632920052003,9338.633092901,9338.633092901,9338.636454657,9338.646055224,1,COMPLETED,True,0.1728489969536895,3.361756000231253,9.60056700023415,13.135171997419093
3089,9338.654237012102,9338.65436066,9338.65436066,9338.655000793,9338.664434514,0,COMPLETED,True,0.12364789836283308,0.6401329992513638,9.433720999368234,10.19750189698243
3090,9338.680847012864,9338.680941877,9338.680941877,9338.681807284,9338.694947835,1,COMPLETED,True,0.0948641372815473,0.8654069988551782,13.140551000105916,14.100822136242641
3091,9338.689388391704,9338.689471567,9338.689471567,9338.690294323,9338.70310141,0,COMPLETED,True,0.0831752968224464,0.8227559992519673,12.80708699960087,13.713018295675283
3092,9338.695425955331,9338.695568977,9338.695568977,9338.696000116,9338.706929311,1,COMPLETED,True,0.14302166891866364,0.43113900028401986,10.929194999334868,11.503355668537552
3093,9338.696486158888,9338.696644021,9338.696644021,9338.703653271,9338.71499643,0,COMPLETED,True,0.15786211224622093,7.009250000919565,11.343158999807201,18.510271112972987
3094,9338.708684267234,9338.70877968,9338.70877968,9338.709454804,9338.721052285,1,COMPLETED,True,0.09541276631352957,0.6751239998266101,11.597480999625986,12.368017765766126
3095,9338.70899482497,9338.709253828,9338.709253828,9338.71537215,9338.726187074,0,COMPLETED,True,0.2590030289866263,6.118322000475018,10.81492400044226,17.192249029903905
3096,9338.711748091724,9338.711908796,9338.711908796,9338.721385432,9338.732460202,1,COMPLETED,True,0.16070427591330372,9.476635999817518,11.074770000050194,20.712110275781015
3097,9338.71833197275,9338.71840427,9338.71840427,9338.726345699,9338.737523719,0,COMPLETED,True,0.07229724906210322,7.941429001220968,11.178020000443212,19.191746250726283
3098,9338.718929381324,9338.719069715,9338.719069715,9338.732758385,9338.743475976,1,COMPLETED,True,0.14033367551746778,13.68867000019236,10.717590999774984,24.546594675484812
3099,9338.731992998542,9338.732129983,9338.732129983,9338.737863519,9338.748749996,0,COMPLETED,True,0.13698445764021017,5.733535999752348,10.886477000894956,16.756997458287515
3100,9338.739780022785,9338.739925151,9338.739925151,9338.743800788,9338.753578036,1,COMPLETED,True,0.14512821508105844,3.8756369995098794,9.77724800031865,13.798013214909588
3101,9338.751658486854,9338.751800844,9338.751800844,9338.752690753,9338.763857649,0,COMPLETED,True,0.14235714661481325,0.8899089989427011,11.166896001668647,12.199162147226161
3102,9338.75216829523,9338.752543552,9338.752543552,9338.753932629,9338.765367881,1,COMPLETED,True,0.37525676998484414,1.3890770005673403,11.435251999500906,13.19958577005309
3103,9338.758678386828,9338.758937578,9338.758937578,9338.764220174,9338.775351238,0,COMPLETED,True,0.25919117251760326,5.282595999233308,11.131064000437618,16.67285117218853
3104,9338.761554402223,9338.76170709,9338.76170709,9338.765755572,9338.776849886,1,COMPLETED,True,0.1526877767901169,4.048482000143849,11.094314000729355,15.295483777663321
3105,9338.780193136716,9338.78028338,9338.78028338,9338.780941576,9338.791390014,0,COMPLETED,True,0.09024328392115422,0.658196000586031,10.448437999002635,11.19687728350982
3106,9338.783771743607,9338.783858322,9338.783858322,9338.784470164,9338.796071206,1,COMPLETED,True,0.08657839316583704,0.6118420005805092,11.60104199880152,12.299462392547866
3107,9338.8064082702,9338.806495697,9338.806495697,9338.807050652,9338.816042621,0,COMPLETED,True,0.08742679892748129,0.5549550005525816,8.99196899990784,9.634350799387903
3108,9338.825668065374,9338.825754879,9338.825754879,9338.826392092,9338.839391096,1,COMPLETED,True,0.086813626694493,0.6372129992087139,12.999004000448622,13.723030626351829
3109,9338.829873503644,9338.829971375,9338.829971375,9338.830497585,9338.841006777,0,COMPLETED,True,0.09787135604710784,0.526210000316496,10.509191999517498,11.133273355881101
3110,9338.83348620305,9338.833579973,9338.833579973,9338.839818146,9338.851019699,1,COMPLETED,True,0.09376994967169594,6.23817300038354,11.201552999409614,17.53349594946485
3111,9338.840163779994,9338.840307127,9338.840307127,9338.841369501,9338.852463341,0,COMPLETED,True,0.14334700608742423,1.0623739999573445,11.093839999375632,12.2995610054204
3112,9338.868081635525,9338.868272214,9338.868272214,9338.869010032,9338.879787786,1,COMPLETED,True,0.19057847566728014,0.7378179998340784,10.777753999718698,11.706150475220056
3113,9338.893102718697,9338.893248865,9338.893248865,9338.893969411,9338.905355578,0,COMPLETED,True,0.14614630345022306,0.7205459987744689,11.38616699972772,12.252859301952412
3114,9338.896462435734,9338.896612569,9338.896612569,9338.897351209,9338.911187997,1,COMPLETED,True,0.15013326628832147,0.7386399993265513,13.836788000844535,14.725561266459408
3115,9338.923889752947,9338.924069025,9338.924069025,9338.924952729,9338.938408978,0,COMPLETED,True,0.1792720540834125,0.8837039986246964,13.456249000228127,14.519225052936235
3116,9338.929991211844,9338.93025603,9338.93025603,9338.93105334,9338.944096801,1,COMPLETED,True,0.26481815621082205,0.7973100000526756,13.043461000052048,14.105589156315546
3117,9338.931618661722,9338.931784732,9338.931784732,9338.938617564,9338.950455438,0,COMPLETED,True,0.16607027828285936,6.8328319994179765,11.837874000775628,18.836776278476464
3118,9338.955078442594,9338.955331317,9338.955331317,9338.956218464,9338.968830842,1,COMPLETED,True,0.25287440621468704,0.887146999957622,12.612378000994795,13.752399407167104
3119,9338.973882172419,9338.974000168,9338.974000168,9338.974776797,9338.984572211,0,COMPLETED,True,0.1179955816041911,0.776629000029061,9.795414000109304,10.690038581742556
3120,9338.979647033551,9338.979933684,9338.979933684,9338.980715686,9338.993951092,1,COMPLETED,True,0.28665044919762295,0.7820020000508521,13.2354059987847,14.304058448033174
3121,9338.988437246831,9338.988581812,9338.988581812,9338.989221544,9338.999644535,0,COMPLETED,True,0.14456516873906367,0.6397319993993733,10.422991001178161,11.207288169316598
3122,9338.993016500066,9338.993067216,9338.993067216,9338.994183281,9339.007421739,1,COMPLETED,True,0.05071593477623537,1.116064999223454,13.238457999250386,14.405238933250075
3123,9338.994424592165,9338.994564954,9338.994564954,9338.999978147,9339.01002485,0,COMPLETED,True,0.14036183529242408,5.413192999185412,10.046703000625712,15.600257835103548
3124,9339.013153958498,9339.013311336,9339.013311336,9339.014152721,9339.023378661,1,COMPLETED,True,0.15737750254629645,0.8413849991484312,9.225940000760602,10.22470250245533
3125,9339.033640228776,9339.033784128,9339.033784128,9339.034483625,9339.045269819,0,COMPLETED,True,0.1438992239854997,0.6994970008236123,10.786193999592797,11.629590224401909
3126,9339.03667028371,9339.03682179,9339.03682179,9339.037450753,9339.04883263,1,COMPLETED,True,0.15150629042182118,0.6289630000537727,11.381877000530949,12.162346291006543
3127,9339.041039506923,9339.041193048,9339.041193048,9339.045652357,9339.056244701,0,COMPLETED,True,0.1535410774522461,4.459308998775668,10.592344000542653,15.205194076770567
3128,9339.043258940674,9339.043547853,9339.043547853,9339.049216559,9339.059415173,1,COMPLETED,True,0.28891232614114415,5.668706000506063,10.198613999818917,16.156232326466125
3129,9339.066720232744,9339.06687226,9339.06687226,9339.067636197,9339.076622063,0,COMPLETED,True,0.15202725626295432,0.7639369996468304,8.98586599942064,9.901830255330424
3130,9339.088837310108,9339.088936431,9339.088936431,9339.089557569,9339.100504471,1,COMPLETED,True,0.09912089262797963,0.621137998678023,10.946902000796399,11.667160892102402
3131,9339.089788662577,9339.089971401,9339.089971401,9339.090535648,9339.1037178,0,COMPLETED,True,0.1827384221542161,0.5642470005113864,13.182152000808856,13.929137423474458
3132,9339.103567139284,9339.103713624,9339.103713624,9339.104380151,9339.114465674,1,COMPLETED,True,0.14648471551481634,0.6665270011581015,10.085522999361274,10.898534716034192
3133,9339.109219388834,9339.109353424,9339.109353424,9339.11013241,9339.12163228,0,COMPLETED,True,0.13403516641119495,0.7789859992044512,11.499869999170187,12.412891164785833
3134,9339.11171814224,9339.111846513,9339.111846513,9339.114817014,9339.125348,1,COMPLETED,True,0.128370760648977,2.9705010001634946,10.530985999139375,13.629857759951847
3135,9339.145191147132,9339.145327163,9339.145327163,9339.145976207,9339.155725561,0,COMPLETED,True,0.13601586761069484,0.6490440009656595,9.749353999723098,10.534413868299453
3136,9339.151393633416,9339.151571854,9339.151571854,9339.152429206,9339.166878475,1,COMPLETED,True,0.17822058362071402,0.8573520008212654,14.449268999669584,15.484841584111564
3137,9339.166580645558,9339.166830481,9339.166830481,9339.16760486,9339.17821056,0,COMPLETED,True,0.24983544062706642,0.7743790010863449,10.605699999359786,11.629914441073197
3138,9339.167680367444,9339.167875938,9339.167875938,9339.168473852,9339.182425611,1,COMPLETED,True,0.19557055566110648,0.597914000536548,13.95175899961032,14.745243555807974
3139,9339.186686090557,9339.186896464,9339.186896464,9339.187778206,9339.200229011,0,COMPLETED,True,0.21037344231444877,0.8817420002742438,12.45080499938922,13.542920441977913
3140,9339.189534439289,9339.189665741,9339.189665741,9339.19031504,9339.203454488,1,COMPLETED,True,0.13130171100783627,0.6492989996331744,13.139448001311393,13.920048711952404
3141,9339.190388399125,9339.190555443,9339.190555443,9339.200442775,9339.212615831,0,COMPLETED,True,0.16704387417121325,9.887332000289462,12.173056000392535,22.22743187485321
3142,9339.204421644621,9339.204599635,9339.204599635,9339.205239099,9339.216233867,1,COMPLETED,True,0.17799037959775887,0.6394639985956019,10.99476800118282,11.81222237937618
3143,9339.21947547378,9339.219634056,9339.219634056,9339.220317554,9339.232571688,0,COMPLETED,True,0.15858222104725428,0.683497999489191,12.254134000613703,13.096214221150149
3144,9339.225019804713,9339.225183689,9339.225183689,9339.225779085,9339.238973789,1,COMPLETED,True,0.1638842859392753,0.5953960007900605,13.194704000852653,13.953984287581989
3145,9339.226924117325,9339.227100585,9339.227100585,9339.233050008,9339.245740377,0,COMPLETED,True,0.17646767446422018,5.949423000856768,12.690368999756174,18.816259675077163
3146,9339.23206090483,9339.232172941,9339.232172941,9339.239212466,9339.250783591,1,COMPLETED,True,0.11203617032151669,7.039525000436697,11.571125000045868,18.72268617080408
3147,9339.23419163374,9339.234442808,9339.234442808,9339.246200633,9339.256768137,0,COMPLETED,True,0.25117426048382185,11.757825001041056,10.567503999482142,22.57650326100702
3148,9339.250611632977,9339.250782306,9339.250782306,9339.251377961,9339.262079499,1,COMPLETED,True,0.17067302360374015,0.5956549994152738,10.701537999921129,11.467866022940143
3149,9339.251877425915,9339.252044294,9339.252044294,9339.257106893,9339.267496687,0,COMPLETED,True,0.16686808521626517,5.062598998847534,10.389794000730035,15.619261084793834
3150,9339.254388571628,9339.254556679,9339.254556679,9339.262374193,9339.272982206,1,COMPLETED,True,0.16810737179184798,7.8175140006351285,10.608012999000493,18.59363437142747
3151,9339.254767603845,9339.25490995,9339.25490995,9339.267816208,9339.278582344,0,COMPLETED,True,0.14234615446184762,12.906257999929949,10.766136001620907,23.814740156012704
3152,9339.258735434796,9339.258867865,9339.258867865,9339.273308361,9339.283429451,1,COMPLETED,True,0.1324302047578385,14.440495999224368,10.121089999302058,24.694016203284264
3153,9339.279290894774,9339.279435147,9339.279435147,9339.280200081,9339.290793297,0,COMPLETED,True,0.14425222616409883,0.7649340004718397,10.593215998596861,11.5024022252328
3154,9339.28242587802,9339.282556544,9339.282556544,9339.28371122,9339.294721243,1,COMPLETED,True,0.1306659796682652,1.1546759997145273,11.010023001290392,12.295364980673185
3155,9339.289786023255,9339.289956683,9339.289956683,9339.291082584,9339.301713314,0,COMPLETED,True,0.17065974498109426,1.1259010007051984,10.630729999320465,11.927290745006758
3156,9339.292533119311,9339.292767608,9339.292767608,9339.295034447,9339.305404972,1,COMPLETED,True,0.23448868887498975,2.266838999275933,10.37052500032587,12.871852688476793
3157,9339.303736834845,9339.303929665,9339.303929665,9339.304539546,9339.314371263,0,COMPLETED,True,0.19283015535620507,0.6098809990362497,9.83171700136154,10.634428155753994
3158,9339.30825537217,9339.308355505,9339.308355505,9339.308865908,9339.319630195,1,COMPLETED,True,0.10013282917498145,0.5104030005895765,10.764286998892203,11.374822828656761
3159,9339.313096472653,9339.313264467,9339.313264467,9339.314683924,9339.324599688,0,COMPLETED,True,0.16799434706626926,1.419456999428803,9.915763999742921,11.503215346237994
3160,9339.336875112507,9339.336906553,9339.336906553,9339.337601478,9339.350462346,1,COMPLETED,True,0.03144049333059229,0.6949250000616303,12.860867998824688,13.58723349221691
3161,9339.378264127683,9339.378377846,9339.378377846,9339.379067766,9339.391682379,0,COMPLETED,True,0.1137183171522338,0.6899199997860705,12.61461300055089,13.418251317489194
3162,9339.382953936263,9339.383075658,9339.383075658,9339.383720166,9339.394791994,1,COMPLETED,True,0.1217217359226197,0.6445080016419524,11.071827999330708,11.83805773689528
3163,9339.383205116303,9339.383570235,9339.383570235,9339.39216223,9339.40323959,0,COMPLETED,True,0.36511869802779984,8.591994999733288,11.077359999035252,20.03447369679634
3164,9339.402727037323,9339.402891949,9339.402891949,9339.403755754,9339.415714755,1,COMPLETED,True,0.16491167662024964,0.8638050003355602,11.959000999922864,12.987717676878674
3165,9339.410103454538,9339.410265269,9339.410265269,9339.410925672,9339.421323881,0,COMPLETED,True,0.16181446153495926,0.6604030004382366,10.398209000413772,11.220426462386968
3166,9339.412566340092,9339.412713317,9339.412713317,9339.416258077,9339.428285447,1,COMPLETED,True,0.1469769085815642,3.544760000295355,12.027369999486837,15.719106908363756
3167,9339.412811569304,9339.412826968,9339.412826968,9339.421644376,9339.432118177,0,COMPLETED,True,0.01539869663247373,8.817407999231364,10.473800999534433,19.30660769539827
3168,9339.415853423454,9339.416086226,9339.416086226,9339.428677199,9339.43953631,1,COMPLETED,True,0.23280254572455306,12.590972999532823,10.859111000172561,23.682886545429938
3169,9339.419615405879,9339.419847639,9339.419847639,9339.432430376,9339.443074554,0,COMPLETED,True,0.23223312018672004,12.582737001139321,10.64417799898365,23.459148120309692
3170,9339.441776215404,9339.442029885,9339.442029885,9339.442628693,9339.452596674,1,COMPLETED,True,0.25366959562234115,0.5988079992675921,9.967981000954751,10.820458595844684
3171,9339.461576059404,9339.461837112,9339.461837112,9339.462487807,9339.473716325,0,COMPLETED,True,0.26105259530595504,0.6506950012408197,11.22851799846103,12.140265595007804
3172,9339.463920649074,9339.464178882,9339.464178882,9339.464765363,9339.478709831,1,COMPLETED,True,0.2582329270808259,0.5864809991180664,13.944468000772758,14.78918192697165
3173,9339.469820408585,9339.469995796,9339.469995796,9339.474079122,9339.488022787,0,COMPLETED,True,0.17538741485623177,4.083325999090448,13.943665000624605,18.202378414571285
3174,9339.470087930977,9339.470127669,9339.470127669,9339.479220425,9339.490494376,1,COMPLETED,True,0.03973802267864812,9.092756001336966,11.273950998656801,20.406445022672415
3175,9339.472552951422,9339.47270706,9339.47270706,9339.488382075,9339.504328466,0,COMPLETED,True,0.15410857849929016,15.675014999942505,15.946391000397853,31.775514578839648
3176,9339.484140717417,9339.484235074,9339.484235074,9339.490913398,9339.501373764,1,COMPLETED,True,0.0943565828492865,6.678323999949498,10.460366000188515,17.2330465829873
3177,9339.499831669218,9339.499991511,9339.499991511,9339.501693078,9339.512492332,1,COMPLETED,True,0.159841782078729,1.701567000054638,10.799253999721259,12.660662781854626
3178,9339.50765110187,9339.507755984,9339.507755984,9339.508199911,9339.520992803,0,COMPLETED,True,0.10488212865311652,0.4439270014700014,12.792891999197309,13.341701129320427
3179,9339.510636904048,9339.510804988,9339.510804988,9339.5127933,9339.523863389,1,COMPLETED,True,0.16808395230327733,1.9883120003214572,11.070088999986183,13.226484952610917
3180,9339.517237387152,9339.517441576,9339.517441576,9339.521191377,9339.532842613,0,COMPLETED,True,0.204188847419573,3.7498010005947435,11.65123600003426,15.605225848048576
3181,9339.517329056398,9339.517558238,9339.517558238,9339.524212313,9339.535720705,1,COMPLETED,True,0.22918160175322555,6.654074999460136,11.508392000905587,18.39164860211895
3182,9339.526018808654,9339.526204204,9339.526204204,9339.533206289,9339.54439644,0,COMPLETED,True,0.18539534539740998,7.002084999840008,11.190151000846527,18.377631346083945
3183,9339.526613227526,9339.526766276,9339.526766276,9339.536023999,9339.546986812,1,COMPLETED,True,0.15304847329389304,9.257723000700935,10.962812999423477,20.373584473418305
3184,9339.526954402796,9339.527090129,9339.527090129,9339.544704931,9339.555886081,0,COMPLETED,True,0.13572620446211658,17.61480200002552,11.181149999174522,28.93167820366216
3185,9339.536951796079,9339.537092409,9339.537092409,9339.547278516,9339.558307085,1,COMPLETED,True,0.14061292131373193,10.186106999753974,11.028569000700372,21.35528892176808
3186,9339.539310597676,9339.539405195,9339.539405195,9339.556292821,9339.567251444,0,COMPLETED,True,0.09459732427785639,16.887625999515876,10.958622999169165,27.940846322962898
3187,9339.542127806273,9339.54222421,9339.54222421,9339.558605161,9339.570005422,1,COMPLETED,True,0.0964037262747297,16.380951001337962,11.40026099892566,27.87761572653835
3188,9339.557443589094,9339.557537284,9339.557537284,9339.567589335,9339.578816164,0,COMPLETED,True,0.09369490544486325,10.05205100045714,11.22682899949723,21.372574905399233
3189,9339.569489347763,9339.569663311,9339.569663311,9339.570360895,9339.580929814,1,COMPLETED,True,0.17396323710272554,0.697584000590723,10.568918998615118,11.440466236308566
3190,9339.586975744236,9339.587083468,9339.587083468,9339.587576196,9339.600481143,0,COMPLETED,True,0.10772376481327228,0.4927279987896327,12.904946999697131,13.505398763300036
3191,9339.588975674145,9339.589088144,9339.589088144,9339.589422463,9339.600756984,1,COMPLETED,True,0.1124698537751101,0.3343190001032781,11.334521001117537,11.781309854995925
3192,9339.59146736759,9339.591558485,9339.591558485,9339.600997247,9339.611217512,0,COMPLETED,True,0.0911174101929646,9.438761999263079,10.220264999588835,19.75014440904488
3193,9339.60974388694,9339.609835136,9339.609835136,9339.610246811,9339.621133334,1,COMPLETED,True,0.09124905955104623,0.4116750005778158,10.886522999498993,11.389447059627855
3194,9339.612447399277,9339.612545904,9339.612545904,9339.61288367,9339.623880261,0,COMPLETED,True,0.0985047227004543,0.3377660013939021,10.996590999639011,11.432861723733367
3195,9339.616374175097,9339.616466751,9339.616466751,9339.621303823,9339.631598106,1,COMPLETED,True,0.09257590318156872,4.837071999645559,10.294282999893767,15.223930902720895
3196,9339.632596001276,9339.632724373,9339.632724373,9339.633230167,9339.642628259,0,COMPLETED,True,0.1283717228943715,0.5057940015831264,9.39809199917363,10.032257723651128
3197,9339.644530187843,9339.644624698,9339.644624698,9339.645025332,9339.656111388,1,COMPLETED,True,0.09451015648664907,0.4006340004707454,11.086055999840028,11.581200156797422
3198,9339.646153083379,9339.646262266,9339.646262266,9339.646596645,9339.658087632,0,COMPLETED,True,0.10918262159975711,0.33437899946875405,11.490987000797759,11.93454862186627
3199,9339.647148718761,9339.647234296,9339.647234296,9339.656425695,9339.667455877,1,COMPLETED,True,0.08557723958801944,9.191398999973899,11.030181998648914,20.30715823821083
3200,9339.650743312102,9339.650867477,9339.650867477,9339.658524458,9339.669295831,0,COMPLETED,True,0.12416489698807709,7.656981000764063,10.771372999442974,18.552518897195114
3201,9339.655914428336,9339.656047152,9339.656047152,9339.667795392,9339.678746607,1,COMPLETED,True,0.13272366413730197,11.748240000088117,10.951214999295189,22.832178663520608
3202,9339.663297494897,9339.663393061,9339.663393061,9339.669642236,9339.680443639,0,COMPLETED,True,0.09556610348226968,6.249174999538809,10.801402999277343,17.146144102298422
3203,9339.666405016867,9339.666490063,9339.666490063,9339.679111803,9339.690796194,1,COMPLETED,True,0.08504613288096152,12.621739999303827,11.684391000017058,24.391177132201847
3204,9339.667375604846,9339.667494726,9339.667494726,9339.680783416,9339.692173037,0,COMPLETED,True,0.11912115405721124,13.288690000990755,11.38962099867058,24.797432153718546
3205,9339.676067910088,9339.67615719,9339.67615719,9339.691116076,9339.702506738,1,COMPLETED,True,0.08927991257223766,14.958885998566984,11.390662000849261,26.438827911988483
3206,9339.680337572072,9339.680411218,9339.680411218,9339.692487267,9339.703503273,0,COMPLETED,True,0.07364592784142587,12.07604900082515,11.016005999408662,23.16570092807524
3207,9339.684152227126,9339.684254603,9339.684254603,9339.702981035,9339.715490877,1,COMPLETED,True,0.10237587412120774,18.7264319993119,12.509842001236393,31.3386498746695
3208,9339.689028162526,9339.689129938,9339.689129938,9339.703655329,9339.715374508,0,COMPLETED,True,0.10177547483181115,14.525390999551746,11.71917899955588,26.346345473939436
3209,9339.691902334434,9339.69204553,9339.69204553,9339.715660261,9339.726684507,0,COMPLETED,True,0.14319556612463202,23.614730998815503,11.024246001397842,34.78217256633798
3210,9339.698529274561,9339.698717339,9339.698717339,9339.715791577,9339.728141257,1,COMPLETED,True,0.188064439498703,17.07423799962271,12.349679998806096,29.61198243792751
3211,9339.698624909868,9339.698823866,9339.698823866,9339.727020535,9339.737738443,0,COMPLETED,True,0.19895613149856217,28.196668999953545,10.717908000515308,39.113533131967415
3212,9339.7176964015,9339.717885263,9339.717885263,9339.728596469,9339.741008923,1,COMPLETED,True,0.18886150064645335,10.711205999541562,12.412453999786521,23.312521499974537
3213,9339.71808329842,9339.718476055,9339.718476055,9339.738153377,9339.748672703,0,COMPLETED,True,0.3927565812773537,19.677321999552078,10.519325998757267,30.5894045795867
3214,9339.72444471398,9339.724601098,9339.724601098,9339.741481675,9339.753919518,1,COMPLETED,True,0.1563840196467936,16.880577000847552,12.437842999133863,29.47480401962821
3215,9339.727029561434,9339.727166934,9339.727166934,9339.74901102,9339.759773488,0,COMPLETED,True,0.13737256631429773,21.844085998964147,10.76246800039371,32.743926565672155
3216,9339.737616402615,9339.737808214,9339.737808214,9339.754391079,9339.766515754,1,COMPLETED,True,0.19181138486601412,16.582864998781588,12.124675000450225,28.899351384097827
3217,9339.74954471705,9339.749699291,9339.749699291,9339.760112604,9339.770694147,0,COMPLETED,True,0.15457395056728274,10.413313000753988,10.581542999716476,21.149429951037746
3218,9339.754962898929,9339.755134848,9339.755134848,9339.767000353,9339.779412695,1,COMPLETED,True,0.17194907013617922,11.865505000969279,12.412341999151977,24.449796070257435
3219,9339.767579396574,9339.767730933,9339.767730933,9339.771063573,9339.782529741,0,COMPLETED,True,0.15153642561926972,3.3326400007354096,11.466167999969912,14.950344426324591
3220,9339.777210342369,9339.777356297,9339.777356297,9339.779909894,9339.792173602,1,COMPLETED,True,0.14595463107980322,2.5535969998600194,12.26370800031873,14.963259631258552
3221,9339.77830385071,9339.778438842,9339.778438842,9339.782843858,9339.79389782,0,COMPLETED,True,0.13499129090632778,4.405015999509487,11.053962000005413,15.593969290421228
3222,9339.783533554777,9339.783765336,9339.783765336,9339.79239612,9339.803529515,1,COMPLETED,True,0.23178122319222894,8.630783999251435,11.133395000797464,19.995960223241127
3223,9339.801045450202,9339.801302693,9339.801302693,9339.801842701,9339.813248271,0,COMPLETED,True,0.2572427983977832,0.5400079990067752,11.405570001443266,12.202820798847824
3224,9339.801643673882,9339.801933308,9339.801933308,9339.803986168,9339.816148061,1,COMPLETED,True,0.2896341175073758,2.0528600016405107,12.16189299884718,14.504387117995066
3225,9339.805242056163,9339.805520425,9339.805520425,9339.813575386,9339.824724861,0,COMPLETED,True,0.27836883600684814,8.054961001107586,11.149474999911035,19.48280483702547
3226,9339.808668655913,9339.808878246,9339.808878246,9339.81663228,9339.82955255,1,COMPLETED,True,0.20959008725185413,7.754034000754473,12.920269999085576,20.883894087091903
3227,9339.81795848099,9339.818126777,9339.818126777,9339.825032966,9339.836453407,0,COMPLETED,True,0.1682960100879427,6.9061890008015325,11.420441000154824,18.4949260110443
3228,9339.824738023402,9339.824884862,9339.824884862,9339.830033686,9339.841816451,1,COMPLETED,True,0.1468385980842868,5.14882399875205,11.782765001044027,17.078427597880363
3229,9339.842199163171,9339.842458845,9339.842458845,9339.843111661,9339.851943077,0,COMPLETED,True,0.2596818285383051,0.6528160010930151,8.831415998429293,9.743913828060613
3230,9339.847615583018,9339.847774598,9339.847774598,9339.848435095,9339.860898836,1,COMPLETED,True,0.15901498227322008,0.6604970003536437,12.463740999010042,13.283252981636906
3231,9339.848832571386,9339.849035866,9339.849035866,9339.852333145,9339.861532269,0,COMPLETED,True,0.20329461403889582,3.297278999525588,9.1991240005882,12.699697614152683
3232,9339.852223054997,9339.852470627,9339.852470627,9339.861418039,9339.87242249,1,COMPLETED,True,0.24757200299063697,8.947411999542965,11.004451000189874,20.199435002723476
3233,9339.856413235078,9339.856664405,9339.856664405,9339.861886444,9339.87072068,0,COMPLETED,True,0.2511699221940944,5.222038998908829,8.834236001348472,14.307444922451396
3234,9339.85863557816,9339.858867242,9339.858867242,9339.871079538,9339.880576612,0,COMPLETED,True,0.2316638383490499,12.212296000143397,9.497074001046713,21.94103383953916
3235,9339.861307725147,9339.861696228,9339.861696228,9339.872836124,9339.882131128,1,COMPLETED,True,0.38850285272928886,11.13989599980414,9.29500400161487,20.8234028541483
3236,9339.879575754769,9339.879686871,9339.879686871,9339.880927364,9339.889652867,0,COMPLETED,True,0.1111162309825886,1.240493000295828,8.725502999368473,10.07711223064689
3237,9339.87978942963,9339.879846446,9339.879846446,9339.882511341,9339.891700524,1,COMPLETED,True,0.05701637019228656,2.664895000634715,9.189182999762124,11.911094370589126
3238,9339.885851485522,9339.886024428,9339.886024428,9339.890007323,9339.899054176,0,COMPLETED,True,0.17294247845711652,3.982894999353448,9.04685299974517,13.202690477555734
3239,9339.898543594041,9339.898634726,9339.898634726,9339.899228112,9339.908808643,1,COMPLETED,True,0.09113195847021416,0.5933860011282377,9.580530999301118,10.26504895889957
3240,9339.899375906145,9339.899639373,9339.899639373,9339.900135044,9339.909570276,0,COMPLETED,True,0.2634668544487795,0.49567099995329045,9.43523200112395,10.19436985552602
3241,9339.904045930358,9339.90422815,9339.90422815,9339.909186974,9339.918010995,1,COMPLETED,True,0.182219642738346,4.958823999913875,8.824020998872584,13.965064641524805
3242,9339.918363410254,9339.918694738,9339.918694738,9339.919507333,9339.928842074,0,COMPLETED,True,0.33132774660771247,0.8125949989334913,9.334741000202484,10.478663745743688
3243,9339.922169533203,9339.922266533,9339.922266533,9339.922877207,9339.932169277,1,COMPLETED,True,0.09699979636934586,0.6106740001996513,9.292070000810781,9.999743797379779
3244,9339.925092307501,9339.925248607,9339.925248607,9339.929217603,9339.938529212,0,COMPLETED,True,0.15629949848516844,3.9689959994575474,9.311609001088073,13.436904499030788
3245,9339.92873271836,9339.928875653,9339.928875653,9339.932527448,9339.94203262,1,COMPLETED,True,0.1429346411896404,3.6517949993140064,9.505171999990125,13.299901640493772
3246,9339.929161516611,9339.929625544,9339.929625544,9339.938903198,9339.948177313,0,COMPLETED,True,0.4640273891709512,9.277654000470648,9.274114998333971,19.01579638797557
3247,9339.939235267722,9339.939439546,9339.939439546,9339.942382778,9339.951412901,1,COMPLETED,True,0.20427827803359833,2.943231998870033,9.030123001139145,12.177633278042777
3248,9339.939954862943,9339.940142086,9339.940142086,9339.948495275,9339.957474042,0,COMPLETED,True,0.18722305685514584,8.353189001354622,8.9787669985526,17.51917905676237
3249,9339.945974894676,9339.946203406,9339.946203406,9339.951769432,9339.960777083,1,COMPLETED,True,0.22851132416690234,5.566026000451529,9.007651000501937,14.802188325120369
3250,9339.947794366992,9339.947935576,9339.947935576,9339.957641921,9339.967180288,0,COMPLETED,True,0.14120900777925272,9.706345001177397,9.538366999549908,19.385921008506557
3251,9339.95851193049,9339.958679333,9339.958679333,9339.961159147,9339.970282581,1,COMPLETED,True,0.16740250975999516,2.4798140002531,9.123433999775443,11.770650509788538
3252,9339.963384253864,9339.963539577,9339.963539577,9339.967543203,9339.976857727,0,COMPLETED,True,0.15532313591393176,4.003625999757787,9.314524000728852,13.473473136400571
3253,9339.96905789561,9339.969227358,9339.969227358,9339.970632842,9339.979627998,1,COMPLETED,True,0.169462389749242,1.4054839994059876,8.99515600031009,10.570102389465319
3254,9339.9758493788,9339.975993518,9339.975993518,9339.977213507,9339.985979486,0,COMPLETED,True,0.1441392014385201,1.219988998855115,8.765979000600055,10.13010720089369
3255,9339.99064079076,9339.990735824,9339.990735824,9339.991314067,9340.000551481,1,COMPLETED,True,0.09503323963144794,0.5782429998362204,9.23741400038125,9.910690239848918
3256,9340.006423776045,9340.006509847,9340.006509847,9340.007140891,9340.016291666,0,COMPLETED,True,0.08607095514889807,0.6310440003289841,9.150774998488487,9.867889953966369
3257,9340.012036985729,9340.01213533,9340.01213533,9340.012795924,9340.021966445,1,COMPLETED,True,0.09834427146415692,0.6605939997825772,9.170520999759901,9.929459271006635
3258,9340.013606779215,9340.013782584,9340.013782584,9340.016637371,9340.028212063,0,COMPLETED,True,0.17580478379386477,2.8547870006150333,11.574692000067444,14.605283784476342
3259,9340.02981081213,9340.029903297,9340.029903297,9340.030582262,9340.039724971,1,COMPLETED,True,0.09248487003787886,0.6789649996790104,9.14270900102565,9.91415887074254
3260,9340.031934274299,9340.03212366,9340.03212366,9340.032681983,9340.041581163,0,COMPLETED,True,0.189385700650746,0.5583230013144203,8.899179998479667,9.646888700444833
3261,9340.03217276474,9340.032225823,9340.032225823,9340.039892709,9340.049538045,1,COMPLETED,True,0.053058260164107196,7.666885998332873,9.64533600017603,17.36528025867301
3262,9340.039997253256,9340.040214566,9340.040214566,9340.041940832,9340.050963952,0,COMPLETED,True,0.21731274318881333,1.7262660003325436,9.023120001074858,10.966698744596215
3263,9340.051699458303,9340.051878466,9340.051878466,9340.052499796,9340.064151362,1,COMPLETED,True,0.1790076967154164,0.6213300002855249,11.651565999272862,12.451903696273803
3264,9340.055833298613,9340.055933014,9340.055933014,9340.056460783,9340.0668382,0,COMPLETED,True,0.09971538747777231,0.5277689997456037,10.377417000199785,11.00490138742316
3265,9340.065967590901,9340.066056194,9340.066056194,9340.066597438,9340.075811822,1,COMPLETED,True,0.08860309935698751,0.5412440004874952,9.214383999278652,9.844231099123135
3266,9340.077973159636,9340.078062432,9340.078062432,9340.078646337,9340.088413818,0,COMPLETED,True,0.08927236376621295,0.5839050008944469,9.76748100038094,10.4406583650416
3267,9340.081553406462,9340.0816999,9340.0816999,9340.082115782,9340.091605498,1,COMPLETED,True,0.14649353761342354,0.41588199928810354,9.489716001553461,10.052091538454988
3268,9340.094972139637,9340.095144057,9340.095144057,9340.095757156,9340.108290499,0,COMPLETED,True,0.171917363331886,0.6130989986559143,12.533343000541208,13.318359362529009
3269,9340.103036453598,9340.103134428,9340.103134428,9340.103511897,9340.112908835,1,COMPLETED,True,0.09797440179681871,0.37746899943158496,9.3969380013732,9.872381402601604
3270,9340.107541038777,9340.107700936,9340.107700936,9340.10862237,9340.117511583,0,COMPLETED,True,0.15989722305675969,0.9214340007019928,8.889212998838047,9.9705442225968
3271,9340.11297306642,9340.113157217,9340.113157217,9340.113860035,9340.12309166,1,COMPLETED,True,0.1841505800257437,0.7028180007182527,9.231624999301857,10.118593580045854
3272,9340.12718466022,9340.127272684,9340.127272684,9340.127839608,9340.137310723,0,COMPLETED,True,0.08802378033578862,0.5669239999406273,9.471114999541896,10.126062779818312
3273,9340.146881618946,9340.146972842,9340.146972842,9340.147438956,9340.157053047,1,COMPLETED,True,0.09122305345954373,0.46611400102847256,9.614090999093605,10.171428053581621
3274,9340.147392714309,9340.147477386,9340.147477386,9340.147773114,9340.157422785,0,COMPLETED,True,0.0846716920932522,0.2957279994006967,9.649670999351656,10.030070690845605
3275,9340.151159944096,9340.151279848,9340.151279848,9340.157450641,9340.166494932,1,COMPLETED,True,0.1199039033963345,6.170792999910191,9.044291000464,15.334987903770525
3276,9340.159936190548,9340.160032977,9340.160032977,9340.160363726,9340.16955575,0,COMPLETED,True,0.09678645255917218,0.3307489987491863,9.192024001094978,9.619559452403337
3277,9340.164650412746,9340.164739726,9340.164739726,9340.166841295,9340.17599583,1,COMPLETED,True,0.08931325464800466,2.101568999933079,9.154535000561737,11.34541725514282
3278,9340.165003306334,9340.165087491,9340.165087491,9340.169736309,9340.179033873,0,COMPLETED,True,0.08418466495641042,4.648818001442123,9.297564000007696,14.03056666640623
3279,9340.165927313643,9340.16601176,9340.16601176,9340.176343964,9340.185650546,1,COMPLETED,True,0.08444635750493035,10.332203999496414,9.306582000135677,19.72323235713702
3280,9340.166749483882,9340.166890409,9340.166890409,9340.179403157,9340.188905354,0,COMPLETED,True,0.1409251181030413,12.512748000517604,9.50219699916488,22.155870117785526
3281,9340.166766288545,9340.166978275,9340.166978275,9340.185976231,9340.19523519,1,COMPLETED,True,0.2119864548149053,18.997956000021077,9.258959000362665,28.468901455198647
3282,9340.167073412396,9340.167264433,9340.167264433,9340.189278125,9340.198636668,0,COMPLETED,True,0.1910206028696848,22.013692001564777,9.35854299859784,31.563255603032303
3283,9340.16714968511,9340.167311425,9340.167311425,9340.195612189,9340.20466264,1,COMPLETED,True,0.1617398902453715,28.300763999141054,9.05045100080315,37.512954890189576
3284,9340.171583974437,9340.171685037,9340.171685037,9340.198989347,9340.20792753,0,COMPLETED,True,0.10106256195285823,27.30431000054523,8.938183000282152,36.34355556278024
3285,9340.1770123433,9340.17710543,9340.17710543,9340.204997948,9340.213898083,1,COMPLETED,True,0.09308670087193605,27.892517999134725,8.900135000658338,36.885739700665
3286,9340.18067498793,9340.180764019,9340.180764019,9340.208334974,9340.217660422,0,COMPLETED,True,0.08903106936486438,27.57095500055584,9.325447999799508,36.98543406972021
3287,9340.193968240963,9340.194082486,9340.194082486,9340.214241556,9340.223448122,1,COMPLETED,True,0.11424503645685036,20.159069999863277,9.206566001012106,29.479881037332234
3288,9340.205776471645,9340.205933123,9340.205933123,9340.218046332,9340.227459616,0,COMPLETED,True,0.15665135470044333,12.113209000744973,9.4132840004022,21.683144355847617
3289,9340.20893076091,9340.209093105,9340.209093105,9340.223828431,9340.232922316,1,COMPLETED,True,0.1623440912226215,14.735325999936322,9.093884998947033,23.991555090105976
3290,9340.213807841345,9340.213954948,9340.213954948,9340.22781703,9340.237228607,0,COMPLETED,True,0.14710665527672973,13.862081999832299,9.411577000719262,23.42076565582829
3291,9340.231539060449,9340.231593088,9340.231593088,9340.233273341,9340.242671418,1,COMPLETED,True,0.05402755050454289,1.6802530008135363,9.398076999787008,11.132357551105088
3292,9340.237288705424,9340.237453881,9340.237453881,9340.238197691,9340.247125597,0,COMPLETED,True,0.16517557560291607,0.7438100001309067,8.927905999371433,9.836891575105255
3293,9340.261236025986,9340.261327667,9340.261327667,9340.262223047,9340.274522015,1,COMPLETED,True,0.09164101356873289,0.8953800006565871,12.29896799850394,13.28598901272926
3294,9340.271277083384,9340.27137694,9340.27137694,9340.272019468,9340.281271839,0,COMPLETED,True,0.09985661563405301,0.6425280007533729,9.252370999092818,9.994755615480244
3295,9340.274777059874,9340.274865046,9340.274865046,9340.275831046,9340.28862834,1,COMPLETED,True,0.08798612543614581,0.9659999996074475,12.797294000847614,13.851280125891208
3296,9340.276038754964,9340.276125942,9340.276125942,9340.281648015,9340.290902301,0,COMPLETED,True,0.0871870361152105,5.52207299915608,9.254286000214051,14.863546035485342
3297,9340.277490482309,9340.277575452,9340.277575452,9340.289099008,9340.299086287,1,COMPLETED,True,0.08496969167026691,11.52355599879229,9.987278999687987,21.595804690150544
3298,9340.319170975834,9340.319306018,9340.319306018,9340.320310382,9340.332914625,0,COMPLETED,True,0.13504216622095555,1.0043639995274134,12.604243000168935,13.743649165917304
3299,9340.319256650402,9340.319409256,9340.319409256,9340.320209235,9340.329801637,1,COMPLETED,True,0.15260559848684352,0.7999789995665196,9.592402000635047,10.54498659868841
3300,9340.321912127683,9340.322020794,9340.322020794,9340.330005954,9340.339821211,1,COMPLETED,True,0.10866631600947585,7.985160000316682,9.815257000809652,17.90908331713581
3301,9340.326303358555,9340.326467674,9340.326467674,9340.333183888,9340.34488891,0,COMPLETED,True,0.16431544463557657,6.71621400033473,11.705021999659948,18.585551444630255
3302,9340.326948025158,9340.327098097,9340.327098097,9340.340233217,9340.34951985,1,COMPLETED,True,0.15007184083515313,13.135120001606992,9.286632999646827,22.571824842088972
3303,9340.349633354504,9340.349773029,9340.349773029,9340.350532967,9340.362731878,0,COMPLETED,True,0.1396744955854956,0.7599380005558487,12.198910999359214,13.098523495500558
3304,9340.392329526263,9340.392511167,9340.392511167,9340.393167437,9340.405167492,1,COMPLETED,True,0.18164073662774172,0.6562700000358745,12.000054999589338,12.837965736252954
3305,9340.393815516249,9340.39392192,9340.39392192,9340.394694889,9340.407451258,0,COMPLETED,True,0.10640375148796011,0.77296900053625,12.756368998452672,13.635741750476882
3306,9340.423325965829,9340.423488418,9340.423488418,9340.424142141,9340.433577866,1,COMPLETED,True,0.1624521719350014,0.6537230001413263,9.435725000003004,10.251900172079331
3307,9340.43542043862,9340.435622078,9340.435622078,9340.436511981,9340.449495162,0,COMPLETED,True,0.20163937915640417,0.8899030017346377,12.98318099907192,14.074723379962961
3308,9340.45862721882,9340.4587191,9340.4587191,9340.459399063,9340.468931981,1,COMPLETED,True,0.09188117837766185,0.6799630009481916,9.532918000331847,10.3047621796577
3309,9340.458796204704,9340.459175514,9340.459175514,9340.459595919,9340.469776949,0,COMPLETED,True,0.37930929647700395,0.4204049982945435,10.181030000239844,10.980744295011391
3310,9340.46048842673,9340.460668219,9340.460668219,9340.469351198,9340.478729968,1,COMPLETED,True,0.1797922705009114,8.682978999786428,9.378769998875214,18.241541269162553
3311,9340.469109862845,9340.469360638,9340.469360638,9340.47091052,9340.480527066,0,COMPLETED,True,0.25077515601878986,1.5498819993808866,9.61654599996109,11.417203155360767
3312,9340.470265792717,9340.470741829,9340.470741829,9340.479085793,9340.488456052,1,COMPLETED,True,0.4760362826345954,8.343964000232518,9.370259000206715,18.19025928307383
3313,9340.47031860031,9340.470775993,9340.470775993,9340.480908413,9340.490213593,0,COMPLETED,True,0.4573926908051362,10.132419998626574,9.305180001319968,19.89499269075168
3314,9340.48025062009,9340.480415052,9340.480415052,9340.488793873,9340.497851302,1,COMPLETED,True,0.1644319090701174,8.378821001315373,9.057428998858086,17.600681909243576
3315,9340.481836574028,9340.481983668,9340.481983668,9340.490572316,9340.499873496,0,COMPLETED,True,0.1470939714636188,8.588648001023103,9.301179999965825,18.036921972452546
3316,9340.482130871696,9340.482393957,9340.482393957,9340.498238793,9340.507585673,1,COMPLETED,True,0.2630853032314917,15.844835999814677,9.346880000521196,25.454801303567365
3317,9340.484744013916,9340.484907145,9340.484907145,9340.500278863,9340.509328697,0,COMPLETED,True,0.16313108426402323,15.371718000096735,9.049833999597467,24.584683083958225
3318,9340.486090003404,9340.486258729,9340.486258729,9340.507930882,9340.51732329,1,COMPLETED,True,0.16872559717739932,21.672152999599348,9.392407999257557,31.233286596034304
3319,9340.5007172687,9340.500872892,9340.500872892,9340.509701547,9340.518594423,0,COMPLETED,True,0.1556233000883367,8.828654999888386,8.892875999663374,17.877154299640097
3320,9340.515739382252,9340.515886482,9340.515886482,9340.517525544,9340.526660109,1,COMPLETED,True,0.14709974857396446,1.6390620003221557,9.134564999840222,10.920726748736342
3321,9340.53524369282,9340.535353943,9340.535353943,9340.53597931,9340.545114984,0,COMPLETED,True,0.11025017920474056,0.625366999884136,9.135673999480787,9.871291178569663
3322,9340.54305570283,9340.54314775,9340.54314775,9340.543705808,9340.552831094,1,COMPLETED,True,0.09204717025568243,0.5580580000241753,9.125286000198685,9.775391170478542
3323,9340.546840172461,9340.54692626,9340.54692626,9340.547360374,9340.557221935,0,COMPLETED,True,0.08608753887529019,0.4341139992902754,9.861561000434449,10.381762538600015
3324,9340.547356588286,9340.54743969,9340.54743969,9340.553169809,9340.562553418,1,COMPLETED,True,0.08310171506309416,5.730118999053957,9.383608999996795,15.196829714113846
3325,9340.553114691342,9340.553369826,9340.553369826,9340.557552995,9340.566511449,0,COMPLETED,True,0.2551346588006709,4.1831689995888155,8.958454000094207,13.396757658483693
3326,9340.557524161912,9340.557640406,9340.557640406,9340.562901069,9340.571936661,1,COMPLETED,True,0.11624408762145322,5.260663001536159,9.035591998326709,14.41249908748432
3327,9340.560890756387,9340.560992355,9340.560992355,9340.566665778,9340.576503236,0,COMPLETED,True,0.10159861267311499,5.673423000189359,9.837457999310573,15.612479612173047
3328,9340.562468485574,9340.562566008,9340.562566008,9340.572335186,9340.581409889,1,COMPLETED,True,0.09752242658578325,9.769177999260137,9.07470300080604,18.94140342665196
3329,9340.58035318568,9340.580510371,9340.580510371,9340.581113284,9340.590366693,0,COMPLETED,True,0.15718532085884362,0.6029129999660654,9.253408999938983,10.013507320763892
3330,9340.588287986102,9340.588481877,9340.588481877,9340.589196798,9340.601503604,1,COMPLETED,True,0.19389089720789343,0.7149210014176788,12.306806000196957,13.21561789882253
3331,9340.59176395078,9340.591858676,9340.591858676,9340.59235242,9340.603058909,0,COMPLETED,True,0.0947252192418091,0.49374400077795144,10.706488999858266,11.294958219878026
3332,9340.593423669327,9340.593573442,9340.593573442,9340.601987521,9340.614762824,1,COMPLETED,True,0.14977267346694134,8.41407900043123,12.775302999216365,21.339154673114535
3333,9340.600828945051,9340.600936975,9340.600936975,9340.603383733,9340.614273036,0,COMPLETED,True,0.10802994984260295,2.4467579987685895,10.8893030010222,13.444090949633392
3334,9340.603797834021,9340.603893098,9340.603893098,9340.614567362,9340.623707086,0,COMPLETED,True,0.09526397843728773,10.674264000044786,9.139724001215654,19.90925197969773
3335,9340.638684988038,9340.638783652,9340.638783652,9340.639749375,9340.65083686,1,COMPLETED,True,0.09866396248980891,0.9657229984441074,11.087485001553432,12.151871962487348
3336,9340.645918865106,9340.646020938,9340.646020938,9340.646568547,9340.657901845,0,COMPLETED,True,0.10207289415120613,0.5476089991134359,11.333297999954084,11.982979893218726
3337,9340.650001254466,9340.650093072,9340.650093072,9340.651285912,9340.662766659,1,COMPLETED,True,0.09181753375742119,1.1928399999305839,11.480746999950497,12.765404533638502
3338,9340.67147044199,9340.671560755,9340.671560755,9340.672145333,9340.68150661,0,COMPLETED,True,0.09031300942297094,0.5845779996889178,9.36127700151701,10.036168010628899
3339,9340.672759853627,9340.672927723,9340.672927723,9340.673373993,9340.682879216,1,COMPLETED,True,0.16786937339929864,0.44626999988395255,9.505222998996032,10.119362372279284
3340,9340.676568600682,9340.676691085,9340.676691085,9340.681668637,9340.690924568,0,COMPLETED,True,0.12248431812622584,4.977552000127616,9.25593099964317,14.355967317897012
3341,9340.679515663942,9340.679630143,9340.679630143,9340.683267097,9340.692550549,1,COMPLETED,True,0.11447905853856355,3.6369539993756916,9.28345200009062,13.034885058004875
3342,9340.684273931587,9340.684394862,9340.684394862,9340.691275748,9340.700627042,0,COMPLETED,True,0.12093041368643753,6.880885999635211,9.351294000225607,16.353110413547256
3343,9340.684432984886,9340.68447507,9340.68447507,9340.692908098,9340.702209512,1,COMPLETED,True,0.042085113818757236,8.433028000581544,9.301413998400676,17.776527112800977
3344,9340.687854393387,9340.687993956,9340.687993956,9340.700997968,9340.709971841,0,COMPLETED,True,0.1395626131852623,13.004012000237708,8.973873000286403,22.117447613709373
3345,9340.692014194548,9340.692242127,9340.692242127,9340.702360552,9340.712058957,1,COMPLETED,True,0.2279324507981073,10.118425001564901,9.698404999653576,20.044762452016585
3346,9340.696822406942,9340.696996184,9340.696996184,9340.710351465,9340.719638564,0,COMPLETED,True,0.17377705808030441,13.355281000258401,9.287098999266163,22.81615705760487
3347,9340.69851893601,9340.698778071,9340.698778071,9340.712390135,9340.721756235,1,COMPLETED,True,0.25913499121088535,13.612063999971724,9.366099999169819,23.23729899035243
3348,9340.69913848094,9340.699287769,9340.699287769,9340.720086467,9340.729954035,0,COMPLETED,True,0.14928806012903806,20.798697998543503,9.867568000117899,30.81555405879044
3349,9340.703092530719,9340.703262083,9340.703262083,9340.722082358,9340.731024264,1,COMPLETED,True,0.16955228056758642,18.82027499959804,8.941906000472954,27.931733280638582
3350,9340.707933731705,9340.708096648,9340.708096648,9340.730326775,9340.739464326,0,COMPLETED,True,0.16291629617626313,22.230126998692867,9.13755100009439,31.53059429496352
3351,9340.712314893168,9340.712578394,9340.712578394,9340.731383829,9340.740917983,1,COMPLETED,True,0.2635008313518483,18.8054350001039,9.534153999993578,28.603089831449324
3352,9340.753293635285,9340.753494565,9340.753494565,9340.754195516,9340.763373867,0,COMPLETED,True,0.200929714992526,0.7009509990894003,9.178350999718532,10.080231713800458
3353,9340.767002006942,9340.767162919,9340.767162919,9340.767921789,9340.780112272,1,COMPLETED,True,0.16091205907287076,0.7588699991174508,12.19048299935821,13.110265057548531
3354,9340.784191664212,9340.784309576,9340.784309576,9340.784902127,9340.794510492,0,COMPLETED,True,0.11791178803832736,0.5925509994995082,9.608365000531194,10.31882778806903
3355,9340.79014722181,9340.790355868,9340.790355868,9340.791006601,9340.800853346,1,COMPLETED,True,0.20864619000349194,0.6507330017484492,9.846744998867507,10.706124190619448
3356,9340.790366932471,9340.79046239,9340.79046239,9340.794962088,9340.8041874,0,COMPLETED,True,0.09545752800477203,4.4996980013820576,9.225311998307006,13.820467527693836
3357,9340.794285729147,9340.794466854,9340.794466854,9340.801215152,9340.810430959,1,COMPLETED,True,0.18112485304300208,6.7482979993656045,9.215807000146015,16.14522985255462
3358,9340.797634976214,9340.797724256,9340.797724256,9340.804545051,9340.813697222,0,COMPLETED,True,0.08927978524297941,6.820795000749058,9.152171000096132,16.06224578608817
3359,9340.798612829709,9340.79870919,9340.79870919,9340.810785266,9340.82005669,1,COMPLETED,True,0.09636029062676243,12.076076000084868,9.27142399996228,21.44386029067391
3360,9340.807269261353,9340.807379433,9340.807379433,9340.814048876,9340.823195307,0,COMPLETED,True,0.11017164615623187,6.6694430006464245,9.146431000772282,15.926045647574938
3361,9340.8215336194,9340.821745809,9340.821745809,9340.82239073,9340.831425894,1,COMPLETED,True,0.2121895995514933,0.6449209995480487,9.03516400103399,9.892274600133533
3362,9340.836222300222,9340.836335597,9340.836335597,9340.836739539,9340.8459153,0,COMPLETED,True,0.11329677727189846,0.40394200004811864,9.175761000733473,9.69299977805349
3363,9340.852265543024,9340.852362992,9340.852362992,9340.852890494,9340.864662517,1,COMPLETED,True,0.09744897579366807,0.5275019993860042,11.772023000958143,12.396973976137815
3364,9340.856176637866,9340.856262172,9340.856262172,9340.856669581,9340.869058852,0,COMPLETED,True,0.08553413317713421,0.40740900112723466,12.389270999847213,12.882214134151582
3365,9340.85682500147,9340.856911557,9340.856911557,9340.864815176,9340.874295289,1,COMPLETED,True,0.08655553028802387,7.903618999989703,9.480112999881385,17.470287530159112
3366,9340.861488088152,9340.861582532,9340.861582532,9340.86926567,9340.879694292,0,COMPLETED,True,0.0944438470469322,7.683138001084444,10.428621999380994,18.20620384751237
3367,9340.87360321706,9340.873761857,9340.873761857,9340.874641721,9340.883787576,1,COMPLETED,True,0.1586399394000182,0.8798640010354575,9.145854999587755,10.18435894002323
3368,9340.877162750468,9340.877309885,9340.877309885,9340.88014405,9340.889285328,0,COMPLETED,True,0.14713453128933907,2.8341649995127227,9.141278000242892,12.122577531044954
3369,9340.895599928386,9340.895689935,9340.895689935,9340.896362825,9340.905392272,1,COMPLETED,True,0.09000661339086946,0.6728900007146876,9.02944699919317,9.792343613298726
3370,9340.919107126707,9340.919198948,9340.919198948,9340.919845884,9340.929172528,0,COMPLETED,True,0.09182129360851832,0.6469359996117419,9.326643999884254,10.065401293104514
3371,9340.947139750484,9340.9472421,9340.9472421,9340.947673795,9340.957213579,1,COMPLETED,True,0.10234951514576096,0.4316950016800547,9.539783999571227,10.073828516397043
3372,9340.955991560824,9340.956102768,9340.956102768,9340.956715183,9340.967885228,0,COMPLETED,True,0.11120717499579769,0.6124150004325202,11.170044999744277,11.893667175172595
3373,9340.960276610256,9340.96040723,9340.96040723,9340.960927652,9340.969797935,1,COMPLETED,True,0.13061974459560588,0.5204219996812753,8.870282999851042,9.521324744127924
3374,9340.964903105523,9340.965048926,9340.965048926,9340.968449872,9340.978245645,0,COMPLETED,True,0.1458204769733129,3.40094599960139,9.795772999495966,13.34253947607067
3375,9340.971004617122,9340.971146488,9340.971146488,9340.97162829,9340.981005257,1,COMPLETED,True,0.14187087799655274,0.48180200064962264,9.376966998388525,10.0006398770347
3376,9340.976806377124,9340.976950606,9340.976950606,9340.978677689,9340.988276834,0,COMPLETED,True,0.1442288757971255,1.7270829994231462,9.59914499981096,11.470456875031232
3377,9340.983130682025,9340.983336655,9340.983336655,9340.983811479,9340.993144668,1,COMPLETED,True,0.2059729740722105,0.47482400077569764,9.333189000244602,10.01398597509251
3378,9340.98505590737,9340.985235653,9340.985235653,9340.98866931,9340.997740345,0,COMPLETED,True,0.17974562979361508,3.4336570006416878,9.071034999578842,12.684437630014145
3379,9340.98788155229,9340.988073029,9340.988073029,9340.993502196,9341.002326459,1,COMPLETED,True,0.19147671082464512,5.429166998510482,8.82426300086081,14.444906710195937
3380,9340.989231686353,9340.989394281,9340.989394281,9340.998097107,9341.007123498,0,COMPLETED,True,0.16259464609902352,8.702826000444475,9.026391000588774,17.891811647132272
3381,9340.99017491595,9340.990310104,9340.990310104,9341.002708412,9341.011663952,1,COMPLETED,True,0.13518804917111993,12.398307999319513,8.9555400008976,21.489036049388233
3382,9340.999868465904,9341.000097493,9341.000097493,9341.007477454,9341.016500195,0,COMPLETED,True,0.22902709679328837,7.379960999969626,9.022741000080714,16.631729096843628
3383,9341.009330788314,9341.00947601,9341.00947601,9341.012056182,9341.020808513,1,COMPLETED,True,0.14522168567054905,2.580172000307357,8.75233099941397,11.477724685391877
3384,9341.026614236625,9341.026703816,9341.026703816,9341.02730408,9341.036388443,0,COMPLETED,True,0.08957937461673282,0.6002640002407134,9.084363000511075,9.774206375368522
3385,9341.031666628956,9341.031751941,9341.031751941,9341.032285796,9341.041399625,1,COMPLETED,True,0.08531204366590828,0.533854999957839,9.113829000853002,9.73299604447675
3386,9341.03664380237,9341.036863498,9341.036863498,9341.037449141,9341.046627077,0,COMPLETED,True,0.21969563022139482,0.5856429997947998,9.177935999105102,9.983274629121297
3387,9341.046864537473,9341.046964708,9341.046964708,9341.0473331,9341.056187818,1,COMPLETED,True,0.10017052773036994,0.36839199856331106,8.85471800029336,9.323280526587041
3388,9341.06498545253,9341.065220797,9341.065220797,9341.06602238,9341.078407336,0,COMPLETED,True,0.23534446881967597,0.801583000793471,12.38495599864109,13.421883468254237
3389,9341.065869654627,9341.066030486,9341.066030486,9341.066622311,9341.075730542,1,COMPLETED,True,0.16083137234090827,0.5918250008107862,9.10823099911795,9.860887372269644
3390,9341.073751664555,9341.073850566,9341.073850566,9341.076142995,9341.08503703,1,COMPLETED,True,0.09890144428936765,2.292429000590346,8.894034999684663,11.285365444564377
3391,9341.080579090878,9341.080694106,9341.080694106,9341.081389803,9341.09221022,0,COMPLETED,True,0.11501512199174613,0.6956969991733786,10.820417001013993,11.631129122179118
3392,9341.084263732864,9341.084435176,9341.084435176,9341.085420205,9341.094601947,1,COMPLETED,True,0.17144313642347697,0.98502899891173,9.181741999782389,10.338214135117596
3393,9341.086241188204,9341.086478482,9341.086478482,9341.092372804,9341.101778111,0,COMPLETED,True,0.2372937960899435,5.8943219992215745,9.405307000633911,15.53692279594543
3394,9341.08920825057,9341.089427835,9341.089427835,9341.094966746,9341.104563813,1,COMPLETED,True,0.21958442994218785,5.53891100025794,9.597066999049275,15.355562429249403
3395,9341.090151497683,9341.090336704,9341.090336704,9341.10213891,9341.111475565,0,COMPLETED,True,0.1852063160185935,11.802206001448212,9.336654999060556,21.324067316527362
3396,9341.098934724023,9341.099454449,9341.099454449,9341.104763546,9341.114022242,1,COMPLETED,True,0.5197249774937518,5.309096999553731,9.258695999960764,15.087517977008247
3397,9341.102688573368,9341.102876747,9341.102876747,9341.111815626,9341.120628852,0,COMPLETED,True,0.18817363161360845,8.93887900019763,8.813226000711438,17.940278632522677
3398,9341.129758073614,9341.129848512,9341.129848512,9341.130418276,9341.139424451,1,COMPLETED,True,0.09043838690558914,0.5697639990103198,9.006174999740324,9.666377385656233
3399,9341.135485321147,9341.13560236,9341.13560236,9341.135968285,9341.145425534,0,COMPLETED,True,0.1170388532045763,0.3659249996417202,9.457248999751755,9.940212852598052
3400,9341.136885675713,9341.137023962,9341.137023962,9341.139764308,9341.149134945,1,COMPLETED,True,0.1382862865284551,2.74034600079176,9.370637000756687,12.249269288076903
3401,9341.139145662886,9341.139233036,9341.139233036,9341.145793282,9341.154991435,0,COMPLETED,True,0.08737311327422503,6.560245999935432,9.198153000397724,15.845772113607381
3402,9341.140129801259,9341.140266409,9341.140266409,9341.149482468,9341.158868669,1,COMPLETED,True,0.136607741296757,9.216058999300003,9.386200999870198,18.738867740466958
3403,9341.149122509487,9341.149258152,9341.149258152,9341.155353346,9341.164417755,0,COMPLETED,True,0.13564251275965944,6.095193999499315,9.064409001439344,15.295245513698319
3404,9341.180287627165,9341.180380758,9341.180380758,9341.180759332,9341.189789628,1,COMPLETED,True,0.09313083501183428,0.3785740009334404,9.030295999764348,9.502000835709623
3405,9341.194173733578,9341.19426154,9341.19426154,9341.195114246,9341.207273415,0,COMPLETED,True,0.0878064220160013,0.8527059999323683,12.15916900036973,13.099681422318099
3406,9341.217472965416,9341.217585629,9341.217585629,9341.218223797,9341.227728348,1,COMPLETED,True,0.11266358342254534,0.6381679995683953,9.504551000645733,10.255382583636674
3407,9341.225197850526,9341.225357979,9341.225357979,9341.226120018,9341.238187641,0,COMPLETED,True,0.16012847299862187,0.7620390006195521,12.067622999893501,12.989790473511675
3408,9341.226363819644,9341.226592557,9341.226592557,9341.228179686,9341.237687111,1,COMPLETED,True,0.22873735542816576,1.5871290015638806,9.507424998446368,11.323291355438414
3409,9341.226622674774,9341.226707995,9341.226707995,9341.238081564,9341.247041728,1,COMPLETED,True,0.08532022548024543,11.373569001079886,8.960163999290671,20.419053225850803
3410,9341.227709216482,9341.227954299,9341.227954299,9341.238722568,9341.249470323,0,COMPLETED,True,0.24508251772203948,10.768268999527209,10.747755000920733,21.76110651816998
3411,9341.232129651265,9341.2322705,9341.2322705,9341.247405949,9341.257959542,1,COMPLETED,True,0.14084873510000762,15.135448998989887,10.553592999713146,25.82989073380304
3412,9341.24115574801,9341.2412916,9341.2412916,9341.249857438,9341.259116918,0,COMPLETED,True,0.13585198939836118,8.565838001231896,9.259479998945608,17.961169989575865
3413,9341.243748445642,9341.243883929,9341.243883929,9341.258320475,9341.2674732,1,COMPLETED,True,0.1354833584628068,14.436546000069939,9.152724998784834,23.72475435731758
3414,9341.251258961413,9341.251408036,9341.251408036,9341.259466022,9341.268827086,0,COMPLETED,True,0.14907458717061672,8.057986000494566,9.361063999676844,17.568124587342027
3415,9341.257149766352,9341.257357706,9341.257357706,9341.267863465,9341.277356298,1,COMPLETED,True,0.20793964722543024,10.505759000807302,9.492832999967504,20.206531648000237
3416,9341.262324715704,9341.262523686,9341.262523686,9341.269177375,9341.278622941,0,COMPLETED,True,0.19897029596904758,6.653688998994767,9.445566000067629,16.298225295031443
3417,9341.262707137512,9341.263218524,9341.263218524,9341.277720082,9341.287309119,1,COMPLETED,True,0.5113864881423069,14.501558000119985,9.589036999386735,24.601981487649027
3418,9341.274400024024,9341.274559722,9341.274559722,9341.278978814,9341.287940792,0,COMPLETED,True,0.15969797641446348,4.419091999807279,8.961978001025273,13.540767977247015
3419,9341.277016718259,9341.277144749,9341.277144749,9341.287707415,9341.297082602,1,COMPLETED,True,0.128030740597751,10.562666000623722,9.375186999022844,20.065883740244317
3420,9341.277171984013,9341.277232632,9341.277232632,9341.288346744,9341.297389955,0,COMPLETED,True,0.06064798617444467,11.114112001450849,9.043210999152507,20.2179709867778
3421,9341.277712508427,9341.277932941,9341.277932941,9341.297446886,9341.306592173,1,COMPLETED,True,0.220432573769358,19.51394499883463,9.145287000137614,28.879664572741603
3422,9341.279646052486,9341.279803629,9341.279803629,9341.297752101,9341.306970958,0,COMPLETED,True,0.1575765145389596,17.94847199926153,9.218856999723357,27.324905513523845
3423,9341.297721657482,9341.297815725,9341.297815725,9341.306960189,9341.315809163,1,COMPLETED,True,0.094067518148222,9.14446400020097,8.848973999192822,18.087505517542013
3424,9341.319721280528,9341.319855782,9341.319855782,9341.320287417,9341.32952006,0,COMPLETED,True,0.13450147162075154,0.43163500049558934,9.23264300035953,9.798779472475871
3425,9341.327646563894,9341.327751262,9341.327751262,9341.328133635,9341.338109358,1,COMPLETED,True,0.104698106952128,0.3823729985015234,9.975723000025027,10.462794105478679
3426,9341.329874057916,9341.330049927,9341.330049927,9341.330386131,9341.339800165,0,COMPLETED,True,0.17586908506928012,0.3362039988132892,9.414034000656102,9.926107084538671
3427,9341.335730693474,9341.335886741,9341.335886741,9341.33828261,9341.34763652,1,COMPLETED,True,0.15604752661602106,2.3958689998835325,9.3539099998452,11.905826526344754
3428,9341.339763346028,9341.339892377,9341.339892377,9341.340555516,9341.349707412,0,COMPLETED,True,0.129030971947941,0.6631390006077709,9.151895999821136,9.944065972376848
3429,9341.351367803176,9341.351486102,9341.351486102,9341.352168956,9341.361580189,1,COMPLETED,True,0.11829882350866683,0.6828540008427808,9.411232998900232,10.21238582325168
3430,9341.35912623899,9341.359268899,9341.359268899,9341.359873023,9341.373293808,0,COMPLETED,True,0.14266001016949303,0.6041240012564231,13.42078499874333,14.167569010169245
3431,9341.368546636579,9341.368755939,9341.368755939,9341.36954287,9341.378799126,1,COMPLETED,True,0.20930242135364097,0.7869309993111528,9.25625600029889,10.252489420963684
3432,9341.371627616249,9341.371768524,9341.371768524,9341.373510117,9341.385605383,0,COMPLETED,True,0.14090775221120566,1.7415929996786872,12.095265999960247,13.97776675185014
3433,9341.38010154571,9341.380252935,9341.380252935,9341.38060559,9341.389675875,1,COMPLETED,True,0.1513892893854063,0.35265500082459766,9.07028499932494,9.574329289534944
3434,9341.385388368277,9341.385534525,9341.385534525,9341.386196035,9341.395472201,0,COMPLETED,True,0.14615672262152657,0.6615100010094466,9.27616599983594,10.083832723466912
3435,9341.386677334132,9341.386777538,9341.386777538,9341.390028272,9341.399426973,1,COMPLETED,True,0.10020386798714753,3.2507340001757257,9.398700998644927,12.7496388668078
3436,9341.389259246893,9341.389346125,9341.389346125,9341.395809808,9341.405696277,0,COMPLETED,True,0.08687810804985929,6.463682999310549,9.886468998956843,16.437030106317252
3437,9341.400902264706,9341.401118014,9341.401118014,9341.401707959,9341.413958582,1,COMPLETED,True,0.2157492945116246,0.5899449988646666,12.250622999999905,13.056317293376196
3438,9341.40399685078,9341.404167833,9341.404167833,9341.406020881,9341.416950859,0,COMPLETED,True,0.17098221906053368,1.8530480010667816,10.929977999694529,12.954008219821844
3439,9341.408204906567,9341.408382696,9341.408382696,9341.414430724,9341.42685661,1,COMPLETED,True,0.17778943220037036,6.048028000805061,12.425885999618913,18.651703432624345
3440,9341.410416725112,9341.410553477,9341.410553477,9341.417244067,9341.42805148,0,COMPLETED,True,0.1367518889310304,6.690590000289376,10.80741299847432,17.634754887694726
3441,9341.414209848808,9341.414697479,9341.414697479,9341.427326108,9341.43975473,1,COMPLETED,True,0.48763019185571466,12.628628999664215,12.428621999788447,25.544881191308377
3442,9341.418810495621,9341.419003653,9341.419003653,9341.42838109,9341.439592158,0,COMPLETED,True,0.19315737881697714,9.37743699978455,11.211068000193336,20.781662378794863
3443,9341.438046363768,9341.438325775,9341.438325775,9341.439880783,9341.449302207,0,COMPLETED,True,0.27941123153141234,1.5550080006505596,9.42142399981094,11.255843231992912
3444,9341.441402171073,9341.44155717,9341.44155717,9341.442188213,9341.452999679,1,COMPLETED,True,0.15499892651860137,0.6310429998848122,10.811466001541703,11.597507927945117
3445,9341.44169774195,9341.442059082,9341.442059082,9341.449662467,9341.459279526,0,COMPLETED,True,0.3613400494941743,7.603385000038543,9.617059000447625,17.581784049980342
3446,9341.456691673135,9341.456840211,9341.456840211,9341.457648886,9341.468989817,1,COMPLETED,True,0.14853786524327006,0.808675000371295,11.340930999722332,12.298143865336897
3447,9341.46299669435,9341.463132049,9341.463132049,9341.463694581,9341.473766039,0,COMPLETED,True,0.1353546504105907,0.5625319990940625,10.071458000311395,10.769344649816048
3448,9341.473187784215,9341.473314181,9341.473314181,9341.473982391,9341.484023932,1,COMPLETED,True,0.12639678425330203,0.6682100010948488,10.041540999736753,10.836147785084904
3449,9341.473841370798,9341.474007961,9341.474007961,9341.474382681,9341.48357902,0,COMPLETED,True,0.16659020184306428,0.374720000763773,9.196338998663123,9.73764920126996
3450,9341.474145774571,9341.474282545,9341.474282545,9341.483934301,9341.49331705,0,COMPLETED,True,0.13677042807103135,9.651756001403555,9.382748999996693,19.17127542947128
3451,9341.479015011075,9341.479152857,9341.479152857,9341.484210831,9341.49342899,1,COMPLETED,True,0.13784592556476127,5.05797400001029,9.218158998919534,14.413978924494586
3452,9341.489715963515,9341.489974711,9341.489974711,9341.493671482,9341.50287033,0,COMPLETED,True,0.25874748462229036,3.69677100025001,9.198847999869031,13.154366484741331
3453,9341.501983753285,9341.502192984,9341.502192984,9341.502775997,9341.512635722,1,COMPLETED,True,0.20923071497236378,0.5830129994137678,9.859724999842001,10.651968714228133
3454,9341.505549031815,9341.505755237,9341.505755237,9341.506360782,9341.515442343,0,COMPLETED,True,0.20620518444047775,0.6055449994164519,9.081561000130023,9.893311183986953
3455,9341.530940335064,9341.531033038,9341.531033038,9341.531731272,9341.541292253,1,COMPLETED,True,0.09270293594454415,0.6982340000831755,9.560980999594904,10.351917935622623
3456,9341.531293527085,9341.531500917,9341.531500917,9341.531931828,9341.541637727,0,COMPLETED,True,0.2073899158858694,0.4309109990572324,9.705898999527562,10.344199914470664
3457,9341.536160450278,9341.536354315,9341.536354315,9341.541739568,9341.550633433,1,COMPLETED,True,0.1938647219503764,5.385252999985823,8.893865000572987,14.472982722509187
3458,9341.5501544706,9341.550317058,9341.550317058,9341.550873841,9341.560110079,0,COMPLETED,True,0.1625873992452398,0.5567830012296326,9.236238000084995,9.955608400559868
3459,9341.56092945732,9341.56108361,9341.56108361,9341.561706078,9341.571093045,1,COMPLETED,True,0.15415267989737913,0.62246800007415,9.386966999954893,10.163587679926422
3460,9341.56440454222,9341.564536938,9341.564536938,9341.565067335,9341.574146265,0,COMPLETED,True,0.1323957803833764,0.5303969992382918,9.078930001123808,9.741722780745476
3461,9341.570252658628,9341.570478565,9341.570478565,9341.571481633,9341.580884391,1,COMPLETED,True,0.22590637126995716,1.0030680005002068,9.40275799985102,10.631732371621183
3462,9341.577793001223,9341.57795455,9341.57795455,9341.578490853,9341.58762942,0,COMPLETED,True,0.16154877812368795,0.5363029995351098,9.13856700026372,9.836418777922518
3463,9341.59014748714,9341.590284514,9341.590284514,9341.590869843,9341.60445521,1,COMPLETED,True,0.13702686010219622,0.5853289985680021,13.58536699990509,14.30772285857529
3464,9341.59855626324,9341.598648279,9341.598648279,9341.599011395,9341.609916673,0,COMPLETED,True,0.092015759946662,0.36311599978944287,10.90527800079144,11.360409760527546
3465,9341.598588226438,9341.598705335,9341.598705335,9341.604917873,9341.616456651,1,COMPLETED,True,0.11710856233548839,6.212538000909262,11.538777998794103,17.868424562038854
3466,9341.629297758009,9341.629393247,9341.629393247,9341.629989275,9341.639506234,0,COMPLETED,True,0.09548899106448516,0.5960279995633755,9.516959000393399,10.20847599102126
3467,9341.632118322708,9341.632260355,9341.632260355,9341.632705517,9341.645069954,1,COMPLETED,True,0.1420322914782446,0.44516200068756007,12.364436999632744,12.951631291798549
3468,9341.643033079696,9341.643112762,9341.643112762,9341.643720581,9341.653791794,0,COMPLETED,True,0.07968230420374312,0.6078189999243477,10.071213000628632,10.758714304756722
3469,9341.649749871674,9341.64984538,9341.64984538,9341.650228754,9341.659142015,1,COMPLETED,True,0.09550832510285545,0.3833740011032205,8.913260999179329,9.392143325385405
3470,9341.66166572746,9341.66178549,9341.66178549,9341.662239105,9341.671183823,0,COMPLETED,True,0.11976253881584853,0.45361500087892637,8.944717999838758,9.518095539533533
3471,9341.66501779782,9341.665125102,9341.665125102,9341.665489977,9341.674810024,1,COMPLETED,True,0.10730417852755636,0.3648750007414492,9.320047000073828,9.792226179342833
3472,9341.678854046579,9341.678967796,9341.678967796,9341.679606749,9341.688906307,0,COMPLETED,True,0.11374942187103443,0.6389529989974108,9.299557999838726,10.05226042070717
3473,9341.68320075729,9341.683305799,9341.683305799,9341.683732243,9341.692740567,1,COMPLETED,True,0.105041710412479,0.42644399945857003,9.008323999296408,9.539809709167457
3474,9341.684931194633,9341.68505471,9341.68505471,9341.689108106,9341.698490017,0,COMPLETED,True,0.12351536679489072,4.053396000017528,9.381910998854437,13.558822365666856
3475,9341.695915681363,9341.696053714,9341.696053714,9341.696592468,9341.708055977,1,COMPLETED,True,0.13803263755107764,0.5387540004448965,11.463508999440819,12.140295637436793
3476,9341.713711769054,9341.713814441,9341.713814441,9341.714495865,9341.723365267,0,COMPLETED,True,0.10267194556945469,0.6814240005041938,8.869401999618276,9.653497945691925
3477,9341.719084333743,9341.719201149,9341.719201149,9341.719760144,9341.729330151,1,COMPLETED,True,0.11681525757012423,0.5589949996647192,9.57000699963828,10.245817256873124
3478,9341.720436537285,9341.72060158,9341.72060158,9341.723729599,9341.73289801,0,COMPLETED,True,0.16504271479789168,3.1280189996323315,9.16841099933663,12.461472713766852
3479,9341.738592093547,9341.738730197,9341.738730197,9341.739570592,9341.752791084,1,COMPLETED,True,0.13810345262754709,0.8403950014326256,13.220491999163642,14.198990453223814
3480,9341.739637979861,9341.739818846,9341.739818846,9341.740262636,9341.753111898,0,COMPLETED,True,0.18086613818013575,0.44379000064509455,12.849262000599992,13.473918139425223
3481,9341.74381156073,9341.743998887,9341.743998887,9341.753171928,9341.762117277,1,COMPLETED,True,0.18732626995188184,9.173041000394733,8.94534899998689,18.305716270333505
3482,9341.757740842499,9341.757885553,9341.757885553,9341.758506838,9341.767905256,0,COMPLETED,True,0.14471050053543877,0.6212850003066706,9.398418000273523,10.164413501115632
3483,9341.76051944446,9341.760685608,9341.760685608,9341.762482566,9341.771622238,1,COMPLETED,True,0.16616353968856856,1.7969580003409646,9.139671999946586,11.102793539976119
3484,9341.765636064787,9341.765746311,9341.765746311,9341.768363366,9341.777369591,0,COMPLETED,True,0.11024621380784083,2.617054999063839,9.006225000121049,11.733526212992729
3485,9341.779903573986,9341.780106673,9341.780106673,9341.780732913,9341.789796587,1,COMPLETED,True,0.20309901447035372,0.6262399983825162,9.063674000572064,9.893013013424934
3486,9341.789573724947,9341.789709852,9341.789709852,9341.790574271,9341.799748574,0,COMPLETED,True,0.13612705333798658,0.8644190002087271,9.174302998872008,10.174849052418722
3487,9341.795505941669,9341.795636514,9341.795636514,9341.796273494,9341.808815918,1,COMPLETED,True,0.13057233081781305,0.6369799993990455,12.54242400136718,13.30997633158404
3488,9341.804051631896,9341.804179606,9341.804179606,9341.804789495,9341.81383375,0,COMPLETED,True,0.1279741045436822,0.6098889989516465,9.044255000844714,9.782118104340043
3489,9341.818303084874,9341.818461147,9341.818461147,9341.819034713,9341.828362524,1,COMPLETED,True,0.15806212650204543,0.5735659997299081,9.32781099982094,10.059439126052894
3490,9341.830803783392,9341.830982202,9341.830982202,9341.831496842,9341.841670839,0,COMPLETED,True,0.17841860790213104,0.514639999892097,10.173996999583323,10.867055607377551
3491,9341.835056535685,9341.835301279,9341.835301279,9341.835943039,9341.847717256,1,COMPLETED,True,0.24474331439705566,0.6417599997803336,11.774217000493081,12.66072031467047
3492,9341.844330512406,9341.844421822,9341.844421822,9341.844937148,9341.854776447,0,COMPLETED,True,0.09130959369940683,0.5153260008228244,9.83929900030489,10.445934594827122
3493,9341.854695492428,9341.854872413,9341.854872413,9341.855556863,9341.8675155,1,COMPLETED,True,0.17692057190288324,0.684450000335346,11.958637000134331,12.82000757237256
3494,9341.85759903424,9341.857703515,9341.857703515,9341.85814344,9341.868815053,0,COMPLETED,True,0.10448075954627711,0.4399250010465039,10.67161299943109,11.216018760023871
3495,9341.89302527994,9341.893176317,9341.893176317,9341.894042781,9341.906707218,1,COMPLETED,True,0.15103706027730368,0.8664639990456635,12.664437001149054,13.68193806047202
3496,9341.896770463818,9341.896941613,9341.896941613,9341.89741767,9341.906807449,0,COMPLETED,True,0.17114918227889575,0.4760569991049124,9.389779001139686,10.036985182523495
3497,9341.92434200105,9341.924479754,9341.924479754,9341.925421363,9341.937533643,1,COMPLETED,True,0.13775294974038843,0.9416089997102972,12.112280001019826,13.191641950470512
3498,9341.936046792314,9341.936232346,9341.936232346,9341.936994821,9341.949753446,0,COMPLETED,True,0.18555368660599925,0.7624749996466562,12.75862500006042,13.706653686313075
3499,9341.94179832603,9341.941946916,9341.941946916,9341.94265475,9341.952062738,1,COMPLETED,True,0.14858997019473463,0.7078340004227357,9.40798800002085,10.26441197063832
3500,9341.946808769544,9341.94696628,9341.94696628,9341.949945083,9341.961034147,0,COMPLETED,True,0.15751045611978043,2.9788030005875044,11.089063998952042,14.225377455659327
3501,9341.948064078177,9341.948170973,9341.948170973,9341.952209276,9341.961384029,1,COMPLETED,True,0.10689482405723538,4.038302999106236,9.17475300047954,13.319950823643012
3502,9341.958386113118,9341.95852615,9341.95852615,9341.961389874,9341.970549493,0,COMPLETED,True,0.14003688193042763,2.863724001144874,9.159618999547092,12.163379882622394
3503,9341.960267419243,9341.960451843,9341.960451843,9341.961730475,9341.970545394,1,COMPLETED,True,0.1844237576733576,1.2786320003215224,8.814918999632937,10.277974757627817
3504,9341.966584070267,9341.966726818,9341.966726818,9341.970815322,9341.979763079,1,COMPLETED,True,0.14274773275246844,4.0885039998102,8.947756999987178,13.179008732549846
3505,9341.967534998577,9341.967694395,9341.967694395,9341.970934049,9341.980163616,0,COMPLETED,True,0.15939642253215425,3.239654000935843,9.229566998328664,12.628617421796662
3506,9341.969364143299,9341.969531688,9341.969531688,9341.98010724,9341.989354459,1,COMPLETED,True,0.16754470198065974,10.57555199986382,9.2472189990076,19.99031570085208
3507,9341.972273118894,9341.972411681,9341.972411681,9341.980511385,9341.989646631,0,COMPLETED,True,0.13856210534868296,8.099704000414931,9.13524600036908,17.373512106132694
3508,9341.991039542714,9341.991198056,9341.991198056,9341.991874158,9342.000925759,1,COMPLETED,True,0.1585132849868387,0.6761020013072994,9.05160100046487,9.886216286759009
3509,9341.993013398687,9341.993148432,9341.993148432,9341.993564338,9342.002675475,0,COMPLETED,True,0.1350333131995285,0.4159059990342939,9.11113700021815,9.662076312451973
3510,9341.996843035486,9341.996997481,9341.996997481,9342.001260442,9342.010183961,1,COMPLETED,True,0.15444551354448777,4.262961001586518,8.923518998926738,13.340925514057744
3511,9341.998409330074,9341.998775194,9341.998775194,9342.003021608,9342.012216947,0,COMPLETED,True,0.36586392707249615,4.246413998771459,9.195339000143576,13.807616925987531
3512,9342.007364672532,9342.007516044,9342.007516044,9342.010528587,9342.01954079,1,COMPLETED,True,0.15137146692723036,3.012543000295409,9.012202999656438,12.176117466879077
3513,9342.007455570856,9342.007634279,9342.007634279,9342.012560128,9342.02164486,0,COMPLETED,True,0.17870814372145105,4.925848999846494,9.084732000701479,14.189289144269424
3514,9342.010008188447,9342.010143487,9342.010143487,9342.019941352,9342.029014192,1,COMPLETED,True,0.13529855277738534,9.79786500101909,9.072839999134885,19.00600355293136
3515,9342.03099672036,9342.031159497,9342.031159497,9342.031757864,9342.040639846,0,COMPLETED,True,0.1627766414458165,0.5983669998386176,8.881981999365962,9.643125640650396
3516,9342.0580789342,9342.058218729,9342.058218729,9342.059041535,9342.071426773,1,COMPLETED,True,0.13979479990666732,0.822805999632692,12.3852380002063,13.34783879974566
3517,9342.062618371898,9342.062752799,9342.062752799,9342.063120798,9342.072227149,0,COMPLETED,True,0.13442710223898757,0.36799900044570677,9.10635099899082,9.608777101675514
3518,9342.071543921618,9342.071708457,9342.071708457,9342.072626671,9342.082149229,1,COMPLETED,True,0.1645353822823381,0.9182140001939842,9.522557998934644,10.605307381410967
3519,9342.083454951178,9342.083611999,9342.083611999,9342.084358319,9342.097500389,0,COMPLETED,True,0.1570478216308402,0.7463199999619974,13.14206999995804,14.045437821550877
3520,9342.08527377507,9342.085418876,9342.085418876,9342.086089208,9342.095563722,1,COMPLETED,True,0.14510093024000525,0.6703319995722268,9.47451399952115,10.289946929333382
3521,9342.095396403874,9342.095551701,9342.095551701,9342.096296824,9342.105527058,1,COMPLETED,True,0.15529712618445046,0.7451229994330788,9.230233999915072,10.130654125532601
3522,9342.103837358303,9342.104029821,9342.104029821,9342.104714418,9342.117579142,0,COMPLETED,True,0.19246269584982656,0.6845970001450041,12.864723999882699,13.74178369587753
3523,9342.104676100422,9342.104814981,9342.104814981,9342.105868029,9342.114915419,1,COMPLETED,True,0.13888057765143458,1.053048001267598,9.047389999977895,10.239318578896928
3524,9342.105034727965,9342.105196293,9342.105196293,9342.115238747,9342.12432781,1,COMPLETED,True,0.16156503443198744,10.042453999631107,9.089062999919406,19.2930820339825
3525,9342.112959442073,9342.11311898,9342.11311898,9342.117796402,9342.127882932,0,COMPLETED,True,0.1595379271748243,4.677422000895604,10.086529999171034,14.923489927241462
3526,9342.119614915351,9342.119824137,9342.119824137,9342.124646523,9342.13385413,1,COMPLETED,True,0.2092216491291765,4.822385999432299,9.207606999552809,14.239214648114285
3527,9342.120163662972,9342.120977638,9342.120977638,9342.128299643,9342.137539146,0,COMPLETED,True,0.8139750279951841,7.322004999878118,9.239503000571858,17.37548302844516
3528,9342.130020081084,9342.130160299,9342.130160299,9342.134200042,9342.143433661,1,COMPLETED,True,0.14021791685081553,4.0397430002485635,9.233618999132887,13.413579916232266
3529,9342.134300707494,9342.134431374,9342.134431374,9342.137903846,9342.147398284,0,COMPLETED,True,0.13066650535620283,3.472472000794369,9.494437999819638,13.09757650597021
3530,9342.144821385657,9342.144923777,9342.144923777,9342.145404046,9342.157708205,1,COMPLETED,True,0.1023913428070955,0.4802690000360599,12.304159001359949,12.886819344203104
3531,9342.14970372182,9342.149791114,9342.149791114,9342.150171744,9342.161117629,0,COMPLETED,True,0.087392179921153,0.3806300010182895,10.945885000182898,11.41390718112234
3532,9342.151524327319,9342.15160911,9342.15160911,9342.158185974,9342.169454969,1,COMPLETED,True,0.08478268136968836,6.5768639997259015,11.268995000136783,17.930641681232373
3533,9342.166110289812,9342.166202276,9342.166202276,9342.166562761,9342.175694226,0,COMPLETED,True,0.09198618681693915,0.3604850007832283,9.131464999882155,9.583936187482323
3534,9342.175442084043,9342.17553179,9342.17553179,9342.175930027,9342.185424383,1,COMPLETED,True,0.08970595808932558,0.39823699989938177,9.494355999777326,9.982298957766034
3535,9342.1859858484,9342.18611138,9342.18611138,9342.186602834,9342.195296014,0,COMPLETED,True,0.12553160013339948,0.4914539986202726,8.693180001500878,9.31016560025455
3536,9342.190795998727,9342.190933036,9342.190933036,9342.191323615,9342.200714294,1,COMPLETED,True,0.13703727199754212,0.3905789999407716,9.390679000716773,9.918295272655087
3537,9342.191720236546,9342.191858877,9342.191858877,9342.195665356,9342.20509961,0,COMPLETED,True,0.1386404546792619,3.8064789987402037,9.43425400146225,13.379373454881716
3538,9342.202201522678,9342.202404403,9342.202404403,9342.20334349,9342.216097302,1,COMPLETED,True,0.20288032283133361,0.9390870000061113,12.753811999573372,13.895779322410817
3539,9342.20340854084,9342.203611095,9342.203611095,9342.205446121,9342.214862824,0,COMPLETED,True,0.2025541598413838,1.8350259997532703,9.416703000169946,11.4542831597646
3540,9342.22095276507,9342.221047579,9342.221047579,9342.221586134,9342.230805594,0,COMPLETED,True,0.09481392953603063,0.5385549993661698,9.2194600001676,9.852828929069801
3541,9342.222479390199,9342.222681676,9342.222681676,9342.223230386,9342.232667267,1,COMPLETED,True,0.20228580069669988,0.5487100006575929,9.436881000510766,10.187876801865059
3542,9342.222802121709,9342.223090821,9342.223090821,9342.23114434,9342.240490198,0,COMPLETED,True,0.28869929155916907,8.053518999076914,9.345858001324814,17.688076291960897
3543,9342.22554402571,9342.225691944,9342.225691944,9342.23286921,9342.242317054,1,COMPLETED,True,0.1479182901675813,7.177265999416704,9.447844000533223,16.77302829011751
3544,9342.228972698751,9342.229129742,9342.229129742,9342.240828957,9342.249987129,0,COMPLETED,True,0.15704324869147968,11.699214999680407,9.15817200075253,21.014430249124416
3545,9342.230367208333,9342.230508388,9342.230508388,9342.242673187,9342.251879874,1,COMPLETED,True,0.14117966748017352,12.16479899994738,9.20668700018723,21.512665667614783
3546,9342.233677674034,9342.23381704,9342.23381704,9342.250168663,9342.259738602,0,COMPLETED,True,0.13936596587882377,16.351623000446125,9.569939000357408,26.060927966682357
3547,9342.242091755386,9342.242346253,9342.242346253,9342.252271738,9342.261561418,1,COMPLETED,True,0.25449761415075045,9.925484999257606,9.289679999710643,19.469662613119
3548,9342.247092165037,9342.247241673,9342.247241673,9342.260132812,9342.269463608,0,COMPLETED,True,0.14950796321500093,12.891139000203111,9.330795999630936,22.37144296304905
3549,9342.24909398393,9342.249285972,9342.249285972,9342.261904638,9342.271146391,1,COMPLETED,True,0.19198807058273815,12.618665999980294,9.241752999514574,22.052407070077606
3550,9342.251543599778,9342.251641145,9342.251641145,9342.269854722,9342.279000106,0,COMPLETED,True,0.09754522216098849,18.213577001006342,9.145383999566548,27.45650622273388
3551,9342.29395025267,9342.294115987,9342.294115987,9342.294858419,9342.304225491,1,COMPLETED,True,0.16573433094890788,0.7424319992423989,9.367071999804466,10.275238329995773
3552,9342.300258350397,9342.300509471,9342.300509471,9342.30114204,9342.31109031,0,COMPLETED,True,0.25112060393439606,0.6325689992081607,9.94827000067744,10.831959603819996
3553,9342.304987468691,9342.305097972,9342.305097972,9342.305659701,9342.314996703,1,COMPLETED,True,0.1105033079511486,0.561729000764899,9.337002000393113,10.00923430910916
3554,9342.318093158972,9342.31833362,9342.31833362,9342.319168067,9342.327836019,0,COMPLETED,True,0.24046102771535516,0.8344470006704796,8.667951999086654,9.742860027472489
3555,9342.330167778344,9342.330309428,9342.330309428,9342.331031998,9342.344538395,1,COMPLETED,True,0.1416496561432723,0.7225699991977308,13.50639700103784,14.370616656378843
3556,9342.333414435383,9342.3335803,9342.3335803,9342.333937368,9342.343094015,0,COMPLETED,True,0.16586461788392626,0.35706799826584756,9.156647000054363,9.679579616204137
3557,9342.337844959347,9342.338047203,9342.338047203,9342.343475626,9342.352297698,0,COMPLETED,True,0.20224365289323032,5.428422999102622,8.822072000839398,14.45273865283525
3558,9342.353687518491,9342.35378425,9342.35378425,9342.354365423,9342.363823302,1,COMPLETED,True,0.09673150998423807,0.5811729988636216,9.457878999455716,10.135783508303575
3559,9342.356466371924,9342.35661659,9342.35661659,9342.357208548,9342.366710846,0,COMPLETED,True,0.1502180748502724,0.5919579998590052,9.502298000370502,10.24447407507978
3560,9342.358688448247,9342.358831129,9342.358831129,9342.364204749,9342.373174062,1,COMPLETED,True,0.14268075392465107,5.373619998863433,8.969313001216506,14.48561375400459
3561,9342.361304664835,9342.361476802,9342.361476802,9342.367162638,9342.376287075,0,COMPLETED,True,0.17213716455444228,5.685836000338895,9.124436999627505,14.982410164520843
3562,9342.37181419435,9342.372085686,9342.372085686,9342.373538847,9342.382578233,1,COMPLETED,True,0.27149164998263586,1.4531609995174222,9.03938600094989,10.764038650449947
3563,9342.3746404782,9342.374801499,9342.374801499,9342.376438279,9342.386095997,0,COMPLETED,True,0.16102080007840414,1.636779999898863,9.657718001108151,11.455518801085418
3564,9342.378274186945,9342.378427089,9342.378427089,9342.382928387,9342.392390707,1,COMPLETED,True,0.15290205374185462,4.501298000832321,9.462320000238833,14.116520054813009
3565,9342.380170058826,9342.380317738,9342.380317738,9342.386413714,9342.395262209,0,COMPLETED,True,0.14767917309654877,6.095976001233794,8.848494999256218,15.09215017358656
3566,9342.390806388734,9342.390950351,9342.390950351,9342.392707933,9342.401652635,1,COMPLETED,True,0.1439622665202478,1.7575820002093678,8.944702000007965,10.84624626673758
3567,9342.396002452757,9342.396181514,9342.396181514,9342.396796631,9342.405535788,0,COMPLETED,True,0.17906124230648857,0.6151170000521233,8.7391570014006,9.533335243759211
3568,9342.406297667369,9342.406389875,9342.406389875,9342.406961894,9342.416159558,1,COMPLETED,True,0.09220763058692683,0.5720190001738956,9.197664001476369,9.861890632237191
3569,9342.410879901288,9342.411016724,9342.411016724,9342.411557856,9342.420759638,0,COMPLETED,True,0.13682271128345747,0.5411319998529507,9.20178200067312,9.879736711809528
3570,9342.414997956115,9342.415128999,9342.415128999,9342.416485557,9342.425995712,1,COMPLETED,True,0.13104288518661633,1.3565579993155552,9.510154999588849,10.99775588409102
3571,9342.41949584667,9342.419664166,9342.419664166,9342.421114917,9342.42995132,0,COMPLETED,True,0.16831932953209616,1.4507510004477808,8.836402999804704,10.455473329784581
3572,9342.420367124287,9342.420532733,9342.420532733,9342.426338625,9342.435584169,1,COMPLETED,True,0.1656087133596884,5.805892000353197,9.24554399898625,15.217044712699135
3573,9342.424574258439,9342.424714232,9342.424714232,9342.430299865,9342.439650014,0,COMPLETED,True,0.1399735610903008,5.585633000009693,9.350148999146768,15.075755560246762
3574,9342.428477843767,9342.428615608,9342.428615608,9342.435938953,9342.445215831,1,COMPLETED,True,0.13776423293165863,7.323345000258996,9.276877999582211,16.737987232772866
3575,9342.428988141271,9342.429115874,9342.429115874,9342.439996166,9342.44895215,0,COMPLETED,True,0.12773272828781046,10.880292000365444,8.9559839998401,19.964008728493354
3576,9342.434620920165,9342.434846012,9342.434846012,9342.445382685,9342.455101351,1,COMPLETED,True,0.22509183509100694,10.536673000387964,9.71866600048088,20.48043083595985
3577,9342.449717218948,9342.450020589,9342.450020589,9342.450678523,9342.460610037,0,COMPLETED,True,0.303370052279206,0.6579340006283019,9.931513999617891,10.8928180525254
3578,9342.458957073275,9342.459102254,9342.459102254,9342.459673827,9342.472609899,1,COMPLETED,True,0.14518072566716,0.5715729985240614,12.936072000229615,13.652825724420836
3579,9342.460601197097,9342.460730759,9342.460730759,9342.461437082,9342.470596002,0,COMPLETED,True,0.12956190221302677,0.7063230004860088,9.158920000118087,9.994804902817123
3580,9342.463138707913,9342.463223543,9342.463223543,9342.470943869,9342.479943475,0,COMPLETED,True,0.08483508645440452,7.720326000708155,8.999605999633786,16.804767086796346
3581,9342.47634683592,9342.476440835,9342.476440835,9342.476939408,9342.486125748,1,COMPLETED,True,0.093999080490903,0.4985729992768029,9.186340001178905,9.778912080946611
3582,9342.485026036127,9342.485328896,9342.485328896,9342.486048766,9342.495072471,0,COMPLETED,True,0.3028598730452359,0.7198700004664715,9.023704998980975,10.046434872492682
3583,9342.499575759177,9342.49968226,9342.49968226,9342.500373425,9342.509777907,1,COMPLETED,True,0.10650082367646974,0.6911649998073699,9.404481999808922,10.202147823292762
3584,9342.50378676974,9342.503928346,9342.503928346,9342.50454899,9342.513474928,0,COMPLETED,True,0.14157625992083922,0.6206440011737868,8.925938000174938,9.688158261269564
3585,9342.511027623354,9342.511193085,9342.511193085,9342.511903869,9342.5243398,1,COMPLETED,True,0.16546164624742232,0.7107840010576183,12.435930999345146,13.312176646650187
3586,9342.516785551603,9342.516922392,9342.516922392,9342.51737461,9342.526498865,0,COMPLETED,True,0.13684039731742814,0.4522180006460985,9.124254998823744,9.713313396787271
3587,9342.525437519529,9342.525576127,9342.525576127,9342.52629635,9342.536605063,1,COMPLETED,True,0.1386074709444074,0.7202230008260813,10.30871299917635,11.167543470946839
3588,9342.537615009951,9342.537730883,9342.537730883,9342.53834579,9342.547745795,0,COMPLETED,True,0.11587304834392853,0.6149070013634628,9.40000499940652,10.13078504911391
3589,9342.541720104986,9342.54186197,9342.54186197,9342.54230912,9342.551478117,1,COMPLETED,True,0.1418650135747157,0.447149999672547,9.168997001324897,9.75801201457216
3590,9342.542792844533,9342.542918273,9342.542918273,9342.54818323,9342.557595289,0,COMPLETED,True,0.12542846707219724,5.264956998871639,9.412059000169393,14.80244446611323
3591,9342.54842323693,9342.548573063,9342.548573063,9342.551830233,9342.561202715,1,COMPLETED,True,0.14982606990088243,3.257169999415055,9.372481999889715,12.779478069205652
3592,9342.548460561495,9342.548644294,9342.548644294,9342.557965344,9342.567140789,0,COMPLETED,True,0.18373250532022212,9.32104999992589,9.175445000437321,18.680227505683433
3593,9342.553687557673,9342.553882557,9342.553882557,9342.561533848,9342.570389115,1,COMPLETED,True,0.19499932750477456,7.651291000001947,8.85526700039918,16.701557327905903
3594,9342.554445259875,9342.554603168,9342.554603168,9342.567490802,9342.576586265,0,COMPLETED,True,0.15790812540217303,12.887633998616366,9.09546300135844,22.141005125376978
3595,9342.575506436511,9342.575661235,9342.575661235,9342.576133991,9342.585393947,1,COMPLETED,True,0.15479848843824584,0.4727560008177534,9.259955999368685,9.887510488624685
3596,9342.581915767872,9342.582101995,9342.582101995,9342.582599774,9342.591627907,0,COMPLETED,True,0.18622712741489522,0.4977789994882187,9.028133001265815,9.712139128168928
3597,9342.593671578095,9342.593812367,9342.593812367,9342.594490995,9342.607690619,1,COMPLETED,True,0.14078890490054619,0.6786279991501942,13.199623999753385,14.019040903804125
3598,9342.603997584596,9342.604169008,9342.604169008,9342.604718618,9342.616865168,0,COMPLETED,True,0.1714234040264273,0.5496100002346793,12.146549999670242,12.867583403931349
3599,9342.609533485722,9342.60968349,9342.60968349,9342.610165888,9342.622255534,1,COMPLETED,True,0.15000427811173722,0.48239799980365206,12.089645999367349,12.722048277282738
3600,9342.612288715916,9342.612379115,9342.612379115,9342.617037913,9342.627690077,0,COMPLETED,True,0.09039908400154673,4.658797999582021,10.652164000930497,15.401361084514065
3601,9342.624288018436,9342.624434046,9342.624434046,9342.624854336,9342.634232954,1,COMPLETED,True,0.1460275634599384,0.4202899999654619,9.378618000482675,9.944935563908075
3602,9342.627775981808,9342.627880745,9342.627880745,9342.62846351,9342.637705206,0,COMPLETED,True,0.10476319221197627,0.5827650002174778,9.241695999662625,9.929224192092079
3603,9342.641707809504,9342.641795093,9342.641795093,9342.642234271,9342.651676478,1,COMPLETED,True,0.08728349712328054,0.4391779984871391,9.442207001484348,9.968668497094768
3604,9342.643604883013,9342.643733997,9342.643733997,9342.644157131,9342.653259339,0,COMPLETED,True,0.12911398698634002,0.42313400081184227,9.102207999603706,9.654455987401889
3605,9342.651965603687,9342.652188725,9342.652188725,9342.652548668,9342.662057256,1,COMPLETED,True,0.2231213129562093,0.35994300014863256,9.508588000244345,10.091652313349186
3606,9342.656446744266,9342.656481561,9342.656481561,9342.656868264,9342.666133281,0,COMPLETED,True,0.03481673411442898,0.3867030009132577,9.265016999052023,9.68653673407971
3607,9342.664398869172,9342.664490915,9342.664490915,9342.664830587,9342.673996794,1,COMPLETED,True,0.09204582784150261,0.3396720003365772,9.16620699899795,9.59792482717603
3608,9342.666297764943,9342.666497459,9342.666497459,9342.666783845,9342.675868495,0,COMPLETED,True,0.19969405730080325,0.28638599906116724,9.084650000659167,9.570730057021137
3609,9342.686550874454,9342.686646146,9342.686646146,9342.687099736,9342.69624882,1,COMPLETED,True,0.09527154543320648,0.45359000068856403,9.149084000455332,9.697945546577103
3610,9342.69155624172,9342.691643497,9342.691643497,9342.692019008,9342.701243645,0,COMPLETED,True,0.08725528095965274,0.3755109992198413,9.224637000443181,9.687403280622675
3611,9342.712122072677,9342.712257713,9342.712257713,9342.712874642,9342.722045188,1,COMPLETED,True,0.13564032269641757,0.6169290008983808,9.170545999950264,9.923115323545062
3612,9342.721671603462,9342.721806705,9342.721806705,9342.722493941,9342.731700984,0,COMPLETED,True,0.1351015380350873,0.6872360008856049,9.207043000060366,10.029380538981059
3613,9342.726640873276,9342.726792886,9342.726792886,9342.727422849,9342.736716327,1,COMPLETED,True,0.1520127243566094,0.6299630003923085,9.293477998653543,10.075453723402461
3614,9342.737863253964,9342.738006719,9342.738006719,9342.738669228,9342.747720785,0,COMPLETED,True,0.14346503667184152,0.662508999084821,9.051557000930188,9.85753103668685
3615,9342.73852910113,9342.738658407,9342.738658407,9342.739066564,9342.748561187,1,COMPLETED,True,0.12930586854054127,0.4081570004927926,9.494623000136926,10.03208586917026
3616,9342.755585218145,9342.755778634,9342.755778634,9342.756529411,9342.765474307,0,COMPLETED,True,0.1934158553922316,0.7507770005759085,8.944895998865832,9.889088854833972
3617,9342.775519821089,9342.775658372,9342.775658372,9342.776399771,9342.785450392,1,COMPLETED,True,0.13855091128789354,0.7413990006170934,9.050620999914827,9.930570911819814
3618,9342.780667872117,9342.780832265,9342.780832265,9342.781419751,9342.790518485,0,COMPLETED,True,0.16439288265246432,0.5874859998584725,9.098734000872355,9.850612883383292
3619,9342.791488223615,9342.791636043,9342.791636043,9342.792352314,9342.801004422,1,COMPLETED,True,0.1478193862567423,0.716270998964319,8.652107999296277,9.516198384517338
3620,9342.79840509451,9342.798567493,9342.798567493,9342.799297053,9342.808419905,0,COMPLETED,True,0.16239848991972394,0.729559998944751,9.122852001382853,10.014810490247328
3621,9342.812238392193,9342.812379198,9342.812379198,9342.813025247,9342.822072214,1,COMPLETED,True,0.14080580695008393,0.6460490003519226,9.046966999449069,9.833821806751075
3622,9342.815959314134,9342.816094693,9342.816094693,9342.816650606,9342.825767875,0,COMPLETED,True,0.1353788666165201,0.5559130004257895,9.117268999034422,9.808560866076732
3623,9342.822302162078,9342.8225495,9342.8225495,9342.823110718,9342.832217684,1,COMPLETED,True,0.24733792270126287,0.5612179993477184,9.106965999308159,9.91552192135714
3624,9342.82266247476,9342.823158732,9342.823158732,9342.826119776,9342.834935011,0,COMPLETED,True,0.49625724022916984,2.961043999675894,8.815234999929089,12.272536239834153
3625,9342.829110322209,9342.829274344,9342.829274344,9342.832373271,9342.84187551,1,COMPLETED,True,0.16402179062424693,3.0989269998826785,9.502238999630208,12.765187790137134
3626,9342.837088228212,9342.837247505,9342.837247505,9342.837971068,9342.847020804,0,COMPLETED,True,0.15927678759908304,0.7235630000650417,9.049735999724362,9.932575787388487
3627,9342.855893992295,9342.856056894,9342.856056894,9342.856625601,9342.869707463,1,COMPLETED,True,0.1629017042432679,0.568707000638824,13.081862000035471,13.813470704917563
3628,9342.85936332865,9342.859457748,9342.859457748,9342.859710697,9342.868614625,0,COMPLETED,True,0.09441935071663465,0.25294899933214765,8.903928001018357,9.25129635106714
3629,9342.903248405448,9342.903392563,9342.903392563,9342.9041026,9342.915485462,0,COMPLETED,True,0.14415755140362307,0.7100370003172429,11.382861999663874,12.23705655138474
3630,9342.907849382967,9342.907928995,9342.907928995,9342.908436326,9342.919915126,1,COMPLETED,True,0.07961203300510533,0.5073310003353981,11.478799999167677,12.06574303250818
3631,9342.917736574971,9342.917895002,9342.917895002,9342.918608087,9342.93118603,0,COMPLETED,True,0.15842702850932255,0.713085000825231,12.577942999996594,13.449455029331148
3632,9342.93352406525,9342.933610795,9342.933610795,9342.934195215,9342.94519531,1,COMPLETED,True,0.08672974945511669,0.5844200004503364,11.000094998962595,11.671244748868048
3633,9342.940693656079,9342.940816779,9342.940816779,9342.941317971,9342.952904798,0,COMPLETED,True,0.12312292165006511,0.5011920002289116,11.586826998609467,12.211141920488444
3634,9342.94457378742,9342.944714602,9342.944714602,9342.945468288,9342.9547639,1,COMPLETED,True,0.14081457993597724,0.7536860011896351,9.295611998823006,10.190112579948618
3635,9342.959618149778,9342.959710687,9342.959710687,9342.960308573,9342.96941096,0,COMPLETED,True,0.09253722237190232,0.5978859990136698,9.102387000893941,9.792810222279513
3636,9342.96165885104,9342.961752733,9342.961752733,9342.962144982,9342.971255254,1,COMPLETED,True,0.09388195940118749,0.39224900137924124,9.110271999816177,9.596402960596606
3637,9342.962313413289,9342.962400881,9342.962400881,9342.969571006,9342.978727027,0,COMPLETED,True,0.08746771163714584,7.1701249999023275,9.156021000308101,16.413613711847574
3638,9342.964802710172,9342.964964814,9342.964964814,9342.971605933,9342.980589145,1,COMPLETED,True,0.16210382818826474,6.641119000050821,8.983211999293417,15.786434827532503
3639,9342.966105713289,9342.966277564,9342.966277564,9342.979085718,9342.991143511,0,COMPLETED,True,0.17185071192216128,12.808153998776106,12.057793001076789,25.037797711775056
3640,9342.97263491813,9342.972802774,9342.972802774,9342.980942836,9342.990367682,1,COMPLETED,True,0.16785587104095612,8.140062000165926,9.424845999092213,17.732763870299095
3641,9342.980494540441,9342.980605933,9342.980605933,9342.990721501,9342.999811443,1,COMPLETED,True,0.11139255911984947,10.115568000401254,9.089941999263829,19.316902558784932
3642,9342.984892414459,9342.984991794,9342.984991794,9342.991422142,9343.004121554,0,COMPLETED,True,0.09937954018823802,6.430348001231323,12.699412000074517,19.229139541494078
3643,9343.004362962847,9343.0044516,9343.0044516,9343.005111247,9343.014144459,1,COMPLETED,True,0.0886371526576113,0.6596469993382925,9.03321200166829,9.781496153664193
3644,9343.008459279423,9343.008616311,9343.008616311,9343.009226399,9343.021877275,0,COMPLETED,True,0.15703157805546653,0.6100880000303732,12.650875998588162,13.417995576674002
3645,9343.009537265041,9343.009667774,9343.009667774,9343.014498657,9343.023572174,1,COMPLETED,True,0.13050895904598292,4.830882999158348,9.073516999706044,14.034908957910375
3646,9343.013387937159,9343.013528586,9343.013528586,9343.022174031,9343.034833831,0,COMPLETED,True,0.14064884089748375,8.645445001093321,12.659799998800736,21.44589384079154
3647,9343.01528929589,9343.015426393,9343.015426393,9343.02390488,9343.032755632,1,COMPLETED,True,0.13709710947296117,8.47848699959286,8.850752001308138,17.46633611037396
3648,9343.05968720367,9343.059775417,9343.059775417,9343.060373889,9343.069654644,1,COMPLETED,True,0.08821332994557451,0.5984720010019373,9.280754999053897,9.96744033000141
3649,9343.06197613295,9343.062023478,9343.062023478,9343.062424647,9343.074823177,0,COMPLETED,True,0.04734504909720272,0.4011689998151269,12.398529999700258,12.847044048612588
3650,9343.076018787875,9343.076118093,9343.076118093,9343.076689626,9343.085670585,1,COMPLETED,True,0.09930512533173896,0.5715329989470774,8.980959000837174,9.65179712511599
3651,9343.103099032938,9343.103196758,9343.103196758,9343.103894198,9343.11658438,0,COMPLETED,True,0.09772506200533826,0.6974400002945913,12.690182000369532,13.485347062669462
3652,9343.105464478263,9343.105618255,9343.105618255,9343.106288986,9343.118865405,1,COMPLETED,True,0.15377673662442248,0.6707310003548628,12.5764189997426,13.400926736721885
3653,9343.111742307488,9343.111887629,9343.111887629,9343.116903476,9343.129396162,0,COMPLETED,True,0.14532151180901565,5.0158470003225375,12.492685998950037,17.65385451108159
3654,9343.11820393811,9343.118356203,9343.118356203,9343.119360873,9343.130499499,1,COMPLETED,True,0.15226489085762296,1.004669999019825,11.138626001411467,12.295560891288915
3655,9343.123430914133,9343.123591739,9343.123591739,9343.129702606,9343.142090185,0,COMPLETED,True,0.1608248676348012,6.110866999733844,12.387578999550897,18.65927086691954
3656,9343.123589899002,9343.123722225,9343.123722225,9343.130889006,9343.140549592,1,COMPLETED,True,0.13232599849288817,7.166781000705669,9.660585999881732,16.95969299908029
3657,9343.131206952032,9343.131364939,9343.131364939,9343.140907996,9343.149888902,1,COMPLETED,True,0.15798696767888032,9.543056999973487,8.980906000942923,18.68194996859529
3658,9343.1501328958,9343.150400483,9343.150400483,9343.150995629,9343.16338167,0,COMPLETED,True,0.2675872001418611,0.5951459988864372,12.386041000354453,13.248774199382751
3659,9343.151093100474,9343.151197619,9343.151197619,9343.151689456,9343.160943558,1,COMPLETED,True,0.10451852540427353,0.4918370013911044,9.254101998521946,9.850457525317324
3660,9343.153352936499,9343.153441338,9343.153441338,9343.161104184,9343.170673031,1,COMPLETED,True,0.08840150076139253,7.662846001039725,9.56884699917282,17.320094500973937
3661,9343.157470518809,9343.157620763,9343.157620763,9343.163690871,9343.17676675,0,COMPLETED,True,0.1502441919001285,6.070108000130858,13.075879000098212,19.2962311921292
3662,9343.160596390047,9343.160762495,9343.160762495,9343.17102575,9343.180508526,1,COMPLETED,True,0.16610495185886975,10.263255000609206,9.482776000368176,19.912135952836252
3663,9343.161864525446,9343.162008562,9343.162008562,9343.17706016,9343.189493994,0,COMPLETED,True,0.1440365540474886,15.051598000354716,12.433833999239141,27.629468553641345
3664,9343.162406586252,9343.162545121,9343.162545121,9343.180834011,9343.190125314,1,COMPLETED,True,0.13853474774805363,18.28888999989431,9.291303000281914,27.718727747924277
3665,9343.170625442883,9343.17074474,9343.17074474,9343.189808473,9343.2020475,0,COMPLETED,True,0.11929711763514206,19.063732999711647,12.239027000759961,31.42205711810675
3666,9343.175772261493,9343.175941522,9343.175941522,9343.190471593,9343.199456987,1,COMPLETED,True,0.16926050739130005,14.530070999171585,8.98539400077425,23.684725507337134
3667,9343.180154792592,9343.180353604,9343.180353604,9343.19981099,9343.209117004,1,COMPLETED,True,0.19881140906363726,19.45738599897595,9.306014000685536,28.962211408725125
3668,9343.18180660113,9343.181962671,9343.181962671,9343.202356922,9343.214906441,0,COMPLETED,True,0.15606987108185422,20.394250999743235,12.549519000458531,33.09983987128362
3669,9343.18205674924,9343.182204756,9343.182204756,9343.209460307,9343.218059029,1,COMPLETED,True,0.14800676035520155,27.255551000052947,8.598722000897396,36.002279761305545
3670,9343.19116750266,9343.191299986,9343.191299986,9343.215222416,9343.227700758,0,COMPLETED,True,0.1324833392573055,23.92243000031158,12.478341999667464,36.53325533923635
3671,9343.205303026856,9343.205535257,9343.205535257,9343.218395245,9343.227563903,1,COMPLETED,True,0.23223014432005584,12.859987999036093,9.168657999907737,22.260876143263886
3672,9343.218704597355,9343.219009533,9343.219009533,9343.227941233,9343.237279219,1,COMPLETED,True,0.3049356455449015,8.931700000175624,9.337985999081866,18.57462164480239
3673,9343.226458928375,9343.226611168,9343.226611168,9343.227945603,9343.240656542,0,COMPLETED,True,0.1522396250948077,1.3344349990802584,12.710939001408406,14.197613625583472
3674,9343.231047599145,9343.231180221,9343.231180221,9343.237634344,9343.246759299,1,COMPLETED,True,0.1326218553003855,6.454122998547973,9.12495500051591,15.71169985436427
3675,9343.239232887508,9343.239508498,9343.239508498,9343.240812446,9343.253447091,0,COMPLETED,True,0.27561049137148075,1.3039479999861214,12.634644999707234,14.214203491064836
3676,9343.241057060704,9343.241209,9343.241209,9343.247104606,9343.256361805,1,COMPLETED,True,0.15193929539236706,5.895606000194675,9.257199000785477,15.304744296372519
3677,9343.245236436485,9343.245401106,9343.245401106,9343.253756172,9343.265939144,0,COMPLETED,True,0.16466951456095558,8.355066000149236,12.182971999209258,20.70270751391945
3678,9343.245736166551,9343.245880909,9343.245880909,9343.25668755,9343.265938824,1,COMPLETED,True,0.14474244926532265,10.806640999362571,9.251274001144338,20.202657449772232
3679,9343.246689912075,9343.246828964,9343.246828964,9343.266212115,9343.275214451,1,COMPLETED,True,0.1390519246342592,19.383151000511134,9.002335998957278,28.52453892410267
3680,9343.249845052698,9343.249989315,9343.249989315,9343.266235395,9343.278576545,0,COMPLETED,True,0.14426230154640507,16.24608000020089,12.341150000793277,28.731492302540573
3681,9343.260180391675,9343.260398434,9343.260398434,9343.275563869,9343.284476284,1,COMPLETED,True,0.21804232528666034,15.165434999289573,8.912414999940665,24.2958923245169
3682,9343.267919768605,9343.268112478,9343.268112478,9343.278877791,9343.291282276,0,COMPLETED,True,0.19270939446869306,10.765312999865273,12.404485001752619,23.362507396086585
3683,9343.26938005093,9343.269548638,9343.269548638,9343.284876829,9343.294399852,1,COMPLETED,True,0.16858707022038288,15.328191000662628,9.523022999928799,25.01980107081181
3684,9343.282929649351,9343.283132089,9343.283132089,9343.291578607,9343.304284405,0,COMPLETED,True,0.20243964900146239,8.446518000710057,12.705797998933122,21.35475564864464
3685,9343.29348944542,9343.293720555,9343.293720555,9343.29475947,9343.303710402,1,COMPLETED,True,0.23110958136385307,1.0389149992988678,8.950932000516332,10.220956581179053
3686,9343.307056700054,9343.307195506,9343.307195506,9343.307767153,9343.316497532,1,COMPLETED,True,0.1388059463351965,0.5716470004699659,8.730378998734523,9.440831945539685
3687,9343.3160223908,9343.316114876,9343.316114876,9343.31697344,9343.331210085,0,COMPLETED,True,0.0924851992749609,0.8585640007368056,14.236644999982673,15.18769419999444
3688,9343.316234823777,9343.316588115,9343.316588115,9343.316935407,9343.326348008,1,COMPLETED,True,0.3532912232913077,0.34729199978755787,9.412601000803988,10.113184223882854
3689,9343.325506275074,9343.325599511,9343.325599511,9343.326504487,9343.335989508,1,COMPLETED,True,0.09323592530563474,0.9049760010384489,9.485020998909022,10.483232925253105
3690,9343.333211551238,9343.333302673,9343.333302673,9343.334046117,9343.347944187,0,COMPLETED,True,0.09112176121561788,0.7434439994540298,13.898070001232554,14.732635761902202
3691,9343.338818420174,9343.338909938,9343.338909938,9343.339404386,9343.348439165,1,COMPLETED,True,0.09151782614935655,0.494448000608827,9.034778999193804,9.620744825951988
3692,9343.343325894712,9343.343412247,9343.343412247,9343.348307014,9343.360812117,0,COMPLETED,True,0.08635228914499748,4.894766998404521,12.505103000876261,17.48622228842578
3693,9343.351697282425,9343.351806252,9343.351806252,9343.352598582,9343.365157415,1,COMPLETED,True,0.10896957428485621,0.7923299999674782,12.558833001094172,13.460132575346506
3694,9343.356796761056,9343.356901912,9343.356901912,9343.361101918,9343.373816435,0,COMPLETED,True,0.10515094436414074,4.200006000246503,12.714516999039915,17.01967394365056
3695,9343.36220905055,9343.362328998,9343.362328998,9343.36569514,9343.376572535,1,COMPLETED,True,0.11994745000265539,3.3661420002317755,10.877394999624812,14.363484449859243
3696,9343.365891893676,9343.366123544,9343.366123544,9343.374148634,9343.386288069,0,COMPLETED,True,0.23165032325778157,8.02509000095597,12.13943499897141,20.39617532318516
3697,9343.384620670196,9343.384793224,9343.384793224,9343.385464065,9343.394496496,1,COMPLETED,True,0.17255380407732446,0.6708410001010634,9.032430998558993,9.875825802737381
3698,9343.390661926185,9343.390870825,9343.390870825,9343.391408299,9343.404133482,0,COMPLETED,True,0.2088988148898352,0.5374739994294941,12.72518299992953,13.471555814248859
3699,9343.396223143389,9343.396434458,9343.396434458,9343.396879308,9343.406374393,1,COMPLETED,True,0.21131461107870564,0.44485000034910627,9.495084999798564,10.151249611226376
3700,9343.402895632786,9343.402997524,9343.402997524,9343.404427953,9343.416972435,0,COMPLETED,True,0.10189121348957997,1.4304290016298182,12.544481998702395,14.076802213821793
3701,9343.404742333323,9343.404844881,9343.404844881,9343.406782556,9343.416283752,1,COMPLETED,True,0.10254767767037265,1.9376749987713993,9.501196000201162,11.541418676642934
3702,9343.40506619294,9343.405245105,9343.405245105,9343.416481156,9343.425938137,1,COMPLETED,True,0.17891205970954616,11.236051001105807,9.456980998947984,20.871944059763337
3703,9343.40535086818,9343.405502376,9343.405502376,9343.417282275,9343.429874472,0,COMPLETED,True,0.15150781837292016,11.7798990013398,12.592196999321459,24.52360381903418
3704,9343.41919069417,9343.419304168,9343.419304168,9343.426311445,9343.435332519,1,COMPLETED,True,0.1134738286054926,7.007277001321199,9.02107399997476,16.141824829901452
3705,9343.429703878655,9343.42981299,9343.42981299,9343.430465292,9343.443199014,0,COMPLETED,True,0.10911134449997917,0.6523020001623081,12.733722000120906,13.495135344783193
3706,9343.43709205427,9343.437193723,9343.437193723,9343.437793248,9343.447152787,1,COMPLETED,True,0.10166873107664287,0.5995249994157348,9.359538998978678,10.060732729471056
3707,9343.468632038166,9343.468751519,9343.468751519,9343.469475352,9343.48229093,0,COMPLETED,True,0.11948083374591079,0.7238329999381676,12.815578000299865,13.658891833983944
3708,9343.47058840994,9343.470730843,9343.470730843,9343.471291384,9343.48106188,1,COMPLETED,True,0.14243306031858083,0.5605409987765597,9.770496000783169,10.47347005987831
3709,9343.471464336804,9343.471651877,9343.471651877,9343.481394015,9343.490366919,1,COMPLETED,True,0.18754019583866466,9.742137999637634,8.972904000984272,18.90258219646057
3710,9343.48478423081,9343.484943318,9343.484943318,9343.485443431,9343.499273325,0,COMPLETED,True,0.15908719069557264,0.5001129993615905,13.829894000082277,14.48909419013944
3711,9343.486285339819,9343.48644732,9343.48644732,9343.490748977,9343.5001369,1,COMPLETED,True,0.1619801805645693,4.3016569998144405,9.387923000758747,13.851560181137756
3712,9343.499600253754,9343.499697425,9343.499697425,9343.500589233,9343.514993687,0,COMPLETED,True,0.09717124703456648,0.8918079984141514,14.404454001123668,15.393433246572386
3713,9343.520255232843,9343.520379482,9343.520379482,9343.521109077,9343.530499962,1,COMPLETED,True,0.12424915803421754,0.729594999938854,9.390884999447735,10.244729157420807
3714,9343.528495989298,9343.528707613,9343.528707613,9343.529444014,9343.54303566,0,COMPLETED,True,0.21162370285310317,0.7364009998127585,13.59164600035001,14.539670703015872
3715,9343.529461693257,9343.529591987,9343.529591987,9343.530932086,9343.540644557,1,COMPLETED,True,0.130293743495713,1.3400989992078394,9.712471000966616,11.182863743670168
3716,9343.547142166844,9343.547283692,9343.547283692,9343.547875592,9343.557259661,1,COMPLETED,True,0.1415251554135466,0.5918999995628837,9.38406900058908,10.11749415556551
3717,9343.5509357896,9343.551070994,9343.551070994,9343.551403476,9343.564431849,0,COMPLETED,True,0.1352044000668684,0.3324819990666583,13.028372999542626,13.496059398676152
3718,9343.55961813827,9343.559748459,9343.559748459,9343.560300035,9343.574101562,1,COMPLETED,True,0.130320730022504,0.5515760003618198,13.801527000396163,14.483423730780487
3719,9343.586537241696,9343.58667018,9343.58667018,9343.58719328,9343.600293902,0,COMPLETED,True,0.13293830488692038,0.5230999995546881,13.1006219999108,13.756660304352408
3720,9343.5905596569,9343.590668902,9343.590668902,9343.591108179,9343.601689832,1,COMPLETED,True,0.1092451002477901,0.4392770006234059,10.581652999462676,11.130175100333872
3721,9343.59334006788,9343.593441849,9343.593441849,9343.600436704,9343.613307425,0,COMPLETED,True,0.10178111915593036,6.994855000812095,12.870720998762408,19.967357118730433
3722,9343.59645598566,9343.596554934,9343.596554934,9343.602084325,9343.611678673,1,COMPLETED,True,0.09894833965518046,5.529391000891337,9.594347999154706,15.222687339701224
3723,9343.602748468806,9343.60292336,9343.60292336,9343.612076229,9343.621660427,1,COMPLETED,True,0.17489119454694446,9.152868999080965,9.584198000084143,18.911958193712053
3724,9343.617149552529,9343.617252286,9343.617252286,9343.617661892,9343.630500259,0,COMPLETED,True,0.10273347106704023,0.4096060001756996,12.838366999858408,13.350706471101148
3725,9343.62626004458,9343.626373399,9343.626373399,9343.626993503,9343.637280244,1,COMPLETED,True,0.11335441922710743,0.6201039996085456,10.2867410005274,11.020199419363053
3726,9343.649266738264,9343.649366411,9343.649366411,9343.65005811,9343.663599411,0,COMPLETED,True,0.09967273581423797,0.6916990005265689,13.541300999349914,14.332672735690721
3727,9343.655046167698,9343.655171075,9343.655171075,9343.655613726,9343.66487441,1,COMPLETED,True,0.1249073029612191,0.44265099859330803,9.26068400076474,9.828242302319268
3728,9343.679955098782,9343.680061505,9343.680061505,9343.680546818,9343.693081009,0,COMPLETED,True,0.10640621803759132,0.4853129994444316,12.534191000668216,13.125910218150239
3729,9343.6799675173,9343.680138234,9343.680138234,9343.680610421,9343.689832686,1,COMPLETED,True,0.1707166993583087,0.4721870009234408,9.22226499824319,9.86516869852494
3730,9343.693143343835,9343.693237376,9343.693237376,9343.693670643,9343.703176444,1,COMPLETED,True,0.09403216427017469,0.4332670014264295,9.505800999249914,10.033100164946518
3731,9343.69322757191,9343.693295301,9343.693295301,9343.693983003,9343.70719804,0,COMPLETED,True,0.06772909000574145,0.6877020005049417,13.215036999099539,13.970468089610222
3732,9343.703446556767,9343.703659438,9343.703659438,9343.704080459,9343.713209168,1,COMPLETED,True,0.21288123389240354,0.4210209990560543,9.128708999924129,9.762611232872587
3733,9343.719699542116,9343.719814798,9343.719814798,9343.720265511,9343.733089229,0,COMPLETED,True,0.11525588342919946,0.45071299973642454,12.823717999708606,13.38968688287423
3734,9343.750452978606,9343.750559069,9343.750559069,9343.751051111,9343.760319796,1,COMPLETED,True,0.10609039418341126,0.49204199967789464,9.26868500027922,9.866817394140526
3735,9343.771970094027,9343.772118615,9343.772118615,9343.772756846,9343.785651901,0,COMPLETED,True,0.14852097228867933,0.6382310002663871,12.895055000626598,13.681806973181665
3736,9343.772127858738,9343.772236067,9343.772236067,9343.772775626,9343.781939261,1,COMPLETED,True,0.10820826173585374,0.539558999662404,9.163635000732029,9.811402262130287
3737,9343.780348214952,9343.780509068,9343.780509068,9343.782146761,9343.792798936,1,COMPLETED,True,0.16085304741864093,1.6376929997932166,10.65217500035942,12.450721047571278
3738,9343.789419627237,9343.78956596,9343.78956596,9343.790038936,9343.80272448,0,COMPLETED,True,0.14633276259701233,0.47297600031015463,12.685543999396032,13.304852762303199
3739,9343.789975662283,9343.790119237,9343.790119237,9343.793175198,9343.802617527,1,COMPLETED,True,0.14357471809489653,3.055960998608498,9.442329001103644,12.641864717807039
3740,9343.79868658719,9343.798762243,9343.798762243,9343.802984807,9343.811368947,1,COMPLETED,True,0.07565580926893745,4.222564000883722,8.384139999179752,12.68235980933241
3741,9343.811554388541,9343.811850066,9343.811850066,9343.8125976,9343.824989063,0,COMPLETED,True,0.2956774587801192,0.7475339989468921,12.391463000312797,13.434674458039808
3742,9343.819707457365,9343.819896471,9343.819896471,9343.820300665,9343.830779186,1,COMPLETED,True,0.18901363546319772,0.4041939992021071,10.478521000550245,11.07172863521555
3743,9343.821237144099,9343.821458136,9343.821458136,9343.82533318,9343.837675966,0,COMPLETED,True,0.22099190209701192,3.8750439998693764,12.342785999862826,16.438821901829215
3744,9343.829208482728,9343.829358584,9343.829358584,9343.831131547,9343.840310933,1,COMPLETED,True,0.1501012720837025,1.7729629998939345,9.179385999232181,11.102450271209818
3745,9343.830630181197,9343.830797184,9343.830797184,9343.837973189,9343.850403557,0,COMPLETED,True,0.16700280320947058,7.176004999564611,12.430368000423186,19.77337580319727
3746,9343.836548418167,9343.836758015,9343.836758015,9343.840635573,9343.849762687,1,COMPLETED,True,0.20959683388355188,3.8775579996581655,9.127113999056746,13.214268832598464
3747,9343.844024367987,9343.84423431,9343.84423431,9343.850110625,9343.859069327,1,COMPLETED,True,0.20994201258872636,5.876315000932664,8.958701999290497,15.044959012811887
3748,9343.855395431669,9343.85554243,9343.85554243,9343.856243126,9343.868619488,0,COMPLETED,True,0.14699833081976976,0.7006960004218854,12.376361999486107,13.224056330727763
3749,9343.860839616833,9343.860989656,9343.860989656,9343.861675804,9343.872988722,1,COMPLETED,True,0.15003916632849723,0.6861480014777044,11.31291799902101,12.149105166827212
3750,9343.861301035093,9343.861438053,9343.861438053,9343.869057641,9343.881448171,0,COMPLETED,True,0.13701790703635197,7.619588001034572,12.390529998810962,20.147135906881886
3751,9343.866046905256,9343.866184968,9343.866184968,9343.873502515,9343.8842461,1,COMPLETED,True,0.13806274364469573,7.317547000639024,10.743585000454914,18.199194744738634
3752,9343.879187219036,9343.879292021,9343.879292021,9343.881743846,9343.894240743,0,COMPLETED,True,0.10480196397111285,2.451824999297969,12.496897001256002,15.053523964525084
3753,9343.880380467908,9343.880542189,9343.880542189,9343.884602655,9343.893725893,1,COMPLETED,True,0.16172109098988585,4.060466000737506,9.123238000029232,13.345425091756624
3754,9343.88575078257,9343.885921993,9343.885921993,9343.893882119,9343.903304264,1,COMPLETED,True,0.17121042947110254,7.960126000398304,9.422144999916782,17.55348142978619
3755,9343.894743058709,9343.894939558,9343.894939558,9343.895485889,9343.907673125,0,COMPLETED,True,0.19649929163279012,0.5463309989863774,12.187236001409474,12.930066292028641
3756,9343.912298019268,9343.91250136,9343.91250136,9343.91328199,9343.922355137,1,COMPLETED,True,0.20334073269623332,0.7806300000083866,9.073146999071469,10.057117731776088
3757,9343.914284975785,9343.914431253,9343.914431253,9343.915009678,9343.927608747,0,COMPLETED,True,0.14627721611759625,0.5784249988209922,12.599069001225871,13.32377121616446
3758,9343.917869329898,9343.918025278,9343.918025278,9343.922710811,9343.931488769,1,COMPLETED,True,0.15594810247421265,4.685533000156283,8.777957998972852,13.619439101603348
3759,9343.918519305254,9343.918669336,9343.918669336,9343.927917443,9343.940574411,0,COMPLETED,True,0.15003074622654822,9.248106998711592,12.65696800146543,22.05510574640357
3760,9343.92233160515,9343.92248136,9343.92248136,9343.931830649,9343.941017327,1,COMPLETED,True,0.149754849189776,9.349289000965655,9.186678000332904,18.685721850488335
3761,9343.92502117351,9343.925184114,9343.925184114,9343.940864946,9343.953381763,0,COMPLETED,True,0.1629404887353303,15.680832000725786,12.516816999777802,28.36058948923892
3762,9343.92747213462,9343.927610859,9343.927610859,9343.941387412,9343.9505623,1,COMPLETED,True,0.1387243810313521,13.776552999843261,9.174888000416104,23.090165381290717
3763,9343.942221609635,9343.942426785,9343.942426785,9343.950915723,9343.959865158,1,COMPLETED,True,0.20517536540864967,8.488937999572954,8.949434999522055,17.64354836450366
3764,9343.949768295066,9343.949914597,9343.949914597,9343.953673091,9343.966055527,0,COMPLETED,True,0.14630193436460104,3.758494000067003,12.382435999825248,16.28723193425685
3765,9343.956865521797,9343.95704818,9343.95704818,9343.960272381,9343.969195365,1,COMPLETED,True,0.18265820290253032,3.224201000193716,8.922983999582357,12.329843202678603
3766,9343.961375072886,9343.961494782,9343.961494782,9343.966362069,9343.978923886,0,COMPLETED,True,0.11970911327807698,4.867287001616205,12.561816998641007,17.54881311353529
3767,9343.963806377073,9343.963942693,9343.963942693,9343.969559079,9343.978272694,1,COMPLETED,True,0.13631592810270377,5.616385999019258,8.713614999578567,14.466316926700529
3768,9343.971492183453,9343.971648179,9343.971648179,9343.978643971,9343.987379768,1,COMPLETED,True,0.15599554717482533,6.995792000452639,8.735796998735168,15.887584546362632
3769,9343.983047827489,9343.983197462,9343.983197462,9343.984121216,9343.998937298,0,COMPLETED,True,0.1496345103078056,0.9237540016329149,14.816081999015296,15.889470510956016
3770,9343.98971434138,9343.989768816,9343.989768816,9343.990287639,9343.999327523,1,COMPLETED,True,0.054474619901156984,0.5188230006751837,9.039884000230813,9.613181620807154
3771,9343.99427453534,9343.994413772,9343.994413772,9343.99914786,9344.013320077,0,COMPLETED,True,0.1392366593790939,4.734088000986958,14.17221699921356,19.045541659579612
3772,9343.997807140719,9343.997945162,9343.997945162,9343.999473451,9344.008594764,1,COMPLETED,True,0.1380212816002313,1.5282889999070903,9.121312999923248,10.78762328143057
3773,9343.998858086336,9343.99899497,9343.99899497,9344.008920352,9344.017423598,1,COMPLETED,True,0.13688366379938088,9.92538200080162,8.503245999236242,18.565511663837242
3774,9344.020357773978,9344.020548128,9344.020548128,9344.021287505,9344.034783934,0,COMPLETED,True,0.190354023288819,0.739376999263186,13.496428999133059,14.426160021685064
3775,9344.027998573489,9344.028159492,9344.028159492,9344.028761158,9344.037742162,1,COMPLETED,True,0.16091851102828514,0.6016660008754116,8.98100399899704,9.743588510900736
3776,9344.02850340554,9344.028671321,9344.028671321,9344.035318991,9344.048081133,0,COMPLETED,True,0.16791546113381628,6.647669999438222,12.76214199970127,19.57772746027331
3777,9344.032661637855,9344.032868224,9344.032868224,9344.038092436,9344.046979742,1,COMPLETED,True,0.20658614448620938,5.224212000030093,8.8873059994512,14.318104143967503
3778,9344.039056189216,9344.039217056,9344.039217056,9344.047339833,9344.056143565,1,COMPLETED,True,0.1608667844266165,8.12277699878905,8.80373200016038,17.087375783376046
3779,9344.048649521834,9344.048803398,9344.048803398,9344.049471171,9344.062146579,0,COMPLETED,True,0.1538761662231991,0.6677729998045834,12.675407999267918,13.4970571652957
3780,9344.065588053993,9344.065745581,9344.065745581,9344.06636873,9344.075503073,1,COMPLETED,True,0.1575270071043633,0.6231490006030072,9.134342999459477,9.915019007166848
3781,9344.066405413056,9344.066544498,9344.066544498,9344.066952178,9344.079592977,0,COMPLETED,True,0.13908494474890176,0.40767999962554313,12.640798999200342,13.187563943574787
3782,9344.07220094421,9344.072363422,9344.072363422,9344.075853229,9344.084974179,1,COMPLETED,True,0.16247778876277152,3.4898070007329807,9.120950000578887,12.773234790074639
3783,9344.074465203461,9344.074606616,9344.074606616,9344.079740943,9344.09244615,0,COMPLETED,True,0.14141253996058367,5.134326998813776,12.705207000180962,17.980946538955322
3784,9344.074979077397,9344.075115951,9344.075115951,9344.085327466,9344.094711842,1,COMPLETED,True,0.13687360296898987,10.211515000264626,9.384376000525663,19.73276460375928
3785,9344.075209888997,9344.075492138,9344.075492138,9344.092725603,9344.105460351,0,COMPLETED,True,0.28224900233908556,17.233465001481818,12.734747999274987,30.25046200309589
3786,9344.080415113056,9344.080559608,9344.080559608,9344.095060557,9344.104462255,1,COMPLETED,True,0.14449494483415037,14.5009489988297,9.401698000147007,24.047141943810857
3787,9344.08600048028,9344.086165668,9344.086165668,9344.104799379,9344.113892441,1,COMPLETED,True,0.16518772099516355,18.633710998983588,9.093062000829377,27.89196072080813
3788,9344.08966158383,9344.089804167,9344.089804167,9344.105769439,9344.118390643,0,COMPLETED,True,0.14258317060011905,15.965271999448305,12.621203999515274,28.729059169563698
3789,9344.091143834095,9344.091286996,9344.091286996,9344.11424852,9344.125929846,1,COMPLETED,True,0.14316190390673,22.961524000493228,11.681326001053094,34.78601190545305
3790,9344.105911365334,9344.106090965,9344.106090965,9344.118699741,9344.131504236,0,COMPLETED,True,0.17959966680791695,12.608775999979116,12.804494999727467,25.5928706665145
3791,9344.11232520679,9344.112501761,9344.112501761,9344.126247093,9344.138527132,1,COMPLETED,True,0.17655420924711507,13.745332000326016,12.280038999961107,26.201925209534238
3792,9344.114867730432,9344.115001997,9344.115001997,9344.131789651,9344.144334509,0,COMPLETED,True,0.13426656732917763,16.787654001745977,12.544857998364023,29.466778567439178
3793,9344.118123431512,9344.118272061,9344.118272061,9344.138854293,9344.149302034,1,COMPLETED,True,0.14862948773952667,20.58223200037901,10.447741000461974,31.17860248858051
3794,9344.122586207084,9344.122681706,9344.122681706,9344.144605416,9344.157054685,0,COMPLETED,True,0.09549891547067091,21.923710000919527,12.44926899926213,34.46847791565233
3795,9344.139728422553,9344.139946095,9344.139946095,9344.149643738,9344.159913575,1,COMPLETED,True,0.21767244652437512,9.697642999526579,10.269837001033011,20.185152447083965
3796,9344.152379810319,9344.152564665,9344.152564665,9344.157361733,9344.169883876,0,COMPLETED,True,0.18485468172002584,4.797067998879356,12.522143000751385,17.504065681350767
3797,9344.158019897135,9344.158164884,9344.158164884,9344.160225617,9344.170197924,1,COMPLETED,True,0.1449868650524877,2.060733000689652,9.972306999770808,12.178026865512948
3798,9344.160645364625,9344.160735185,9344.160735185,9344.170194647,9344.182239743,0,COMPLETED,True,0.08982037434179801,9.459462000450003,12.045096000292688,21.59437837508449
3799,9344.178346810597,9344.178452396,9344.178452396,9344.178950032,9344.188615307,1,COMPLETED,True,0.10558540270722006,0.49763599963625893,9.66527500168013,10.268496404023608
3800,9344.180759713568,9344.180859173,9344.180859173,9344.182551929,9344.194686884,0,COMPLETED,True,0.09945943202183116,1.6927559991017915,12.13495500087447,13.927170431998093
3801,9344.186671715923,9344.186801731,9344.186801731,9344.188967154,9344.198152878,1,COMPLETED,True,0.13001507795706857,2.165422998587019,9.185724000417395,11.481162076961482
3802,9344.186961182308,9344.187298836,9344.187298836,9344.194975778,9344.206986395,0,COMPLETED,True,0.337653691531159,7.676942001126008,12.010616999759804,20.02521269241697
3803,9344.191357529344,9344.191464172,9344.191464172,9344.198474046,9344.208515887,1,COMPLETED,True,0.10664265573723242,7.009873999777483,10.041841000202112,17.158357655716827
3804,9344.198266673162,9344.198533134,9344.198533134,9344.207283124,9344.219776143,0,COMPLETED,True,0.2664608382474398,8.749990000069374,12.493018999521155,21.50946983783797
3805,9344.198327585666,9344.198639713,9344.198639713,9344.208883375,9344.218144616,1,COMPLETED,True,0.31212733483698685,10.243661999993492,9.261240998966969,19.817030333797447
3806,9344.201894843596,9344.202120824,9344.202120824,9344.218527055,9344.228164672,1,COMPLETED,True,0.22598040413868148,16.406230999564286,9.637617000407772,26.26982840411074
3807,9344.20246492622,9344.202646916,9344.202646916,9344.220077623,9344.232214532,0,COMPLETED,True,0.18198977886640932,17.43070700103999,12.136908999309526,29.749605779215926
3808,9344.206878676305,9344.207106864,9344.207106864,9344.228492448,9344.238141531,1,COMPLETED,True,0.22818769502919167,21.385584001109237,9.649082998294034,31.262854694432463
3809,9344.209792232445,9344.209924695,9344.209924695,9344.232488201,9344.244852916,0,COMPLETED,True,0.13246255548438057,22.563505999642075,12.364714999421267,35.06068355454772
3810,9344.213589982252,9344.213829227,9344.213829227,9344.238493621,9344.24791882,1,COMPLETED,True,0.2392447477177484,24.664394000865286,9.425198999451823,34.32883774803486
3811,9344.21875306686,9344.21891373,9344.21891373,9344.245142775,9344.257076386,0,COMPLETED,True,0.16066313946794253,26.229045000945916,11.93361100013135,38.32331914054521
3812,9344.224499254522,9344.224658434,9344.224658434,9344.24830316,9344.257920634,1,COMPLETED,True,0.15917947712296154,23.644726001293748,9.617473999242065,33.421379477658775
3813,9344.22589186593,9344.226029815,9344.226029815,9344.257366972,9344.269612997,0,COMPLETED,True,0.13794906953989994,31.33715700096218,12.246025000422378,43.72113107092446
3814,9344.229805023451,9344.230058176,9344.230058176,9344.258269059,9344.267843793,1,COMPLETED,True,0.25315254788438324,28.210883001520415,9.574734000125318,38.038769549530116
3815,9344.248488744746,9344.248650088,9344.248650088,9344.26799699,9344.277969629,1,COMPLETED,True,0.1613432541489601,19.34690199959732,9.972638999897754,29.480884253644035
3816,9344.252248524564,9344.252406217,9344.252406217,9344.269918687,9344.28242165,0,COMPLETED,True,0.15769243509566877,17.512469999928726,12.502962999860756,30.17312543488515
3817,9344.26117208051,9344.261316571,9344.261316571,9344.278323942,9344.287973831,1,COMPLETED,True,0.1444904901291011,17.007370999635896,9.649888999774703,26.8017504895397
3818,9344.265906020404,9344.266054341,9344.266054341,9344.282741155,9344.294682605,0,COMPLETED,True,0.14832059605396353,16.6868140004226,11.94144999863056,28.776584595107124
3819,9344.267076732966,9344.267213528,9344.267213528,9344.28832635,9344.298068468,1,COMPLETED,True,0.13679503535968252,21.112821999849984,9.742117999849143,30.99173503505881
3820,9344.275935030772,9344.276100529,9344.276100529,9344.294963035,9344.307641219,0,COMPLETED,True,0.16549822794331703,18.86250600000494,12.678184000833426,31.706188228781684
3821,9344.28075232766,9344.280794387,9344.280794387,9344.298431773,9344.308526272,1,COMPLETED,True,0.04205933873890899,17.637386001297273,10.094498999023926,27.773944339060108
3822,9344.293555343344,9344.293802528,9344.293802528,9344.307912469,9344.320543252,0,COMPLETED,True,0.2471846564731095,14.109940999333048,12.63078300144116,26.987908657247317
3823,9344.293596756872,9344.293964313,9344.293964313,9344.308858883,9344.318575142,1,COMPLETED,True,0.36755612745764665,14.894570000251406,9.716259000924765,24.978385128633818
3824,9344.294133232917,9344.294499596,9344.294499596,9344.318916928,9344.328664596,1,COMPLETED,True,0.3663630832306808,24.417331998847658,9.747668000272824,34.53136308235116
3825,9344.29619289103,9344.296348962,9344.296348962,9344.320860507,9344.333059357,0,COMPLETED,True,0.15607096975145396,24.511544999768375,12.198850001368555,36.866465970888385
3826,9344.298453860229,9344.298779037,9344.298779037,9344.329006097,9344.338990631,1,COMPLETED,True,0.32517677209398244,30.227059998651384,9.984534000977874,40.53677077172324
3827,9344.299459287822,9344.299639682,9344.299639682,9344.333339449,9344.345898776,0,COMPLETED,True,0.18039417773252353,33.699767000143765,12.559327000417397,46.439488178293686
3828,9344.299770724547,9344.299989121,9344.299989121,9344.339311304,9344.348994739,1,COMPLETED,True,0.21839645341970026,39.32218299996748,9.68343500062474,49.22401445401192
3829,9344.304750370304,9344.304905207,9344.304905207,9344.346190538,9344.358839236,0,COMPLETED,True,0.15483669631066732,41.28533100083587,12.648697998884018,54.08886569603055
3830,9344.312169705232,9344.312328933,9344.312328933,9344.349341425,9344.359078923,1,COMPLETED,True,0.15922776765364688,37.012492000940256,9.73749799959478,46.90921776818868
3831,9344.329627634312,9344.329886013,9344.329886013,9344.359122548,9344.371647748,0,COMPLETED,True,0.25837868815870024,29.236534999654396,12.525199999799952,42.02011368761305
3832,9344.33227341678,9344.332438351,9344.332438351,9344.359360258,9344.369257452,1,COMPLETED,True,0.16493422117491718,26.921906999632483,9.897193998767762,36.98403521957516
3833,9344.344546938377,9344.344706486,9344.344706486,9344.369608455,9344.379120449,1,COMPLETED,True,0.1595476223883452,24.901968999984092,9.511994001513813,34.57351062388625
3834,9344.347444396488,9344.34760302,9344.34760302,9344.371934445,9344.384271765,0,COMPLETED,True,0.15862351210671477,24.331425000127638,12.3373200003698,36.82736851260415
3835,9344.351769040313,9344.352052925,9344.352052925,9344.379464922,9344.389272432,1,COMPLETED,True,0.2838846867234679,27.411996999944677,9.807509999518516,37.50339168618666
3836,9344.356158930595,9344.356335532,9344.356335532,9344.384558334,9344.39664577,0,COMPLETED,True,0.17660140474617947,28.222802000527736,12.087436000001617,40.48683940527553
3837,9344.358756282973,9344.358918541,9344.358918541,9344.389628273,9344.399254569,1,COMPLETED,True,0.16225802755798213,30.70973200010485,9.626295999623835,40.49828602728667
3838,9344.365806173824,9344.365951341,9344.365951341,9344.396930217,9344.409485268,0,COMPLETED,True,0.145167176015093,30.97887600051763,12.555050998344086,43.67909417487681
3839,9344.366631935789,9344.366766498,9344.366766498,9344.399605399,9344.409292076,1,COMPLETED,True,0.13456221131491475,32.838900999195175,9.686676999990596,42.660140210500685
3840,9344.372952733152,9344.373103847,9344.373103847,9344.409620298,9344.419141794,1,COMPLETED,True,0.15111384709598497,36.51645100035239,9.521496000161278,46.18906084760965
3841,9344.389190994048,9344.38939804,9344.38939804,9344.409692899,9344.421977392,0,COMPLETED,True,0.2070459522656165,20.294858999477583,12.284492999242502,32.7863979509857
3842,9344.39841867602,9344.398454589,9344.398454589,9344.419499443,9344.429659398,1,COMPLETED,True,0.03591297900129575,21.044854000138002,10.159954999835463,31.24072197897476
3843,9344.4049629497,9344.405086416,9344.405086416,9344.422275922,9344.434365974,0,COMPLETED,True,0.12346629955573007,17.189505999340327,12.090052001440199,29.403024300336256
3844,9344.42439004484,9344.424554373,9344.424554373,9344.429977494,9344.439435942,1,COMPLETED,True,0.16432815937150735,5.42312099969422,9.458448001169018,15.045897160234745
3845,9344.431655424203,9344.431813388,9344.431813388,9344.434658332,9344.447212091,0,COMPLETED,True,0.15796379739185795,2.844943999662064,12.553758999274578,15.5566667963285
3846,9344.43264466195,9344.432781271,9344.432781271,9344.439771684,9344.449442267,1,COMPLETED,True,0.13660904915013816,6.990412999584805,9.670583000115585,16.797605048850528
3847,9344.435446689507,9344.435684875,9344.435684875,9344.447517797,9344.460272013,0,COMPLETED,True,0.23818549198040273,11.83292200039432,12.754216000757879,24.8253234931326
3848,9344.435821154551,9344.435847878,9344.435847878,9344.449802132,9344.461166415,1,COMPLETED,True,0.026723448172560893,13.954254000054789,11.364283000148134,25.345260448375484
3849,9344.438658922396,9344.438811394,9344.438811394,9344.460555336,9344.473108293,0,COMPLETED,True,0.15247160445142072,21.743941999375238,12.552956999570597,34.449370603397256
3850,9344.441861016072,9344.442012286,9344.442012286,9344.461501097,9344.472682506,1,COMPLETED,True,0.15126992730074562,19.488810999973794,11.181409001437714,30.821489928712253
3851,9344.443786917489,9344.444053262,9344.444053262,9344.473017137,9344.483006559,1,COMPLETED,True,0.26634451023710426,28.963875000044936,9.989422000217019,39.21964151049906
3852,9344.445466132405,9344.445623008,9344.445623008,9344.473425399,9344.486110964,0,COMPLETED,True,0.15687559425714426,27.80239099956816,12.685565001447685,40.64483159527299
3853,9344.457275945095,9344.457389534,9344.457389534,9344.483164056,9344.493012534,1,COMPLETED,True,0.11358890515111852,25.774522000574507,9.84847799918498,35.736588904910604
3854,9344.464024145525,9344.464179642,9344.464179642,9344.486445491,9344.498657665,0,COMPLETED,True,0.15549647469015326,22.265849000177695,12.2121740005241,34.63351947539195
3855,9344.464789910531,9344.46493137,9344.46493137,9344.493350496,9344.50310525,1,COMPLETED,True,0.14145946806820575,28.419126001608674,9.754753999004606,38.315339468681486
3856,9344.490237880747,9344.49038256,9344.49038256,9344.498943794,9344.511296751,0,COMPLETED,True,0.14467925211647525,8.561234000808327,12.352956999166054,21.058870252090856
3857,9344.496008180226,9344.496134614,9344.496134614,9344.503448146,9344.512674761,1,COMPLETED,True,0.12643377522181254,7.3135319998982595,9.226614998624427,16.6665807737445
3858,9344.497499398632,9344.49765213,9344.49765213,9344.511590786,9344.524254187,0,COMPLETED,True,0.1527313670521835,13.938656000391347,12.663400999372243,26.754788366815774
3859,9344.498354159134,9344.498487959,9344.498487959,9344.513039707,9344.522480368,1,COMPLETED,True,0.13379986557993107,14.551748001395026,9.44066099873453,24.126208865709486
3860,9344.502247073653,9344.502413025,9344.502413025,9344.522824319,9344.532184551,1,COMPLETED,True,0.16595134729868732,20.411293999131885,9.36023200119962,29.937477347630193
3861,9344.50686245745,9344.506941154,9344.506941154,9344.524554796,9344.536640294,0,COMPLETED,True,0.07869655019021593,17.61364199956006,12.085497999578365,29.77783654932864
3862,9344.525699695761,9344.525870124,9344.525870124,9344.532540449,9344.542014852,1,COMPLETED,True,0.17042823856172618,6.670324999504373,9.474403001149767,16.315156239215867
3863,9344.539803479754,9344.539971143,9344.539971143,9344.540666705,9344.553077561,0,COMPLETED,True,0.16766324552008882,0.6955619992368156,12.410856001224602,13.274081245981506
3864,9344.548503247966,9344.548671255,9344.548671255,9344.549202445,9344.55884805,1,COMPLETED,True,0.16800703269836958,0.5311900004016934,9.645604999604984,10.344802032705047
3865,9344.55918623365,9344.559451165,9344.559451165,9344.560108358,9344.572981693,0,COMPLETED,True,0.2649313501024153,0.6571930007339688,12.873334999312647,13.79545935014903
3866,9344.562694928773,9344.562853952,9344.562853952,9344.563322416,9344.573410695,1,COMPLETED,True,0.15902322775218636,0.46846399891364854,10.08827900113829,10.715766227804124
3867,9344.587541114102,9344.587688049,9344.587688049,9344.588329815,9344.600649851,0,COMPLETED,True,0.1469348972022999,0.6417660006263759,12.320035999437096,13.108736897265771
3868,9344.60900627935,9344.609166585,9344.609166585,9344.609792977,9344.623540088,1,COMPLETED,True,0.16030564984248485,0.6263920004130341,13.747110999247525,14.533808649503044
3869,9344.609994184642,9344.610134674,9344.610134674,9344.610599314,9344.624812878,0,COMPLETED,True,0.14048935736354906,0.4646400011552032,14.213563999874168,14.81869335839292
3870,9344.613738043236,9344.613830059,9344.613830059,9344.624186752,9344.637217568,1,COMPLETED,True,0.09201576358464081,10.35669300108566,13.030816000537015,23.479524765207316
3871,9344.61530664194,9344.615393337,9344.615393337,9344.625045594,9344.63900599,0,COMPLETED,True,0.08669506132719107,9.652257000198006,13.960395999674802,23.6993480612
3872,9344.62070606707,9344.620799038,9344.620799038,9344.637582867,9344.650029156,1,COMPLETED,True,0.09297093129134737,16.78382899990538,12.446288999854005,29.323088931050734
3873,9344.631586060344,9344.631732422,9344.631732422,9344.63932483,9344.65157751,0,COMPLETED,True,0.14636165542469826,7.592407999254647,12.252680000528926,19.99144965520827
3874,9344.639875135832,9344.640103198,9344.640103198,9344.650372778,9344.662975384,1,COMPLETED,True,0.22806216838944238,10.269579999658163,12.602606000655214,23.10024816870282
3875,9344.647936078316,9344.648104601,9344.648104601,9344.651875583,9344.664463222,0,COMPLETED,True,0.16852268345246557,3.770982000787626,12.587638999320916,16.527143683561007
3876,9344.6535767942,9344.653718723,9344.653718723,9344.663275151,9344.675652266,1,COMPLETED,True,0.14192880007612985,9.556427999996231,12.377114999253536,22.075471799325896
3877,9344.658778600573,9344.65894361,9344.65894361,9344.66476113,9344.676876987,0,COMPLETED,True,0.1650094272918068,5.817519999254728,12.115857000026153,18.098386426572688
3878,9344.668684777405,9344.668843702,9344.668843702,9344.675946623,9344.68869102,1,COMPLETED,True,0.1589245948707685,7.102920999386697,12.7443969995511,20.006242593808565
3879,9344.676609530654,9344.676721032,9344.676721032,9344.677156935,9344.689835192,0,COMPLETED,True,0.11150134560011793,0.4359030008345144,12.678257000516169,13.225661346950801
3880,9344.68149712843,9344.681604044,9344.681604044,9344.688983672,9344.701132698,1,COMPLETED,True,0.10691557145037223,7.379627999398508,12.149025998951402,19.635569569800282
3881,9344.697681641117,9344.697770918,9344.697770918,9344.698577109,9344.71238377,0,COMPLETED,True,0.08927688213589136,0.8061910011747386,13.806660999762244,14.702128883072874
3882,9344.700668202888,9344.700851967,9344.700851967,9344.701426971,9344.713479575,1,COMPLETED,True,0.18376411208009813,0.5750039999838918,12.052604000928113,12.811372112992103
3883,9344.716130337834,9344.716218175,9344.716218175,9344.716960924,9344.730576796,0,COMPLETED,True,0.08783716657490004,0.742748999982723,13.615871999718365,14.446458166275988
3884,9344.71867872691,9344.718763312,9344.718763312,9344.719286539,9344.731301365,1,COMPLETED,True,0.08458509000774939,0.5232270013948437,12.014825999358436,12.62263809076103
3885,9344.719506341626,9344.719628274,9344.719628274,9344.730987281,9344.743457498,0,COMPLETED,True,0.12193237489555031,11.359006999555277,12.470216999645345,23.951156374096172
3886,9344.720750754459,9344.720925472,9344.720925472,9344.731629413,9344.743959588,1,COMPLETED,True,0.17471754108555615,10.703940999519546,12.330175000897725,23.208833541502827
3887,9344.721294488596,9344.721435557,9344.721435557,9344.74377887,9344.755906987,0,COMPLETED,True,0.14106840353633743,22.34331300132908,12.128116999519989,34.612498404385406
3888,9344.724609697614,9344.72469297,9344.72469297,9344.744269582,9344.756720713,1,COMPLETED,True,0.08327238538186066,19.576611999582383,12.451131000489113,32.111015385453356
3889,9344.73275787309,9344.732841255,9344.732841255,9344.756290238,9344.768382508,0,COMPLETED,True,0.08338191037182696,23.448982999980217,12.092270000721328,35.62463491107337
3890,9344.748343248533,9344.748461386,9344.748461386,9344.757010273,9344.769520565,1,COMPLETED,True,0.11813746641564649,8.548887000870309,12.510291999205947,21.177316466491902
3891,9344.76413102277,9344.764315986,9344.764315986,9344.768689833,9344.781082239,0,COMPLETED,True,0.18496322991268244,4.373846999442321,12.392406000799383,16.951216230154387
3892,9344.765756666176,9344.766003127,9344.766003127,9344.769801334,9344.782310753,1,COMPLETED,True,0.2464608242007671,3.7982069989084266,12.509419000707567,16.55408682381676
3893,9344.77788662395,9344.778035697,9344.778035697,9344.781366131,9344.793038055,0,COMPLETED,True,0.14907305012457073,3.3304339995083865,11.671924001348088,15.151431050981046
3894,9344.79899471645,9344.799156278,9344.799156278,9344.799924805,9344.812269687,1,COMPLETED,True,0.16156155106727965,0.7685269993089605,12.34488199952466,13.2749705499009
3895,9344.80436223791,9344.80452191,9344.80452191,9344.805270489,9344.817249986,0,COMPLETED,True,0.15967209037626162,0.7485789992642822,11.979496999629191,12.887748089269735
3896,9344.806225355242,9344.806481868,9344.806481868,9344.812595764,9344.8249693,1,COMPLETED,True,0.2565127579146065,6.113896000897512,12.373535999358865,18.743944758170983
3897,9344.816019934746,9344.816133967,9344.816133967,9344.817541102,9344.830483907,0,COMPLETED,True,0.11403225471440237,1.4071349996811477,12.942805000420776,14.463972254816326
3898,9344.816670193588,9344.816809736,9344.816809736,9344.825313752,9344.837501106,1,COMPLETED,True,0.13954241148894653,8.504016001097625,12.187353999252082,20.830912411838653
3899,9344.83591195784,9344.836086614,9344.836086614,9344.83687711,9344.849494205,0,COMPLETED,True,0.1746561592881335,0.7904960002633743,12.617095000678091,13.582247160229599
3900,9344.846936219556,9344.847197912,9344.847197912,9344.847920772,9344.860499456,1,COMPLETED,True,0.26169244483753573,0.7228599988593487,12.578683999890927,13.563236443587812
3901,9344.85066892035,9344.850813133,9344.850813133,9344.851404568,9344.864163311,0,COMPLETED,True,0.14421265041164588,0.5914350003877189,12.758742999722017,13.494390650521382
3902,9344.851920094545,9344.852138794,9344.852138794,9344.86080057,9344.873507903,1,COMPLETED,True,0.21869945521757472,8.6617760007357,12.707332998616039,21.587808454569313
3903,9344.860266123895,9344.860423798,9344.860423798,9344.864451509,9344.876925114,0,COMPLETED,True,0.15767410513944924,4.027711000162526,12.473605000195676,16.65899010549765
3904,9344.874789890806,9344.874950381,9344.874950381,9344.87570063,9344.888261884,1,COMPLETED,True,0.1604901935934322,0.7502490007027518,12.561253999592736,13.47199319388892
3905,9344.875168245931,9344.875595218,9344.875595218,9344.877217491,9344.889727758,0,COMPLETED,True,0.426972068453324,1.6222729991568485,12.510267000834574,14.559512068444747
3906,9344.879395286222,9344.879643444,9344.879643444,9344.888406219,9344.900391693,1,COMPLETED,True,0.24815777760522906,8.76277500174183,11.985473998720408,20.996406778067467
3907,9344.882165350606,9344.882319961,9344.882319961,9344.889872716,9344.902076602,0,COMPLETED,True,0.15461039401998278,7.552754999778699,12.20388600086153,19.911251394660212
3908,9344.88409763808,9344.88421955,9344.88421955,9344.90067857,9344.913108614,1,COMPLETED,True,0.12191192035970744,16.459020000183955,12.430044000211637,29.0109759207553
3909,9344.884279438322,9344.884349489,9344.884349489,9344.902368966,9344.914253752,0,COMPLETED,True,0.07005067891441286,18.019477000052575,11.88478599942755,29.974313678394537
3910,9344.89214100793,9344.892296805,9344.892296805,9344.913400815,9344.926064125,1,COMPLETED,True,0.15579706996504683,21.104010000271956,12.663310000789352,33.923117071026354
3911,9344.912384882895,9344.91255611,9344.91255611,9344.914549702,9344.927056951,0,COMPLETED,True,0.17122710596595425,1.9935919990530238,12.507249000918819,14.672068105937797
3912,9344.916163664651,9344.916369953,9344.916369953,9344.926358402,9344.938857864,1,COMPLETED,True,0.20628834863600787,9.9884489991382,12.499462000050698,22.694199347824906
3913,9344.924082615591,9344.924204925,9344.924204925,9344.927327254,9344.939999602,0,COMPLETED,True,0.12230940956214909,3.1223289988702163,12.672348000705824,15.91698640913819
3914,9344.925030817563,9344.925181129,9344.925181129,9344.939149484,9344.951006617,1,COMPLETED,True,0.15031143630039878,13.968355000542942,11.857133000376052,25.975799437219393
3915,9344.928517829721,9344.928653831,9344.928653831,9344.940292192,9344.952485244,0,COMPLETED,True,0.1360012793156784,11.638360998404096,12.193052001748583,23.967414279468358
3916,9344.93385366494,9344.933999015,9344.933999015,9344.951326483,9344.963742212,1,COMPLETED,True,0.1453500608477043,17.327468000075896,12.415728999258135,29.888547060181736
3917,9344.942013934773,9344.942272336,9344.942272336,9344.952785618,9344.964705979,0,COMPLETED,True,0.2584012272563996,10.51328199901036,11.92036100110272,22.69204422736948
3918,9344.960387771916,9344.960550377,9344.960550377,9344.964049524,9344.976546298,1,COMPLETED,True,0.16260508346022107,3.4991470001841662,12.496773999373545,16.158526083017932
3919,9344.967796263703,9344.967960531,9344.967960531,9344.968888946,9344.981273682,0,COMPLETED,True,0.1642672959860647,0.9284150000894442,12.384736000967678,13.477418297043187
3920,9344.968946511466,9344.969091312,9344.969091312,9344.976831885,9344.988958267,1,COMPLETED,True,0.14480053323495667,7.74057300077402,12.126382000133162,20.01175553414214
3921,9344.969249999054,9344.969515644,9344.969515644,9344.981577517,9344.993709234,0,COMPLETED,True,0.26564494510239456,12.06187299976591,12.131717001466313,24.459234946334618
3922,9344.971022708598,9344.971277275,9344.971277275,9344.98925927,9345.00132548,1,COMPLETED,True,0.25456640287302434,17.981994998990558,12.06620999982988,30.302771401693462
3923,9344.984976837119,9344.985120943,9344.985120943,9344.993969184,9345.006317931,0,COMPLETED,True,0.14410588119062595,8.848241001032875,12.34874699912325,21.34109388134675
3924,9344.985557618971,9344.98582547,9344.98582547,9345.001609938,9345.013918037,1,COMPLETED,True,0.2678510281839408,15.784467999765184,12.308099001529627,28.36041802947875
3925,9344.987316241377,9344.987586565,9344.987586565,9345.006631152,9345.018662933,0,COMPLETED,True,0.27032362231693696,19.04458700118994,12.031780999677721,31.346691623184597
3926,9344.996784427092,9344.996937229,9344.996937229,9345.01422127,9345.026254173,1,COMPLETED,True,0.152801907461253,17.28404099958425,12.032903001454542,29.469745908500045
3927,9345.019712968387,9345.019872563,9345.019872563,9345.020450446,9345.032397401,0,COMPLETED,True,0.159594612341607,0.5778830000053858,11.946955000894377,12.68443261324137
3928,9345.036297658196,9345.036451295,9345.036451295,9345.037161942,9345.049057284,1,COMPLETED,True,0.1536368035885971,0.7106470002327114,11.895342000570963,12.759625804392272
3929,9345.05992907191,9345.060194999,9345.060194999,9345.060908777,9345.073242249,0,COMPLETED,True,0.26592709036776796,0.7137780012271833,12.333471999227186,13.313177090822137
3930,9345.060680345523,9345.060866941,9345.060866941,9345.061343338,9345.073495228,1,COMPLETED,True,0.18659547640709206,0.4763970009662444,12.151889999586274,12.81488247695961
3931,9345.061737294018,9345.061866676,9345.061866676,9345.073585417,9345.085694492,0,COMPLETED,True,0.12938198233314324,11.718740999640431,12.10907499989844,23.957197981872014
3932,9345.064160873635,9345.0643263,9345.0643263,9345.073740839,9345.086066198,1,COMPLETED,True,0.16542636512895115,9.41453899940825,12.325359000897151,21.905324365434353
3933,9345.086668844604,9345.086859744,9345.086859744,9345.087476254,9345.09934111,0,COMPLETED,True,0.19089939632976893,0.6165100003272528,11.864856000102009,12.67226539675903
3934,9345.097963436841,9345.098103109,9345.098103109,9345.098820076,9345.111630452,1,COMPLETED,True,0.13967215818411205,0.7169670006987872,12.810375999833923,13.667015158716822
3935,9345.098502394749,9345.098660311,9345.098660311,9345.099475464,9345.112324399,0,COMPLETED,True,0.15791625082783867,0.8151530000759521,12.848935000874917,13.822004251778708
3936,9345.099009362977,9345.099133269,9345.099133269,9345.111926676,9345.124511957,1,COMPLETED,True,0.12390602205414325,12.793407000572188,12.585280999701354,25.502594022327685
3937,9345.105925656886,9345.106077137,9345.106077137,9345.112598863,9345.124912356,0,COMPLETED,True,0.15148011334531475,6.52172599984624,12.313492999965092,18.986699113156646
3938,9345.109657129977,9345.109786482,9345.109786482,9345.124822361,9345.137184125,1,COMPLETED,True,0.12935202357766684,15.035878999697161,12.361764000161202,27.52699502343603
3939,9345.111840021764,9345.112261346,9345.112261346,9345.125196722,9345.137758937,0,COMPLETED,True,0.4213242355035618,12.935376000314136,12.56221500079846,25.918915236616158
3940,9345.119587460915,9345.11978313,9345.11978313,9345.137475659,9345.149857016,1,COMPLETED,True,0.19566908486012835,17.692528999759816,12.381357000776916,30.26955508539686
3941,9345.14174072681,9345.141883512,9345.141883512,9345.142757527,9345.155065664,0,COMPLETED,True,0.14278518938226625,0.8740150005905889,12.308136998399277,13.324937188372132
3942,9345.169659301862,9345.16982558,9345.16982558,9345.170481597,9345.183031652,1,COMPLETED,True,0.16627813783998135,0.6560170004377142,12.550055000247085,13.37235013852478
3943,9345.172698606428,9345.172826611,9345.172826611,9345.173425557,9345.185837415,0,COMPLETED,True,0.12800457261619158,0.5989460005366709,12.411857998813502,13.138808571966365
3944,9345.188586055096,9345.188728816,9345.188728816,9345.189461887,9345.201106913,1,COMPLETED,True,0.1427609040547395,0.7330709995585494,11.645026001133374,12.520857904746663
3945,9345.207053672668,9345.207216927,9345.207216927,9345.207944238,9345.220064427,0,COMPLETED,True,0.16325433171004988,0.7273110004462069,12.120188999688253,13.01075433184451
3946,9345.222518071541,9345.222655856,9345.222655856,9345.22332489,9345.23530628,1,COMPLETED,True,0.13778445827483665,0.6690339996566763,11.981390000073588,12.788208458005101
3947,9345.227244025196,9345.227370769,9345.227370769,9345.2279678,9345.240272728,0,COMPLETED,True,0.1267438037757529,0.5970309994154377,12.30492800095817,13.028702804149361
3948,9345.229923991781,9345.230053473,9345.230053473,9345.235632533,9345.247693837,1,COMPLETED,True,0.1294812191190431,5.579059999945457,12.061303999871598,17.769845218936098
3949,9345.251023817897,9345.251159307,9345.251159307,9345.251837577,9345.263522091,0,COMPLETED,True,0.1354891028313432,0.6782700002077036,11.684514000080526,12.498273103119573
3950,9345.270132805932,9345.270303153,9345.270303153,9345.271181853,9345.285321508,1,COMPLETED,True,0.17034706797858234,0.878700000612298,14.139654998871265,15.188702067462145
3951,9345.274287101023,9345.274551137,9345.274551137,9345.27525311,9345.287967045,0,COMPLETED,True,0.2640359762153821,0.7019730001047719,12.713935000647325,13.679943976967479
3952,9345.278151022136,9345.278293252,9345.278293252,9345.285538852,9345.299312275,1,COMPLETED,True,0.14222986465028953,7.245599999805563,13.773422999292961,21.161252863748814
3953,9345.280134526285,9345.280284136,9345.280284136,9345.28833716,9345.300302213,0,COMPLETED,True,0.14960971566324588,8.053023999309517,11.965052999585168,20.16768671455793
3954,9345.302747214408,9345.302895898,9345.302895898,9345.303729881,9345.317925914,1,COMPLETED,True,0.14868359176034573,0.8339830001204973,14.196033000189345,15.178699592070188
3955,9345.31006067849,9345.310190195,9345.310190195,9345.310834585,9345.322916229,0,COMPLETED,True,0.12951650933246128,0.6443900001613656,12.081644001227687,12.855550510721514
3956,9345.340696020987,9345.340833895,9345.340833895,9345.341813257,9345.35553941,1,COMPLETED,True,0.13787401258014143,0.979362001089612,13.72615299987956,14.843389013549313
3957,9345.346687077954,9345.346814271,9345.346814271,9345.347443231,9345.359710762,0,COMPLETED,True,0.12719304686470423,0.6289599987212569,12.267531001270982,13.023684046856943
3958,9345.34760104631,9345.347733278,9345.347733278,9345.356043453,9345.369122915,1,COMPLETED,True,0.13223169116827194,8.31017500058806,13.079461999950581,21.521868691706914
3959,9345.371074820809,9345.371229957,9345.371229957,9345.371921838,9345.384403818,0,COMPLETED,True,0.15513619109697174,0.6918809995113406,12.481980000302428,13.32899719091074
3960,9345.371978747435,9345.372187258,9345.372187258,9345.372621182,9345.384765439,1,COMPLETED,True,0.20851056615356356,0.4339239985711174,12.144256999818026,12.786691564542707
3961,9345.385046943566,9345.38533988,9345.38533988,9345.386078937,9345.39796886,0,COMPLETED,True,0.29293643456185237,0.7390569990093354,11.889923000126146,12.921916433697334
3962,9345.386363792459,9345.386656222,9345.386656222,9345.387103471,9345.39916584,1,COMPLETED,True,0.29242954042274505,0.44724899998982437,12.06236899997748,12.802047540390049
3963,9345.386697385695,9345.386779346,9345.386779346,9345.398259831,9345.410535336,0,COMPLETED,True,0.08196030466933735,11.480484999992768,12.275504999706754,23.83795030436886
3964,9345.386866177123,9345.38699929,9345.38699929,9345.399446702,9345.411382339,1,COMPLETED,True,0.13311287693795748,12.447412000256008,11.935636999623966,24.516161876817932
3965,9345.388141055415,9345.3882722,9345.3882722,9345.410852463,9345.423179153,0,COMPLETED,True,0.13114458488416858,22.580262999326806,12.326690000918461,35.038097585129435
3966,9345.39239776186,9345.392531966,9345.392531966,9345.411678452,9345.423998445,1,COMPLETED,True,0.13420413961284794,19.146485999954166,12.319993000346585,31.6006831399136
3967,9345.41216741682,9345.412310261,9345.412310261,9345.423492503,9345.435254178,0,COMPLETED,True,0.14284417920862325,11.18224200035911,11.761675001253025,23.08676118082076
3968,9345.428817985563,9345.428955479,9345.428955479,9345.429661904,9345.441707431,1,COMPLETED,True,0.13749343634117395,0.7064250003168127,12.04552700073691,12.889445437394897
3969,9345.437788618532,9345.437930577,9345.437930577,9345.438562982,9345.450466296,0,COMPLETED,True,0.14195846779330168,0.6324050009425264,11.903313999937382,12.67767746867321
3970,9345.450195764603,9345.450374947,9345.450374947,9345.451257434,9345.465728011,1,COMPLETED,True,0.17918239791470114,0.8824870001262752,14.470576999883633,15.53224639792461
3971,9345.475774549206,9345.475917272,9345.475917272,9345.476695858,9345.4893939,0,COMPLETED,True,0.14272279440774582,0.7785859997966327,12.698041999101406,13.619350793305784
3972,9345.480101107503,9345.4802917,9345.4802917,9345.48096143,9345.494328025,1,COMPLETED,True,0.19059249643760268,0.6697299995721551,13.366595001571113,14.226917497580871
3973,9345.482149798552,9345.482395433,9345.482395433,9345.489729939,9345.501835123,0,COMPLETED,True,0.2456344482197892,7.3345059990970185,12.105183999665314,19.685324446982122
3974,9345.487612621095,9345.487816184,9345.487816184,9345.494756752,9345.507038411,1,COMPLETED,True,0.2035629058809718,6.940567998753977,12.281659001018852,19.4257899056538
3975,9345.49554008795,9345.495686516,9345.495686516,9345.502153123,9345.514677344,0,COMPLETED,True,0.14642805035691708,6.466606999310898,12.52422099969408,19.137256049361895
3976,9345.50302825005,9345.50324242,9345.50324242,9345.507344388,9345.519651241,1,COMPLETED,True,0.2141699496860383,4.101967999304179,12.306853001064155,16.622990950054373
3977,9345.50463189091,9345.504775927,9345.504775927,9345.514952145,9345.526827477,0,COMPLETED,True,0.1440360902051907,10.176218000196968,11.875332000272465,22.195586090674624
3978,9345.52769316657,9345.527814525,9345.527814525,9345.528485422,9345.540918028,1,COMPLETED,True,0.12135842916904949,0.6708970013278304,12.432605999492807,13.224861429989687
3979,9345.52962691595,9345.529796638,9345.529796638,9345.530529291,9345.545162869,0,COMPLETED,True,0.16972205048659816,0.7326529994315933,14.633578000939451,15.535953050857643
3980,9345.539057261802,9345.539210553,9345.539210553,9345.54106723,9345.553261149,1,COMPLETED,True,0.1532911992399022,1.856676999523188,12.193918999400921,14.203887198164011
3981,9345.557746051367,9345.557864467,9345.557864467,9345.558577999,9345.570773627,0,COMPLETED,True,0.11841563355119433,0.7135319992812583,12.195627999972203,13.027575632804655
3982,9345.568560751619,9345.568777008,9345.568777008,9345.569561313,9345.582671216,1,COMPLETED,True,0.2162563814636087,0.7843049988878192,13.109903000440681,14.11046438079211
3983,9345.57141950414,9345.571540216,9345.571540216,9345.572135982,9345.584696438,0,COMPLETED,True,0.1207118602906121,0.5957659996056464,12.560455999846454,13.276933859742712
3984,9345.594698356996,9345.594841828,9345.594841828,9345.5955904,9345.607913875,1,COMPLETED,True,0.14347100477607455,0.7485719997930573,12.323474998993333,13.215518003562465
3985,9345.615549228793,9345.615754151,9345.615754151,9345.616522645,9345.629096115,0,COMPLETED,True,0.20492220755841117,0.7684939992032014,12.573470001370879,13.546886208132491
3986,9345.627607340764,9345.62774525,9345.62774525,9345.628643362,9345.642542474,1,COMPLETED,True,0.1379092354909517,0.8981120008684229,13.899111998398439,14.935133234757814
3987,9345.632572727216,9345.632704613,9345.632704613,9345.633386825,9345.646470451,0,COMPLETED,True,0.13188578486733604,0.6822119994467357,13.083625999570359,13.89772378388443
3988,9345.641046351555,9345.641198435,9345.641198435,9345.643016201,9345.655315913,1,COMPLETED,True,0.15208344484562986,1.8177660003857454,12.299711999730789,14.269561444962164
3989,9345.643360743197,9345.643500032,9345.643500032,9345.646645812,9345.659390616,0,COMPLETED,True,0.13928880252933595,3.1457799996132962,12.744804000249133,16.029872802391765
3990,9345.68403561994,9345.684221597,9345.684221597,9345.685215822,9345.699359594,1,COMPLETED,True,0.18597706002765335,0.9942250017047627,14.143771999442833,15.32397406117525
3991,9345.686049563104,9345.686202984,9345.686202984,9345.686775346,9345.699341721,0,COMPLETED,True,0.15342089500336442,0.5723619997297646,12.566375000460539,13.292157895193668
3992,9345.694025517641,9345.694163401,9345.694163401,9345.699760851,9345.711724893,0,COMPLETED,True,0.13788335854769684,5.59744999918621,11.964042001636699,17.699375359370606
3993,9345.701907489756,9345.70206136,9345.70206136,9345.702771304,9345.715896179,1,COMPLETED,True,0.15387024359370116,0.7099440008460078,13.124874998538871,13.98868924297858
3994,9345.707878565696,9345.708097723,9345.708097723,9345.712100248,9345.724433653,0,COMPLETED,True,0.21915730394539423,4.00252500003262,12.333405000390485,16.5550873043685
3995,9345.718793146141,9345.718966588,9345.718966588,9345.719618658,9345.731489199,1,COMPLETED,True,0.1734418583509978,0.6520700007968117,11.870541000462254,12.696052859610063
3996,9345.728662703137,9345.728800661,9345.728800661,9345.729594779,9345.743871244,0,COMPLETED,True,0.13795786253467668,0.7941180010675453,14.27646499905677,15.208540862658992
3997,9345.728852034488,9345.728947447,9345.728947447,9345.731636971,9345.744263048,1,COMPLETED,True,0.09541251165501308,2.689524000743404,12.626076999367797,15.411013511766214
3998,9345.748479482112,9345.748617456,9345.748617456,9345.749337949,9345.761727719,0,COMPLETED,True,0.13797388783132192,0.7204930006992072,12.389769999572309,13.248236888102838
3999,9345.760952230927,9345.761090775,9345.761090775,9345.7618076,9345.774415353,1,COMPLETED,True,0.1385440737067256,0.71682499947201,12.607753000338562,13.463122073517297
4000,9345.780660352417,9345.780798125,9345.780798125,9345.781567525,9345.7948695,0,COMPLETED,True,0.1377725839120103,0.7693999996263301,13.301974999194499,14.20914758273284
4001,9345.781801146291,9345.781929253,9345.781929253,9345.782553436,9345.796099072,1,COMPLETED,True,0.12810670887120068,0.6241829996724846,13.54563600034453,14.297925708888215
4002,9345.782339816646,9345.782618076,9345.782618076,9345.795075915,9345.80790133,0,COMPLETED,True,0.2782593546726275,12.457839000489912,12.825414998587803,25.561513353750343
4003,9345.78646527735,9345.786619943,9345.786619943,9345.796466578,9345.808857386,1,COMPLETED,True,0.1546656494610943,9.846635000940296,12.390808000418474,22.392108650819864
4004,9345.79287435395,9345.793013206,9345.793013206,9345.808247781,9345.820146146,0,COMPLETED,True,0.13885204862162936,15.2345750011591,11.8983649990696,27.27179204885033
4005,9345.799216915479,9345.799350289,9345.799350289,9345.80916932,9345.821038432,1,COMPLETED,True,0.13337352174858097,9.819031000006362,11.86911199874885,21.821516520503792
4006,9345.82053398889,9345.820760767,9345.820760767,9345.821433042,9345.833729049,0,COMPLETED,True,0.2267781092086807,0.6722750003973488,12.296007000259124,13.195060109865153
4007,9345.831535673107,9345.831732095,9345.831732095,9345.832544424,9345.844926777,1,COMPLETED,True,0.19642189181467984,0.8123290008370532,12.382352999338764,13.391103891990497
4008,9345.833170797776,9345.833309855,9345.833309855,9345.834003568,9345.84669093,0,COMPLETED,True,0.13905722335039172,0.69371300014609,12.687362001088331,13.520132224584813
4009,9345.8338924158,9345.83431595,9345.83431595,9345.845261707,9345.857333785,1,COMPLETED,True,0.4235342003084952,10.94575699971756,12.072077999619069,23.441369199645123
4010,9345.839787933359,9345.839928065,9345.839928065,9345.846989966,9345.859211223,0,COMPLETED,True,0.14013164036441594,7.061901000270154,12.221257000419428,19.423289641053998
4011,9345.847544674873,9345.847687043,9345.847687043,9345.85763021,9345.869637434,1,COMPLETED,True,0.14236812785384245,9.943166998709785,12.007224000626593,22.09275912719022
4012,9345.848084246189,9345.848215077,9345.848215077,9345.859524422,9345.871678853,0,COMPLETED,True,0.13083081103104632,11.309344999972382,12.15443100045377,23.594606811457197
4013,9345.851910232375,9345.852050119,9345.852050119,9345.869961081,9345.882228336,1,COMPLETED,True,0.13988662431074772,17.910962000314612,12.267255000551813,30.318103625177173
4014,9345.855714377247,9345.855847461,9345.855847461,9345.871831236,9345.88441291,0,COMPLETED,True,0.1330837530986173,15.983774999767775,12.581674000102794,28.698532752969186
4015,9345.859993238211,9345.86033344,9345.86033344,9345.882524241,9345.894541819,1,COMPLETED,True,0.34020178827631753,22.190801000760985,12.017577999358764,34.548580788396066
4016,9345.873129266636,9345.873286896,9345.873286896,9345.884707183,9345.896926854,0,COMPLETED,True,0.15762936345709022,11.420287000873941,12.219670999911614,23.797587364242645
4017,9345.875362910478,9345.875513262,9345.875513262,9345.894851342,9345.907294841,1,COMPLETED,True,0.15035152318887413,19.33807999921555,12.443498999346048,31.931930521750473
4018,9345.888526668987,9345.888553167,9345.888553167,9345.897080853,9345.90922593,0,COMPLETED,True,0.02649801353982184,8.527685999069945,12.145077000241145,20.69926101285091
4019,9345.896092860516,9345.896259077,9345.896259077,9345.907587574,9345.919780984,1,COMPLETED,True,0.16621648501313757,11.328496999340132,12.193410000691074,23.688123485044343
4020,9345.896189588375,9345.896385202,9345.896385202,9345.909513442,9345.92173544,0,COMPLETED,True,0.19561362569220364,13.128239999787183,12.22199800031376,25.545851625793148
4021,9345.896376760425,9345.896405246,9345.896405246,9345.920094017,9345.93253109,1,COMPLETED,True,0.028485574148362502,23.68877099979727,12.437073000910459,36.15432957485609
4022,9345.908252028903,9345.908411009,9345.908411009,9345.92204042,9345.934308627,0,COMPLETED,True,0.15898009769443888,13.629410999783431,12.268206999578979,26.05659809705685
4023,9345.909059600957,9345.909196263,9345.909196263,9345.932814296,9345.944908886,1,COMPLETED,True,0.13666204176843166,23.618033001184813,12.09458999983326,35.849285042786505
4024,9345.911965969623,9345.912121694,9345.912121694,9345.934596817,9345.946784813,0,COMPLETED,True,0.15572437769151293,22.475122999821906,12.187996000648127,34.818843378161546
4025,9345.940120291913,9345.940318793,9345.940318793,9345.945221589,9345.957824151,1,COMPLETED,True,0.19850108765240293,4.902795999441878,12.602562001120532,17.703859088214813
4026,9345.94649870957,9345.946754159,9345.946754159,9345.947533121,9345.960212131,0,COMPLETED,True,0.2554494294599863,0.7789619994582608,12.679010000283597,13.713421429201844
4027,9345.947408455046,9345.947680705,9345.947680705,9345.958136354,9345.9706149,1,COMPLETED,True,0.27224995392316487,10.455649000505218,12.478545999329071,23.206444953757455
4028,9345.9958123926,9345.995975948,9345.995975948,9345.997008279,9346.012094195,0,COMPLETED,True,0.16355539992218837,1.0323309998057084,15.085916000316502,16.2818024000444
4029,9345.998880717527,9345.999037774,9345.999037774,9345.999674013,9346.012226455,1,COMPLETED,True,0.15705647274444345,0.6362389995047124,12.552442000014707,13.345737472263863
4030,9346.005543281193,9346.00568553,9346.00568553,9346.012804456,9346.026430315,0,COMPLETED,True,0.14224880760593805,7.118925999748171,13.625858999148477,20.887033806502586
4031,9346.006018647398,9346.006395575,9346.006395575,9346.012767465,9346.025545639,1,COMPLETED,True,0.3769276008824818,6.371890000082203,12.778174001141451,19.526991602106136
4032,9346.006502660077,9346.006773666,9346.006773666,9346.025696602,9346.038530343,1,COMPLETED,True,0.2710059234232176,18.922936000308255,12.833740998758003,32.027682922489475
4033,9346.01330039751,9346.013436192,9346.013436192,9346.026785068,9346.039377059,0,COMPLETED,True,0.1357944911433151,13.348875998417498,12.591991000590497,26.07666149015131
4034,9346.020914997946,9346.021097819,9346.021097819,9346.038862928,9346.05120145,1,COMPLETED,True,0.18282105520484038,17.765108999810764,12.3385219994816,30.286452054497204
4035,9346.023904261976,9346.024048269,9346.024048269,9346.039608418,9346.052264195,0,COMPLETED,True,0.14400702457351144,15.560148998702061,12.655776999963564,28.359933023239137
4036,9346.037039119843,9346.037126898,9346.037126898,9346.051499244,9346.06412374,1,COMPLETED,True,0.08777815673965961,14.372346000527614,12.624495999261853,27.084620156529127
4037,9346.038775814664,9346.039015965,9346.039015965,9346.052558343,9346.064899142,0,COMPLETED,True,0.2401503352302825,13.542378001147881,12.340798999503022,26.123327335881186
4038,9346.04508688529,9346.045250942,9346.045250942,9346.064429963,9346.077223732,1,COMPLETED,True,0.1640567097638268,19.179021001036745,12.793768999472377,32.13684671027295
4039,9346.0564268283,9346.056558537,9346.056558537,9346.065221797,9346.077775052,0,COMPLETED,True,0.13170870079193264,8.66325999959372,12.553254999147612,21.348223699533264
4040,9346.061531199895,9346.061695005,9346.061695005,9346.077504547,9346.090127924,1,COMPLETED,True,0.16380510533053894,15.809541999260546,12.623377000636538,28.596724105227622
4041,9346.061636540822,9346.061831873,9346.061831873,9346.078023747,9346.09045111,0,COMPLETED,True,0.1953321770997718,16.191874001378892,12.427362999005709,28.814569177484373
4042,9346.065487905744,9346.065635653,9346.065635653,9346.090404326,9346.103324808,1,COMPLETED,True,0.14774725605093408,24.76867299992591,12.92048200048157,37.836902256458416
4043,9346.066271499198,9346.066409136,9346.066409136,9346.090762852,9346.103941094,0,COMPLETED,True,0.13763680181000382,24.353716000405257,13.178241999412421,37.66959480162768
4044,9346.069553030478,9346.069829244,9346.069829244,9346.103641327,9346.116398971,1,COMPLETED,True,0.27621352091955487,33.812083000157145,12.757644000885193,46.84594052196189
4045,9346.071031566904,9346.071166853,9346.071166853,9346.104271594,9346.116590528,0,COMPLETED,True,0.13528609633794986,33.10474099998828,12.318933999267756,45.558961095593986
4046,9346.072781016477,9346.072959163,9346.072959163,9346.116669402,9346.129043049,1,COMPLETED,True,0.17814652346714865,43.71023899875581,12.373647001368226,56.26203252359119
4047,9346.078201654258,9346.078353592,9346.078353592,9346.116819458,9346.129225939,0,COMPLETED,True,0.15193774197541643,38.465866000478854,12.406480998834013,51.024284741288284
4048,9346.079014556395,9346.079153686,9346.079153686,9346.129360704,9346.142049746,1,COMPLETED,True,0.13912960457673762,50.207018000946846,12.689041999692563,63.035189605216146
4049,9346.08005789725,9346.080155999,9346.080155999,9346.129478632,9346.142196423,0,COMPLETED,True,0.09810174924496096,49.3226329999743,12.717790999886347,62.13852574910561
4050,9346.082784808212,9346.082994228,9346.082994228,9346.142347515,9346.154901743,1,COMPLETED,True,0.20941978800692596,59.35328700070386,12.55422800022643,72.11693478893721
4051,9346.088757812859,9346.088955771,9346.088955771,9346.14243334,9346.154698262,0,COMPLETED,True,0.19795814114331733,53.477568999369396,12.264922001122613,65.94044914163533
4052,9346.09200034491,9346.092140954,9346.092140954,9346.1548438,9346.167639742,0,COMPLETED,True,0.14060909052204806,62.70284600032028,12.795941998774651,75.63939708961698
4053,9346.092688489998,9346.092829009,9346.092829009,9346.155199374,9346.167530941,1,COMPLETED,True,0.14051900143385865,62.3703649998788,12.331567000728683,74.84245100204134
4054,9346.093843386849,9346.093985283,9346.093985283,9346.167854997,9346.180379125,1,COMPLETED,True,0.1418961510353256,73.86971400046605,12.524128000222845,86.53573815172422
4055,9346.10356067771,9346.103806537,9346.103806537,9346.167885253,9346.180221077,0,COMPLETED,True,0.2458592898619827,64.0787160009495,12.335823999819695,76.66039929063118
4056,9346.110444771428,9346.110585924,9346.110585924,9346.180499027,9346.193024298,0,COMPLETED,True,0.1411525718140183,69.91310299963516,12.52527100041334,82.57952657186252
4057,9346.111284429307,9346.111427858,9346.111427858,9346.180609104,9346.193032289,1,COMPLETED,True,0.14342869326355867,69.1812459990615,12.423185000443482,81.74785969276854
4058,9346.111427678608,9346.111515158,9346.111515158,9346.193278822,9346.205761228,1,COMPLETED,True,0.08747939136810601,81.76366400039115,12.482406000344781,94.33354939210403
4059,9346.113042175368,9346.113171461,9346.113171461,9346.193336532,9346.205967741,0,COMPLETED,True,0.12928563228342682,80.16507100001036,12.631208999664523,92.9255656319583
4060,9346.135822756974,9346.135938828,9346.135938828,9346.206060644,9346.218272662,1,COMPLETED,True,0.11607102533162106,70.12181600111944,12.212017998535885,82.44990502498695
4061,9346.136103813607,9346.13627272,9346.13627272,9346.206203631,9346.218721889,0,COMPLETED,True,0.16890639199118596,69.93091100048332,12.518257999545312,82.61807539201982
4062,9346.145073256852,9346.145165671,9346.145165671,9346.218416917,9346.231335484,1,COMPLETED,True,0.092414147729869,73.25124599992705,12.918567001179326,86.26222714883625
4063,9346.148388271627,9346.14847726,9346.14847726,9346.219027476,9346.231730268,0,COMPLETED,True,0.08898837222659495,70.55021599990141,12.70279200070945,83.34199637283746
4064,9346.15001255075,9346.150109579,9346.150109579,9346.231657136,9346.244098486,1,COMPLETED,True,0.09702825082058553,81.54755699979432,12.441349999789963,94.08593525040487
4065,9346.178747949074,9346.178879149,9346.178879149,9346.232183627,9346.245171894,0,COMPLETED,True,0.13119992581778206,53.30447800042748,12.988266998945619,66.42394492519088
4066,9346.184117612003,9346.184221851,9346.184221851,9346.24438882,9346.256936885,1,COMPLETED,True,0.10423899584566243,60.16696900042007,12.548065000373754,72.81927299663948
4067,9346.194981920462,9346.195098045,9346.195098045,9346.24544595,9346.258151927,0,COMPLETED,True,0.11612453818088397,50.34790500030795,12.705977000223356,63.17000653871219
4068,9346.20202324318,9346.202169973,9346.202169973,9346.257233392,9346.269810534,1,COMPLETED,True,0.14672981887997594,55.063419000362046,12.577142000736785,67.78729081997881
4069,9346.20451113548,9346.204647051,9346.204647051,9346.258272204,9346.270666946,0,COMPLETED,True,0.13591551942226943,53.62515300112136,12.39474199974211,66.15581052028574
4070,9346.20624533218,9346.20637452,9346.20637452,9346.270109143,9346.282731796,1,COMPLETED,True,0.12918781976622995,63.734623001437285,12.62265299919818,76.4864638204017
4071,9346.208204894756,9346.208394236,9346.208394236,9346.270968003,9346.283588462,0,COMPLETED,True,0.18934124454972334,62.573766999776126,12.620458999663242,75.38356724398909
4072,9346.213820612662,9346.213977554,9346.213977554,9346.283073586,9346.296052913,1,COMPLETED,True,0.15694133799115662,69.09603200074343,12.979326998902252,82.23230033763684
4073,9346.213845947917,9346.214103648,9346.214103648,9346.283881738,9346.296539269,0,COMPLETED,True,0.2577000832388876,69.7780899990903,12.6575310005137,82.69332108284289
4074,9346.222153587738,9346.222428363,9346.222428363,9346.296359939,9346.308988439,1,COMPLETED,True,0.2747752623690758,73.9315760001773,12.628499998754705,86.83485126130108
4075,9346.235760776432,9346.235911414,9346.235911414,9346.296818794,9346.309338752,0,COMPLETED,True,0.15063756836752873,60.90738000057172,12.519957999757025,73.57797556869627
4076,9346.239714878893,9346.239876204,9346.239876204,9346.309310073,9346.321553136,1,COMPLETED,True,0.16132510609168094,69.43386900093174,12.2430629999144,81.83825710693782
4077,9346.248712711187,9346.24887001,9346.24887001,9346.309623774,9346.322216393,0,COMPLETED,True,0.15729881306469906,60.75376399894594,12.592619001225103,73.50368181323574
4078,9346.258424073067,9346.258562607,9346.258562607,9346.321856268,9346.334335336,1,COMPLETED,True,0.13853393284080084,63.29366099998879,12.479068000175175,75.91126293300476
4079,9346.267714701715,9346.267877157,9346.267877157,9346.322504263,9346.335043509,0,COMPLETED,True,0.16245528604486026,54.62710599931597,12.53924599950551,67.32880728486634
4080,9346.272165502121,9346.272335206,9346.272335206,9346.334636194,9346.347300158,1,COMPLETED,True,0.16970387878245674,62.3009880000609,12.663964000239503,75.13465587908286
4081,9346.29966261891,9346.299824919,9346.299824919,9346.335351877,9346.347645879,0,COMPLETED,True,0.16230008986894973,35.526957999536535,12.294001999180182,47.983260088585666
4082,9346.301304795486,9346.301465519,9346.301465519,9346.34750683,9346.360141178,1,COMPLETED,True,0.16072351354523562,46.04131099949882,12.634348000574391,58.836382513618446
4083,9346.307989406856,9346.30824854,9346.30824854,9346.347936255,9346.36029535,0,COMPLETED,True,0.25913314311765134,39.6877150014916,12.359094998828368,52.30594314343762
4084,9346.310653031598,9346.310812767,9346.310812767,9346.360412052,9346.372312855,1,COMPLETED,True,0.15973540212144144,49.59928499920352,11.900802999662119,61.65982340098708
4085,9346.3206083305,9346.320713738,9346.320713738,9346.360509355,9346.372789116,0,COMPLETED,True,0.10540750008658506,39.795616999981576,12.279761000172584,52.180785500240745
4086,9346.324657972084,9346.324816304,9346.324816304,9346.372589141,9346.385255778,1,COMPLETED,True,0.15833191719138995,47.77283699877444,12.666636999711045,60.59780591567687
4087,9346.331616786236,9346.331778943,9346.331778943,9346.373091747,9346.38571307,0,COMPLETED,True,0.16215676441788673,41.31280399997195,12.621322999621043,54.09628376401088
4088,9346.33542120469,9346.335590468,9346.335590468,9346.38557214,9346.397890828,1,COMPLETED,True,0.1692633086349815,49.98167200028547,12.31868800095981,62.46962330988026
4089,9346.33799195919,9346.338146606,9346.338146606,9346.386040583,9346.398253581,0,COMPLETED,True,0.15464681018784177,47.89397700005793,12.212997999085928,60.2616218093317
4090,9346.342708703407,9346.342863278,9346.342863278,9346.398151285,9346.410705647,1,COMPLETED,True,0.1545745926705422,55.28800700085412,12.554361999718822,67.99694359324349
4091,9346.347153474628,9346.347349385,9346.347349385,9346.398411387,9346.411173173,0,COMPLETED,True,0.1959103719855193,51.06200199952582,12.761786001647124,64.01969837315846
4092,9346.348056928353,9346.348154216,9346.348154216,9346.410996435,9346.423284882,1,COMPLETED,True,0.09728764780447818,62.842218998412136,12.288447000173619,75.22795364639023
4093,9346.348082239561,9346.348254517,9346.348254517,9346.411464903,9346.423494264,0,COMPLETED,True,0.17227743956027552,63.210385998900165,12.02936099980434,75.41202443826478
4094,9346.352082872707,9346.352224905,9346.352224905,9346.42357756,9346.435469178,1,COMPLETED,True,0.142032293297234,71.3526549989183,11.891618001754978,83.38630529397051
4095,9346.352855428957,9346.353019266,9346.353019266,9346.423742538,9346.435865819,0,COMPLETED,True,0.1638370431464864,70.72327199966821,12.123280999730923,83.01039004254562
4096,9346.354594993332,9346.354701365,9346.354701365,9346.435759431,9346.448027833,1,COMPLETED,True,0.10637166815286037,81.05806599996868,12.268401998881018,93.43283966700255
4097,9346.358022388456,9346.358188482,9346.358188482,9346.4361707,9346.44813358,0,COMPLETED,True,0.16609354315733071,77.98221800112515,11.962879998463904,90.11119154274638
4098,9346.361692899058,9346.361850507,9346.361850507,9346.448342276,9346.460900826,1,COMPLETED,True,0.15760794303787407,86.49176899962185,12.55854999908479,99.20792694174452
4099,9346.36179993825,9346.361973357,9346.361973357,9346.448389607,9346.460781528,0,COMPLETED,True,0.17341874990961514,86.41625000018394,12.391921000016737,98.98158975011029
4100,9346.383637489931,9346.383905166,9346.383905166,9346.461093418,9346.473424142,0,COMPLETED,True,0.26767606868816074,77.18825200026913,12.330723999184556,89.78665206814185
4101,9346.394959004407,9346.395193156,9346.395193156,9346.461160438,9346.473375485,1,COMPLETED,True,0.23415159375872463,65.96728200020152,12.215046999699553,78.4164805936598
4102,9346.396135383218,9346.396271563,9346.396271563,9346.473651541,9346.485675261,1,COMPLETED,True,0.13617978220281657,77.37997799995355,12.023719998978777,89.53987778113515
4103,9346.40539651662,9346.405542004,9346.405542004,9346.473696613,9346.485790329,0,COMPLETED,True,0.14548737999575678,68.15460899997561,12.09371599907172,80.39381237904308
4104,9346.410154492167,9346.410318643,9346.410318643,9346.485957676,9346.498268281,1,COMPLETED,True,0.16415083337051328,75.63903300069796,12.31060499958403,88.1137888336525
4105,9346.41578489386,9346.415946891,9346.415946891,9346.486037703,9346.498668946,0,COMPLETED,True,0.16199714082176797,70.09081199976208,12.631243000214454,82.8840521407983
4106,9346.41713093253,9346.417268442,9346.417268442,9346.498568109,9346.511501532,1,COMPLETED,True,0.1375094689137768,81.29966700107616,12.933423000504263,94.3705994704942
4107,9346.423560104082,9346.423846297,9346.423846297,9346.498978406,9346.511352426,0,COMPLETED,True,0.28619291879294906,75.13210899924161,12.374019999697339,87.7923219177319
4108,9346.424963859887,9346.425109934,9346.425109934,9346.511661272,9346.524076078,0,COMPLETED,True,0.14607411321776453,86.5513379994809,12.41480600037903,99.11221811307769
4109,9346.434097786358,9346.434259075,9346.434259075,9346.511745093,9346.524624205,1,COMPLETED,True,0.16128864263009746,77.48601799903554,12.879112000518944,90.52641864218458
4110,9346.438879552845,9346.439040347,9346.439040347,9346.524247435,9346.536615751,0,COMPLETED,True,0.16079415581771173,85.20708799915155,12.368315999992774,97.73619815496204
4111,9346.467819131416,9346.467983374,9346.467983374,9346.524931288,9346.537243565,1,COMPLETED,True,0.16424258319602814,56.947914001284516,12.312277000091854,69.4244335845724
4112,9346.470047513714,9346.47024269,9346.47024269,9346.536927071,9346.54885696,0,COMPLETED,True,0.1951762860699091,66.68438099950436,11.929889000384719,78.80944628595898
4113,9346.481898923137,9346.482045926,9346.482045926,9346.537532148,9346.549478692,1,COMPLETED,True,0.1470028637413634,55.486221999672125,11.946544000238646,67.57976886365213
4114,9346.488504297946,9346.488705921,9346.488705921,9346.549162101,9346.561740283,0,COMPLETED,True,0.20162305372650735,60.456180000983295,12.578181998833315,73.23598505354312
4115,9346.494740268243,9346.494997339,9346.494997339,9346.549760365,9346.5620359,1,COMPLETED,True,0.2570707565610064,54.76302600072813,12.275535000298987,67.29563175758813
4116,9346.49939269716,9346.499520462,9346.499520462,9346.562017382,9346.574188158,0,COMPLETED,True,0.12776484072674066,62.496919999830425,12.170775999038597,74.79546083959576
4117,9346.50092967755,9346.501079368,9346.501079368,9346.562298852,9346.574401539,1,COMPLETED,True,0.14969044968893286,61.21948400141264,12.102686998332501,73.47186144943407
4118,9346.525043020949,9346.525139854,9346.525139854,9346.574464383,9346.58661125,0,COMPLETED,True,0.09683305142971221,49.32452899993223,12.146867000410566,61.568229051772505
4119,9346.538982959426,9346.539127766,9346.539127766,9346.57461637,9346.587273221,1,COMPLETED,True,0.14480657409876585,35.48860400042031,12.656850998610025,48.2902615731291
4120,9346.556646525856,9346.556758642,9346.556758642,9346.586933519,9346.599705322,0,COMPLETED,True,0.11211614400963299,30.174876999808475,12.771802999850479,43.05879614366859
4121,9346.564864627342,9346.565001978,9346.565001978,9346.587572383,9346.600453506,1,COMPLETED,True,0.13735065840592142,22.570404998987215,12.881123000624939,35.588878658018075
4122,9346.565816736591,9346.565944112,9346.565944112,9346.600061231,9346.612627104,0,COMPLETED,True,0.12737540964735672,34.11711899934744,12.565872999402927,46.810367408397724
4123,9346.573785356148,9346.574036689,9346.574036689,9346.600716041,9346.613482371,1,COMPLETED,True,0.2513328527129488,26.67935200042848,12.766329999067239,39.69701485220867
4124,9346.580961389272,9346.581111,9346.581111,9346.613001247,9346.625695736,0,COMPLETED,True,0.14961072702135425,31.890247000774252,12.694488999841269,44.734346727636876
4125,9346.587900661896,9346.588079098,9346.588079098,9346.613796708,9346.626078143,1,COMPLETED,True,0.17843610476120375,25.717609998537228,12.281434999749763,38.177481103048194
4126,9346.590173962928,9346.590338925,9346.590338925,9346.626012617,9346.638682261,0,COMPLETED,True,0.16496207172167487,35.67369200027315,12.669644000197877,48.5082980721927
4127,9346.608952938426,9346.609124377,9346.609124377,9346.626363641,9346.639039757,1,COMPLETED,True,0.17143857439805288,17.239263999726973,12.676115999056492,30.086818573181517
4128,9346.61789457021,9346.618075997,9346.618075997,9346.638963816,9346.651752305,0,COMPLETED,True,0.18142678891308606,20.887819000563468,12.78848900074081,33.857734790217364
4129,9346.627097442926,9346.627264403,9346.627264403,9346.639297126,9346.651792244,1,COMPLETED,True,0.1669600733293919,12.032722999720136,12.495118000515504,24.69480107356503
4130,9346.636816568114,9346.63698301,9346.63698301,9346.652124366,9346.664903557,0,COMPLETED,True,0.16644188508507796,15.141356001549866,12.779190999935963,28.086988886570907
4131,9346.651823298085,9346.651993361,9346.651993361,9346.652565288,9346.664910514,1,COMPLETED,True,0.17006291454890743,0.5719269993278431,12.34522600134369,13.08721591522044
4132,9346.668161561542,9346.66831567,9346.66831567,9346.668830513,9346.681675612,1,COMPLETED,True,0.15410845844598953,0.5148429991095327,12.845099001424387,13.51405045897991
4133,9346.669591390308,9346.669727914,9346.669727914,9346.670081069,9346.682538062,0,COMPLETED,True,0.13652369307237677,0.35315499917487614,12.45699299943226,12.946671691679512
4134,9346.674132920592,9346.674301819,9346.674301819,9346.681840774,9346.694364705,1,COMPLETED,True,0.1688984084466938,7.538954998381087,12.523931000032462,20.231784406860243
4135,9346.691051590638,9346.691141236,9346.691141236,9346.691677971,9346.704499998,0,COMPLETED,True,0.08964536209532525,0.536735000423505,12.822026999856462,13.448407362375292
4136,9346.692261159491,9346.692351445,9346.692351445,9346.694635228,9346.70710479,1,COMPLETED,True,0.09028550994116813,2.2837829983473057,12.469562001570011,14.843630509858485
4137,9346.699351845231,9346.699520423,9346.699520423,9346.704672513,9346.717468703,0,COMPLETED,True,0.16857776972756255,5.152089999683085,12.79618999978993,18.11685776920058
4138,9346.70195521276,9346.702122767,9346.702122767,9346.707399342,9346.719776399,1,COMPLETED,True,0.16755423894210253,5.276575000607409,12.377057000776404,17.821186240325915
4139,9346.710904929405,9346.711028827,9346.711028827,9346.717762547,9346.730257009,0,COMPLETED,True,0.12389759467623662,6.733719999829191,12.494462000177009,19.352079594682436
4140,9346.71942209881,9346.719585004,9346.719585004,9346.720080263,9346.732275334,1,COMPLETED,True,0.16290519124595448,0.4952589988533873,12.195070999950985,12.853235190050327
4141,9346.721261372575,9346.721369432,9346.721369432,9346.730559938,9346.74255777,0,COMPLETED,True,0.108059424746898,9.190505999868037,11.997831999906339,21.296397424521274
4142,9346.745444646529,9346.745597586,9346.745597586,9346.746332192,9346.758545125,1,COMPLETED,True,0.15293947035388555,0.734606001060456,12.212932999318582,13.100478470732924
4143,9346.761754309851,9346.761842341,9346.761842341,9346.762509505,9346.774639223,0,COMPLETED,True,0.08803114906186238,0.6671640003332868,12.129717999414424,12.884913148809574
4144,9346.763995013569,9346.764022344,9346.764022344,9346.764576105,9346.776943086,1,COMPLETED,True,0.027330430384608917,0.5537610013561789,12.366981000013766,12.948072431754554
4145,9346.782470805205,9346.782615214,9346.782615214,9346.783339758,9346.7959749,0,COMPLETED,True,0.14440879567700904,0.724543999240268,12.635142000362976,13.504094795280253
4146,9346.785059783695,9346.785327048,9346.785327048,9346.785959783,9346.801065007,1,COMPLETED,True,0.26726430587586947,0.6327349983621389,15.105223999853479,16.005223304091487
4147,9346.786765501585,9346.78703322,9346.78703322,9346.796303425,9346.808799459,0,COMPLETED,True,0.2677184147614753,9.270205000575515,12.496033999923384,22.033957415260375
4148,9346.786999707474,9346.787152001,9346.787152001,9346.801574047,9346.815786121,1,COMPLETED,True,0.15229352538881358,14.422046000618138,14.212074000170105,28.786413526177057
4149,9346.787069750771,9346.787171554,9346.787171554,9346.809116685,9346.821147646,0,COMPLETED,True,0.10180322897213046,21.945131000393303,12.030960999254603,34.07789522862004
4150,9346.788813847552,9346.789001077,9346.789001077,9346.816319477,9346.829601652,1,COMPLETED,True,0.1872294487839099,27.31839999978547,13.28217499940365,40.78780444797303
4151,9346.80804100108,9346.808153702,9346.808153702,9346.821452594,9346.833844054,0,COMPLETED,True,0.11270091999904253,13.298891999511397,12.391459998980281,25.80305291849072
4152,9346.81291172428,9346.813065802,9346.813065802,9346.829974364,9346.842735314,1,COMPLETED,True,0.154077719344059,16.908562000025995,12.760949999574223,29.823589718944277
4153,9346.817652721085,9346.817795451,9346.817795451,9346.834149465,9346.846456888,0,COMPLETED,True,0.1427299139322713,16.354014000171446,12.30742300140264,28.804166915506357
4154,9346.82270560634,9346.822865575,9346.822865575,9346.843050696,9346.854987512,1,COMPLETED,True,0.15996866022760514,20.185120998576167,11.936816001252737,32.28190566005651
4155,9346.8311141205,9346.83133397,9346.83133397,9346.846757537,9346.85929408,0,COMPLETED,True,0.21984950035403017,15.423566999743343,12.536543001260725,28.1799595013581
4156,9346.834827288792,9346.834994361,9346.834994361,9346.855268957,9346.867602599,1,COMPLETED,True,0.16707220675016288,20.274596001399914,12.333642000157852,32.77531020830793
4157,9346.838082914388,9346.838225409,9346.838225409,9346.859600588,9346.871360968,0,COMPLETED,True,0.142494611282018,21.37517900155217,11.760379999032011,33.2780536118662
4158,9346.841449718042,9346.841609429,9346.841609429,9346.867762591,9346.879994393,1,COMPLETED,True,0.1597109585418366,26.153161999900476,12.231802000314929,38.54467495875724
4159,9346.841584817897,9346.841735408,9346.841735408,9346.871653619,9346.883355469,0,COMPLETED,True,0.1505901018390432,29.918211001131567,11.70185000046331,41.77065110343392
4160,9346.846383265933,9346.84654752,9346.84654752,9346.880291477,9346.892406156,1,COMPLETED,True,0.16425406647613272,33.74395700120658,12.114678998841555,46.02289006652427
4161,9346.85184042541,9346.852099213,9346.852099213,9346.883633983,9346.895812949,0,COMPLETED,True,0.25878758970065974,31.53476999978011,12.178966000647051,43.97252359012782
4162,9346.866768554206,9346.86690954,9346.86690954,9346.892691657,9346.904880717,1,COMPLETED,True,0.1409857941325754,25.782116999835125,12.189060000309837,38.11216279427754
4163,9346.867818998857,9346.867949268,9346.867949268,9346.89614745,9346.908427134,0,COMPLETED,True,0.13026914348301943,28.198181998959626,12.279684000532143,40.60813514297479
4164,9346.876367829995,9346.876506243,9346.876506243,9346.905171504,9346.917072545,1,COMPLETED,True,0.1384130046062637,28.66526100115152,11.901040999873658,40.70471500563144
4165,9346.89937481018,9346.899511295,9346.899511295,9346.908702047,9346.920431401,0,COMPLETED,True,0.1364848194498336,9.190751999994973,11.729354000635794,21.0565908200806
4166,9346.899443980046,9346.89962737,9346.89962737,9346.91736414,9346.929728719,1,COMPLETED,True,0.18338995323574636,17.73676999982854,12.364579000859521,30.284738953923807
4167,9346.90539348215,9346.905551825,9346.905551825,9346.920703692,9346.932673506,0,COMPLETED,True,0.15834285113669466,15.151866999076447,11.969814000622137,27.280023850835278
4168,9346.916309431064,9346.916341209,9346.916341209,9346.930015406,9346.942300054,1,COMPLETED,True,0.031777935873833485,13.674197000000277,12.284647998967557,25.990622934841667
4169,9346.918278483774,9346.918420576,9346.918420576,9346.932968975,9346.945178527,0,COMPLETED,True,0.14209222536010202,14.548398999977508,12.209552000058466,26.900043225396075
4170,9346.926023024907,9346.926351416,9346.926351416,9346.942607846,9346.954960369,1,COMPLETED,True,0.3283910918980837,16.256430000794353,12.352522999208304,28.93734409190074
4171,9346.942053681718,9346.942193908,9346.942193908,9346.945457844,9346.957483075,0,COMPLETED,True,0.14022628238308243,3.2639359997119755,12.025231000734493,15.429393282829551
4172,9346.955198082305,9346.955831653,9346.955831653,9346.956425246,9346.969940359,1,COMPLETED,True,0.6335706948448205,0.5935930003033718,13.515112999812118,14.74227669496031
4173,9346.966526272066,9346.966611345,9346.966611345,9346.967441961,9346.981659937,0,COMPLETED,True,0.08507293387083337,0.8306159998028306,14.217976000509225,15.133664934182889
4174,9346.968967210656,9346.969052229,9346.969052229,9346.970230218,9346.982834818,1,COMPLETED,True,0.08501834417984355,1.1779889991885284,12.604600000486244,13.867607343854615
4175,9346.96987530048,9346.96995786,9346.96995786,9346.982158583,9346.995494046,0,COMPLETED,True,0.08255951979663223,12.200723000205471,13.335462999748415,25.61874551975052
4176,9346.973661224052,9346.973915513,9346.973915513,9346.983169094,9346.995256922,1,COMPLETED,True,0.2542889469623333,9.253580999939004,12.087828001313028,21.595697948214365
4177,9346.975298985279,9346.975470496,9346.975470496,9346.995569561,9347.007723157,1,COMPLETED,True,0.17151072097476572,20.099065000977134,12.15359599882504,32.42417172077694
4178,9346.977527229406,9346.977760071,9346.977760071,9346.995659158,9347.008261502,0,COMPLETED,True,0.23284159397007897,17.899086999022984,12.602344000697485,30.734272593690548
4179,9346.980035791968,9346.980101466,9346.980101466,9347.008041666,9347.020435797,1,COMPLETED,True,0.06567403215740342,27.94019999964803,12.394130999382469,40.4000050311879
4180,9346.995065697081,9346.995155628,9346.995155628,9347.008543452,9347.02069147,0,COMPLETED,True,0.0899309179658303,13.387824001256377,12.148017998697469,25.625772917919676
4181,9347.007271537233,9347.007454521,9347.007454521,9347.020735623,9347.032853174,1,COMPLETED,True,0.18298376744496636,13.281101999382372,12.117550999391824,25.581636766219162
4182,9347.012680767912,9347.012785843,9347.012785843,9347.020950213,9347.032853235,0,COMPLETED,True,0.10507508886803407,8.164369999576593,11.90302199938742,20.172467087832047
4183,9347.026276877517,9347.026430946,9347.026430946,9347.033018305,9347.045247338,0,COMPLETED,True,0.1540684825158678,6.587358999240678,12.229033000039635,18.97046048179618
4184,9347.049954269003,9347.050206521,9347.050206521,9347.051028398,9347.063216429,1,COMPLETED,True,0.25225199715350755,0.8218769999075448,12.18803099982324,13.262159996884293
4185,9347.051120571112,9347.051264933,9347.051264933,9347.051774679,9347.065875807,0,COMPLETED,True,0.1443618875782704,0.5097459998069098,14.101128001129837,14.755235888515017
4186,9347.053481402947,9347.053544819,9347.053544819,9347.063545163,9347.075611628,1,COMPLETED,True,0.06341605330817401,10.00034400021832,12.066465000316384,22.130225053842878
4187,9347.053530437308,9347.053681707,9347.053681707,9347.066224781,9347.078360565,0,COMPLETED,True,0.15126969265111256,12.543073999040644,12.135783999838168,24.830127691529924
4188,9347.0570567926,9347.057217543,9347.057217543,9347.075905105,9347.088172376,1,COMPLETED,True,0.16075040002760943,18.687562000195612,12.267270998563617,31.11558339878684
4189,9347.058374896975,9347.058517197,9347.058517197,9347.07864539,9347.09072787,0,COMPLETED,True,0.1423000248905737,20.128193000346073,12.08247999966261,32.352973024899256
4190,9347.060727684291,9347.060789145,9347.060789145,9347.08847564,9347.10069729,1,COMPLETED,True,0.06146070882095955,27.686494999215938,12.221650000356021,39.96960570839292
4191,9347.071001281602,9347.071263431,9347.071263431,9347.091020026,9347.103394753,0,COMPLETED,True,0.2621493986225687,19.756595000217203,12.37472699904174,32.39347139788151
4192,9347.07819363743,9347.078358603,9347.078358603,9347.100982559,9347.113474951,1,COMPLETED,True,0.1649655696382979,22.62395600155287,12.49239199933072,35.28131357052189
4193,9347.07894439421,9347.079086739,9347.079086739,9347.103705322,9347.115852235,0,COMPLETED,True,0.14234479021979496,24.618583000119543,12.146912999014603,36.90784078935394
4194,9347.091123736718,9347.09128545,9347.09128545,9347.113775504,9347.12635553,1,COMPLETED,True,0.16171328206837643,22.49005399971793,12.58002599934116,35.231793281127466
4195,9347.103259579035,9347.103457746,9347.103457746,9347.11616284,9347.128848644,0,COMPLETED,True,0.1981669647648232,12.705094000921235,12.685804000284406,25.589064965970465
4196,9347.114268584837,9347.114406514,9347.114406514,9347.126657753,9347.139175411,1,COMPLETED,True,0.13792916251986753,12.251239000761416,12.517658000433585,24.906826163714868
4197,9347.12249786126,9347.122647585,9347.122647585,9347.129128162,9347.14171411,0,COMPLETED,True,0.14972373901400715,6.480576999820187,12.585947999468772,19.216248738302966
4198,9347.134143300369,9347.134326398,9347.134326398,9347.139506855,9347.152130222,1,COMPLETED,True,0.18309763072466012,5.1804569993691985,12.623367001651786,17.986921631745645
4199,9347.150063931658,9347.150223968,9347.150223968,9347.150995012,9347.163716666,0,COMPLETED,True,0.16003634118533228,0.7710440004302654,12.721654000415583,13.65273434203118
4200,9347.151113646552,9347.151329673,9347.151329673,9347.152412947,9347.16510116,1,COMPLETED,True,0.21602644847007468,1.0832739990291884,12.688213000728865,13.987513448228128
4201,9347.153627695681,9347.153773944,9347.153773944,9347.164033032,9347.176388834,0,COMPLETED,True,0.14624831783294212,10.259088001475902,12.355801998637617,22.76113831794646
4202,9347.154435481993,9347.154620517,9347.154620517,9347.165380797,9347.178116957,1,COMPLETED,True,0.18503500723454636,10.760279999885825,12.736160000713426,23.681475007833797
4203,9347.162444348962,9347.162580666,9347.162580666,9347.176694332,9347.189144261,0,COMPLETED,True,0.13631703768623993,14.113666000412195,12.449928999558324,26.69991203765676
4204,9347.166114453912,9347.166215604,9347.166215604,9347.178407217,9347.190964551,1,COMPLETED,True,0.10115008808497805,12.191612999231438,12.55733400103054,24.850097088346956
4205,9347.166656340572,9347.166740427,9347.166740427,9347.189425159,9347.202023564,0,COMPLETED,True,0.08408642679569311,22.684732000925578,12.59840499915299,35.36722342687426
4206,9347.178832750975,9347.178923701,9347.178923701,9347.191236427,9347.204247926,1,COMPLETED,True,0.0909500249690609,12.312725999436225,13.01149900064047,25.415175025045755
4207,9347.184419016825,9347.184707336,9347.184707336,9347.202334654,9347.21432154,0,COMPLETED,True,0.2883191755245207,17.627318000450032,11.986885998339858,29.90252317431441
4208,9347.191628621089,9347.191742708,9347.191742708,9347.20449768,9347.216397682,1,COMPLETED,True,0.11408691170800012,12.754972000038833,11.90000199858332,24.769060910330154
4209,9347.19796400197,9347.198161516,9347.198161516,9347.2146206,9347.226651917,0,COMPLETED,True,0.1975140294234734,16.45908399950713,12.031317000946729,28.68791502987733
4210,9347.208713436286,9347.20888258,9347.20888258,9347.216547968,9347.228801944,1,COMPLETED,True,0.16914371371967718,7.665388000532403,12.253975999556133,20.088507713808212
4211,9347.20892229815,9347.208989295,9347.208989295,9347.226953163,9347.238999786,0,COMPLETED,True,0.06699685036437586,17.963868000151706,12.046622998241219,30.0774878487573
4212,9347.21090976667,9347.211090233,9347.211090233,9347.229090889,9347.241176962,1,COMPLETED,True,0.18046632976620458,18.0006560003676,12.08607299849973,30.267195328633534
4213,9347.213823282578,9347.213915232,9347.213915232,9347.239297608,9347.250975725,0,COMPLETED,True,0.09194942140311468,25.38237599947024,11.678117001792998,37.152442422666354
4214,9347.220486419337,9347.220576603,9347.220576603,9347.241466325,9347.253118178,1,COMPLETED,True,0.0901836629054742,20.889721999992616,11.651852999420953,32.631758662319044
4215,9347.231418083875,9347.231506086,9347.231506086,9347.251289758,9347.26378905,0,COMPLETED,True,0.0880021252669394,19.783671999903163,12.499291999120032,32.370966124290135
4216,9347.234038519482,9347.234120251,9347.234120251,9347.253409684,9347.265772194,1,COMPLETED,True,0.08173151763912756,19.289433001176803,12.362509998638416,31.733674517454347
4217,9347.239381633875,9347.239480097,9347.239480097,9347.264119139,9347.27604968,0,COMPLETED,True,0.0984631242317846,24.639041999762412,11.930541000765515,36.66804612475971
4218,9347.24203790489,9347.242125667,9347.242125667,9347.266068486,9347.278490146,1,COMPLETED,True,0.08776210961514153,23.94281899978523,12.421659999745316,36.45224110914569
4219,9347.246113420864,9347.246214475,9347.246214475,9347.276194775,9347.288577554,0,COMPLETED,True,0.10105413639394101,29.980299999806448,12.382778999381117,42.464133135581505
4220,9347.248973878462,9347.249074302,9347.249074302,9347.278784529,9347.290909906,1,COMPLETED,True,0.10042353824246675,29.71022699966852,12.125376999392756,41.936027537303744
4221,9347.24912148736,9347.249127675,9347.249127675,9347.288855608,9347.301085085,0,COMPLETED,True,0.006187639883137308,39.72793299908517,12.229477000801126,51.96359763976943
4222,9347.24937599522,9347.249567038,9347.249567038,9347.291195406,9347.303680897,1,COMPLETED,True,0.19104277998849284,41.62836800060177,12.485490999097237,54.3049017796875
4223,9347.255474982192,9347.255585933,9347.255585933,9347.301369689,9347.313393807,0,COMPLETED,True,0.11095080844825134,45.78375599885476,12.02411800113623,57.91882480843924
4224,9347.2576253911,9347.257801968,9347.257801968,9347.303964904,9347.315959332,1,COMPLETED,True,0.1765769011399243,46.16293599974597,11.994427999525215,58.33394090041111
4225,9347.285898161634,9347.28604846,9347.28604846,9347.313690712,9347.326084078,0,COMPLETED,True,0.1502983668615343,27.64225200007786,12.393365999741945,40.18591636668134
4226,9347.286850057506,9347.287036717,9347.287036717,9347.316274494,9347.328794452,1,COMPLETED,True,0.18665949392016046,29.23777700016217,12.519957999757025,41.944394493839354
4227,9347.292333768377,9347.292487506,9347.292487506,9347.3264016,9347.338652603,0,COMPLETED,True,0.15373762289527804,33.91409399955592,12.251003001438221,46.318834623889416
4228,9347.292560908116,9347.292609466,9347.292609466,9347.329074608,9347.341463006,1,COMPLETED,True,0.048557883928879164,36.46514200045203,12.388397999529843,48.902097883910756
4229,9347.305922959004,9347.306067681,9347.306067681,9347.338934614,9347.350855246,0,COMPLETED,True,0.14472199654846918,32.86693299924082,11.920632001420017,44.9322869972093
4230,9347.307940979083,9347.308086707,9347.308086707,9347.34174664,9347.353575457,1,COMPLETED,True,0.14572791769751348,33.65993300030823,11.828816999695846,45.63447791770159
4231,9347.314301634613,9347.314553434,9347.314553434,9347.351136319,9347.36314531,0,COMPLETED,True,0.25179938711517025,36.58288499900664,12.008991001493996,48.843675387615804
4232,9347.328012741598,9347.328126585,9347.328126585,9347.353869243,9347.365426565,1,COMPLETED,True,0.11384340177755803,25.742657999217045,11.557322000953718,37.41382340194832
4233,9347.33230628721,9347.33247499,9347.33247499,9347.363433223,9347.375408099,0,COMPLETED,True,0.16870279068825766,30.958232999182655,11.974876000749646,43.10181179062056
4234,9347.338953219909,9347.339177029,9347.339177029,9347.365702548,9347.377950872,1,COMPLETED,True,0.22380909103958402,26.525519000642817,12.248323999301647,38.99765209098405
4235,9347.346025830386,9347.34616518,9347.34616518,9347.375716555,9347.387643256,0,COMPLETED,True,0.1393496149830753,29.55137499884586,11.926700999538298,41.61742561336723
4236,9347.359592959383,9347.359729751,9347.359729751,9347.378252378,9347.390391906,1,COMPLETED,True,0.13679161747859325,18.52262699867424,12.139528000261635,30.79894661641447
4237,9347.367602144146,9347.367733507,9347.367733507,9347.387943383,9347.399887831,0,COMPLETED,True,0.13136285451764707,20.20987600008084,11.944447998757823,32.28568685335631
4238,9347.381392270925,9347.381537674,9347.381537674,9347.390669553,9347.402569203,1,COMPLETED,True,0.14540307529387064,9.131879000051413,11.899650000486872,21.176932075832156
4239,9347.384202826313,9347.384357978,9347.384357978,9347.400208761,9347.412547817,0,COMPLETED,True,0.15515168706770055,15.850783000132651,12.339056000200799,28.34499068740115
4240,9347.384645457045,9347.384942559,9347.384942559,9347.402865766,9347.415310232,1,COMPLETED,True,0.29710195485677104,17.923207000421826,12.444465999578824,30.66477495485742
4241,9347.386565473647,9347.386737494,9347.386737494,9347.412859578,9347.424886521,0,COMPLETED,True,0.17202035269292537,26.12208400023519,12.026942999000312,38.32104735192843
4242,9347.388672209412,9347.388852464,9347.388852464,9347.415584258,9347.427940739,1,COMPLETED,True,0.18025458848569542,26.731793999715592,12.35648100009712,39.26852958829841
4243,9347.392068984233,9347.392189148,9347.392189148,9347.425217552,9347.437219929,0,COMPLETED,True,0.12016376786050387,33.0284039991966,12.002376999589615,45.15094476664672
4244,9347.39322231883,9347.393368596,9347.393368596,9347.428255469,9347.440388317,1,COMPLETED,True,0.14627717064286117,34.88687299977755,12.132847999964724,47.16599817038514
4245,9347.396896459291,9347.397026046,9347.397026046,9347.437511438,9347.449288903,0,COMPLETED,True,0.12958670777152292,40.48539200084633,11.777465000704979,52.39244370932283
4246,9347.40673293099,9347.406897692,9347.406897692,9347.440662304,9347.452709061,1,COMPLETED,True,0.16476101154694334,33.76461199877667,12.046757001371589,45.976130011695204
4247,9347.4100148288,9347.410154286,9347.410154286,9347.449574735,9347.462138955,0,COMPLETED,True,0.13945720093033742,39.420448998498614,12.564220000058413,52.124126199487364
4248,9347.425263332449,9347.425548624,9347.425548624,9347.453025606,9347.465575516,1,COMPLETED,True,0.2852915513358312,27.476982000735006,12.54990999950678,40.31218355157762
4249,9347.455942193115,9347.456100463,9347.456100463,9347.462448104,9347.474179999,0,COMPLETED,True,0.15826988419576082,6.347640999592841,11.73189500150329,18.23780588529189
4250,9347.468828417708,9347.469028675,9347.469028675,9347.469713595,9347.484299532,1,COMPLETED,True,0.2002572909987066,0.6849199999123812,14.585937000447302,15.47111429135839
4251,9347.477002834456,9347.477252061,9347.477252061,9347.477910245,9347.490005741,0,COMPLETED,True,0.24922654483816586,0.6581839988939464,12.09549600025639,13.002906543988502
4252,9347.482382719107,9347.482527689,9347.482527689,9347.484587392,9347.496769067,1,COMPLETED,True,0.14496989388135262,2.0597029997588834,12.18167499973788,14.386347893378115
4253,9347.483316428017,9347.4835024,9347.4835024,9347.490269739,9347.502076094,0,COMPLETED,True,0.18597198322822805,6.767339000361972,11.806354999862378,18.759665983452578
4254,9347.484008268042,9347.485278712,9347.485278712,9347.496915739,9347.509285494,1,COMPLETED,True,1.2704439577646554,11.63702700068825,12.36975499887194,25.277225957324845
4255,9347.488918459789,9347.489081809,9347.489081809,9347.502346151,9347.514451346,0,COMPLETED,True,0.16334921201632824,13.264342000184115,12.105194999094238,25.53288621129468
4256,9347.494673100551,9347.49484049,9347.49484049,9347.509585482,9347.522059408,1,COMPLETED,True,0.1673894494160777,14.74499199866841,12.473926000893698,27.386307448978187
4257,9347.503300512135,9347.503433138,9347.503433138,9347.51474344,9347.527002394,0,COMPLETED,True,0.13262586435303092,11.310302001220407,12.258953998752986,23.701881864326424
4258,9347.51669632325,9347.516716245,9347.516716245,9347.522381246,9347.534229678,1,COMPLETED,True,0.019921750208595768,5.665001001034398,11.848431999169406,17.5333547504124
4259,9347.518418812557,9347.518563282,9347.518563282,9347.527292794,9347.539685294,0,COMPLETED,True,0.14446944260271266,8.729512001082185,12.3924999988958,21.266481442580698
4260,9347.519480304121,9347.519664841,9347.519664841,9347.534635199,9347.547355985,1,COMPLETED,True,0.18453687880537473,14.970357999118278,12.720786000500084,27.875680878423736
4261,9347.522859843782,9347.523001964,9347.523001964,9347.539993925,9347.552504579,0,COMPLETED,True,0.1421202177880332,16.99196099980327,12.510653999925125,29.644735217516427
4262,9347.535563666313,9347.535757126,9347.535757126,9347.547662062,9347.560087304,1,COMPLETED,True,0.19345968576089945,11.904936000064481,12.425242000972503,24.523637686797883
4263,9347.54331803305,9347.54347899,9347.54347899,9347.552821421,9347.565199511,0,COMPLETED,True,0.16095694991236087,9.342431001641671,12.378089999401709,21.88147795095574
4264,9347.545904446886,9347.545924032,9347.545924032,9347.560400119,9347.572848281,1,COMPLETED,True,0.019585113477660343,14.476087000730331,12.44816199869092,26.943834112898912
4265,9347.546023479299,9347.546061215,9347.546061215,9347.565510232,9347.577813092,0,COMPLETED,True,0.037735700971097685,19.44901699971524,12.302860001000226,31.789612701686565
4266,9347.5674499324,9347.567686951,9347.567686951,9347.57314198,9347.585269101,1,COMPLETED,True,0.23701860118308105,5.455028998767375,12.127121000958141,17.819168600908597
4267,9347.57263097106,9347.572773354,9347.572773354,9347.577964398,9347.590404399,0,COMPLETED,True,0.14238293988455553,5.191043999730027,12.440000999049516,17.7734279386641
4268,9347.581247314454,9347.581419722,9347.581419722,9347.58556168,9347.598241276,1,COMPLETED,True,0.17240754641534295,4.141957999308943,12.679596000452875,16.99396154617716
4269,9347.587458531025,9347.587626336,9347.587626336,9347.590708586,9347.60299228,0,COMPLETED,True,0.1678049757174449,3.082249999351916,12.283694000871037,15.533748975940398
4270,9347.588736183878,9347.588881894,9347.588881894,9347.598534696,9347.611248434,1,COMPLETED,True,0.1457101225241786,9.652802000346128,12.713737998637953,22.51225012150826
4271,9347.590338354123,9347.590619992,9347.590619992,9347.603279478,9347.615858963,0,COMPLETED,True,0.28163787646917626,12.659486001211917,12.579484999150736,25.52060887683183
4272,9347.594747036688,9347.595013452,9347.595013452,9347.611533047,9347.624237092,1,COMPLETED,True,0.2664153125806479,16.519594999408582,12.704045000646147,29.490055312635377
4273,9347.603060300211,9347.603225233,9347.603225233,9347.616187931,9347.628774205,0,COMPLETED,True,0.1649327896302566,12.96269799968286,12.586274000568665,25.71390478988178
4274,9347.61238108868,9347.612527658,9347.612527658,9347.624526653,9347.636920219,1,COMPLETED,True,0.14656932034995407,11.998994999885326,12.393565999445855,24.539130319681135
4275,9347.620867400416,9347.621072849,9347.621072849,9347.629095825,9347.641818807,0,COMPLETED,True,0.20544858489301987,8.02297599875601,12.722982000923366,20.951406584572396
4276,9347.624389809413,9347.624932852,9347.624932852,9347.637241626,9347.649709533,1,COMPLETED,True,0.5430425881058909,12.308773999393452,12.467906999518164,25.319723587017506
4277,9347.630219236238,9347.630368662,9347.630368662,9347.642116337,9347.65416949,0,COMPLETED,True,0.1494257612648653,11.747675000151503,12.053153001033934,23.950253762450302
4278,9347.634771096855,9347.634864089,9347.634864089,9347.649995547,9347.662385874,1,COMPLETED,True,0.09299214434577152,15.131458001633291,12.390326999593526,27.61477714557259
4279,9347.639480054966,9347.639569304,9347.639569304,9347.654477024,9347.66672218,0,COMPLETED,True,0.08924903340812307,14.907720000337576,12.245156000062707,27.242125033808406
4280,9347.641378495184,9347.641458017,9347.641458017,9347.662705422,9347.675117105,1,COMPLETED,True,0.07952181658765767,21.247405000394792,12.411682999299956,33.738609816282406
4281,9347.642374545965,9347.642461327,9347.642461327,9347.667026394,9347.679388372,0,COMPLETED,True,0.08678103404236026,24.56506700036698,12.36197800062655,37.01382603503589
4282,9347.65171469052,9347.651957461,9347.651957461,9347.675425648,9347.687951245,1,COMPLETED,True,0.2427704785077367,23.468187000617036,12.525596999694244,36.236554478819016
4283,9347.675371465359,9347.675569935,9347.675569935,9347.679678486,9347.692398405,0,COMPLETED,True,0.19846964096359443,4.108551000172156,12.719919001028757,17.026939642164507
4284,9347.677980375931,9347.67806413,9347.67806413,9347.688243374,9347.70108013,1,COMPLETED,True,0.08375406832783483,10.17924400002812,12.836756000979221,23.099754069335177
4285,9347.693930632915,9347.694069579,9347.694069579,9347.694770418,9347.707074038,0,COMPLETED,True,0.13894608491682447,0.7008390002738452,12.30362000023888,13.14340508542955
4286,9347.695304100052,9347.695452052,9347.695452052,9347.701371805,9347.71403093,1,COMPLETED,True,0.1479519469285151,5.919753000853234,12.659124999117921,18.72682994689967
4287,9347.695641775586,9347.695830904,9347.695830904,9347.707379404,9347.719605193,0,COMPLETED,True,0.18912841369456146,11.548500000571948,12.225788999785436,23.963417414051946
4288,9347.697981802427,9347.698006135,9347.698006135,9347.714297619,9347.726792938,1,COMPLETED,True,0.02433257395750843,16.2914840002486,12.495318998844596,28.811135573050706
4289,9347.703303470453,9347.703464595,9347.703464595,9347.719936776,9347.73249032,0,COMPLETED,True,0.16112454795802478,16.47218099969905,12.553544000184047,29.18684954784112
4290,9347.706258968348,9347.706351188,9347.706351188,9347.727093508,9347.739448343,1,COMPLETED,True,0.09221965228789486,20.742319999044412,12.35483500022383,33.189374651556136
4291,9347.70702857204,9347.707115304,9347.707115304,9347.732631556,9347.7449801,0,COMPLETED,True,0.086731959527242,25.516252000670647,12.348543999905814,37.951527960103704
4292,9347.710677249292,9347.710938668,9347.710938668,9347.739610247,9347.75247389,1,COMPLETED,True,0.2614187087601749,28.671578998910263,12.863642999946023,41.79664070761646
4293,9347.716150965263,9347.716288248,9347.716288248,9347.745260529,9347.75730547,0,COMPLETED,True,0.13728273734159302,28.972280999369104,12.044941000567633,41.15450473727833
4294,9347.716253236886,9347.716353349,9347.716353349,9347.752738387,9347.764858186,1,COMPLETED,True,0.10011211452365387,36.385037999934866,12.119798999265186,48.604949113723706
4295,9347.71753629135,9347.717634545,9347.717634545,9347.757588486,9347.769302017,0,COMPLETED,True,0.09825365123106167,39.95394099911209,11.713531001078081,51.765725651421235
4296,9347.723959591163,9347.724058669,9347.724058669,9347.765129131,9347.777070806,1,COMPLETED,True,0.0990778371487977,41.07046199897013,11.941675000343821,53.11121483646275
4297,9347.740770829932,9347.740930169,9347.740930169,9347.769580658,9347.781590505,0,COMPLETED,True,0.15933906797727104,28.65048899911926,12.00984699971741,40.81967506681394
4298,9347.747774550455,9347.747935736,9347.747935736,9347.777380927,9347.789665476,1,COMPLETED,True,0.16118554594868328,29.44519099946774,12.28454900046927,41.89092554588569
4299,9347.764254828837,9347.764409194,9347.764409194,9347.781881919,9347.794563907,0,COMPLETED,True,0.15436516332556494,17.472724999606726,12.681988000622368,30.30907816355466
4300,9347.769362513194,9347.769585386,9347.769585386,9347.789966006,9347.802353691,1,COMPLETED,True,0.22287280626187567,20.380619998832117,12.387685001158388,32.99117780625238
4301,9347.78019835863,9347.780399712,9347.780399712,9347.794868394,9347.807589766,0,COMPLETED,True,0.20135337035753764,14.468681998550892,12.721372000669362,27.39140736957779
4302,9347.783891370422,9347.784064084,9347.784064084,9347.802679906,9347.815196697,1,COMPLETED,True,0.17271357864956371,18.615822000356275,12.516790999143268,31.305326578149106
4303,9347.80275561602,9347.802946746,9347.802946746,9347.807871478,9347.821443533,0,COMPLETED,True,0.19112998052150942,4.924732000290533,13.572054998803651,18.687916979615693
4304,9347.806007205641,9347.806148659,9347.806148659,9347.815511425,9347.828131593,1,COMPLETED,True,0.14145335808279924,9.362766000776901,12.620167999557452,22.124387358417152
4305,9347.81535219022,9347.815513487,9347.815513487,9347.821770658,9347.834438099,0,COMPLETED,True,0.16129677896969952,6.257171000470407,12.66744100030337,19.085908779743477
4306,9347.81599454449,9347.816534376,9347.816534376,9347.828465657,9347.841256341,1,COMPLETED,True,0.5398315097409068,11.931281000215677,12.79068400071992,25.261796510676504
4307,9347.816356788919,9347.816636437,9347.816636437,9347.834736318,9347.84737223,0,COMPLETED,True,0.27964808214164805,18.09988099921611,12.63591200040537,31.01544108176313
4308,9347.83386344262,9347.833965873,9347.833965873,9347.841537008,9347.854349251,1,COMPLETED,True,0.102430380138685,7.571135000034701,12.812242999643786,20.485808379817172
4309,9347.843703993645,9347.84386804,9347.84386804,9347.8476685,9347.860262488,0,COMPLETED,True,0.16404635425715242,3.800460001002648,12.593987999935052,16.558494355194853
4310,9347.857599592548,9347.857689455,9347.857689455,9347.858194396,9347.870489051,1,COMPLETED,True,0.08986245302367024,0.5049409992352594,12.29465500000515,12.88945845226408
4311,9347.861050721354,9347.861151766,9347.861151766,9347.861534669,9347.87426938,0,COMPLETED,True,0.1010446449072333,0.38290300108201336,12.73471099921153,13.218658645200776
4312,9347.861631005486,9347.861766427,9347.861766427,9347.870790555,9347.883573321,1,COMPLETED,True,0.13542151464207564,9.024127999509801,12.782765999872936,21.942315514024813
4313,9347.866600036612,9347.866722094,9347.866722094,9347.87457503,9347.887043375,0,COMPLETED,True,0.1220573885802878,7.8529359998356085,12.468344999433612,20.443338387849508
4314,9347.8781479905,9347.878278078,9347.878278078,9347.88386816,9347.896597679,1,COMPLETED,True,0.13008750102017075,5.590081998889218,12.729519001368317,18.449688501277706
4315,9347.879129594676,9347.879239084,9347.879239084,9347.887355368,9347.899940323,0,COMPLETED,True,0.10948932504106779,8.116283999697771,12.58495499860146,20.8107283233403
4316,9347.894959834759,9347.89505376,9347.89505376,9347.896888013,9347.909214149,1,COMPLETED,True,0.09392524043505546,1.83425300019735,12.32613600041077,14.254314241043176
4317,9347.89508978592,9347.895126449,9347.895126449,9347.900293989,9347.913002533,0,COMPLETED,True,0.03666308111860417,5.167539999092696,12.708543999906396,17.912747080117697
4318,9347.904558810777,9347.904666553,9347.904666553,9347.909505307,9347.922346463,1,COMPLETED,True,0.10774222391773947,4.8387539991381345,12.841155999922194,17.787652222978068
4319,9347.908633814688,9347.90873866,9347.90873866,9347.913283689,9347.926017519,0,COMPLETED,True,0.10484531230758876,4.545028999928036,12.733829998978763,17.383704311214387
4320,9347.932212861235,9347.932302746,9347.932302746,9347.932758157,9347.946063682,1,COMPLETED,True,0.08988476474769413,0.4554110000754008,13.305525000760099,13.850820765583194
4321,9347.932999565048,9347.933124794,9347.933124794,9347.933487444,9347.946932574,0,COMPLETED,True,0.1252289530384587,0.36264999835111666,13.445130000036443,13.933008951426018
4322,9347.93396982276,9347.934089209,9347.934089209,9347.946325567,9347.958877531,1,COMPLETED,True,0.11938624083995819,12.236357999427128,12.551964000522275,24.90770824078936
4323,9347.935854085748,9347.935980217,9347.935980217,9347.947237704,9347.959421923,0,COMPLETED,True,0.1261312518181512,11.257486999966204,12.184219000118901,23.567837251903256
4324,9347.941669666103,9347.941814824,9347.941814824,9347.959176807,9347.97130494,1,COMPLETED,True,0.1451578973501455,17.361983000228065,12.128132999350782,29.635273896928993
4325,9347.944045984204,9347.944076491,9347.944076491,9347.959688901,9347.972212978,0,COMPLETED,True,0.03050679515581578,15.612410001267563,12.524076999397948,28.166993795821327
4326,9347.951330599491,9347.951457843,9347.951457843,9347.971607456,9347.983842607,1,COMPLETED,True,0.1272435092687374,20.149612999375677,12.235150999913458,32.51200750855787
4327,9347.96047293252,9347.960605656,9347.960605656,9347.972490613,9347.98435471,0,COMPLETED,True,0.1327234804193722,11.884956998983398,11.864097001307528,23.881777480710298
4328,9347.96532019208,9347.965419062,9347.965419062,9347.984130732,9347.996379848,1,COMPLETED,True,0.0988699212030042,18.71166999990237,12.249116000020877,31.05965592112625
4329,9347.970485283073,9347.970588189,9347.970588189,9347.984636268,9347.997128478,0,COMPLETED,True,0.102905927633401,14.048078999621794,12.492210000345949,26.643194927601144
4330,9347.986884039274,9347.986997186,9347.986997186,9347.996656041,9348.009375132,1,COMPLETED,True,0.11314672701701056,9.658854998633615,12.719091000690241,22.491092726340867
4331,9347.98877009704,9347.988885274,9347.988885274,9347.997440435,9348.009901752,0,COMPLETED,True,0.11517696111695841,8.555160999094369,12.461317000997951,21.13165496120928
4332,9347.995643790739,9347.995801816,9347.995801816,9348.009649469,9348.022092074,1,COMPLETED,True,0.15802526104380377,13.847653000993887,12.442604998796014,26.448283260833705
4333,9348.00315842932,9348.003372447,9348.003372447,9348.010176919,9348.022539455,0,COMPLETED,True,0.21401768026407808,6.804472001022077,12.36253599927295,19.381025680559105
4334,9348.00638025646,9348.006567913,9348.006567913,9348.022373066,9348.035076615,1,COMPLETED,True,0.18765654021990485,15.805152999746497,12.703549000434577,28.69635854040098
4335,9348.007653554883,9348.007783907,9348.007783907,9348.022720819,9348.035811852,0,COMPLETED,True,0.13035211668466218,14.936912000848679,13.091032999000163,28.158297116533504
4336,9348.012642740803,9348.01282671,9348.01282671,9348.035386718,9348.047806388,1,COMPLETED,True,0.18396919767837971,22.560007999345544,12.419669999871985,35.16364719689591
4337,9348.019441015442,9348.019567737,9348.019567737,9348.03613992,9348.047972965,0,COMPLETED,True,0.12672155753534753,16.57218299988017,11.833045000457787,28.531949557873304
4338,9348.038200973579,9348.038351098,9348.038351098,9348.048132635,9348.060456325,1,COMPLETED,True,0.15012442054285202,9.78153700089024,12.323689999902854,22.255351421335945
4339,9348.039853698168,9348.03998453,9348.03998453,9348.048283348,9348.060294878,0,COMPLETED,True,0.1308318314841017,8.298818000184838,12.011529999654158,20.441179831323097
4340,9348.040718082086,9348.040852514,9348.040852514,9348.060573933,9348.072498706,0,COMPLETED,True,0.13443191346595995,19.72141900114366,11.924772999918787,31.780623914528405
4341,9348.043786921084,9348.043919635,9348.043919635,9348.06068152,9348.072633143,1,COMPLETED,True,0.13271391617308836,16.76188500096032,11.951622998822131,28.84622191595554
4342,9348.045248210263,9348.045454366,9348.045454366,9348.072775601,9348.084451919,0,COMPLETED,True,0.20615573703253176,27.32123500027228,11.676317999445018,39.20370873674983
4343,9348.053565064658,9348.053740973,9348.053740973,9348.072859224,9348.084539035,1,COMPLETED,True,0.17590834249858744,19.1182509988721,11.679811001158669,30.973970342529356
4344,9348.053695724326,9348.053861866,9348.053861866,9348.084712925,9348.097193798,0,COMPLETED,True,0.16614167361694854,30.851059000269743,12.480872999731218,43.49807367361791
4345,9348.060795307118,9348.060938116,9348.060938116,9348.084780139,9348.097229688,1,COMPLETED,True,0.14280888171924744,23.842022999815526,12.449549001757987,36.43438088329276
4346,9348.06222420077,9348.06235036,9348.06235036,9348.097539351,9348.110116272,0,COMPLETED,True,0.12615922969416715,35.18899099981354,12.576921000800212,47.89207123030792
4347,9348.065227446225,9348.065360342,9348.065360342,9348.097572388,9348.109757935,1,COMPLETED,True,0.13289577509567607,32.21204600049532,12.185547000626684,44.53048877621768
4348,9348.074461452901,9348.07459496,9348.07459496,9348.109909497,9348.122377011,1,COMPLETED,True,0.13350709923543036,35.31453699906706,12.46751399958157,47.91555809788406
4349,9348.078298000075,9348.078427201,9348.078427201,9348.110422379,9348.122476166,0,COMPLETED,True,0.1292009255848825,31.995178000215674,12.053786998876603,44.17816592467716
4350,9348.082617563405,9348.082745489,9348.082745489,9348.122684385,9348.135182256,1,COMPLETED,True,0.12792559573426843,39.93889599951217,12.497870999141014,52.56469259438745
4351,9348.083977214124,9348.084170701,9348.084170701,9348.122776242,9348.136106132,0,COMPLETED,True,0.19348687601450365,38.605540999924415,13.329890000022715,52.12891787596163
4352,9348.085586806796,9348.085787633,9348.085787633,9348.135506169,9348.147767415,1,COMPLETED,True,0.2008262035815278,49.71853600000031,12.26124599998002,62.18060820356186
4353,9348.120303333197,9348.120502755,9348.120502755,9348.136372529,9348.14894482,0,COMPLETED,True,0.19942180369980633,15.869773998929304,12.572291001561098,28.641486804190208
4354,9348.121353750199,9348.121484383,9348.121484383,9348.148084307,9348.160782441,1,COMPLETED,True,0.13063280130154453,26.5999240000383,12.698133999947459,39.4286908012873
4355,9348.13382830571,9348.134001725,9348.134001725,9348.149238803,9348.161950875,0,COMPLETED,True,0.173419290149468,15.237077999699977,12.712071998976171,28.122569288825616
4356,9348.140215045345,9348.14035825,9348.14035825,9348.161076651,9348.173508533,1,COMPLETED,True,0.14320465561468154,20.71840099961264,12.43188199987344,33.29348765510076
4357,9348.156181639493,9348.156454071,9348.156454071,9348.162233548,9348.174734027,0,COMPLETED,True,0.2724315072555328,5.779477000032784,12.50047899884521,18.552387506133527
4358,9348.169355870476,9348.169533752,9348.169533752,9348.173804476,9348.18615287,1,COMPLETED,True,0.17788152399589308,4.270724000889459,12.34839399876364,16.796999523648992
4359,9348.189599247065,9348.18969093,9348.18969093,9348.190188628,9348.202845754,0,COMPLETED,True,0.091682933998527,0.4976979998900788,12.657126000704011,13.246506934592617
4360,9348.19851672772,9348.198601844,9348.198601844,9348.199174537,9348.21196938,1,COMPLETED,True,0.08511628038831986,0.5726929994125385,12.794842999937828,13.452652279738686
4361,9348.20561738769,9348.205713089,9348.205713089,9348.206297788,9348.219108902,0,COMPLETED,True,0.09570131078362465,0.5846989988640416,12.81111400021473,13.491514309862396
4362,9348.210904765796,9348.211021577,9348.211021577,9348.212329177,9348.224958269,1,COMPLETED,True,0.11681120486173313,1.3075999995635357,12.629091999770026,14.053503204195295
4363,9348.211745071038,9348.211827054,9348.211827054,9348.219456188,9348.231447085,0,COMPLETED,True,0.08198296200134791,7.629134001035709,11.990896999122924,19.70201396215998
4364,9348.21385897079,9348.213948081,9348.213948081,9348.225281907,9348.237362975,1,COMPLETED,True,0.08911020995583385,11.33382599982724,12.08106800004316,23.504004209826235
4365,9348.219026123565,9348.219213676,9348.219213676,9348.231765383,9348.243924623,0,COMPLETED,True,0.18755243581836112,12.551706999147427,12.159240000983118,24.898499435948906
4366,9348.220857924245,9348.221039194,9348.221039194,9348.237652479,9348.249773099,1,COMPLETED,True,0.18126975555787794,16.613284999039024,12.120620000132476,28.915174754729378
4367,9348.237615307848,9348.237852539,9348.237852539,9348.244287755,9348.25596497,0,COMPLETED,True,0.23723115191387478,6.435216000681976,11.677214999508578,18.34966215210443
4368,9348.251639768905,9348.251763763,9348.251763763,9348.252538916,9348.266795555,1,COMPLETED,True,0.12399409570207354,0.7751529992674477,14.256639000450377,15.155786095419899
4369,9348.266948548868,9348.267085051,9348.267085051,9348.267648824,9348.279825297,0,COMPLETED,True,0.13650213259097654,0.5637729991576634,12.176473001090926,12.876748132839566
4370,9348.273688155788,9348.273824233,9348.273824233,9348.274675409,9348.289097678,1,COMPLETED,True,0.13607721120934002,0.8511760006513214,14.422268999624066,15.409522211484727
4371,9348.285342564734,9348.285570735,9348.285570735,9348.286351279,9348.30062777,0,COMPLETED,True,0.2281702672917163,0.7805440000083763,14.276490999691305,15.285205266991397
4372,9348.293144756102,9348.293289673,9348.293289673,9348.293996993,9348.306460342,1,COMPLETED,True,0.1449168976250803,0.7073199994920287,12.46334900133661,13.315585898453719
4373,9348.29677156376,9348.296943322,9348.296943322,9348.300918116,9348.313232411,0,COMPLETED,True,0.17175823995785322,3.9747939990775194,12.314294999669073,16.460847238704446
4374,9348.303833090065,9348.304120597,9348.304120597,9348.30662944,9348.319259931,1,COMPLETED,True,0.28750693491019774,2.508842999304761,12.630491000891197,15.426840935106156
4375,9348.314112208527,9348.314289752,9348.314289752,9348.314962268,9348.331522932,0,COMPLETED,True,0.1775434720912017,0.672516000122414,16.560664000280667,17.410723472494283
4376,9348.314311114998,9348.314421688,9348.314421688,9348.319563109,9348.332128362,1,COMPLETED,True,0.11057300071115606,5.141421001098934,12.565253000502707,17.817247002312797
4377,9348.316565958157,9348.316599581,9348.316599581,9348.331812621,9348.352430603,0,COMPLETED,True,0.03362284223840106,15.213040000162437,20.617981999748736,35.86464484214957
4378,9348.324962534765,9348.325166273,9348.325166273,9348.332386605,9348.34452217,1,COMPLETED,True,0.2037382346316008,7.220331999633345,12.135565000789938,19.559635235054884
4379,9348.32572854762,9348.325856151,9348.325856151,9348.344808519,9348.357303083,1,COMPLETED,True,0.12760337995132431,18.95236800010025,12.494564000007813,31.574535380059388
4380,9348.326940670417,9348.327118429,9348.327118429,9348.35274745,9348.365376902,0,COMPLETED,True,0.17775858395907562,25.629020999986096,12.62945199960086,38.43623158354603
4381,9348.328601445526,9348.328733718,9348.328733718,9348.357612657,9348.370222225,1,COMPLETED,True,0.13227247472968884,28.878938999696402,12.609567998879356,41.62077947330545
4382,9348.329785835263,9348.329925044,9348.329925044,9348.3657407,9348.37876085,0,COMPLETED,True,0.13920873607276008,35.81565599961323,13.02015000146639,48.97501473715238
4383,9348.340476331177,9348.340689806,9348.340689806,9348.370555255,9348.382918604,1,COMPLETED,True,0.21347482288547326,29.865448999771615,12.363349000224844,42.44227282288193
4384,9348.341682102608,9348.341876984,9348.341876984,9348.379080768,9348.391833254,0,COMPLETED,True,0.19488139150780626,37.20378400066693,12.752485999953933,50.15115139212867
4385,9348.35913673445,9348.359296903,9348.359296903,9348.383235877,9348.396190898,1,COMPLETED,True,0.1601685489731608,23.938973999975133,12.95502100037993,37.05416354932822
4386,9348.362004614182,9348.36227771,9348.36227771,9348.392138241,9348.404876828,0,COMPLETED,True,0.27309581855661236,29.860530999940238,12.738587000058033,42.87221381855488
4387,9348.36207534624,9348.362426026,9348.362426026,9348.396488999,9348.409054444,1,COMPLETED,True,0.3506797602312872,34.06297299989092,12.56544500029122,46.979097760413424
4388,9348.365643069308,9348.365978287,9348.365978287,9348.405176224,9348.417972467,0,COMPLETED,True,0.33521769182698335,39.19793699969887,12.796242999684182,52.32939769121003
4389,9348.370057942879,9348.370253074,9348.370253074,9348.409353877,9348.421655189,1,COMPLETED,True,0.19513112056301907,39.10080300011032,12.301312001000042,51.59724612167338
4390,9348.388883630616,9348.389047913,9348.389047913,9348.418240976,9348.43089632,0,COMPLETED,True,0.16428238450316712,29.193062999183894,12.655344000449986,42.01268938413705
4391,9348.394016689594,9348.394116667,9348.394116667,9348.421961017,9348.434782549,1,COMPLETED,True,0.09997740562539548,27.84435000103258,12.821532000089064,40.76585940674704
4392,9348.402303559002,9348.402520076,9348.402520076,9348.431193452,9348.4439776,0,COMPLETED,True,0.21651699898939114,28.67337599855091,12.784148000719142,41.67404099825944
4393,9348.414761867862,9348.414928033,9348.414928033,9348.434967617,9348.448046389,1,COMPLETED,True,0.16616513858025428,20.03958400018746,13.078771999062155,33.28452113782987
4394,9348.415880383465,9348.416096529,9348.416096529,9348.444276235,9348.456919853,0,COMPLETED,True,0.21614553406834602,28.179706001537852,12.64361799985636,41.03946953546256
4395,9348.42833788742,9348.428446441,9348.428446441,9348.448310312,9348.461015497,1,COMPLETED,True,0.10855357868422288,19.86387100077991,12.705184999504127,32.67760957896826
4396,9348.439558476444,9348.439659903,9348.439659903,9348.457214352,9348.46986399,0,COMPLETED,True,0.10142655628442299,17.55444899936265,12.649637999857077,30.30551355550415
4397,9348.439978941798,9348.440484991,9348.440484991,9348.46134807,9348.473629968,1,COMPLETED,True,0.506049202158465,20.863079000264406,12.281897999855573,33.651026202278445
4398,9348.445670934907,9348.445765545,9348.445765545,9348.470215821,9348.483044691,0,COMPLETED,True,0.09461009358346928,24.450275999697624,12.828869999793824,37.37375609307492
4399,9348.45146918552,9348.45158338,9348.45158338,9348.473937027,9348.486235313,1,COMPLETED,True,0.1141944794653682,22.35364700027276,12.2982859993499,34.76612747908803
4400,9348.45932896215,9348.459481651,9348.459481651,9348.483332283,9348.495786297,0,COMPLETED,True,0.152688849993865,23.85063200017612,12.454014000468305,36.45733485063829
4401,9348.461571589409,9348.461786391,9348.461786391,9348.486544267,9348.498818257,1,COMPLETED,True,0.2148015919374302,24.757875999057433,12.27398999981233,37.24666759080719
4402,9348.470678949308,9348.470788141,9348.470788141,9348.496131378,9348.510872704,0,COMPLETED,True,0.10919169108092319,25.343237000925,14.741326000148547,40.19375469215447
4403,9348.472623278903,9348.472724945,9348.472724945,9348.499138173,9348.511869708,1,COMPLETED,True,0.10166609717998654,26.41322799900081,12.731535000057193,39.24642909623799
4404,9348.472664629593,9348.472780196,9348.472780196,9348.511253015,9348.524098936,0,COMPLETED,True,0.11556640674825758,38.47281900016242,12.84592100091686,51.434306407827535
4405,9348.474762174026,9348.474950397,9348.474950397,9348.512184035,9348.524583894,1,COMPLETED,True,0.18822297352016903,37.23363800054358,12.399859000652214,49.82171997471596
4406,9348.513294900673,9348.513448822,9348.513448822,9348.524450549,9348.53696034,0,COMPLETED,True,0.15392132627312094,11.001727001712425,12.509790998592507,23.665439326578053
4407,9348.536845136558,9348.53698586,9348.53698586,9348.537687829,9348.550363709,1,COMPLETED,True,0.14072344310989138,0.7019690001470735,12.675879999733297,13.518572442990262
4408,9348.549530619295,9348.549762741,9348.549762741,9348.550548366,9348.563355479,0,COMPLETED,True,0.23212170526676346,0.7856249994802056,12.807113000235404,13.824859704982373
4409,9348.5533769901,9348.553540433,9348.553540433,9348.554224215,9348.566884793,1,COMPLETED,True,0.16344290088454727,0.683782000123756,12.660577998758527,13.50780289976683
4410,9348.557886293882,9348.557990898,9348.557990898,9348.563634614,9348.576606854,0,COMPLETED,True,0.10460411795065738,5.643716000122367,12.972239999726298,18.720560117799323
4411,9348.55826637648,9348.558526502,9348.558526502,9348.567032345,9348.579936648,1,COMPLETED,True,0.26012552007159684,8.505842999511515,12.904303001050721,21.670271520633833
4412,9348.563357697763,9348.563488312,9348.563488312,9348.576905972,9348.589495464,0,COMPLETED,True,0.13061423669569194,13.417660000413889,12.58949200018833,26.13776623729791
4413,9348.571014996862,9348.571162265,9348.571162265,9348.580263726,9348.592549048,1,COMPLETED,True,0.1472681378800189,9.10146100068232,12.28532200002519,21.53405113858753
4414,9348.574036085267,9348.574184332,9348.574184332,9348.589794338,9348.60266206,0,COMPLETED,True,0.14824673235125374,15.610006001224974,12.867722000009962,28.62597473358619
4415,9348.588717697761,9348.588929462,9348.588929462,9348.592826899,9348.605191833,1,COMPLETED,True,0.21176423797442112,3.897436999977799,12.364934000288486,16.474135238240706
4416,9348.591398226596,9348.591533081,9348.591533081,9348.602813477,9348.615160739,0,COMPLETED,True,0.13485440467775334,11.280396000074688,12.347261999821058,23.7625124045735
4417,9348.591429281703,9348.591717686,9348.591717686,9348.605494646,9348.617971033,1,COMPLETED,True,0.288404296952649,13.776960000541294,12.476386998969247,26.54175129646319
4418,9348.592866190835,9348.593012464,9348.593012464,9348.615478399,9348.62791565,0,COMPLETED,True,0.14627316522819456,22.46593500058225,12.437250999937532,35.049459165747976
4419,9348.621219716624,9348.621326446,9348.621326446,9348.621940687,9348.634776365,1,COMPLETED,True,0.10672937605704647,0.6142410002212273,12.835677998737083,13.556648375015357
4420,9348.624926905235,9348.625027377,9348.625027377,9348.628262641,9348.64087845,0,COMPLETED,True,0.10047176510852296,3.235263999158633,12.615809000635636,15.951544764902792
4421,9348.628256369826,9348.628439686,9348.628439686,9348.635078243,9348.647491087,1,COMPLETED,True,0.18331617320654914,6.6385570007696515,12.412844000209589,19.23471717418579
4422,9348.637527218716,9348.637676251,9348.637676251,9348.64120758,9348.653495933,0,COMPLETED,True,0.14903228475304786,3.531328999088146,12.288353000258212,15.968714284099406
4423,9348.64895425815,9348.649092171,9348.649092171,9348.649887369,9348.662591953,1,COMPLETED,True,0.13791284982289653,0.795198000560049,12.704583999948227,13.637694850331172
4424,9348.676022133599,9348.676181179,9348.676181179,9348.676956823,9348.689587604,0,COMPLETED,True,0.15904540123301558,0.7756439990771469,12.630781000552815,13.565470400862978
4425,9348.68492953079,9348.685075978,9348.685075978,9348.685914332,9348.700654099,1,COMPLETED,True,0.14644721159129404,0.8383539989154087,14.73976700071944,15.724568211226142
4426,9348.690331466658,9348.690425727,9348.690425727,9348.690761787,9348.703535539,0,COMPLETED,True,0.09426034193893429,0.3360600003361469,12.773751999702654,13.204072341977735
4427,9348.696908788852,9348.697010156,9348.697010156,9348.700869473,9348.71420206,1,COMPLETED,True,0.10136714809050318,3.859316999296425,13.332587001059437,17.293271148446365
4428,9348.711558352587,9348.711735488,9348.711735488,9348.712463271,9348.725455915,0,COMPLETED,True,0.17713541274133604,0.727783000911586,12.992644000405562,13.897562414058484
4429,9348.728207159145,9348.728364571,9348.728364571,9348.728914078,9348.741091133,1,COMPLETED,True,0.15741185416118242,0.5495069999597035,12.177055001302506,12.883973855423392
4430,9348.72831546319,9348.7284926,9348.7284926,9348.728992482,9348.741177896,0,COMPLETED,True,0.17713680972519796,0.499882000440266,12.185413999759476,12.86243280992494
4431,9348.731712961828,9348.73187161,9348.73187161,9348.741468791,9348.753730792,1,COMPLETED,True,0.15864817214605864,9.597181000572164,12.262000998816802,22.017830171535024
4432,9348.734052470842,9348.734182737,9348.734182737,9348.741506028,9348.753694245,0,COMPLETED,True,0.13026615852140822,7.323290999920573,12.1882170005847,19.64177415902668
4433,9348.736765347987,9348.736907732,9348.736907732,9348.753888616,9348.766419267,0,COMPLETED,True,0.14238401308830362,16.980884000076912,12.530650999906356,29.653919013071572
4434,9348.75786429175,9348.758124299,9348.758124299,9348.758781552,9348.771312921,1,COMPLETED,True,0.2600072493805783,0.6572530000994448,12.531369000498671,13.448629249978694
4435,9348.75983487162,9348.760113837,9348.760113837,9348.766699979,9348.779133812,0,COMPLETED,True,0.2789653790387092,6.586142000742257,12.433833000613959,19.298940380394924
4436,9348.76417909915,9348.764348594,9348.764348594,9348.771618207,9348.783314858,1,COMPLETED,True,0.16949485143413767,7.269612999152741,11.696650999510894,19.135758850097773
4437,9348.792235862013,9348.792492888,9348.792492888,9348.793168129,9348.805730811,0,COMPLETED,True,0.25702598759380635,0.6752409990440356,12.562682000861969,13.49494898749981
4438,9348.816291435309,9348.816444133,9348.816444133,9348.817189791,9348.829463408,1,COMPLETED,True,0.15269769028236624,0.7456580005964497,12.273616999664227,13.171972690543043
4439,9348.830427893954,9348.830576846,9348.830576846,9348.831324815,9348.844081175,0,COMPLETED,True,0.14895204549247865,0.7479690011678031,12.756359999912092,13.653281046572374
4440,9348.837086531528,9348.837108419,9348.837108419,9348.837934327,9348.850483534,1,COMPLETED,True,0.021887472030357458,0.8259080004791031,12.549207000120077,13.397002472629538
4441,9348.837972954761,9348.838109327,9348.838109327,9348.844393235,9348.856529081,0,COMPLETED,True,0.13637223855766933,6.283908000114025,12.135846000091988,18.55612623876368
4442,9348.843731558092,9348.84393675,9348.84393675,9348.850840629,9348.863255964,1,COMPLETED,True,0.20519190729828551,6.903879000674351,12.41533499887737,19.524405906850006
4443,9348.856265836279,9348.856408325,9348.856408325,9348.857140789,9348.869040186,0,COMPLETED,True,0.14248872139432933,0.7324639991566073,11.899397000888712,12.774349721439648
4444,9348.86366329139,9348.863826206,9348.863826206,9348.864479793,9348.876545301,1,COMPLETED,True,0.16291460997308604,0.6535869997605914,12.065508000887348,12.882009610621026
4445,9348.866760625546,9348.866889321,9348.866889321,9348.869324674,9348.881441105,0,COMPLETED,True,0.12869545389548875,2.4353530006919755,12.116431000322336,14.6804794549098
4446,9348.88040903443,9348.880564431,9348.880564431,9348.881235036,9348.893325903,1,COMPLETED,True,0.15539657033514231,0.6706050007778686,12.090866999642458,12.916868570755469
4447,9348.892767003726,9348.892920697,9348.892920697,9348.893632345,9348.906065063,0,COMPLETED,True,0.15369327411463019,0.7116479991964297,12.432718000127352,13.298059273438412
4448,9348.897555505722,9348.897692717,9348.897692717,9348.898549166,9348.910577814,1,COMPLETED,True,0.13721127834287472,0.8564489999116631,12.028647999613895,13.022308277868433
4449,9348.898141543383,9348.89845043,9348.89845043,9348.906378245,9348.918154721,0,COMPLETED,True,0.30888661785866134,7.927814998765825,11.776475999795366,20.013177616419853
4450,9348.902364290736,9348.902632423,9348.902632423,9348.910848682,9348.923007282,1,COMPLETED,True,0.2681322639546124,8.216259000619175,12.158599998656427,20.642991263230215
4451,9348.90326856851,9348.903474691,9348.903474691,9348.918453318,9348.930900741,0,COMPLETED,True,0.20612248954421375,14.978626999436528,12.447422999684932,27.632172488665674
4452,9348.922642695978,9348.922810162,9348.922810162,9348.923337597,9348.935442909,1,COMPLETED,True,0.16746602159400936,0.5274350005493034,12.105312000130652,12.800213022273965
4453,9348.984967996685,9348.985055816,9348.985055816,9348.985816185,9348.996655014,0,COMPLETED,True,0.08781931501289364,0.7603690010000719,10.838828999112593,11.687017315125559
4454,9348.986921900203,9348.987068366,9348.987068366,9348.988206176,9349.002857154,1,COMPLETED,True,0.14646579620603006,1.137810000727768,14.65097800064541,15.935253797579207
4455,9349.012231600578,9349.012369463,9349.012369463,9349.013162599,9349.025834984,0,COMPLETED,True,0.13786242197966203,0.7931359996291576,12.672385000769282,13.603383422378101
4456,9349.015749937082,9349.015875272,9349.015875272,9349.016573258,9349.031249075,1,COMPLETED,True,0.12533491826616228,0.6979860008868854,14.675816999442759,15.499137918595807
4457,9349.022768737463,9349.022911653,9349.022911653,9349.026339329,9349.037841688,0,COMPLETED,True,0.14291553816292435,3.4276759997737827,11.502358998768614,15.07295053670532
4458,9349.026721978913,9349.02687206,9349.02687206,9349.031765748,9349.045423432,1,COMPLETED,True,0.15008108675829135,4.893688001175178,13.657683999554138,18.701453087487607
4459,9349.031737898771,9349.03190677,9349.03190677,9349.038001464,9349.047114578,0,COMPLETED,True,0.168871229107026,6.0946939993300475,9.113113999774214,15.376679228211287
4460,9349.033020635461,9349.033167118,9349.033167118,9349.045815975,9349.058123015,1,COMPLETED,True,0.1464825381845003,12.64885700038576,12.307040000450797,25.102379539021058
4461,9349.03431408705,9349.034512529,9349.034512529,9349.047466421,9349.056205558,0,COMPLETED,True,0.19844195048790425,12.953891999131883,8.739136999793118,21.891470949412906
4462,9349.044455622878,9349.044660286,9349.044660286,9349.056557223,9349.065182052,0,COMPLETED,True,0.20466312162170652,11.896937001438346,8.624828999018064,20.726429122078116
4463,9349.063253128035,9349.063397583,9349.063397583,9349.0641726,9349.076493296,1,COMPLETED,True,0.14445496526604984,0.7750169988867128,12.320695999733289,13.240167963886051
4464,9349.095671180383,9349.095830592,9349.095830592,9349.096554646,9349.105458748,0,COMPLETED,True,0.15941161655064207,0.7240539998747408,8.904102000087732,9.787567616513115
4465,9349.095792407788,9349.095959885,9349.095959885,9349.096692362,9349.109658579,1,COMPLETED,True,0.16747721201681998,0.7324769994738745,12.966217000212055,13.86617121170275
4466,9349.098322937863,9349.098453156,9349.098453156,9349.105845408,9349.1151937,0,COMPLETED,True,0.1302181372011546,7.392251998680877,9.348292000140646,16.870762136022677
4467,9349.111497787262,9349.111658504,9349.111658504,9349.112461595,9349.127166793,1,COMPLETED,True,0.1607167378097074,0.803090999397682,14.705198000228847,15.669005737436237
4468,9349.118926421343,9349.119163498,9349.119163498,9349.119576119,9349.132437551,0,COMPLETED,True,0.23707665786787402,0.4126209987589391,12.86143200013612,13.511129656762932
4469,9349.129774452993,9349.130029503,9349.130029503,9349.130701863,9349.144852643,1,COMPLETED,True,0.25505000667180866,0.6723599999531871,14.150779999908991,15.078190006533987
4470,9349.143034191977,9349.143106016,9349.143106016,9349.143715549,9349.152680175,0,COMPLETED,True,0.07182402259786613,0.6095330008974997,8.964626000306453,9.645983023801818
4471,9349.150108984628,9349.150228915,9349.150228915,9349.150786068,9349.163401672,1,COMPLETED,True,0.1199303715111455,0.5571530000452185,12.615604000529856,13.29268737208622
4472,9349.161365240136,9349.161442922,9349.161442922,9349.162191662,9349.171060692,0,COMPLETED,True,0.07768186515022535,0.7487399998353794,8.869029999914346,9.695451864899951
4473,9349.176559103329,9349.176733937,9349.176733937,9349.177446854,9349.189489773,1,COMPLETED,True,0.17483367082604673,0.7129170007829089,12.042918999213725,12.930669670822681
4474,9349.18764394578,9349.187749385,9349.187749385,9349.188297407,9349.197884863,0,COMPLETED,True,0.1054392214427935,0.5480219988385215,9.587456001099781,10.240917221381096
4475,9349.188590853211,9349.188740057,9349.188740057,9349.18966204,9349.202341979,1,COMPLETED,True,0.14920378816896118,0.9219830008078134,12.679939000008744,13.751125788985519
4476,9349.24914747716,9349.249315579,9349.249315579,9349.249864833,9349.259849151,0,COMPLETED,True,0.1681018402450718,0.5492540003615431,9.984317999624182,10.701673840230796
4477,9349.253334145105,9349.253435005,9349.253435005,9349.253913349,9349.268634253,1,COMPLETED,True,0.10085989379149396,0.4783440017490648,14.720903998750146,15.300107894290704
4478,9349.254149110306,9349.254240839,9349.254240839,9349.260194773,9349.269904244,0,COMPLETED,True,0.09172869431495201,5.953933999990113,9.709470999951009,15.755133694256074
4479,9349.255475951344,9349.255559613,9349.255559613,9349.268918399,9349.281674053,1,COMPLETED,True,0.08366165639017709,13.358786000026157,12.755653999192873,26.198101655609207
4480,9349.258483427198,9349.258563934,9349.258563934,9349.270247544,9349.279158269,0,COMPLETED,True,0.08050680116866715,11.683610000545741,8.910725000532693,20.6748418022471
4481,9349.260144001573,9349.260312258,9349.260312258,9349.279525607,9349.288805868,0,COMPLETED,True,0.16825642705953214,19.213348999983282,9.280260999730672,28.661866426773486
4482,9349.263313987403,9349.263395411,9349.263395411,9349.282013686,9349.294898966,1,COMPLETED,True,0.08142359729390591,18.618274998516426,12.885280000773491,31.584978596583824
4483,9349.289864396329,9349.290036442,9349.290036442,9349.29061394,9349.302824954,0,COMPLETED,True,0.17204567120643333,0.5774979999841889,12.21101400005864,12.960557671249262
4484,9349.299215684478,9349.299356332,9349.299356332,9349.299723339,9349.31255501,1,COMPLETED,True,0.14064752213016618,0.3670070000225678,12.831670999730704,13.339325521883438
4485,9349.30499306453,9349.305197162,9349.305197162,9349.30587832,9349.319232356,0,COMPLETED,True,0.20409747048688587,0.6811579987697769,13.354036000237102,14.239291469493764
4486,9349.313221692024,9349.313355421,9349.313355421,9349.313964338,9349.328469125,1,COMPLETED,True,0.13372897592489608,0.6089170001359889,14.504786999168573,15.247432975229458
4487,9349.31342898986,9349.313435553,9349.313435553,9349.319576181,9349.332114215,0,COMPLETED,True,0.00656313932267949,6.140628000139259,12.53803399958997,18.68522513905191
4488,9349.313826260828,9349.313968915,9349.313968915,9349.328934506,9349.343311001,1,COMPLETED,True,0.14265417121350765,14.965591000873246,14.37649499894178,29.484740171028534
4489,9349.319917077632,9349.320065487,9349.320065487,9349.332480882,9349.343903522,0,COMPLETED,True,0.14840936819382478,12.415395000061835,11.422640000091633,23.986444368347293
4490,9349.32535495716,9349.325482069,9349.325482069,9349.343785462,9349.358331084,1,COMPLETED,True,0.12711183990177233,18.303393000678625,14.545621999786817,32.976126840367215
4491,9349.341656383609,9349.341780409,9349.341780409,9349.344276001,9349.35609446,0,COMPLETED,True,0.12402539141476154,2.4955919998319587,11.818458999186987,14.438076390433707
4492,9349.348061467168,9349.348159445,9349.348159445,9349.356448271,9349.367505562,0,COMPLETED,True,0.0979778324108338,8.288826000352856,11.05729099981545,19.44409483257914
4493,9349.359270875872,9349.359377448,9349.359377448,9349.35990331,9349.374069247,1,COMPLETED,True,0.10657212806108873,0.5258620003587566,14.165937000143458,14.798371128563304
4494,9349.360430688093,9349.360531965,9349.360531965,9349.367901639,9349.378902476,0,COMPLETED,True,0.10127690620720387,7.369674000074156,11.00083700112009,18.47178790740145
4495,9349.36211719839,9349.362234884,9349.362234884,9349.374543261,9349.388954525,1,COMPLETED,True,0.11768560943892226,12.30837699949916,14.41126400095527,26.837326609893353
4496,9349.36636363939,9349.366494667,9349.366494667,9349.379229806,9349.390282932,0,COMPLETED,True,0.13102760931360535,12.735139000142226,11.0531259997515,23.919292609207332
4497,9349.369709407869,9349.369967287,9349.369967287,9349.389470926,9349.403793339,1,COMPLETED,True,0.25787913182284683,19.50363899959484,14.322412998808431,34.08393113022612
4498,9349.370868735225,9349.370998584,9349.370998584,9349.390601,9349.402176288,0,COMPLETED,True,0.12984877503186,19.602415999543155,11.575288001040462,31.307552775615477
4499,9349.387411573694,9349.387557894,9349.387557894,9349.402593525,9349.411942157,0,COMPLETED,True,0.14632030615757685,15.035630998681881,9.348632000182988,24.530583305022446
4500,9349.404135287696,9349.404246395,9349.404246395,9349.404653194,9349.417453673,1,COMPLETED,True,0.1111073052015854,0.40679899939277675,12.80047900036152,13.318385304955882
4501,9349.409115573677,9349.409202719,9349.409202719,9349.41233476,9349.421640218,0,COMPLETED,True,0.08714532305020839,3.132040999844321,9.30545800110849,12.52464432400302
4502,9349.414686081487,9349.414773305,9349.414773305,9349.417614458,9349.430426012,1,COMPLETED,True,0.08722351230971981,2.8411530001903884,12.811554001018521,15.73993051351863
4503,9349.429099054087,9349.429194791,9349.429194791,9349.429563635,9349.439885512,0,COMPLETED,True,0.09573691386322025,0.3688439992401982,10.32187700002396,10.786457913127379
4504,9349.436818945984,9349.436932331,9349.436932331,9349.437340883,9349.450314623,1,COMPLETED,True,0.11338501644786447,0.40855199949874077,12.973740000234102,13.495677016180707
4505,9349.438026409722,9349.438175361,9349.438175361,9349.440274187,9349.449409531,0,COMPLETED,True,0.14895127787895035,2.09882600029232,9.135344000242185,11.383121278413455
4506,9349.441859841316,9349.441961272,9349.441961272,9349.449748255,9349.458893562,0,COMPLETED,True,0.10143068357137963,7.78698300018732,9.145306999926106,17.033720683684805
4507,9349.457835789242,9349.457988805,9349.457988805,9349.458650536,9349.472253767,1,COMPLETED,True,0.15301575695048086,0.6617310009460198,13.603231000161031,14.417977758057532
4508,9349.478458729369,9349.478546022,9349.478546022,9349.479225691,9349.488529985,0,COMPLETED,True,0.08729263026907574,0.6796690013288753,9.304293998866342,10.071255630464293
4509,9349.484160164558,9349.48424915,9349.48424915,9349.48491898,9349.497526808,1,COMPLETED,True,0.08898544183466583,0.6698300003336044,12.60782799909066,13.36664344125893
4510,9349.484468728502,9349.48475548,9349.48475548,9349.488874166,9349.498379132,0,COMPLETED,True,0.2867514976969687,4.118685999856098,9.504965999440174,13.91040349699324
4511,9349.48652858139,9349.486695504,9349.486695504,9349.497905582,9349.510705718,1,COMPLETED,True,0.16692260942363646,11.210078000658541,12.800135998986661,24.17713660906884
4512,9349.494127795382,9349.494281611,9349.494281611,9349.498695091,9349.507889898,0,COMPLETED,True,0.15381561752292328,4.413480000948766,9.194806998493732,13.762102616965421
4513,9349.49439077087,9349.494413695,9349.494413695,9349.508285297,9349.517404312,0,COMPLETED,True,0.022924130462342873,13.87160200101789,9.119014999669162,23.013541131149395
4514,9349.49650369849,9349.496581156,9349.496581156,9349.51104792,9349.523388041,1,COMPLETED,True,0.0774575091782026,14.466763999735122,12.34012100030668,26.884342509220005
4515,9349.499427279628,9349.499590676,9349.499590676,9349.517776994,9349.527340176,0,COMPLETED,True,0.16339637113560457,18.18631800051662,9.563182000420056,27.912896372072282
4516,9349.5026449536,9349.502892368,9349.502892368,9349.523685846,9349.536318206,1,COMPLETED,True,0.24741440029174555,20.793477999177412,12.632359999770415,33.67325239923957
4517,9349.518102009342,9349.518261399,9349.518261399,9349.527677094,9349.53669656,0,COMPLETED,True,0.15938965771056246,9.415694999916013,9.0194660006091,18.594550658235676
4518,9349.519247380878,9349.519378517,9349.519378517,9349.536605637,9349.549372484,1,COMPLETED,True,0.13113612112647388,17.22712000082538,12.766846999511472,30.125103121463326
4519,9349.519624409866,9349.520076621,9349.520076621,9349.537026251,9349.545989228,0,COMPLETED,True,0.45221113396110013,16.949630000453908,8.962976999100647,26.364818133515655
4520,9349.5240070107,9349.524123933,9349.524123933,9349.54636593,9349.555315286,0,COMPLETED,True,0.1169223014585441,22.241996999582625,8.94935599899327,31.30827530003444
4521,9349.53847289269,9349.53864311,9349.53864311,9349.549671713,9349.562113315,1,COMPLETED,True,0.1702173103694804,11.028603001250303,12.441601998943952,23.640422310563736
4522,9349.538640333354,9349.538773759,9349.538773759,9349.555709537,9349.56450244,0,COMPLETED,True,0.13342564670892898,16.935777999606216,8.792902999630314,25.86210664594546
4523,9349.538903674797,9349.539426201,9349.539426201,9349.56242912,9349.575033242,1,COMPLETED,True,0.5225262029853184,23.002919000646216,12.604121999174822,36.129567202806356
4524,9349.571815241487,9349.571974736,9349.571974736,9349.572706133,9349.581546312,0,COMPLETED,True,0.15949451335472986,0.7313969999813708,8.840178999889758,9.731070513225859
4525,9349.574211891975,9349.574277039,9349.574277039,9349.57532683,9349.587345476,1,COMPLETED,True,0.0651470254524611,1.0497909988771426,12.018646000797162,13.133584025126765
4526,9349.582256038699,9349.582401688,9349.582401688,9349.583013572,9349.591492871,0,COMPLETED,True,0.14564930097549222,0.6118840010458371,8.479299000100582,9.236832302121911
4527,9349.596262524454,9349.596350621,9349.596350621,9349.596941474,9349.609181853,1,COMPLETED,True,0.08809654536889866,0.5908530001761392,12.240379001013935,12.919328546558972
4528,9349.617678920491,9349.617701104,9349.617701104,9349.618610453,9349.62772399,0,COMPLETED,True,0.02218350891780574,0.9093490007217042,9.11353699848405,10.04506950812356
4529,9349.622412056962,9349.622497434,9349.622497434,9349.623205954,9349.637778196,1,COMPLETED,True,0.08537703797628637,0.7085199995344738,14.57224200021301,15.36613903772377
4530,9349.62325250333,9349.623335196,9349.623335196,9349.627877186,9349.637779416,0,COMPLETED,True,0.08269266982097179,4.5419899997796165,9.902230000079726,14.526912669680314
4531,9349.63615744244,9349.636343271,9349.636343271,9349.638058766,9349.646703178,0,COMPLETED,True,0.18582855955173727,1.7154950000985991,8.644411998830037,10.545735558480374
4532,9349.63773869642,9349.637926537,9349.637926537,9349.638630977,9349.652332478,1,COMPLETED,True,0.18784058011078741,0.7044400008453522,13.701500998649863,14.593781579606002
4533,9349.673013670217,9349.673130504,9349.673130504,9349.673973995,9349.683309896,0,COMPLETED,True,0.11683378215820994,0.8434910014329944,9.335900998848956,10.29622578244016
4534,9349.67399212074,9349.67410598,9349.67410598,9349.674633029,9349.688208232,1,COMPLETED,True,0.11385925972717814,0.5270490000839345,13.575203000073088,14.216111259884201
4535,9349.675565933985,9349.675731912,9349.675731912,9349.683669775,9349.693015213,0,COMPLETED,True,0.1659780155023327,7.937862999824574,9.345438000309514,17.44927901563642
4536,9349.681068236789,9349.681230978,9349.681230978,9349.688363654,9349.701147161,1,COMPLETED,True,0.16274121117021423,7.132676000765059,12.783506999767269,20.078924211702542
4537,9349.688546356972,9349.688661894,9349.688661894,9349.693383302,9349.702360073,0,COMPLETED,True,0.11553702825040091,4.721407998658833,8.976771001471207,13.81371602838044
4538,9349.694045147353,9349.694247993,9349.694247993,9349.701497299,9349.713705365,1,COMPLETED,True,0.20284564743633382,7.2493059997214,12.208066000312101,19.660217647469835
4539,9349.71225497033,9349.712387805,9349.712387805,9349.713009125,9349.722375699,0,COMPLETED,True,0.13283466978464276,0.6213199994817842,9.366574000523542,10.120728669789969
4540,9349.715313371718,9349.71546184,9349.71546184,9349.716043066,9349.72849709,1,COMPLETED,True,0.14846828162262682,0.5812260005768621,12.454023999453057,13.183718281652546
4541,9349.724571052266,9349.724708634,9349.724708634,9349.725184327,9349.73446411,0,COMPLETED,True,0.13758173372480087,0.47569300113536883,9.27978300023824,9.89305773509841
4542,9349.727254161082,9349.727338776,9349.727338776,9349.728767455,9349.741370858,1,COMPLETED,True,0.08461491779598873,1.4286790010373807,12.603402999957325,14.116696918790694
4543,9349.730415444636,9349.730499857,9349.730499857,9349.734816321,9349.744181682,0,COMPLETED,True,0.08441236423095688,4.316464001021814,9.36536099834484,13.766237363597611
4544,9349.734957909914,9349.735146905,9349.735146905,9349.741747843,9349.754070912,1,COMPLETED,True,0.18899508722824976,6.600937998882728,12.323069000558462,19.11300208666944
4545,9349.749858657246,9349.749948,9349.749948,9349.750596075,9349.761040664,0,COMPLETED,True,0.08934275501815137,0.648074999844539,10.444588999234838,11.182006754097529
4546,9349.765034403646,9349.765119689,9349.765119689,9349.765791021,9349.778507307,1,COMPLETED,True,0.08528535363439005,0.6713319999107625,12.716286000795662,13.472903354340815
4547,9349.773488633768,9349.773592569,9349.773592569,9349.774348911,9349.783329758,0,COMPLETED,True,0.10393523189122789,0.756342000386212,8.98084700020263,9.84112423248007
4548,9349.775712163864,9349.775838332,9349.775838332,9349.778786746,9349.791046554,1,COMPLETED,True,0.1261681354662869,2.9484139995474834,12.259808001545025,15.334390136558795
4549,9349.787780842296,9349.78793549,9349.78793549,9349.788531411,9349.797487763,0,COMPLETED,True,0.1546477033116389,0.5959210011496907,8.956351999586332,9.706920704047661
4550,9349.788847872558,9349.789021139,9349.789021139,9349.791339923,9349.803898548,1,COMPLETED,True,0.17326644228887744,2.3187839997262927,12.558624999655876,15.050675441671046
4551,9349.791205346231,9349.79174388,9349.79174388,9349.797879645,9349.807119,0,COMPLETED,True,0.5385337681218516,6.135765001090476,9.239354998499039,15.913653767711367
4552,9349.800966686005,9349.80114949,9349.80114949,9349.804241855,9349.816778505,1,COMPLETED,True,0.18280399490322452,3.0923649992473656,12.53664999967441,15.811818993825
4553,9349.8149633176,9349.815051591,9349.815051591,9349.815810361,9349.82834452,0,COMPLETED,True,0.08827340025163721,0.7587700001749909,12.534158999187639,13.381202399614267
4554,9349.82336869901,9349.823458858,9349.823458858,9349.823977271,9349.836606013,1,COMPLETED,True,0.0901589901332045,0.5184130004636245,12.628741998923942,13.237313989520771
4555,9349.832428141282,9349.832515826,9349.832515826,9349.833168636,9349.845076397,0,COMPLETED,True,0.08768471707298886,0.6528100002469728,11.907760999747552,12.648255717067514
4556,9349.838728720186,9349.838827967,9349.838827967,9349.839203555,9349.851558685,1,COMPLETED,True,0.0992468139884295,0.3755880006792722,12.355130000287318,12.82996481495502
4557,9349.847436531867,9349.847590321,9349.847590321,9349.848256344,9349.857359801,0,COMPLETED,True,0.15378913303720765,0.6660229992121458,9.103457001401694,9.923269133651047
4558,9349.847588465858,9349.847720466,9349.847720466,9349.851946166,9349.864945842,1,COMPLETED,True,0.13200014109315816,4.2257000004610745,12.99967600061791,17.357376142172143
4559,9349.868867451258,9349.868985584,9349.868985584,9349.869604317,9349.878696289,0,COMPLETED,True,0.11813274250016548,0.618733000010252,9.091972000533133,9.82883774304355
4560,9349.877655253833,9349.877751658,9349.877751658,9349.878485981,9349.891075059,1,COMPLETED,True,0.09640416647016536,0.734323000870063,12.589078000019072,13.4198051673593
4561,9349.883627887759,9349.883764614,9349.883764614,9349.884461988,9349.893530579,0,COMPLETED,True,0.1367262411804404,0.697374000083073,9.06859099995927,9.902691241222783
4562,9349.888385986309,9349.888582156,9349.888582156,9349.891406673,9349.904244701,1,COMPLETED,True,0.1961696907528676,2.8245169996807817,12.838028000260238,15.858714690693887
4563,9349.891808789791,9349.892095005,9349.892095005,9349.893892034,9349.902748452,0,COMPLETED,True,0.2862152086891001,1.7970290009543533,8.856417998686084,10.939662208329537
4564,9349.90096610514,9349.901122069,9349.901122069,9349.903100247,9349.911829903,0,COMPLETED,True,0.15596386037941556,1.978177999262698,8.729655999559327,10.86379785920144
4565,9349.91063743506,9349.910769477,9349.910769477,9349.911433894,9349.923862381,1,COMPLETED,True,0.13204193965066224,0.6644170007348293,12.428486999851884,13.224945940237376
4566,9349.945613137032,9349.945767417,9349.945767417,9349.946542289,9349.956053279,0,COMPLETED,True,0.15427996913786046,0.7748719999653986,9.51098999939859,10.440141968501848
4567,9349.94602825109,9349.946319673,9349.946319673,9349.946639539,9349.959103152,1,COMPLETED,True,0.2914219094236614,0.31986600151867606,12.463612998544704,13.074900909487042
4568,9349.95280628312,9349.952943894,9349.952943894,9349.956477044,9349.965628549,0,COMPLETED,True,0.1376108812110033,3.5331499984749826,9.151505000772886,12.822265880458872
4569,9349.955752039501,9349.956138034,9349.956138034,9349.959432699,9349.971482833,1,COMPLETED,True,0.3859944990836084,3.294665000794339,12.050133998855017,15.730793498732965
4570,9349.960729742885,9349.96089301,9349.96089301,9349.96578101,9349.975289384,0,COMPLETED,True,0.163267115567578,4.8879999994824175,9.508373999778996,14.559641114828992
4571,9349.975578849566,9349.975912252,9349.975912252,9349.976583556,9349.988891135,1,COMPLETED,True,0.3334024349896936,0.6713039983878843,12.307579001571867,13.312285434949445
4572,9349.991881594515,9349.992047983,9349.992047983,9349.992673355,9350.001793064,0,COMPLETED,True,0.16638848501315806,0.6253720002860064,9.119709000515286,9.91146948581445
4573,9349.993141876372,9349.993332281,9349.993332281,9349.994013265,9350.008719783,1,COMPLETED,True,0.19040462757402565,0.6809840015193913,14.706517999002244,15.577906628095661
4574,9350.014051862085,9350.014147939,9350.014147939,9350.014855685,9350.023633324,0,COMPLETED,True,0.09607691572455224,0.7077459995343816,8.777638999163173,9.581461914422107
4575,9350.018789043459,9350.018887343,9350.018887343,9350.019469888,9350.031619036,1,COMPLETED,True,0.09829954069573432,0.5825450007250765,12.149148000389687,12.829992541810498
4576,9350.04504608814,9350.045185063,9350.045185063,9350.046010409,9350.054916107,0,COMPLETED,True,0.13897485951019917,0.8253460000560153,8.905697999580298,9.870018859146512
4577,9350.078351882607,9350.078499241,9350.078499241,9350.079390781,9350.092899452,1,COMPLETED,True,0.14735839431523345,0.8915399994293693,13.508670999726746,14.547569393471349
4578,9350.08970766396,9350.089805483,9350.089805483,9350.090676005,9350.10373133,0,COMPLETED,True,0.09781904009287246,0.870522000695928,13.055325000095763,14.023666040884564
4579,9350.10687193656,9350.107069968,9350.107069968,9350.107956983,9350.122022273,1,COMPLETED,True,0.19803144095931202,0.8870149995345855,14.065290000871755,15.150336441365653
4580,9350.109161184677,9350.109357545,9350.109357545,9350.109993551,9350.121982048,0,COMPLETED,True,0.19636032266134862,0.636005999695044,11.988497000857024,12.820863323213416
4581,9350.11503771162,9350.115199661,9350.115199661,9350.122512804,9350.132214746,0,COMPLETED,True,0.16194938143598847,7.313142999919364,9.70194199908292,17.177034380438272
4582,9350.120578819624,9350.120767733,9350.120767733,9350.122580256,9350.135217816,1,COMPLETED,True,0.18891337640525308,1.812522999898647,12.637559999348014,14.638996375651914
4583,9350.124582802424,9350.124733564,9350.124733564,9350.132576006,9350.141432228,0,COMPLETED,True,0.15076157615112606,7.842442000765004,8.856221998939873,16.849425575856003
4584,9350.130446854071,9350.130606391,9350.130606391,9350.135376955,9350.148107284,1,COMPLETED,True,0.15953692854964174,4.770564000864397,12.730328999168705,17.660429928582744
4585,9350.134831219482,9350.134989491,9350.134989491,9350.14179561,9350.150511417,0,COMPLETED,True,0.1582715176482452,6.8061189995205496,8.715807000044151,15.680197517212946
4586,9350.14327333839,9350.14342167,9350.14342167,9350.148392506,9350.160880655,1,COMPLETED,True,0.148331610034802,4.9708360002114205,12.488148999182158,17.60731660942838
4587,9350.15776746414,9350.15793001,9350.15793001,9350.158772965,9350.171902414,0,COMPLETED,True,0.16254586080322042,0.8429549998254515,13.129449000189197,14.13494986081787
4588,9350.169694414575,9350.16986392,9350.16986392,9350.170542076,9350.183131987,1,COMPLETED,True,0.16950542521954048,0.6781560005038045,12.589910998940468,13.437572424663813
4589,9350.170248372462,9350.1703863,9350.1703863,9350.172144424,9350.18479712,0,COMPLETED,True,0.13792753816233017,1.7581239990249742,12.652696001168806,14.54874753835611
4590,9350.181959927939,9350.182101812,9350.182101812,9350.183433451,9350.19591496,1,COMPLETED,True,0.14188406203174964,1.3316389995452482,12.481509000281221,13.955032061858219
4591,9350.196697643389,9350.196931681,9350.196931681,9350.197792297,9350.207867059,0,COMPLETED,True,0.23403761042573024,0.8606160008639563,10.07476199993107,11.169415611220757
4592,9350.207247612952,9350.207417701,9350.207417701,9350.208064137,9350.222121012,1,COMPLETED,True,0.17008804752549622,0.646435999442474,14.056875001188018,14.873399048155989
4593,9350.20787698787,9350.208060689,9350.208060689,9350.208526898,9350.217419978,0,COMPLETED,True,0.18370112957200035,0.46620900138805155,8.893079999324982,9.542990130285034
4594,9350.214529885989,9350.214757464,9350.214757464,9350.217803049,9350.227031787,0,COMPLETED,True,0.22757801161787938,3.045584999199491,9.228738001183956,12.501901012001326
4595,9350.21740380419,9350.21754329,9350.21754329,9350.22257598,9350.235289055,1,COMPLETED,True,0.1394858099956764,5.032690000007278,12.713074998828233,17.885250808831188
4596,9350.222605807297,9350.222703462,9350.222703462,9350.2273914,9350.236328731,0,COMPLETED,True,0.0976547016762197,4.687938000643044,8.937331000197446,13.72292370251671
4597,9350.246928668103,9350.247094922,9350.247094922,9350.247838968,9350.260878204,1,COMPLETED,True,0.1662538979871897,0.7440459994541015,13.039236000622623,13.949535898063914
4598,9350.292836917328,9350.29292372,9350.29292372,9350.29363233,9350.304757843,0,COMPLETED,True,0.08680267274030484,0.7086099994921824,11.125512999569764,11.920925671802252
4599,9350.316636705296,9350.316776116,9350.316776116,9350.317231184,9350.328985715,1,COMPLETED,True,0.13941070392320398,0.4550680005195318,11.754530998587143,12.349009703029878
4600,9350.34935319948,9350.349442369,9350.349442369,9350.350410824,9350.36367235,0,COMPLETED,True,0.08916951992432587,0.9684549986559432,13.261526000860613,14.319150519440882
4601,9350.349650042323,9350.349944525,9350.349944525,9350.350376562,9350.359677078,1,COMPLETED,True,0.29448267741827294,0.4320370007917518,9.300515999711934,10.027035677921958
4602,9350.356982046636,9350.357136488,9350.357136488,9350.360112289,9350.369359267,1,COMPLETED,True,0.15444136442965828,2.975800998683553,9.246978001101525,12.377220364214736
4603,9350.361540656897,9350.361650398,9350.361650398,9350.364232915,9350.375139273,0,COMPLETED,True,0.10974110227834899,2.5825170014286414,10.906357998464955,13.598616102171945
4604,9350.37430726902,9350.374403052,9350.374403052,9350.37500183,9350.384084626,1,COMPLETED,True,0.09578297976986505,0.5987780004943488,9.082795999347582,9.777356979611795
4605,9350.37698571292,9350.377133467,9350.377133467,9350.377959175,9350.386883759,0,COMPLETED,True,0.1477540808991762,0.8257080007751938,8.92458399903262,9.89804608070699
4606,9350.391946879863,9350.39203361,9350.39203361,9350.392722726,9350.402174204,1,COMPLETED,True,0.08673013689985964,0.6891159991937457,9.45147800121049,10.227324137304095
4607,9350.394432225694,9350.394587159,9350.394587159,9350.395297823,9350.404345505,0,COMPLETED,True,0.15493330647586845,0.710664000507677,9.047681998708867,9.913279305692413
4608,9350.406897601859,9350.407002975,9350.407002975,9350.407697279,9350.416634433,1,COMPLETED,True,0.10537314119574148,0.6943040007172385,8.937153999795555,9.736831141708535
4609,9350.414462680641,9350.414600436,9350.414600436,9350.415368905,9350.424467302,0,COMPLETED,True,0.13775535808235873,0.7684690008318285,9.098397000343539,10.004621359257726
4610,9350.432251612317,9350.432339041,9350.432339041,9350.433146724,9350.44512693,1,COMPLETED,True,0.08742868340050336,0.8076829999481561,11.980205999861937,12.875317683210596
4611,9350.438477244415,9350.438561087,9350.438561087,9350.439257292,9350.448445396,0,COMPLETED,True,0.08384258399019018,0.6962050010770326,9.188103998894803,9.968151583962026
4612,9350.447733615163,9350.447829747,9350.447829747,9350.448450256,9350.457390401,1,COMPLETED,True,0.0961318364716135,0.6205090012372239,8.940144998632604,9.656785836341442
4613,9350.458375003676,9350.458520197,9350.458520197,9350.459236262,9350.46840129,0,COMPLETED,True,0.14519332398776896,0.7160650002333568,9.165027999188169,10.026286323409295
4614,9350.458770750793,9350.458994799,9350.458994799,9350.459365132,9350.468740535,1,COMPLETED,True,0.22404820811061654,0.37033299850008916,9.375403000376537,9.969784206987242
4615,9350.467943596874,9350.468122933,9350.468122933,9350.468923686,9350.477924037,0,COMPLETED,True,0.179336126166163,0.8007529995666118,9.000351001304807,9.980440127037582
4616,9350.479977300318,9350.480066001,9350.480066001,9350.480721501,9350.490136827,1,COMPLETED,True,0.08870068268151954,0.6554999999934807,9.41532599972561,10.15952668240061
4617,9350.482109724111,9350.48228022,9350.48228022,9350.482866686,9350.492140509,0,COMPLETED,True,0.17049588859663345,0.5864659997314448,9.273823001421988,10.030784889750066
4618,9350.48647073954,9350.486672004,9350.486672004,9350.490522543,9350.499484487,1,COMPLETED,True,0.20126445997448172,3.8505389984493377,8.961944000475341,13.01374745889916
4619,9350.488160892739,9350.488392583,9350.488392583,9350.49248002,9350.501701053,0,COMPLETED,True,0.23169026098912582,4.087437000634964,9.221032998539158,13.540160260163248
4620,9350.488532305255,9350.488926618,9350.488926618,9350.499847383,9350.509122136,1,COMPLETED,True,0.3943127449019812,10.92076500026451,9.274752999772318,20.58983074493881
4621,9350.504270082803,9350.504473574,9350.504473574,9350.505120473,9350.514364395,0,COMPLETED,True,0.20349119586171582,0.6468990013672737,9.24392199885915,10.09431219608814
4622,9350.50966639677,9350.509813703,9350.509813703,9350.510503546,9350.519927678,1,COMPLETED,True,0.14730622933711857,0.689843000145629,9.424132000276586,10.261281229759334
4623,9350.509952772314,9350.510352537,9350.510352537,9350.514725582,9350.524176017,0,COMPLETED,True,0.3997646854259074,4.37304499973834,9.450434999962454,14.223244685126701
4624,9350.515589473802,9350.5157488,9350.5157488,9350.520376243,9350.529730348,1,COMPLETED,True,0.15932619862724096,4.627442998753395,9.354105000966229,14.140874198346864
4625,9350.516230876932,9350.516385842,9350.516385842,9350.524337178,9350.533817535,0,COMPLETED,True,0.15496506784984376,7.951335999678122,9.480357000938966,17.58665806846693
4626,9350.53634844627,9350.536457795,9350.536457795,9350.537067431,9350.546245389,1,COMPLETED,True,0.10934872989309952,0.6096359993534861,9.177957999781938,9.896942729028524
4627,9350.54452544924,9350.544686576,9350.544686576,9350.545291595,9350.555084306,0,COMPLETED,True,0.1611267598491395,0.6050190004316391,9.79271099822654,10.558856758507318
4628,9350.54746606977,9350.54756016,9350.54756016,9350.548138873,9350.557563551,1,COMPLETED,True,0.09409023004991468,0.578713001232245,9.42467799904989,10.09748123033205
4629,9350.547698649183,9350.547982301,9350.547982301,9350.555440085,9350.564541117,0,COMPLETED,True,0.28365181606204715,7.457784000507672,9.101032001126441,16.84246781769616
4630,9350.54958193778,9350.549862124,9350.549862124,9350.557727678,9350.567399988,1,COMPLETED,True,0.28018622106174007,7.865554000090924,9.672309999587014,17.81805022073968
4631,9350.56291539071,9350.563054198,9350.563054198,9350.564875091,9350.574260108,0,COMPLETED,True,0.13880729056836572,1.8208929996035295,9.385016999658546,11.344717289830442
4632,9350.563470000674,9350.563605085,9350.563605085,9350.567744533,9350.577025524,1,COMPLETED,True,0.13508432675735094,4.139447999477852,9.280991000196082,13.555523326431285
4633,9350.573040068344,9350.57318832,9350.57318832,9350.574620374,9350.583652815,0,COMPLETED,True,0.14825165635556914,1.4320539994514547,9.032440999362734,10.612746655169758
4634,9350.586340605536,9350.586431333,9350.586431333,9350.586931422,9350.595702855,1,COMPLETED,True,0.09072746433957946,0.5000889996154001,8.771433000219986,9.362249464174965
4635,9350.596916144053,9350.597039953,9350.597039953,9350.597590133,9350.607556678,0,COMPLETED,True,0.12380894622765481,0.5501800005731639,9.966544999770122,10.64053394657094
4636,9350.602288334749,9350.602432212,9350.602432212,9350.603110628,9350.613229523,1,COMPLETED,True,0.14387725059350487,0.6784160013921792,10.118894999322947,10.941188251308631
4637,9350.608264109622,9350.608430808,9350.608430808,9350.608914359,9350.619103591,0,COMPLETED,True,0.16669837896188255,0.48355099897889886,10.189231999902404,10.839481377843185
4638,9350.614378649889,9350.614503999,9350.614503999,9350.614971128,9350.624379264,1,COMPLETED,True,0.12534911184047814,0.46712899893464055,9.40813600027468,10.0006141110498
4639,9350.620673353042,9350.620783299,9350.620783299,9350.621178004,9350.630131478,0,COMPLETED,True,0.10994595868396573,0.39470499905291945,8.95347400000901,9.458124957745895
4640,9350.627492883137,9350.627586498,9350.627586498,9350.628074582,9350.63747868,1,COMPLETED,True,0.09361486263514962,0.4880840006080689,9.404098000231897,9.985796863475116
4641,9350.63196132396,9350.632051234,9350.632051234,9350.632441058,9350.641399389,0,COMPLETED,True,0.08991004142444581,0.38982399928499945,8.95833100003074,9.438065040740184
4642,9350.633423728932,9350.633512147,9350.633512147,9350.637853068,9350.646933947,1,COMPLETED,True,0.08841806811688002,4.340920999311493,9.080879000975983,13.510218068404356
4643,9350.652476563493,9350.652567696,9350.652567696,9350.652988837,9350.66287568,0,COMPLETED,True,0.09113250598602463,0.421141001424985,9.886842999549117,10.399116506960127
4644,9350.65716862948,9350.657265077,9350.657265077,9350.65771545,9350.667291169,1,COMPLETED,True,0.09644752026360948,0.45037299969408195,9.575719001077232,10.122539521034923
4645,9350.662313622941,9350.662480581,9350.662480581,9350.663294628,9350.672621099,0,COMPLETED,True,0.16695805970812216,0.8140469999489142,9.326470999440062,10.307476059097098
4646,9350.67344468863,9350.673531151,9350.673531151,9350.673964196,9350.683080452,1,COMPLETED,True,0.08646237074572127,0.4330449992266949,9.116256000197609,9.635763370170025
4647,9350.683362663902,9350.683508088,9350.683508088,9350.684061605,9350.697787755,0,COMPLETED,True,0.14542409735440742,0.5535170002985978,13.726150000366033,14.425091098019038
4648,9350.684706961109,9350.684835479,9350.684835479,9350.685324065,9350.697745341,1,COMPLETED,True,0.12851789142587222,0.48858599984669127,12.421276000168291,13.038379891440854
4649,9350.701948670569,9350.702058988,9350.702058988,9350.702579403,9350.711866039,1,COMPLETED,True,0.11031743088096846,0.5204150002100505,9.286636000979342,9.917368432070361
4650,9350.716903264474,9350.716995237,9350.716995237,9350.7174433,9350.726675115,0,COMPLETED,True,0.09197252620651852,0.44806299956690054,9.231815000021015,9.771850525794434
4651,9350.732621677143,9350.73273195,9350.73273195,9350.733131247,9350.742364846,1,COMPLETED,True,0.11027285654563457,0.3992969996033935,9.233599001163384,9.743168857312412
4652,9350.73612159562,9350.736290584,9350.736290584,9350.736837583,9350.748084955,0,COMPLETED,True,0.16898837930057198,0.5469989991979674,11.247372000070754,11.963359378569294
4653,9350.744005054365,9350.744149088,9350.744149088,9350.744527605,9350.753391197,1,COMPLETED,True,0.14403363456949592,0.3785170010814909,8.863592000125209,9.386142635776196
4654,9350.7591953681,9350.759284559,9350.759284559,9350.759780167,9350.76912716,0,COMPLETED,True,0.08919090032577515,0.49560799925529864,9.346992999780923,9.931791899361997
4655,9350.805668801275,9350.805927463,9350.805927463,9350.806810815,9350.816316822,1,COMPLETED,True,0.2586617247288814,0.883352000528248,9.506006999799865,10.648020725056995
4656,9350.806175675418,9350.806474065,9350.806474065,9350.806994954,9350.820451668,0,COMPLETED,True,0.2983895828947425,0.5208889997447841,13.456713999403291,14.275992582042818
4657,9350.80619986309,9350.806503535,9350.806503535,9350.816482125,9350.825956999,1,COMPLETED,True,0.3036719099327456,9.978590000173426,9.474874001170974,19.757135911277146
4658,9350.81080696928,9350.810895932,9350.810895932,9350.820660877,9350.833198182,0,COMPLETED,True,0.08896271901903674,9.764944999915315,12.537304999568732,22.391212718503084
4659,9350.81899361035,9350.819108107,9350.819108107,9350.826314775,9350.835424276,1,COMPLETED,True,0.11449664998508524,7.206668000435457,9.109500999329612,16.430665649750154
4660,9350.8197604756,9350.819929146,9350.819929146,9350.833634134,9350.8433127,0,COMPLETED,True,0.16867039994394872,13.70498799951747,9.678566000729916,23.552224400191335
4661,9350.829642282393,9350.829770338,9350.829770338,9350.83575997,9350.84484964,1,COMPLETED,True,0.12805560618289746,5.989631999909761,9.089670000321348,15.207357606414007
4662,9350.847543220378,9350.84769423,9350.84769423,9350.848249487,9350.857109656,0,COMPLETED,True,0.1510096226411406,0.5552570000872947,8.860169000399765,9.5664356231282
4663,9350.885601034583,9350.885708782,9350.885708782,9350.886152064,9350.895400261,1,COMPLETED,True,0.10774741713248659,0.4432820005604299,9.24819700048829,9.799226418181206
4664,9350.908849539874,9350.908890348,9350.908890348,9350.909499445,9350.922459719,0,COMPLETED,True,0.040808126868796535,0.6090970000514062,12.960273999851779,13.610179126771982
4665,9350.913112779635,9350.913196552,9350.913196552,9350.913864849,9350.926535109,1,COMPLETED,True,0.0837723637232557,0.668297001539031,12.670259999140399,13.422329364402685
4666,9350.915169694397,9350.915252301,9350.915252301,9350.922961658,9350.934223952,0,COMPLETED,True,0.08260660251835361,7.709356999839656,11.26229399960721,19.05425760196522
4667,9350.944864468529,9350.944974412,9350.944974412,9350.945808159,9350.95637769,1,COMPLETED,True,0.10994347030646168,0.8337470007973025,10.56953099941893,11.513221470522694
4668,9350.951815955395,9350.95193625,9350.95193625,9350.952759969,9350.965564338,0,COMPLETED,True,0.12029460413032211,0.8237190013460349,12.804368998331483,13.74838260380784
4669,9350.965116355095,9350.965387085,9350.965387085,9350.96612557,9350.979009047,1,COMPLETED,True,0.27072990451415535,0.7384849996014964,12.883477000286803,13.892691904402454
4670,9350.968805556817,9350.968964753,9350.968964753,9350.969528959,9350.980138948,0,COMPLETED,True,0.1591961827216437,0.5642060004902305,10.609988999931375,11.333391183143249
4671,9350.975133779659,9350.975386433,9350.975386433,9350.979504135,9350.989924664,1,COMPLETED,True,0.2526533407944953,4.117702001167345,10.420528999020462,14.790884340982302
4672,9350.990715199434,9350.990937707,9350.990937707,9350.991725215,9351.002680108,0,COMPLETED,True,0.22250756592256948,0.7875080009398516,10.954892999507138,11.964908566369559
4673,9350.993915331856,9350.994011861,9350.994011861,9350.994455867,9351.003589688,1,COMPLETED,True,0.09652914377511479,0.4440060001797974,9.133821000432363,9.674356144387275
4674,9350.99502242386,9350.995279527,9350.995279527,9351.003136381,9351.012441917,0,COMPLETED,True,0.25710314002935775,7.85685399932845,9.305536001193104,17.419493140550912
4675,9350.998630017835,9350.998773044,9350.998773044,9351.003956315,9351.013411491,1,COMPLETED,True,0.1430261654604692,5.183270999623346,9.45517599939194,14.781473164475756
4676,9351.000449156543,9351.000585373,9351.000585373,9351.012874972,9351.022219484,0,COMPLETED,True,0.13621645666717086,12.289599000723683,9.344512000097893,21.770327457488747
4677,9351.006397484742,9351.006647978,9351.006647978,9351.013759258,9351.023041365,1,COMPLETED,True,0.25049325813597534,7.111279999662656,9.28210700112686,16.643880258925492
4678,9351.018434351361,9351.018650317,9351.018650317,9351.022563968,9351.031747976,0,COMPLETED,True,0.21596563965431415,3.913650998583762,9.184008000374888,13.313624638612964
4679,9351.025884749703,9351.026113565,9351.026113565,9351.026745951,9351.03633844,1,COMPLETED,True,0.2288152973051183,0.632385999779217,9.59248900107923,10.453690298163565
4680,9351.026093553168,9351.026282714,9351.026282714,9351.032093882,9351.041366388,0,COMPLETED,True,0.18916083172371145,5.811168000946054,9.272506000343128,15.272834833012894
4681,9351.049782734304,9351.049881052,9351.049881052,9351.050275052,9351.059329558,1,COMPLETED,True,0.09831769602897111,0.39400000059686136,9.05450599930191,9.546823695927742
4682,9351.053607178043,9351.053828918,9351.053828918,9351.054383736,9351.06683468,0,COMPLETED,True,0.22173995785124134,0.5548179997276748,12.450943999283481,13.227501956862397
4683,9351.054868819754,9351.05499755,9351.05499755,9351.059696139,9351.068845835,1,COMPLETED,True,0.12873024570581038,4.698589000327047,9.149695999440155,13.977015245473012
4684,9351.065078118352,9351.065258037,9351.065258037,9351.067325009,9351.077344885,0,COMPLETED,True,0.17991864842770156,2.0669719997385982,10.019875999205397,12.266766647371696
4685,9351.077555770913,9351.078020567,9351.078020567,9351.078611855,9351.08809996,1,COMPLETED,True,0.4647960868169321,0.5912880005780607,9.488104999036295,10.544189086431288
4686,9351.082334556906,9351.082472963,9351.082472963,9351.083163643,9351.092503271,0,COMPLETED,True,0.13840609426551964,0.6906799990247237,9.339628000816447,10.16871409410669
4687,9351.084480820953,9351.084660153,9351.084660153,9351.088435902,9351.097413024,1,COMPLETED,True,0.17933204617293086,3.775749000851647,8.977121999123483,12.93220304614806
4688,9351.086954577993,9351.087045672,9351.087045672,9351.092658588,9351.102031029,0,COMPLETED,True,0.09109400707529858,5.612916000245605,9.372440999868559,15.076451007189462
4689,9351.089020222847,9351.08919749,9351.08919749,9351.097766876,9351.106925668,1,COMPLETED,True,0.17726715304888785,8.569386000090162,9.158791999652749,17.9054451527918
4690,9351.095128911202,9351.095312355,9351.095312355,9351.102408261,9351.111596286,0,COMPLETED,True,0.18344379896007013,7.0959059994493145,9.188025000185007,16.467374798594392
4691,9351.106831336792,9351.106920565,9351.106920565,9351.1076373,9351.116878784,1,COMPLETED,True,0.08922820779844187,0.7167349995143013,9.24148400008562,10.047447207398363
4692,9351.11426575931,9351.114352105,9351.114352105,9351.114916256,9351.124316807,0,COMPLETED,True,0.08634568985144142,0.5641509997076355,9.400550999998813,10.05104768955789
4693,9351.138465590117,9351.138553131,9351.138553131,9351.139331692,9351.148582521,1,COMPLETED,True,0.08754088412388228,0.7785609996062703,9.250828999938676,10.116930883668829
4694,9351.13848562,9351.138608465,9351.138608465,9351.139366525,9351.148089596,0,COMPLETED,True,0.12284500007808674,0.758059999498073,8.723070999621996,9.603975999198155
4695,9351.14381004647,9351.143904249,9351.143904249,9351.148485558,9351.157668245,0,COMPLETED,True,0.0942025308177108,4.581309000059264,9.18268699933833,13.858198530215304
4696,9351.14601658822,9351.14605899,9351.14605899,9351.148762611,9351.158400311,1,COMPLETED,True,0.04240177986503113,2.70362099945487,9.637700000894256,12.383722780214157
4697,9351.148149457818,9351.148290648,9351.148290648,9351.158026948,9351.16684086,0,COMPLETED,True,0.14119018123892602,9.736300000440679,8.813911999823176,18.69140218150278
4698,9351.157344385345,9351.157457581,9351.157457581,9351.158737416,9351.167976406,1,COMPLETED,True,0.11319565419398714,1.2798350016964832,9.238990000085323,10.632020655975793
4699,9351.15815981394,9351.158293643,9351.158293643,9351.167199725,9351.176478517,0,COMPLETED,True,0.13382906035985798,8.906081999157323,9.278792000259273,18.318703059776453
4700,9351.18308477195,9351.183252619,9351.183252619,9351.183945531,9351.196181074,1,COMPLETED,True,0.16784704894234892,0.692912000886281,12.23554299940588,13.09630204923451
4701,9351.188986251425,9351.189138648,9351.189138648,9351.18966101,9351.199619005,0,COMPLETED,True,0.15239657477650326,0.5223619991738815,9.957995000149822,10.632753574100207
4702,9351.196130908078,9351.196229367,9351.196229367,9351.196650126,9351.206766676,1,COMPLETED,True,0.09845892236626241,0.42075899909832515,10.116550000020652,10.63576792148524
4703,9351.200955860237,9351.201042358,9351.201042358,9351.201425878,9351.214869751,0,COMPLETED,True,0.08649776282254606,0.3835200004687067,13.443873000142048,13.913890763433301
4704,9351.204279045294,9351.204444805,9351.204444805,9351.207152315,9351.216217214,1,COMPLETED,True,0.16575970585108735,2.7075100006186403,9.064898998985882,11.93816870545561
4705,9351.208094814097,9351.208214883,9351.208214883,9351.215251673,9351.229034722,0,COMPLETED,True,0.12006890210614074,7.036790000711335,13.783049000267056,20.93990790308453
4706,9351.210469271065,9351.210575334,9351.210575334,9351.216574071,9351.225741599,1,COMPLETED,True,0.10606293471937533,5.998737000481924,9.167528000034508,15.272327935235808
4707,9351.216103942379,9351.216214965,9351.216214965,9351.226143855,9351.235111091,1,COMPLETED,True,0.11102262033091392,9.928890000082902,8.967236000898993,19.00714862131281
4708,9351.225172606195,9351.225265477,9351.225265477,9351.229421686,9351.242827786,0,COMPLETED,True,0.09287080501962919,4.156208999120281,13.40610000079323,17.65517980493314
4709,9351.23170754883,9351.231765868,9351.231765868,9351.235471099,9351.244451282,1,COMPLETED,True,0.05831917042087298,3.705230999912601,8.980182999948738,12.743733170282212
4710,9351.238955546047,9351.239056301,9351.239056301,9351.243205849,9351.256131248,0,COMPLETED,True,0.10075495265482459,4.14954799998668,12.925398999868776,17.17570195251028
4711,9351.278399135646,9351.278491561,9351.278491561,9351.278932616,9351.288751739,1,COMPLETED,True,0.09242535270459484,0.44105500091973227,9.819123000852414,10.352603354476742
4712,9351.28316427706,9351.283261954,9351.283261954,9351.283856191,9351.294471425,0,COMPLETED,True,0.09767694064066745,0.594236998949782,10.615234001306817,11.307147940897266
4713,9351.325445384702,9351.325585843,9351.325585843,9351.326485726,9351.336841871,1,COMPLETED,True,0.14045829811948352,0.899882999874535,10.356144999605021,11.39648629759904
4714,9351.347509504258,9351.347647398,9351.347647398,9351.348425947,9351.360389404,0,COMPLETED,True,0.1378937431582017,0.7785489997331752,11.963457000092603,12.87989974298398
4715,9351.354752393334,9351.354912865,9351.354912865,9351.355699097,9351.368153082,1,COMPLETED,True,0.16047166536736768,0.7862319998821476,12.453985000320245,13.40068866556976
4716,9351.363790965848,9351.363939653,9351.363939653,9351.364652084,9351.374742171,0,COMPLETED,True,0.14868715152260847,0.7124309995560907,10.090087000207859,10.951205151286558
4717,9351.364846632732,9351.364978827,9351.364978827,9351.368627974,9351.379010551,1,COMPLETED,True,0.13219426728028338,3.6491470000328263,10.3825770002004,14.163918267513509
4718,9351.368489751983,9351.368723916,9351.368723916,9351.374905987,9351.384177495,0,COMPLETED,True,0.23416401745635085,6.182070999784628,9.271507999073947,15.687743016314926
4719,9351.372506678996,9351.372651305,9351.372651305,9351.379389343,9351.388678203,1,COMPLETED,True,0.14462600483966526,6.738037998729851,9.288860001106514,16.17152400467603
4720,9351.38492747817,9351.385076924,9351.385076924,9351.385687178,9351.398428485,0,COMPLETED,True,0.1494458301749546,0.6102540010033408,12.741306998577784,13.50100682975608
4721,9351.398438746202,9351.398571388,9351.398571388,9351.399007167,9351.408366698,1,COMPLETED,True,0.13264179688121658,0.43577900032687467,9.35953100088227,9.927951798090362
4722,9351.398633786905,9351.398680887,9351.398680887,9351.39914079,9351.410782722,0,COMPLETED,True,0.047100094889174215,0.4599029998644255,11.64193200020236,12.14893509495596
4723,9351.4117326001,9351.411865667,9351.411865667,9351.41234101,9351.421351134,1,COMPLETED,True,0.13306690016179346,0.47534300028928556,9.01012400026957,9.61853390072065
4724,9351.415923847764,9351.416054118,9351.416054118,9351.416488171,9351.425991932,0,COMPLETED,True,0.13027023669565096,0.4340529994806275,9.503760998995858,10.068084235172137
4725,9351.421556461819,9351.42200941,9351.42200941,9351.42249633,9351.431426618,1,COMPLETED,True,0.4529481811914593,0.48692000018490944,8.930288000556175,9.870156181932543
4726,9351.42519626289,9351.425401054,9351.425401054,9351.426406009,9351.435912879,0,COMPLETED,True,0.20479111117310822,1.0049550000985619,9.506869999313494,10.716616110585164
4727,9351.426102008765,9351.426245207,9351.426245207,9351.431581421,9351.44077444,1,COMPLETED,True,0.14319823458208703,5.336214000635664,9.193018999212654,14.672431234430405
4728,9351.428378652716,9351.428503507,9351.428503507,9351.436159099,9351.445710537,0,COMPLETED,True,0.12485428487707395,7.655591998627642,9.551438000926282,17.331884284431
4729,9351.4287019814,9351.428846648,9351.428846648,9351.441121888,9351.450066548,1,COMPLETED,True,0.1446665992261842,12.275240000235499,8.944660001361626,21.36456660082331
4730,9351.42910196514,9351.429230688,9351.429230688,9351.446059366,9351.456045941,0,COMPLETED,True,0.12872286060883198,16.82867800082022,9.986574999857112,26.943975861286162
4731,9351.429527099881,9351.429652293,9351.429652293,9351.450446271,9351.459512291,1,COMPLETED,True,0.12519311894720886,20.79397799934668,9.066020000318531,29.98519111861242
4732,9351.432828262627,9351.432957,9351.432957,9351.456471514,9351.465391662,0,COMPLETED,True,0.12873737432528287,23.51451399954385,8.920147998651373,32.56339937252051
4733,9351.440694705097,9351.440838726,9351.440838726,9351.459871893,9351.468905365,1,COMPLETED,True,0.1440209016436711,19.033167000088724,9.033472000737675,28.21065990247007
4734,9351.442973069845,9351.443085238,9351.443085238,9351.465748476,9351.475010528,0,COMPLETED,True,0.11216815437364858,22.66323799995007,9.262052000849508,32.037458155173226
4735,9351.44318776065,9351.443210602,9351.443210602,9351.469231934,9351.478381573,1,COMPLETED,True,0.022841350073576905,26.021331999800168,9.149639001407195,35.19381235128094
4736,9351.450387865014,9351.450877458,9351.450877458,9351.475371652,9351.484694542,0,COMPLETED,True,0.48959298692352604,24.49419399999897,9.322889998657047,34.30667698557954
4737,9351.457900927819,9351.458041321,9351.458041321,9351.47874637,9351.487897669,1,COMPLETED,True,0.14039318193681538,20.705048998934217,9.151299000222934,29.996741181093967
4738,9351.462764074857,9351.462900407,9351.462900407,9351.485026556,9351.493939088,0,COMPLETED,True,0.13633214257424697,22.126149000541773,8.91253200097708,31.1750131440931
4739,9351.474599763038,9351.474753941,9351.474753941,9351.488271598,9351.497331781,1,COMPLETED,True,0.15417796203109901,13.51765700019314,9.060182999746758,22.732017961970996
4740,9351.49616801605,9351.496493293,9351.496493293,9351.497159739,9351.506749979,0,COMPLETED,True,0.3252769492974039,0.6664459997409722,9.590240000761696,10.581962949800072
4741,9351.4991877445,9351.499317434,9351.499317434,9351.499892522,9351.509381944,1,COMPLETED,True,0.1296894988627173,0.5750880009145476,9.489422000115155,10.19419949989242
4742,9351.52023557299,9351.520327118,9351.520327118,9351.520952315,9351.530298111,0,COMPLETED,True,0.09154500912700314,0.6251970007724594,9.345795999252005,10.062538009151467
4743,9351.520779318062,9351.520874726,9351.520874726,9351.521388743,9351.530234647,1,COMPLETED,True,0.09540793871565256,0.5140169996593613,8.845903999826987,9.455328938202001
4744,9351.545930834438,9351.546020458,9351.546020458,9351.546691464,9351.555793801,1,COMPLETED,True,0.08962356150732376,0.671006000629859,9.102337000513216,9.8629665626504
4745,9351.558664287399,9351.558780383,9351.558780383,9351.55947289,9351.569583762,0,COMPLETED,True,0.11609560169745237,0.6925069992576027,10.110872000950621,10.919474601905677
4746,9351.563526859976,9351.563664636,9351.563664636,9351.564621781,9351.574014061,1,COMPLETED,True,0.1377760236209724,0.9571450009389082,9.392279998792219,10.4872010233521
4747,9351.569483078376,9351.569685477,9351.569685477,9351.570532006,9351.579943211,0,COMPLETED,True,0.2023986235144548,0.8465290011372417,9.411204999196343,10.46013262384804
4748,9351.56999570236,9351.570523998,9351.570523998,9351.574380512,9351.583513804,1,COMPLETED,True,0.5282956390146865,3.85651400029019,9.133292000115034,13.51810163941991
4749,9351.58624196613,9351.586414595,9351.586414595,9351.587099369,9351.596032007,0,COMPLETED,True,0.17262887013203,0.684774000546895,8.93263800026034,9.790040870939265
4750,9351.589021132244,9351.58917546,9351.58917546,9351.58968485,9351.603227368,1,COMPLETED,True,0.15432775580848102,0.5093899999337737,13.542517999667325,14.20623575540958
4751,9351.591100859094,9351.591239229,9351.591239229,9351.59620587,9351.605841646,0,COMPLETED,True,0.1383699054713361,4.966641001374228,9.635775999413454,14.740786906259018
4752,9351.60231986626,9351.602620266,9351.602620266,9351.603834387,9351.615738717,1,COMPLETED,True,0.300399738989654,1.2141210008849157,11.904330000106711,13.41885073998128
4753,9351.610986383504,9351.611230238,9351.611230238,9351.611622915,9351.620838613,0,COMPLETED,True,0.24385449614783283,0.39267699867195915,9.215698000843986,9.852229495663778
4754,9351.625224019503,9351.625319597,9351.625319597,9351.625818979,9351.637226563,1,COMPLETED,True,0.0955774976318935,0.4993820002709981,11.407583999243798,12.00254349714669
4755,9351.632212094384,9351.632318758,9351.632318758,9351.632771662,9351.645431119,0,COMPLETED,True,0.10666361595212948,0.4529039997578366,12.659456999244867,13.219024614954833
4756,9351.640173739977,9351.640305317,9351.640305317,9351.640666257,9351.649666406,1,COMPLETED,True,0.13157702233002055,0.3609400009736419,9.000148998893565,9.492666022197227
4757,9351.651188224458,9351.651345144,9351.651345144,9351.651943,9351.661202238,0,COMPLETED,True,0.15691954286012333,0.5978560002404265,9.25923799877637,10.01401354187692
4758,9351.66471107231,9351.664806804,9351.664806804,9351.66546582,9351.676181693,1,COMPLETED,True,0.09573168972565327,0.6590160010091495,10.715872998844134,11.470620689578936
4759,9351.676941877078,9351.677064345,9351.677064345,9351.677909755,9351.690448575,0,COMPLETED,True,0.12246792175574228,0.8454100006929366,12.538819999463158,13.506697921911837
4760,9351.690102709032,9351.690217987,9351.690217987,9351.690695072,9351.700139345,1,COMPLETED,True,0.11527796777954791,0.47708500096632633,9.44427299873496,10.036635967480834
4761,9351.701446176861,9351.701549604,9351.701549604,9351.702228452,9351.712475871,0,COMPLETED,True,0.10342713903810363,0.6788480004615849,10.247418998915236,11.029694138414925
4762,9351.721367339835,9351.721453518,9351.721453518,9351.721961648,9351.73118808,1,COMPLETED,True,0.08617816456535365,0.5081300005258527,9.226432001014473,9.82074016610568
4763,9351.723555985533,9351.723703855,9351.723703855,9351.724375927,9351.733747927,0,COMPLETED,True,0.14786946667300072,0.6720720011799131,9.372000000439584,10.191941468292498
4764,9351.73020396635,9351.730371651,9351.730371651,9351.731560141,9351.741022885,1,COMPLETED,True,0.16768464956840035,1.188489999549347,9.462744001211831,10.818918650329579
4765,9351.755469345491,9351.755558727,9351.755558727,9351.755992625,9351.765457121,0,COMPLETED,True,0.08938150858739391,0.4338979997555725,9.464496000873623,9.98777550921659
4766,9351.766568007422,9351.766708525,9351.766708525,9351.767089613,9351.776545313,1,COMPLETED,True,0.14051757716515567,0.3810880007222295,9.455699999307399,9.977305577194784
4767,9351.77661600551,9351.776780547,9351.776780547,9351.777560837,9351.787075733,0,COMPLETED,True,0.1645414886297658,0.780289999966044,9.514896000837325,10.459727489433135
4768,9351.779460541364,9351.779575825,9351.779575825,9351.779893226,9351.78958607,1,COMPLETED,True,0.11528363575052936,0.3174009998474503,9.69284399980097,10.12552863539895
4769,9351.787553972497,9351.78770556,9351.78770556,9351.788132634,9351.797511238,0,COMPLETED,True,0.1515875028417213,0.4270739991625305,9.378604001540225,9.957265503544477
4770,9351.787923814678,9351.788050199,9351.788050199,9351.789734356,9351.799539661,1,COMPLETED,True,0.12638432235689834,1.684156999544939,9.805305000554654,11.615846322456491
4771,9351.831451352202,9351.831555865,9351.831555865,9351.832273286,9351.843711055,0,COMPLETED,True,0.10451279740664177,0.7174210004450288,11.437769000622211,12.259702798473882
4772,9351.834816484143,9351.834918892,9351.834918892,9351.835273073,9351.845565177,1,COMPLETED,True,0.10240785741189029,0.3541810001479462,10.29210399974545,10.748692857305286
4773,9351.834844175786,9351.834980909,9351.834980909,9351.844142836,9351.855378875,0,COMPLETED,True,0.1367332133668242,9.16192700060492,11.236038999413722,20.534699213385466
4774,9351.835929609915,9351.836110712,9351.836110712,9351.845914613,9351.855677821,1,COMPLETED,True,0.1811020847526379,9.803901000850601,9.763207999640144,19.748211085243383
4775,9351.836383324451,9351.836528612,9351.836528612,9351.855741887,9351.865282894,0,COMPLETED,True,0.14528754945786204,19.213274999856367,9.541006998915691,28.89956954822992
4776,9351.837147808195,9351.837282312,9351.837282312,9351.856080712,9351.865022816,1,COMPLETED,True,0.1345038053841563,18.798399998559034,8.94210400110751,27.8750078050507
4777,9351.840376399756,9351.840531414,9351.840531414,9351.865400629,9351.874624103,1,COMPLETED,True,0.15501424422836863,24.869214999853284,9.223474000464194,34.247703244545846
4778,9351.840957821347,9351.841094698,9351.841094698,9351.865591783,9351.87474301,0,COMPLETED,True,0.13687665341421962,24.49708499989356,9.151226999165374,33.78518865247315
4779,9351.85679056157,9351.856881397,9351.856881397,9351.875026746,9351.88420298,1,COMPLETED,True,0.09083543045562692,18.145349000405986,9.176233999824035,27.412418430685648
4780,9351.900029384022,9351.900179326,9351.900179326,9351.90081991,9351.909476863,0,COMPLETED,True,0.14994197772466578,0.6405840013030684,8.656952999444911,9.447478978472645
4781,9351.910949769217,9351.911046639,9351.911046639,9351.911849159,9351.924548826,1,COMPLETED,True,0.09686978228273802,0.802520000434015,12.699667000561021,13.599056783277774
4782,9351.917671876326,9351.917767736,9351.917767736,9351.918326995,9351.930064408,0,COMPLETED,True,0.09585967382008675,0.5592590005107922,11.737412998627406,12.392531672958285
4783,9351.930382975323,9351.93087049,9351.93087049,9351.931669552,9351.943922177,1,COMPLETED,True,0.4875146769336425,0.7990619997144677,12.25262500156532,13.53920167821343
4784,9351.935337513001,9351.935394452,9351.935394452,9351.935972079,9351.94506479,0,COMPLETED,True,0.056938999478006735,0.5776269990747096,9.092710999539122,9.727276998091838
4785,9351.937991504596,9351.938139092,9351.938139092,9351.944355669,9351.954101441,1,COMPLETED,True,0.14758740508113988,6.216576999577228,9.7457720003149,16.10993640497327
4786,9351.948797600804,9351.948995614,9351.948995614,9351.949620316,9351.961617153,0,COMPLETED,True,0.19801319649559446,0.6247019991860725,11.996836999969673,12.81955219565134
4787,9351.955714931275,9351.955814425,9351.955814425,9351.956454091,9351.965614909,1,COMPLETED,True,0.09949372542905621,0.639665999187855,9.160818000964355,9.899977725581266
4788,9351.9732597698,9351.973388246,9351.973388246,9351.974057392,9351.983469134,0,COMPLETED,True,0.12847620018874295,0.6691460002912208,9.411741999429069,10.209364199909032
4789,9351.974467806065,9351.974606128,9351.974606128,9351.975037637,9351.987464608,1,COMPLETED,True,0.13832193508278579,0.4315089990996057,12.426971001332277,12.996801935514668
4790,9351.978623157393,9351.978804359,9351.978804359,9351.983633319,9351.993669495,0,COMPLETED,True,0.1812016071198741,4.828959999940707,10.036175999630359,15.04633760669094
4791,9352.001634777589,9352.00181695,9352.00181695,9352.002282866,9352.011778615,1,COMPLETED,True,0.18217241085949354,0.4659160003939178,9.495749000052456,10.143837411305867
4792,9352.009897176875,9352.010013044,9352.010013044,9352.010595503,9352.020231697,0,COMPLETED,True,0.11586712571443059,0.5824589989060769,9.6361940013594,10.334520125979907
4793,9352.016108691934,9352.016211962,9352.016211962,9352.016647485,9352.025731367,1,COMPLETED,True,0.10327006566512864,0.43552299939619843,9.083882001505117,9.622675066566444
4794,9352.03460803717,9352.034703672,9352.034703672,9352.035278029,9352.045900237,0,COMPLETED,True,0.09563483035890386,0.5743570000049658,10.622208001223044,11.292199831586913
4795,9352.035629427808,9352.035751149,9352.035751149,9352.036174264,9352.045567962,1,COMPLETED,True,0.12172119204478804,0.42311499964853283,9.3936980010767,9.938534192770021
4796,9352.055111892705,9352.055217019,9352.055217019,9352.055616974,9352.064690833,1,COMPLETED,True,0.10512629523873329,0.39995499901124276,9.07385900063673,9.578940294886706
4797,9352.077986875118,9352.07811399,9352.07811399,9352.078655665,9352.090349083,0,COMPLETED,True,0.12711488125205506,0.5416750009317184,11.693418000504607,12.36220788268838
4798,9352.078653625354,9352.078755007,9352.078755007,9352.079166316,9352.091567959,1,COMPLETED,True,0.10138164543604944,0.41130899990093894,12.401642999975593,12.914333645312581
4799,9352.08240689644,9352.082506225,9352.082506225,9352.090787917,9352.103494462,0,COMPLETED,True,0.09932856119121425,8.281692000309704,12.706544999673497,21.087565561174415
4800,9352.083724940261,9352.083823832,9352.083823832,9352.091818987,9352.104452631,1,COMPLETED,True,0.09889173816191033,7.99515500148118,12.633643998924526,20.727690738567617
4801,9352.09263332966,9352.092754469,9352.092754469,9352.103842252,9352.11354192,0,COMPLETED,True,0.1211393409903394,11.087782999311457,9.699668000394013,20.90859034069581
4802,9352.108988165563,9352.109136008,9352.109136008,9352.109805306,9352.121808932,1,COMPLETED,True,0.14784243830945343,0.6692979986837599,12.003625999568612,12.820766436561826
4803,9352.115153048484,9352.115243576,9352.115243576,9352.115844677,9352.125983206,0,COMPLETED,True,0.09052751556737348,0.6011010009387974,10.138528999959817,10.830157516465988
4804,9352.12481708923,9352.124911321,9352.124911321,9352.12558235,9352.134968099,1,COMPLETED,True,0.09423176925338339,0.6710289999318775,9.3857490010123,10.151009770197561
4805,9352.126258559807,9352.126343482,9352.126343482,9352.12671112,9352.135972065,0,COMPLETED,True,0.08492219239997212,0.36763800017070025,9.260945000278298,9.71350519284897
4806,9352.127229177731,9352.127312407,9352.127312407,9352.135429073,9352.145312975,1,COMPLETED,True,0.08322926805703901,8.116666000205441,9.883902001092792,18.083797269355273
4807,9352.131024472354,9352.131384625,9352.131384625,9352.136356811,9352.145486735,0,COMPLETED,True,0.36015264595334884,4.97218599957705,9.129924001172185,14.462262646702584
4808,9352.134858953263,9352.135021868,9352.135021868,9352.145716482,9352.154683071,1,COMPLETED,True,0.1629147373023443,10.694614000385627,8.966588999101077,19.82411773678905
4809,9352.143623701353,9352.143823508,9352.143823508,9352.145777746,9352.154796722,0,COMPLETED,True,0.19980664728791453,1.9542379995982628,9.018975999424583,11.17302064631076
4810,9352.146718689153,9352.146856013,9352.146856013,9352.15502676,9352.164312532,1,COMPLETED,True,0.13732384650211316,8.170746999894618,9.285772001021542,17.593842847418273
4811,9352.151613593081,9352.151775778,9352.151775778,9352.155076456,9352.164219263,0,COMPLETED,True,0.16218491873587482,3.300677999504842,9.142807000898756,12.605669919139473
4812,9352.152662160643,9352.152845069,9352.152845069,9352.164602158,9352.174117359,0,COMPLETED,True,0.18290835760126356,11.757088999729604,9.515200999885565,21.45519835721643
4813,9352.152978724818,9352.153266201,9352.153266201,9352.164643772,9352.173736909,1,COMPLETED,True,0.287476181256352,11.377570999684394,9.093137001400464,20.75818418234121
4814,9352.16600749488,9352.166174436,9352.166174436,9352.174096727,9352.182980469,1,COMPLETED,True,0.16694112127879634,7.922290998976678,8.88374200076214,16.972974121017614
4815,9352.167751415189,9352.167931705,9352.167931705,9352.174434957,9352.183572239,0,COMPLETED,True,0.18028981139650568,6.503251999674831,9.137282000665436,15.820823811736773
4816,9352.176751794797,9352.176911018,9352.176911018,9352.183331382,9352.192691156,1,COMPLETED,True,0.15922320199024398,6.420364001314738,9.35977399967669,15.939361202981672
4817,9352.1950576728,9352.19519844,9352.19519844,9352.195664475,9352.204805592,0,COMPLETED,True,0.14076720071898308,0.46603500049968716,9.141116999671794,9.747919200890465
4818,9352.208966216767,9352.209124673,9352.209124673,9352.20959367,9352.218825114,1,COMPLETED,True,0.15845623238419648,0.46899700100766495,9.231443998942268,9.85889723233413
4819,9352.224615525143,9352.22477121,9352.22477121,9352.225209577,9352.23422462,0,COMPLETED,True,0.1556848565087421,0.4383670002425788,9.01504300054512,9.60909485729644
4820,9352.237654960347,9352.237906376,9352.237906376,9352.238500671,9352.250909132,1,COMPLETED,True,0.2514156531105982,0.5942949992459035,12.408461001541582,13.254171653898084
4821,9352.23874060771,9352.238874158,9352.238874158,9352.239196886,9352.248321908,0,COMPLETED,True,0.13355028931982815,0.3227279994462151,9.125022001171601,9.581300289937644
4822,9352.26536451055,9352.265452509,9352.265452509,9352.266209647,9352.275742999,0,COMPLETED,True,0.08799845090834424,0.7571379992441507,9.533352000289597,10.378488450442092
4823,9352.266042640213,9352.266125812,9352.266125812,9352.26652491,9352.277452561,1,COMPLETED,True,0.08317178799188696,0.39909799852466676,10.927651001111371,11.409920787627925
4824,9352.266898330121,9352.266981532,9352.266981532,9352.276368442,9352.287137089,0,COMPLETED,True,0.08320187953358982,9.386910000102944,10.76864700007718,20.238758879713714
4825,9352.276342898476,9352.276445906,9352.276445906,9352.277890156,9352.28817196,1,COMPLETED,True,0.10300752364855725,1.4442499996221159,10.281804001351702,11.829061524622375
4826,9352.29568306871,9352.295811895,9352.295811895,9352.296309813,9352.305663909,0,COMPLETED,True,0.1288262883463176,0.49791800120146945,9.35409599878767,9.980840288335457
4827,9352.296312269022,9352.296432659,9352.296432659,9352.296693851,9352.305703659,1,COMPLETED,True,0.12038997920171823,0.261191999015864,9.009807999973418,9.391389978191
4828,9352.297282156127,9352.297400881,9352.297400881,9352.306098252,9352.314993094,0,COMPLETED,True,0.11872487266373355,8.697371000380372,8.894841999790515,17.71093787283462
4829,9352.316799927059,9352.316876351,9352.316876351,9352.317708459,9352.330167818,1,COMPLETED,True,0.07642394120921381,0.8321080003952375,12.459358998967218,13.36789094057167
4830,9352.328489643482,9352.328583296,9352.328583296,9352.328966676,9352.338790863,0,COMPLETED,True,0.09365251753479242,0.3833800001302734,9.824187000049278,10.301219517714344
4831,9352.328962498104,9352.329069389,9352.329069389,9352.330377219,9352.341465492,1,COMPLETED,True,0.10689089504012372,1.3078299998596776,11.088273000495974,12.502993895395775
4832,9352.329173973932,9352.329296185,9352.329296185,9352.338980306,9352.348312533,0,COMPLETED,True,0.12221106771903578,9.684120999736479,9.332227000413695,19.13855906786921
4833,9352.336425751493,9352.336595385,9352.336595385,9352.341886754,9352.351230069,1,COMPLETED,True,0.16963350753940176,5.291368999678525,9.343314999568975,14.804317506786902
4834,9352.354671191433,9352.354830062,9352.354830062,9352.355345571,9352.364420251,0,COMPLETED,True,0.15887056724750437,0.5155090002517682,9.074679999685031,9.749059567184304
4835,9352.359039009118,9352.35928668,9352.35928668,9352.359848359,9352.368784349,1,COMPLETED,True,0.24767088325461373,0.5616789985651849,8.935990001191385,9.745339883011184
4836,9352.363608754033,9352.363872493,9352.363872493,9352.364736362,9352.373837616,0,COMPLETED,True,0.26373896798759233,0.8638689996587345,9.101253999688197,10.228861967334524
4837,9352.374382732656,9352.374560707,9352.374560707,9352.375320485,9352.384329829,1,COMPLETED,True,0.17797434338717721,0.7597780004289234,9.009343999423436,9.947096343239537
4838,9352.375398740423,9352.375538427,9352.375538427,9352.375919758,9352.384903804,0,COMPLETED,True,0.13968657731311396,0.38133099951664917,8.984046000477974,9.505063577307737
4839,9352.376658351928,9352.376792559,9352.376792559,9352.384677723,9352.393905669,1,COMPLETED,True,0.13420707182376646,7.885163999162614,9.227946000464726,17.247317071451107
4840,9352.386765235202,9352.386925909,9352.386925909,9352.387628947,9352.396885133,0,COMPLETED,True,0.1606737987458473,0.703038000210654,9.256185998310684,10.119897797267186
4841,9352.395243104047,9352.395403048,9352.395403048,9352.396151127,9352.405272271,1,COMPLETED,True,0.15994395289453678,0.7480790009140037,9.121143999436754,10.029166953245294
4842,9352.39821783026,9352.398355798,9352.398355798,9352.398948268,9352.408197538,0,COMPLETED,True,0.13796773964713793,0.5924700017203577,9.249269998690579,9.979707740058075
4843,9352.411639179525,9352.411781972,9352.411781972,9352.412172008,9352.421157626,1,COMPLETED,True,0.14279247443482745,0.3900360006809933,8.985618000224349,9.51844647534017
4844,9352.416276157384,9352.416320199,9352.416320199,9352.416954598,9352.429386533,0,COMPLETED,True,0.04404161518323235,0.6343990007735556,12.431934999767691,13.110375615724479
4845,9352.416431078374,9352.416444674,9352.416444674,9352.421557014,9352.430548145,1,COMPLETED,True,0.013595625205198303,5.112340000778204,8.991130998765584,14.117066624748986
4846,9352.41713445124,9352.417279837,9352.417279837,9352.429611741,9352.440529983,0,COMPLETED,True,0.1453857603337383,12.33190399943851,10.918242000116152,23.3955317598884
4847,9352.433366021525,9352.433605828,9352.433605828,9352.434056626,9352.442929491,1,COMPLETED,True,0.2398064752924256,0.45079799929226283,8.872865000739694,9.563469475324382
4848,9352.449095652895,9352.449143887,9352.449143887,9352.449724896,9352.459292315,0,COMPLETED,True,0.048234105634037405,0.5810089987789979,9.567418999722577,10.196662104135612
4849,9352.45084034978,9352.450975758,9352.450975758,9352.451423671,9352.464207163,1,COMPLETED,True,0.13540821964852512,0.44791300024371594,12.783492000380647,13.366813220272888
4850,9352.453638510959,9352.453808141,9352.453808141,9352.459701621,9352.468914296,0,COMPLETED,True,0.1696300405455986,5.89347999994061,9.21267500052636,15.275785041012568
4851,9352.482552079502,9352.4826396,9352.4826396,9352.483207397,9352.492206318,1,COMPLETED,True,0.08752049870963674,0.5677969984390074,8.99892100096622,9.654238498114864
4852,9352.488390778892,9352.48849123,9352.48849123,9352.489171118,9352.501575903,0,COMPLETED,True,0.10045110866485629,0.6798880003771046,12.404784998579999,13.18512410762196
4853,9352.491757273829,9352.491847814,9352.491847814,9352.492530337,9352.501608396,1,COMPLETED,True,0.09054017209564336,0.6825229993410176,9.078058999875793,9.851122171312454
4854,9352.497392880401,9352.497599676,9352.497599676,9352.501770746,9352.510990189,1,COMPLETED,True,0.20679559929703828,4.171069998847088,9.219442999892635,13.597308598036761
4855,9352.511752702774,9352.51194431,9352.51194431,9352.512736956,9352.525326398,0,COMPLETED,True,0.19160722513333894,0.7926460002636304,12.589441999807605,13.573695225204574
4856,9352.517355445892,9352.517496877,9352.517496877,9352.518065842,9352.527299169,1,COMPLETED,True,0.14143110820441507,0.5689649988198653,9.233327000401914,9.943723107426194
4857,9352.51771466107,9352.517917087,9352.517917087,9352.525752848,9352.535333462,0,COMPLETED,True,0.20242593018338084,7.835761000023922,9.580613999787602,17.618800929994904
4858,9352.538066087238,9352.538164712,9352.538164712,9352.53881991,9352.547725953,1,COMPLETED,True,0.09862476144917309,0.6551980004587676,8.90604300002451,9.659865761932451
4859,9352.546706569028,9352.546782567,9352.546782567,9352.547456655,9352.556870265,0,COMPLETED,True,0.07599797208968084,0.6740879998687888,9.413609999683104,10.163695971641573
4860,9352.553917450992,9352.554110583,9352.554110583,9352.554863268,9352.567082378,1,COMPLETED,True,0.19313200755277649,0.7526850004069274,12.219109999932698,13.164927007892402
4861,9352.572371117543,9352.572466048,9352.572466048,9352.573139426,9352.582473381,0,COMPLETED,True,0.09493045581621118,0.6733780010108603,9.333955000329297,10.102263457156369
4862,9352.573110046776,9352.573265405,9352.573265405,9352.573855028,9352.586356938,1,COMPLETED,True,0.15535822421952616,0.5896229995414615,12.50190999962797,13.246891223388957
4863,9352.583305752503,9352.583419646,9352.583419646,9352.583824744,9352.592738398,0,COMPLETED,True,0.11389349674573168,0.4050980005558813,8.913653999115922,9.432645496417535
4864,9352.596540925944,9352.596629186,9352.596629186,9352.597251778,9352.608211382,1,COMPLETED,True,0.0882600561453728,0.6225919987628004,10.959604000163381,11.670456055071554
4865,9352.604842080194,9352.605044509,9352.605044509,9352.605529599,9352.614814303,0,COMPLETED,True,0.20242880600562785,0.4850900004385039,9.284703999583144,9.972222806027276
4866,9352.608083253854,9352.60821778,9352.60821778,9352.608618116,9352.618058453,1,COMPLETED,True,0.13452614621201064,0.40033600089373067,9.44033699852298,9.975199145628721
4867,9352.619794529597,9352.619955687,9352.619955687,9352.620571032,9352.633300011,0,COMPLETED,True,0.16115740254463162,0.6153449994599214,12.728979001622065,13.505481403626618
4868,9352.6310121943,9352.631097558,9352.631097558,9352.631639837,9352.640886807,1,COMPLETED,True,0.08536369932699017,0.5422790000011446,9.246969999367138,9.874612698695273
4869,9352.637384148877,9352.637632609,9352.637632609,9352.638215438,9352.647056283,0,COMPLETED,True,0.24846012274792884,0.5828290013596416,8.840844999213004,9.672134123320575
4870,9352.648723684044,9352.648855502,9352.648855502,9352.649404032,9352.65834341,1,COMPLETED,True,0.13181795657146722,0.5485299989231862,8.939377999922726,9.61972595541738
4871,9352.657895544926,9352.658040658,9352.658040658,9352.658859827,9352.667880493,0,COMPLETED,True,0.14511307381326333,0.8191689994418994,9.020666000651545,9.984948073906708
4872,9352.66979958751,9352.669943062,9352.669943062,9352.6704738,9352.679539069,1,COMPLETED,True,0.14347448995977174,0.5307380015437957,9.065268999620457,9.739481491124025
4873,9352.694308491684,9352.694457474,9352.694457474,9352.695089829,9352.706066516,0,COMPLETED,True,0.14898231529514305,0.6323550005618017,10.976687000948004,11.75802431680495
4874,9352.696012465223,9352.696256908,9352.696256908,9352.696776028,9352.709101884,1,COMPLETED,True,0.244442777329823,0.5191199998080265,12.325855999733903,13.089418776871753
4875,9352.696904829592,9352.69705001,9352.69705001,9352.70623314,9352.717270576,0,COMPLETED,True,0.14518040734401438,9.183129999655648,11.037436001060996,20.36574640806066
4876,9352.697612931888,9352.697745042,9352.697745042,9352.709364312,9352.721195177,1,COMPLETED,True,0.13211011173552833,11.619270000664983,11.830864999865298,23.58224511226581
4877,9352.728465451253,9352.728618984,9352.728618984,9352.729245232,9352.738593626,0,COMPLETED,True,0.15353274648077786,0.6262480001169024,9.34839399997145,10.12817474656913
4878,9352.730984689957,9352.731137631,9352.731137631,9352.731775136,9352.741286437,1,COMPLETED,True,0.15294104377971962,0.6375049997586757,9.511300999292871,10.301747042831266
4879,9352.739680765297,9352.73989551,9352.73989551,9352.740555431,9352.752816388,0,COMPLETED,True,0.2147447030438343,0.6599210009881062,12.260956998943584,13.135622702975525
4880,9352.750098251472,9352.750332108,9352.750332108,9352.75083908,9352.761468289,1,COMPLETED,True,0.23385652821161784,0.5069719991297461,10.629209000398987,11.370037527740351
4881,9352.75537549694,9352.755543317,9352.755543317,9352.755937044,9352.76493294,0,COMPLETED,True,0.1678200605965685,0.3937269993912196,8.99589599976025,9.557443059748039
4882,9352.756148004775,9352.756291578,9352.756291578,9352.761897816,9352.771398086,1,COMPLETED,True,0.14357322470459621,5.606238000837038,9.500269999989541,15.250081225531176
4883,9352.763328845704,9352.76342722,9352.76342722,9352.765272649,9352.774689925,0,COMPLETED,True,0.09837429570325185,1.8454290002409834,9.417276000021957,11.361079295966192
4884,9352.769252161055,9352.769458379,9352.769458379,9352.771762879,9352.780918739,1,COMPLETED,True,0.20621794465114363,2.3044999998091953,9.155859999737004,11.666577944197343
4885,9352.780331593893,9352.780356851,9352.780356851,9352.780928376,9352.789899577,0,COMPLETED,True,0.025257108063669875,0.5715249990316806,8.971200999440043,9.567983106535394
4886,9352.78172122146,9352.781851128,9352.781851128,9352.782235044,9352.791301934,1,COMPLETED,True,0.1299065406783484,0.38391599991882686,9.066889999303385,9.58071253990056
4887,9352.785102814616,9352.785310353,9352.785310353,9352.790268725,9352.799237604,0,COMPLETED,True,0.20753838361997623,4.958372001055977,8.968878999439767,14.13478938411572
4888,9352.78666540526,9352.786809966,9352.786809966,9352.79166078,9352.800918801,1,COMPLETED,True,0.14456074131885543,4.850813998928061,9.25802100027795,14.253395740524866
4889,9352.804433618845,9352.804539205,9352.804539205,9352.805183569,9352.817646664,0,COMPLETED,True,0.10558615576883312,0.6443639995268313,12.463094999475288,13.213045154770953
4890,9352.80730416069,9352.807412228,9352.807412228,9352.807786615,9352.81715731,1,COMPLETED,True,0.10806731006596237,0.37438700019265525,9.370695001052809,9.853149311311427
4891,9352.829569849788,9352.829655309,9352.829655309,9352.830111368,9352.838985748,1,COMPLETED,True,0.08545921264158096,0.4560590004984988,8.87437999881513,9.41589821195521
4892,9352.839767784631,9352.839939179,9352.839939179,9352.84067364,9352.853394078,0,COMPLETED,True,0.1713943693175679,0.734460998501163,12.720438000542345,13.626293368361075
4893,9352.84074968673,9352.840887269,9352.840887269,9352.841171081,9352.849987708,1,COMPLETED,True,0.13758227032667492,0.2838119999069022,8.816626999760047,9.238021269993624
4894,9352.84653002589,9352.846693535,9352.846693535,9352.850349897,9352.860098098,1,COMPLETED,True,0.16350911027984694,3.656361999674118,9.748201000547851,13.568072110501816
4895,9352.847558901256,9352.847696936,9352.847696936,9352.85361157,9352.864187392,0,COMPLETED,True,0.13803474394080695,5.914634000873775,10.575821999736945,16.628490744551527
4896,9352.849043848986,9352.849193521,9352.849193521,9352.8604463,9352.869489448,1,COMPLETED,True,0.14967201423132792,11.252778998823487,9.043148000273504,20.44559901332832
4897,9352.854945884501,9352.855103677,9352.855103677,9352.864604805,9352.873812583,0,COMPLETED,True,0.15779249952174723,9.5011279991013,9.207778000927647,18.866698499550694
4898,9352.862087174712,9352.862245049,9352.862245049,9352.869852336,9352.878871277,1,COMPLETED,True,0.15787428856128827,7.607286999700591,9.01894100024947,16.78410228851135
4899,9352.888677944053,9352.888702727,9352.888702727,9352.889186492,9352.898466111,0,COMPLETED,True,0.024782946638879366,0.4837650012632366,9.279619000153616,9.788166948055732
4900,9352.896373333304,9352.896533899,9352.896533899,9352.897064258,9352.909254893,1,COMPLETED,True,0.16056569620559458,0.5303590005496517,12.190634999569738,12.881559696324985
4901,9352.901407800504,9352.901560689,9352.901560689,9352.902004325,9352.911298662,0,COMPLETED,True,0.15288849681383,0.44363599954522215,9.294337000028463,9.890861496387515
4902,9352.908670187882,9352.908771992,9352.908771992,9352.909452022,9352.920305918,1,COMPLETED,True,0.10180411845794879,0.6800299997848924,10.853895999389351,11.635730117632193
4903,9352.911332458369,9352.911415525,9352.911415525,9352.912114084,9352.921520873,0,COMPLETED,True,0.08306663221446797,0.698558998919907,9.406789000422577,10.188414631556952
4904,9352.925818958083,9352.925904155,9352.925904155,9352.926656925,9352.935504218,1,COMPLETED,True,0.08519691618857905,0.7527699999627657,8.847293000144418,9.685259916295763
4905,9352.942461498085,9352.942633445,9352.942633445,9352.943385255,9352.952545066,0,COMPLETED,True,0.17194691463373601,0.7518099992012139,9.159811001154594,10.083567914989544
4906,9352.951849238707,9352.951986273,9352.951986273,9352.952454038,9352.962341112,1,COMPLETED,True,0.1370342924928991,0.46776500130363274,9.887073998470441,10.491873292266973
4907,9352.953628864567,9352.953751633,9352.953751633,9352.954119063,9352.963444117,0,COMPLETED,True,0.12276843335712329,0.3674300005513942,9.325053999418742,9.81525243332726
4908,9352.95513082868,9352.955326061,9352.955326061,9352.962762814,9352.972650124,1,COMPLETED,True,0.19523232003848534,7.436753001456964,9.887309999612626,17.519295321108075
4909,9352.956154678548,9352.956315002,9352.956315002,9352.963825007,9352.972933014,0,COMPLETED,True,0.16032345229177736,7.510004999858211,9.10800699966785,16.77833545181784
4910,9352.956913128048,9352.957020213,9352.957020213,9352.97304909,9352.982130503,1,COMPLETED,True,0.10708495210565161,16.028877000280772,9.081412999876193,25.217374952262617
4911,9352.95944878076,9352.959557954,9352.959557954,9352.973226215,9352.982870614,0,COMPLETED,True,0.10917323925241362,13.668260999111226,9.644399000535486,23.421833238899126
4912,9352.971019670917,9352.97117518,9352.97117518,9352.982536853,9352.991838589,1,COMPLETED,True,0.15550908392469864,11.361672999555594,9.30173599954287,20.818918083023163
4913,9352.9764858607,9352.976646914,9352.976646914,9352.983220783,9352.992270586,0,COMPLETED,True,0.1610532999620773,6.573869000931154,9.049803000380052,15.784725301273284
4914,9352.984604495257,9352.984746316,9352.984746316,9352.992218655,9353.001348067,1,COMPLETED,True,0.1418207430106122,7.472338998923078,9.129412001129822,16.743571743063512
4915,9353.006621047776,9353.006707858,9353.006707858,9353.007696068,9353.020367022,0,COMPLETED,True,0.08681022336531896,0.9882100002869265,12.670953999986523,13.745974223638768
4916,9353.006836622131,9353.007243515,9353.007243515,9353.007654301,9353.016675606,1,COMPLETED,True,0.40689286834094673,0.41078600042965263,9.021305000715074,9.838983869485673
4917,9353.025038122665,9353.025129266,9353.025129266,9353.025767936,9353.03481611,1,COMPLETED,True,0.09114333442994393,0.6386700006260071,9.048173998962739,9.77798733401869
4918,9353.030149872393,9353.03023101,9353.03023101,9353.031003991,9353.042331387,0,COMPLETED,True,0.08113760668493342,0.7729810004093451,11.327395999614964,12.181514606709243
4919,9353.053240931571,9353.053344615,9353.053344615,9353.053982975,9353.063538794,1,COMPLETED,True,0.10368342918809503,0.6383599993569078,9.555819000524934,10.297862429069937
4920,9353.0563845467,9353.056550512,9353.056550512,9353.057041995,9353.06860658,0,COMPLETED,True,0.16596529894741252,0.49148300058732275,11.56458500008739,12.222033299622126
4921,9353.062388577906,9353.062680649,9353.062680649,9353.063929474,9353.073186451,1,COMPLETED,True,0.2920710940088611,1.2488249994930811,9.256977000404731,10.797873093906674
4922,9353.063521041608,9353.063631858,9353.063631858,9353.068844027,9353.079309256,0,COMPLETED,True,0.11081639240728691,5.212169000515132,10.465228999237297,15.788214392159716
4923,9353.07288672679,9353.07304973,9353.07304973,9353.073543064,9353.082441058,1,COMPLETED,True,0.16300320930895396,0.4933340005663922,8.89799400101765,9.554331210892997
4924,9353.082566344141,9353.082739317,9353.082739317,9353.083580424,9353.095844485,0,COMPLETED,True,0.17297285921813454,0.8411069993599085,12.264061000678339,13.278140859256382
4925,9353.090006382783,9353.090163702,9353.090163702,9353.09071335,9353.103132448,1,COMPLETED,True,0.15731921666883864,0.5496480007423088,12.419098000464146,13.126065217875293
4926,9353.100084212621,9353.100266178,9353.100266178,9353.10077413,9353.110827108,0,COMPLETED,True,0.18196537894255016,0.5079519996797899,10.052977999293944,10.742895377916284
4927,9353.101824737956,9353.101969954,9353.101969954,9353.103314268,9353.113332098,1,COMPLETED,True,0.14521604316541925,1.3443140014715027,10.017829999924288,11.50736004456121
4928,9353.12411606535,9353.124233771,9353.124233771,9353.124674845,9353.13392855,0,COMPLETED,True,0.11770564924518112,0.4410740002640523,9.253705000446644,9.812484649955877
4929,9353.127854409593,9353.127966504,9353.127966504,9353.128374507,9353.137684087,1,COMPLETED,True,0.11209440708626062,0.4080029993929202,9.30958000026294,9.829677406742121
4930,9353.128960660393,9353.12911946,9353.12911946,9353.134350123,9353.143712523,0,COMPLETED,True,0.15879960665188264,5.230663000475033,9.362400000100024,14.75186260722694
4931,9353.132679725182,9353.132789758,9353.132789758,9353.138045311,9353.1473625,1,COMPLETED,True,0.11003281724697445,5.255553000097279,9.317189000284998,14.682774817629252
4932,9353.1347514058,9353.13486082,9353.13486082,9353.144163931,9353.154002777,0,COMPLETED,True,0.10941420077870134,9.303110999098863,9.838846001002821,19.251371200880385
4933,9353.145344714034,9353.145454351,9353.145454351,9353.147720736,9353.156815271,1,COMPLETED,True,0.10963696695398539,2.2663849995296914,9.094535000258475,11.470556966742151
4934,9353.14766646886,9353.147803913,9353.147803913,9353.154397484,9353.163582693,0,COMPLETED,True,0.13744413990934845,6.593571000848897,9.185208999042516,15.916224139800761
4935,9353.16089230831,9353.160993137,9353.160993137,9353.16141207,9353.170761891,1,COMPLETED,True,0.10082869084726553,0.418932999309618,9.34982100079651,9.869582690953393
4936,9353.164726132822,9353.164848307,9353.164848307,9353.165182829,9353.175488447,0,COMPLETED,True,0.12217417861393187,0.3345219993207138,10.305617999620154,10.7623141775548
4937,9353.168168339564,9353.168272149,9353.168272149,9353.171136799,9353.180246831,1,COMPLETED,True,0.10380943604104687,2.864649999537505,9.110032000535284,12.078491436113836
4938,9353.174413300014,9353.174579466,9353.174579466,9353.175855064,9353.18515265,0,COMPLETED,True,0.16616598622931633,1.2755980005749734,9.297585998865543,10.739349985669833
4939,9353.192871089555,9353.192970996,9353.192970996,9353.193427489,9353.202880115,1,COMPLETED,True,0.09990644502977375,0.4564930004562484,9.452625999983866,10.009025445469888
4940,9353.199099500238,9353.199224739,9353.199224739,9353.199837738,9353.209398784,0,COMPLETED,True,0.12523876284831204,0.6129989997134544,9.56104599936225,10.299283761924016
4941,9353.203883504068,9353.203984908,9353.203984908,9353.204411906,9353.213563234,1,COMPLETED,True,0.10140393169422168,0.426997999966261,9.151328000370995,9.679729932031478
4942,9353.205523758876,9353.205676369,9353.205676369,9353.209774022,9353.218974185,0,COMPLETED,True,0.15261012413247954,4.097652999917045,9.200163000059547,13.450426124109072
4943,9353.220138486538,9353.220260297,9353.220260297,9353.220723024,9353.231293555,1,COMPLETED,True,0.12181046076875646,0.4627270009223139,10.570530999757466,11.155068461448536
4944,9353.228735893475,9353.228867072,9353.228867072,9353.229291393,9353.238874358,0,COMPLETED,True,0.13117852540744934,0.42432099871803075,9.582964999935939,10.138464524061419
4945,9353.232829614035,9353.232981811,9353.232981811,9353.233527409,9353.243835577,1,COMPLETED,True,0.15219696433632635,0.5455980008264305,10.308167999028228,11.005962964190985
4946,9353.238215586704,9353.238391537,9353.238391537,9353.239265404,9353.248745576,0,COMPLETED,True,0.17595029567019083,0.8738670003367588,9.480172000621678,10.529989296628628
4947,9353.253595798074,9353.25368984,9353.25368984,9353.254092427,9353.263143658,1,COMPLETED,True,0.09404192496731412,0.40258700028061867,9.051230999830295,9.547859925078228
4948,9353.260812466673,9353.260902553,9353.260902553,9353.261283658,9353.270351297,0,COMPLETED,True,0.09008632696350105,0.3811049991782056,9.067639000932104,9.53883032707381
4949,9353.275529233386,9353.275622719,9353.275622719,9353.276071655,9353.285313185,1,COMPLETED,True,0.09348561434308067,0.44893599988427013,9.241530000508646,9.783951614735997
4950,9353.278629085877,9353.278741681,9353.278741681,9353.279163444,9353.288215129,0,COMPLETED,True,0.11259512393735349,0.4217629993945593,9.051684999576537,9.58604312290845
4951,9353.280489727327,9353.280580195,9353.280580195,9353.2856698,9353.295128512,1,COMPLETED,True,0.09046767263498623,5.089604999739095,9.458712000196101,14.638784672570182
4952,9353.28346383379,9353.283579335,9353.283579335,9353.288380574,9353.298154708,0,COMPLETED,True,0.11550121053005569,4.801238999789348,9.774133999599144,14.690874209918547
4953,9353.294171361806,9353.294329132,9353.294329132,9353.295473113,9353.304652929,1,COMPLETED,True,0.15777019507368095,1.1439809986768523,9.179816001051222,10.481567194801755
4954,9353.306765626368,9353.3068879,9353.3068879,9353.307302336,9353.317926316,0,COMPLETED,True,0.12227363185957074,0.414435999118723,10.623980000673328,11.160689631651621
4955,9353.310059646774,9353.310145073,9353.310145073,9353.310616768,9353.322727265,1,COMPLETED,True,0.08542622526874766,0.4716950006695697,12.11049700032163,12.667618226259947
4956,9353.31021506854,9353.31036823,9353.31036823,9353.318264333,9353.327949296,0,COMPLETED,True,0.1531614598206943,7.896102999438881,9.684962999017444,17.73422745827702
4957,9353.325034104897,9353.325062734,9353.325062734,9353.325443744,9353.334677149,1,COMPLETED,True,0.028629103326238692,0.3810099988186266,9.233405000486528,9.643044102631393
4958,9353.334302772073,9353.334426897,9353.334426897,9353.334841518,9353.344341884,0,COMPLETED,True,0.12412492651492357,0.414621001255,9.500365998974303,10.039111926744226
4959,9353.352852129685,9353.352959649,9353.352959649,9353.353443337,9353.362817573,1,COMPLETED,True,0.10751931586128194,0.4836879998038057,9.374235998620861,9.965443314285949
4960,9353.353344034042,9353.353459188,9353.353459188,9353.353860603,9353.363271109,0,COMPLETED,True,0.11515395817696117,0.4014149999420624,9.410505999767338,9.927074957886362
4961,9353.361099845713,9353.361208461,9353.361208461,9353.363202469,9353.372934135,1,COMPLETED,True,0.10861528608074877,1.9940080001106253,9.731666001243866,11.83428928743524
4962,9353.362226260542,9353.362351798,9353.362351798,9353.363658664,9353.373088444,0,COMPLETED,True,0.1255374572792789,1.3068660009594169,9.429779998754384,10.86218345699308
4963,9353.362241723662,9353.362414531,9353.362414531,9353.373309569,9353.38224634,1,COMPLETED,True,0.17280733845836949,10.89503799994418,8.936770998843713,20.00461633724626
4964,9353.363255199527,9353.363349822,9353.363349822,9353.373395167,9353.382399301,0,COMPLETED,True,0.09462247362534981,10.045344999525696,9.004133999042097,19.144101472193142
4965,9353.367665696458,9353.367846605,9353.367846605,9353.382606378,9353.392694507,1,COMPLETED,True,0.1809085424611112,14.75977299924125,10.088128999996115,25.028810541698476
4966,9353.373104336253,9353.373204,9353.373204,9353.382711607,9353.391982277,0,COMPLETED,True,0.09966374636860564,9.507607001069118,9.27066999975068,18.877940747188404
4967,9353.38241544578,9353.382534523,9353.382534523,9353.392348455,9353.401507133,0,COMPLETED,True,0.1190772200061474,9.813931999815395,9.15867799994885,19.091687219770392
4968,9353.383089689958,9353.383199026,9353.383199026,9353.393084534,9353.403250954,1,COMPLETED,True,0.10933604244200978,9.885507999570109,10.166419999222853,20.161264041234972
4969,9353.383663917672,9353.383750433,9353.383750433,9353.401851798,9353.410999318,0,COMPLETED,True,0.08651532880321611,18.10136499989312,9.147520000624354,27.33540032932069
4970,9353.39934155235,9353.399518996,9353.399518996,9353.40342785,9353.413240054,1,COMPLETED,True,0.1774436514097033,3.9088539997464977,9.812203999899793,13.898501651055994
4971,9353.425267060538,9353.425362073,9353.425362073,9353.425840633,9353.434992078,0,COMPLETED,True,0.09501246131549124,0.47855999946477823,9.15144500140741,9.72501746218768
4972,9353.436554328631,9353.436678568,9353.436678568,9353.437108503,9353.446315284,1,COMPLETED,True,0.12423936823324766,0.42993500028387643,9.206781000102637,9.760955368619761
4973,9353.43916087096,9353.439251677,9353.439251677,9353.439610314,9353.448732684,0,COMPLETED,True,0.09080604104383383,0.3586370003176853,9.122370000113733,9.571813041475252
4974,9353.444504838617,9353.444608044,9353.444608044,9353.446693369,9353.456472411,1,COMPLETED,True,0.10320538240193855,2.0853250007348834,9.77904200044577,11.967572383582592
4975,9353.448761566187,9353.448864983,9353.448864983,9353.449391836,9353.458841587,0,COMPLETED,True,0.1034168126352597,0.5268530003377236,9.44975099992007,10.080020812893054
4976,9353.45375027528,9353.453905738,9353.453905738,9353.456822966,9353.466132561,1,COMPLETED,True,0.15546272152278107,2.917227999205352,9.309594999649562,12.382285720377695
4977,9353.465842248612,9353.465965572,9353.465965572,9353.46642154,9353.475882196,0,COMPLETED,True,0.12332338883425109,0.4559680000966182,9.460655999646406,10.039947388577275
4978,9353.46782420356,9353.467956195,9353.467956195,9353.468322015,9353.477325585,1,COMPLETED,True,0.1319914390478516,0.3658200002973899,9.003569999549654,9.501381438894896
4979,9353.470937132708,9353.471035709,9353.471035709,9353.476334061,9353.485909611,0,COMPLETED,True,0.09857629265752621,5.2983519999543205,9.575549998771749,14.972478291383595
4980,9353.47908243657,9353.479219269,9353.479219269,9353.479580295,9353.490017889,1,COMPLETED,True,0.1368324301438406,0.3610259991546627,10.437594000904937,10.93545243020344
4981,9353.480240020734,9353.480346905,9353.480346905,9353.486294393,9353.495606004,0,COMPLETED,True,0.1068842666427372,5.947487999947043,9.311611000157427,15.365983266747207
4982,9353.490904948689,9353.490967296,9353.490967296,9353.491328123,9353.500780017,1,COMPLETED,True,0.06234731154108886,0.3608269998949254,9.451894000449101,9.875068311885116
4983,9353.499126590154,9353.499217723,9353.499217723,9353.499659571,9353.508797005,0,COMPLETED,True,0.09113284613704309,0.4418480002641445,9.137434000876965,9.670414847278153
4984,9353.527911836933,9353.527999844,9353.527999844,9353.528460943,9353.537965394,1,COMPLETED,True,0.08800706746114884,0.46109899994917214,9.504450999884284,10.053557067294605
4985,9353.529488563987,9353.529626815,9353.529626815,9353.529957576,9353.540822432,0,COMPLETED,True,0.13825101268594153,0.3307610004412709,10.864855999898282,11.333868013025494
4986,9353.530284335198,9353.530408195,9353.530408195,9353.538390252,9353.547698112,1,COMPLETED,True,0.12385980153339915,7.982057000845089,9.307859998443746,17.413776800822234
4987,9353.535693932223,9353.53587176,9353.53587176,9353.541010676,9353.550558979,0,COMPLETED,True,0.1778277764969971,5.138915999850724,9.548302999974112,14.865046776321833
4988,9353.538371440138,9353.538473621,9353.538473621,9353.548148923,9353.557401512,1,COMPLETED,True,0.102180862086243,9.675302000687225,9.252588999515865,19.030071862289333
4989,9353.541741638017,9353.541869544,9353.541869544,9353.550940459,9353.560054504,0,COMPLETED,True,0.1279059833905194,9.0709149990289,9.114045000387705,18.312865982807125
4990,9353.558701936174,9353.558764931,9353.558764931,9353.559140308,9353.56866791,1,COMPLETED,True,0.06299482629401609,0.3753769997274503,9.527602000162005,9.965973826183472
4991,9353.558796664562,9353.558828863,9353.558828863,9353.560378742,9353.56966786,0,COMPLETED,True,0.032198438930208795,1.54987899986736,9.289117999287555,10.871195438085124
4992,9353.576692374145,9353.576821454,9353.576821454,9353.577227496,9353.587250524,1,COMPLETED,True,0.1290798554691719,0.4060419996676501,10.023028000432532,10.558149855569354
4993,9353.58615003334,9353.586245456,9353.586245456,9353.586636755,9353.596165652,0,COMPLETED,True,0.09542265979689546,0.39129900142143015,9.52889699874504,10.015618659963366
4994,9353.58879781999,9353.588909693,9353.588909693,9353.589188922,9353.598443841,1,COMPLETED,True,0.11187301060999744,0.2792289997159969,9.254918999431538,9.646021009757533
4995,9353.598055968678,9353.598149672,9353.598149672,9353.598500011,9353.609319762,0,COMPLETED,True,0.09370332190883346,0.35033899985137396,10.819750999871758,11.263793321631965
4996,9353.604716551226,9353.604814738,9353.604814738,9353.605175306,9353.614786714,1,COMPLETED,True,0.0981867742666509,0.3605679994507227,9.611408000637311,10.070162774354685
4997,9353.605059991583,9353.605146094,9353.605146094,9353.609795421,9353.622296647,0,COMPLETED,True,0.0861024163896218,4.64932700015197,12.501225999585586,17.236655416127178
4998,9353.607042510148,9353.607130024,9353.607130024,9353.615168189,9353.627545529,1,COMPLETED,True,0.08751385212235618,8.038165000471054,12.377339999147807,20.503018851741217
4999,9353.61834002993,9353.618481887,9353.618481887,9353.622746288,9353.633667686,0,COMPLETED,True,0.14185707004799042,4.264400999090867,10.921397999481997,15.327656068620854
5000,9353.627046568427,9353.627136115,9353.627136115,9353.628094513,9353.639289284,1,COMPLETED,True,0.08954657278081868,0.9583980008756043,11.1947709992819,12.242715572938323
5001,9353.640773819912,9353.640884152,9353.640884152,9353.641582194,9353.650582917,0,COMPLETED,True,0.11033208829758223,0.698042000294663,9.000722999189747,9.809097087781993
5002,9353.644142313062,9353.644257381,9353.644257381,9353.644853854,9353.654082146,1,COMPLETED,True,0.11506793816806749,0.5964730007690378,9.228291999534122,9.939832938471227
5003,9353.646950487297,9353.647135871,9353.647135871,9353.650955121,9353.660180726,0,COMPLETED,True,0.1853837038652273,3.8192499996512197,9.22560499930114,13.230238702817587
5004,9353.663914758246,9353.664071794,9353.664071794,9353.664678637,9353.673953423,1,COMPLETED,True,0.15703575445513707,0.6068429993320024,9.274785999878077,10.038664753665216
5005,9353.674358184162,9353.67453891,9353.67453891,9353.675017829,9353.683838723,0,COMPLETED,True,0.18072583770845085,0.47891900067043025,8.8208939996548,9.48053883803368
5006,9353.681198612272,9353.681336955,9353.681336955,9353.681820407,9353.694391856,1,COMPLETED,True,0.13834272795065772,0.4834520004806109,12.571448998642154,13.193243727073423
5007,9353.708780478875,9353.708880238,9353.708880238,9353.709451035,9353.719197615,0,COMPLETED,True,0.09975912507798057,0.5707969994546147,9.746580000864924,10.41713612539752
5008,9353.724624846376,9353.724718783,9353.724718783,9353.725407351,9353.735548233,1,COMPLETED,True,0.09393662367074285,0.688567999532097,10.140882000996498,10.923386624199338
5009,9353.72605530327,9353.726140833,9353.726140833,9353.726551525,9353.736197934,0,COMPLETED,True,0.08552972940378822,0.4106920005142456,9.646409000197309,10.142630730115343
5010,9353.741349393564,9353.7415077,9353.7415077,9353.742136901,9353.751670184,1,COMPLETED,True,0.15830643678782508,0.6292010002653114,9.533282998745563,10.320790435798699
5011,9353.749679446477,9353.749778393,9353.749778393,9353.750231546,9353.759634405,0,COMPLETED,True,0.09894652248476632,0.45315300121728797,9.402858999237651,9.954958522939705
5012,9353.754508464073,9353.754598476,9353.754598476,9353.754956869,9353.764663089,1,COMPLETED,True,0.09001192665891722,0.35839299926010426,9.706220000225585,10.154624926144606
5013,9353.758256734938,9353.758517251,9353.758517251,9353.76008109,9353.769213778,0,COMPLETED,True,0.26051606255350634,1.5638389995729085,9.132687999226619,10.957043061353033
5014,9353.7635890128,9353.7637498,9353.7637498,9353.764890106,9353.774706624,1,COMPLETED,True,0.16078720000223257,1.1403059997974196,9.816518000661745,11.117611200461397
5015,9353.776816985435,9353.7769011,9353.7769011,9353.777417751,9353.78604374,0,COMPLETED,True,0.08411456474277657,0.5166509999980917,8.625988999483525,9.226754564224393
5016,9353.784793927425,9353.784887242,9353.784887242,9353.785526058,9353.795072786,1,COMPLETED,True,0.09331457476946525,0.6388159999914933,9.54672800071421,10.27885857547517
5017,9353.786236985972,9353.786582136,9353.786582136,9353.787047488,9353.796085502,0,COMPLETED,True,0.3451500269875396,0.46535200090147555,9.038013999088435,9.84851602697745
5018,9353.789938380645,9353.790120716,9353.790120716,9353.795453576,9353.804924916,1,COMPLETED,True,0.18233535411127377,5.332860000635264,9.471339999436168,14.986535354182706
5019,9353.793888925708,9353.794030737,9353.794030737,9353.796232552,9353.805730189,0,COMPLETED,True,0.14181129336066078,2.2018149993527913,9.497637000094983,11.841263292808435
5020,9353.807963306384,9353.808115292,9353.808115292,9353.80861373,9353.817725686,1,COMPLETED,True,0.15198561595752835,0.4984379993402399,9.111956000197097,9.762379615494865
5021,9353.810337398994,9353.810416907,9353.810416907,9353.810887465,9353.820226736,0,COMPLETED,True,0.07950800500111654,0.4705580013251165,9.33927099868015,9.889337005006382
5022,9353.82518161464,9353.825283152,9353.825283152,9353.825978211,9353.835214463,1,COMPLETED,True,0.10153736002393998,0.6950589995540213,9.236252000846434,10.032848360424396
5023,9353.833603815488,9353.833766844,9353.833766844,9353.834410892,9353.84355025,0,COMPLETED,True,0.16302851145155728,0.6440479992306791,9.139358000538778,9.946434511221014
5024,9353.84319014661,9353.843292928,9353.843292928,9353.844327164,9353.856723628,1,COMPLETED,True,0.10278139052388724,1.034236000123201,12.396463998811669,13.533481389458757
5025,9353.858528612793,9353.858629447,9353.858629447,9353.859309268,9353.868606889,0,COMPLETED,True,0.10083420784212649,0.6798209997214144,9.297620999859646,10.078276207423187
5026,9353.860700279503,9353.860788076,9353.860788076,9353.861449479,9353.872662351,1,COMPLETED,True,0.08779649579082616,0.6614030007767724,11.212871999305207,11.962071495872806
5027,9353.866633604131,9353.866771657,9353.866771657,9353.869010111,9353.87829021,0,COMPLETED,True,0.13805286835122388,2.2384540006896714,9.280098998715403,11.656605867756298
5028,9353.868714068329,9353.868885932,9353.868885932,9353.87310216,9353.882642286,1,COMPLETED,True,0.17186367040267214,4.216228000586852,9.540126000501914,13.928217671491439
5029,9353.870709531371,9353.870850187,9353.870850187,9353.878639459,9353.887821232,0,COMPLETED,True,0.14065562936593778,7.789272000081837,9.181772998999804,17.11170062844758
5030,9353.884501453307,9353.884655548,9353.884655548,9353.885481355,9353.897687606,1,COMPLETED,True,0.1540946923341835,0.8258070010924712,12.206250999952317,13.186152693378972
5031,9353.888057062184,9353.888213877,9353.888213877,9353.888581628,9353.899423673,0,COMPLETED,True,0.15681481636420358,0.3677509994304273,10.842044999662903,11.366610815457534
5032,9353.89226765361,9353.8924242,9353.8924242,9353.898183103,9353.910805969,1,COMPLETED,True,0.15654638991691172,5.758903000241844,12.622866001038346,18.538315391197102
5033,9353.896705239331,9353.896819007,9353.896819007,9353.899777248,9353.910765767,0,COMPLETED,True,0.1137676699727308,2.9582409988506697,10.988518999511143,14.060527668334544
5034,9353.924832742925,9353.924919523,9353.924919523,9353.925552447,9353.938379623,0,COMPLETED,True,0.08678007543494459,0.6329240004561143,12.827175998609164,13.546880074500223
5035,9353.937090221072,9353.937264119,9353.937264119,9353.938016842,9353.950863026,1,COMPLETED,True,0.17389792810718063,0.7527229990955675,12.846184001318761,13.77280492852151
5036,9353.94054581451,9353.940684314,9353.940684314,9353.941264672,9353.953250723,0,COMPLETED,True,0.1384994902764447,0.5803579988423735,11.986051000349107,12.704908489467925
5037,9353.943415852995,9353.943508606,9353.943508606,9353.95136859,9353.962079844,1,COMPLETED,True,0.09275300544686615,7.85998399987875,10.711253999033943,18.66399100435956
5038,9353.96075227074,9353.960859755,9353.960859755,9353.961518255,9353.970993044,0,COMPLETED,True,0.1074842602974968,0.658500001009088,9.474788999796147,10.240773261102731
5039,9353.971198643667,9353.971506556,9353.971506556,9353.972056892,9353.981454332,1,COMPLETED,True,0.3079123325733235,0.5503360007423908,9.397440000611823,10.255688333927537
5040,9353.975502129511,9353.975656239,9353.975656239,9353.97639412,9353.989383106,0,COMPLETED,True,0.15410948799399193,0.7378810005320702,12.988985999982106,13.880976488508168
5041,9353.986973754407,9353.987066023,9353.987066023,9353.987638515,9353.996924995,1,COMPLETED,True,0.09226859401678666,0.5724919992644573,9.286480000810116,9.95124059409136
5042,9353.990887079119,9353.990986964,9353.990986964,9353.991654242,9354.002588511,0,COMPLETED,True,0.09988488091039471,0.6672780000371858,10.934269001154462,11.701431882102042
5043,9353.992515249342,9353.992680951,9353.992680951,9353.997291106,9354.006276055,1,COMPLETED,True,0.1657016582612414,4.610154999681981,8.984949001387577,13.7608056593308
5044,9353.997656504018,9353.997753163,9353.997753163,9354.003006376,9354.012208888,0,COMPLETED,True,0.09665898141975049,5.253213001196855,9.20251199931954,14.552383981936146
5045,9353.999086316926,9353.999172123,9353.999172123,9354.006459849,9354.016400961,1,COMPLETED,True,0.08580607391195372,7.287726000868133,9.941111999069108,17.314644073849195
5046,9354.014450294875,9354.014546536,9354.014546536,9354.015269157,9354.024394624,0,COMPLETED,True,0.09624112499295734,0.7226210000226274,9.125467000558274,9.944329125573859
5047,9354.031159389664,9354.03126637,9354.03126637,9354.031933773,9354.041106638,1,COMPLETED,True,0.10698033656808548,0.6674029991700081,9.172865000437014,9.947248336175107
5048,9354.031696551448,9354.031797475,9354.031797475,9354.032152719,9354.04156486,0,COMPLETED,True,0.10092355114466045,0.35524400118447375,9.412140998392715,9.86830855072185
5049,9354.045212452824,9354.045352771,9354.045352771,9354.046029511,9354.055136056,1,COMPLETED,True,0.14031817590876017,0.6767400009266566,9.106544999667676,9.923603176503093
5050,9354.047565086428,9354.047618368,9354.047618368,9354.048084575,9354.057323475,0,COMPLETED,True,0.05328157203621231,0.46620700049970765,9.238900000127614,9.758388572663534
5051,9354.04783252834,9354.047994799,9354.047994799,9354.055485467,9354.0648196,1,COMPLETED,True,0.16227066043938976,7.490668000173173,9.33413299935637,16.987071659968933
5052,9354.051647046774,9354.051808975,9354.051808975,9354.057701397,9354.066960677,0,COMPLETED,True,0.16192822658922523,5.892421999305952,9.259280001060688,15.313630226955866
5053,9354.054313947021,9354.054457263,9354.054457263,9354.065181646,9354.074141582,1,COMPLETED,True,0.14331597958516795,10.72438299888745,8.959935999882873,19.82763497835549
5054,9354.058858147799,9354.058997249,9354.058997249,9354.067153479,9354.076402811,0,COMPLETED,True,0.13910120105720125,8.156230000167852,9.249332000763388,17.544663201988442
5055,9354.058934986037,9354.059098829,9354.059098829,9354.074500189,9354.083754999,1,COMPLETED,True,0.16384296395699494,15.40136000039638,9.25480999831052,24.820012962663895
5056,9354.059119552636,9354.059811029,9354.059811029,9354.076732565,9354.086252257,0,COMPLETED,True,0.6914763634995325,16.921536000154447,9.519692001049407,27.132704364703386
5057,9354.059582471673,9354.059898398,9354.059898398,9354.084142036,9354.093323294,1,COMPLETED,True,0.31592632694810163,24.243637999461498,9.181258001262904,33.740822327672504
5058,9354.076249287602,9354.076400061,9354.076400061,9354.086597498,9354.095909703,0,COMPLETED,True,0.1507733977632597,10.19743700089748,9.312205000242102,19.660415398902842
5059,9354.077963674847,9354.078117143,9354.078117143,9354.093684733,9354.102637765,1,COMPLETED,True,0.15346815416705795,15.567589998681797,8.953032000135863,24.674090152984718
5060,9354.083395696454,9354.083538787,9354.083538787,9354.096312818,9354.105162005,0,COMPLETED,True,0.1430905449524289,12.774030999935349,8.849187001032988,21.766308545920765
5061,9354.11521011048,9354.115367224,9354.115367224,9354.116089399,9354.125151952,1,COMPLETED,True,0.15711351989011746,0.7221750001917826,9.062552999239415,9.941841519321315
5062,9354.115577098175,9354.115985161,9354.115985161,9354.116325601,9354.125538366,0,COMPLETED,True,0.4080628241354134,0.3404400013096165,9.21276499866508,9.96126782411011
5063,9354.12018660386,9354.120391676,9354.120391676,9354.125312495,9354.134602106,1,COMPLETED,True,0.20507214139797725,4.920818999380572,9.289610999985598,14.415502140764147
5064,9354.12293185519,9354.123080683,9354.123080683,9354.125701969,9354.134800055,0,COMPLETED,True,0.14882781033520587,2.6212859993393067,9.098086000449257,11.86819981012377
5065,9354.123719036,9354.123849374,9354.123849374,9354.134940753,9354.146226904,1,COMPLETED,True,0.13033799950790126,11.091378999481094,11.28615100060415,22.507867999593145
5066,9354.12879152277,9354.12893332,9354.12893332,9354.135073776,9354.144535885,0,COMPLETED,True,0.14179723075358197,6.140456000139238,9.462108999287011,15.744362230179831
5067,9354.133891632213,9354.134031822,9354.134031822,9354.144877908,9354.153848938,0,COMPLETED,True,0.1401897879986791,10.846085999219213,8.971029999884195,19.957305787102086
5068,9354.134884504852,9354.135356929,9354.135356929,9354.146543995,9354.15770256,1,COMPLETED,True,0.4724241480289493,11.187066000275081,11.158564999277587,22.818055147581617
5069,9354.169222769311,9354.169403507,9354.169403507,9354.169910157,9354.178819636,0,COMPLETED,True,0.18073768842441496,0.506649999806541,8.909479000067222,9.596866688298178
5070,9354.174478515299,9354.174615747,9354.174615747,9354.175028544,9354.184170426,1,COMPLETED,True,0.13723170195589773,0.412796998716658,9.141882001131307,9.691910701803863
5071,9354.174690451275,9354.174716521,9354.174716521,9354.179177993,9354.188581737,0,COMPLETED,True,0.026069725208799355,4.461472000912181,9.403743999428116,13.891285725549096
5072,9354.176848680923,9354.176872178,9354.176872178,9354.184518237,9354.193685201,1,COMPLETED,True,0.02349707756366115,7.646058998943772,9.166964000542066,16.8365200770495
5073,9354.184784443893,9354.184946066,9354.184946066,9354.188916157,9354.197852352,0,COMPLETED,True,0.1616221070435131,3.970091000155662,8.936194999478175,13.06790810667735
5074,9354.186060081282,9354.18623817,9354.18623817,9354.194049249,9354.203447822,1,COMPLETED,True,0.17808871780289337,7.811079000020982,9.398572999998578,17.387740717822453
5075,9354.199536659828,9354.19968361,9354.19968361,9354.200160061,9354.209670874,0,COMPLETED,True,0.14695017307531089,0.47645099948567804,9.510812998996698,10.134214171557687
5076,9354.201659710448,9354.201883725,9354.201883725,9354.203807074,9354.212883174,1,COMPLETED,True,0.22401455134968273,1.9233490002079634,9.076099999219878,11.223463550777524
5077,9354.216163342504,9354.216319146,9354.216319146,9354.216749056,9354.225640443,0,COMPLETED,True,0.15580349645460956,0.4299100000935141,8.891387000403483,9.477100496951607
5078,9354.22147964967,9354.221615574,9354.221615574,9354.222091399,9354.231966494,1,COMPLETED,True,0.1359243306069402,0.47582499973941594,9.875095000097645,10.486844330444
5079,9354.231579843774,9354.231813561,9354.231813561,9354.232538448,9354.245494904,0,COMPLETED,True,0.2337172263651155,0.724886998796137,12.956456001120387,13.91506022628164
5080,9354.246447372509,9354.246563664,9354.246563664,9354.246983701,9354.256760022,1,COMPLETED,True,0.11629149230429903,0.4200369985483121,9.776321001481847,10.312649492334458
5081,9354.25662713993,9354.256734631,9354.256734631,9354.257304706,9354.266427891,0,COMPLETED,True,0.10749107059382368,0.5700749989046017,9.123185000134981,9.800751069633407
5082,9354.285316528914,9354.285436461,9354.285436461,9354.286033387,9354.296847789,1,COMPLETED,True,0.11993208499916364,0.5969260000711074,10.814402001415147,11.531260086485418
5083,9354.302165463636,9354.302302893,9354.302302893,9354.302951358,9354.31413172,0,COMPLETED,True,0.13742936425842345,0.6484650002676062,11.18036200023198,11.96625636475801
5084,9354.302359546864,9354.30236752,9354.30236752,9354.303124601,9354.312225449,1,COMPLETED,True,0.007973136234795675,0.7570809993922012,9.100848001253325,9.865902136880322
5085,9354.30619277647,9354.306347468,9354.306347468,9354.312593771,9354.32175153,1,COMPLETED,True,0.15469153004232794,6.24630299898854,9.157759001027443,15.558753530058311
5086,9354.308056033637,9354.308244535,9354.308244535,9354.314288466,9354.325085148,0,COMPLETED,True,0.1885013625724241,6.043931000021985,10.796682001455338,17.029114364049747
5087,9354.317034050642,9354.317194669,9354.317194669,9354.322101477,9354.331205211,1,COMPLETED,True,0.16061835776781663,4.906808000669116,9.103733998927055,14.171160357363988
5088,9354.318944480972,9354.319176036,9354.319176036,9354.325412079,9354.33497017,0,COMPLETED,True,0.2315550282219192,6.236043000171776,9.558091000144486,16.02568902853818
5089,9354.322946016047,9354.323113503,9354.323113503,9354.331385356,9354.340615134,1,COMPLETED,True,0.16748695270507596,8.271852999314433,9.229778001099476,17.669117953118985
5090,9354.323772585574,9354.323910628,9354.323910628,9354.335318895,9354.344648731,0,COMPLETED,True,0.13804242553305812,11.408267000660999,9.329835998869385,20.87614542506344
5091,9354.32391820439,9354.323999346,9354.323999346,9354.34097297,9354.350044506,1,COMPLETED,True,0.08114160846162122,16.973624000456766,9.071536000192282,26.12630160911067
5092,9354.330522855937,9354.330661124,9354.330661124,9354.344978168,9354.354014916,0,COMPLETED,True,0.13826806389261037,14.317043998744339,9.03674800065346,23.49206006329041
5093,9354.337167653304,9354.337213335,9354.337213335,9354.350373137,9354.359513375,1,COMPLETED,True,0.04568169606500305,13.159801999790943,9.140238000327372,22.34572169618332
5094,9354.346356977332,9354.346561441,9354.346561441,9354.354377264,9354.363807666,0,COMPLETED,True,0.20446366761461832,7.815823000782984,9.430402000361937,17.45068866875954
5095,9354.357196408846,9354.357391387,9354.357391387,9354.359859189,9354.368957041,1,COMPLETED,True,0.19497815446811728,2.4678019999555545,9.097852000195417,11.760632154619088
5096,9354.360405687154,9354.360539456,9354.360539456,9354.364160703,9354.3734383,0,COMPLETED,True,0.1337688463536324,3.6212470004102215,9.277596998799709,13.032612845563563
5097,9354.371298458103,9354.371518001,9354.371518001,9354.37212473,9354.381455639,1,COMPLETED,True,0.2195428969571367,0.6067289996281033,9.330909000709653,10.157180897294893
5098,9354.380565677975,9354.380713518,9354.380713518,9354.381358984,9354.390489247,0,COMPLETED,True,0.14784002451051492,0.6454659996961709,9.130263000770356,9.923569024977041
5099,9354.383210826769,9354.38335991,9354.38335991,9354.383812673,9354.393070783,1,COMPLETED,True,0.14908323100826237,0.4527630007942207,9.258109999791486,9.85995623159397
5100,9354.3983324441,9354.398475635,9354.398475635,9354.399159103,9354.408478109,0,COMPLETED,True,0.14319090041681193,0.6834680007159477,9.319005999714136,10.145664900846896
5101,9354.399523431968,9354.399659229,9354.399659229,9354.400065566,9354.40928123,1,COMPLETED,True,0.13579703227151185,0.40633699973113835,9.215664000294055,9.757798032296705
5102,9354.415042200239,9354.415182955,9354.415182955,9354.4158601,9354.42503472,0,COMPLETED,True,0.14075476065045223,0.6771450007363455,9.174619999612332,9.99251976099913
5103,9354.417798856399,9354.417948089,9354.417948089,9354.418446621,9354.430856859,1,COMPLETED,True,0.14923260096111335,0.49853200107463636,12.410237999574747,13.058002601610497
5104,9354.426557102803,9354.426593401,9354.426593401,9354.426973355,9354.436152971,0,COMPLETED,True,0.03629819730122108,0.3799540008913027,9.179615999528323,9.595868197720847
5105,9354.4294363092,9354.429566626,9354.429566626,9354.431340101,9354.444316074,1,COMPLETED,True,0.13031680100539234,1.7734749999362975,12.975972998901852,14.879764799843542
5106,9354.43617248686,9354.436270131,9354.436270131,9354.437029796,9354.448786712,0,COMPLETED,True,0.09764414062374271,0.7596649993502069,11.7569160011044,12.61422514107835
5107,9354.463193867097,9354.463305448,9354.463305448,9354.463749233,9354.47360815,1,COMPLETED,True,0.11158090273966081,0.4437850002432242,9.858916999291978,10.414282902274863
5108,9354.464679258954,9354.464849658,9354.464849658,9354.465277822,9354.475263201,0,COMPLETED,True,0.17039904560078867,0.42816400127776433,9.985378999772365,10.583942046650918
5109,9354.471024365826,9354.47120081,9354.47120081,9354.474031793,9354.483568279,1,COMPLETED,True,0.17644417312112637,2.830983001331333,9.536485998978605,12.543913173431065
5110,9354.471842816314,9354.47199424,9354.47199424,9354.475432927,9354.485481314,0,COMPLETED,True,0.15142368647502735,3.4386869992886204,10.048386999187642,13.63849768495129
5111,9354.489896681198,9354.490037577,9354.490037577,9354.490497671,9354.499547138,1,COMPLETED,True,0.14089580145082437,0.46009400102775544,9.049467000295408,9.650456802773988
5112,9354.497518262795,9354.497655918,9354.497655918,9354.498139586,9354.507561174,0,COMPLETED,True,0.1376552045257995,0.48366800001531374,9.421587999895564,10.042911204436678
5113,9354.498530339584,9354.498664232,9354.498664232,9354.499944879,9354.50927155,1,COMPLETED,True,0.13389241576078348,1.2806470003852155,9.326670999143971,10.74121041528997
5114,9354.502417551757,9354.502626186,9354.502626186,9354.507938131,9354.516984168,0,COMPLETED,True,0.20863424288108945,5.3119450003578095,9.04603699927975,14.566616242518649
5115,9354.508833329932,9354.508997325,9354.508997325,9354.509619575,9354.518861554,1,COMPLETED,True,0.16399506785091944,0.6222499996511033,9.241978999853018,10.02822406735504
5116,9354.517812481465,9354.517952728,9354.517952728,9354.518739558,9354.527811255,0,COMPLETED,True,0.14024653501110151,0.786829999924521,9.071697000763379,9.998773535699002
5117,9354.531891475406,9354.532066125,9354.532066125,9354.532521098,9354.541520949,1,COMPLETED,True,0.1746495945553761,0.4549730001599528,8.99985099931655,9.629473594031879
5118,9354.548108275032,9354.548255736,9354.548255736,9354.548901498,9354.562206354,0,COMPLETED,True,0.1474609671276994,0.6457620002038311,13.304856000104337,14.098078967435868
5119,9354.55625761862,9354.556439478,9354.556439478,9354.556913403,9354.566964264,1,COMPLETED,True,0.18185937915404793,0.47392499982379377,10.050861001218436,10.706645380196278
5120,9354.576788144243,9354.5769339,9354.5769339,9354.577733098,9354.588060342,0,COMPLETED,True,0.14575575733033475,0.7991980000952026,10.327243999199709,11.272197756625246
5121,9354.578274459243,9354.578414469,9354.578414469,9354.578951007,9354.592274197,1,COMPLETED,True,0.14000975716044195,0.5365380002331221,13.323189999937313,13.999737757330877
5122,9354.580910636892,9354.581071295,9354.581071295,9354.588529374,9354.598210923,0,COMPLETED,True,0.16065810814325232,7.458078998752171,9.681549001470557,17.30028610836598
5123,9354.589834269562,9354.589995596,9354.589995596,9354.592837985,9354.604924003,1,COMPLETED,True,0.16132643759192433,2.842388999852119,12.086018001355114,15.089733438799158
5124,9354.592230627633,9354.592269843,9354.592269843,9354.598606254,9354.608170518,0,COMPLETED,True,0.03921536699635908,6.336410999210784,9.564264000800904,15.939890367008047
5125,9354.612021467961,9354.612163293,9354.612163293,9354.612822435,9354.621610944,1,COMPLETED,True,0.14182503946358338,0.6591419987671543,8.788508999714395,9.589476037945133
5126,9354.633604730294,9354.633656533,9354.633656533,9354.634428561,9354.645113364,0,COMPLETED,True,0.051802706366288476,0.7720279991190182,10.684803000913234,11.508633706398541
5127,9354.635096290853,9354.635336765,9354.635336765,9354.635790334,9354.645573734,1,COMPLETED,True,0.24047414808592293,0.4535689986369107,9.783400000742404,10.477443147465237
5128,9354.637760312355,9354.637921631,9354.637921631,9354.645615523,9354.656753418,0,COMPLETED,True,0.16131864504131954,7.693892001043423,11.137894998682896,18.99310564476764
5129,9354.65712734229,9354.657452375,9354.657452375,9354.658336406,9354.670170949,1,COMPLETED,True,0.325032709952211,0.8840310001687612,11.834543000077247,13.043606710198219
5130,9354.701065141251,9354.701241973,9354.701241973,9354.702030112,9354.715101787,0,COMPLETED,True,0.1768317488313187,0.7881389992689947,13.07167500090145,14.036645749001764
5131,9354.707349208158,9354.707496697,9354.707496697,9354.708092631,9354.721454374,1,COMPLETED,True,0.14748884132131934,0.5959340014669579,13.361742998313275,14.105165841101552
5132,9354.714524427052,9354.714646763,9354.714646763,9354.715654554,9354.726966898,0,COMPLETED,True,0.12233594679855742,1.0077910010295454,11.312344000543817,12.44247094837192
5133,9354.724280231045,9354.724409761,9354.724409761,9354.724929489,9354.73428252,1,COMPLETED,True,0.1295299553021323,0.5197280006541405,9.353030998681788,10.002288954638061
5134,9354.729424551471,9354.729545569,9354.729545569,9354.73013609,9354.739748103,0,COMPLETED,True,0.12101752872695215,0.5905210000491934,9.61201300015091,10.323551528927055
5135,9354.744920463907,9354.745009637,9354.745009637,9354.745571795,9354.755071992,1,COMPLETED,True,0.08917309241951443,0.5621580003207782,9.500197000306798,10.15152809304709
5136,9354.748513185295,9354.748642401,9354.748642401,9354.749061399,9354.758944175,0,COMPLETED,True,0.1292157048737863,0.41899799907696433,9.882776001177263,10.430989705128013
5137,9354.757264741202,9354.757387879,9354.757387879,9354.757781529,9354.766805523,1,COMPLETED,True,0.12313779916439671,0.3936499997507781,9.02399400001741,9.540781798932585
5138,9354.764329409552,9354.764430705,9354.764430705,9354.764878569,9354.774038849,0,COMPLETED,True,0.10129544716619421,0.4478640003071632,9.160280000287457,9.709439447760815
5139,9354.766646905517,9354.766698497,9354.766698497,9354.767139762,9354.778239523,1,COMPLETED,True,0.05159148349775933,0.4412649996083928,11.099761000878061,11.592617483984213
5140,9354.767063987128,9354.767198894,9354.767198894,9354.774422958,9354.785374003,0,COMPLETED,True,0.1349068716081092,7.224064000183716,10.951045000183512,18.310015871975338
5141,9354.767858818575,9354.76808572,9354.76808572,9354.778449467,9354.791369491,1,COMPLETED,True,0.22690142395731527,10.363747000155854,12.92002400077763,23.5106724248908
5142,9354.769067201712,9354.769227733,9354.769227733,9354.785704194,9354.796851707,0,COMPLETED,True,0.1605312882020371,16.47646099991107,11.147512999741593,27.7845052878547
5143,9354.786859890124,9354.786949195,9354.786949195,9354.79186229,9354.804522208,1,COMPLETED,True,0.08930487638281193,4.913094999210443,12.659918000281323,17.662317875874578
5144,9354.788719321728,9354.788819844,9354.788819844,9354.797177772,9354.807841749,0,COMPLETED,True,0.10052227116830181,8.357927999895765,10.663977000149316,19.122427271213382
5145,9354.798222511234,9354.79831351,9354.79831351,9354.804990024,9354.817733238,1,COMPLETED,True,0.09099876660911832,6.676513999991585,12.74321399978362,19.510726766384323
5146,9354.798546951957,9354.798758274,9354.798758274,9354.808106329,9354.819112849,0,COMPLETED,True,0.21132204346940853,9.34805499855429,11.00652000059199,20.56589704261569
5147,9354.80877598849,9354.808876059,9354.808876059,9354.818222218,9354.830735215,1,COMPLETED,True,0.10007051059801597,9.346159000415355,12.512997000158066,21.959226511171437
5148,9354.811168474389,9354.811261441,9354.811261441,9354.819413235,9354.830565483,0,COMPLETED,True,0.09296661119151395,8.151793999786605,11.152248000144027,19.397008611122146
5149,9354.818648169774,9354.81877933,9354.81877933,9354.83088814,9354.841288594,0,COMPLETED,True,0.13116022637404967,12.108810000427184,10.400453998954617,22.64042422575585
5150,9354.830726617152,9354.830969014,9354.830969014,9354.832056042,9354.845021598,1,COMPLETED,True,0.24239684717031196,1.087028000256396,12.96555599947169,14.294980846898397
5151,9354.835027216097,9354.835181656,9354.835181656,9354.841456817,9354.851132681,0,COMPLETED,True,0.15443990378116723,6.275160998484353,9.675864001110313,16.105464903375832
5152,9354.849906059748,9354.850050457,9354.850050457,9354.850777445,9354.863254859,1,COMPLETED,True,0.14439725237025414,0.7269880006788298,12.4774139985675,13.348799251616583
5153,9354.857159736252,9354.857302613,9354.857302613,9354.857929025,9354.867964525,0,COMPLETED,True,0.14287674821389373,0.6264120002015261,10.035499999503372,10.804788747918792
5154,9354.86367217903,9354.86388696,9354.86388696,9354.864550822,9354.876498088,1,COMPLETED,True,0.2147809700545622,0.6638619997829664,11.947266000788659,12.825908970626188
5155,9354.864454966075,9354.864633136,9354.864633136,9354.86832006,9354.879611479,0,COMPLETED,True,0.17816992476582527,3.6869240011583315,11.291418999462621,15.156512925386778
5156,9354.87205759247,9354.872294062,9354.872294062,9354.876650808,9354.887958502,1,COMPLETED,True,0.2364695283176843,4.356746001576539,11.307693999697221,15.900909529591445
5157,9354.873567327302,9354.873731155,9354.873731155,9354.879960208,9354.891207177,0,COMPLETED,True,0.16382769717893098,6.229053000424756,11.24696899933042,17.639849696934107
5158,9354.875808031522,9354.875950178,9354.875950178,9354.888275259,9354.899165267,1,COMPLETED,True,0.14214647853805218,12.32508099928964,10.890007999478257,23.35723547730595
5159,9354.8762716109,9354.876592838,9354.876592838,9354.891556205,9354.902841709,0,COMPLETED,True,0.3212271003576461,14.963367000746075,11.285503998806234,26.570098099909956
5160,9354.883612541214,9354.88375312,9354.88375312,9354.899486498,9354.910831374,1,COMPLETED,True,0.140578786158585,15.733377998913056,11.34487600029388,27.21883278536552
5161,9354.887458689667,9354.887614342,9354.887614342,9354.903154142,9354.913951894,0,COMPLETED,True,0.1556523329782067,15.539800000624382,10.797751998325111,26.4932043319277
5162,9354.897173004021,9354.897384771,9354.897384771,9354.911142125,9354.920832312,1,COMPLETED,True,0.21176697919145226,13.757353999608313,9.690187000160222,23.659307978959987
5163,9354.92101689366,9354.921267579,9354.921267579,9354.922092241,9354.932823497,0,COMPLETED,True,0.250685339779011,0.8246620000136318,10.731255999417044,11.806603339209687
5164,9354.924270017586,9354.924412475,9354.924412475,9354.925013891,9354.935591833,1,COMPLETED,True,0.1424574147677049,0.6014159989717882,10.577942000963958,11.321815414703451
5165,9354.936582708853,9354.936734653,9354.936734653,9354.937375649,9354.947316442,0,COMPLETED,True,0.15194414663710631,0.6409960005839821,9.940792999259429,10.733733146480517
5166,9354.94338229569,9354.943420973,9354.943420973,9354.944119958,9354.955444034,1,COMPLETED,True,0.038677309930790216,0.6989849989622599,11.324076000164496,12.061738309057546
5167,9354.946710097805,9354.946933485,9354.946933485,9354.947639717,9354.958529533,0,COMPLETED,True,0.2233871946373256,0.7062320000841282,10.889815999689745,11.819435194411199
5168,9354.955219754385,9354.955390844,9354.955390844,9354.956079951,9354.965176497,1,COMPLETED,True,0.17108961401390843,0.6891070006531663,9.09654600036447,9.956742615031544
5169,9354.963574679508,9354.963731301,9354.963731301,9354.964331472,9354.974843319,0,COMPLETED,True,0.15662149235140532,0.6001709989504889,10.511847000088892,11.268639491390786
5170,9354.966382206161,9354.96652007,9354.96652007,9354.967105568,9354.978456718,1,COMPLETED,True,0.1378638389724074,0.5854979990544962,11.35115000033693,12.074511838363833
5171,9354.96916905238,9354.969320446,9354.969320446,9354.975175958,9354.984962228,0,COMPLETED,True,0.15139362039917614,5.855511999470764,9.786270000404329,15.793175620274269
5172,9354.982240815112,9354.982402,9354.982402,9354.983007863,9354.993903944,1,COMPLETED,True,0.1611848874745192,0.605863000600948,10.896080999373225,11.663128887448693
5173,9354.984757757971,9354.984892789,9354.984892789,9354.98562079,9354.99635974,0,COMPLETED,True,0.13503102854883764,0.7280009995156433,10.73895000081393,11.60198202887841
5174,9354.987307394791,9354.987448988,9354.987448988,9354.994228201,9355.004992039,1,COMPLETED,True,0.14159320926410146,6.779212999390438,10.763837999547832,17.68464420820237
5175,9354.990242418033,9354.990391265,9354.990391265,9354.996619635,9355.007625638,0,COMPLETED,True,0.148846967931604,6.228369999007555,11.006003000147757,17.383219967086916
5176,9354.99303039917,9354.993174483,9354.993174483,9355.005312546,9355.016360583,1,COMPLETED,True,0.14408382958208676,12.138063000747934,11.048037000364275,23.330183830694295
5177,9355.001258430202,9355.001415401,9355.001415401,9355.007935671,9355.018945983,0,COMPLETED,True,0.15697079834353644,6.520269998873118,11.010312000507838,17.687552797724493
5178,9355.003725014118,9355.003800061,9355.003800061,9355.016684004,9355.027731388,1,COMPLETED,True,0.07504688255721703,12.88394299990614,11.047383999539306,24.006373882002663
5179,9355.007406349634,9355.007549863,9355.007549863,9355.019108218,9355.030159396,0,COMPLETED,True,0.14351336540130433,11.558355001398013,11.051177998524508,22.753046365323826
5180,9355.014321192753,9355.014467297,9355.014467297,9355.028048213,9355.038906749,1,COMPLETED,True,0.14610424659622367,13.580916000137222,10.858535999432206,24.585556246165652
5181,9355.015257117539,9355.015394867,9355.015394867,9355.030463635,9355.041020668,0,COMPLETED,True,0.13774946091871243,15.068767999764532,10.557033001532545,25.76355046221579
5182,9355.021353258187,9355.021510568,9355.021510568,9355.039230238,9355.049696709,1,COMPLETED,True,0.1573098124936223,17.71967000058794,10.46647099974507,28.34345081282663
5183,9355.033123923486,9355.033264983,9355.033264983,9355.041350036,9355.051987806,0,COMPLETED,True,0.1410595141351223,8.085052999376785,10.6377700012672,18.863882514779107
5184,9355.043163436661,9355.043311287,9355.043311287,9355.049991081,9355.060458248,1,COMPLETED,True,0.14785033818043303,6.679793999865069,10.467166999660549,17.29481133770605
5185,9355.045302021488,9355.045442584,9355.045442584,9355.052400673,9355.063558415,0,COMPLETED,True,0.14056251166039146,6.9580889994540485,11.157742001159932,18.25639351227437
5186,9355.050333911453,9355.050483995,9355.050483995,9355.060759071,9355.071397411,1,COMPLETED,True,0.15008354785095435,10.275075999743422,10.638339999786695,21.06349954738107
5187,9355.050864847588,9355.051013247,9355.051013247,9355.063906285,9355.074451722,0,COMPLETED,True,0.14839941286481917,12.893037999674561,10.545436998654623,23.586874411194003
5188,9355.057702330516,9355.057858591,9355.057858591,9355.071759486,9355.082751175,1,COMPLETED,True,0.1562604848004412,13.900894999096636,10.991688999638427,25.048844483535504
5189,9355.05811407635,9355.058684732,9355.058684732,9355.074631968,9355.085467139,0,COMPLETED,True,0.570655649426044,15.947236001011333,10.835171000508126,27.353062650945503
5190,9355.077348944553,9355.077500167,9355.077500167,9355.083093756,9355.093663306,1,COMPLETED,True,0.15122244803933427,5.593588999545318,10.56954999876325,16.314361446347903
5191,9355.078053381254,9355.07819528,9355.07819528,9355.085760934,9355.095879149,0,COMPLETED,True,0.14189874673320446,7.565653999336064,10.118214999238262,17.82576774530753
5192,9355.113600993915,9355.11374808,9355.11374808,9355.114514559,9355.124416566,1,COMPLETED,True,0.14708608614455443,0.7664789991395082,9.902006999254809,10.815572084538871
5193,9355.118969523895,9355.119146523,9355.119146523,9355.119793578,9355.130660469,0,COMPLETED,True,0.17699910495139193,0.6470549997175112,10.866890999750467,11.69094510441937
5194,9355.119598440333,9355.119735094,9355.119735094,9355.124572634,9355.135676309,1,COMPLETED,True,0.13665366714121774,4.83754000015324,11.103675000413205,16.077868667707662
5195,9355.124179652461,9355.124268136,9355.124268136,9355.130995044,9355.142235405,0,COMPLETED,True,0.08848353900248185,6.726908000928233,11.240360998272081,18.055752538202796
5196,9355.128460776314,9355.128596716,9355.128596716,9355.136024209,9355.14713167,1,COMPLETED,True,0.13593968651548494,7.427492999340757,11.107461001302,18.67089368715824
5197,9355.138008902773,9355.138150012,9355.138150012,9355.142571541,9355.15311842,0,COMPLETED,True,0.1411092271155212,4.421528999955626,10.546878998866305,15.109517225937452
5198,9355.1481040542,9355.148253607,9355.148253607,9355.148860559,9355.158783133,1,COMPLETED,True,0.14955279948480893,0.6069520004530204,9.922573999574524,10.679078799512354
5199,9355.156673993286,9355.156895505,9355.156895505,9355.157451387,9355.170806182,0,COMPLETED,True,0.22151171469886322,0.5558819993893849,13.354795000850572,14.13218871493882
5200,9355.159523750517,9355.159673835,9355.159673835,9355.160102347,9355.171060611,1,COMPLETED,True,0.15008448281150777,0.4285119994165143,10.958263999782503,11.536860482010525
5201,9355.18495833753,9355.185114743,9355.185114743,9355.18582092,9355.195167443,0,COMPLETED,True,0.15640547098882962,0.7061769993015332,9.346523000203888,10.20910547049425
5202,9355.199531098593,9355.199679167,9355.199679167,9355.200334849,9355.209735593,1,COMPLETED,True,0.14806840772507712,0.6556819989782525,9.400744000231498,10.204494406934828
5203,9355.221723538865,9355.22186305,9355.22186305,9355.222536012,9355.231750997,0,COMPLETED,True,0.13951113396615256,0.6729619999532588,9.214985000653542,10.027458134572953
5204,9355.239391974123,9355.23955296,9355.23955296,9355.240394381,9355.252056382,1,COMPLETED,True,0.16098587730084546,0.8414210005867062,11.662000999422162,12.664407877309714
5205,9355.248467300804,9355.248602429,9355.248602429,9355.249246474,9355.258674384,0,COMPLETED,True,0.13512819532479625,0.6440450015361421,9.427909999430995,10.207083196291933
5206,9355.273453322287,9355.273605809,9355.273605809,9355.274466946,9355.287338404,1,COMPLETED,True,0.15248671297740657,0.8611370012658881,12.871457998699043,13.885081712942338
5207,9355.27961938021,9355.279759065,9355.279759065,9355.280440137,9355.291115119,0,COMPLETED,True,0.13968479106551968,0.6810719987697667,10.674982000637101,11.495738790472387
5208,9355.280415035068,9355.280592292,9355.280592292,9355.287792306,9355.299625057,1,COMPLETED,True,0.17725693214742932,7.200014000773081,11.832750999019481,19.21002193193999
5209,9355.284947591961,9355.2850474,9355.2850474,9355.291278821,9355.302304159,0,COMPLETED,True,0.09980803952203132,6.231420999029069,11.02533800076344,17.35656703931454
5210,9355.285529000917,9355.285745142,9355.285745142,9355.299988972,9355.311233474,1,COMPLETED,True,0.21614108300127555,14.243829999031732,11.24450200040883,25.704473082441837
5211,9355.289883796533,9355.290061353,9355.290061353,9355.302674437,9355.313438953,0,COMPLETED,True,0.17755646695150062,12.613083999895025,10.764516000563162,23.555156467409688
5212,9355.309430802261,9355.309607882,9355.309607882,9355.311555001,9355.320911029,1,COMPLETED,True,0.1770797389326617,1.947119000760722,9.35602800018387,11.480226739877253
5213,9355.327970924105,9355.328240057,9355.328240057,9355.328876611,9355.338396257,0,COMPLETED,True,0.2691328954824712,0.6365539993566927,9.51964600062638,10.425332895465544
5214,9355.341673734074,9355.341812328,9355.341812328,9355.3422642,9355.352312685,1,COMPLETED,True,0.1385939267493086,0.45187199975771364,10.048484999060747,10.63895092556777
5215,9355.34807060893,9355.348212074,9355.348212074,9355.348715219,9355.358748672,0,COMPLETED,True,0.14146506873657927,0.5031450000387849,10.033453001597081,10.678063070372446
5216,9355.357688680857,9355.357828616,9355.357828616,9355.358544668,9355.369207591,1,COMPLETED,True,0.1399351422151085,0.7160520017350791,10.662922999472357,11.518910143422545
5217,9355.35969216303,9355.359860017,9355.359860017,9355.360492374,9355.372606558,0,COMPLETED,True,0.1678539701970294,0.6323569996311562,12.114183999074157,12.914394968902343
5218,9355.367639707036,9355.367851046,9355.367851046,9355.369552359,9355.378777992,1,COMPLETED,True,0.2113389637088403,1.7013130000123056,9.225633000824018,11.138284964545164
5219,9355.388920254012,9355.38910508,9355.38910508,9355.389983309,9355.402246775,0,COMPLETED,True,0.1848259871621849,0.8782290005910909,12.263466000149492,13.326520987902768
5220,9355.389837753575,9355.389967245,9355.389967245,9355.390392386,9355.401405398,1,COMPLETED,True,0.12949142546858639,0.4251409991411492,11.013012001058087,11.567644425667822
5221,9355.39790153426,9355.398039364,9355.398039364,9355.401736229,9355.411525461,1,COMPLETED,True,0.13782974019704852,3.696865000165417,9.789232000912307,13.623926741274772
5222,9355.407664587623,9355.407803092,9355.407803092,9355.408665241,9355.419096136,0,COMPLETED,True,0.13850437790097203,0.8621489996585296,10.430894999444718,11.43154837700422
5223,9355.412974015615,9355.413130902,9355.413130902,9355.413771532,9355.424276093,1,COMPLETED,True,0.1568863845022861,0.6406299999071052,10.504560999834212,11.302077384243603
5224,9355.41488938126,9355.415015532,9355.415015532,9355.419439265,9355.430620164,0,COMPLETED,True,0.1261507404706208,4.423733000294305,11.180898998645716,15.730782739410643
5225,9355.42025053631,9355.420406059,9355.420406059,9355.424597765,9355.43557879,1,COMPLETED,True,0.15552268996543717,4.1917060007108375,10.981024999637157,15.328253690313431
5226,9355.425071301086,9355.425255684,9355.425255684,9355.43091184,9355.44187058,0,COMPLETED,True,0.1843829140852904,5.65615599953162,10.95874000020558,16.79927891382249
5227,9355.434018028149,9355.434157474,9355.434157474,9355.435773454,9355.447082719,1,COMPLETED,True,0.1394458504364593,1.6159800015884684,11.309264998999424,13.064690851024352
5228,9355.435770570211,9355.435932015,9355.435932015,9355.44219312,9355.453223108,0,COMPLETED,True,0.16144478831847664,6.261104999794043,11.029987999791047,17.452537787903566
5229,9355.437549403305,9355.43780948,9355.43780948,9355.447392942,9355.458241797,1,COMPLETED,True,0.26007669475802686,9.58346200059168,10.848854999494506,20.692393694844213
5230,9355.44977616113,9355.449916529,9355.449916529,9355.453589534,9355.464666978,0,COMPLETED,True,0.14036787069926504,3.6730049996549496,11.077443999965908,14.890816870320123
5231,9355.456373043497,9355.456531078,9355.456531078,9355.458585664,9355.469644575,1,COMPLETED,True,0.15803450332896318,2.0545860006677685,11.058910999054206,13.271531503050937
5232,9355.462155498155,9355.46233004,9355.46233004,9355.46498637,9355.476286281,0,COMPLETED,True,0.17454184489906766,2.656329999808804,11.299911000605789,14.13078284531366
5233,9355.465965294929,9355.466113035,9355.466113035,9355.470001334,9355.481061973,1,COMPLETED,True,0.14774007104279008,3.8882990011188667,11.060638998969807,15.096678071131464
5234,9355.469891139575,9355.470283101,9355.470283101,9355.476579672,9355.487054212,0,COMPLETED,True,0.39196142461150885,6.2965710003481945,10.474540000359411,17.163072425319115
5235,9355.479645393338,9355.47981705,9355.47981705,9355.481391465,9355.492430559,1,COMPLETED,True,0.171656662132591,1.574415000504814,11.039093998988392,12.785165661625797
5236,9355.481173694116,9355.481310039,9355.481310039,9355.487372854,9355.497910254,0,COMPLETED,True,0.1363448845950188,6.062815000404953,10.537399999520858,16.73655988452083
5237,9355.49400464963,9355.494154078,9355.494154078,9355.494809631,9355.504397601,1,COMPLETED,True,0.14942836969566997,0.6555529998877319,9.587970000211499,10.3929513697949
5238,9355.50154244345,9355.501678269,9355.501678269,9355.502357193,9355.513182638,0,COMPLETED,True,0.13582555038738064,0.6789239996578544,10.825445000591571,11.640194550636807
5239,9355.503762953118,9355.503908724,9355.503908724,9355.504721036,9355.514956161,1,COMPLETED,True,0.14577088222722523,0.8123120005620876,10.23512499887147,11.193207881660783
5240,9355.503980764404,9355.504093648,9355.504093648,9355.513499417,9355.523895849,0,COMPLETED,True,0.11288359564787243,9.40576900029555,10.396432000561617,19.91508459650504
5241,9355.505821334324,9355.506229368,9355.506229368,9355.51526389,9355.525538728,1,COMPLETED,True,0.408033676649211,9.034521999637946,10.274837999531883,19.71739367581904
5242,9355.52828787568,9355.5284949,9355.5284949,9355.529215477,9355.537993221,0,COMPLETED,True,0.20702431902464014,0.7205769998108735,8.777744000326493,9.705345319162006
5243,9355.544367538783,9355.544460476,9355.544460476,9355.545064742,9355.555561801,1,COMPLETED,True,0.09293721632275265,0.6042660006642109,10.497059000044828,11.194262217031792
5244,9355.54762724554,9355.547766815,9355.547766815,9355.548448997,9355.559531013,0,COMPLETED,True,0.13956945986137725,0.6821820006734924,11.0820159989089,11.90376745944377
5245,9355.55096949995,9355.551113781,9355.551113781,9355.555916694,9355.565900355,1,COMPLETED,True,0.14428105168917682,4.8029129993665265,9.983661000660504,14.930855051716208
5246,9355.562236250948,9355.562371702,9355.562371702,9355.563048028,9355.573670132,0,COMPLETED,True,0.13545105321099982,0.6763259989384096,10.622104000503896,11.433881052653305
5247,9355.56629492225,9355.566446274,9355.566446274,9355.566972804,9355.577754798,1,COMPLETED,True,0.15135175090108532,0.5265299987513572,10.781994000353734,11.459875750006177
5248,9355.567917708231,9355.56809552,9355.56809552,9355.574001713,9355.583980763,0,COMPLETED,True,0.1778117693902459,5.906192998736515,9.97905000076571,16.06305476889247
5249,9355.580616378262,9355.580752728,9355.580752728,9355.581427654,9355.592281017,1,COMPLETED,True,0.13634973765874747,0.6749260010110447,10.853362999114324,11.664638737784117
5250,9355.581473800157,9355.581698793,9355.581698793,9355.584304592,9355.59515205,0,COMPLETED,True,0.22499284204968717,2.605798999866238,10.847458001080668,13.678249842996593
5251,9355.584951220264,9355.585177455,9355.585177455,9355.592609916,9355.60325192,1,COMPLETED,True,0.22623473523708526,7.432461001371848,10.642003999237204,18.300699735846138
5252,9355.59124315024,9355.591392787,9355.591392787,9355.595450516,9355.606265197,0,COMPLETED,True,0.1496367603976978,4.0577290001238,10.814680999828852,15.02204676035035
5253,9355.59305965913,9355.593202193,9355.593202193,9355.603615475,9355.613587768,1,COMPLETED,True,0.14253387053031474,10.413281999717583,9.972293000828358,20.528108871076256
5254,9355.60848372929,9355.60872996,9355.60872996,9355.609348366,9355.619145733,0,COMPLETED,True,0.24623071112728212,0.6184060002851766,9.797366999919177,10.662003711331636
5255,9355.621187726356,9355.621595727,9355.621595727,9355.622291692,9355.631862886,1,COMPLETED,True,0.4080006438016426,0.69596499997715,9.571194001182448,10.67515964496124
5256,9355.626645023112,9355.626776908,9355.626776908,9355.627500098,9355.638120006,0,COMPLETED,True,0.1318848881055601,0.72318999991694,10.619908000080613,11.474982888103114
5257,9355.630016322892,9355.630150632,9355.630150632,9355.632229802,9355.642887057,1,COMPLETED,True,0.13430910803435836,2.0791700007976033,10.657254999387078,12.87073410821904
5258,9355.630301722627,9355.630827361,9355.630827361,9355.638290176,9355.647953611,0,COMPLETED,True,0.5256383719824953,7.462815001417766,9.663434999310994,17.651888372711255
5259,9355.652571696473,9355.652770737,9355.652770737,9355.653380047,9355.662614189,1,COMPLETED,True,0.1990405271499185,0.6093100000725826,9.234141998604173,10.042492525826674
5260,9355.66332234735,9355.663472849,9355.663472849,9355.664213001,9355.673077166,0,COMPLETED,True,0.15050165166030638,0.7401519997074502,8.86416499997722,9.754818651344976
5261,9355.675068318385,9355.67520623,9355.67520623,9355.675917154,9355.685322297,1,COMPLETED,True,0.13791161472909153,0.7109239995770622,9.405143000549288,10.253978614855441
5262,9355.704430865491,9355.704582903,9355.704582903,9355.70532009,9355.715685378,0,COMPLETED,True,0.1520375080872327,0.7371870015049353,10.365287998865824,11.254512508457992
5263,9355.7105556542,9355.710684696,9355.710684696,9355.711357638,9355.722402906,1,COMPLETED,True,0.1290418003918603,0.6729420001647668,11.045268000088981,11.847251800645608
5264,9355.711413966672,9355.711572814,9355.711572814,9355.716128009,9355.72711081,0,COMPLETED,True,0.15884732783888467,4.555195000648382,10.98280099904514,15.696843327532406
5265,9355.7127285528,9355.712857557,9355.712857557,9355.722753392,9355.734267215,1,COMPLETED,True,0.1290042000618996,9.895834999042563,11.5138230012235,21.538662200327963
5266,9355.71967435482,9355.719890817,9355.719890817,9355.727426062,9355.739098344,0,COMPLETED,True,0.21646218010573648,7.53524500032654,11.67228200029058,19.423989180722856
5267,9355.730106503765,9355.730287727,9355.730287727,9355.734624033,9355.744891419,1,COMPLETED,True,0.18122323490388226,4.33630600127799,10.267386000123224,14.784915236305096
5268,9355.761660113303,9355.761798086,9355.761798086,9355.762308017,9355.772242772,0,COMPLETED,True,0.1379726963932626,0.5099310001241975,9.934755000358564,10.582658696876024
5269,9355.771203565282,9355.771352437,9355.771352437,9355.772265855,9355.78583712,1,COMPLETED,True,0.14887171710142866,0.9134179999819025,13.571265000791755,14.633554717875086
5270,9355.773815898328,9355.77391068,9355.77391068,9355.774426917,9355.785024509,0,COMPLETED,True,0.09478167157794815,0.5162369998288341,10.597591999612632,11.208610671019414
5271,9355.784359206113,9355.784450645,9355.784450645,9355.78541318,9355.796398217,0,COMPLETED,True,0.09143888746621087,0.9625349994166754,10.985037000864395,12.039010887747281
5272,9355.784889582315,9355.784979052,9355.784979052,9355.786021291,9355.797250604,1,COMPLETED,True,0.0894696840987308,1.042239000526024,11.229313000512775,12.36102168513753
5273,9355.800831919814,9355.800941409,9355.800941409,9355.801506781,9355.812049131,0,COMPLETED,True,0.10948918497888371,0.5653719999827445,10.542350000832812,11.21721118579444
5274,9355.803037331289,9355.803239133,9355.803239133,9355.803732798,9355.814819156,1,COMPLETED,True,0.20180171122774482,0.49366500024916604,11.08635799937474,11.781824710851652
5275,9355.807069785584,9355.807185998,9355.807185998,9355.812217823,9355.822131919,0,COMPLETED,True,0.11621241537795868,5.031825001424295,9.914095999192796,15.06213341599505
5276,9355.851509923072,9355.851654708,9355.851654708,9355.852217522,9355.862041827,1,COMPLETED,True,0.14478492812486365,0.562814000659273,9.824304999710876,10.531903928495012
5277,9355.85926683558,9355.859404658,9355.859404658,9355.85992513,9355.87196276,0,COMPLETED,True,0.13782242058368865,0.520472000062,12.03763000012259,12.695924420768279
5278,9355.860502271436,9355.860629556,9355.860629556,9355.862482575,9355.874039097,1,COMPLETED,True,0.12728456385957543,1.8530189990997314,11.556522000319092,13.536825563278398
5279,9355.879303962696,9355.879438158,9355.879438158,9355.880164978,9355.893663662,0,COMPLETED,True,0.1341953029623255,0.7268200006365078,13.498684000296635,14.359699303895468
5280,9355.883938277719,9355.884171082,9355.884171082,9355.884660273,9355.895341378,1,COMPLETED,True,0.23280428104044404,0.4891909993602894,10.681105000912794,11.403100281313527
5281,9355.888554057661,9355.888632212,9355.888632212,9355.894216178,9355.90614088,0,COMPLETED,True,0.07815433855284937,5.583965999903739,11.924702001124388,17.586822339580976
5282,9355.889510008994,9355.889638709,9355.889638709,9355.895702769,9355.906582937,1,COMPLETED,True,0.12870000682596583,6.064059998607263,10.880167999857804,17.072928005291033
5283,9355.89120437767,9355.89132854,9355.89132854,9355.906591476,9355.918027714,0,COMPLETED,True,0.12416232857503928,15.262935999999172,11.436238000896992,26.823336329471203
5284,9355.891883101136,9355.892140195,9355.892140195,9355.906937695,9355.917968158,1,COMPLETED,True,0.25709386318339966,14.79749999998603,11.030463001588942,26.08505686475837
5285,9355.898432553298,9355.89856226,9355.89856226,9355.918283809,9355.92948735,1,COMPLETED,True,0.12970670104550663,19.72154900067835,11.20354100021359,31.05479670193745
5286,9355.901175427878,9355.90126431,9355.90126431,9355.918325711,9355.92977613,0,COMPLETED,True,0.08888212141755503,17.061401000319165,11.450419000539114,28.600702122275834
5287,9355.905359401562,9355.905461671,9355.905461671,9355.929791338,9355.940692067,1,COMPLETED,True,0.10226943777524866,24.329666999619803,10.900729001150467,35.33266543854552
5288,9355.91827785859,9355.918577493,9355.918577493,9355.930104338,9355.941278697,0,COMPLETED,True,0.2996344101120485,11.526845000844332,11.174359000506229,23.00083841146261
5289,9355.918949155712,9355.919157999,9355.919157999,9355.941036838,9355.951998917,1,COMPLETED,True,0.20884328841930255,21.878838999327854,10.962079000819358,33.049761288566515
5290,9355.919578824836,9355.919710149,9355.919710149,9355.941600614,9355.952918404,0,COMPLETED,True,0.13132416461303364,21.89046499916003,11.317790000248351,33.339579164021416
5291,9355.924293543414,9355.924426367,9355.924426367,9355.95219277,9355.96327342,1,COMPLETED,True,0.13282358668220695,27.766402999986894,11.080649999712477,38.97987658638158
5292,9355.926908092395,9355.927095663,9355.927095663,9355.95325571,9355.964043688,0,COMPLETED,True,0.18757060570351314,26.160046998484177,10.787978000735166,37.135595604922855
5293,9355.926959114184,9355.927184431,9355.927184431,9355.963586216,9355.974482401,1,COMPLETED,True,0.2253168167953845,36.401784998815856,10.896185000092373,47.523286815703614
5294,9355.929288741974,9355.929448325,9355.929448325,9355.964393022,9355.975172428,0,COMPLETED,True,0.1595830253791064,34.94469700126501,10.77940599861904,45.88368602526316
5295,9355.93815052978,9355.938346717,9355.938346717,9355.974784687,9355.986093017,1,COMPLETED,True,0.19618721853476018,36.437970000406494,11.308330000247224,47.94248721918848
5296,9355.943954541845,9355.944103947,9355.944103947,9355.975514219,9355.986721664,0,COMPLETED,True,0.14940515575290192,31.41027200035751,11.207444998944993,42.767122155055404
5297,9355.958689189289,9355.958858792,9355.958858792,9355.986405113,9355.997338741,1,COMPLETED,True,0.16960271204879973,27.546321000045282,10.9336279983836,38.64955171047768
5298,9355.962211018554,9355.962341982,9355.962341982,9355.987054343,9355.998081571,0,COMPLETED,True,0.13096344628138468,24.71236100063834,11.027227999875322,35.870552446795045
5299,9355.97292737043,9355.97307008,9355.97307008,9355.997655574,9356.008666586,1,COMPLETED,True,0.14270956853579264,24.585494000348262,11.011012000381015,35.73921556926507
5300,9355.973068392703,9355.973190542,9355.973190542,9355.998421781,9356.009270267,0,COMPLETED,True,0.12214929665788077,25.231239000277128,10.848486001123092,36.2018742980581
5301,9355.979125177568,9355.979257305,9355.979257305,9356.00898973,9356.019798356,1,COMPLETED,True,0.1321274321526289,29.732425000474905,10.808625998834032,40.673178431461565
5302,9355.981543730824,9355.981752679,9355.981752679,9356.009613829,9356.02046866,0,COMPLETED,True,0.20894817498628981,27.86114999980782,10.85483099996054,38.92492917475465
5303,9355.99076241446,9355.990899125,9355.990899125,9356.020098133,9356.028620595,1,COMPLETED,True,0.136710539663909,29.199008000432514,8.522461999746156,37.85818053984258
