request_id,scheduled_ts,enqueue_ts,enqueue_attempt_ts,execution_start,completion_ts,worker_id,outcome,outcome_confirmed,phase_id,input_id,generator_delay_ms,queueing_delay_ms,service_time_ms,e2e_latency_ms
0,17115.17713855707,17115.177311487,17115.177311487,17115.179042882,17115.195077416,2,COMPLETED,True,baseline_0,0,0.17292993288720027,1.7313949974777643,16.03453400093713,17.938858931302093
1,17115.231153935558,17115.231388938,17115.231388938,17115.232481331,17115.252987783,3,COMPLETED,True,baseline_0,1,0.23500244060414843,1.0923930021817796,20.506451997789554,21.833847440575482
2,17115.27607933787,17115.276180893,17115.276180893,17115.277076134,17115.298021925,1,COMPLETED,True,baseline_0,2,0.10155513155041263,0.8952409989433363,20.94579099866678,21.94258712916053
3,17115.28069508253,17115.280859469,17115.280859469,17115.281599188,17115.300263568,0,COMPLETED,True,baseline_0,3,0.16438647071481682,0.7397190020128619,18.664379997062497,19.568485469790176
4,17115.29670425144,17115.296868663,17115.296868663,17115.297752457,17115.317036178,2,COMPLETED,True,baseline_0,4,0.16441156185464934,0.8837940004013944,19.283720997918863,20.331926560174907
5,17115.345999031466,17115.3460967,17115.3460967,17115.346650468,17115.36317774,3,COMPLETED,True,baseline_0,5,0.09766853327164426,0.5537680008274037,16.527272000530502,17.17870853462955
6,17115.3465274096,17115.346620949,17115.346620949,17115.347293559,17115.361569994,1,COMPLETED,True,baseline_0,6,0.09353939822176471,0.672610000037821,14.276434998464538,15.042584396724124
7,17115.347675380697,17115.347851213,17115.347851213,17115.348822175,17115.369816092,0,COMPLETED,True,baseline_0,7,0.1758323014655616,0.9709620026114862,20.993916998122586,22.140711302199634
8,17115.348098137616,17115.348394298,17115.348394298,17115.348973646,17115.367949788,2,COMPLETED,True,baseline_0,8,0.2961603822768666,0.5793480013380758,18.976142000610707,19.85165038422565
9,17115.372908715366,17115.372933205,17115.372933205,17115.373455266,17115.386739612,1,COMPLETED,True,baseline_0,9,0.024489632778568193,0.5220610000833403,13.28434600145556,13.830896634317469
10,17115.3765632272,17115.376711133,17115.376711133,17115.377291046,17115.394773339,3,COMPLETED,True,baseline_0,10,0.14790580098633654,0.5799129976367112,17.482293002103688,18.210111800726736
11,17115.402429169582,17115.402609751,17115.402609751,17115.403288642,17115.416673314,2,COMPLETED,True,baseline_0,11,0.18058141722576693,0.6788909995520953,13.38467200184823,14.244144418626092
12,17115.417051486256,17115.417146814,17115.417146814,17115.417974857,17115.437855189,0,COMPLETED,True,baseline_0,12,0.09532774492981844,0.8280429974547587,19.88033200177597,20.803702744160546
13,17115.444460752762,17115.444636265,17115.444636265,17115.445284311,17115.459133491,1,COMPLETED,True,baseline_0,13,0.1755122393660713,0.6480459996964782,13.849179998942418,14.672738238004968
14,17115.477614873496,17115.477702689,17115.477702689,17115.478579081,17115.492337414,3,COMPLETED,True,baseline_0,14,0.08781550423009321,0.8763919977354817,13.758333003352163,14.722540505317738
15,17115.566451105562,17115.566588292,17115.566588292,17115.567660294,17115.587683002,2,COMPLETED,True,baseline_0,15,0.1371864382235799,1.0720020000007935,20.02270799857797,21.231896436802344
16,17115.600304893214,17115.600448498,17115.600448498,17115.60145159,17115.621409416,0,COMPLETED,True,baseline_0,16,0.14360478598973714,1.0030919984274078,19.957825999881607,21.10452278429875
17,17115.617562706713,17115.617700975,17115.617700975,17115.618620503,17115.638796529,1,COMPLETED,True,baseline_0,17,0.1382682858093176,0.9195279999403283,20.176026002445724,21.23382228819537
18,17115.620452064173,17115.620617722,17115.620617722,17115.621470659,17115.641715994,3,COMPLETED,True,baseline_0,18,0.16565782789257355,0.8529369988536928,20.245334999344777,21.263929826091044
19,17115.632624437738,17115.632772514,17115.632772514,17115.63368143,17115.653100454,2,COMPLETED,True,baseline_0,19,0.14807626212132163,0.9089160012081265,19.41902399994433,20.476016263273777
20,17115.65585222405,17115.655964924,17115.655964924,17115.65657416,17115.669587335,0,COMPLETED,True,baseline_0,20,0.11269995229667984,0.6092359981266782,13.013175001105992,13.73511095152935
21,17115.689614045492,17115.689823269,17115.689823269,17115.690613815,17115.709601866,1,COMPLETED,True,baseline_0,21,0.20922350813634694,0.790546000644099,18.988051000633277,19.987820509413723
22,17115.71188212547,17115.712042587,17115.712042587,17115.712971059,17115.731700985,3,COMPLETED,True,baseline_0,22,0.16046153177740052,0.9284719999413937,18.72992599965073,19.818859531369526
23,17115.742658796098,17115.74279313,17115.74279313,17115.743472245,17115.75683529,2,COMPLETED,True,baseline_0,23,0.1343339026789181,0.6791150008211844,13.363045000005513,14.176493903505616
24,17115.750586411326,17115.750714231,17115.750714231,17115.751677499,17115.770437866,0,COMPLETED,True,baseline_0,24,0.12781967234332114,0.9632680012146011,18.760366998321842,19.851454671879765
25,17115.765170557042,17115.765310652,17115.765310652,17115.766054179,17115.783491905,1,COMPLETED,True,baseline_0,25,0.14009495862410404,0.7435269981215242,17.437726000935072,18.3213479576807
26,17115.789873888167,17115.789988879,17115.789988879,17115.790887188,17115.810605644,3,COMPLETED,True,baseline_0,26,0.11499083484522998,0.8983089974208269,19.718456002010498,20.731755834276555
27,17115.79875307681,17115.798852416,17115.798852416,17115.799370075,17115.817517956,2,COMPLETED,True,baseline_0,27,0.09933918772730976,0.5176590020710137,18.147880997275934,18.764879187074257
28,17115.823021409607,17115.823151129,17115.823151129,17115.823619079,17115.837363771,0,COMPLETED,True,baseline_0,28,0.12971939213457517,0.4679500016209204,13.744691997999325,14.342361391754821
29,17115.823540615023,17115.823676153,17115.823676153,17115.823995712,17115.83730067,1,COMPLETED,True,baseline_0,29,0.13553797543863766,0.3195589997631032,13.30495799993514,13.760054975136882
30,17115.82757070821,17115.827754031,17115.827754031,17115.828537571,17115.841724524,3,COMPLETED,True,baseline_0,30,0.18332279068999924,0.7835399992472958,13.186953001422808,14.153815791360103
31,17115.840740454827,17115.840778553,17115.840778553,17115.841501286,17115.860801391,2,COMPLETED,True,baseline_0,31,0.03809817280853167,0.7227329988381825,19.30010500291246,20.060936174559174
32,17115.91055384945,17115.910701681,17115.910701681,17115.911585637,17115.931720367,1,COMPLETED,True,baseline_0,32,0.1478315498388838,0.8839559995976742,20.134729998972034,21.166517548408592
33,17115.936615651302,17115.936779399,17115.936779399,17115.937702359,17115.95463512,0,COMPLETED,True,baseline_0,33,0.16374769620597363,0.9229600000253413,16.932761001953622,18.019468698184937
34,17115.947880673724,17115.948041538,17115.948041538,17115.94900371,17115.969770514,3,COMPLETED,True,baseline_0,34,0.1608642742212396,0.9621720018913038,20.766803998412797,21.88984027452534
35,17115.956940791166,17115.95705484,17115.95705484,17115.957803939,17115.979240103,2,COMPLETED,True,baseline_0,35,0.11404883480281569,0.749098999222042,21.436163999169366,22.299311833194224
36,17115.963964360366,17115.964144355,17115.964144355,17115.964885848,17115.982287392,1,COMPLETED,True,baseline_0,36,0.17999463307205588,0.7414930005325004,17.40154399885796,18.323031632462516
37,17115.967887283314,17115.967988258,17115.967988258,17115.968748376,17115.986269266,0,COMPLETED,True,baseline_0,37,0.10097468475578353,0.760118000471266,17.520890000014333,18.381982685241383
38,17116.039620904834,17116.039717899,17116.039717899,17116.040661564,17116.058607257,3,COMPLETED,True,baseline_0,38,0.09699416477815248,0.9436649997951463,17.945693001820473,18.98635216639377
39,17116.048042400562,17116.048203879,17116.048203879,17116.048935259,17116.066745197,2,COMPLETED,True,baseline_0,39,0.16147843780345283,0.7313800015253946,17.80993799911812,18.702796438446967
40,17116.065745950706,17116.065831438,17116.065831438,17116.066770832,17116.086141068,1,COMPLETED,True,baseline_0,40,0.0854872960189823,0.9393939981237054,19.370236001122976,20.395117295265663
41,17116.066900983093,17116.06698198,17116.06698198,17116.067631682,17116.082454975,0,COMPLETED,True,baseline_0,41,0.08099690603557974,0.6497020003735088,14.823293000517879,15.553991906926967
42,17116.074168037834,17116.07428602,17116.07428602,17116.074929903,17116.088777907,3,COMPLETED,True,baseline_0,42,0.11798216655733995,0.6438829987018835,13.848004000465153,14.609869165724376
43,17116.11551168719,17116.115611464,17116.115611464,17116.116443085,17116.129688945,2,COMPLETED,True,baseline_0,43,0.09977681111195125,0.8316210005432367,13.24585999827832,14.177257809933508
44,17116.143523795447,17116.143694816,17116.143694816,17116.144180055,17116.161975902,0,COMPLETED,True,baseline_0,44,0.1710205542622134,0.48523899749852717,17.795847001252696,18.452106553013436
45,17116.170764909897,17116.17088745,17116.17088745,17116.171358093,17116.184244257,1,COMPLETED,True,baseline_0,45,0.12254010289325379,0.4706430008809548,12.886164000519784,13.479347104293993
46,17116.18670071571,17116.186788448,17116.186788448,17116.187584838,17116.207369702,3,COMPLETED,True,baseline_0,46,0.0877322927408386,0.7963899988681078,19.78486399821122,20.668986289820168
47,17116.191172878123,17116.191262955,17116.191262955,17116.19199149,17116.20508041,2,COMPLETED,True,baseline_0,47,0.09007687549456023,0.7285350002348423,13.088920000882354,13.907531876611756
48,17116.20570106562,17116.205858243,17116.205858243,17116.206512326,17116.224333542,0,COMPLETED,True,baseline_0,48,0.15717737915110774,0.6540829999721609,17.821215998992557,18.632476378115825
49,17116.20902703998,17116.20919009,17116.20919009,17116.209953376,17116.223775627,1,COMPLETED,True,baseline_0,49,0.1630500228202436,0.7632859997102059,13.822250999510288,14.748587022040738
50,17116.21223950967,17116.21240164,17116.21240164,17116.212998458,17116.227097786,2,COMPLETED,True,baseline_0,50,0.1621303308638744,0.5968179975752719,14.099328000156675,14.85827632859582
51,17116.238106655248,17116.238214118,17116.238214118,17116.238944648,17116.251675745,3,COMPLETED,True,baseline_0,51,0.10746275074779987,0.7305300023290329,12.731096998322755,13.569089751399588
52,17116.3010740145,17116.301222301,17116.301222301,17116.30213502,17116.322104304,1,COMPLETED,True,baseline_0,52,0.14828650091658346,0.9127189987339079,19.96928399967146,21.030289499321952
53,17116.308630391457,17116.308715655,17116.308715655,17116.309485276,17116.329291738,0,COMPLETED,True,baseline_0,53,0.08526354213245213,0.7696210013818927,19.80646199808689,20.661346541601233
54,17116.312290506,17116.312376057,17116.312376057,17116.312830474,17116.330383476,2,COMPLETED,True,baseline_0,54,0.08555100066587329,0.45441699694492854,17.553002002387075,18.092969999997877
55,17116.377032074208,17116.377216547,17116.377216547,17116.378312877,17116.39620866,3,COMPLETED,True,baseline_0,55,0.184472792170709,1.0963300010189414,17.89578299940331,19.17658579259296
56,17116.385002231636,17116.385103845,17116.385103845,17116.386107679,17116.405429968,1,COMPLETED,True,baseline_0,56,0.10161336467717774,1.0038340005849022,19.322288997500436,20.427736362762516
57,17116.40502168468,17116.40527872,17116.40527872,17116.40617228,17116.422231478,0,COMPLETED,True,baseline_0,57,0.25703532082843594,0.8935599980759434,16.05919800203992,17.2097933209443
58,17116.452631481116,17116.452720066,17116.452720066,17116.453546137,17116.466713191,2,COMPLETED,True,baseline_0,58,0.08858488581608981,0.8260709983005654,13.167053999495693,14.081709883612348
59,17116.477023963846,17116.477130694,17116.477130694,17116.478116523,17116.497302599,3,COMPLETED,True,baseline_0,59,0.10673015276552178,0.9858290031843353,19.18607599873212,20.27863515468198
60,17116.50352497377,17116.503727089,17116.503727089,17116.5045776,17116.522128418,1,COMPLETED,True,baseline_0,60,0.20211522860336117,0.8505110017722473,17.550818000017898,18.603444230393507
61,17116.531035749544,17116.531183729,17116.531183729,17116.532109514,17116.550168996,0,COMPLETED,True,baseline_0,61,0.14797945550526492,0.9257849997084122,18.05948200126295,19.133246456476627
62,17116.57624968476,17116.576414414,17116.576414414,17116.577176707,17116.593455745,2,COMPLETED,True,baseline_0,62,0.164729241078021,0.762292998842895,16.279037998174317,17.206060238095233
63,17116.610847142587,17116.610961286,17116.610961286,17116.611802831,17116.627918106,3,COMPLETED,True,baseline_0,63,0.11414341133786365,0.8415450029133353,16.11527500062948,17.07096341488068
64,17116.625218942827,17116.625427552,17116.625427552,17116.626327117,17116.646208771,1,COMPLETED,True,baseline_0,64,0.20860917356912978,0.8995649986900389,19.88165399961872,20.98982817187789
65,17116.629078289538,17116.629251019,17116.629251019,17116.629936081,17116.646584394,0,COMPLETED,True,baseline_0,65,0.17272946206503548,0.6850620011391584,16.64831299785874,17.506104461062932
66,17116.630299207503,17116.6305028,17116.6305028,17116.631311815,17116.645010866,2,COMPLETED,True,baseline_0,66,0.2035924953815993,0.8090150004136376,13.699051000003237,14.711658495798474
67,17116.632245408444,17116.632437395,17116.632437395,17116.633106825,17116.65170293,3,COMPLETED,True,baseline_0,67,0.1919865571835544,0.6694299991067965,18.59610500105191,19.45752155734226
68,17116.656307812602,17116.656419278,17116.656419278,17116.656951914,17116.670464311,2,COMPLETED,True,baseline_0,68,0.11146539691253565,0.532636000571074,13.512396999431076,14.156498396914685
69,17116.664735971193,17116.664833994,17116.664833994,17116.6655752,17116.683371263,1,COMPLETED,True,baseline_0,69,0.09802280692383647,0.741206000384409,17.79606299896841,18.635291806276655
70,17116.823321642656,17116.823584571,17116.823584571,17116.824816693,17116.845573844,0,COMPLETED,True,baseline_0,70,0.26292834445484914,1.2321219983277842,20.757150999997975,22.25220134278061
71,17116.843323372752,17116.843625736,17116.843625736,17116.844860597,17116.86551069,3,COMPLETED,True,baseline_0,71,0.302363248920301,1.2348609998298343,20.650092999858316,22.18731724860845
72,17116.911044893368,17116.911192977,17116.911192977,17116.912268111,17116.932560804,2,COMPLETED,True,baseline_0,72,0.1480836326663848,1.0751339978014585,20.292693003284512,21.515910633752355
73,17116.923786950818,17116.923877264,17116.923877264,17116.924821604,17116.94505941,1,COMPLETED,True,baseline_0,73,0.09031318040797487,0.9443400012969505,20.237806002114667,21.272459183819592
74,17116.92824197133,17116.928331896,17116.928331896,17116.929212425,17116.948176014,0,COMPLETED,True,baseline_0,74,0.08992466973722912,0.8805289980955422,18.963589001941727,19.9340426697745
75,17117.01817864222,17117.018437373,17117.018437373,17117.019438154,17117.039269234,3,COMPLETED,True,baseline_0,75,0.2587307790236082,1.0007809978560545,19.831080000585644,21.090591777465306
76,17117.056718159205,17117.056844111,17117.056844111,17117.057882405,17117.077641322,2,COMPLETED,True,baseline_0,76,0.1259517957805656,1.0382939981354866,19.75891700203647,20.92316279595252
77,17117.070427260387,17117.070585011,17117.070585011,17117.071802992,17117.091088939,1,COMPLETED,True,baseline_0,77,0.15775061183376238,1.217981000081636,19.285947000753367,20.661678612668766
78,17117.11173244799,17117.111830381,17117.111830381,17117.112660369,17117.127426164,0,COMPLETED,True,baseline_0,78,0.09793301069294102,0.8299879991682246,14.76579500013031,15.693716009991476
79,17117.120643291604,17117.120728721,17117.120728721,17117.12145316,17117.134894861,3,COMPLETED,True,baseline_0,79,0.08542939758626744,0.7244389998959377,13.441700997645967,14.251569395128172
80,17117.140295346537,17117.140382839,17117.140382839,17117.141021703,17117.158934565,2,COMPLETED,True,baseline_0,80,0.08749246262595989,0.6388639994838741,17.912862000230234,18.639218462340068
81,17117.144449148043,17117.144693045,17117.144693045,17117.145289747,17117.164433867,1,COMPLETED,True,baseline_0,81,0.2438969568174798,0.5967020006210078,19.144120000419207,19.984718957857694
82,17117.18345458245,17117.183548218,17117.183548218,17117.184108673,17117.200765223,0,COMPLETED,True,baseline_0,82,0.09363555000163615,0.5604549987765495,16.65655000033439,17.310640549112577
83,17117.20609556861,17117.206186515,17117.206186515,17117.206652494,17117.221451539,3,COMPLETED,True,baseline_0,83,0.09094638880924322,0.4659789992729202,14.799045002291678,15.355970390373841
84,17117.272794351964,17117.273000338,17117.273000338,17117.27385677,17117.291955469,2,COMPLETED,True,baseline_0,84,0.20598603441612795,0.856432001455687,18.098699001711793,19.161117037583608
85,17117.31294860525,17117.313089478,17117.313089478,17117.314171898,17117.33412863,1,COMPLETED,True,baseline_0,85,0.14087275121710263,1.0824199998751283,19.956731997808674,21.180024748900905
86,17117.3134013175,17117.313733454,17117.313733454,17117.314439889,17117.33421402,0,COMPLETED,True,baseline_0,86,0.3321365002193488,0.706434999301564,19.774131000303896,20.81270249982481
87,17117.37415657674,17117.374338471,17117.374338471,17117.375336298,17117.394052318,3,COMPLETED,True,baseline_0,87,0.18189425827586092,0.9978269990824629,18.716020000283606,19.89574125764193
88,17117.375972347207,17117.376268007,17117.376268007,17117.376824587,17117.39500017,2,COMPLETED,True,baseline_0,88,0.29565979275503196,0.5565800020121969,18.175582998082973,19.027822792850202
89,17117.376914833952,17117.377071485,17117.377071485,17117.377871288,17117.39792781,1,COMPLETED,True,baseline_0,89,0.15665104729123414,0.7998030014277902,20.05652200023178,21.012976048950804
90,17117.405849210354,17117.40595808,17117.40595808,17117.406680667,17117.419502888,0,COMPLETED,True,baseline_0,90,0.10886964446399361,0.7225870031106751,12.82222099689534,13.653677644470008
91,17117.425008916987,17117.42517717,17117.42517717,17117.426136639,17117.445040971,3,COMPLETED,True,baseline_0,91,0.1682530128164217,0.9594689981895499,18.904332002421143,20.032054013427114
92,17117.430289448523,17117.430438332,17117.430438332,17117.4308403,17117.44442196,2,COMPLETED,True,baseline_0,92,0.14888347868691199,0.401967998186592,13.581660001364071,14.132511478237575
93,17117.44704494354,17117.447130959,17117.447130959,17117.447644205,17117.460837089,1,COMPLETED,True,baseline_0,93,0.08601546142017469,0.5132459991727956,13.19288399827201,13.79214545886498
94,17117.52640502096,17117.526554512,17117.526554512,17117.527272681,17117.540069056,0,COMPLETED,True,baseline_0,94,0.14949103933759034,0.7181690016295761,12.796375001926208,13.664035042893374
95,17117.542582444898,17117.542744839,17117.542744839,17117.543517278,17117.561525568,2,COMPLETED,True,baseline_0,95,0.1623941025172826,0.7724390015937388,18.00828999694204,18.94312310105306
96,17117.544925368064,17117.545106327,17117.545106327,17117.545905794,17117.566123343,3,COMPLETED,True,baseline_0,96,0.18095893756253645,0.7994669977051672,20.21754900124506,21.197974936512765
97,17117.55179367408,17117.55196071,17117.55196071,17117.552746719,17117.571139638,1,COMPLETED,True,baseline_0,97,0.16703591973055154,0.7860090008762199,18.3929189988703,19.34596391947707
98,17117.584846519676,17117.58500737,17117.58500737,17117.585871565,17117.603728262,0,COMPLETED,True,baseline_0,98,0.16085032257251441,0.8641950007586274,17.85669699893333,18.881742322264472
99,17117.594778079958,17117.594936193,17117.594936193,17117.595891287,17117.614861268,2,COMPLETED,True,baseline_0,99,0.15811304183444008,0.9550940012559295,18.969980999827385,20.083188042917755
100,17117.610277945518,17117.610377537,17117.610377537,17117.611191549,17117.628665312,3,COMPLETED,True,baseline_0,100,0.09959148155758157,0.8140120007738005,17.47376300045289,18.387366482784273
101,17117.634887471395,17117.635050974,17117.635050974,17117.635736042,17117.654933692,1,COMPLETED,True,baseline_0,101,0.16350260557373986,0.6850680001662113,19.19764999911422,20.04622060485417
102,17117.635305091942,17117.635444492,17117.635444492,17117.63594157,17117.654756715,0,COMPLETED,True,baseline_0,102,0.13940005737822503,0.4970779991708696,18.81514500200865,19.451623058557743
103,17117.65835033772,17117.65851037,17117.65851037,17117.659401457,17117.675855,2,COMPLETED,True,baseline_0,103,0.16003228301997297,0.8910869983083103,16.453543001262005,17.50466228259029
104,17117.68858676049,17117.688678228,17117.688678228,17117.689266556,17117.706688209,3,COMPLETED,True,baseline_0,104,0.09146751108346507,0.5883279991394375,17.421652999473736,18.101448509696638
105,17117.70965024384,17117.709899187,17117.709899187,17117.710415619,17117.723375672,0,COMPLETED,True,baseline_0,105,0.24894316084100865,0.516431999130873,12.960053001734195,13.725428161706077
106,17117.725800273074,17117.725949969,17117.725949969,17117.726654796,17117.746548008,1,COMPLETED,True,baseline_0,106,0.14969592666602693,0.7048269981169142,19.893212000170024,20.747734924952965
107,17117.774762675654,17117.774862793,17117.774862793,17117.775618818,17117.795785577,2,COMPLETED,True,baseline_0,107,0.10011734775616787,0.7560249978268985,20.166759000858292,21.02290134644136
108,17117.787317053684,17117.787420477,17117.787420477,17117.787986687,17117.805915345,3,COMPLETED,True,baseline_0,108,0.10342331734136678,0.5662099974870216,17.92865800234722,18.598291317175608
109,17117.81174127908,17117.811863033,17117.811863033,17117.812750008,17117.831891548,0,COMPLETED,True,baseline_0,109,0.12175391748314723,0.8869750017765909,19.1415400004189,20.150268919678638
110,17117.816762356913,17117.816872861,17117.816872861,17117.817513862,17117.834775773,1,COMPLETED,True,baseline_0,110,0.11050408647861332,0.641000999166863,17.261911001696717,18.013416087342193
111,17117.82076913446,17117.820941376,17117.820941376,17117.821782769,17117.840755543,2,COMPLETED,True,baseline_0,111,0.17224153998540714,0.8413929972448386,18.97277399984887,19.986408537079114
112,17117.837770952505,17117.837987711,17117.837987711,17117.838721233,17117.855751567,3,COMPLETED,True,baseline_0,112,0.2167584934795741,0.7335220034292433,17.030333998263814,17.98061449517263
113,17117.844734781273,17117.844895365,17117.844895365,17117.845669382,17117.858807493,0,COMPLETED,True,baseline_0,113,0.16058372784755193,0.7740170003671665,13.138111000444042,14.07271172865876
114,17117.978340028396,17117.978496181,17117.978496181,17117.979569851,17118.000163561,1,COMPLETED,True,baseline_0,114,0.1561526041768957,1.0736699987319298,20.593709999957355,21.82353260286618
115,17118.057832224564,17118.057979292,17118.057979292,17118.059049647,17118.078890081,2,COMPLETED,True,baseline_0,115,0.14706743604619987,1.0703549996833317,19.84043400079827,21.0578564365278
116,17118.062507033792,17118.062670205,17118.062670205,17118.063618919,17118.08351333,3,COMPLETED,True,baseline_0,116,0.16317120753228664,0.9487140014243778,19.894410997949308,21.006296206905972
117,17118.103557334347,17118.103653805,17118.103653805,17118.10455781,17118.123959983,0,COMPLETED,True,baseline_0,117,0.09647065235185437,0.9040049990289845,19.40217300216318,20.40264865354402
118,17118.149196357423,17118.14930687,17118.14930687,17118.15023158,17118.169747782,1,COMPLETED,True,baseline_0,118,0.11051257752114907,0.9247099987987895,19.51620200270554,20.55142457902548
119,17118.22476409888,17118.224926894,17118.224926894,17118.225790244,17118.244423145,2,COMPLETED,True,baseline_0,119,0.16279512055916712,0.8633500001451466,18.63290099936421,19.659046120068524
120,17118.259310596608,17118.259501064,17118.259501064,17118.260616877,17118.280716673,3,COMPLETED,True,baseline_0,0,0.190467391803395,1.1158130000694655,20.099796001886716,21.406076393759577
121,17118.27219831766,17118.272346861,17118.272346861,17118.273303383,17118.293048763,0,COMPLETED,True,baseline_0,1,0.14854333858238533,0.956522002525162,19.74537999922177,20.850445340329316
122,17118.283200076286,17118.283332184,17118.283332184,17118.284317271,17118.304183014,1,COMPLETED,True,baseline_0,2,0.13210771430749446,0.9850870010268409,19.865742997353664,20.982937712688
123,17118.284371607584,17118.284506373,17118.284506373,17118.285148718,17118.304761291,2,COMPLETED,True,baseline_0,3,0.13476541425916366,0.6423450031434186,19.612572999903932,20.389683417306514
124,17118.28668636213,17118.286856295,17118.286856295,17118.287587635,17118.306707734,3,COMPLETED,True,baseline_0,4,0.16993286772049032,0.7313400019484106,19.120098997518653,20.021371867187554
125,17118.29007611198,17118.290288362,17118.290288362,17118.29327721,17118.308424324,0,COMPLETED,True,baseline_0,5,0.21225001910352148,2.988847998494748,15.147114001592854,18.348212019191124
126,17118.31107354562,17118.311192596,17118.311192596,17118.312066403,17118.325047179,1,COMPLETED,True,baseline_0,6,0.11905037899850868,0.8738069991522934,12.980776002223138,13.97363338037394
127,17118.320027200614,17118.320150527,17118.320150527,17118.320926652,17118.336569162,2,COMPLETED,True,baseline_0,7,0.12332638652878813,0.7761249980831053,15.642509999452159,16.541961384064052
128,17118.361154155675,17118.36124262,17118.36124262,17118.362121838,17118.3809592,3,COMPLETED,True,baseline_0,8,0.0884643268364016,0.8792179978627246,18.837362000340363,19.80504432503949
129,17118.402192143305,17118.402280919,17118.402280919,17118.403260693,17118.422748576,0,COMPLETED,True,baseline_0,9,0.08877569416654296,0.9797740021895152,19.48788299705484,20.556432693410898
130,17118.40853741492,17118.408771986,17118.408771986,17118.409502694,17118.429253745,1,COMPLETED,True,baseline_0,10,0.23457107818103395,0.7307080013561063,19.751050997001585,20.716330076538725
131,17118.454654726538,17118.454792609,17118.454792609,17118.45542054,17118.47302888,2,COMPLETED,True,baseline_0,11,0.1378824636049103,0.6279310000536498,17.608339996513678,18.374153460172238
132,17118.582954039408,17118.583138207,17118.583138207,17118.584154067,17118.604340308,3,COMPLETED,True,baseline_0,12,0.18416759121464565,1.0158600016438868,20.186240999464644,21.386268592323177
133,17118.58638564901,17118.586532446,17118.586532446,17118.587452234,17118.606902748,0,COMPLETED,True,baseline_0,13,0.14679698870168068,0.9197879990097135,19.450514002528507,20.5170989902399
134,17118.602715358957,17118.602874293,17118.602874293,17118.603824249,17118.623555768,1,COMPLETED,True,baseline_0,14,0.1589340427017305,0.9499560001131613,19.731519001652487,20.84040904446738
135,17118.603440935036,17118.603643888,17118.603643888,17118.604224828,17118.623423119,2,COMPLETED,True,baseline_0,15,0.20295296417316422,0.5809399990539532,19.198291000066092,19.98218396329321
136,17118.60584338196,17118.605961364,17118.605961364,17118.606812559,17118.621080223,3,COMPLETED,True,baseline_0,16,0.1179820392280817,0.8511949999956414,14.267664002545644,15.236841041769367
137,17118.616419826827,17118.616612058,17118.616612058,17118.617402928,17118.630782533,0,COMPLETED,True,baseline_0,17,0.19223117124056444,0.7908700026746374,13.379604999499861,14.362706173415063
138,17118.623619101418,17118.624086492,17118.624086492,17118.624648059,17118.638175068,3,COMPLETED,True,baseline_0,18,0.46739058234379627,0.5615670015686192,13.52700899951742,14.555966583429836
139,17118.66113926404,17118.661270412,17118.661270412,17118.662139215,17118.680859406,2,COMPLETED,True,baseline_0,19,0.13114796092850156,0.8688029993209057,18.72019099755562,19.720141957805026
140,17118.664110896738,17118.664225674,17118.664225674,17118.664760557,17118.680854239,1,COMPLETED,True,baseline_0,20,0.11477726366138086,0.5348829981812742,16.093681999336695,16.74334226117935
141,17118.665664621774,17118.665796142,17118.665796142,17118.666473261,17118.685866124,0,COMPLETED,True,baseline_0,21,0.13152022438589483,0.6771190019208007,19.39286299966625,20.201502225972945
142,17118.66833615089,17118.668457752,17118.668457752,17118.668831041,17118.682313696,3,COMPLETED,True,baseline_0,22,0.12160110782133415,0.37328899998101406,13.48265500200796,13.977545109810308
143,17118.676042651146,17118.676138949,17118.676138949,17118.68105841,17118.69507319,2,COMPLETED,True,baseline_0,23,0.09629785199649632,4.919461000099545,14.014780001161853,19.030538853257895
144,17118.696641579267,17118.696802074,17118.696802074,17118.697588452,17118.715317927,1,COMPLETED,True,baseline_0,24,0.16049473197199404,0.7863780010666233,17.72947499921429,18.676347732252907
145,17118.749934100037,17118.750073431,17118.750073431,17118.751026701,17118.77109235,3,COMPLETED,True,baseline_0,25,0.13933096488472074,0.9532699987175874,20.06564900148078,21.158249965083087
146,17118.776679432187,17118.776814749,17118.776814749,17118.77786144,17118.799353616,0,COMPLETED,True,baseline_0,26,0.13531681179301813,1.0466910025570542,21.49217599799158,22.674183812341653
147,17118.796165839136,17118.796368466,17118.796368466,17118.797278137,17118.816916094,2,COMPLETED,True,baseline_0,27,0.20262686302885413,0.9096710018638987,19.637957000668393,20.750254865561146
148,17118.810282038867,17118.810430265,17118.810430265,17118.811456669,17118.831220081,1,COMPLETED,True,baseline_0,28,0.14822613229625858,1.0264039992762264,19.76341200133902,20.938042132911505
149,17118.879036110742,17118.879172313,17118.879172313,17118.880101133,17118.898160446,3,COMPLETED,True,baseline_0,29,0.13620225945487618,0.9288199980801437,18.059312998957466,19.124335256492486
150,17118.883772610407,17118.883903485,17118.883903485,17118.884877187,17118.903950725,0,COMPLETED,True,baseline_0,30,0.13087459228700027,0.9737020009197295,19.073538001975976,20.178114595182706
151,17118.888007667567,17118.888137538,17118.888137538,17118.889075748,17118.909420356,2,COMPLETED,True,baseline_0,31,0.129870433738688,0.9382099997310434,20.34460800132365,21.41268843479338
152,17118.993147727473,17118.993254469,17118.993254469,17118.994261255,17119.014009202,1,COMPLETED,True,baseline_0,32,0.10674152508727275,1.0067860021081287,19.747947000723798,20.8614745279192
153,17119.017686987518,17119.017810912,17119.017810912,17119.018790436,17119.038830932,3,COMPLETED,True,baseline_0,33,0.12392448115861043,0.9795240002858918,20.04049600145663,21.143944482901134
154,17119.03895888893,17119.039221193,17119.039221193,17119.040418573,17119.062496871,0,COMPLETED,True,baseline_0,34,0.262304070929531,1.1973799992119893,22.078297999541974,23.537982069683494
155,17119.04582152196,17119.045959373,17119.045959373,17119.046704145,17119.067650894,2,COMPLETED,True,baseline_0,35,0.13785104238195345,0.7447719981428236,20.946749002177967,21.829372042702744
156,17119.05051153487,17119.05065353,17119.05065353,17119.051515965,17119.071501337,1,COMPLETED,True,baseline_0,36,0.14199512952473015,0.8624349975434598,19.98537200051942,20.98980212758761
157,17119.065001624156,17119.06526383,17119.06526383,17119.06620981,17119.084758544,3,COMPLETED,True,baseline_0,37,0.26220584550173953,0.9459799985052086,18.548733998613898,19.756919842620846
158,17119.069354796276,17119.069516889,17119.069516889,17119.07037022,17119.086245761,0,COMPLETED,True,baseline_0,38,0.1620927250769455,0.8533309992344584,15.875540997512871,16.890964721824275
159,17119.09399330789,17119.094113313,17119.094113313,17119.094831858,17119.108582418,2,COMPLETED,True,baseline_0,39,0.12000510832876898,0.7185450012912042,13.750559999607503,14.589110109227477
160,17119.101074162132,17119.101227838,17119.101227838,17119.102066115,17119.116097794,1,COMPLETED,True,baseline_0,40,0.15367586820502765,0.8382769992749672,14.03167900207336,15.023631869553356
161,17119.107661924107,17119.107847502,17119.107847502,17119.108535012,17119.127135158,3,COMPLETED,True,baseline_0,41,0.18557789371698163,0.6875100007164292,18.60014599878923,19.47323389322264
162,17119.12367677315,17119.123805797,17119.123805797,17119.12452318,17119.137944583,0,COMPLETED,True,baseline_0,42,0.12902385060442612,0.7173829981184099,13.421403000393184,14.26780984911602
163,17119.129854114897,17119.130052496,17119.130052496,17119.130810645,17119.14608294,2,COMPLETED,True,baseline_0,43,0.19838110165437683,0.7581490026495885,15.272294996975688,16.228825101279654
164,17119.145771754964,17119.145860335,17119.145860335,17119.146777693,17119.165608964,1,COMPLETED,True,baseline_0,44,0.08858003639033996,0.9173580001515802,18.831270997907268,19.837209034449188
165,17119.147370853,17119.14746206,17119.14746206,17119.147966068,17119.161187908,3,COMPLETED,True,baseline_0,45,0.09120699905906804,0.5040080031903926,13.221839999459917,13.817055001709377
166,17119.18010432846,17119.180195344,17119.180195344,17119.180727706,17119.194940491,0,COMPLETED,True,baseline_0,46,0.09101553951040842,0.5323619989212602,14.212785001291195,14.836162539722864
167,17119.212273268113,17119.212314117,17119.212314117,17119.212958216,17119.225994912,2,COMPLETED,True,baseline_0,47,0.040848888602340594,0.6440990000555757,13.0366960001993,13.721643888857216
168,17119.265417923736,17119.265557914,17119.265557914,17119.266664818,17119.286030114,3,COMPLETED,True,baseline_0,48,0.13999026486999355,1.1069039974245243,19.365296000614762,20.61219026290928
169,17119.27814782566,17119.278303879,17119.278303879,17119.279297769,17119.299264919,1,COMPLETED,True,baseline_0,49,0.1560533419251442,0.993890000245301,19.96714999768301,21.117093339853454
170,17119.284649194535,17119.284806257,17119.284806257,17119.285626585,17119.306074092,0,COMPLETED,True,baseline_0,50,0.15706246631452814,0.8203279976441991,20.447507002245402,21.42489746620413
171,17119.29130033988,17119.291389616,17119.291389616,17119.292270798,17119.312095371,2,COMPLETED,True,baseline_0,51,0.08927611997933127,0.8811820007394999,19.824572998913936,20.795031119632768
172,17119.292550826696,17119.292733499,17119.292733499,17119.293400351,17119.31022664,3,COMPLETED,True,baseline_0,52,0.182672305527376,0.666851999994833,16.826288996526273,17.675813302048482
173,17119.294551764793,17119.29473419,17119.29473419,17119.299503352,17119.314659925,1,COMPLETED,True,baseline_0,53,0.18242520673084073,4.769161998410709,15.156573001149809,20.10816020629136
174,17119.322940589154,17119.323051235,17119.323051235,17119.323626217,17119.337115783,0,COMPLETED,True,baseline_0,54,0.11064584396081045,0.5749820011260454,13.489566001226194,14.17519384631305
175,17119.3346402602,17119.334774806,17119.334774806,17119.335505792,17119.348890806,3,COMPLETED,True,baseline_0,55,0.13454580039251596,0.730986001144629,13.385013997321948,14.250545798859093
176,17119.406551912038,17119.406820478,17119.406820478,17119.407883742,17119.427980106,2,COMPLETED,True,baseline_0,56,0.26856596377911046,1.0632639969117008,20.096364001801703,21.428193962492514
177,17119.46478837721,17119.464947879,17119.464947879,17119.465954424,17119.486456103,1,COMPLETED,True,baseline_0,57,0.15950179295032285,1.0065449969260953,20.50167900233646,21.667725792212877
178,17119.525936510257,17119.52608098,17119.52608098,17119.526968474,17119.54183816,0,COMPLETED,True,baseline_0,58,0.14446974091697484,0.8874940031091683,14.869685997837223,15.901649741863366
179,17119.527515015543,17119.527649129,17119.527649129,17119.528317836,17119.548631338,3,COMPLETED,True,baseline_0,59,0.13411345571512356,0.6687070017505903,20.313501998316497,21.11632245578221
180,17119.55596433252,17119.556089113,17119.556089113,17119.556858779,17119.57391054,2,COMPLETED,True,baseline_0,60,0.12478047938202508,0.7696659995417576,17.05176099858363,17.946207477507414
181,17119.57186208144,17119.57199826,17119.57199826,17119.57273613,17119.59077908,1,COMPLETED,True,baseline_0,61,0.13617855802294798,0.7378700029221363,18.0429499996535,18.916998560598586
182,17119.584287587815,17119.584428135,17119.584428135,17119.585064066,17119.601120942,0,COMPLETED,True,baseline_0,62,0.1405471848556772,0.635930999123957,16.056876000220655,16.83335418420029
183,17119.598563588992,17119.598841398,17119.598841398,17119.599525255,17119.61823194,3,COMPLETED,True,baseline_0,63,0.27780900927609764,0.6838569970568642,18.70668500123429,19.668351007567253
184,17119.642627648842,17119.642761583,17119.642761583,17119.643512967,17119.6633545,2,COMPLETED,True,baseline_0,64,0.13393415792961605,0.7513839991588611,19.84153300145408,20.72685115854256
185,17119.647892121782,17119.648033451,17119.648033451,17119.648711667,17119.664698777,1,COMPLETED,True,baseline_0,65,0.14132921933196485,0.6782159980502911,15.987110000423854,16.80665521780611
186,17119.653790316734,17119.653933686,17119.653933686,17119.654911717,17119.675882324,0,COMPLETED,True,baseline_0,66,0.14336926687974483,0.978030999249313,20.97060700180009,22.092007267929148
187,17119.66903921207,17119.669172379,17119.669172379,17119.670038492,17119.689177645,3,COMPLETED,True,baseline_0,67,0.13316693002707325,0.8661130013933871,19.139152998832287,20.138432930252748
188,17119.70747524905,17119.707557426,17119.707557426,17119.70810667,17119.721581399,2,COMPLETED,True,baseline_0,68,0.08217694994527847,0.5492439995578025,13.474728999426588,14.10614994892967
189,17119.711708266015,17119.711959118,17119.711959118,17119.712724248,17119.731153364,1,COMPLETED,True,baseline_0,69,0.2508519864932168,0.7651299965800717,18.429116000334034,19.445097983407322
190,17119.72870846614,17119.728795054,17119.728795054,17119.729561401,17119.743449861,0,COMPLETED,True,baseline_0,70,0.0865878610056825,0.7663469987164717,13.888459998270264,14.741394857992418
191,17119.775356531674,17119.775487978,17119.775487978,17119.776262435,17119.792352462,3,COMPLETED,True,baseline_0,71,0.13144632612238638,0.774456999351969,16.090026998426765,16.99593032390112
192,17119.795313405117,17119.795451091,17119.795451091,17119.79621334,17119.809338147,2,COMPLETED,True,baseline_0,72,0.1376858817820903,0.7622490011272021,13.124806999257999,14.024741882167291
193,17119.79811221704,17119.798239975,17119.798239975,17119.799117683,17119.819284467,1,COMPLETED,True,baseline_0,73,0.12775796130881645,0.8777080001891591,20.166784001048654,21.17224996254663
194,17119.818062478244,17119.818311926,17119.818311926,17119.819064275,17119.83181506,0,COMPLETED,True,baseline_0,74,0.24944775577750988,0.7523490021412726,12.750784997479059,13.752581755397841
195,17119.832417171492,17119.83257614,17119.83257614,17119.833464155,17119.852232265,3,COMPLETED,True,baseline_0,75,0.1589685089129489,0.8880149980541319,18.76810999965528,19.81509350662236
196,17119.863887952357,17119.86403268,17119.86403268,17119.864758013,17119.883514839,2,COMPLETED,True,baseline_0,76,0.1447276445105672,0.7253329968079925,18.75682600075379,19.62688664207235
197,17119.88266617836,17119.882751164,17119.882751164,17119.883649446,17119.902667547,1,COMPLETED,True,baseline_0,77,0.0849856405693572,0.8982819999800995,19.018101000256138,20.001368640805595
198,17119.8864456204,17119.886523579,17119.886523579,17119.887331069,17119.90716439,0,COMPLETED,True,baseline_0,78,0.0779586007411126,0.8074899997154716,19.83332099916879,20.718769599625375
199,17119.89742350499,17119.897515178,17119.897515178,17119.898228254,17119.911690582,3,COMPLETED,True,baseline_0,79,0.09167300959234126,0.7130759986466728,13.462328002788126,14.26707701102714
200,17119.91386586908,17119.913970816,17119.913970816,17119.914609217,17119.927780791,2,COMPLETED,True,baseline_0,80,0.10494692105567083,0.6384010011970531,13.171573998988606,13.91492192124133
201,17119.920122698397,17119.920351865,17119.920351865,17119.921063025,17119.937207705,1,COMPLETED,True,baseline_0,81,0.2291666023666039,0.7111600025382359,16.14467999752378,17.08500660242862
202,17119.99146666876,17119.991614451,17119.991614451,17119.992713514,17120.012666177,0,COMPLETED,True,baseline_0,82,0.14778224067413248,1.0990629998559598,19.952663002186455,21.199508242716547
203,17120.045655528826,17120.045819861,17120.045819861,17120.046903788,17120.066949592,3,COMPLETED,True,baseline_0,83,0.16433217388112098,1.0839269998541567,20.045804001711076,21.294063175446354
204,17120.058213576354,17120.058383497,17120.058383497,17120.059144232,17120.077705977,2,COMPLETED,True,baseline_0,84,0.1699206441116985,0.7607350016769487,18.561745000624796,19.492400646413444
205,17120.059606912862,17120.059826686,17120.059826686,17120.060672903,17120.078541216,1,COMPLETED,True,baseline_0,85,0.2197731373598799,0.8462170007987879,17.868312999780755,18.934303137939423
206,17120.067199324945,17120.067524609,17120.067524609,17120.068488656,17120.087860542,0,COMPLETED,True,baseline_0,86,0.32528405427001417,0.9640470016165636,19.371885999134975,20.661217055021552
207,17120.084554776247,17120.084711905,17120.084711905,17120.085315005,17120.098697945,3,COMPLETED,True,baseline_0,87,0.15712875392637216,0.6030999975337181,13.38294000015594,14.143168751616031
208,17120.130496298465,17120.130585852,17120.130585852,17120.131439137,17120.15118383,2,COMPLETED,True,baseline_0,88,0.08955353405326605,0.8532850006304216,19.74469299966586,20.687531534349546
209,17120.151368386305,17120.151464256,17120.151464256,17120.152268593,17120.171988315,1,COMPLETED,True,baseline_0,89,0.09586969463271089,0.8043369998631533,19.719722000445472,20.619928694941336
210,17120.175510383975,17120.17562063,17120.17562063,17120.176125908,17120.189297939,0,COMPLETED,True,burst_0,90,0.11024602645193227,0.5052779997640755,13.172030998248374,13.787555024464382
211,17120.182978627137,17120.183135993,17120.183135993,17120.183990529,17120.203176413,3,COMPLETED,True,burst_0,91,0.15736586283310317,0.8545359996787738,19.1858840007626,20.197785863274476
212,17120.19913136737,17120.199240226,17120.199240226,17120.199870197,17120.218196556,2,COMPLETED,True,burst_0,92,0.10885862866416574,0.6299710003077053,18.32635900063906,19.06518862961093
213,17120.212425172183,17120.212541575,17120.212541575,17120.213443044,17120.232601168,1,COMPLETED,True,burst_0,93,0.11640281809377484,0.9014689967443701,19.158124003297416,20.17599581813556
214,17120.225205049323,17120.225335232,17120.225335232,17120.226031552,17120.239190729,0,COMPLETED,True,burst_0,94,0.13018267782172188,0.6963199994061142,13.159177000488853,13.98567967771669
215,17120.237257338114,17120.23740386,17120.23740386,17120.238375983,17120.25649261,3,COMPLETED,True,burst_0,95,0.1465218847442884,0.9721230017021298,18.11662699765293,19.235271884099348
216,17120.24206233635,17120.242163373,17120.242163373,17120.242879295,17120.261294929,2,COMPLETED,True,burst_0,96,0.10103665044880472,0.7159220003813971,18.415634000120917,19.23259265095112
217,17120.248870338593,17120.248967878,17120.248967878,17120.249811031,17120.263742586,1,COMPLETED,True,burst_0,97,0.09753940685186535,0.8431530004600063,13.931555000453955,14.872247407765826
218,17120.249078302422,17120.249472526,17120.249472526,17120.249856852,17120.263360984,0,COMPLETED,True,burst_0,98,0.3942235780414194,0.3843259983113967,13.504132002708502,14.282681579061318
219,17120.285342096915,17120.285538584,17120.285538584,17120.286401069,17120.304587768,3,COMPLETED,True,baseline_1,99,0.19648708621389233,0.8624849979241844,18.18669900239911,19.245671086537186
220,17120.313069050644,17120.31324049,17120.31324049,17120.313981918,17120.32876332,2,COMPLETED,True,baseline_1,100,0.171439354744507,0.7414280007651541,14.78140200197231,15.694269357481971
221,17120.32747640137,17120.327637774,17120.327637774,17120.328692347,17120.347474437,0,COMPLETED,True,baseline_1,101,0.16137263082782738,1.0545730001467746,18.78208999914932,19.998035630123923
222,17120.360082719995,17120.36025387,17120.36025387,17120.360838295,17120.376533267,1,COMPLETED,True,baseline_1,102,0.17115000446210615,0.5844250008522067,15.694972000346752,16.450547005661065
223,17120.40611461476,17120.406370429,17120.406370429,17120.407403029,17120.426357162,3,COMPLETED,True,baseline_1,103,0.2558142368798144,1.0326000010536518,18.95413300007931,20.242547238012776
224,17120.408796937365,17120.408954093,17120.408954093,17120.409704268,17120.429199785,2,COMPLETED,True,baseline_1,104,0.15715563495177776,0.7501750005758367,19.495517000905238,20.402847636432853
225,17120.48251804128,17120.482696219,17120.482696219,17120.483397843,17120.502085569,0,COMPLETED,True,baseline_1,105,0.17817772095440887,0.7016239978838712,18.687726002099225,19.567527720937505
226,17120.505517453414,17120.50568364,17120.50568364,17120.506515941,17120.526322777,1,COMPLETED,True,baseline_1,106,0.1661865862843115,0.8323010006279219,19.80683600049815,20.805323587410385
227,17120.5187343764,17120.518985419,17120.518985419,17120.519674173,17120.538469479,3,COMPLETED,True,baseline_1,107,0.2510425983928144,0.6887540002935566,18.795306001266,19.73510259995237
228,17120.539037436865,17120.53921806,17120.53921806,17120.53991149,17120.559657974,2,COMPLETED,True,baseline_1,108,0.18062313392874785,0.693429999955697,19.74648400209844,20.620537135982886
229,17120.540493466437,17120.540644619,17120.540644619,17120.54120659,17120.554722884,0,COMPLETED,True,baseline_1,109,0.15115256246645004,0.5619709991151467,13.516294002329232,14.229417563910829
230,17120.54798510472,17120.548168944,17120.548168944,17120.549014816,17120.562722206,1,COMPLETED,True,baseline_1,110,0.18383927817922086,0.845872000354575,13.707390000490705,14.7371012790245
231,17120.549919198857,17120.550171866,17120.550171866,17120.550963174,17120.571008345,3,COMPLETED,True,baseline_1,111,0.2526671451050788,0.7913079971331172,20.0451710006746,21.089146142912796
232,17120.56673009192,17120.566908736,17120.566908736,17120.567419872,17120.580848634,0,COMPLETED,True,baseline_1,112,0.17864408073364757,0.5111360005685128,13.428761998511618,14.118542079813778
233,17120.56921397764,17120.569278825,17120.569278825,17120.569802388,17120.583180742,2,COMPLETED,True,baseline_1,113,0.06484736150014214,0.5235629978415091,13.378354000451509,13.96676435979316
234,17120.5761971583,17120.576289236,17120.576289236,17120.576955518,17120.590525276,1,COMPLETED,True,baseline_1,114,0.09207769835484214,0.6662820014753379,13.569757997174747,14.328117697004927
235,17120.609268582688,17120.609358471,17120.609358471,17120.610022936,17120.629574897,3,COMPLETED,True,baseline_1,115,0.08988831177703105,0.6644650020461995,19.551960998796858,20.30631431262009
236,17120.612059405317,17120.61215099,17120.61215099,17120.612434476,17120.62520078,0,COMPLETED,True,baseline_1,116,0.09158468310488388,0.2834859988070093,12.766304000251694,13.141374682163587
237,17120.637861667532,17120.637945992,17120.637945992,17120.63850628,17120.658365773,2,COMPLETED,True,baseline_1,117,0.08432446702499874,0.5602880009973887,19.859493000694783,20.50410546871717
238,17120.646963450385,17120.647063998,17120.647063998,17120.647823243,17120.663610056,1,COMPLETED,True,baseline_1,118,0.10054761514766142,0.7592450019728858,15.78681299724849,16.646605614369037
239,17120.66647654413,17120.666598258,17120.666598258,17120.667659446,17120.68821073,0,COMPLETED,True,baseline_1,119,0.12171387061243877,1.0611879988573492,20.551284000248415,21.734185869718203
240,17120.674689622712,17120.674860441,17120.674860441,17120.675734253,17120.695512503,3,COMPLETED,True,baseline_1,0,0.17081828627851792,0.8738120013731532,19.77824999994482,20.82288028759649
241,17120.75020166741,17120.750342849,17120.750342849,17120.751363996,17120.770639486,2,COMPLETED,True,baseline_1,1,0.14118159015197307,1.0211469998466782,19.27548999810824,20.437818588106893
242,17120.798134703917,17120.798297178,17120.798297178,17120.799335726,17120.819492549,1,COMPLETED,True,baseline_1,2,0.1624740834813565,1.038547998177819,20.156823000434088,21.357845082093263
243,17120.801025626864,17120.801184557,17120.801184557,17120.802139826,17120.82246672,0,COMPLETED,True,baseline_1,3,0.1589301355124917,0.955268998950487,20.326894002209883,21.441093136672862
244,17120.835406052207,17120.835567965,17120.835567965,17120.836592667,17120.854074931,3,COMPLETED,True,baseline_1,4,0.16191279428312555,1.024701999995159,17.482264000136638,18.668878794414923
245,17120.878353854267,17120.878514093,17120.878514093,17120.879266871,17120.892282875,2,COMPLETED,True,baseline_1,5,0.1602387346792966,0.7527779998781625,13.016003998927772,13.929020733485231
246,17120.896325728754,17120.896517079,17120.896517079,17120.89748434,17120.916913596,1,COMPLETED,True,baseline_1,6,0.1913502455863636,0.9672609994595405,19.429256000876194,20.587867245922098
247,17120.901726771885,17120.901872269,17120.901872269,17120.902640904,17120.916788637,0,COMPLETED,True,baseline_1,7,0.14549711704603396,0.7686349999858066,14.147732999845175,15.061865116877016
248,17120.922332368864,17120.922487628,17120.922487628,17120.923320956,17120.942936458,3,COMPLETED,True,baseline_1,8,0.155259134771768,0.8333280020451639,19.61550199848716,20.604089135304093
249,17120.969149529,17120.96931447,17120.96931447,17120.970122057,17120.987979935,2,COMPLETED,True,baseline_1,9,0.1649410005484242,0.8075869991444051,17.857877999631455,18.830405999324284
250,17120.970663730368,17120.970814538,17120.970814538,17120.971379817,17120.985465241,0,COMPLETED,True,baseline_1,10,0.15080763114383444,0.5652790023304988,14.085423998039914,14.801510631514248
251,17120.974187979755,17120.974427816,17120.974427816,17120.975281325,17120.995195721,1,COMPLETED,True,baseline_1,11,0.23983624487300403,0.8535090018995106,19.914395998057444,21.00774124482996
252,17121.004925889498,17121.005074472,17121.005074472,17121.005682735,17121.019734336,3,COMPLETED,True,baseline_1,12,0.14858250142424367,0.6082630025048275,14.051600999664515,14.808446503593586
253,17121.03905499002,17121.039141127,17121.039141127,17121.040202984,17121.060620034,0,COMPLETED,True,baseline_1,13,0.08613698082626797,1.0618570013321005,20.41705000010552,21.565043982263887
254,17121.084429062674,17121.084535987,17121.084535987,17121.085274645,17121.099562491,2,COMPLETED,True,baseline_1,14,0.10692432624637149,0.7386580000456888,14.287845999206183,15.133428325498244
255,17121.19283079721,17121.19296936,17121.19296936,17121.194033169,17121.214499224,1,COMPLETED,True,baseline_1,15,0.1385627911076881,1.0638089988788124,20.466055000724737,21.668426790711237
256,17121.23136584807,17121.231509286,17121.231509286,17121.232550075,17121.253197442,3,COMPLETED,True,baseline_1,16,0.14343793009174988,1.040789000398945,20.647367000492522,21.831593930983217
257,17121.259044061535,17121.259176315,17121.259176315,17121.260181923,17121.280284326,0,COMPLETED,True,baseline_1,17,0.13225346629042178,1.0056079991045408,20.10240299932775,21.240264464722713
258,17121.30127404437,17121.301412089,17121.301412089,17121.302298097,17121.320517385,2,COMPLETED,True,baseline_1,18,0.13804463014821522,0.8860080015438143,18.219287998363143,19.243340630055172
259,17121.30817536718,17121.30822214,17121.30822214,17121.308943997,17121.326870172,1,COMPLETED,True,baseline_1,19,0.04677282049669884,0.7218569990072865,17.926175001775846,18.69480482127983
260,17121.339097636002,17121.339243178,17121.339243178,17121.340111977,17121.355277155,3,COMPLETED,True,baseline_1,20,0.14554199879057705,0.8687989975442179,15.165177999733714,16.17951899606851
261,17121.340991926056,17121.341159744,17121.341159744,17121.341809893,17121.359654642,0,COMPLETED,True,baseline_1,21,0.16781794329290278,0.650149002467515,17.84474899977795,18.662715945538366
262,17121.375549839264,17121.375640414,17121.375640414,17121.376341669,17121.38944087,2,COMPLETED,True,baseline_1,22,0.09057473653228953,0.7012550013314467,13.099200998112792,13.891030735976528
263,17121.377511508388,17121.377590622,17121.377590622,17121.378456382,17121.397707171,1,COMPLETED,True,baseline_1,23,0.07911361171863973,0.8657600010337774,19.25078899876098,20.1956626115134
264,17121.396629321207,17121.396918887,17121.396918887,17121.397784918,17121.41695097,3,COMPLETED,True,baseline_1,24,0.2895657926273998,0.8660310013510752,19.166051999491174,20.32164879346965
265,17121.48605057162,17121.486302968,17121.486302968,17121.487345065,17121.508165095,0,COMPLETED,True,baseline_1,25,0.2523963776184246,1.0420970029372256,20.82003000032273,22.11452338087838
266,17121.52177343923,17121.521903061,17121.521903061,17121.522934767,17121.542995373,2,COMPLETED,True,baseline_1,26,0.12962176697328687,1.0317060005036183,20.06060600251658,21.221933769993484
267,17121.53952083985,17121.539789994,17121.539789994,17121.540796846,17121.560716325,1,COMPLETED,True,baseline_1,27,0.26915414855466224,1.0068519986816682,19.919479000236606,21.195485147472937
268,17121.583789361033,17121.584080624,17121.584080624,17121.585036076,17121.601364682,3,COMPLETED,True,baseline_1,28,0.291262967948569,0.9554520001984201,16.328605997841805,17.575320965988794
269,17121.586927413235,17121.587079752,17121.587079752,17121.587736563,17121.602529332,0,COMPLETED,True,baseline_1,29,0.15233876547426917,0.6568110002262983,14.792769001360284,15.601918767060852
270,17121.58885823214,17121.588993819,17121.588993819,17121.589797875,17121.609989845,2,COMPLETED,True,baseline_1,30,0.13558686259784736,0.8040559987421148,20.19197000117856,21.131612862518523
271,17121.679537965978,17121.679707938,17121.679707938,17121.680844744,17121.701208989,1,COMPLETED,True,baseline_1,31,0.16997202328639105,1.136806000431534,20.364244999655057,21.67102302337298
272,17121.686898528944,17121.687048448,17121.687048448,17121.687992171,17121.707701017,3,COMPLETED,True,baseline_1,32,0.1499190548202023,0.9437230000912677,19.708846000867197,20.802488055778667
273,17121.705298262223,17121.705552239,17121.705552239,17121.706663438,17121.72821534,0,COMPLETED,True,baseline_1,33,0.25397677745786496,1.1111989988421556,21.551902002101997,22.917077778402017
274,17121.778155507403,17121.778296225,17121.778296225,17121.779251748,17121.799845056,2,COMPLETED,True,baseline_1,34,0.14071759505895898,0.9555230026307981,20.593307999661192,21.68954859735095
275,17121.83867787045,17121.838811589,17121.838811589,17121.83983525,17121.859862028,1,COMPLETED,True,baseline_1,35,0.13371854947763495,1.0236609996354673,20.02677799828234,21.184157547395444
276,17121.84074876369,17121.840884384,17121.840884384,17121.841848184,17121.861416656,3,COMPLETED,True,baseline_1,36,0.13562031017499976,0.9638000010454562,19.568471998354653,20.66789230957511
277,17121.85013913829,17121.850299582,17121.850299582,17121.851306399,17121.871700596,0,COMPLETED,True,baseline_1,37,0.1604437129572034,1.0068169976875652,20.394196999404812,21.56145771004958
278,17121.854467614445,17121.854599298,17121.854599298,17121.855470449,17121.875335666,2,COMPLETED,True,baseline_1,38,0.13168355508241802,0.871151001774706,19.86521700018784,20.868051557044964
279,17121.891587567672,17121.891723783,17121.891723783,17121.892580973,17121.905694284,1,COMPLETED,True,baseline_1,39,0.13621532707475126,0.8571899998059962,13.113311000779504,14.106716327660251
280,17121.901674791494,17121.901870019,17121.901870019,17121.902679162,17121.921658856,3,COMPLETED,True,baseline_1,40,0.19522750517353415,0.8091430026979651,18.979693999426672,19.98406450729817
281,17121.91226301309,17121.912385975,17121.912385975,17121.913015824,17121.926424443,0,COMPLETED,True,baseline_1,41,0.12296190834604204,0.6298490006884094,13.40861900098389,14.161429910018342
282,17121.950043330522,17121.950153207,17121.950153207,17121.95059128,17121.963789141,2,COMPLETED,True,baseline_1,42,0.10987647692672908,0.4380730024422519,13.19786099702469,13.745810476393672
283,17121.977594237822,17121.977729089,17121.977729089,17121.978775912,17121.997657872,1,COMPLETED,True,baseline_1,43,0.13485117960954085,1.0468229993421119,18.881960000726394,20.063634179678047
284,17122.045413210868,17122.045701869,17122.045701869,17122.046588596,17122.066769616,3,COMPLETED,True,baseline_1,44,0.28865813146694563,0.8867270007613115,20.18102000147337,21.356405133701628
285,17122.089774686396,17122.090015681,17122.090015681,17122.090754609,17122.10811464,0,COMPLETED,True,baseline_1,45,0.24099460279103369,0.7389279999188147,17.360031000862364,18.339953603572212
286,17122.113021560268,17122.113178586,17122.113178586,17122.113915272,17122.132960744,2,COMPLETED,True,baseline_1,46,0.15702573364251293,0.7366859972535167,19.045471999561414,19.939183730457444
287,17122.122367793556,17122.122525524,17122.122525524,17122.123324095,17122.140764309,1,COMPLETED,True,baseline_1,47,0.15773044287925586,0.7985709999047685,17.440214000089327,18.39651544287335
288,17122.127774997898,17122.127934412,17122.127934412,17122.128795103,17122.148560093,3,COMPLETED,True,baseline_1,48,0.1594141031091567,0.8606909977970645,19.764990000112448,20.78509510101867
289,17122.143226508237,17122.143318028,17122.143318028,17122.144168164,17122.157407894,0,COMPLETED,True,baseline_1,49,0.09151976337307133,0.8501359989168122,13.239730000350391,14.181385762640275
290,17122.145646551813,17122.145788274,17122.145788274,17122.146592649,17122.162628984,2,COMPLETED,True,baseline_1,50,0.14172218652674928,0.8043749985517934,16.036335000535473,16.982432185614016
291,17122.17740715148,17122.177558116,17122.177558116,17122.178132507,17122.19146716,1,COMPLETED,True,baseline_1,51,0.15096451897989027,0.5743910005548969,13.334652998310048,14.060008517844835
292,17122.18817849747,17122.188401026,17122.188401026,17122.188970488,17122.207624792,3,COMPLETED,True,baseline_1,52,0.22252853159443475,0.5694620012945961,18.654303999937838,19.44629453282687
293,17122.237980611204,17122.23813998,17122.23813998,17122.23914008,17122.257997022,0,COMPLETED,True,baseline_1,53,0.1593687957210932,1.0001000009651762,18.85694199881982,20.01641079550609
294,17122.25546627651,17122.255673416,17122.255673416,17122.256539238,17122.274728412,2,COMPLETED,True,baseline_1,54,0.20713948833872564,0.8658219994686078,18.189174003055086,19.26213549086242
295,17122.299213172908,17122.299501899,17122.299501899,17122.300406098,17122.319280234,1,COMPLETED,True,baseline_1,55,0.2887260925490409,0.9041989978868514,18.874136003432795,20.067061093868688
296,17122.338417434446,17122.338503127,17122.338503127,17122.339431879,17122.359058851,3,COMPLETED,True,baseline_1,56,0.08569255442125723,0.9287520006182604,19.6269719999691,20.641416555008618
297,17122.342362995565,17122.342444287,17122.342444287,17122.343242876,17122.363744257,0,COMPLETED,True,baseline_1,57,0.08129143316182308,0.798589000623906,20.501381000940455,21.381261434726184
298,17122.357294240814,17122.357428495,17122.357428495,17122.358306866,17122.377748392,2,COMPLETED,True,baseline_1,58,0.1342541872872971,0.8783709999988787,19.44152599753579,20.454151184821967
299,17122.377606583865,17122.377786868,17122.377786868,17122.378803145,17122.394979655,1,COMPLETED,True,baseline_1,59,0.18028413614956662,1.016276997688692,16.17651000196929,17.37307113580755
300,17122.400001776477,17122.400155912,17122.400155912,17122.401082426,17122.418233293,3,COMPLETED,True,baseline_1,60,0.15413552318932489,0.9265139997296501,17.150866999145364,18.23151652206434
301,17122.43732845915,17122.437491837,17122.437491837,17122.438674295,17122.459521948,0,COMPLETED,True,baseline_1,61,0.16337785200448707,1.1824579996755347,20.847652998781996,22.193488850462018
302,17122.459047292134,17122.459275417,17122.459275417,17122.46007499,17122.474368254,2,COMPLETED,True,baseline_1,62,0.2281248671351932,0.7995729974936694,14.293264001025818,15.32096186565468
303,17122.46842732623,17122.468583782,17122.468583782,17122.469478185,17122.489135809,1,COMPLETED,True,baseline_1,63,0.15645577150280587,0.8944030014390592,19.657623997773044,20.70848277071491
304,17122.483472641205,17122.483721732,17122.483721732,17122.484637527,17122.504493603,3,COMPLETED,True,baseline_1,64,0.24909079365897924,0.9157950007647742,19.856075999996392,21.020961794420145
305,17122.496387540945,17122.496636528,17122.496636528,17122.497584975,17122.514825835,0,COMPLETED,True,baseline_1,65,0.24898705669329502,0.9484469992457889,17.24085999740055,18.438294053339632
306,17122.496755947446,17122.496766333,17122.496766333,17122.497806296,17122.516865459,2,COMPLETED,True,baseline_1,66,0.010385552741354331,1.0399630009487737,19.059163001656998,20.109511555347126
307,17122.501877718034,17122.502043989,17122.502043989,17122.502743145,17122.521783477,1,COMPLETED,True,baseline_1,67,0.16627096556476317,0.6991560003370978,19.04033200116828,19.905758967070142
308,17122.505017618554,17122.505223331,17122.505223331,17122.505920768,17122.520321695,3,COMPLETED,True,baseline_1,68,0.20571244749589823,0.697436997143086,14.400927000679076,15.30407644531806
309,17122.523691554296,17122.523839742,17122.523839742,17122.524506846,17122.537041159,0,COMPLETED,True,baseline_1,69,0.14818770432611927,0.6671039991488215,12.5343130021065,13.349604705581442
310,17122.539345225076,17122.539465296,17122.539465296,17122.540384591,17122.555573605,2,COMPLETED,True,baseline_1,70,0.12007092300336808,0.9192950019496493,15.189014000497991,16.22837992545101
311,17122.588514541534,17122.588677645,17122.588677645,17122.589449952,17122.609137407,3,COMPLETED,True,baseline_1,71,0.1631034647289198,0.7723070011707023,19.687454998347675,20.622865464247297
312,17122.60381306722,17122.604095992,17122.604095992,17122.604654084,17122.622593699,1,COMPLETED,True,baseline_1,72,0.2829247787303757,0.5580920005741064,17.939615001523634,18.780631780828116
313,17122.604420619162,17122.604560185,17122.604560185,17122.60514735,17122.620659137,0,COMPLETED,True,baseline_1,73,0.1395658364344854,0.5871650027984288,15.511786998104071,16.238517837336985
314,17122.64838669174,17122.648585437,17122.648585437,17122.649401845,17122.668892206,2,COMPLETED,True,baseline_1,74,0.1987452596949879,0.8164079990820028,19.490360999043332,20.505514257820323
315,17122.659787935594,17122.659937246,17122.659937246,17122.660795459,17122.678507475,3,COMPLETED,True,baseline_1,75,0.14931040641386062,0.8582129994465504,17.712016000587028,18.71953940644744
316,17122.673917789936,17122.674040127,17122.674040127,17122.6747184,17122.693236283,0,COMPLETED,True,baseline_1,76,0.12233706365805119,0.6782730015402194,18.517882999731228,19.3184930649295
317,17122.699944317883,17122.70010766,17122.70010766,17122.700764768,17122.714376482,1,COMPLETED,True,baseline_1,77,0.163342116138665,0.6571080011781305,13.61171399912564,14.432164116442436
318,17122.70479289268,17122.704882457,17122.704882457,17122.705507981,17122.719449663,2,COMPLETED,True,baseline_1,78,0.08956432066042908,0.6255240004975349,13.94168199840351,14.656770319561474
319,17122.707830704592,17122.707939457,17122.707939457,17122.708596696,17122.722483548,3,COMPLETED,True,baseline_1,79,0.10875240695895627,0.6572390011569951,13.886852000723593,14.652843408839544
320,17122.777285464337,17122.777380855,17122.777380855,17122.77798578,17122.796392624,0,COMPLETED,True,baseline_1,80,0.09539066377328709,0.6049250005162321,18.406843999400735,19.107159663690254
321,17122.78311485069,17122.783280114,17122.783280114,17122.783984217,17122.803318762,1,COMPLETED,True,baseline_1,81,0.1652633109188173,0.704103000316536,19.334544998855563,20.203911310090916
322,17122.82176290738,17122.821917696,17122.821917696,17122.822887988,17122.842449173,2,COMPLETED,True,baseline_1,82,0.1547886204207316,0.970291999692563,19.56118499947479,20.686265619588085
323,17122.843879265503,17122.844106956,17122.844106956,17122.844968136,17122.86390123,3,COMPLETED,True,baseline_1,83,0.22769049610360526,0.8611800003563985,18.933094001113204,20.021964497573208
324,17122.845590344114,17122.845710786,17122.845710786,17122.846303222,17122.865629457,0,COMPLETED,True,baseline_1,84,0.12044188770232722,0.5924359975324478,19.326235000335146,20.03911288556992
325,17122.858341664116,17122.858498688,17122.858498688,17122.859163529,17122.877922361,1,COMPLETED,True,baseline_1,85,0.15702388554927893,0.6648409980698489,18.758832000457915,19.580696884077042
326,17122.92552368787,17122.92568001,17122.92568001,17122.926535396,17122.944269648,2,COMPLETED,True,baseline_1,86,0.15632213035132736,0.8553859988751356,17.73425200008205,18.745960129308514
327,17122.95701090376,17122.957271185,17122.957271185,17122.958248267,17122.977722807,3,COMPLETED,True,baseline_1,87,0.260281241935445,0.9770819997356739,19.474540000373963,20.711903242045082
328,17123.00864326309,17123.008806471,17123.008806471,17123.009681441,17123.030802974,0,COMPLETED,True,baseline_1,88,0.1632079111004714,0.8749699991312809,21.12153300186037,22.159710912092123
329,17123.076668055724,17123.076796924,17123.076796924,17123.077745973,17123.097733882,1,COMPLETED,True,baseline_1,89,0.12886827607871965,0.94904900106485,19.987908999610227,21.065826276753796
330,17123.120436515506,17123.120532721,17123.120532721,17123.121272462,17123.138506718,2,COMPLETED,True,baseline_1,90,0.09620549462852068,0.7397410008707084,17.234255999937886,18.070202495437115
331,17123.152045904393,17123.152186509,17123.152186509,17123.153093999,17123.173432036,3,COMPLETED,True,baseline_1,91,0.14060460671316832,0.907490000827238,20.338037000328768,21.386131607869174
332,17123.1598173646,17123.159973167,17123.159973167,17123.160816167,17123.180972194,0,COMPLETED,True,baseline_1,92,0.15580239778500982,0.8430000016232952,20.15602699975716,21.154829399165465
333,17123.171314008767,17123.171476184,17123.171476184,17123.172511724,17123.192266541,1,COMPLETED,True,baseline_1,93,0.16217523443629034,1.035539997246815,19.754816999920877,20.952532231603982
334,17123.25181112635,17123.25206922,17123.25206922,17123.253161584,17123.272886928,2,COMPLETED,True,baseline_1,94,0.2580936525191646,1.0923640002147295,19.725343998288736,21.07580165102263
335,17123.25814459407,17123.258395918,17123.258395918,17123.259365224,17123.278258711,3,COMPLETED,True,baseline_1,95,0.2513239305699244,0.9693059982964769,18.893487002060283,20.114116930926684
336,17123.287655290264,17123.287815454,17123.287815454,17123.288727329,17123.308804596,0,COMPLETED,True,baseline_1,96,0.16016373774618842,0.9118749985645991,20.07726699957857,21.149305735889357
337,17123.30333549512,17123.303511245,17123.303511245,17123.304394128,17123.322787632,1,COMPLETED,True,baseline_1,97,0.17574988305568695,0.8828829995763954,18.393504000414396,19.452136883046478
338,17123.32595254103,17123.326112887,17123.326112887,17123.326822635,17123.345867845,2,COMPLETED,True,baseline_1,98,0.16034597138059326,0.709748001099797,19.045209999603685,19.915303972084075
339,17123.337431733078,17123.337599964,17123.337599964,17123.33823328,17123.358040216,3,COMPLETED,True,baseline_1,99,0.16823092300910503,0.6333159981295466,19.8069360012596,20.608482922398252
340,17123.37203931287,17123.372197399,17123.372197399,17123.372980713,17123.391910432,0,COMPLETED,True,baseline_1,100,0.15808612806722522,0.7833140007278416,18.92971900088014,19.871119129675208
341,17123.396337453058,17123.396434307,17123.396434307,17123.397321326,17123.417019884,1,COMPLETED,True,baseline_1,101,0.09685394252301194,0.8870189994922839,19.698558000527555,20.68243094254285
342,17123.410496713208,17123.410664555,17123.410664555,17123.41125737,17123.428981768,2,COMPLETED,True,baseline_1,102,0.16784179024398327,0.5928150021645706,17.72439799970016,18.485054792108713
343,17123.44548148634,17123.445644059,17123.445644059,17123.446478054,17123.465828685,3,COMPLETED,True,baseline_1,103,0.16257266179309227,0.8339949999935925,19.350630998815177,20.34719866060186
344,17123.458078127984,17123.458236853,17123.458236853,17123.459071353,17123.477557632,0,COMPLETED,True,baseline_1,104,0.15872501535341144,0.8345000023837201,18.48627899744315,19.479504015180282
345,17123.460002975953,17123.460249519,17123.460249519,17123.460925519,17123.474281863,1,COMPLETED,True,baseline_1,105,0.24654304797877558,0.6759999996575061,13.35634399947594,14.278887047112221
346,17123.578279580346,17123.578453616,17123.578453616,17123.579535697,17123.599093246,2,COMPLETED,True,baseline_1,106,0.1740356528898701,1.082081002095947,19.55754899972817,20.813665654713986
347,17123.62529735745,17123.625357263,17123.625357263,17123.626331472,17123.646551452,3,COMPLETED,True,baseline_1,107,0.0599055529164616,0.9742090005602222,20.219979996909387,21.25409455038607
348,17123.699509529873,17123.699743052,17123.699743052,17123.700795136,17123.718731958,1,COMPLETED,True,baseline_1,108,0.23352212519966997,1.0520840005483478,17.93682200150215,19.22242812725017
349,17123.710027502428,17123.710186601,17123.710186601,17123.711014422,17123.730469361,0,COMPLETED,True,baseline_1,109,0.15909857393126003,0.8278209970740136,19.454938999842852,20.441858570848126
350,17123.735944775686,17123.736212766,17123.736212766,17123.737065131,17123.756085864,2,COMPLETED,True,baseline_1,110,0.2679903154785279,0.8523649994458538,19.020732997887535,20.141088312811917
351,17123.935800767867,17123.935961274,17123.935961274,17123.93701947,17123.95752592,3,COMPLETED,True,baseline_1,111,0.16050613339757547,1.0581959977571387,20.50645000053919,21.725152131693903
352,17123.957536463364,17123.957715704,17123.957715704,17123.958544849,17123.97822635,1,COMPLETED,True,baseline_1,112,0.17924063649843447,0.8291449994430877,19.681500998558477,20.6898866345
353,17123.963875208083,17123.964040575,17123.964040575,17123.965048939,17123.986414706,0,COMPLETED,True,baseline_1,113,0.16536691691726446,1.0083640008815564,21.365766999224434,22.539497917023255
354,17123.967172474826,17123.967338917,17123.967338917,17123.968225698,17123.988494855,2,COMPLETED,True,baseline_1,114,0.16644217248540372,0.886781002918724,20.269156997528626,21.322380172932753
355,17124.035353738604,17124.035509903,17124.035509903,17124.036337198,17124.060225211,3,COMPLETED,True,baseline_1,115,0.15616439486620948,0.8272949999081902,23.888013001851505,24.871472396625904
356,17124.054575694598,17124.054784349,17124.054784349,17124.055367942,17124.076450317,1,COMPLETED,True,baseline_1,116,0.20865440092165954,0.5835930023749825,21.082374998513842,21.874622401810484
357,17124.060032885493,17124.060185872,17124.060185872,17124.060751214,17124.075415821,0,COMPLETED,True,baseline_1,117,0.15298650760087185,0.5653420012095012,14.664606998849194,15.382935507659568
358,17124.14724323606,17124.14740944,17124.14740944,17124.14814636,17124.167969862,2,COMPLETED,True,baseline_1,118,0.16620393944322132,0.7369199993263464,19.823501999781,20.72662593855057
359,17124.17527578703,17124.175441382,17124.175441382,17124.176342822,17124.194562561,3,COMPLETED,True,baseline_1,119,0.16559497089474462,0.9014399984152988,18.219738998595858,19.2867739679059
360,17124.178066754434,17124.178225735,17124.178225735,17124.178816463,17124.195986498,0,COMPLETED,True,baseline_1,0,0.1589805651747156,0.5907280028623063,17.170035000162898,17.91974356819992
361,17124.18466227257,17124.184844639,17124.184844639,17124.185476153,17124.204852125,1,COMPLETED,True,baseline_1,1,0.18236642790725455,0.6315140017250087,19.37597199867014,20.1898524283024
362,17124.211504777093,17124.211593199,17124.211593199,17124.212089201,17124.226652269,2,COMPLETED,True,baseline_1,2,0.08842190800351091,0.4960019978170749,14.563068001734791,15.147491907555377
363,17124.281854879566,17124.282003906,17124.282003906,17124.282972602,17124.303109329,3,COMPLETED,True,baseline_1,3,0.14902643306413665,0.9686960001999978,20.13672700195457,21.254449435218703
364,17124.287221523933,17124.287344636,17124.287344636,17124.288233301,17124.307152658,0,COMPLETED,True,baseline_1,4,0.12311206592130475,0.8886649993655737,18.919357000413584,19.931134065700462
365,17124.31509565801,17124.315221858,17124.315221858,17124.316146221,17124.336944164,1,COMPLETED,True,baseline_1,5,0.1261999896087218,0.9243630011042114,20.79794299788773,21.848505988600664
366,17124.31514472259,17124.315355288,17124.315355288,17124.316444968,17124.337168561,2,COMPLETED,True,baseline_1,6,0.21056540936115198,1.0896800013142638,20.723592999274842,22.023838409950258
367,17124.316934870196,17124.317191992,17124.317191992,17124.317921756,17124.337334032,3,COMPLETED,True,baseline_1,7,0.2571218028606381,0.7297640004253481,19.412276000366546,20.399161803652532
368,17124.321563092795,17124.321699551,17124.321699551,17124.322495348,17124.340811776,0,COMPLETED,True,baseline_1,8,0.13645820581587031,0.7957969974086154,18.316428002435714,19.2486832056602
369,17124.355650848007,17124.355767865,17124.355767865,17124.356432351,17124.369844252,1,COMPLETED,True,baseline_1,9,0.11701699258992448,0.664486000459874,13.41190099992673,14.193403992976528
370,17124.38214003105,17124.382311534,17124.382311534,17124.382996747,17124.406323668,2,COMPLETED,True,baseline_1,10,0.17150294661405496,0.6852130027255043,23.32692100026179,24.18363694960135
371,17124.39548679749,17124.395632067,17124.395632067,17124.396358251,17124.415166704,3,COMPLETED,True,baseline_1,11,0.14526951053994708,0.726184000086505,18.808452998200664,19.679906508827116
372,17124.464865192014,17124.465160847,17124.465160847,17124.465873493,17124.48376857,0,COMPLETED,True,baseline_1,12,0.2956549869850278,0.712646000465611,17.89507699868409,18.90337798613473
373,17124.497127019837,17124.497326134,17124.497326134,17124.498175423,17124.518315446,1,COMPLETED,True,baseline_1,13,0.19911416165996343,0.8492890010529663,20.140022999839857,21.188426162552787
374,17124.562410765673,17124.56266806,17124.56266806,17124.563516962,17124.577924073,2,COMPLETED,True,baseline_1,14,0.25729432672960684,0.8489020001434255,14.407111000764417,15.513307327637449
375,17124.563447378463,17124.563594686,17124.563594686,17124.564272754,17124.588192723,3,COMPLETED,True,baseline_1,15,0.1473075353715103,0.6780680014344398,23.91996900041704,24.74534453722299
376,17124.64501051041,17124.645210755,17124.645210755,17124.64616849,17124.666489952,0,COMPLETED,True,baseline_1,16,0.20024459081469104,0.9577349992468953,20.3214620014478,21.479441591509385
377,17124.661033812103,17124.661374389,17124.661374389,17124.662305032,17124.682105849,1,COMPLETED,True,baseline_1,17,0.34057689845212735,0.9306430001743138,19.800816997303627,21.07203689593007
378,17124.677017748843,17124.677176753,17124.677176753,17124.678196031,17124.697890902,2,COMPLETED,True,baseline_1,18,0.15900415746727958,1.0192779991484713,19.694870999956038,20.87315315657179
379,17124.692358127173,17124.692499852,17124.692499852,17124.693354165,17124.712696203,3,COMPLETED,True,baseline_1,19,0.14172482769936323,0.8543129988538567,19.342038001923356,20.338075828476576
380,17124.743777704567,17124.743951395,17124.743951395,17124.744534261,17124.757679968,0,COMPLETED,True,baseline_1,20,0.17369043416692875,0.5828659996041097,13.145706998329842,13.902263432100881
381,17124.765761349725,17124.765896246,17124.765896246,17124.76663898,17124.786966276,1,COMPLETED,True,baseline_1,21,0.13489627599483356,0.742733998777112,20.327295998868067,21.204926273640012
382,17124.77266131038,17124.772855403,17124.772855403,17124.773396821,17124.786506974,2,COMPLETED,True,baseline_1,22,0.19409261949476786,0.5414180013758596,13.110152998706326,13.845663619576953
383,17124.781952901372,17124.782126359,17124.782126359,17124.783154624,17124.800921449,3,COMPLETED,True,baseline_1,23,0.17345762898912653,1.0282650000590365,17.76682499985327,18.968547628901433
384,17124.782796366333,17124.782939277,17124.782939277,17124.783605887,17124.801791428,0,COMPLETED,True,baseline_1,24,0.14291066690930165,0.6666100016445853,18.185540997365024,18.99506166591891
385,17124.803478154947,17124.803615081,17124.803615081,17124.804520072,17124.817590125,2,COMPLETED,True,baseline_1,25,0.13692605352844112,0.9049910004250705,13.070052998955362,14.111970052908873
386,17124.840328406695,17124.840535366,17124.840535366,17124.841067946,17124.856532588,1,COMPLETED,True,baseline_1,26,0.2069593028863892,0.5325800011632964,15.46464200146147,16.204181305511156
387,17124.86779557872,17124.86793593,17124.86793593,17124.868814782,17124.88731021,3,COMPLETED,True,baseline_1,27,0.1403512796969153,0.8788519990048371,18.495428001187975,19.514631279889727
388,17124.913321076994,17124.91347093,17124.91347093,17124.914222919,17124.932404275,0,COMPLETED,True,baseline_1,28,0.14985300731495954,0.7519889986724593,18.18135600115056,19.08319800713798
389,17124.948579517208,17124.948783434,17124.948783434,17124.949753461,17124.967271028,2,COMPLETED,True,baseline_1,29,0.20391679208842106,0.970026998402318,17.517567001050338,18.691510791541077
390,17124.96410300348,17124.964332686,17124.964332686,17124.965350858,17124.985321459,1,COMPLETED,True,baseline_1,30,0.22968251869315282,1.018172002659412,19.97060099893133,21.218455520283896
391,17125.01550824677,17125.015627276,17125.015627276,17125.016414363,17125.036322153,3,COMPLETED,True,baseline_1,31,0.11902922778972425,0.7870869994803797,19.907789999706438,20.813906226976542
392,17125.060267707773,17125.060322441,17125.060322441,17125.061097442,17125.079091807,0,COMPLETED,True,baseline_1,32,0.0547332274436485,0.7750010008749086,17.994365000049584,18.82409922836814
393,17125.135211013345,17125.135370303,17125.135370303,17125.136211082,17125.154982036,2,COMPLETED,True,baseline_1,33,0.15928965513012372,0.8407790010096505,18.77095400050166,19.771022656641435
394,17125.154262026375,17125.154422792,17125.154422792,17125.155350091,17125.173463818,1,COMPLETED,True,baseline_1,34,0.1607656231499277,0.9272990027966443,18.11372699739877,19.201791623345343
395,17125.15896857762,17125.15911498,17125.15911498,17125.159751948,17125.179782764,3,COMPLETED,True,baseline_1,35,0.14640238077845424,0.6369679977069609,20.030816001963103,20.81418638044852
396,17125.162427695275,17125.162523631,17125.162523631,17125.162914954,17125.181009912,0,COMPLETED,True,baseline_1,36,0.0959357239480596,0.39132299934863113,18.094958002620842,18.582216725917533
397,17125.217544710562,17125.21771095,17125.21771095,17125.218218544,17125.232214322,2,COMPLETED,True,baseline_1,37,0.16623943884042092,0.5075939989183098,13.995778001117287,14.669611438876018
398,17125.219585045812,17125.219801655,17125.219801655,17125.221055486,17125.239885599,1,COMPLETED,True,baseline_1,38,0.21660918719135225,1.2538310002128128,18.83011300014914,20.300553187553305
399,17125.219614808277,17125.219928413,17125.219928413,17125.22108557,17125.235022895,3,COMPLETED,True,baseline_1,39,0.313604723487515,1.1571569993975572,13.937325002189027,15.4080867250741
400,17125.249204818538,17125.249367711,17125.249367711,17125.250269772,17125.265155703,0,COMPLETED,True,baseline_1,40,0.16289246195810847,0.9020610013976693,14.88593099929858,15.950884462654358
401,17125.265958522425,17125.26616283,17125.26616283,17125.267002833,17125.286501447,2,COMPLETED,True,burst_1,41,0.20430757649592124,0.840002998302225,19.49861400134978,20.542924576147925
402,17125.27033594382,17125.270583648,17125.270583648,17125.271202478,17125.290480248,3,COMPLETED,True,burst_1,42,0.24770418167463504,0.6188299994391855,19.27776999946218,20.144304180576
403,17125.274175848946,17125.274275123,17125.274275123,17125.27475544,17125.29021992,1,COMPLETED,True,burst_1,43,0.0992740533547476,0.48031700134743005,15.464479998627212,16.04407105332939
404,17125.281960663535,17125.282131579,17125.282131579,17125.282640995,17125.296196536,0,COMPLETED,True,burst_1,44,0.17091546396841295,0.5094160005683079,13.555541001551319,14.23587246608804
405,17125.31058233535,17125.310788771,17125.310788771,17125.311405894,17125.325402271,2,COMPLETED,True,burst_1,45,0.2064356485789176,0.6171230015752371,13.996376997965854,14.819935648120008
406,17125.311132868595,17125.311250125,17125.311250125,17125.311685449,17125.326537566,1,COMPLETED,True,burst_1,46,0.11725640433724038,0.4353240001364611,14.85211700128275,15.404697405756451
407,17125.31364515123,17125.313755076,17125.313755076,17125.314203394,17125.327798491,3,COMPLETED,True,burst_1,47,0.10992477109539323,0.4483179982344154,13.595096999779344,14.153339769109152
408,17125.31714572648,17125.317246044,17125.317246044,17125.317605159,17125.331672425,0,COMPLETED,True,burst_1,48,0.10031752026407048,0.3591150016291067,14.067265998164658,14.526698520057835
409,17125.338084015686,17125.338272638,17125.338272638,17125.338838806,17125.354367046,2,COMPLETED,True,burst_1,49,0.1886223144538235,0.5661680006596725,15.528239997365745,16.28303031247924
410,17125.338757768808,17125.33885422,17125.33885422,17125.339210516,17125.352630336,1,COMPLETED,True,burst_1,50,0.09645119280321524,0.35629599733510986,13.419820003036875,13.8725671931752
411,17125.348718368106,17125.348830621,17125.348830621,17125.349384661,17125.362588733,3,COMPLETED,True,burst_1,51,0.11225289199501276,0.5540400015888736,13.204072001826717,13.870364895410603
412,17125.377220880226,17125.377347709,17125.377347709,17125.377944299,17125.391034304,0,COMPLETED,True,baseline_2,52,0.12682877422776073,0.5965900018054526,13.090004998957738,13.813423774990952
413,17125.380816294757,17125.380971802,17125.380971802,17125.381554744,17125.39979633,1,COMPLETED,True,baseline_2,53,0.15550724128843285,0.5829420006193686,18.241585999930976,18.980035241838777
414,17125.388637566033,17125.388752487,17125.388752487,17125.389474347,17125.415274688,2,COMPLETED,True,baseline_2,54,0.11492096746223979,0.7218600003398024,25.80034099810291,26.637121965904953
415,17125.426326408007,17125.426442665,17125.426442665,17125.427151939,17125.440282738,3,COMPLETED,True,baseline_2,55,0.11625699335127138,0.7092739979270846,13.130799001373816,13.956329992652172
416,17125.435433302482,17125.435556607,17125.435556607,17125.436262244,17125.452127506,0,COMPLETED,True,baseline_2,56,0.1233045186381787,0.705636997736292,15.865262001170777,16.694203517545247
417,17125.44448290423,17125.44463747,17125.44463747,17125.44543766,17125.465722963,1,COMPLETED,True,baseline_2,57,0.1545657687529456,0.800190002337331,20.285302998672705,21.24005876976298
418,17125.463839148844,17125.463924619,17125.463924619,17125.464542057,17125.478104529,2,COMPLETED,True,baseline_2,58,0.0854701575008221,0.617437999608228,13.562471998739056,14.265380155848106
419,17125.494296360648,17125.494415762,17125.494415762,17125.495131368,17125.509856768,3,COMPLETED,True,baseline_2,59,0.11940135300392285,0.7156059982662555,14.725400000315858,15.560407351586036
420,17125.495565755606,17125.495739644,17125.495739644,17125.496220278,17125.514667925,0,COMPLETED,True,baseline_2,60,0.17388839478371665,0.4806340002687648,18.447646998538403,19.102169393590884
421,17125.496129980038,17125.496265699,17125.496265699,17125.496595058,17125.510349083,1,COMPLETED,True,baseline_2,61,0.13571896124631166,0.3293590016255621,13.754024999798276,14.21910296267015
422,17125.51124700139,17125.511395396,17125.511395396,17125.512050294,17125.529981752,2,COMPLETED,True,baseline_2,62,0.1483946107327938,0.6548980018123984,17.93145799820195,18.73475061074714
423,17125.513678677784,17125.51384005,17125.51384005,17125.514572697,17125.533653243,3,COMPLETED,True,baseline_2,63,0.16137221609824337,0.7326470004045404,19.080546000623144,19.974565217125928
424,17125.52720005407,17125.527303312,17125.527303312,17125.527994513,17125.541622223,1,COMPLETED,True,baseline_2,64,0.10325792754883878,0.6912009994266555,13.627710002765525,14.42216892974102
425,17125.583164336604,17125.583315324,17125.583315324,17125.583900877,17125.597543145,0,COMPLETED,True,baseline_2,65,0.15098739459062926,0.58555300347507,13.642267997056479,14.378808395122178
426,17125.595518463633,17125.595639378,17125.595639378,17125.596668399,17125.615846481,2,COMPLETED,True,baseline_2,66,0.12091436656191945,1.0290210011589807,19.178081998688867,20.328017366409767
427,17125.658881931875,17125.659025309,17125.659025309,17125.659783155,17125.678361657,3,COMPLETED,True,baseline_2,67,0.14337712491396815,0.7578459990327246,18.578502000309527,19.47972512425622
428,17125.671591463866,17125.671800292,17125.671800292,17125.672804924,17125.693185486,1,COMPLETED,True,baseline_2,68,0.2088281325995922,1.0046320021501742,20.380562000354985,21.59402213510475
429,17125.677708786156,17125.67796047,17125.67796047,17125.678973259,17125.696211565,0,COMPLETED,True,baseline_2,69,0.2516838430892676,1.0127890018338803,17.238305998034775,18.502778842957923
430,17125.67842214082,17125.678566194,17125.678566194,17125.679253283,17125.69906168,2,COMPLETED,True,baseline_2,70,0.14405318142962642,0.6870889992569573,19.808396998996614,20.639539179683197
431,17125.701988768426,17125.702241441,17125.702241441,17125.704233883,17125.721649617,3,COMPLETED,True,baseline_2,71,0.252672572969459,1.9924420012102928,17.41573400067864,19.66084857485839
432,17125.71269191095,17125.712945906,17125.712945906,17125.71377892,17125.727801943,1,COMPLETED,True,baseline_2,72,0.253995051025413,0.8330139971803874,14.023023002664559,15.110032050870359
433,17125.7480737633,17125.748159796,17125.748159796,17125.749085076,17125.768032339,0,COMPLETED,True,baseline_2,73,0.08603269816376269,0.9252800009562634,18.94726300088223,19.958575700002257
434,17125.763564228153,17125.763648351,17125.763648351,17125.764319133,17125.782156779,2,COMPLETED,True,baseline_2,74,0.08412284660153091,0.67078199936077,17.83764600259019,18.59255084855249
435,17125.78190046565,17125.78198505,17125.78198505,17125.782768107,17125.796098815,3,COMPLETED,True,baseline_2,75,0.08458434967906214,0.7830570029909723,13.33070799955749,14.198349352227524
436,17125.782627796045,17125.782714612,17125.782714612,17125.783412488,17125.797502707,1,COMPLETED,True,baseline_2,76,0.08681595500092953,0.6978759993216954,14.090218999626813,14.874910953949438
437,17125.81458165327,17125.814740579,17125.814740579,17125.815501287,17125.833167093,0,COMPLETED,True,baseline_2,77,0.1589257299201563,0.7607080005982425,17.66580599723966,18.585439727758057
438,17125.837259141284,17125.837340076,17125.837340076,17125.838216434,17125.856524655,2,COMPLETED,True,baseline_2,78,0.08093471478787251,0.8763580008235294,18.308220998733304,19.265513714344706
439,17125.84561800089,17125.845700651,17125.845700651,17125.846397525,17125.859637913,3,COMPLETED,True,baseline_2,79,0.08265010910690762,0.6968740017327946,13.240387997939251,14.019912108778954
440,17125.88565934161,17125.885748454,17125.885748454,17125.886470301,17125.904354857,1,COMPLETED,True,baseline_2,80,0.0891123891051393,0.7218470018415246,17.88455600035377,18.695515391300432
441,17125.921606596556,17125.921697064,17125.921697064,17125.922408751,17125.940462325,0,COMPLETED,True,baseline_2,81,0.09046744526131079,0.7116870001482312,18.053574000077788,18.85572844548733
442,17125.92960401913,17125.929751451,17125.929751451,17125.930719048,17125.949420811,2,COMPLETED,True,baseline_2,82,0.14743187057320029,0.9675969995441847,18.701763001445215,19.8167918715626
443,17125.9336610073,17125.933812305,17125.933812305,17125.934621192,17125.956535931,3,COMPLETED,True,baseline_2,83,0.15129769963095896,0.8088869981293101,21.914739001658745,22.874923699419014
444,17125.94261467028,17125.942682523,17125.942682523,17125.943478637,17125.957198915,1,COMPLETED,True,baseline_2,84,0.06785272125853226,0.796113999967929,13.720277998800157,14.584244720026618
445,17125.946608227874,17125.946868116,17125.946868116,17125.947606716,17125.966573746,0,COMPLETED,True,baseline_2,85,0.2598881255835295,0.7385999997495674,18.96703000238631,19.965518127719406
446,17125.949560531837,17125.949710934,17125.949710934,17125.950448775,17125.968470994,2,COMPLETED,True,baseline_2,86,0.15040216385386884,0.7378409973171074,18.02221900288714,18.910462164058117
447,17125.953724286024,17125.95389502,17125.95389502,17125.956787957,17125.971251017,3,COMPLETED,True,baseline_2,87,0.17073397611966357,2.8929369982506614,14.463060000707628,17.526730975077953
448,17125.9606254521,17125.960743848,17125.960743848,17125.961234634,17125.974856234,1,COMPLETED,True,baseline_2,88,0.11839590297313407,0.49078599840868264,13.62159999916912,14.230781900550937
449,17125.9896407751,17125.989727588,17125.989727588,17125.990182995,17126.00319448,0,COMPLETED,True,baseline_2,89,0.08681289909873158,0.4554070001177024,13.01148499987903,13.553704899095464
450,17126.010853689208,17126.010977528,17126.010977528,17126.011622815,17126.03042195,2,COMPLETED,True,baseline_2,90,0.1238387922057882,0.6452870002249256,18.799134999426315,19.56826079185703
451,17126.07450518022,17126.074675709,17126.074675709,17126.075451973,17126.094880618,3,COMPLETED,True,baseline_2,91,0.17052877956302837,0.7762640016153455,19.428644998697564,20.375437779875938
452,17126.090275775496,17126.090528671,17126.090528671,17126.091634417,17126.113049749,1,COMPLETED,True,baseline_2,92,0.25289550467277877,1.1057459996663965,21.415332001197385,22.77397350553656
453,17126.11664114206,17126.116780074,17126.116780074,17126.117590018,17126.131948559,0,COMPLETED,True,baseline_2,93,0.1389319404552225,0.8099439983197954,14.35854100054712,15.307416939322138
454,17126.136820284788,17126.136952526,17126.136952526,17126.137774168,17126.156974881,2,COMPLETED,True,baseline_2,94,0.1322412135777995,0.8216419992095325,19.20071299900883,20.15459621179616
455,17126.138030948296,17126.138204205,17126.138204205,17126.138998385,17126.156439418,3,COMPLETED,True,baseline_2,95,0.17325670341961086,0.7941799995023757,17.441033000068273,18.40846970299026
456,17126.202209791718,17126.202265637,17126.202265637,17126.203045001,17126.216646495,1,COMPLETED,True,baseline_2,96,0.05584528116742149,0.7793639997544233,13.60149399988586,14.436703280807706
457,17126.225824056084,17126.225925212,17126.225925212,17126.226835976,17126.245356433,0,COMPLETED,True,baseline_2,97,0.10115591430803761,0.9107639998546802,18.520457000704482,19.5323769148672
458,17126.234280794146,17126.234410767,17126.234410767,17126.23512451,17126.253221449,3,COMPLETED,True,baseline_2,98,0.12997285375604406,0.7137430002330802,18.096938998496626,18.94065485248575
459,17126.24085178707,17126.241012098,17126.241012098,17126.241815675,17126.269828038,2,COMPLETED,True,baseline_2,99,0.16031092673074454,0.8035770006245002,28.012363000016194,28.97625092737144
460,17126.3418451517,17126.341996174,17126.341996174,17126.342788713,17126.359864531,1,COMPLETED,True,baseline_2,100,0.1510223009972833,0.7925389982119668,17.07581800292246,18.01937930213171
461,17126.355679289776,17126.355835092,17126.355835092,17126.356708226,17126.375157932,0,COMPLETED,True,baseline_2,101,0.15580222316202708,0.8731340021768119,18.449705999955768,19.478642225294607
462,17126.3625978613,17126.362684416,17126.362684416,17126.363696924,17126.38344758,3,COMPLETED,True,baseline_2,102,0.08655469719087705,1.0125080007128417,19.750655999814626,20.849718697718345
463,17126.37663845564,17126.376738234,17126.376738234,17126.377391531,17126.391219281,2,COMPLETED,True,baseline_2,103,0.09977836089092307,0.6532970000989735,13.827749997290084,14.58082535827998
464,17126.39629905749,17126.396407379,17126.396407379,17126.397092859,17126.411915254,1,COMPLETED,True,baseline_2,104,0.1083215101971291,0.6854799976281356,14.822395001829136,15.6161965096544
465,17126.415101218558,17126.415199978,17126.415199978,17126.415863449,17126.432054559,0,COMPLETED,True,baseline_2,105,0.09875944306259044,0.6634710007347167,16.19111000036355,16.953340444160858
466,17126.425837844567,17126.425969993,17126.425969993,17126.426770569,17126.450701061,3,COMPLETED,True,baseline_2,106,0.13214843420428224,0.800575999164721,23.930491999635706,24.86321643300471
467,17126.447182354834,17126.447288423,17126.447288423,17126.448286212,17126.466056138,2,COMPLETED,True,baseline_2,107,0.10606816795188934,0.997788996755844,17.7699260020745,18.873783166782232
468,17126.46678115783,17126.466880186,17126.466880186,17126.467502818,17126.487285852,1,COMPLETED,True,baseline_2,108,0.09902816964313388,0.6226320001587737,19.783034000283806,20.504694170085713
469,17126.46770380408,17126.467800667,17126.467800667,17126.468130073,17126.481716325,0,COMPLETED,True,baseline_2,109,0.09686292105470784,0.3294060006737709,13.586252000095556,14.012520921824034
470,17126.47929430328,17126.479401897,17126.479401897,17126.480317209,17126.496188866,3,COMPLETED,True,baseline_2,110,0.10759371798485518,0.9153120008704718,15.87165700038895,16.894562719244277
471,17126.48032481689,17126.480413986,17126.480413986,17126.480923341,17126.494391516,2,COMPLETED,True,baseline_2,111,0.08916910883272067,0.5093550025776494,13.468174998706672,14.066699110117042
472,17126.55975754449,17126.559846833,17126.559846833,17126.560507221,17126.57893354,0,COMPLETED,True,baseline_2,112,0.08928850729716942,0.6603879992326256,18.42631900217384,19.175995508703636
473,17126.60624793751,17126.606443377,17126.606443377,17126.607260112,17126.62456782,1,COMPLETED,True,baseline_2,113,0.1954394901986234,0.8167349988070782,17.307707999862032,18.319882488867734
474,17126.60679250871,17126.607009637,17126.607009637,17126.607418482,17126.626674259,2,COMPLETED,True,baseline_2,114,0.21712828674935736,0.40884500049287453,19.255777002399554,19.881750289641786
475,17126.615665761536,17126.615811998,17126.615811998,17126.616732097,17126.634740966,3,COMPLETED,True,baseline_2,115,0.1462364634789992,0.9200990025419742,18.008868999459082,19.075204465480056
476,17126.636801473887,17126.636949589,17126.636949589,17126.637624519,17126.65105013,0,COMPLETED,True,baseline_2,116,0.14811511209700257,0.6749300009687431,13.425610999547644,14.24865611261339
477,17126.639391648943,17126.639500983,17126.639500983,17126.640233622,17126.659814905,1,COMPLETED,True,baseline_2,117,0.10933405792457052,0.7326390004891437,19.581282998842653,20.423256057256367
478,17126.646577873205,17126.646685256,17126.646685256,17126.647319643,17126.661087156,2,COMPLETED,True,baseline_2,118,0.10738279524957761,0.6343870009004604,13.767512999038445,14.509282795188483
479,17126.651072677378,17126.651196811,17126.651196811,17126.651913345,17126.665779743,3,COMPLETED,True,baseline_2,119,0.12413362128427252,0.7165339993662201,13.866398003301583,14.707065623952076
480,17126.67824311714,17126.678405208,17126.678405208,17126.679286018,17126.697765725,0,COMPLETED,True,baseline_2,0,0.16209085879381746,0.8808099992165808,18.479706999642076,19.522607857652474
481,17126.705624636572,17126.705784891,17126.705784891,17126.706666988,17126.724133511,1,COMPLETED,True,baseline_2,1,0.1602544289198704,0.882096999703208,17.466523000621237,18.508874429244315
482,17126.73516464577,17126.735323987,17126.735323987,17126.736329436,17126.755597644,2,COMPLETED,True,baseline_2,2,0.15934123075567186,1.0054490012407769,19.26820800144924,20.432998233445687
483,17126.767982061174,17126.768278503,17126.768278503,17126.769035856,17126.787246279,3,COMPLETED,True,baseline_2,3,0.2964418272313196,0.7573529983346816,18.210423000709852,19.264217826275853
484,17126.823377040528,17126.823538459,17126.823538459,17126.824266862,17126.842990187,0,COMPLETED,True,baseline_2,4,0.16141847299877554,0.7284029998118058,18.723324999882607,19.613146472693188
485,17126.850873086438,17126.851266791,17126.851266791,17126.852201445,17126.871712571,1,COMPLETED,True,baseline_2,5,0.39370456215692684,0.9346539991383906,19.511125999997603,20.83948456129292
486,17126.89742044577,17126.897525063,17126.897525063,17126.898200762,17126.911951138,2,COMPLETED,True,baseline_2,6,0.10461722922627814,0.675699000566965,13.750376001553377,14.53069223134662
487,17126.97925985669,17126.979351989,17126.979351989,17126.980077739,17126.993453932,3,COMPLETED,True,baseline_2,7,0.0921323116926942,0.7257500001287553,13.37619299738435,14.1940753092058
488,17126.983902326247,17126.984132586,17126.984132586,17126.984890514,17127.008867807,0,COMPLETED,True,baseline_2,8,0.23025975315249525,0.7579279990750365,23.977292999916244,24.965480752143776
489,17127.00556195994,17127.005720669,17127.005720669,17127.006557537,17127.024477478,1,COMPLETED,True,baseline_2,9,0.15870905917836353,0.8368679991690442,17.91994100130978,18.915518059657188
490,17127.019098279594,17127.0192589,17127.0192589,17127.020292229,17127.040787046,2,COMPLETED,True,baseline_2,10,0.16062040594988503,1.0333290010748897,20.4948169994168,21.688766406441573
491,17127.037188322665,17127.037292655,17127.037292655,17127.037937886,17127.051551961,3,COMPLETED,True,baseline_2,11,0.10433233546791598,0.645231000817148,13.614075000077719,14.363638336362783
492,17127.071888296545,17127.072070934,17127.072070934,17127.072821401,17127.091322819,0,COMPLETED,True,baseline_2,12,0.18263745369040407,0.750467002944788,18.50141799877747,19.43452245541266
493,17127.083720507682,17127.083816385,17127.083816385,17127.084576599,17127.102828429,1,COMPLETED,True,baseline_2,13,0.09587731619831175,0.7602140030940063,18.251829998916946,19.107921318209264
494,17127.089323401502,17127.089565913,17127.089565913,17127.090452612,17127.104263805,2,COMPLETED,True,baseline_2,14,0.24251149807241745,0.8866989992384333,13.811192999128252,14.940403496439103
495,17127.108420351768,17127.108585124,17127.108585124,17127.109345673,17127.12852068,3,COMPLETED,True,baseline_2,15,0.1647722310735844,0.7605490027344786,19.175006997102173,20.100328230910236
496,17127.125670956884,17127.125782228,17127.125782228,17127.126294119,17127.139748686,0,COMPLETED,True,baseline_2,16,0.11127111429232173,0.511891001224285,13.454567000735551,14.077729116252158
497,17127.17292770797,17127.173021903,17127.173021903,17127.173901396,17127.188966597,1,COMPLETED,True,baseline_2,17,0.09419503112439997,0.8794929999567103,15.065201001561945,16.038889032643056
498,17127.206111745687,17127.206275218,17127.206275218,17127.206996901,17127.225071063,2,COMPLETED,True,baseline_2,18,0.1634723121242132,0.7216830017569009,18.074161998811178,18.959317312692292
499,17127.212195974418,17127.212445381,17127.212445381,17127.213430954,17127.232528093,3,COMPLETED,True,baseline_2,19,0.24940658113337122,0.9855730022536591,19.09713900022325,20.33211858361028
500,17127.214094010822,17127.214344517,17127.214344517,17127.215018536,17127.232822944,0,COMPLETED,True,baseline_2,20,0.2505061784177087,0.674019000143744,17.80440799848293,18.728933177044382
501,17127.310929790343,17127.311033538,17127.311033538,17127.311779733,17127.33085071,1,COMPLETED,True,baseline_2,21,0.10374765770393424,0.7461950008291751,19.070976999501,19.92091965803411
502,17127.355519967427,17127.355684563,17127.355684563,17127.356774417,17127.375595047,2,COMPLETED,True,baseline_2,22,0.16459557446069084,1.0898539985646494,18.820630000845995,20.075079573871335
503,17127.398224421602,17127.398385232,17127.398385232,17127.399158393,17127.41766053,3,COMPLETED,True,baseline_2,23,0.1608103993930854,0.773160998505773,18.502137001632946,19.436108399531804
504,17127.419102178406,17127.419278788,17127.419278788,17127.420262654,17127.440064893,0,COMPLETED,True,baseline_2,24,0.17660959201748483,0.9838660007517319,19.802238999545807,20.962714592315024
505,17127.42338790614,17127.423603097,17127.423603097,17127.424530182,17127.443989456,1,COMPLETED,True,baseline_2,25,0.21519085930776782,0.927085002331296,19.45927399719949,20.601549858838553
506,17127.450979179797,17127.451126121,17127.451126121,17127.45209185,17127.467338197,2,COMPLETED,True,baseline_2,26,0.1469412018195726,0.9657289992901497,15.246347000356764,16.359017201466486
507,17127.455780955126,17127.455920466,17127.455920466,17127.45675076,17127.475152449,3,COMPLETED,True,baseline_2,27,0.13951087385066785,0.8302940004796255,18.401688997983,19.371493872313295
508,17127.46162647309,17127.46178434,17127.46178434,17127.462600386,17127.479822196,0,COMPLETED,True,baseline_2,28,0.15786691074026749,0.8160459983628243,17.22181000150158,18.195722910604673
509,17127.518686701413,17127.518831841,17127.518831841,17127.519345154,17127.536859619,1,COMPLETED,True,baseline_2,29,0.1451395874028094,0.5133129998284858,17.514464998384938,18.172917585616233
510,17127.549434012708,17127.549572709,17127.549572709,17127.550236885,17127.568430825,2,COMPLETED,True,baseline_2,30,0.13869629037799314,0.6641760010097641,18.193939999036957,18.996812290424714
511,17127.55784960019,17127.558033948,17127.558033948,17127.558736193,17127.578942108,3,COMPLETED,True,baseline_2,31,0.18434780940879136,0.7022450008662418,20.205914999678498,21.09250780995353
512,17127.681841089816,17127.682006207,17127.682006207,17127.683035659,17127.703034531,0,COMPLETED,True,baseline_2,32,0.16511718422407284,1.0294519997842144,19.998872001451673,21.19344118545996
513,17127.6965183957,17127.696775556,17127.696775556,17127.69778073,17127.718109555,1,COMPLETED,True,baseline_2,33,0.25716029995237477,1.0051739991467912,20.32882500134292,21.591159300442087
514,17127.731009764033,17127.731176796,17127.731176796,17127.73227032,17127.750840007,2,COMPLETED,True,baseline_2,34,0.16703196888556704,1.093523998861201,18.569686999398982,19.83024296714575
515,17127.748494782816,17127.74875142,17127.74875142,17127.749823649,17127.769160909,3,COMPLETED,True,baseline_2,35,0.25663718406576663,1.0722289989644196,19.337260000611423,20.66612618364161
516,17127.753991307654,17127.754131845,17127.754131845,17127.754939077,17127.773397266,0,COMPLETED,True,baseline_2,36,0.140537344123004,0.8072320015344303,18.458188998920377,19.40595834457781
517,17127.758419797432,17127.758571977,17127.758571977,17127.759233721,17127.772625157,1,COMPLETED,True,baseline_2,37,0.15217956752167083,0.6617440012632869,13.391435997618828,14.205359566403786
518,17127.78870274822,17127.788909294,17127.788909294,17127.789874297,17127.808386047,2,COMPLETED,True,baseline_2,38,0.2065457774733659,0.9650030006014276,18.511750000470784,19.683298778545577
519,17127.788855559935,17127.789028687,17127.789028687,17127.789900332,17127.803291409,3,COMPLETED,True,baseline_2,39,0.17312706404482014,0.8716450029169209,13.391076998232165,14.435849065193906
520,17127.812088100203,17127.812258461,17127.812258461,17127.812906303,17127.825992048,1,COMPLETED,True,baseline_2,40,0.1703607958916109,0.6478420000348706,13.085745002172189,13.90394779809867
521,17127.829028021766,17127.829234723,17127.829234723,17127.830057412,17127.849418571,0,COMPLETED,True,baseline_2,41,0.20670123558375053,0.8226889985962771,19.361159000254702,20.39054923443473
522,17127.93997102527,17127.940143683,17127.940143683,17127.941063351,17127.961251792,3,COMPLETED,True,baseline_2,42,0.17265773203689605,0.9196680002787616,20.188440998026635,21.280766730342293
523,17127.956287801775,17127.95644965,17127.95644965,17127.957443058,17127.977534292,2,COMPLETED,True,baseline_2,43,0.16184822379727848,0.9934080007951707,20.09123400057433,21.24649022516678
524,17127.95779868855,17127.958015509,17127.958015509,17127.95890861,17127.978967123,1,COMPLETED,True,baseline_2,44,0.21682045189663768,0.8931009979278315,20.058513000549283,21.168434450373752
525,17127.970354983245,17127.970602276,17127.970602276,17127.971555814,17127.998976247,0,COMPLETED,True,baseline_2,45,0.24729275537538342,0.9535380013403483,27.420432998042088,28.62126375475782
526,17127.989766338134,17127.990017552,17127.990017552,17127.99077441,17128.004616112,3,COMPLETED,True,baseline_2,46,0.25121386715909466,0.7568579967482947,13.841702002537204,14.849773866444593
527,17128.0417467007,17128.041840851,17128.041840851,17128.042549858,17128.062200209,2,COMPLETED,True,baseline_2,47,0.09415030217496678,0.7090069993864745,19.65035099783563,20.453508299397072
528,17128.059596105428,17128.059697637,17128.059697637,17128.060223744,17128.073384403,1,COMPLETED,True,baseline_2,48,0.1015315719996579,0.5261070000415202,13.16065900027752,13.788297572318697
529,17128.07502867799,17128.075147223,17128.075147223,17128.07583562,17128.091789633,0,COMPLETED,True,baseline_2,49,0.11854500917252153,0.6883969981572591,15.954013000737177,16.760955008066958
530,17128.075465358783,17128.075588773,17128.075588773,17128.07614563,17128.095223708,3,COMPLETED,True,baseline_2,50,0.12341421825112775,0.5568569977185689,19.078077999438392,19.75834921540809
531,17128.1016843926,17128.10181091,17128.10181091,17128.102517851,17128.115928274,2,COMPLETED,True,baseline_2,51,0.12651739962166175,0.7069409984978847,13.41042300191475,14.243881400034297
532,17128.122215952477,17128.122375837,17128.122375837,17128.12319965,17128.141131334,1,COMPLETED,True,baseline_2,52,0.15988452287274413,0.8238129994424526,17.931684000359382,18.91538152267458
533,17128.133971262156,17128.134062535,17128.134062535,17128.134620343,17128.14812859,0,COMPLETED,True,baseline_2,53,0.09127284283749759,0.5578080017585307,13.508247000572737,14.157327845168766
534,17128.134368484156,17128.134496996,17128.134496996,17128.134892864,17128.148784317,3,COMPLETED,True,baseline_2,54,0.12851184510509484,0.39586799903190695,13.891452999814646,14.415832843951648
535,17128.158566607453,17128.158656476,17128.158656476,17128.159131001,17128.172437243,2,COMPLETED,True,baseline_2,55,0.08986854663817212,0.474525000754511,13.306241999089252,13.870635546481935
536,17128.207353821508,17128.207485724,17128.207485724,17128.208265976,17128.227483831,1,COMPLETED,True,baseline_2,56,0.1319024922850076,0.7802520012774039,19.217854998714756,20.130009492277168
537,17128.231572695477,17128.231685266,17128.231685266,17128.232440391,17128.246192295,0,COMPLETED,True,baseline_2,57,0.11257052392465994,0.755124998249812,13.75190399994608,14.619599522120552
538,17128.235357954458,17128.235452148,17128.235452148,17128.236139815,17128.252263159,3,COMPLETED,True,baseline_2,58,0.09419354319106787,0.6876669976918492,16.123344001243822,16.90520454212674
539,17128.24616410792,17128.246306673,17128.246306673,17128.247091824,17128.260951303,2,COMPLETED,True,baseline_2,59,0.14256508075050078,0.7851509981264826,13.859479000529973,14.787195079406956
540,17128.24639610123,17128.246443134,17128.246443134,17128.2476607,17128.265623289,1,COMPLETED,True,baseline_2,60,0.04703277227235958,1.217565997649217,17.962589001399465,19.22718777132104
541,17128.272044389436,17128.272154612,17128.272154612,17128.272838591,17128.286314837,0,COMPLETED,True,baseline_2,61,0.11022256512660533,0.6839790003141388,13.476246000209358,14.270447565650102
542,17128.32872991726,17128.328881969,17128.328881969,17128.329806495,17128.350133682,3,COMPLETED,True,baseline_2,62,0.15205173986032605,0.9245260007446632,20.327187001385028,21.403764741990017
543,17128.3376858759,17128.337827447,17128.337827447,17128.33882486,17128.35893252,2,COMPLETED,True,baseline_2,63,0.14157110126689076,0.9974129970942158,20.107660002395278,21.246644100756384
544,17128.38104777807,17128.381298793,17128.381298793,17128.382495416,17128.402336708,1,COMPLETED,True,baseline_2,64,0.25101492792600766,1.196623001305852,19.841291999910027,21.288929929141887
545,17128.427225971835,17128.427317894,17128.427317894,17128.428396788,17128.448737592,0,COMPLETED,True,baseline_2,65,0.09192216384690255,1.0788940016936976,20.340803999715718,21.511620165256318
546,17128.43097131444,17128.43109657,17128.43109657,17128.43203794,17128.451742772,3,COMPLETED,True,baseline_2,66,0.12525555939646438,0.9413700026925653,19.704831996932626,20.771457559021655
547,17128.433410286332,17128.433547528,17128.433547528,17128.434164145,17128.45223922,2,COMPLETED,True,baseline_2,67,0.13724166637985036,0.6166170023789164,18.07507500052452,18.828933669283288
548,17128.48492004658,17128.485091867,17128.485091867,17128.486136221,17128.507069551,1,COMPLETED,True,baseline_2,68,0.17182042211061344,1.0443539977131877,20.933330000843853,22.149504420667654
549,17128.52452169899,17128.524711778,17128.524711778,17128.525553271,17128.544267561,0,COMPLETED,True,baseline_2,69,0.1900790120998863,0.841492998006288,18.71428999947966,19.745862009585835
550,17128.581435526907,17128.581691738,17128.581691738,17128.582721177,17128.602462908,3,COMPLETED,True,baseline_2,70,0.25621109307394363,1.0294390012859367,19.74173099733889,21.02738109169877
551,17128.65769578786,17128.657851646,17128.657851646,17128.658854324,17128.678328777,2,COMPLETED,True,baseline_2,71,0.15585813889629208,1.0026780000771396,19.47445300174877,20.632989140722202
552,17128.68061722468,17128.68073008,17128.68073008,17128.681680957,17128.701787713,1,COMPLETED,True,baseline_2,72,0.1128553194575943,0.950877001741901,20.106755997403525,21.17048831860302
553,17128.69241009911,17128.692526396,17128.692526396,17128.693437765,17128.718824415,0,COMPLETED,True,baseline_2,73,0.11629689106484875,0.9113689993682783,25.38664999883622,26.414315889269346
554,17128.721455232153,17128.721596841,17128.721596841,17128.722408216,17128.735620559,3,COMPLETED,True,baseline_2,74,0.14160884529701434,0.8113750009215437,13.212343001214322,14.16532684743288
555,17128.727383399397,17128.727602874,17128.727602874,17128.728475339,17128.747428114,2,COMPLETED,True,baseline_2,75,0.21947460481896996,0.8724649997020606,18.952774997160304,20.044714601681335
556,17128.741406042376,17128.741595931,17128.741595931,17128.742308313,17128.755713627,1,COMPLETED,True,baseline_2,76,0.18988862211699598,0.7123820032575168,13.405313999101054,14.307584624475567
557,17128.75252196625,17128.752612439,17128.752612439,17128.753397432,17128.771662433,0,COMPLETED,True,baseline_2,77,0.09047274943441153,0.7849930007068906,18.26500099923578,19.140466749377083
558,17128.76601733389,17128.766120646,17128.766120646,17128.766825767,17128.780264083,3,COMPLETED,True,baseline_2,78,0.1033121079672128,0.7051210013742093,13.438316000247141,14.246749109588563
559,17128.774190553144,17128.774395588,17128.774395588,17128.775059776,17128.788133582,2,COMPLETED,True,baseline_2,79,0.20503485575318336,0.6641879990638699,13.073805999738397,13.94302885455545
560,17128.778816214148,17128.778949803,17128.778949803,17128.779754556,17128.793189258,1,COMPLETED,True,baseline_2,80,0.13358885189518332,0.8047529991017655,13.434702002996346,14.373043853993295
561,17128.781878870246,17128.781980046,17128.781980046,17128.782781062,17128.801714812,0,COMPLETED,True,baseline_2,81,0.10117575220647268,0.8010160017875023,18.9337500014517,19.835941755445674
562,17128.827159845034,17128.827249818,17128.827249818,17128.827697598,17128.840777833,3,COMPLETED,True,baseline_2,82,0.08997296754387207,0.4477799993765075,13.080234999506501,13.617987966426881
563,17128.82721442134,17128.827314602,17128.827314602,17128.827979855,17128.846898552,2,COMPLETED,True,baseline_2,83,0.10018065950134769,0.665252999169752,18.91869700193638,19.68413066060748
564,17128.92957189365,17128.929831636,17128.929831636,17128.930822219,17128.951407446,1,COMPLETED,True,baseline_2,84,0.2597423517727293,0.9905830011120997,20.585226997354766,21.835552350239595
565,17128.945460579114,17128.945616559,17128.945616559,17128.946502222,17128.967681524,0,COMPLETED,True,baseline_2,85,0.1559798874950502,0.8856629974616226,21.179302002565237,22.22094488752191
566,17128.954933700283,17128.955087271,17128.955087271,17128.956170236,17128.975836847,3,COMPLETED,True,baseline_2,86,0.15357071606558748,1.0829650018422399,19.66661099868361,20.903146716591436
567,17128.975435455854,17128.975591004,17128.975591004,17128.976498539,17128.994959387,2,COMPLETED,True,baseline_2,87,0.1555481467221398,0.9075349989871029,18.46084800126846,19.523931146977702
568,17128.990723320945,17128.990820071,17128.990820071,17128.991760418,17129.010588954,1,COMPLETED,True,baseline_2,88,0.09675005640019663,0.9403469994140323,18.828535998181906,19.865633053996135
569,17129.014829670443,17129.01492177,17129.01492177,17129.015625012,17129.028632317,0,COMPLETED,True,baseline_2,89,0.09209955533151515,0.7032420035102405,13.00730499860947,13.802646557451226
570,17129.03078462677,17129.030925241,17129.030925241,17129.031841601,17129.050382463,3,COMPLETED,True,baseline_2,90,0.14061422916711308,0.9163600007013883,18.54086199818994,19.59783622805844
571,17129.03423949497,17129.034396969,17129.034396969,17129.034971542,17129.05388722,2,COMPLETED,True,baseline_2,91,0.15747403085697442,0.5745730013586581,18.915677999757463,19.647725031973096
572,17129.036652073122,17129.036757185,17129.036757185,17129.037590701,17129.056921599,1,COMPLETED,True,baseline_2,92,0.10511187792872079,0.8335159982379992,19.33089800149901,20.26952587766573
573,17129.114768459793,17129.114861031,17129.114861031,17129.115353482,17129.128721402,0,COMPLETED,True,baseline_2,93,0.09257120836991817,0.4924509994452819,13.36792000074638,13.95294220856158
574,17129.170483490045,17129.170627566,17129.170627566,17129.17154014,17129.191281449,3,COMPLETED,True,baseline_2,94,0.14407595517695881,0.9125739998125937,19.741308999073226,20.79795895406278
575,17129.170779240714,17129.171152066,17129.171152066,17129.171592211,17129.187578046,2,COMPLETED,True,baseline_2,95,0.3728252850123681,0.44014500235789455,15.985834997991333,16.798805285361595
576,17129.21247486528,17129.212617975,17129.212617975,17129.213383585,17129.230948685,1,COMPLETED,True,baseline_2,96,0.14310972255771048,0.765609998779837,17.56509999904665,18.4738197203842
577,17129.22567945121,17129.225930491,17129.225930491,17129.226635118,17129.246014321,0,COMPLETED,True,baseline_2,97,0.2510397898731753,0.7046270002319943,19.37920300042606,20.33486979053123
578,17129.237594254588,17129.237682183,17129.237682183,17129.238260726,17129.257367333,2,COMPLETED,True,baseline_2,98,0.08792841254035011,0.578543000301579,19.106607000139775,19.773078412981704
579,17129.255122609553,17129.255209732,17129.255209732,17129.255865564,17129.275922913,3,COMPLETED,True,baseline_2,99,0.0871224474394694,0.6558319983014371,20.057349000126123,20.80030344586703
580,17129.26044089894,17129.260532029,17129.260532029,17129.261293193,17129.279583834,1,COMPLETED,True,baseline_2,100,0.09113005944527686,0.7611640030518174,18.29064099729294,19.142935059790034
581,17129.263484985953,17129.263571635,17129.263571635,17129.26413932,17129.277871442,0,COMPLETED,True,baseline_2,101,0.08664904817123897,0.5676849978044629,13.73212199905538,14.386456045031082
582,17129.2767542065,17129.276854346,17129.276854346,17129.277443271,17129.290835776,2,COMPLETED,True,baseline_2,102,0.10013949940912426,0.5889249987376388,13.392504999501398,14.081569497648161
583,17129.293083687568,17129.293172618,17129.293172618,17129.293739671,17129.306807861,3,COMPLETED,True,baseline_2,103,0.0889304319571238,0.5670530008501373,13.068190000922186,13.724173433729447
584,17129.337564713158,17129.337655132,17129.337655132,17129.338140135,17129.356504939,0,COMPLETED,True,baseline_2,104,0.09041884186444804,0.48500300181331113,18.364804000157164,18.940225843834924
585,17129.36779612637,17129.367839689,17129.367839689,17129.368421732,17129.381806773,1,COMPLETED,True,baseline_2,105,0.043562627979554236,0.5820430014864542,13.385040998400655,14.010646627866663
586,17129.393623224267,17129.393726225,17129.393726225,17129.394493148,17129.412366015,2,COMPLETED,True,baseline_2,106,0.10300073336111382,0.7669229999009985,17.8728669998236,18.742790733085712
587,17129.42550620152,17129.425650149,17129.425650149,17129.426448513,17129.445055615,3,COMPLETED,True,baseline_2,107,0.14394747995538637,0.798363998910645,18.60710199980531,19.54941347867134
588,17129.432184475285,17129.43243387,17129.43243387,17129.433166553,17129.451299365,0,COMPLETED,True,baseline_2,108,0.24939471404650249,0.7326830018428154,18.13281199792982,19.11488971381914
589,17129.443015232413,17129.443264442,17129.443264442,17129.443967881,17129.461414771,1,COMPLETED,True,baseline_2,109,0.249209588218946,0.7034390000626445,17.44689000042854,18.39953858871013
590,17129.451645169,17129.451954005,17129.451954005,17129.452929358,17129.471512683,2,COMPLETED,True,baseline_2,110,0.30883599902153946,0.9753530030138791,18.583324999781325,19.867514001816744
591,17129.462353923638,17129.462603997,17129.462603997,17129.46337273,17129.477082892,3,COMPLETED,True,baseline_2,111,0.2500733608030714,0.7687329998589121,13.710162002098514,14.728968362760497
592,17129.487468814692,17129.487630623,17129.487630623,17129.48825321,17129.502197866,0,COMPLETED,True,baseline_2,112,0.16180830789380707,0.62258699836093,13.944656002422562,14.729051308677299
593,17129.505367842652,17129.505455391,17129.505455391,17129.505970081,17129.522217089,1,COMPLETED,True,baseline_2,113,0.08754834925639443,0.5146900002728216,16.247007999481866,16.849246349011082
594,17129.51587976562,17129.515966844,17129.515966844,17129.516768542,17129.536101711,2,COMPLETED,True,baseline_2,114,0.0870783806021791,0.8016979991225526,19.333169002493378,20.22194538221811
595,17129.52461700957,17129.52468718,17129.52468718,17129.525336823,17129.538549878,3,COMPLETED,True,baseline_2,115,0.0701704302628059,0.6496429996332154,13.213055000960594,13.932868430856615
596,17129.54289440696,17129.543038485,17129.543038485,17129.54367673,17129.562827214,0,COMPLETED,True,baseline_2,116,0.14407803973881528,0.6382450010278262,19.150483996781986,19.932807037548628
597,17129.583244402467,17129.583345708,17129.583345708,17129.584115888,17129.602788832,1,COMPLETED,True,baseline_2,117,0.10130553346243687,0.7701799986534752,18.672943999263225,19.544429531379137
598,17129.60743684136,17129.607540805,17129.607540805,17129.608404409,17129.627435407,2,COMPLETED,True,baseline_2,118,0.10396363722975366,0.863604000187479,19.030998002563138,19.99856563998037
599,17129.61792585294,17129.618016363,17129.618016363,17129.61882605,17129.633779243,3,COMPLETED,True,baseline_2,119,0.09051006054505706,0.8096869969449472,14.953193000110332,15.853390057600336
600,17129.632280442078,17129.632406079,17129.632406079,17129.63340988,17129.65402787,0,COMPLETED,True,baseline_2,0,0.1256369214388542,1.0038010004791431,20.617990001483122,21.74742792340112
601,17129.688253853437,17129.688399652,17129.688399652,17129.688948783,17129.703944351,1,COMPLETED,True,baseline_2,1,0.1457985636079684,0.5491310002980754,14.995567998994375,15.690497562900418
602,17129.696987707946,17129.69711081,17129.69711081,17129.697815138,17129.717040642,2,COMPLETED,True,baseline_2,2,0.12310205420362763,0.7043279983918183,19.225504001951776,20.052934054547222
603,17129.783682886246,17129.783725853,17129.783725853,17129.784774918,17129.804724195,3,COMPLETED,True,baseline_2,3,0.04296675615478307,1.0490649983694311,19.94927700070548,21.041308755229693
604,17129.784657455188,17129.784793163,17129.784793163,17129.78540404,17129.805358295,0,COMPLETED,True,baseline_2,4,0.13570781084126793,0.6108770030550659,19.954254999902332,20.700839813798666
605,17129.839766420686,17129.840047202,17129.840047202,17129.84102077,17129.861467163,1,COMPLETED,True,baseline_2,5,0.2807813143590465,0.973567999608349,20.44639299856499,21.700742312532384
606,17129.854392297875,17129.85449505,17129.85449505,17129.855356743,17129.869058187,2,COMPLETED,True,baseline_2,6,0.10275212480337359,0.8616929990239441,13.701444000616902,14.66588912444422
607,17129.935535333694,17129.935683738,17129.935683738,17129.936695568,17129.954247246,3,COMPLETED,True,baseline_2,7,0.1484043059463147,1.0118300015165005,17.551678000018,18.711912307480816
608,17129.979943918144,17129.980202606,17129.980202606,17129.981200614,17130.00154543,0,COMPLETED,True,baseline_2,8,0.2586878545116633,0.9980079994420521,20.344816002761945,21.60151185671566
609,17129.998148662515,17129.99825345,17129.99825345,17129.999134082,17130.01718521,1,COMPLETED,True,baseline_2,9,0.10478748663445003,0.8806320001895074,18.051127997750882,19.03654748457484
610,17130.009966908034,17130.010090493,17130.010090493,17130.010921183,17130.031076963,2,COMPLETED,True,baseline_2,10,0.1235849667864386,0.8306899981107563,20.15578000282403,21.110054967721226
611,17130.064991152045,17130.06525043,17130.06525043,17130.065981899,17130.084050243,3,COMPLETED,True,baseline_2,11,0.25927795650204644,0.7314689974009525,18.068344001221703,19.059090955124702
612,17130.072539262917,17130.072701133,17130.072701133,17130.073334375,17130.093366933,0,COMPLETED,True,baseline_2,12,0.16187008077395149,0.6332420016406104,20.032558000821155,20.827670083235716
613,17130.08222942082,17130.082456535,17130.082456535,17130.083162831,17130.101790994,1,COMPLETED,True,baseline_2,13,0.22711418205290101,0.7062959994073026,18.62816299762926,19.561573179089464
614,17130.090635667217,17130.090847055,17130.090847055,17130.091689612,17130.107155311,2,COMPLETED,True,baseline_2,14,0.21138778174645267,0.8425570013059769,15.465699001651956,16.519643784704385
615,17130.098491492296,17130.098646082,17130.098646082,17130.099558884,17130.118105086,3,COMPLETED,True,baseline_2,15,0.15458970301551744,0.9128020028583705,18.54620199810597,19.61359370397986
616,17130.159088131848,17130.159299001,17130.159299001,17130.159809504,17130.175417081,0,COMPLETED,True,baseline_2,16,0.21086915148771368,0.5105029995320365,15.607577002811013,16.328949153830763
617,17130.1810285622,17130.181113331,17130.181113331,17130.181622885,17130.194887285,1,COMPLETED,True,baseline_2,17,0.0847687988425605,0.5095540000183973,13.264400000480236,13.858722799341194
618,17130.251338526607,17130.251514931,17130.251514931,17130.252467523,17130.266689722,2,COMPLETED,True,baseline_2,18,0.17640439182287082,0.952592003159225,14.222198999050306,15.351195394032402
619,17130.271382138446,17130.271642821,17130.271642821,17130.272821165,17130.291939145,3,COMPLETED,True,baseline_2,19,0.2606825546536129,1.1783439986174926,19.11798000219278,20.557006555463886
620,17130.288617461578,17130.288870588,17130.288870588,17130.289660727,17130.307312511,0,COMPLETED,True,baseline_2,20,0.2531264217395801,0.7901390017650556,17.65178399728029,18.695049420784926
621,17130.32998590217,17130.330240255,17130.330240255,17130.331387821,17130.350923125,1,COMPLETED,True,baseline_2,21,0.2543528280511964,1.1475659994175658,19.535303999873577,20.93722282734234
622,17130.353917837267,17130.354175584,17130.354175584,17130.354933477,17130.368812985,2,COMPLETED,True,burst_2,22,0.25774673486012034,0.7578929980809335,13.87950800199178,14.895147734932834
623,17130.35857925595,17130.35873058,17130.35873058,17130.359555668,17130.378615194,3,COMPLETED,True,burst_2,23,0.15132404951145872,0.825088001874974,19.05952599918237,20.035938050568802
624,17130.362517056277,17130.362770385,17130.362770385,17130.36370902,17130.383692423,0,COMPLETED,True,burst_2,24,0.25332872246508487,0.9386349993292242,19.98340300269774,21.17536672449205
625,17130.370331601425,17130.370492582,17130.370492582,17130.371361146,17130.391531269,1,COMPLETED,True,burst_2,25,0.16098057312774472,0.8685640023031738,20.170122999843443,21.19966757527436
626,17130.381682518037,17130.38182743,17130.38182743,17130.382602472,17130.39943867,2,COMPLETED,True,burst_2,26,0.1449119627068285,0.7750420008960646,16.83619799950975,17.756151963112643
627,17130.386126350644,17130.386314889,17130.386314889,17130.386985036,17130.400868104,3,COMPLETED,True,burst_2,27,0.18853835717891343,0.6701469974359497,13.883068000723142,14.741753355338005
628,17130.388237041505,17130.388488645,17130.388488645,17130.389105912,17130.404387064,0,COMPLETED,True,burst_2,28,0.2516034946893342,0.6172670000523794,15.28115200198954,16.150022496731253
629,17130.3943287241,17130.394491438,17130.394491438,17130.39527531,17130.416541499,1,COMPLETED,True,burst_2,29,0.16271389904432,0.7838719975552522,21.26618900001631,22.212774896615883
630,17130.39649726462,17130.396689689,17130.396689689,17130.399584025,17130.417144947,2,COMPLETED,True,burst_2,30,0.19242438065703027,2.8943359975528438,17.560922002303414,20.647682380513288
631,17130.406506956766,17130.406619108,17130.406619108,17130.407134054,17130.420554793,3,COMPLETED,True,burst_2,31,0.11215123231522739,0.5149460012034979,13.420739000139292,14.047836233658018
632,17130.40808310087,17130.408202741,17130.408202741,17130.408780118,17130.421970249,0,COMPLETED,True,burst_2,32,0.11964013174292631,0.5773769989900757,13.190131001465488,13.88714813219849
633,17130.40831866364,17130.408616237,17130.408616237,17130.416772611,17130.432795877,1,COMPLETED,True,burst_2,33,0.2975733586936258,8.156373998644995,16.023266001866432,24.477213359205052
634,17130.425272927005,17130.425376495,17130.425376495,17130.426017847,17130.443186683,2,COMPLETED,True,burst_2,34,0.10356799612054601,0.6413519986381289,17.168835998745635,17.91375599350431
635,17130.427015334226,17130.427196871,17130.427196871,17130.427899041,17130.441730423,3,COMPLETED,True,burst_2,35,0.18153677592636086,0.7021699966571759,13.831382002535975,14.715088775119511
636,17130.428576131006,17130.428664121,17130.428664121,17130.429049677,17130.44260522,0,COMPLETED,True,burst_2,36,0.08798999260761775,0.3855560025840532,13.555542998801684,14.029088993993355
637,17130.436559675,17130.436761492,17130.436761492,17130.437469308,17130.453424586,1,COMPLETED,True,burst_2,37,0.20181700165267102,0.7078159978846088,15.955278002365958,16.864911001903238
638,17130.450276493444,17130.450436175,17130.450436175,17130.451254023,17130.464322825,3,COMPLETED,True,burst_2,38,0.15968155639711767,0.8178479984053411,13.06880199990701,14.046331554709468
639,17130.49407922617,17130.494208245,17130.494208245,17130.494918854,17130.513864525,0,COMPLETED,True,baseline_3,39,0.12901883019367233,0.7106090015440714,18.945670999528375,19.785298831266118
640,17130.50612736168,17130.506216224,17130.506216224,17130.506955654,17130.525185133,2,COMPLETED,True,baseline_3,40,0.08886231807991862,0.7394300009764265,18.22947899927385,19.057771318330197
641,17130.51893779338,17130.519025474,17130.519025474,17130.51982256,17130.538828332,1,COMPLETED,True,baseline_3,41,0.08768062252784148,0.7970859987835865,19.00577199921827,19.890538620529696
642,17130.57146101545,17130.571558384,17130.571558384,17130.572292385,17130.588935296,3,COMPLETED,True,baseline_3,42,0.09736854917719029,0.7340010015468579,16.642910999507876,17.474280550231924
643,17130.629476502323,17130.629623099,17130.629623099,17130.630324317,17130.649078452,0,COMPLETED,True,baseline_3,43,0.1465966779505834,0.7012179994489998,18.75413499874412,19.601949676143704
644,17130.641311128606,17130.64140253,17130.64140253,17130.641948498,17130.659480788,2,COMPLETED,True,baseline_3,44,0.09140139445662498,0.5459679996420164,17.532289999508066,18.169659393606707
645,17130.647633755918,17130.647777224,17130.647777224,17130.648577191,17130.666489797,1,COMPLETED,True,baseline_3,45,0.14346808166010305,0.7999670015124138,17.912605999299558,18.856041082472075
646,17130.66901406798,17130.669101132,17130.669101132,17130.669732476,17130.684669982,3,COMPLETED,True,baseline_3,46,0.0870640214998275,0.6313439989753533,14.937506002752343,15.655914023227524
647,17130.673475146872,17130.673523862,17130.673523862,17130.674199583,17130.688440432,0,COMPLETED,True,baseline_3,47,0.048715126467868686,0.6757210030627903,14.240848999179434,14.965285128710093
648,17130.691956041683,17130.692050666,17130.692050666,17130.69265912,17130.706112276,2,COMPLETED,True,baseline_3,48,0.0946243162616156,0.6084540000301786,13.453155999741284,14.156234316033078
649,17130.700747083603,17130.70098704,17130.70098704,17130.701498761,17130.715309882,1,COMPLETED,True,baseline_3,49,0.23995639639906585,0.5117209984746296,13.81112100352766,14.562798398401355
650,17130.726286234025,17130.726352847,17130.726352847,17130.72702712,17130.745972242,3,COMPLETED,True,baseline_3,50,0.06661297447863035,0.6742730001860764,18.945121999422554,19.68600797408726
651,17130.804541016983,17130.804685002,17130.804685002,17130.805586878,17130.825534727,0,COMPLETED,True,baseline_3,51,0.14398501662071794,0.9018759992613923,19.947848999436246,20.993710015318356
652,17130.849789074422,17130.85005751,17130.85005751,17130.851041041,17130.870789705,2,COMPLETED,True,baseline_3,52,0.2684355786186643,0.9835310011112597,19.74866399905295,21.000630578782875
653,17130.904031745282,17130.904209793,17130.904209793,17130.905243186,17130.925323222,1,COMPLETED,True,baseline_3,53,0.17804771778173745,1.033393000398064,20.080035999853862,21.291476718033664
654,17130.915492367203,17130.91565488,17130.91565488,17130.916607357,17130.935638391,3,COMPLETED,True,baseline_3,54,0.16251279521384276,0.952477003011154,19.031034000363434,20.14602379858843
655,17130.92382924963,17130.923919091,17130.923919091,17130.924556636,17130.94264088,0,COMPLETED,True,baseline_3,55,0.08984137093648314,0.6375449993356597,18.08424399860087,18.81163036887301
656,17130.95339117248,17130.953529122,17130.953529122,17130.954513279,17130.974057092,2,COMPLETED,True,baseline_3,56,0.13794952246826142,0.9841569990385324,19.54381299947272,20.665919520979514
657,17130.95346229956,17130.953651257,17130.953651257,17130.954774402,17130.973349601,1,COMPLETED,True,baseline_3,57,0.18895744142355397,1.1231449971091934,18.575199002953013,19.88730144148576
658,17130.971111163246,17130.971292361,17130.971292361,17130.972234963,17130.991311669,3,COMPLETED,True,baseline_3,58,0.18119775268132798,0.9426020005776081,19.076706001214916,20.200505754473852
659,17131.031657296182,17131.031747307,17131.031747307,17131.032627916,17131.051995081,0,COMPLETED,True,baseline_3,59,0.09001081707538106,0.880609000887489,19.36716500131297,20.33778481927584
660,17131.0506385745,17131.050743484,17131.050743484,17131.052069968,17131.072104544,1,COMPLETED,True,baseline_3,60,0.10490950080566108,1.3264839981275145,20.034576002217364,21.46596950115054
661,17131.05074274684,17131.050821612,17131.050821612,17131.052153454,17131.066755099,2,COMPLETED,True,baseline_3,61,0.07886515959398821,1.331841998762684,14.601645001675934,16.012352160032606
662,17131.081237288767,17131.081359643,17131.081359643,17131.082540426,17131.100838081,3,COMPLETED,True,baseline_3,62,0.12235423491802067,1.1807829978351947,18.29765500224312,19.600792234996334
663,17131.104355780786,17131.104498047,17131.104498047,17131.104955609,17131.118459779,0,COMPLETED,True,baseline_3,63,0.14226621351554058,0.45756200051982887,13.504170001397142,14.103998215432512
664,17131.117376220438,17131.117487935,17131.117487935,17131.118088366,17131.135043686,2,COMPLETED,True,baseline_3,64,0.11171456208103336,0.6004310016578529,16.955319999397034,17.66746556313592
665,17131.132203012712,17131.132336536,17131.132336536,17131.132827233,17131.146627141,1,COMPLETED,True,baseline_3,65,0.13352328824112192,0.49069699889514595,13.79990799978259,14.424128286918858
666,17131.147571780704,17131.147691348,17131.147691348,17131.148223486,17131.164645013,3,COMPLETED,True,baseline_3,66,0.11956729576922953,0.53213800129015,16.421526997874025,17.073232294933405
667,17131.26482095322,17131.264979351,17131.264979351,17131.26575754,17131.279208133,0,COMPLETED,True,baseline_3,67,0.15839777915971354,0.77818900172133,13.450593000015942,14.387179780896986
668,17131.274945619793,17131.275111884,17131.275111884,17131.275981636,17131.293963204,2,COMPLETED,True,baseline_3,68,0.1662642062001396,0.8697520024725236,17.981567998504033,19.017584207176697
669,17131.285526069412,17131.285666559,17131.285666559,17131.286495802,17131.301413669,1,COMPLETED,True,baseline_3,69,0.1404895883752033,0.8292429993161932,14.917866999894613,15.88759958758601
670,17131.293046720784,17131.293196903,17131.293196903,17131.294089263,17131.313921269,3,COMPLETED,True,baseline_3,70,0.15018221529317088,0.8923599998524878,19.832006000797264,20.874548215942923
671,17131.30425103763,17131.30434444,17131.30434444,17131.305252093,17131.318785263,2,COMPLETED,True,baseline_3,71,0.0934023701120168,0.9076530004676897,13.533170000300743,14.53422537088045
672,17131.340884439556,17131.341075238,17131.341075238,17131.342001002,17131.361306422,0,COMPLETED,True,baseline_3,72,0.19079844423686154,0.9257640012947377,19.30541999900015,20.42198244453175
673,17131.40601125166,17131.406106303,17131.406106303,17131.407021461,17131.426039001,1,COMPLETED,True,baseline_3,73,0.09505133857601322,0.9151580015895888,19.017539998458233,20.027749338623835
674,17131.427072656745,17131.427237688,17131.427237688,17131.428231107,17131.448475166,3,COMPLETED,True,baseline_3,74,0.16503125516464934,0.9934189984051045,20.244059000106063,21.402509253675817
675,17131.428009730465,17131.428145777,17131.428145777,17131.428720378,17131.448323848,2,COMPLETED,True,baseline_3,75,0.13604653577203862,0.5746009992435575,19.603469998401124,20.31411753341672
676,17131.43131964068,17131.431483115,17131.431483115,17131.432062508,17131.447666093,0,COMPLETED,True,baseline_3,76,0.16347432028851472,0.5793929994979408,15.603585001372267,16.346452321158722
677,17131.44013473267,17131.440363805,17131.440363805,17131.441377437,17131.457174154,1,COMPLETED,True,baseline_3,77,0.22907232778379694,1.0136320015590172,15.796716998011107,17.03942132735392
678,17131.495501776215,17131.495655765,17131.495655765,17131.496673023,17131.515828786,0,COMPLETED,True,baseline_3,78,0.15398878531414084,1.0172580005018972,19.15576299870736,20.327009784523398
679,17131.51265925046,17131.512751005,17131.512751005,17131.513583015,17131.532971439,3,COMPLETED,True,baseline_3,79,0.09175454033538699,0.8320099987031426,19.388423999771476,20.312188538810005
680,17131.540799921488,17131.540913825,17131.540913825,17131.541666613,17131.560059413,2,COMPLETED,True,baseline_3,80,0.1139035121013876,0.7527880006819032,18.39280000058352,19.25949151336681
681,17131.541244570155,17131.541348199,17131.541348199,17131.541774503,17131.560567295,1,COMPLETED,True,baseline_3,81,0.10362884495407343,0.4263039991201367,18.79279200147721,19.32272484555142
682,17131.566763447583,17131.566942315,17131.566942315,17131.5676172,17131.581492171,0,COMPLETED,True,baseline_3,82,0.17886741625261493,0.6748849991708994,13.874971002223901,14.728723417647416
683,17131.58445692582,17131.584557557,17131.584557557,17131.585285593,17131.601815547,3,COMPLETED,True,baseline_3,83,0.10063117952086031,0.7280360005097464,16.529954002180602,17.35862118221121
684,17131.61212018497,17131.612296732,17131.612296732,17131.612826664,17131.62796927,2,COMPLETED,True,baseline_3,84,0.17654702969593927,0.5299320000631269,15.142606000154046,15.849085029913113
685,17131.66776153122,17131.66789516,17131.66789516,17131.66883301,17131.688321655,1,COMPLETED,True,baseline_3,85,0.13362878235056996,0.9378499999002088,19.488645000819815,20.560123783070594
686,17131.680466680733,17131.680603783,17131.680603783,17131.681323301,17131.700533101,0,COMPLETED,True,baseline_3,86,0.13710226630792022,0.7195180005510338,19.209800000680843,20.066420267539797
687,17131.7128662248,17131.712969849,17131.712969849,17131.713937202,17131.733653439,3,COMPLETED,True,baseline_3,87,0.10362419925513677,0.967353000305593,19.716237002285197,20.787214201845927
688,17131.719032215893,17131.719194651,17131.719194651,17131.71994485,17131.738673509,2,COMPLETED,True,baseline_3,88,0.16243510617641732,0.7501990003220271,18.728659000771586,19.64129310727003
689,17131.72162566493,17131.721791471,17131.721791471,17131.722688978,17131.740945208,1,COMPLETED,True,baseline_3,89,0.16580607189098373,0.897506997716846,18.256229999678908,19.319543069286738
690,17131.76365999804,17131.763825096,17131.763825096,17131.764655058,17131.784242359,0,COMPLETED,True,baseline_3,90,0.16509796114405617,0.8299619985336903,19.587301001593005,20.58236096127075
691,17131.776937353174,17131.777081658,17131.777081658,17131.77773748,17131.792907192,3,COMPLETED,True,baseline_3,91,0.14430482769967057,0.6558219974976964,15.169712001807056,15.969838827004423
692,17131.78354157876,17131.783621627,17131.783621627,17131.784338121,17131.79744595,2,COMPLETED,True,baseline_3,92,0.08004824121599086,0.7164939997892361,13.107828999636695,13.904371240641922
693,17131.806836839452,17131.806925216,17131.806925216,17131.807550825,17131.820994545,1,COMPLETED,True,baseline_3,93,0.08837654604576528,0.6256090018723626,13.443719999486348,14.157705547404476
694,17131.875290362823,17131.875440433,17131.875440433,17131.876413721,17131.894044841,0,COMPLETED,True,baseline_3,94,0.15007017645984888,0.9732879989314824,17.63112000116962,18.75447817656095
695,17131.942735362394,17131.942891068,17131.942891068,17131.943650563,17131.961896255,3,COMPLETED,True,baseline_3,95,0.15570560572086833,0.7594950002385303,18.24569200107362,19.16089260703302
696,17131.956097020862,17131.956361783,17131.956361783,17131.95736173,17131.977278969,2,COMPLETED,True,baseline_3,96,0.26476213679416105,0.9999470021284651,19.917238998459652,21.181948137382278
697,17131.991371061376,17131.991526936,17131.991526936,17131.992216825,17132.010079313,1,COMPLETED,True,baseline_3,97,0.155874622578267,0.6898890023876447,17.862487999082077,18.70825162404799
698,17132.001239140765,17132.00137827,17132.00137827,17132.002271751,17132.0221499,0,COMPLETED,True,baseline_3,98,0.1391292353218887,0.8934809993661474,19.878148999850964,20.910759234539
699,17132.01855569438,17132.018798373,17132.018798373,17132.019571698,17132.037580973,3,COMPLETED,True,baseline_3,99,0.24267861954285763,0.7733250022283755,18.009274997893954,19.025278619665187
700,17132.033043295934,17132.03313216,17132.03313216,17132.033829269,17132.051412665,2,COMPLETED,True,baseline_3,100,0.08886406430974603,0.6971090006118175,17.583396002009977,18.36936906693154
701,17132.062077349365,17132.062247489,17132.062247489,17132.062982679,17132.083054571,1,COMPLETED,True,baseline_3,101,0.17013963588397019,0.7351899985224009,20.071892002306413,20.977221636712784
702,17132.072058565685,17132.072205669,17132.072205669,17132.072830941,17132.091367527,0,COMPLETED,True,baseline_3,102,0.1471033137931954,0.6252720013435464,18.536585997935617,19.30896131307236
703,17132.165659916653,17132.165820806,17132.165820806,17132.166795016,17132.187643403,3,COMPLETED,True,baseline_3,103,0.1608893471711781,0.9742100010043941,20.848386997386115,21.983486345561687
704,17132.178853571713,17132.17891785,17132.17891785,17132.179894419,17132.199864649,2,COMPLETED,True,baseline_3,104,0.06427828702726401,0.9765690010681283,19.970229997852584,21.011077285947977
705,17132.18838280072,17132.188565654,17132.188565654,17132.189235308,17132.20878904,1,COMPLETED,True,baseline_3,105,0.1828532804211136,0.6696540003758855,19.55373199962196,20.40623928041896
706,17132.22766027446,17132.227919461,17132.227919461,17132.228709293,17132.249526521,0,COMPLETED,True,baseline_3,106,0.25918653773260303,0.7898320000094827,20.81722799994168,21.866246537683764
707,17132.230362878,17132.230530507,17132.230530507,17132.231103237,17132.246476353,3,COMPLETED,True,baseline_3,107,0.16762900122557767,0.5727300012949854,15.373115998954745,16.113475001475308
708,17132.235070156505,17132.235214608,17132.235214608,17132.236094023,17132.254714716,2,COMPLETED,True,baseline_3,108,0.14445149645325728,0.8794149980531074,18.620693001139443,19.644559495645808
709,17132.238525903693,17132.238675534,17132.238675534,17132.239339701,17132.258840897,1,COMPLETED,True,baseline_3,109,0.14963030844228342,0.6641669970122166,19.50119600223843,20.31499330769293
710,17132.240810695755,17132.240936685,17132.240936685,17132.246700244,17132.262401711,3,COMPLETED,True,baseline_3,110,0.1259892451344058,5.763558998296503,15.701467000326375,21.591015243757283
711,17132.277068646756,17132.277159251,17132.277159251,17132.278009792,17132.298283844,0,COMPLETED,True,baseline_3,111,0.09060424417839386,0.8505410005454905,20.274051999876974,21.21519724460086
712,17132.30133674407,17132.301432291,17132.301432291,17132.30208192,17132.321807198,2,COMPLETED,True,baseline_3,112,0.0955469295149669,0.6496290006907657,19.725278001715196,20.47045393192093
713,17132.312868183093,17132.312974484,17132.312974484,17132.313348321,17132.327291636,1,COMPLETED,True,baseline_3,113,0.10630090764607303,0.3738369996426627,13.943314999778522,14.423452907067258
714,17132.3182269763,17132.318316366,17132.318316366,17132.318703367,17132.332039643,3,COMPLETED,True,baseline_3,114,0.08938970131566748,0.3870010004902724,13.33627599888132,13.81266670068726
715,17132.34413480171,17132.344236709,17132.344236709,17132.344832729,17132.362116499,0,COMPLETED,True,baseline_3,115,0.1019072878989391,0.5960199996479787,17.28377000108594,17.98169728863286
716,17132.38162202287,17132.3817631,17132.3817631,17132.382493266,17132.396662384,2,COMPLETED,True,baseline_3,116,0.14107712922850624,0.7301660007215105,14.169117999699665,15.040361129649682
717,17132.452343530953,17132.452609115,17132.452609115,17132.453685364,17132.474152175,1,COMPLETED,True,baseline_3,117,0.26558404715615325,1.0762489982880652,20.46681100182468,21.8086440472689
718,17132.47891307856,17132.479096549,17132.479096549,17132.480254963,17132.500327577,3,COMPLETED,True,baseline_3,118,0.18347043805988505,1.1584140011109412,20.072613999218447,21.414498438389273
719,17132.508727530072,17132.50900549,17132.50900549,17132.509959721,17132.530250885,0,COMPLETED,True,baseline_3,119,0.27795992718893103,0.9542309999233112,20.29116400080966,21.5233549279219
720,17132.526578122,17132.526786494,17132.526786494,17132.52755277,17132.545630384,2,COMPLETED,True,baseline_3,0,0.20837199917878024,0.7662759999220725,18.077614000503672,19.052261999604525
721,17132.533034922766,17132.533165619,17132.533165619,17132.533981508,17132.553430054,1,COMPLETED,True,baseline_3,1,0.13069623310002498,0.8158890013874043,19.448545997875044,20.395131232362473
722,17132.53850411233,17132.538659358,17132.538659358,17132.53932868,17132.557654651,3,COMPLETED,True,baseline_3,2,0.15524567061220296,0.6693219984299503,18.325970999285346,19.1505386683275
723,17132.561346817165,17132.561458538,17132.561458538,17132.562400454,17132.580663567,0,COMPLETED,True,baseline_3,3,0.11172083395649679,0.9419160014658701,18.263113001012243,19.31674983643461
724,17132.601473456878,17132.601662275,17132.601662275,17132.602234979,17132.615568343,2,COMPLETED,True,baseline_3,4,0.1888181213871576,0.5727040006604511,13.333364000573056,14.094886122620665
725,17132.617822440046,17132.617958536,17132.617958536,17132.61841707,17132.634835686,1,COMPLETED,True,baseline_3,5,0.13609595407615416,0.45853399933548644,16.418616000009933,17.013245953421574
726,17132.61822783195,17132.618357015,17132.618357015,17132.618723314,17132.632408411,3,COMPLETED,True,baseline_3,6,0.12918304855702445,0.36629900205298327,13.685096997505752,14.18057904811576
727,17132.623330896557,17132.623435488,17132.623435488,17132.624262039,17132.643096018,0,COMPLETED,True,baseline_3,7,0.10459144323249348,0.8265510005003307,18.833979000191903,19.765121443924727
728,17132.679012153938,17132.679071947,17132.679071947,17132.679841729,17132.697870799,2,COMPLETED,True,baseline_3,8,0.05979306297376752,0.7697820001340006,18.02906999728293,18.8586450603907
729,17132.692313250893,17132.692446187,17132.692446187,17132.692964691,17132.705993074,3,COMPLETED,True,baseline_3,9,0.1329361075477209,0.5185039990465157,13.028383000346366,13.679823106940603
730,17132.787661434908,17132.787845208,17132.787845208,17132.788956703,17132.80954064,1,COMPLETED,True,baseline_3,10,0.18377309243078344,1.1114949993498158,20.583936999173602,21.8792050909542
731,17132.7940340627,17132.794287541,17132.794287541,17132.795313315,17132.81544623,0,COMPLETED,True,baseline_3,11,0.25347830160171725,1.025773999572266,20.13291500043124,21.412167301605223
732,17132.796486651863,17132.796665473,17132.796665473,17132.797578873,17132.816311978,2,COMPLETED,True,baseline_3,12,0.17882113752420992,0.913399999262765,18.733105000137584,19.82532613692456
733,17132.809690912232,17132.809920955,17132.809920955,17132.810893351,17132.830669318,3,COMPLETED,True,baseline_3,13,0.23004276590654626,0.9723960029077716,19.775966997258365,20.978405766072683
734,17132.830375831192,17132.830537394,17132.830537394,17132.831377364,17132.844269274,1,COMPLETED,True,baseline_3,14,0.1615628061699681,0.8399700018344447,12.891909998870688,13.8934428068751
735,17132.84607918438,17132.846301169,17132.846301169,17132.847278136,17132.866242886,0,COMPLETED,True,baseline_3,15,0.22198462102096528,0.9769669995876029,18.96475000103237,20.16370162164094
736,17132.863863824987,17132.864118868,17132.864118868,17132.864873554,17132.878090866,2,COMPLETED,True,baseline_3,16,0.25504301447654143,0.7546859997091815,13.217312000051606,14.22704101423733
737,17132.8707453013,17132.870958628,17132.870958628,17132.871856859,17132.890466306,3,COMPLETED,True,baseline_3,17,0.2133266971213743,0.8982310027931817,18.609446997288615,19.72100469720317
738,17132.875851107256,17132.876104221,17132.876104221,17132.876844836,17132.891703209,1,COMPLETED,True,baseline_3,18,0.2531137433834374,0.7406149998132605,14.858373000606662,15.85210174380336
739,17132.902192950103,17132.902443236,17132.902443236,17132.903244865,17132.921094619,0,COMPLETED,True,baseline_3,19,0.2502858951629605,0.8016290012164973,17.849754000053508,18.901668896432966
740,17132.919273983418,17132.91936967,17132.91936967,17132.920235331,17132.938417412,2,COMPLETED,True,baseline_3,20,0.09568658060743473,0.8656610007165,18.18208099939511,19.143428580719046
741,17132.923169020345,17132.923257392,17132.923257392,17132.923930519,17132.936788565,3,COMPLETED,True,baseline_3,21,0.08837165660224855,0.6731269968440756,12.858046000474133,13.619544653920457
742,17132.973569958303,17132.973725138,17132.973725138,17132.974443419,17132.987521295,1,COMPLETED,True,baseline_3,22,0.15517969586653635,0.7182810004451312,13.077875999442767,13.951336695754435
743,17132.976309526166,17132.97646702,17132.97646702,17132.977146604,17132.994970669,0,COMPLETED,True,baseline_3,23,0.15749383237562142,0.679584001773037,17.824064998421818,18.661142832570476
744,17132.980744762644,17132.980863215,17132.980863215,17132.981514754,17132.996569538,3,COMPLETED,True,baseline_3,24,0.11845235712826252,0.6515389977721497,15.054784002131782,15.824775357032195
745,17132.98524086225,17132.985362339,17132.985362339,17132.986148637,17133.006207273,2,COMPLETED,True,baseline_3,25,0.12147675079177134,0.7862979982746765,20.05863600061275,20.9664107496792
746,17133.00638450078,17133.006590599,17133.006590599,17133.007300055,17133.0207033,1,COMPLETED,True,baseline_3,26,0.20609822240658104,0.7094559987308457,13.403245000517927,14.318799221655354
747,17133.052279931904,17133.052373492,17133.052373492,17133.052801678,17133.07063849,0,COMPLETED,True,baseline_3,27,0.09356009468319826,0.4281860019546002,17.836811999586644,18.358558096224442
748,17133.060960999315,17133.061064485,17133.061064485,17133.061952671,17133.080913745,3,COMPLETED,True,baseline_3,28,0.10348568321205676,0.8881860012479592,18.961074001708766,19.952745686168782
749,17133.102204352643,17133.10230572,17133.10230572,17133.103114327,17133.122526039,2,COMPLETED,True,baseline_3,29,0.10136735727428459,0.8086070010904223,19.411711997236125,20.321686355600832
750,17133.150388596605,17133.150479201,17133.150479201,17133.151215715,17133.164619389,1,COMPLETED,True,baseline_3,30,0.09060439333552495,0.736514000891475,13.403674001892796,14.230792396119796
751,17133.164596643066,17133.164766726,17133.164766726,17133.165814148,17133.181518647,0,COMPLETED,True,baseline_3,31,0.17008293434628285,1.0474219998286571,15.704499001003569,16.92200393517851
752,17133.1877969347,17133.187959035,17133.187959035,17133.188753969,17133.204648999,3,COMPLETED,True,baseline_3,32,0.16210029934882186,0.7949339997139759,15.895029999228427,16.852064298291225
753,17133.257088535163,17133.257224346,17133.257224346,17133.258040198,17133.277527139,2,COMPLETED,True,baseline_3,33,0.13581083840108477,0.8158519995049573,19.486940997012425,20.438603834918467
754,17133.268791691455,17133.268948907,17133.268948907,17133.269613119,17133.289125853,1,COMPLETED,True,baseline_3,34,0.15721554518677294,0.6642119988100603,19.512734001182253,20.334161545179086
755,17133.30568619337,17133.305818445,17133.305818445,17133.30665892,17133.326586153,0,COMPLETED,True,baseline_3,35,0.1322516291111242,0.8404750005865935,19.927233002817957,20.899959632515674
756,17133.321620152223,17133.321708883,17133.321708883,17133.322654941,17133.341840512,3,COMPLETED,True,baseline_3,36,0.0887307760422118,0.9460580004088115,19.185570999979973,20.220359776430996
757,17133.32657973925,17133.326738297,17133.326738297,17133.327755645,17133.347884155,2,COMPLETED,True,baseline_3,37,0.15855775200179778,1.0173480004596058,20.12850999744842,21.304415749909822
758,17133.335911040995,17133.336055219,17133.336055219,17133.336926643,17133.356572573,1,COMPLETED,True,baseline_3,38,0.14417800412047654,0.8714240029803477,19.645929998659994,20.66153200576082
759,17133.41864095974,17133.418747639,17133.418747639,17133.419320683,17133.437888898,0,COMPLETED,True,baseline_3,39,0.10667926107998937,0.5730439988838043,18.568215000414057,19.24793826037785
760,17133.420071987734,17133.420171846,17133.420171846,17133.420651,17133.440361869,3,COMPLETED,True,baseline_3,40,0.09985826545744203,0.47915400136844255,19.710869000846287,20.289881267672172
761,17133.424398721374,17133.424449294,17133.424449294,17133.425183072,17133.441725645,2,COMPLETED,True,baseline_3,41,0.050572627515066415,0.733777997083962,16.5425730010611,17.32692362566013
762,17133.425929428333,17133.426104113,17133.426104113,17133.426715587,17133.446672476,1,COMPLETED,True,baseline_3,42,0.17468466830905527,0.6114739990152884,19.956888998422073,20.743047665746417
763,17133.432146536496,17133.432310614,17133.432310614,17133.438064821,17133.45361721,0,COMPLETED,True,baseline_3,43,0.16407750445068814,5.754206998972222,15.552389002550626,21.470673505973537
764,17133.486112011757,17133.486309363,17133.486309363,17133.487027168,17133.506097983,3,COMPLETED,True,baseline_3,44,0.19735124442377128,0.7178050000220537,19.07081500030472,19.985971244750544
765,17133.515299744355,17133.515459463,17133.515459463,17133.51595098,17133.53013722,2,COMPLETED,True,baseline_3,45,0.15971864559105597,0.4915169993182644,14.18624000143609,14.83747564634541
766,17133.556420000892,17133.556659067,17133.556659067,17133.557559576,17133.578047848,1,COMPLETED,True,baseline_3,46,0.23906610658741556,0.9005089996207971,20.48827200269443,21.627847108902643
767,17133.63278116132,17133.632959689,17133.632959689,17133.633964633,17133.652748835,0,COMPLETED,True,baseline_3,47,0.17852767996373586,1.004944002488628,18.784201998641947,19.96767368109431
768,17133.657197147313,17133.657447758,17133.657447758,17133.658311958,17133.678767293,3,COMPLETED,True,baseline_3,48,0.25061068663490005,0.8641999993415084,20.45533500131569,21.570145687292097
769,17133.67653397752,17133.676696308,17133.676696308,17133.677605034,17133.695990989,2,COMPLETED,True,baseline_3,49,0.16233048154390417,0.9087260004889686,18.385954997938825,19.457011479971698
770,17133.715410215897,17133.715581115,17133.715581115,17133.716446392,17133.734529108,1,COMPLETED,True,baseline_3,50,0.17089910397771746,0.865277001139475,18.082715996570187,19.11889210168738
771,17133.77157795435,17133.771692837,17133.771692837,17133.772691922,17133.791326106,0,COMPLETED,True,baseline_3,51,0.11488264863146469,0.9990850012400188,18.63418399807415,19.748151647945633
772,17133.845802360993,17133.845963041,17133.845963041,17133.847021658,17133.866549288,3,COMPLETED,True,baseline_3,52,0.1606800069566816,1.0586169992166106,19.527630000084173,20.746927006257465
773,17133.846491939334,17133.846628153,17133.846628153,17133.847200134,17133.866361174,2,COMPLETED,True,baseline_3,53,0.13621366815641522,0.5719809996662661,19.16103999974439,19.86923466756707
774,17133.860640270814,17133.860805265,17133.860805265,17133.861569019,17133.879627188,1,COMPLETED,True,baseline_3,54,0.16499418779858388,0.7637540002178866,18.05816899650381,18.98691718452028
775,17133.87862824517,17133.878772997,17133.878772997,17133.879761532,17133.898604079,0,COMPLETED,True,baseline_3,55,0.14475182979367673,0.9885350009426475,18.84254700053134,19.975833831267664
776,17133.928611130985,17133.928702762,17133.928702762,17133.929656939,17133.950231515,2,COMPLETED,True,baseline_3,56,0.091631016402971,0.9541769977658987,20.574575999489753,21.620384013658622
777,17133.953265287346,17133.953374437,17133.953374437,17133.954135506,17133.967953119,3,COMPLETED,True,baseline_3,57,0.10914965241681784,0.761069000873249,13.817613002174767,14.687831655464834
778,17134.014630388658,17134.014779725,17134.014779725,17134.015843332,17134.035740807,1,COMPLETED,True,baseline_3,58,0.14933634156477638,1.0636070001055487,19.897475001926068,21.110418343596393
779,17134.027905838102,17134.028161643,17134.028161643,17134.029164333,17134.049002172,0,COMPLETED,True,baseline_3,59,0.2558048981882166,1.0026899981312454,19.83783900141134,21.0963338977308
780,17134.13307306848,17134.133227219,17134.133227219,17134.134072492,17134.147422042,2,COMPLETED,True,baseline_3,60,0.15415052257594652,0.8452729998680297,13.34954999765614,14.348973520100117
781,17134.154805304923,17134.154983531,17134.154983531,17134.155873974,17134.175038398,3,COMPLETED,True,baseline_3,61,0.17822607696871273,0.8904429996619001,19.16442400033702,20.233093076967634
782,17134.17436866091,17134.174539909,17134.174539909,17134.175382791,17134.189480342,1,COMPLETED,True,baseline_3,62,0.17124808800872415,0.8428820001427084,14.09755100030452,15.111681088455953
783,17134.17720672243,17134.177344606,17134.177344606,17134.17815754,17134.197335901,0,COMPLETED,True,baseline_3,63,0.13788356955046766,0.8129339985316619,19.17836100255954,20.12917857064167
784,17134.197514387044,17134.197607172,17134.197607172,17134.198334998,17134.212351197,2,COMPLETED,True,baseline_3,64,0.09278495417675003,0.7278260018210858,14.016198998433538,14.836809954431374
785,17134.202034493228,17134.202140038,17134.202140038,17134.202727895,17134.216396598,3,COMPLETED,True,baseline_3,65,0.10554477194091305,0.5878570009372197,13.668702998984372,14.362104771862505
786,17134.202739796005,17134.202855854,17134.202855854,17134.203212559,17134.217524178,1,COMPLETED,True,baseline_3,66,0.11605799591052346,0.35670500074047595,14.311618997453479,14.784381994104479
787,17134.21428575251,17134.214461543,17134.214461543,17134.215040075,17134.228514217,0,COMPLETED,True,baseline_3,67,0.1757904901751317,0.5785319990536664,13.474142000632128,14.228464489860926
788,17134.249363133236,17134.249498713,17134.249498713,17134.2500859,17134.26562062,2,COMPLETED,True,baseline_3,68,0.13557976490119472,0.5871869980182964,15.534720001596725,16.257486764516216
789,17134.262017444194,17134.262110401,17134.262110401,17134.262734995,17134.275676361,3,COMPLETED,True,baseline_3,69,0.09295680501963943,0.6245940021472052,12.94136599972262,13.658916806889465
790,17134.280994783097,17134.281080093,17134.281080093,17134.281766216,17134.298350932,1,COMPLETED,True,baseline_3,70,0.0853099008963909,0.6861230031063315,16.584715998760657,17.35614890276338
791,17134.28977639026,17134.290016822,17134.290016822,17134.290835052,17134.309516791,0,COMPLETED,True,baseline_3,71,0.24043174198595807,0.8182300007320009,18.68173899856629,19.740400741284247
792,17134.329169162018,17134.32929486,17134.32929486,17134.330082971,17134.34546139,2,COMPLETED,True,baseline_3,72,0.12569798127515242,0.7881109995651059,15.378419000626309,16.292227981466567
793,17134.37376753948,17134.373915404,17134.373915404,17134.374824365,17134.394948294,3,COMPLETED,True,baseline_3,73,0.14786452084081247,0.9089609993679915,20.123928999964846,21.18075452017365
794,17134.381006820637,17134.381215589,17134.381215589,17134.382200119,17134.401437377,1,COMPLETED,True,baseline_3,74,0.2087683642457705,0.9845299973676447,19.23725800224929,20.430556363862706
795,17134.381731184858,17134.38186695,17134.38186695,17134.38243521,17134.402086386,0,COMPLETED,True,baseline_3,75,0.1357651417492889,0.5682599985448178,19.65117600047961,20.355201140773715
796,17134.428081254566,17134.428227117,17134.428227117,17134.429030493,17134.447602182,2,COMPLETED,True,baseline_3,76,0.1458624356018845,0.8033759986574296,18.571689000964398,19.52092743522371
797,17134.464621493855,17134.464657905,17134.464657905,17134.465549557,17134.479769977,3,COMPLETED,True,baseline_3,77,0.03641114381025545,0.8916520018829033,14.220419998309808,15.148483144002967
798,17134.471157755477,17134.471463546,17134.471463546,17134.472221668,17134.489854149,1,COMPLETED,True,baseline_3,78,0.30579052327084355,0.7581219979329035,17.632481001783162,18.69639352298691
799,17134.491452364586,17134.491548991,17134.491548991,17134.492299288,17134.511845101,0,COMPLETED,True,baseline_3,79,0.09662641605245881,0.7502969965571538,19.545813000149792,20.392736412759405
800,17134.527130968418,17134.52722262,17134.52722262,17134.527930174,17134.546078679,2,COMPLETED,True,baseline_3,80,0.09165158189716749,0.7075540015648585,18.14850499795284,18.947710581414867
801,17134.53306571176,17134.533146016,17134.533146016,17134.533548712,17134.548538838,3,COMPLETED,True,baseline_3,81,0.08030424214666709,0.40269599776365794,14.990126001066528,15.473126240976853
802,17134.54779703078,17134.548069065,17134.548069065,17134.548634649,17134.563051588,1,COMPLETED,True,baseline_3,82,0.2720342199609149,0.5655839995597489,14.416939000511775,15.254557220032439
803,17134.60072517528,17134.600815181,17134.600815181,17134.601287971,17134.619045647,0,COMPLETED,True,baseline_3,83,0.09000571662909351,0.47279000136768445,17.757675999746425,18.320471717743203
804,17134.621323153246,17134.62141855,17134.62141855,17134.621849135,17134.640574804,2,COMPLETED,True,baseline_3,84,0.09539675374981016,0.4305850015953183,18.72566900055972,19.251650755904848
805,17134.62720490872,17134.627292317,17134.627292317,17134.628044626,17134.642319357,3,COMPLETED,True,baseline_3,85,0.08740827979636379,0.7523089989263099,14.274731001933105,15.114448280655779
806,17134.651484085945,17134.651598654,17134.651598654,17134.652551402,17134.665450553,1,COMPLETED,True,baseline_3,86,0.11456805441412143,0.9527479996904731,12.899150999146514,13.966467053251108
807,17134.66669478836,17134.666862111,17134.666862111,17134.667642459,17134.680481879,0,COMPLETED,True,baseline_3,87,0.16732263975427486,0.7803480002621654,12.839420000091195,13.787090640107635
808,17134.701160566903,17134.701274583,17134.701274583,17134.701747568,17134.716311409,2,COMPLETED,True,baseline_3,88,0.11401609663153067,0.4729850006697234,14.563840999471722,15.150842096772976
809,17134.7194719499,17134.719635378,17134.719635378,17134.720191788,17134.733341664,3,COMPLETED,True,baseline_3,89,0.16342809976777062,0.5564100029005203,13.14987599835149,13.869714101019781
810,17134.765474145246,17134.765728701,17134.765728701,17134.7665602,17134.785310579,1,COMPLETED,True,baseline_3,90,0.254555754509056,0.8314990009239409,18.75037900026655,19.836433755699545
811,17134.77420246162,17134.774371063,17134.774371063,17134.775084542,17134.792083119,0,COMPLETED,True,baseline_3,91,0.16860137839103118,0.713479003024986,16.998576997139025,17.880657378555043
812,17134.80349397673,17134.80358212,17134.80358212,17134.804531162,17134.824037372,2,COMPLETED,True,baseline_3,92,0.08814326793071814,0.9490420015936252,19.50620999923558,20.543395268759923
813,17134.825796298413,17134.825913483,17134.825913483,17134.826807699,17134.843560477,3,COMPLETED,True,baseline_3,93,0.11718458699760959,0.8942159984144382,16.752777999499813,17.76417858491186
814,17134.962321948773,17134.962500655,17134.962500655,17134.963625249,17134.984382383,1,COMPLETED,True,baseline_3,94,0.17870622832560912,1.1245940004300792,20.75713399972301,22.060434228478698
815,17134.967180707776,17134.967340902,17134.967340902,17134.968378559,17134.988366317,0,COMPLETED,True,baseline_3,95,0.16019422400859185,1.0376569989603013,19.98775800166186,21.185609224630753
816,17135.01948771845,17135.019654956,17135.019654956,17135.020718135,17135.040710613,2,COMPLETED,True,baseline_3,96,0.16723754742997698,1.0631790028128307,19.992477999039693,21.2228945492825
817,17135.04987665555,17135.049961782,17135.049961782,17135.050684357,17135.068499046,3,COMPLETED,True,baseline_3,97,0.08512644853908569,0.7225750014185905,17.814688999351347,18.622390449309023
818,17135.056836953067,17135.057045674,17135.057045674,17135.057934227,17135.077318368,1,COMPLETED,True,baseline_3,98,0.20872093227808364,0.8885530005500186,19.38414100004593,20.48141493287403
819,17135.08903514551,17135.089090788,17135.089090788,17135.090038651,17135.109984361,0,COMPLETED,True,baseline_3,99,0.05564248931477778,0.9478630017838441,19.945709998864913,20.949215489963535
820,17135.102509427867,17135.10267047,17135.10267047,17135.103585409,17135.122587652,2,COMPLETED,True,baseline_3,100,0.16104213500511833,0.9149389989033807,19.002242999704322,20.07822413361282
821,17135.13975804346,17135.139957237,17135.139957237,17135.14057035,17135.154167468,3,COMPLETED,True,baseline_3,101,0.19919353871955536,0.6131129994173534,13.597118002508068,14.409424540644977
822,17135.194429012332,17135.194532408,17135.194532408,17135.195117965,17135.21359064,1,COMPLETED,True,baseline_3,102,0.10339566870243289,0.5855569979758002,18.472675001248717,19.16162766792695
823,17135.231152634307,17135.231260031,17135.231260031,17135.232314245,17135.254651395,0,COMPLETED,True,baseline_3,103,0.1073966923286207,1.054214000760112,22.337149999657413,23.498760692746146
824,17135.24580579547,17135.246001542,17135.246001542,17135.246931089,17135.264963353,2,COMPLETED,True,baseline_3,104,0.19574653197196312,0.9295470008510165,18.032264000794385,19.157557533617364
825,17135.2880297165,17135.288201891,17135.288201891,17135.28892244,17135.307010229,3,COMPLETED,True,baseline_3,105,0.17217449931195006,0.7205490001069847,18.087789001583587,18.980512501002522
826,17135.295862013845,17135.296042453,17135.296042453,17135.296857613,17135.310591377,1,COMPLETED,True,baseline_3,106,0.1804391540645156,0.8151600013661664,13.73376400078996,14.729363156220643
827,17135.317602722076,17135.317788181,17135.317788181,17135.318501118,17135.335944514,0,COMPLETED,True,baseline_3,107,0.18545892453403212,0.7129369987524115,17.443396001908695,18.34179192519514
828,17135.318019975315,17135.318304097,17135.318304097,17135.318716357,17135.333750813,2,COMPLETED,True,baseline_3,108,0.2841216846718453,0.412260000302922,15.034455998829799,15.730837683804566
829,17135.406117396808,17135.406218383,17135.406218383,17135.406906099,17135.423320937,3,COMPLETED,True,baseline_3,109,0.10098619168275036,0.6877160012663808,16.414837999036536,17.203540191985667
830,17135.416966492692,17135.417063129,17135.417063129,17135.417841656,17135.43714787,1,COMPLETED,True,baseline_3,110,0.09663630771683529,0.7785269990563393,19.306214002426714,20.18137730919989
831,17135.43174460041,17135.431923348,17135.431923348,17135.432775636,17135.452264682,2,COMPLETED,True,baseline_3,111,0.17874758850666694,0.8522880016244017,19.489046000671806,20.520081590802874
832,17135.46284372045,17135.463054166,17135.463054166,17135.463910248,17135.484044588,0,COMPLETED,True,burst_3,112,0.21044555251137353,0.8560819987906143,20.134340000367956,21.200867551669944
833,17135.466854276718,17135.46699479,17135.46699479,17135.467492989,17135.480868729,3,COMPLETED,True,burst_3,113,0.1405132825311739,0.4981989986845292,13.37573999990127,14.014452281116974
834,17135.467366253208,17135.467501887,17135.467501887,17135.468237612,17135.486714869,1,COMPLETED,True,burst_3,114,0.13563379252445884,0.7357249996857718,18.47725699917646,19.348615791386692
835,17135.482692419537,17135.482985467,17135.482985467,17135.483847654,17135.498004951,2,COMPLETED,True,burst_3,115,0.293047462037066,0.8621870001661591,14.157297002384439,15.312531464587664
836,17135.482883378165,17135.483135682,17135.483135682,17135.483955632,17135.503108889,3,COMPLETED,True,burst_3,116,0.2523038347135298,0.8199500007322058,19.153256998833967,20.225510834279703
837,17135.528181616828,17135.528353311,17135.528353311,17135.529303919,17135.547966238,0,COMPLETED,True,burst_3,117,0.17169417333207093,0.9506079986749683,18.662318998394767,19.784621170401806
838,17135.53275427747,17135.532836715,17135.532836715,17135.533615474,17135.552628106,1,COMPLETED,True,burst_3,118,0.08243753109127283,0.7787590002408251,19.012632001249585,19.873828532581683
839,17135.53624521912,17135.536327481,17135.536327481,17135.536762528,17135.553168586,2,COMPLETED,True,burst_3,119,0.08226188219850883,0.43504700079211034,16.406057999120094,16.923366882110713
840,17135.54566438081,17135.545751844,17135.545751844,17135.546507486,17135.560785142,3,COMPLETED,True,burst_3,0,0.08746319144847803,0.7556419986940455,14.277655998739647,15.12076118888217
841,17135.579433310126,17135.579595082,17135.579595082,17135.580370869,17135.599551945,0,COMPLETED,True,baseline_4,1,0.16177187353605404,0.775787000748096,19.18107600067742,20.11863487496157
842,17135.584751471975,17135.584911322,17135.584911322,17135.585642422,17135.605160775,1,COMPLETED,True,baseline_4,2,0.15985002391971648,0.731100000848528,19.51835300133098,20.409303026099224
843,17135.591726192935,17135.591854784,17135.591854784,17135.592648612,17135.613182432,2,COMPLETED,True,baseline_4,3,0.12859106573159806,0.793827999586938,20.533819999400293,21.45623906471883
844,17135.63584948073,17135.635937685,17135.635937685,17135.636494974,17135.651052291,3,COMPLETED,True,baseline_4,4,0.08820427319733426,0.5572889967879746,14.557317001163028,15.202810271148337
845,17135.686388898535,17135.686527307,17135.686527307,17135.687097432,17135.700248939,0,COMPLETED,True,baseline_4,5,0.13840846440871246,0.5701250011043157,13.151506998838158,13.860040464351187
846,17135.71349349208,17135.713577527,17135.713577527,17135.714525407,17135.733950251,1,COMPLETED,True,baseline_4,6,0.08403492029174231,0.9478799984208308,19.424844002060127,20.4567589207727
847,17135.71730357968,17135.717382862,17135.717382862,17135.71799683,17135.735664635,2,COMPLETED,True,baseline_4,7,0.0792823193478398,0.6139680008345749,17.667805001110537,18.36105532129295
848,17135.74703121489,17135.747117991,17135.747117991,17135.747970101,17135.76421853,3,COMPLETED,True,baseline_4,8,0.08677610821905546,0.8521100025973283,16.248428997641895,17.18731510845828
849,17135.756954617922,17135.757116754,17135.757116754,17135.758023689,17135.779398777,0,COMPLETED,True,baseline_4,9,0.1621360788703896,0.9069349980563857,21.3750879993313,22.444159076258074
850,17135.765575921727,17135.765734987,17135.765734987,17135.766593545,17135.783770527,1,COMPLETED,True,baseline_4,10,0.15906527187325992,0.8585579998907633,17.176982000819407,18.19460527258343
851,17135.7708931144,17135.771051469,17135.771051469,17135.77187996,17135.793612261,2,COMPLETED,True,baseline_4,11,0.15835459998925216,0.8284909999929368,21.73230100015644,22.71914660013863
852,17135.777748372464,17135.777916127,17135.777916127,17135.778697091,17135.797422501,3,COMPLETED,True,baseline_4,12,0.16775453696027398,0.7809639973856974,18.725410001934506,19.674128536280477
853,17135.80207700834,17135.802236441,17135.802236441,17135.802971568,17135.822046738,0,COMPLETED,True,baseline_4,13,0.1594326604390517,0.7351269996433984,19.075170002906816,19.969729662989266
854,17135.804045028366,17135.804278207,17135.804278207,17135.804863876,17135.81790448,1,COMPLETED,True,baseline_4,14,0.233178634516662,0.5856690004293341,13.04060400070739,13.859451635653386
855,17135.82572081346,17135.825820105,17135.825820105,17135.826550038,17135.845732342,2,COMPLETED,True,baseline_4,15,0.09929154111887328,0.7299329990928527,19.182304000423755,20.01152854063548
856,17135.8979696714,17135.898111273,17135.898111273,17135.898869577,17135.916937573,3,COMPLETED,True,baseline_4,16,0.14160159844323061,0.7583039987366647,18.067996003082953,18.96790160026285
857,17135.910061523016,17135.910314137,17135.910314137,17135.911355752,17135.931204023,1,COMPLETED,True,baseline_4,17,0.2526139833207708,1.0416149998491164,19.848271000228124,21.14249998339801
858,17135.91751796765,17135.91767736,17135.91767736,17135.918467992,17135.935622889,0,COMPLETED,True,baseline_4,18,0.1593923516338691,0.7906319988251198,17.15489699927275,18.10492134973174
859,17135.961184521144,17135.961275924,17135.961275924,17135.961943492,17135.975378731,2,COMPLETED,True,baseline_4,19,0.09140285692410544,0.6675679978798144,13.435239001410082,14.194209856214002
860,17135.96545051922,17135.965708417,17135.965708417,17135.966573331,17135.986569338,3,COMPLETED,True,baseline_4,20,0.257897780102212,0.8649139999761246,19.996007002191618,21.118818782269955
861,17135.967883479927,17135.968056637,17135.968056637,17135.969007862,17135.987833159,1,COMPLETED,True,baseline_4,21,0.17315707373199984,0.951224999880651,18.825297000148566,19.949679073761217
862,17135.99918184584,17135.999339651,17135.999339651,17136.000245285,17136.018050505,0,COMPLETED,True,baseline_4,22,0.1578051596879959,0.9056339986273088,17.80522000262863,18.868659160943935
863,17136.00300217531,17136.003253991,17136.003253991,17136.003896161,17136.018379256,2,COMPLETED,True,baseline_4,23,0.25181569071719423,0.6421700018108822,14.48309499755851,15.377080690086586
864,17136.00811691131,17136.008255609,17136.008255609,17136.008912978,17136.021987521,3,COMPLETED,True,baseline_4,24,0.13869768736185506,0.6573690006916877,13.074542999675032,13.870609687728574
865,17136.01373235019,17136.013876567,17136.013876567,17136.014559152,17136.033685854,1,COMPLETED,True,baseline_4,25,0.1442168104404118,0.6825849995948374,19.126701998175122,19.95350380821037
866,17136.03716528741,17136.037323928,17136.037323928,17136.038035387,17136.051007832,0,COMPLETED,True,baseline_4,26,0.15864059241721407,0.7114589971024543,12.972445001651067,13.842544591170736
867,17136.070778538553,17136.070863424,17136.070863424,17136.071578023,17136.088938969,2,COMPLETED,True,baseline_4,27,0.08488544699503109,0.7145989984564949,17.360945999826072,18.160430445277598
868,17136.078203051085,17136.078313078,17136.078313078,17136.07904256,17136.092288711,3,COMPLETED,True,baseline_4,28,0.11002691462635994,0.7294819988601375,13.246151000203099,14.085659913689597
869,17136.082922399786,17136.083080981,17136.083080981,17136.08423972,17136.104696864,1,COMPLETED,True,baseline_4,29,0.15858121332712471,1.1587389999476727,20.45714400082943,21.774464214104228
870,17136.201169109398,17136.201428895,17136.201428895,17136.202470471,17136.221980753,0,COMPLETED,True,baseline_4,30,0.2597856037027668,1.0415759970783256,19.510281999828294,20.811643600609386
871,17136.218171278604,17136.218336079,17136.218336079,17136.219333478,17136.239341371,2,COMPLETED,True,baseline_4,31,0.1648003963055089,0.9973989981517661,20.00789300291217,21.170092397369444
872,17136.229356484655,17136.229459729,17136.229459729,17136.230212374,17136.24834815,3,COMPLETED,True,baseline_4,32,0.1032443433359731,0.7526450026489329,18.135775997507153,18.99166534349206
873,17136.257317450316,17136.257522481,17136.257522481,17136.258326166,17136.27638948,1,COMPLETED,True,baseline_4,33,0.20503068299149163,0.8036850013013463,18.06331400075578,19.07202968504862
874,17136.279972430246,17136.280093459,17136.280093459,17136.280672377,17136.294102649,0,COMPLETED,True,baseline_4,34,0.12102875552955084,0.5789179995190352,13.430271999823162,14.130218754871748
875,17136.296291364702,17136.296385261,17136.296385261,17136.296841379,17136.311517744,2,COMPLETED,True,baseline_4,35,0.09389629849465564,0.4561179994198028,14.676365000923397,15.226379298837855
876,17136.327890300945,17136.327976421,17136.327976421,17136.328487763,17136.342917196,3,COMPLETED,True,baseline_4,36,0.08612005331087857,0.5113420011184644,14.42943300207844,15.026895056507783
877,17136.3430781128,17136.343742509,17136.343742509,17136.344473433,17136.35745064,1,COMPLETED,True,baseline_4,37,0.6643962005909998,0.7309239990718197,12.977206999494229,14.372527199157048
878,17136.370589309878,17136.370749192,17136.370749192,17136.371708686,17136.390995067,0,COMPLETED,True,baseline_4,38,0.15988212180673145,0.959494002017891,19.286380997073138,20.40575712089776
879,17136.376981160196,17136.37718557,17136.37718557,17136.377998612,17136.397501877,2,COMPLETED,True,baseline_4,39,0.20440980370040052,0.8130419992085081,19.503265000821557,20.520716803730465
880,17136.426270079864,17136.426376515,17136.426376515,17136.427332394,17136.447166604,3,COMPLETED,True,baseline_4,40,0.10643513451213948,0.9558790006849449,19.834210001135943,20.896524136333028
881,17136.46373787413,17136.463854058,17136.463854058,17136.464869457,17136.484987624,1,COMPLETED,True,baseline_4,41,0.11618386997724883,1.0153989969694521,20.11816700178315,21.24974986872985
882,17136.512993324166,17136.513081139,17136.513081139,17136.514043309,17136.533726365,0,COMPLETED,True,baseline_4,42,0.0878148348419927,0.9621699973649811,19.683056001667865,20.73304083387484
883,17136.550300899486,17136.550436513,17136.550436513,17136.551396908,17136.570431706,2,COMPLETED,True,baseline_4,43,0.1356135144305881,0.9603949984011706,19.034798002394382,20.13080651522614
884,17136.633278400353,17136.633443403,17136.633443403,17136.634268064,17136.652756252,3,COMPLETED,True,baseline_4,44,0.16500264609931037,0.8246610013884492,18.48818799771834,19.4778516452061
885,17136.65907447561,17136.659245032,17136.659245032,17136.660065003,17136.674684129,1,COMPLETED,True,baseline_4,45,0.17055638818419538,0.8199710027838591,14.619125999161042,15.609653390129097
886,17136.68604501184,17136.686253188,17136.686253188,17136.687079236,17136.701150317,0,COMPLETED,True,baseline_4,46,0.20817615950363688,0.826047998998547,14.071081001020502,15.105305159522686
887,17136.699539801735,17136.699630033,17136.699630033,17136.700562283,17136.715199117,2,COMPLETED,True,baseline_4,47,0.09023126403917558,0.9322500009147916,14.636833999247756,15.659315264201723
888,17136.702656344005,17136.702941078,17136.702941078,17136.703674704,17136.722790406,3,COMPLETED,True,baseline_4,48,0.2847339965228457,0.7336259986914229,19.115701998089207,20.134061993303476
889,17136.714928924874,17136.715098489,17136.715098489,17136.715934065,17136.733450126,1,COMPLETED,True,baseline_4,49,0.1695641258265823,0.835576000099536,17.51606100151548,18.5212011274416
890,17136.724832594617,17136.724935486,17136.724935486,17136.72562467,17136.738688666,0,COMPLETED,True,baseline_4,50,0.10289138299413025,0.6891840021125972,13.063995997072197,13.856071382178925
891,17136.734136781146,17136.73422661,17136.73422661,17136.734910917,17136.748042334,2,COMPLETED,True,baseline_4,51,0.08982885265140794,0.6843070004833862,13.131416999385692,13.905552852520486
892,17136.76121351313,17136.761305577,17136.761305577,17136.761978038,17136.77492452,3,COMPLETED,True,baseline_4,52,0.09206387039739639,0.672460999339819,12.946481998369563,13.711006868106779
893,17136.77917920926,17136.779286021,17136.779286021,17136.779749718,17136.792693293,1,COMPLETED,True,baseline_4,53,0.10681173807824962,0.46369700066861697,12.94357499864418,13.514083737391047
894,17136.864608696666,17136.864764369,17136.864764369,17136.865764269,17136.885959669,0,COMPLETED,True,baseline_4,54,0.15567233276669867,0.9999000030802563,20.19540000037523,21.350972336222185
895,17137.04960075681,17137.049758,17137.049758,17137.050862343,17137.071367629,2,COMPLETED,True,baseline_4,55,0.15724319018772803,1.1043429985875264,20.50528600011603,21.766872188891284
896,17137.053718128216,17137.053971794,17137.053971794,17137.054869307,17137.075193271,3,COMPLETED,True,baseline_4,56,0.2536657848395407,0.8975130003818776,20.323963999544503,21.47514278476592
897,17137.056564808197,17137.056787354,17137.056787354,17137.057667612,17137.078055353,1,COMPLETED,True,baseline_4,57,0.22254580107983202,0.8802580014162231,20.387740998558,21.490544801054057
898,17137.059319737735,17137.059476531,17137.059476531,17137.060295728,17137.080675,0,COMPLETED,True,baseline_4,58,0.15679326679673977,0.8191969973267987,20.37927200217382,21.35526226629736
899,17137.09979061068,17137.099939289,17137.099939289,17137.100898007,17137.115216313,2,COMPLETED,True,baseline_4,59,0.14867832214804366,0.9587179993104655,14.318305999040604,15.425702320499113
900,17137.101097046376,17137.10122124,17137.10122124,17137.101799752,17137.11993135,3,COMPLETED,True,baseline_4,60,0.12419362246873789,0.5785120010841638,18.131598000763915,18.834303624316817
901,17137.104798979046,17137.104958302,17137.104958302,17137.105825193,17137.13096136,1,COMPLETED,True,baseline_4,61,0.15932295355014503,0.8668910013511777,25.13616699798149,26.162380952882813
902,17137.106302234482,17137.106490965,17137.106490965,17137.107426016,17137.132185751,0,COMPLETED,True,baseline_4,62,0.18873051885748282,0.9350509972136933,24.759735002589878,25.883516518661054
903,17137.11518634267,17137.115297005,17137.115297005,17137.116243604,17137.134732985,2,COMPLETED,True,baseline_4,63,0.11066232764278539,0.9465990005992353,18.48938100010855,19.546642328350572
904,17137.138406336922,17137.138516029,17137.138516029,17137.139086848,17137.153013941,3,COMPLETED,True,baseline_4,64,0.10969207869493403,0.5708190001314506,13.927092997619184,14.607604076445568
905,17137.14955171076,17137.149647707,17137.149647707,17137.150160853,17137.163935996,1,COMPLETED,True,baseline_4,65,0.09599623808753677,0.513146002049325,13.775142997474177,14.384285237611039
906,17137.169178185195,17137.169276232,17137.169276232,17137.169816156,17137.183293608,0,COMPLETED,True,baseline_4,66,0.09804680667002685,0.5399239998951089,13.477451997459866,14.115422804025002
907,17137.18467826462,17137.184781897,17137.184781897,17137.185237065,17137.198944442,2,COMPLETED,True,baseline_4,67,0.10363238106947392,0.4551679994619917,13.707376998354448,14.266177378885914
908,17137.198801941606,17137.198916023,17137.198916023,17137.199476544,17137.21343961,3,COMPLETED,True,baseline_4,68,0.11408139471313916,0.5605209989880677,13.963066001451807,14.637668395153014
909,17137.204538860242,17137.204658478,17137.204658478,17137.205117101,17137.219046596,1,COMPLETED,True,baseline_4,69,0.1196177581732627,0.45862299884902313,13.929495002230396,14.507735759252682
910,17137.209701650263,17137.20983975,17137.20983975,17137.210459687,17137.227131828,0,COMPLETED,True,baseline_4,70,0.13809973825118504,0.6199370000103954,16.67214099870762,17.4301777369692
911,17137.257732188587,17137.257847683,17137.257847683,17137.258366286,17137.272646258,2,COMPLETED,True,baseline_4,71,0.11549441114766523,0.5186030030017719,14.279971997893881,14.914069412043318
912,17137.32647208389,17137.326615853,17137.326615853,17137.327350742,17137.345578846,3,COMPLETED,True,baseline_4,72,0.14376910985447466,0.7348890030698385,18.22810399971786,19.106762112642173
913,17137.363610590866,17137.363865864,17137.363865864,17137.364810663,17137.385301146,1,COMPLETED,True,baseline_4,73,0.255273134825984,0.9447989978070837,20.490483002504334,21.6905551351374
914,17137.374343089094,17137.374600968,17137.374600968,17137.375502765,17137.39522042,0,COMPLETED,True,baseline_4,74,0.2578789062681608,0.9017970005515963,19.71765499911271,20.877330905932467
915,17137.40569612641,17137.40578208,17137.40578208,17137.406498948,17137.425128124,2,COMPLETED,True,baseline_4,75,0.08595359031460248,0.7168679985625204,18.629176000104053,19.431997588981176
916,17137.422478899953,17137.422726056,17137.422726056,17137.423779968,17137.444081772,3,COMPLETED,True,baseline_4,76,0.24715604740777053,1.0539120012253989,20.30180399742676,21.60287204605993
917,17137.426299476112,17137.42642384,17137.42642384,17137.427227577,17137.446387044,1,COMPLETED,True,baseline_4,77,0.12436388715286739,0.8037370025704149,19.159466999553842,20.087567889277125
918,17137.45106622681,17137.451154795,17137.451154795,17137.452025185,17137.465811354,0,COMPLETED,True,baseline_4,78,0.08856818749336526,0.8703900020918809,13.786168998194626,14.745127187779872
919,17137.513244579906,17137.513497571,17137.513497571,17137.514105123,17137.531849524,2,COMPLETED,True,baseline_4,79,0.2529910925659351,0.6075519995647483,17.744401000527432,18.604944092658116
920,17137.542888190183,17137.543050332,17137.543050332,17137.543938595,17137.563877894,3,COMPLETED,True,baseline_4,80,0.1621418159629684,0.8882630027073901,19.939298999815946,20.989703818486305
921,17137.59708341667,17137.597246486,17137.597246486,17137.598284651,17137.618391254,1,COMPLETED,True,baseline_4,81,0.16306932957377285,1.0381650026829448,20.106602998566814,21.30783733082353
922,17137.600687714945,17137.600846335,17137.600846335,17137.601532493,17137.619384939,0,COMPLETED,True,baseline_4,82,0.15862005602684803,0.6861580004624557,17.85244599886937,18.697224055358674
923,17137.612325572965,17137.612478878,17137.612478878,17137.613212396,17137.632427478,2,COMPLETED,True,baseline_4,83,0.15330503447330557,0.7335180016525555,19.215082000300754,20.101905036426615
924,17137.66079362716,17137.660996985,17137.660996985,17137.661944747,17137.679840718,3,COMPLETED,True,baseline_4,84,0.20335783847258426,0.9477620005782228,17.895970999234123,19.04709083828493
925,17137.698224802396,17137.698312396,17137.698312396,17137.699068979,17137.717192263,1,COMPLETED,True,baseline_4,85,0.08759360571275465,0.7565829982922878,18.12328400046681,18.967460604471853
926,17137.703740784462,17137.70382457,17137.70382457,17137.704518344,17137.718329866,0,COMPLETED,True,baseline_4,86,0.08378553684451617,0.693773999955738,13.811521999741672,14.589081536541926
927,17137.751915026663,17137.752174146,17137.752174146,17137.752846148,17137.77166711,2,COMPLETED,True,baseline_4,87,0.25911933698807843,0.672001999191707,18.82096199915395,19.752083335333737
928,17137.805014194302,17137.805125123,17137.805125123,17137.805918067,17137.823752834,3,COMPLETED,True,baseline_4,88,0.11092869681306183,0.7929439998406451,17.834767000749707,18.738639697403414
929,17137.819945196927,17137.820198288,17137.820198288,17137.821212141,17137.840793296,1,COMPLETED,True,baseline_4,89,0.2530910714995116,1.0138530014955904,19.581155000196304,20.848099073191406
930,17137.846100949275,17137.846195028,17137.846195028,17137.846968698,17137.866251806,0,COMPLETED,True,baseline_4,90,0.09407872494193725,0.7736699990346096,19.283108002127847,20.150856726104394
931,17137.84833503115,17137.84834515,17137.84834515,17137.849102678,17137.868339297,2,COMPLETED,True,baseline_4,91,0.01011884887702763,0.757527999667218,19.236619002185762,20.004265850730008
932,17137.85685938018,17137.857008516,17137.857008516,17137.857811092,17137.877439283,3,COMPLETED,True,baseline_4,92,0.1491358198109083,0.8025759998417925,19.628190999355866,20.579902819008566
933,17137.919457771513,17137.919637547,17137.919637547,17137.920664761,17137.940629741,1,COMPLETED,True,baseline_4,93,0.17977548486669548,1.027214002533583,19.96497999789426,21.17196948529454
934,17137.920715600554,17137.920830318,17137.920830318,17137.921723998,17137.941147115,0,COMPLETED,True,baseline_4,94,0.11471744437585585,0.8936800004448742,19.423117002588697,20.431514447409427
935,17137.921404607885,17137.921573403,17137.921573403,17137.922512105,17137.941778655,2,COMPLETED,True,baseline_4,95,0.16879511531442404,0.9387019999849144,19.266549999883864,20.374047115183203
936,17137.94670622199,17137.946836118,17137.946836118,17137.94754916,17137.9623902,3,COMPLETED,True,baseline_4,96,0.12989601236768067,0.7130419980967417,14.841039999737404,15.683978010201827
937,17138.160323913256,17138.160470664,17138.160470664,17138.161598841,17138.181959877,1,COMPLETED,True,baseline_4,97,0.14675074271508493,1.1281770021014381,20.36103600039496,21.635963745211484
938,17138.169735000163,17138.169864018,17138.169864018,17138.170569784,17138.188950482,0,COMPLETED,True,baseline_4,98,0.129017837025458,0.7057660004647914,18.380697998509277,19.215481835999526
939,17138.202886573137,17138.20312844,17138.20312844,17138.204150723,17138.224405092,2,COMPLETED,True,baseline_4,99,0.24186686277971603,1.0222829987469595,20.25436900294153,21.518518864468206
940,17138.23660777911,17138.23669634,17138.23669634,17138.237390135,17138.255624173,3,COMPLETED,True,baseline_4,100,0.08856089334585704,0.6937949983694125,18.234038001537556,19.016393893252825
941,17138.284971524747,17138.285129548,17138.285129548,17138.285879371,17138.305258452,1,COMPLETED,True,baseline_4,101,0.15802325287950225,0.749823000660399,19.379081000806764,20.286927254346665
942,17138.337195000724,17138.337329628,17138.337329628,17138.338136445,17138.356194716,0,COMPLETED,True,baseline_4,102,0.13462727656587958,0.8068169991020113,18.05827100179158,18.999715277459472
943,17138.352138171213,17138.352251064,17138.352251064,17138.353247183,17138.37352778,2,COMPLETED,True,baseline_4,103,0.11289278700132854,0.9961190007743426,20.28059700023732,21.389608788012993
944,17138.370732608055,17138.370866855,17138.370866855,17138.371669875,17138.389390028,3,COMPLETED,True,baseline_4,104,0.13424694407149218,0.8030200006032828,17.72015300230123,18.657419946976006
945,17138.38506096872,17138.385220624,17138.385220624,17138.38620056,17138.406162306,1,COMPLETED,True,baseline_4,105,0.15965527927619405,0.9799359977478161,19.96174600208178,21.101337279105792
946,17138.424322586987,17138.424482674,17138.424482674,17138.4253132,17138.444796863,0,COMPLETED,True,baseline_4,106,0.16008701277314685,0.8305260016641114,19.483662999846274,20.474276014283532
947,17138.441877493195,17138.441955153,17138.441955153,17138.442506727,17138.455895499,2,COMPLETED,True,baseline_4,107,0.07765980626572855,0.5515739976544864,13.388772000325844,14.018005804246059
948,17138.5011604094,17138.501419965,17138.501419965,17138.502499487,17138.522374399,3,COMPLETED,True,baseline_4,108,0.25955559976864606,1.0795220005093142,19.87491199906799,21.21398959934595
949,17138.50302662515,17138.50323254,17138.50323254,17138.503950602,17138.523991091,1,COMPLETED,True,baseline_4,109,0.2059148500848096,0.7180620013969019,20.040488998347428,20.96446584982914
950,17138.53618203997,17138.536320476,17138.536320476,17138.537167389,17138.555560316,0,COMPLETED,True,baseline_4,110,0.1384360293741338,0.8469130007142667,18.392926998785697,19.378276028874097
951,17138.54042713507,17138.540559447,17138.540559447,17138.541146513,17138.560284055,2,COMPLETED,True,baseline_4,111,0.13231192860985175,0.5870659988431726,19.1375419999531,19.856919927406125
952,17138.565181199003,17138.565439314,17138.565439314,17138.566371227,17138.585211742,3,COMPLETED,True,baseline_4,112,0.2581149965408258,0.9319130003859755,18.84051500019268,20.030542997119483
953,17138.571429936917,17138.571562127,17138.571562127,17138.572283785,17138.589436675,1,COMPLETED,True,baseline_4,113,0.13219008178566583,0.7216580015665386,17.152889999124454,18.00673808247666
954,17138.58180029468,17138.581973776,17138.581973776,17138.582583348,17138.597110841,0,COMPLETED,True,baseline_4,114,0.17348131950711831,0.6095720018493012,14.527493000059621,15.31054632141604
955,17138.59670421996,17138.596795944,17138.596795944,17138.597529166,17138.610669899,2,COMPLETED,True,baseline_4,115,0.09172403952106833,0.7332220011448953,13.140733000909677,13.96567904157564
956,17138.681522301515,17138.681658498,17138.681658498,17138.682345662,17138.698384903,3,COMPLETED,True,baseline_4,116,0.13619648598250933,0.6871639998280443,16.039240999816684,16.862601485627238
957,17138.730158128237,17138.730406835,17138.730406835,17138.731599333,17138.750962669,1,COMPLETED,True,baseline_4,117,0.24870676134014502,1.1924980026378762,19.363335999514675,20.804540763492696
958,17138.775642206674,17138.775805959,17138.775805959,17138.776836289,17138.796099172,0,COMPLETED,True,baseline_4,118,0.16375232735299505,1.0303299968654756,19.262883000919828,20.4569653251383
959,17138.85624194593,17138.856415925,17138.856415925,17138.857175578,17138.875648947,2,COMPLETED,True,baseline_4,119,0.1739790714054834,0.7596529976581223,18.473369000275852,19.407001069339458
960,17138.859411271365,17138.859569777,17138.859569777,17138.860480853,17138.880477884,3,COMPLETED,True,baseline_4,0,0.15850563431740738,0.911076000193134,19.997030998638365,21.066612633148907
961,17138.886872644776,17138.887018888,17138.887018888,17138.88788753,17138.90713826,1,COMPLETED,True,baseline_4,1,0.1462432228436228,0.8686420005687978,19.250730001658667,20.265615225071087
962,17138.98302519004,17138.983174471,17138.983174471,17138.984294153,17139.004955697,0,COMPLETED,True,baseline_4,2,0.14928096061339602,1.119682001444744,20.661544000176946,21.930506962235086
963,17139.014379985976,17139.014500278,17139.014500278,17139.015541857,17139.035474833,2,COMPLETED,True,baseline_4,3,0.12029202480334789,1.0415789984108415,19.932975999836344,21.094847023050534
964,17139.023175022718,17139.023343756,17139.023343756,17139.024404182,17139.044813171,3,COMPLETED,True,baseline_4,4,0.1687332805886399,1.060426002368331,20.408988999406574,21.638148282363545
965,17139.026962822678,17139.027123508,17139.027123508,17139.027930664,17139.047086343,1,COMPLETED,True,baseline_4,5,0.16068532204371877,0.8071560005191714,19.155678997776704,20.123520320339594
966,17139.026995351258,17139.027248951,17139.027248951,17139.028184928,17139.04926002,0,COMPLETED,True,baseline_4,6,0.2535997409722768,0.9359770010632928,21.075092001410667,22.264668743446236
967,17139.037621677544,17139.037758689,17139.037758689,17139.03862354,17139.056193249,2,COMPLETED,True,baseline_4,7,0.1370114550809376,0.8648510010971222,17.56970900169108,18.57157145786914
968,17139.063683981432,17139.063785537,17139.063785537,17139.064677648,17139.080935766,3,COMPLETED,True,baseline_4,8,0.10155556810786948,0.8921109983930364,16.25811800113297,17.251784567633877
969,17139.07494897586,17139.075104282,17139.075104282,17139.075742777,17139.0935065,1,COMPLETED,True,baseline_4,9,0.15530614109593444,0.6384949992934708,17.76372300082585,18.557524141215254
970,17139.088338796944,17139.088520337,17139.088520337,17139.089225286,17139.107095884,0,COMPLETED,True,baseline_4,10,0.18154005738324486,0.70494899773621,17.870597999717575,18.75708705483703
971,17139.09415016747,17139.094263233,17139.094263233,17139.094855824,17139.108606374,2,COMPLETED,True,baseline_4,11,0.11306552914902568,0.5925910008954816,13.750549998803763,14.45620652884827
972,17139.10276013482,17139.102967193,17139.102967193,17139.103623935,17139.118365293,3,COMPLETED,True,baseline_4,12,0.20705817951238714,0.6567419986822642,14.741358001629123,15.605158179823775
973,17139.16178380212,17139.161874925,17139.161874925,17139.162787898,17139.182204371,1,COMPLETED,True,baseline_4,13,0.09112288171309046,0.9129729987762403,19.416473001911072,20.420568882400403
974,17139.17375047803,17139.173837405,17139.173837405,17139.174725321,17139.193586365,0,COMPLETED,True,baseline_4,14,0.08692697156220675,0.8879160013748333,18.861043998185778,19.835886971122818
975,17139.177279016956,17139.17736538,17139.17736538,17139.178087497,17139.195448717,2,COMPLETED,True,baseline_4,15,0.08636304482934065,0.7221169980766717,17.361220001475886,18.169700044381898
976,17139.18097366309,17139.181074997,17139.181074997,17139.181696649,17139.200072995,3,COMPLETED,True,baseline_4,16,0.10133390969713219,0.6216520014277194,18.376346000877675,19.099331912002526
977,17139.209764762327,17139.209870794,17139.209870794,17139.21060996,17139.225938352,1,COMPLETED,True,baseline_4,17,0.10603167174849659,0.7391660001303535,15.328392000810709,16.17358967268956
978,17139.27857361706,17139.278669729,17139.278669729,17139.279372347,17139.299359963,0,COMPLETED,True,baseline_4,18,0.09611194036551751,0.7026179991953541,19.987616000435082,20.786345939995954
979,17139.319126784754,17139.319228248,17139.319228248,17139.319907369,17139.337119057,2,COMPLETED,True,baseline_4,19,0.10146324711968191,0.6791209998482373,17.211687998496927,17.992272245464846
980,17139.36583257027,17139.365993413,17139.365993413,17139.366972455,17139.386902592,3,COMPLETED,True,baseline_4,20,0.16084273011074401,0.9790420008357614,19.930136997572845,21.07002172851935
981,17139.40298050704,17139.403231287,17139.403231287,17139.404258032,17139.423553014,1,COMPLETED,True,baseline_4,21,0.250779961788794,1.0267449979437515,19.294982001156313,20.57250696088886
982,17139.43286861031,17139.4330275,17139.4330275,17139.433633536,17139.453812598,0,COMPLETED,True,baseline_4,22,0.15888968846411444,0.606035999226151,20.179062001261627,20.943987688951893
983,17139.442435459092,17139.442588722,17139.442588722,17139.443527719,17139.462258559,2,COMPLETED,True,baseline_4,23,0.15326290667871945,0.9389970000484027,18.730840001808247,19.82309990853537
984,17139.449474731817,17139.449625287,17139.449625287,17139.450476807,17139.469816375,3,COMPLETED,True,baseline_4,24,0.15055518451845273,0.851519998832373,19.33956799985026,20.341643183201086
985,17139.465033931476,17139.465143558,17139.465143558,17139.465835728,17139.47957194,1,COMPLETED,True,baseline_4,25,0.10962652595480904,0.6921699969097972,13.736212000367232,14.538008523231838
986,17139.50194216315,17139.502056474,17139.502056474,17139.502706478,17139.516657894,0,COMPLETED,True,baseline_4,26,0.11431084931246005,0.6500039999082219,13.95141600005445,14.715730849275133
987,17139.538573804126,17139.53866391,17139.53866391,17139.539214387,17139.552794908,2,COMPLETED,True,baseline_4,27,0.09010587382363155,0.550477001524996,13.580520997493295,14.221103872841923
988,17139.54046245746,17139.540548808,17139.540548808,17139.541091607,17139.560714752,3,COMPLETED,True,baseline_4,28,0.08635054109618068,0.5427989999589045,19.62314499905915,20.252294540114235
989,17139.55319108582,17139.553291197,17139.553291197,17139.553916154,17139.5731808,1,COMPLETED,True,baseline_4,29,0.10011118138208985,0.6249569996725768,19.264645998191554,19.98971417924622
990,17139.646240141356,17139.646379512,17139.646379512,17139.647400096,17139.667245025,0,COMPLETED,True,baseline_4,30,0.1393706443195697,1.020584000798408,19.84492900010082,21.004883645218797
991,17139.64713177274,17139.647258183,17139.647258183,17139.647736653,17139.666042705,2,COMPLETED,True,baseline_4,31,0.1264102575078141,0.4784700031450484,18.30605199938873,18.91093226004159
992,17139.654550673444,17139.654752525,17139.654752525,17139.655767921,17139.674899974,3,COMPLETED,True,baseline_4,32,0.20185155517538078,1.015395999274915,19.132053002977045,20.34930055742734
993,17139.65539237052,17139.655541293,17139.655541293,17139.656172403,17139.674917893,1,COMPLETED,True,baseline_4,33,0.148922477819724,0.6311100005405024,18.74549000058323,19.525522478943458
994,17139.689921645,17139.69007808,17139.69007808,17139.690750336,17139.705758215,2,COMPLETED,True,baseline_4,34,0.15643499864381738,0.6722560028720181,15.007878999313107,15.836570000828942
995,17139.6976532739,17139.697796928,17139.697796928,17139.698617291,17139.713431781,0,COMPLETED,True,baseline_4,35,0.14365410243044607,0.8203629986383021,14.814490001299419,15.778507102368167
996,17139.698392625596,17139.698533234,17139.698533234,17139.699133581,17139.717505713,3,COMPLETED,True,baseline_4,36,0.14060840476304293,0.6003470007271972,18.372131999058183,19.113087404548423
997,17139.72373435618,17139.723824993,17139.723824993,17139.724701685,17139.737864374,1,COMPLETED,True,baseline_4,37,0.09063682227861136,0.8766920000198297,13.162688999727834,14.130017822026275
998,17139.761141688057,17139.76127787,17139.76127787,17139.762104064,17139.777025387,2,COMPLETED,True,baseline_4,38,0.13618194134323858,0.826194002002012,14.921322999725817,15.883698943071067
999,17139.827754855953,17139.827903771,17139.827903771,17139.828935696,17139.848708697,0,COMPLETED,True,baseline_4,39,0.14891504906699993,1.0319249995518476,19.773001000430668,20.953841049049515
1000,17139.8356345736,17139.835763753,17139.835763753,17139.836513757,17139.854876253,3,COMPLETED,True,baseline_4,40,0.12917939966428094,0.7500040010199882,18.362496000918327,19.241679401602596
1001,17139.841810754042,17139.842026061,17139.842026061,17139.842867707,17139.860975135,1,COMPLETED,True,baseline_4,41,0.21530695812543854,0.8416460004809778,18.10742800080334,19.164380959409755
1002,17139.843506018336,17139.843710016,17139.843710016,17139.844346785,17139.864537413,2,COMPLETED,True,baseline_4,42,0.2039976643573027,0.636769000266213,20.19062799809035,21.031394662713865
1003,17139.866653682417,17139.866818146,17139.866818146,17139.867606711,17139.880901554,0,COMPLETED,True,baseline_4,43,0.16446358495159075,0.7885649974923581,13.294843000039691,14.24787158248364
1004,17139.868360105524,17139.868506766,17139.868506766,17139.869147001,17139.883301015,3,COMPLETED,True,baseline_4,44,0.14666047718492337,0.640235000901157,14.15401399935945,14.94090947744553
1005,17139.913870337357,17139.913961166,17139.913961166,17139.91467116,17139.932268003,1,COMPLETED,True,baseline_4,45,0.09082864198717289,0.7099940012267325,17.59684300122899,18.397665644442895
1006,17139.938744109106,17139.938830665,17139.938830665,17139.939750234,17139.958938957,2,COMPLETED,True,baseline_4,46,0.08655589408590458,0.9195689999614842,19.18872299938812,20.194847893435508
1007,17140.023431180027,17140.023560664,17140.023560664,17140.024568474,17140.044907546,0,COMPLETED,True,baseline_4,47,0.12948397488798946,1.007809998554876,20.339071998023428,21.476365971466294
1008,17140.032680625456,17140.032812459,17140.032812459,17140.033796151,17140.054474829,3,COMPLETED,True,baseline_4,48,0.1318335453106556,0.9836919998633675,20.678677999967476,21.7942035451415
1009,17140.058635968227,17140.058865014,17140.058865014,17140.059721459,17140.079739527,1,COMPLETED,True,baseline_4,49,0.22904577417648397,0.8564449999539647,20.018067996716127,21.103558770846575
1010,17140.098125321096,17140.098376804,17140.098376804,17140.099339723,17140.118856944,2,COMPLETED,True,baseline_4,50,0.2514829029678367,0.9629190026316792,19.517220996931428,20.731622902530944
1011,17140.105352110135,17140.105509761,17140.105509761,17140.106225462,17140.124121398,0,COMPLETED,True,baseline_4,51,0.15765086573082954,0.7157010004448239,17.89593599824002,18.769287864415674
1012,17140.126133855818,17140.126224318,17140.126224318,17140.126963077,17140.139841626,3,COMPLETED,True,baseline_4,52,0.09046218110597692,0.7387590012513101,12.878549001470674,13.70777018382796
1013,17140.1392345174,17140.139396292,17140.139396292,17140.140236189,17140.159147141,1,COMPLETED,True,baseline_4,53,0.16177460202015936,0.8398969985137228,18.910951999714598,19.91262360024848
1014,17140.13947075281,17140.139520989,17140.139520989,17140.140452328,17140.160179253,2,COMPLETED,True,baseline_4,54,0.05023619087296538,0.9313390000897925,19.72692499839468,20.708500189357437
1015,17140.14260721724,17140.14276837,17140.14276837,17140.143209065,17140.156586702,0,COMPLETED,True,baseline_4,55,0.16115275866468437,0.4406950029078871,13.377636998484377,13.979484760056948
1016,17140.150410433507,17140.150567669,17140.150567669,17140.151190365,17140.164659494,3,COMPLETED,True,baseline_4,56,0.15723549222457223,0.6226959994819481,13.469129000441171,14.249060492147692
1017,17140.165079329883,17140.165193968,17140.165193968,17140.165782094,17140.179603811,0,COMPLETED,True,baseline_4,57,0.11463811824796721,0.5881260003661737,13.82171699879109,14.52448111740523
1018,17140.17266190503,17140.172785364,17140.172785364,17140.17362961,17140.192811654,1,COMPLETED,True,baseline_4,58,0.12345896902843378,0.8442459984507877,19.18204400135437,20.149748968833592
1019,17140.211889477465,17140.211981283,17140.211981283,17140.213001967,17140.231472477,2,COMPLETED,True,baseline_4,59,0.091805533884326,1.0206840015598573,18.47051000004285,19.582999535487033
1020,17140.21945436671,17140.219558054,17140.219558054,17140.220273778,17140.234181496,3,COMPLETED,True,baseline_4,60,0.10368728908360936,0.7157239997468423,13.907717999245506,14.727129288075957
1021,17140.220174282847,17140.220298318,17140.220298318,17140.220850342,17140.235017823,0,COMPLETED,True,baseline_4,61,0.12403515211190097,0.5520240010810085,14.167481000185944,14.843540153378854
1022,17140.25822538793,17140.258342685,17140.258342685,17140.258847688,17140.273023257,1,COMPLETED,True,baseline_4,62,0.11729706966434605,0.5050030013080686,14.175568998325616,14.79786906929803
1023,17140.27712708118,17140.277215898,17140.277215898,17140.277935082,17140.291040381,2,COMPLETED,True,baseline_4,63,0.08881682151695713,0.7191839977167547,13.105299000017112,13.913299819250824
1024,17140.280266146932,17140.280346733,17140.280346733,17140.281002972,17140.29456339,3,COMPLETED,True,baseline_4,64,0.08058606908889487,0.6562389971804805,13.56041800318053,14.297243069449905
1025,17140.30452550116,17140.304618503,17140.304618503,17140.305497814,17140.324113339,0,COMPLETED,True,baseline_4,65,0.09300183955929242,0.8793109991529491,18.615525001223432,19.587837839935673
1026,17140.320900939667,17140.321077802,17140.321077802,17140.321803213,17140.33842568,1,COMPLETED,True,baseline_4,66,0.1768623333191499,0.7254109987115953,16.62246699925163,17.524740331282374
1027,17140.351506194533,17140.351674722,17140.351674722,17140.352223212,17140.36981907,2,COMPLETED,True,baseline_4,67,0.1685274655756075,0.548490002984181,17.595858000277076,18.312875468836864
1028,17140.365091219384,17140.365165633,17140.365165633,17140.365738971,17140.380275495,3,COMPLETED,True,baseline_4,68,0.07441361594828777,0.5733379985031206,14.536524002323858,15.184275616775267
1029,17140.383371653563,17140.383539157,17140.383539157,17140.384240943,17140.402549788,0,COMPLETED,True,baseline_4,69,0.1675034363870509,0.7017860007181298,18.308844999410212,19.178134436515393
1030,17140.405875188215,17140.406021252,17140.406021252,17140.406485262,17140.421991903,1,COMPLETED,True,baseline_4,70,0.1460637868149206,0.4640099978132639,15.506641000683885,16.11671478531207
1031,17140.434193411165,17140.434368825,17140.434368825,17140.434952364,17140.455038064,2,COMPLETED,True,baseline_4,71,0.17541383567731827,0.58353900021757,20.085699998162454,20.844652834057342
1032,17140.492115415618,17140.492174887,17140.492174887,17140.492904199,17140.505804505,3,COMPLETED,True,baseline_4,72,0.05947138197370805,0.729311999748461,12.900305999210104,13.689089380932273
1033,17140.548228075,17140.548393607,17140.548393607,17140.549441682,17140.569642384,0,COMPLETED,True,baseline_4,73,0.16553200111957267,1.048074998834636,20.20070200160262,21.41430900155683
1034,17140.552303780423,17140.55255032,17140.55255032,17140.55332322,17140.57353117,1,COMPLETED,True,burst_4,74,0.2465395773469936,0.7728999989922158,20.207950001349673,21.227389577688882
1035,17140.553594643334,17140.553740059,17140.553740059,17140.554348465,17140.57434725,2,COMPLETED,True,burst_4,75,0.145415666338522,0.6084060005377978,19.9987849991885,20.75260666606482
1036,17140.55806780379,17140.558375343,17140.558375343,17140.559199426,17140.579835834,3,COMPLETED,True,burst_4,76,0.30753920873394236,0.8240829993155785,20.636408000427764,21.768030208477285
1037,17140.561759548375,17140.561909734,17140.561909734,17140.569870637,17140.584190511,0,COMPLETED,True,burst_4,77,0.15018562407931313,7.960902999911923,14.31987400064827,22.430962624639506
1038,17140.579869510108,17140.580040484,17140.580040484,17140.581018435,17140.598539272,1,COMPLETED,True,burst_4,78,0.17097389354603365,0.9779510000953451,17.520836998301093,18.66976189194247
1039,17140.583955182177,17140.584135064,17140.584135064,17140.584975218,17140.598464131,2,COMPLETED,True,burst_4,79,0.17988182298722677,0.840153999888571,13.488912998582236,14.508948821458034
1040,17140.589314328397,17140.589444787,17140.589444787,17140.589966067,17140.603624862,3,COMPLETED,True,burst_4,80,0.13045860396232456,0.5212799987930339,13.658795000083046,14.310533602838404
1041,17140.58975053683,17140.589933118,17140.589933118,17140.590620564,17140.607014158,0,COMPLETED,True,burst_4,81,0.18258117052027956,0.687445997755276,16.39359399996465,17.263621168240206
1042,17140.592651704115,17140.592748072,17140.592748072,17140.598692291,17140.612263019,2,COMPLETED,True,burst_4,82,0.09636788308853284,5.944219003140461,13.57072799874004,19.611314884969033
1043,17140.59333267393,17140.593416911,17140.593416911,17140.598805716,17140.612902832,1,COMPLETED,True,burst_4,83,0.08423707186011598,5.388804998801788,14.097115999902599,19.570158070564503
1044,17140.598716420347,17140.598911089,17140.598911089,17140.603804718,17140.61746487,3,COMPLETED,True,burst_4,84,0.19466865342110395,4.893629000434885,13.6601519989199,18.74844965277589
1045,17140.611217562386,17140.611331444,17140.611331444,17140.612027741,17140.625423078,0,COMPLETED,True,burst_4,85,0.11388161510694772,0.6962970001040958,13.395336998655694,14.205515613866737
1046,17140.61715698628,17140.617253674,17140.617253674,17140.617671054,17140.631170267,2,COMPLETED,True,burst_4,86,0.09668771963333711,0.4173799970885739,13.499213000613963,14.013280717335874
1047,17140.623138905965,17140.623316513,17140.623316513,17140.623734016,17140.637684299,1,COMPLETED,True,burst_4,87,0.1776070348569192,0.41750300079002045,13.950282998848706,14.545393034495646
1048,17140.62526132597,17140.625417941,17140.625417941,17140.625838319,17140.639810237,3,COMPLETED,True,burst_4,88,0.15661502766306512,0.42037800085381605,13.97191800060682,14.548911029123701
1049,17140.62560360894,17140.625721071,17140.625721071,17140.62607568,17140.639697348,0,COMPLETED,True,burst_4,89,0.11746205927920528,0.3546090010786429,13.621668000268983,14.093739060626831
1050,17140.625926868688,17140.626177037,17140.626177037,17140.631552863,17140.645129867,2,COMPLETED,True,burst_4,90,0.2501683120499365,5.375826000090456,13.577003999671433,19.202998311811825
1051,17140.64916944696,17140.649222725,17140.649222725,17140.649641411,17140.663008664,1,COMPLETED,True,burst_4,91,0.053278039558790624,0.41868600237648934,13.367252999159973,13.839217041095253
1052,17140.652173061662,17140.652256594,17140.652256594,17140.652552592,17140.666378493,0,COMPLETED,True,baseline_5,92,0.0835323371575214,0.29599800109281205,13.825900998199359,14.205431336449692
1053,17140.660356515666,17140.660451901,17140.660451901,17140.661010022,17140.675587694,3,COMPLETED,True,baseline_5,93,0.0953853341343347,0.5581209989031777,14.57767200190574,15.231178334943252
1054,17140.66644575464,17140.666535351,17140.666535351,17140.667030245,17140.680961991,2,COMPLETED,True,baseline_5,94,0.08959636033978313,0.4948940004396718,13.931745997979306,14.51623635875876
1055,17140.68227132117,17140.682367845,17140.682367845,17140.682909746,17140.696537206,1,COMPLETED,True,baseline_5,95,0.09652382868807763,0.5419010012701619,13.627460000861902,14.265884830820141
1056,17140.734666468685,17140.734756611,17140.734756611,17140.735348177,17140.752117718,0,COMPLETED,True,baseline_5,96,0.09014231545734219,0.5915660003665835,16.769540998211596,17.451249314035522
1057,17140.760260379593,17140.760371207,17140.760371207,17140.761130166,17140.781594109,3,COMPLETED,True,baseline_5,97,0.11082740820711479,0.7589589986309875,20.46394300123211,21.333729408070212
1058,17140.764076093106,17140.764209849,17140.764209849,17140.764903709,17140.783820677,2,COMPLETED,True,baseline_5,98,0.13375589333008975,0.6938600017747376,18.916967997938627,19.744583893043455
1059,17140.76717145657,17140.767305255,17140.767305255,17140.767996443,17140.787267589,1,COMPLETED,True,baseline_5,99,0.13379843221628107,0.6911879972903989,19.271146000392037,20.096132429898717
1060,17140.77203179406,17140.772182341,17140.772182341,17140.772970056,17140.791801794,0,COMPLETED,True,baseline_5,100,0.15054694085847586,0.7877150019339751,18.831737997970777,19.769999940763228
1061,17140.78374800107,17140.783909199,17140.783909199,17140.784913092,17140.804676212,3,COMPLETED,True,baseline_5,101,0.16119792780955322,1.0038930013251957,19.76311999897007,20.928210928104818
1062,17140.7875817493,17140.788121324,17140.788121324,17140.788964681,17140.808264979,2,COMPLETED,True,baseline_5,102,0.539574699359946,0.843357000121614,19.300298001326155,20.683229700807715
1063,17140.811734641324,17140.811985284,17140.811985284,17140.812809391,17140.831274465,1,COMPLETED,True,baseline_5,103,0.2506426753825508,0.8241070026997477,18.465073997504078,19.539823675586376
1064,17140.8188645924,17140.819023182,17140.819023182,17140.81975416,17140.836096539,0,COMPLETED,True,baseline_5,104,0.15858960250625387,0.7309779975912534,16.3423789999797,17.231946600077208
1065,17140.82671027324,17140.826868403,17140.826868403,17140.827646667,17140.846641501,3,COMPLETED,True,baseline_5,105,0.15812976198503748,0.7782639986544382,18.994834001205163,19.93122776184464
1066,17140.849972005624,17140.850058299,17140.850058299,17140.850724602,17140.868622316,2,COMPLETED,True,baseline_5,106,0.08629337389720604,0.6663030035269912,17.897713998536346,18.650310375960544
1067,17140.878864041344,17140.878950861,17140.878950861,17140.879579549,17140.898379805,1,COMPLETED,True,baseline_5,107,0.08681965482537635,0.6286880015977658,18.800255998939974,19.515763655363116
1068,17140.891335030923,17140.891449607,17140.891449607,17140.89191989,17140.905078246,0,COMPLETED,True,baseline_5,108,0.11457607615739107,0.4702830010501202,13.158355999621563,13.743215076829074
1069,17140.91533930213,17140.915447161,17140.915447161,17140.915944054,17140.929050676,3,COMPLETED,True,baseline_5,109,0.10785887207021005,0.49689299703459255,13.106622001942014,13.711373871046817
1070,17140.94326230075,17140.943441127,17140.943441127,17140.944416009,17140.963815813,2,COMPLETED,True,baseline_5,110,0.1788262525224127,0.9748819975357037,19.399804001295706,20.553512251353823
1071,17140.97638404389,17140.976469936,17140.976469936,17140.977402918,17140.997203252,1,COMPLETED,True,baseline_5,111,0.08589210847276263,0.9329820022685453,19.800334001047304,20.819208111788612
1072,17140.991594059964,17140.991709668,17140.991709668,17140.992559087,17141.009096033,0,COMPLETED,True,baseline_5,112,0.11560803613974713,0.849419000587659,16.536946000996977,17.501973037724383
1073,17141.066572869866,17141.066831609,17141.066831609,17141.067899375,17141.087117076,3,COMPLETED,True,baseline_5,113,0.2587391354609281,1.0677659993234556,19.217700999433873,20.544206134218257
1074,17141.070736844504,17141.071087204,17141.071087204,17141.07198721,17141.092520943,2,COMPLETED,True,baseline_5,114,0.3503594962239731,0.9000060017569922,20.533732997137122,21.784098495118087
1075,17141.07802576219,17141.078185736,17141.078185736,17141.079201066,17141.099361957,1,COMPLETED,True,baseline_5,115,0.1599738134245854,1.0153299990633968,20.160890999250114,21.336194811738096
1076,17141.099084366866,17141.099319617,17141.099319617,17141.100346813,17141.119643028,0,COMPLETED,True,baseline_5,116,0.23525013239122927,1.0271960018144455,19.296214999485528,20.558661133691203
1077,17141.12442174863,17141.12458137,17141.12458137,17141.125526205,17141.144775435,3,COMPLETED,True,baseline_5,117,0.15962136967573315,0.9448349992453586,19.249230001150863,20.353686370071955
1078,17141.13280773497,17141.132968284,17141.132968284,17141.133847477,17141.153425807,2,COMPLETED,True,baseline_5,118,0.1605490288056899,0.8791929976723623,19.578330000513233,20.618072026991285
1079,17141.1424322848,17141.142594028,17141.142594028,17141.143224139,17141.156884361,1,COMPLETED,True,baseline_5,119,0.16174319898709655,0.6301110006461386,13.660222000908107,14.452076200541342
1080,17141.204017973025,17141.204111972,17141.204111972,17141.204652731,17141.222732211,0,COMPLETED,True,baseline_5,0,0.093998976808507,0.540758999704849,18.079479999869363,18.71423797638272
1081,17141.238200672055,17141.238300792,17141.238300792,17141.238832682,17141.252545997,3,COMPLETED,True,baseline_5,1,0.10011994527303614,0.5318900002748705,13.713314998312853,14.34532494386076
1082,17141.268546542837,17141.268636284,17141.268636284,17141.269556885,17141.287892828,2,COMPLETED,True,baseline_5,2,0.0897411628102418,0.9206009999616072,18.335943001147825,19.346285163919674
1083,17141.288092412753,17141.288211438,17141.288211438,17141.288901827,17141.303841287,1,COMPLETED,True,baseline_5,3,0.11902524784090929,0.6903889989189338,14.939460001187399,15.748874247947242
1084,17141.299165982797,17141.299310294,17141.299310294,17141.299863808,17141.316604357,0,COMPLETED,True,baseline_5,4,0.1443112050765194,0.5535139971470926,16.74054900286137,17.438374205084983
1085,17141.36782047562,17141.36791164,17141.36791164,17141.36869474,17141.382807239,3,COMPLETED,True,baseline_5,5,0.09116438013734296,0.7830999966245145,14.112499000475509,14.986763377237367
1086,17141.491028574404,17141.491191473,17141.491191473,17141.492502729,17141.513440566,2,COMPLETED,True,baseline_5,6,0.16289859559037723,1.3112560009176377,20.93783699820051,22.411991594708525
1087,17141.52506401097,17141.525247686,17141.525247686,17141.52632214,17141.546135764,1,COMPLETED,True,baseline_5,7,0.18367503071203828,1.0744539977167733,19.813624003290897,21.07175303171971
1088,17141.531693718294,17141.531828909,17141.531828909,17141.532774732,17141.551742753,0,COMPLETED,True,baseline_5,8,0.1351907048956491,0.9458230015297886,18.968020998727297,20.049034705152735
1089,17141.540968079706,17141.541099575,17141.541099575,17141.541857713,17141.559934598,3,COMPLETED,True,baseline_5,9,0.13149529331712984,0.7581380014016759,18.076885000482434,18.96651829520124
1090,17141.577115721942,17141.577211536,17141.577211536,17141.578295093,17141.598297358,2,COMPLETED,True,baseline_5,10,0.09581405902281404,1.0835569992195815,20.002264998765895,21.18163605700829
1091,17141.58275745834,17141.582855735,17141.582855735,17141.583739003,17141.602250096,1,COMPLETED,True,baseline_5,11,0.09827665780903772,0.8832679995975923,18.511092999688117,19.492637657094747
1092,17141.623416742394,17141.623507928,17141.623507928,17141.624391459,17141.644066585,0,COMPLETED,True,baseline_5,12,0.09118560774368234,0.8835309999994934,19.675125997309806,20.64984260505298
1093,17141.63848626253,17141.638587099,17141.638587099,17141.639244139,17141.657346626,3,COMPLETED,True,baseline_5,13,0.1008364706649445,0.6570400000782683,18.102486999850953,18.860363470594166
1094,17141.64248222505,17141.642573635,17141.642573635,17141.643229892,17141.660939291,2,COMPLETED,True,baseline_5,14,0.09140995098277926,0.6562570015375968,17.709398998704273,18.45706595122465
1095,17141.64633426031,17141.646425643,17141.646425643,17141.647021319,17141.661833271,1,COMPLETED,True,baseline_5,15,0.09138269160757773,0.5956759996479377,14.81195199812646,15.499010689381976
1096,17141.648837544366,17141.648995741,17141.648995741,17141.649747016,17141.668833803,0,COMPLETED,True,baseline_5,16,0.15819663531146944,0.751274998037843,19.086787000560435,19.996258633909747
1097,17141.69735832062,17141.697480283,17141.697480283,17141.698237813,17141.717452293,3,COMPLETED,True,baseline_5,17,0.1219623809447512,0.7575300005555619,19.214479998481693,20.093972379982006
1098,17141.73866540714,17141.738754124,17141.738754124,17141.739299166,17141.754778377,2,COMPLETED,True,baseline_5,18,0.08871685713529587,0.5450420030683745,15.479210997000337,16.112969857204007
1099,17141.741260006784,17141.741447717,17141.741447717,17141.741979384,17141.755862259,1,COMPLETED,True,baseline_5,19,0.18771021495922469,0.5316670030879322,13.882874998671468,14.602252216718625
1100,17141.746245737755,17141.74641296,17141.74641296,17141.747373901,17141.76577901,0,COMPLETED,True,baseline_5,20,0.16722224609111436,0.9609409971744753,18.40510900001391,19.533272243279498
1101,17141.75487693778,17141.755136426,17141.755136426,17141.755996489,17141.775970205,3,COMPLETED,True,baseline_5,21,0.2594882207631599,0.8600629989814479,19.97371600009501,21.093267219839618
1102,17141.758415012755,17141.758548473,17141.758548473,17141.758980256,17141.772405624,2,COMPLETED,True,baseline_5,22,0.13346024570637383,0.43178299893043004,13.425368000753224,13.990611245390028
1103,17141.80412308981,17141.804215527,17141.804215527,17141.80469851,17141.822219385,1,COMPLETED,True,baseline_5,23,0.09243719250662252,0.48298299952875823,17.52087500062771,18.096295192663092
1104,17141.81304515306,17141.813134731,17141.813134731,17141.813583156,17141.82920546,0,COMPLETED,True,baseline_5,24,0.08957794125308283,0.4484249984670896,15.62230399940745,16.160306939127622
1105,17141.82579259007,17141.825883179,17141.825883179,17141.826413656,17141.845694807,2,COMPLETED,True,baseline_5,25,0.0905889319255948,0.5304769983922597,19.281151002360275,19.90221693267813
1106,17141.86105030606,17141.861158626,17141.861158626,17141.861930915,17141.880874162,3,COMPLETED,True,baseline_5,26,0.10831994222826324,0.7722890004515648,18.943246999697294,19.823855942377122
1107,17141.8713945934,17141.871559374,17141.871559374,17141.872369657,17141.89121838,1,COMPLETED,True,baseline_5,27,0.16478060206281953,0.8102829997369554,18.848722997063305,19.82378659886308
1108,17141.935896426345,17141.936128771,17141.936128771,17141.9372165,17141.957316402,0,COMPLETED,True,baseline_5,28,0.23234465697896667,1.0877289969357662,20.09990200167522,21.41997565558995
1109,17141.976651608817,17141.976799289,17141.976799289,17141.977648815,17141.995690913,2,COMPLETED,True,baseline_5,29,0.14768018445465714,0.8495259971823543,18.042098003206775,19.039304184843786
1110,17141.989630817036,17141.989904621,17141.989904621,17141.990967256,17142.010607122,3,COMPLETED,True,baseline_5,30,0.273803965683328,1.0626349976519123,19.639866000943584,20.976304964278825
1111,17141.998455701738,17141.998606898,17141.998606898,17141.999516766,17142.01909779,1,COMPLETED,True,baseline_5,31,0.15119626186788082,0.9098680020542815,19.58102399657946,20.642088260501623
1112,17142.013275628735,17142.013425493,17142.013425493,17142.014325212,17142.031710615,0,COMPLETED,True,baseline_5,32,0.1498642668593675,0.8997189979709219,17.38540299993474,18.43498626476503
1113,17142.049663569258,17142.049754145,17142.049754145,17142.050469515,17142.06366924,2,COMPLETED,True,baseline_5,33,0.09057574061444029,0.7153700025810394,13.199724999140017,14.005670742335496
1114,17142.079294693693,17142.079393977,17142.079393977,17142.080080393,17142.093898988,3,COMPLETED,True,baseline_5,34,0.09928330837283283,0.686415998643497,13.818595001794165,14.604294308810495
1115,17142.080373492325,17142.080470781,17142.080470781,17142.08107292,17142.100333814,1,COMPLETED,True,baseline_5,35,0.09728867371450178,0.6021389999659732,19.26089400149067,19.960321675171144
1116,17142.095815511115,17142.095917832,17142.095917832,17142.096650246,17142.115228036,0,COMPLETED,True,baseline_5,36,0.10232088607153855,0.7324139987758826,18.577790000563255,19.412524885410676
1117,17142.10881818391,17142.108906292,17142.108906292,17142.109718594,17142.12882668,2,COMPLETED,True,baseline_5,37,0.08810808867565356,0.8123020015773363,19.108085998595925,20.008496088848915
1118,17142.1373675397,17142.137454955,17142.137454955,17142.137901509,17142.154724039,3,COMPLETED,True,baseline_5,38,0.08741529745748267,0.44655400051851757,16.822530000354163,17.356499298330164
1119,17142.1475483131,17142.147735933,17142.147735933,17142.148729328,17142.168511165,1,COMPLETED,True,baseline_5,39,0.18761989849735983,0.9933950022968929,19.781836999754887,20.96285190054914
1120,17142.152777181425,17142.152908747,17142.152908747,17142.153555599,17142.172939409,0,COMPLETED,True,baseline_5,40,0.13156557542970404,0.6468520005000755,19.383809998544166,20.162227574473945
1121,17142.164333910558,17142.164484871,17142.164484871,17142.165057339,17142.181935599,2,COMPLETED,True,baseline_5,41,0.15096044080564752,0.5724680013372563,16.878260001249146,17.60168844339205
1122,17142.16557696512,17142.165706717,17142.165706717,17142.16621712,17142.18511055,3,COMPLETED,True,baseline_5,42,0.1297518829233013,0.5104029987705871,18.893429998570355,19.533584880264243
1123,17142.218141113644,17142.218411417,17142.218411417,17142.219261551,17142.238393552,1,COMPLETED,True,baseline_5,43,0.27030335695599206,0.8501339980284683,19.132001001707977,20.252438356692437
1124,17142.222973267068,17142.223060738,17142.223060738,17142.223860798,17142.24270824,0,COMPLETED,True,baseline_5,44,0.08747093306737952,0.8000599991646595,18.84744199924171,19.73497293147375
1125,17142.250485814264,17142.250578269,17142.250578269,17142.25128524,17142.265194486,2,COMPLETED,True,baseline_5,45,0.09245473484043032,0.7069710009091068,13.909246001276188,14.708671737025725
1126,17142.25158018727,17142.25175331,17142.25175331,17142.252353246,17142.271201561,3,COMPLETED,True,baseline_5,46,0.1731227312120609,0.599936000071466,18.84831500137807,19.621373732661596
1127,17142.252655967663,17142.252782932,17142.252782932,17142.253347994,17142.267625235,1,COMPLETED,True,baseline_5,47,0.1269643362320494,0.5650620005326346,14.277240999945207,14.96926733670989
1128,17142.26889293425,17142.269022271,17142.269022271,17142.269565793,17142.283084633,0,COMPLETED,True,baseline_5,48,0.12933674952364527,0.5435220009530894,13.51883999814163,14.191698748618364
1129,17142.31190278028,17142.31204217,17142.31204217,17142.312805835,17142.325846149,2,COMPLETED,True,baseline_5,49,0.13938972188043408,0.76366500070435,13.040313999226782,13.943368721811567
1130,17142.32219782121,17142.322308337,17142.322308337,17142.323297618,17142.342951755,1,COMPLETED,True,baseline_5,50,0.11051578985643573,0.9892810012388509,19.654136998724425,20.753933789819712
1131,17142.335728608607,17142.335879209,17142.335879209,17142.336756462,17142.355396316,3,COMPLETED,True,baseline_5,51,0.15060039368108846,0.8772529981797561,18.63985400268575,19.667707394546596
1132,17142.4072604945,17142.407411589,17142.407411589,17142.408433197,17142.428490272,0,COMPLETED,True,baseline_5,52,0.15109450032468885,1.021608000883134,20.05707499847631,21.229777499684133
1133,17142.41893064001,17142.419086539,17142.419086539,17142.42010193,17142.439932863,2,COMPLETED,True,baseline_5,53,0.1558989897603169,1.0153910006920341,19.830932997138007,21.002222987590358
1134,17142.43288089457,17142.433040708,17142.433040708,17142.433952576,17142.452315868,1,COMPLETED,True,baseline_5,54,0.15981343312887475,0.9118679990933742,18.363291997957276,19.434973430179525
1135,17142.44554764077,17142.445686671,17142.445686671,17142.44669366,17142.465923894,3,COMPLETED,True,baseline_5,55,0.1390302277286537,1.0069890013255645,19.23023400013335,20.37625322918757
1136,17142.448065895813,17142.448221023,17142.448221023,17142.449014311,17142.465082206,0,COMPLETED,True,baseline_5,56,0.1551271889184136,0.7932879998406861,16.0678949978319,17.016310186591
1137,17142.477916232907,17142.478077268,17142.478077268,17142.479024236,17142.495474601,2,COMPLETED,True,baseline_5,57,0.1610350918781478,0.9469680007896386,16.450365001219325,17.55836809388711
1138,17142.49448018293,17142.494596399,17142.494596399,17142.49558985,17142.514622448,1,COMPLETED,True,baseline_5,58,0.1162160697276704,0.9934510017046705,19.03259800019441,20.142265071626753
1139,17142.699830273803,17142.699995697,17142.699995697,17142.701180672,17142.721868873,0,COMPLETED,True,baseline_5,59,0.16542319644941017,1.1849750007968396,20.688200998847606,22.038599196093855
1140,17142.702637920724,17142.702796228,17142.702796228,17142.703681193,17142.724385112,3,COMPLETED,True,baseline_5,60,0.15830727716092952,0.8849650002957787,20.70391899906099,21.747191276517697
1141,17142.71405208181,17142.714095626,17142.714095626,17142.715160639,17142.735416006,2,COMPLETED,True,baseline_5,61,0.043544190702959895,1.0650129988789558,20.255366998753743,21.36392418833566
1142,17142.72752098484,17142.7276444,17142.7276444,17142.72861206,17142.747873981,1,COMPLETED,True,baseline_5,62,0.12341516048763879,0.9676599984231871,19.261920999269933,20.35299615818076
1143,17142.730907222962,17142.731073024,17142.731073024,17142.731639439,17142.749505721,0,COMPLETED,True,baseline_5,63,0.16580103692831472,0.56641500123078,17.86628199988627,18.598498038045364
1144,17142.75122175407,17142.751317644,17142.751317644,17142.7519589,17142.767172079,3,COMPLETED,True,baseline_5,64,0.09588992907083593,0.6412559996533673,15.213178998237709,15.950324926961912
1145,17142.75867369887,17142.758812222,17142.758812222,17142.759307556,17142.772616248,2,COMPLETED,True,baseline_5,65,0.13852312986273319,0.4953339994244743,13.308691999554867,13.942549128842074
1146,17142.806240243757,17142.806410351,17142.806410351,17142.807227821,17142.822651668,1,COMPLETED,True,baseline_5,66,0.17010724332067184,0.817469997855369,15.4238470022392,16.41142424341524
1147,17142.80899542867,17142.809086933,17142.809086933,17142.809817041,17142.827820068,0,COMPLETED,True,baseline_5,67,0.09150433106697164,0.730108000425389,18.00302699848544,18.8246393299778
1148,17142.814612901315,17142.814724616,17142.814724616,17142.815444357,17142.830503996,3,COMPLETED,True,baseline_5,68,0.1117146857723128,0.7197409977379721,15.059639001265168,15.891094684775453
1149,17142.84845799993,17142.848613394,17142.848613394,17142.849352696,17142.868375597,2,COMPLETED,True,baseline_5,69,0.15539406740572304,0.7393020023300778,19.022901000425918,19.91759707016172
1150,17142.862005908206,17142.862128201,17142.862128201,17142.862804015,17142.880327764,1,COMPLETED,True,baseline_5,70,0.1222927930939477,0.675814000715036,17.523749000247335,18.32185579405632
1151,17142.871415671245,17142.871501717,17142.871501717,17142.872416053,17142.890626947,0,COMPLETED,True,baseline_5,71,0.08604575486970134,0.9143360002781264,18.21089399891207,19.211275754059898
1152,17142.874807737586,17142.874969599,17142.874969599,17142.87573239,17142.895242262,3,COMPLETED,True,baseline_5,72,0.161861415108433,0.762790998123819,19.509871999616735,20.434524412848987
1153,17142.9135551692,17142.91367581,17142.91367581,17142.914372123,17142.928116382,2,COMPLETED,True,baseline_5,73,0.12064079783158377,0.6963129999348894,13.744259002123727,14.5612127998902
1154,17142.992946496997,17142.993118636,17142.993118636,17142.994097275,17143.013859868,1,COMPLETED,True,baseline_5,74,0.17213900355272926,0.978639000095427,19.762592997722095,20.91337100137025
1155,17143.00887615423,17143.009090515,17143.009090515,17143.009899371,17143.028231784,0,COMPLETED,True,baseline_5,75,0.21436077076941729,0.8088560025498737,18.332412997551728,19.35562977087102
1156,17143.030325204843,17143.030470432,17143.030470432,17143.031325844,17143.04923746,3,COMPLETED,True,baseline_5,76,0.14522715719067492,0.8554119995096698,17.911615999764763,18.912255156465108
1157,17143.034040047805,17143.034189159,17143.034189159,17143.035027229,17143.054948003,2,COMPLETED,True,baseline_5,77,0.14911119433236308,0.8380700019188225,19.92077399700065,20.907955193251837
1158,17143.05231169803,17143.052478192,17143.052478192,17143.0533298,17143.072364979,1,COMPLETED,True,baseline_5,78,0.1664939700276591,0.8516080015397165,19.03517900063889,20.053280972206267
1159,17143.129806014203,17143.129972635,17143.129972635,17143.131025779,17143.151033223,0,COMPLETED,True,baseline_5,79,0.16662079724483192,1.0531439984333701,20.00744399992982,21.22720879560802
1160,17143.16000697116,17143.160260211,17143.160260211,17143.161136484,17143.179186335,3,COMPLETED,True,baseline_5,80,0.25323983936687,0.8762729994487017,18.049851001705974,19.179363840521546
1161,17143.205582316754,17143.205770962,17143.205770962,17143.206635798,17143.227043639,2,COMPLETED,True,baseline_5,81,0.1886452446342446,0.8648360017105006,20.40784099881421,21.461322245158954
1162,17143.224402847172,17143.224565804,17143.224565804,17143.225625741,17143.24555199,1,COMPLETED,True,baseline_5,82,0.16295682871714234,1.059936999808997,19.926248998672236,21.149142827198375
1163,17143.2624347095,17143.262598999,17143.262598999,17143.263461155,17143.278575311,0,COMPLETED,True,baseline_5,83,0.1642895003897138,0.8621559973107651,15.114156001800438,16.140601499500917
1164,17143.26812882562,17143.268288373,17143.268288373,17143.268999969,17143.286587681,3,COMPLETED,True,baseline_5,84,0.15954738046275452,0.7115959997463506,17.587711998203304,18.45885537841241
1165,17143.27857207422,17143.278701274,17143.278701274,17143.279471999,17143.29663625,2,COMPLETED,True,baseline_5,85,0.12919977962155826,0.7707250006205868,17.164250999485375,18.06417577972752
1166,17143.320017175854,17143.320135533,17143.320135533,17143.320726388,17143.339389513,1,COMPLETED,True,baseline_5,86,0.11835714394692332,0.5908550010644831,18.663124999875436,19.372337144886842
1167,17143.325730648234,17143.325847055,17143.325847055,17143.326264505,17143.339436043,0,COMPLETED,True,baseline_5,87,0.11640676530078053,0.41745000271475874,13.171537997550331,13.70539476556587
1168,17143.352122485,17143.352253355,17143.352253355,17143.352903997,17143.371011952,3,COMPLETED,True,baseline_5,88,0.1308699975197669,0.650642003165558,18.107954998413334,18.88946699909866
1169,17143.364137913835,17143.364227564,17143.364227564,17143.364827652,17143.382677033,2,COMPLETED,True,baseline_5,89,0.08965016604634002,0.6000879984640051,17.849381001724396,18.53911916623474
1170,17143.402707806017,17143.402882146,17143.402882146,17143.403821247,17143.423237657,1,COMPLETED,True,baseline_5,90,0.17433998436899856,0.939100998948561,19.41640999939409,20.52985098271165
1171,17143.40343246825,17143.403519633,17143.403519633,17143.404124812,17143.422953639,0,COMPLETED,True,baseline_5,91,0.08716474985703826,0.6051790005585644,18.828827000106685,19.521170750522288
1172,17143.441920433568,17143.442075966,17143.442075966,17143.442832528,17143.462012746,3,COMPLETED,True,baseline_5,92,0.15553243065369315,0.7565619998786133,19.180218001565663,20.09231243209797
1173,17143.44965884731,17143.449818991,17143.449818991,17143.450406134,17143.469375345,2,COMPLETED,True,baseline_5,93,0.16014369248296134,0.5871430003026035,18.96921099978499,19.716497692570556
1174,17143.486766647246,17143.486927358,17143.486927358,17143.487782021,17143.506551517,0,COMPLETED,True,baseline_5,94,0.16071075515355915,0.8546629978809506,18.769496000459185,19.784869753493695
1175,17143.547895348445,17143.54808305,17143.54808305,17143.549011535,17143.568931441,1,COMPLETED,True,baseline_5,95,0.187701552931685,0.9284850020776503,19.91990600072313,21.036092555732466
1176,17143.571855824455,17143.57204797,17143.57204797,17143.573028644,17143.592839372,3,COMPLETED,True,baseline_5,96,0.19214554413338192,0.9806740017666016,19.81072799753747,20.983547543437453
1177,17143.642075626933,17143.642328352,17143.642328352,17143.643099938,17143.660716712,2,COMPLETED,True,baseline_5,97,0.25272506900364533,0.7715859974268824,17.616773999179713,18.64108506561024
1178,17143.664710358666,17143.664868275,17143.664868275,17143.665740858,17143.680894372,0,COMPLETED,True,baseline_5,98,0.15791633268236183,0.8725830011826474,15.153513999393908,16.184013333258918
1179,17143.671962314645,17143.672147051,17143.672147051,17143.672855327,17143.691231762,1,COMPLETED,True,baseline_5,99,0.18473635282134637,0.7082760021148715,18.37643500039121,19.26944735532743
1180,17143.686666276964,17143.68683662,17143.68683662,17143.687675644,17143.706652667,3,COMPLETED,True,baseline_5,100,0.17034303527907468,0.8390240000153426,18.977022999024484,19.9863900343189
1181,17143.77896122858,17143.779064673,17143.779064673,17143.779666521,17143.793536766,2,COMPLETED,True,baseline_5,101,0.10344441761844791,0.6018480016791727,13.870244998543058,14.575537417840678
1182,17143.79415134566,17143.794259109,17143.794259109,17143.795055205,17143.808513591,0,COMPLETED,True,baseline_5,102,0.10776333874673583,0.7960959992487915,13.458386001730105,14.362245339725632
1183,17143.828776512524,17143.829019453,17143.829019453,17143.829935478,17143.848050741,1,COMPLETED,True,baseline_5,103,0.24294047398143448,0.9160250010609161,18.11526299934485,19.2742284743872
1184,17143.84440979227,17143.844620502,17143.844620502,17143.845427848,17143.863535703,3,COMPLETED,True,baseline_5,104,0.2107097316184081,0.8073459976003505,18.107855001289863,19.125910730508622
1185,17143.85257596771,17143.852733759,17143.852733759,17143.85365171,17143.873404004,2,COMPLETED,True,baseline_5,105,0.15779128807480447,0.9179510016110726,19.75229399977252,20.828036289458396
1186,17143.879291044017,17143.879448915,17143.879448915,17143.88027338,17143.897815823,0,COMPLETED,True,baseline_5,106,0.15787098163855262,0.8244650016422383,17.542442998092156,18.524778981372947
1187,17143.889551585416,17143.889707239,17143.889707239,17143.890471945,17143.908580518,1,COMPLETED,True,baseline_5,107,0.15565358262392692,0.7647060010640416,18.10857300006319,19.028932583751157
1188,17143.903939752632,17143.904109805,17143.904109805,17143.904961896,17143.924540527,3,COMPLETED,True,baseline_5,108,0.17005236804834567,0.8520910014340188,19.578630999603774,20.60077436908614
1189,17143.98113849395,17143.981302104,17143.981302104,17143.982275688,17144.00241406,2,COMPLETED,True,baseline_5,109,0.1636100496398285,0.9735839994391426,20.138372001383686,21.275566050462658
1190,17143.983773674623,17143.983899796,17143.983899796,17143.984521735,17144.003767019,0,COMPLETED,True,baseline_5,110,0.12612137652467936,0.6219390015758108,19.245283998316154,19.993344376416644
1191,17144.031622898772,17144.031778453,17144.031778453,17144.032578226,17144.05182168,1,COMPLETED,True,baseline_5,111,0.15555422942270525,0.7997729990165681,19.243454000388738,20.19878122882801
1192,17144.034984299204,17144.035141359,17144.035141359,17144.036090944,17144.056250666,3,COMPLETED,True,baseline_5,112,0.15705979603808373,0.9495849990344141,20.159722000244074,21.26636679531657
1193,17144.037188153634,17144.037336098,17144.037336098,17144.037995359,17144.056784083,2,COMPLETED,True,baseline_5,113,0.14794436719967052,0.6592610006919131,18.788723999023205,19.59592936691479
1194,17144.040526851622,17144.040742921,17144.040742921,17144.041611521,17144.060765006,0,COMPLETED,True,baseline_5,114,0.21606937661999837,0.8686000001034699,19.153485001879744,20.238154378603213
1195,17144.05382717368,17144.054078124,17144.054078124,17144.054905364,17144.072633383,1,COMPLETED,True,baseline_5,115,0.2509503210603725,0.8272399973066058,17.728019000060158,18.806209318427136
1196,17144.07303235224,17144.07314293,17144.07314293,17144.073976687,17144.089121654,3,COMPLETED,True,baseline_5,116,0.11057775918743573,0.8337569997820538,15.144967001106124,16.089301760075614
1197,17144.07947759364,17144.079594351,17144.079594351,17144.080130042,17144.093690073,2,COMPLETED,True,baseline_5,117,0.11675735731841996,0.5356910005502868,13.56003100227099,14.212479360139696
1198,17144.110492352913,17144.110601187,17144.110601187,17144.111333759,17144.129667487,0,COMPLETED,True,baseline_5,118,0.1088340868591331,0.7325719998334534,18.333727999561233,19.17513408625382
1199,17144.112354876976,17144.112576511,17144.112576511,17144.11297788,17144.12688522,1,COMPLETED,True,baseline_5,119,0.22163402536534704,0.40136899770004675,13.907340002333513,14.530343025398906
1200,17144.116901647743,17144.11701754,17144.11701754,17144.117535394,17144.132119415,3,COMPLETED,True,baseline_5,0,0.11589225687202998,0.5178540013730526,14.584020998881897,15.21776725712698
1201,17144.117023453055,17144.117094756,17144.117094756,17144.11774546,17144.137118286,2,COMPLETED,True,baseline_5,1,0.07130294397938997,0.6507040016003884,19.372825998289045,20.094832943868823
1202,17144.169526692698,17144.169663311,17144.169663311,17144.170463629,17144.18915035,1,COMPLETED,True,baseline_5,2,0.136618302349234,0.8003180009836797,18.68672099953983,19.623657302872743
1203,17144.214871149346,17144.214979906,17144.214979906,17144.215960516,17144.235670676,0,COMPLETED,True,baseline_5,3,0.10875665248022415,0.9806100024434272,19.710159998794552,20.799526653718203
1204,17144.218082282176,17144.218199615,17144.218199615,17144.218867563,17144.237574403,3,COMPLETED,True,baseline_5,4,0.11733282372006215,0.6679479993181303,18.706840000959346,19.49212082399754
1205,17144.245993053333,17144.246243491,17144.246243491,17144.247166777,17144.266975401,2,COMPLETED,True,baseline_5,5,0.2504376680008136,0.9232859993062448,19.80862399796024,20.982347665267298
1206,17144.27010785175,17144.270293976,17144.270293976,17144.270944111,17144.284782462,1,COMPLETED,True,baseline_5,6,0.18612424901220948,0.6501349998870865,13.83835100205033,14.674610250949627
1207,17144.295616128762,17144.295869321,17144.295869321,17144.296492315,17144.309616459,0,COMPLETED,True,baseline_5,7,0.2531922364141792,0.6229940008779522,13.124143999448279,14.00033023674041
1208,17144.37278651386,17144.37288099,17144.37288099,17144.373867127,17144.39419718,3,COMPLETED,True,baseline_5,8,0.09447613774682395,0.9861370017461013,20.330053001089254,21.41066614058218
1209,17144.40814402944,17144.408399658,17144.408399658,17144.409367527,17144.429074002,2,COMPLETED,True,baseline_5,9,0.25562856171745807,0.9678690003056545,19.70647499911138,20.92997256113449
1210,17144.41433066741,17144.414500956,17144.414500956,17144.415428346,17144.435944037,1,COMPLETED,True,baseline_5,10,0.17028859292622656,0.9273899995605461,20.515690997854108,21.61336959034088
1211,17144.521221966654,17144.521372907,17144.521372907,17144.522389337,17144.542618248,0,COMPLETED,True,baseline_5,11,0.15094034461071715,1.016430000163382,20.228911002050154,21.396281346824253
1212,17144.55216565393,17144.552327522,17144.552327522,17144.553338436,17144.57346555,3,COMPLETED,True,baseline_5,12,0.16186806897167116,1.0109139984706417,20.127113999478752,21.299896066921065
1213,17144.582562311094,17144.582692365,17144.582692365,17144.583697524,17144.602958764,2,COMPLETED,True,baseline_5,13,0.13005390428588726,1.0051590033981483,19.261239998741075,20.39645290642511
1214,17144.639678560423,17144.639934385,17144.639934385,17144.640918342,17144.65909613,1,COMPLETED,True,baseline_5,14,0.25582457601558417,0.9839570011536125,18.177787998865824,19.41756957603502
1215,17144.648729098786,17144.648986279,17144.648986279,17144.650004253,17144.670146576,0,COMPLETED,True,baseline_5,15,0.2571802142483648,1.0179739983868785,20.142323002801277,21.41747721543652
1216,17144.66141868198,17144.661573291,17144.661573291,17144.662399976,17144.675626581,3,COMPLETED,True,baseline_5,16,0.1546090206829831,0.8266850018117111,13.226604998635594,14.207899021130288
1217,17144.72525625018,17144.725381158,17144.725381158,17144.726401707,17144.745836184,2,COMPLETED,True,baseline_5,17,0.12490781955420971,1.020548999804305,19.434476998867467,20.57993381822598
1218,17144.73181597748,17144.731935514,17144.731935514,17144.732858875,17144.752428737,1,COMPLETED,True,baseline_5,18,0.11953651846852154,0.9233609998773318,19.569862000935245,20.6127595192811
1219,17144.80975722311,17144.809849342,17144.809849342,17144.810774869,17144.828736955,0,COMPLETED,True,baseline_5,19,0.09211889118887484,0.9255270015273709,17.96208599989768,18.979731892613927
1220,17144.832910015735,17144.832943069,17144.832943069,17144.83378826,17144.852345153,3,COMPLETED,True,baseline_5,20,0.03305326390545815,0.8451909998257179,18.556893002823927,19.435137266555103
1221,17144.83328201078,17144.833506431,17144.833506431,17144.834112008,17144.85270063,2,COMPLETED,True,baseline_5,21,0.22442022236646153,0.6055769990780391,18.588621998787858,19.418619220232358
1222,17144.85376521914,17144.853913312,17144.853913312,17144.854609544,17144.870509336,1,COMPLETED,True,baseline_5,22,0.14809285858063959,0.6962320003367495,15.899792000709567,16.744116859626956
1223,17144.857032583124,17144.857177799,17144.857177799,17144.857747965,17144.875844421,0,COMPLETED,True,baseline_5,23,0.14521587581839412,0.5701660011254717,18.096455998602323,18.81183787554619
1224,17144.85932725112,17144.859422453,17144.859422453,17144.860052879,17144.873251353,3,COMPLETED,True,baseline_5,24,0.09520187813905068,0.6304260023171082,13.198474000091664,13.924101880547823
1225,17144.870973953686,17144.871225874,17144.871225874,17144.871831803,17144.885131537,2,COMPLETED,True,baseline_5,25,0.2519203153497074,0.6059289989934769,13.299734000611352,14.157583314954536
1226,17144.88591999623,17144.886103466,17144.886103466,17144.886945121,17144.900899866,1,COMPLETED,True,baseline_5,26,0.18346976867178455,0.8416550008405466,13.954744998045499,14.97986976755783
1227,17144.903079489322,17144.903223113,17144.903223113,17144.903913679,17144.916699126,3,COMPLETED,True,baseline_5,27,0.14362367801368237,0.690566001139814,12.785446997440886,13.619636676594382
1228,17144.926209719662,17144.926297364,17144.926297364,17144.92696728,17144.944787397,0,COMPLETED,True,baseline_5,28,0.08764433732721955,0.6699160003336146,17.820116998336744,18.577677335997578
1229,17144.972137887053,17144.972350135,17144.972350135,17144.973103966,17144.992391698,2,COMPLETED,True,baseline_5,29,0.21224794909358025,0.75383099829196,19.28773200052092,20.25381094790646
1230,17144.97339460064,17144.973551281,17144.973551281,17144.974113131,17144.993681087,1,COMPLETED,True,baseline_5,30,0.15668035848648287,0.5618499999400228,19.56795599835459,20.286486356781097
1231,17144.988375603123,17144.988488909,17144.988488909,17144.989214932,17145.007862312,3,COMPLETED,True,baseline_5,31,0.113305875856895,0.7260230013343971,18.647379998583347,19.48670887577464
1232,17145.04280099731,17145.042875179,17145.042875179,17145.043460541,17145.056555951,0,COMPLETED,True,baseline_5,32,0.07418168752337806,0.5853620023117401,13.095409998641117,13.754953688476235
1233,17145.04939400052,17145.049648202,17145.049648202,17145.050407912,17145.068456252,2,COMPLETED,True,baseline_5,33,0.254201477218885,0.7597100011480507,18.048339999950258,19.062251478317194
1234,17145.07106041437,17145.07121213,17145.07121213,17145.071940834,17145.091576214,1,COMPLETED,True,baseline_5,34,0.15171562699833885,0.7287040025403257,19.635379998362623,20.515799627901288
1235,17145.082354316008,17145.082413279,17145.082413279,17145.082981449,17145.096395725,3,COMPLETED,True,baseline_5,35,0.05896299262531102,0.5681699985871091,13.414275999821257,14.041408991033677
1236,17145.10613933279,17145.106354987,17145.106354987,17145.107272603,17145.126168391,0,COMPLETED,True,baseline_5,36,0.21565421047853306,0.9176159983326215,18.895788001827896,20.02905821063905
1237,17145.172148818965,17145.172355552,17145.172355552,17145.172907601,17145.191404524,2,COMPLETED,True,baseline_5,37,0.20673303515650332,0.5520490012713708,18.49692299947492,19.255705035902793
1238,17145.205630926233,17145.20569638,17145.20569638,17145.206631101,17145.224684701,1,COMPLETED,True,baseline_5,38,0.06545376527355984,0.9347209997940809,18.053600000712322,19.053774765779963
1239,17145.23268630319,17145.232836423,17145.232836423,17145.233549505,17145.251918864,3,COMPLETED,True,baseline_5,39,0.15011981304269284,0.7130819976737257,18.36935900064418,19.2325608113606
1240,17145.255301049914,17145.255461494,17145.255461494,17145.256196103,17145.274318909,0,COMPLETED,True,baseline_5,40,0.16044408766902052,0.7346089987549931,18.12280599915539,19.017859085579403
1241,17145.275521388994,17145.275633075,17145.275633075,17145.276122252,17145.289838397,2,COMPLETED,True,baseline_5,41,0.1116860075853765,0.48917699677986093,13.716145000216784,14.317008004582021
1242,17145.29053331487,17145.290712213,17145.290712213,17145.291201505,17145.311755033,1,COMPLETED,True,baseline_5,42,0.1788981280697044,0.4892920005659107,20.55352800016408,21.221718128799694
1243,17145.29618572981,17145.296323377,17145.296323377,17145.296986784,17145.315220154,3,COMPLETED,True,baseline_5,43,0.13764718823949806,0.6634070014115423,18.233369999506976,19.034424189158017
1244,17145.30562906944,17145.305736503,17145.305736503,17145.306203313,17145.319539046,0,COMPLETED,True,baseline_5,44,0.10743355960585177,0.4668100009439513,13.335732997802552,13.909976558352355
1245,17145.33419741691,17145.334299658,17145.334299658,17145.33488956,17145.34950013,2,COMPLETED,True,baseline_5,45,0.1022410906443838,0.5899019997741561,14.61057000051369,15.30271309093223
1246,17145.359887544884,17145.3599754,17145.3599754,17145.360636299,17145.380406448,1,COMPLETED,True,baseline_5,46,0.08785511454334483,0.6608990006498061,19.77014899966889,20.51890311486204
1247,17145.384184116247,17145.38426941,17145.38426941,17145.384698262,17145.397727342,3,COMPLETED,True,baseline_5,47,0.08529375190846622,0.4288520030968357,13.029079997068038,13.54322575207334
1248,17145.40130700318,17145.401400103,17145.401400103,17145.401956939,17145.419222369,0,COMPLETED,True,baseline_5,48,0.09309982124250382,0.5568359993048944,17.265430000406923,17.91536582095432
1249,17145.426557698902,17145.426807408,17145.426807408,17145.427558297,17145.440550053,2,COMPLETED,True,baseline_5,49,0.24970909726107493,0.750889001210453,12.99175600070157,13.992354099173099
1250,17145.49428840098,17145.494429094,17145.494429094,17145.495442727,17145.515770734,1,COMPLETED,True,baseline_5,50,0.14069302051211707,1.0136329983652104,20.328007001808146,21.482333020685473
1251,17145.498276509174,17145.498459994,17145.498459994,17145.499252744,17145.518985952,3,COMPLETED,True,baseline_5,51,0.1834848262660671,0.7927500009827781,19.733207998797297,20.709442826046143
1252,17145.505978338188,17145.506131833,17145.506131833,17145.507033145,17145.526874675,0,COMPLETED,True,baseline_5,52,0.15349481327575631,0.90131199976895,19.841530000121566,20.896336813166272
1253,17145.51471408523,17145.514974541,17145.514974541,17145.51594886,17145.536072391,2,COMPLETED,True,baseline_5,53,0.2604557703307364,0.9743189984874334,20.12353100144537,21.35830577026354
1254,17145.51716408519,17145.517288468,17145.517288468,17145.518073941,17145.532615598,1,COMPLETED,True,baseline_5,54,0.12438280828064308,0.7854729992686771,14.541657001245767,15.451512808795087
1255,17145.546704565353,17145.54682368,17145.54682368,17145.547683841,17145.563789427,3,COMPLETED,True,baseline_5,55,0.11911464753211476,0.8601609988545533,16.105586000776384,17.084861647163052
1256,17145.549250132917,17145.54934694,17145.54934694,17145.550080827,17145.564234226,0,COMPLETED,True,baseline_5,56,0.09680708171799779,0.7338870018429589,14.15339899904211,14.984093082603067
1257,17145.60465322283,17145.604797585,17145.604797585,17145.60560853,17145.626150454,1,COMPLETED,True,baseline_5,57,0.14436217315960675,0.8109449991025031,20.541924001008738,21.497231173270848
1258,17145.620199158577,17145.620331277,17145.620331277,17145.620928604,17145.639156526,2,COMPLETED,True,baseline_5,58,0.13211842451710254,0.5973269981041085,18.2279219989141,18.95736742153531
1259,17145.628875971153,17145.629002765,17145.629002765,17145.629622685,17145.648897222,3,COMPLETED,True,baseline_5,59,0.12679384599323384,0.6199199997354299,19.274537000455894,20.021250846184557
1260,17145.637565813577,17145.637663072,17145.637663072,17145.638395983,17145.653373311,0,COMPLETED,True,baseline_5,60,0.09725842392072082,0.7329109976126347,14.977328002714785,15.80749742424814
1261,17145.660265893337,17145.660377602,17145.660377602,17145.661367444,17145.677993396,1,COMPLETED,True,burst_5,61,0.11170866127940826,0.9898420030367561,16.625951997411903,17.727502661728067
1262,17145.669508419032,17145.669626971,17145.669626971,17145.670527435,17145.688764865,2,COMPLETED,True,burst_5,62,0.1185519686259795,0.9004639978229534,18.237430002045585,19.256445968494518
1263,17145.679891356915,17145.680098929,17145.680098929,17145.680867375,17145.699912472,3,COMPLETED,True,burst_5,63,0.20757208403665572,0.7684459997108206,19.045097000343958,20.021115084091434
1264,17145.685304902974,17145.685458862,17145.685458862,17145.686327683,17145.70044064,0,COMPLETED,True,burst_5,64,0.15395902664749883,0.8688210000400431,14.112957000179449,15.135737026866991
1265,17145.688011427697,17145.688205664,17145.688205664,17145.688878593,17145.708821727,1,COMPLETED,True,burst_5,65,0.19423630146775395,0.6729289998474997,19.943134000641294,20.810299301956547
1266,17145.701843279847,17145.701962459,17145.701962459,17145.70260917,17145.716110723,2,COMPLETED,True,burst_5,66,0.1191791525343433,0.6467109997174703,13.501552999514388,14.267443151766201
1267,17145.7109302691,17145.711031769,17145.711031769,17145.711825705,17145.72626033,3,COMPLETED,True,burst_5,67,0.10149989975616336,0.7939360002637841,14.434625001740642,15.33006090176059
1268,17145.71127138626,17145.711507036,17145.711507036,17145.711975085,17145.725551978,0,COMPLETED,True,burst_5,68,0.23564974253531545,0.46804899830021895,13.57689300130005,14.280591742135584
1269,17145.716101711867,17145.71620108,17145.71620108,17145.716953208,17145.730432204,1,COMPLETED,True,burst_5,69,0.09936813148669899,0.7521280022046994,13.478995999321342,14.33049213301274
1270,17145.717517917015,17145.717619483,17145.717619483,17145.718089653,17145.731973542,2,COMPLETED,True,burst_5,70,0.10156598364119418,0.47017000179039314,13.883888997952454,14.455624983384041
1271,17145.718980491143,17145.719166406,17145.719166406,17145.725784895,17145.739596545,0,COMPLETED,True,burst_5,71,0.1859148578660097,6.618488998356042,13.811650002026,20.61605385824805
1272,17145.73166170936,17145.73182208,17145.73182208,17145.732465683,17145.746374145,3,COMPLETED,True,burst_5,72,0.16037064051488414,0.6436029980250169,13.908462002291344,14.712435640831245
1273,17145.731695962408,17145.731946611,17145.731946611,17145.732777345,17145.746329917,1,COMPLETED,True,burst_5,73,0.25064859073609114,0.8307340031024069,13.552571999753127,14.633954593591625
1274,17145.740938449748,17145.741089662,17145.741089662,17145.741831137,17145.755854144,2,COMPLETED,True,burst_5,74,0.151212250784738,0.741474999813363,14.023007002833765,14.915694253431866
1275,17145.792751692607,17145.792954181,17145.792954181,17145.793467726,17145.809759464,0,COMPLETED,True,baseline_6,75,0.2024883942794986,0.5135449973749928,16.291738000290934,17.007771391945425
1276,17145.82532706842,17145.825423024,17145.825423024,17145.82607186,17145.845860293,1,COMPLETED,True,baseline_6,76,0.09595558003638871,0.6488359977083746,19.78843300094013,20.533224578684894
1277,17145.828088946528,17145.828234823,17145.828234823,17145.828815075,17145.848182937,3,COMPLETED,True,baseline_6,77,0.14587647092412226,0.5802520026918501,19.36786199803464,20.093990471650613
1278,17145.88727364517,17145.887429801,17145.887429801,17145.888592467,17145.908733187,2,COMPLETED,True,baseline_6,78,0.15615583106409758,1.1626659979810938,20.140720000199508,21.4595418292447
1279,17145.89408090233,17145.894175561,17145.894175561,17145.894903763,17145.909577078,0,COMPLETED,True,baseline_6,79,0.09465866969549097,0.728202001482714,14.673314999527065,15.49617567070527
1280,17145.91398771795,17145.914075901,17145.914075901,17145.914912751,17145.933904398,1,COMPLETED,True,baseline_6,80,0.08818304922897369,0.8368499984499067,18.991647000802914,19.916680048481794
1281,17145.9456276464,17145.945741264,17145.945741264,17145.946378876,17145.964129946,3,COMPLETED,True,baseline_6,81,0.11361759970895946,0.6376119999913499,17.75107000139542,18.50229960109573
1282,17145.94785901633,17145.948073366,17145.948073366,17145.948847163,17145.967223165,2,COMPLETED,True,baseline_6,82,0.21434966765809804,0.7737970008747652,18.376002000877634,19.364148669410497
1283,17145.959423857446,17145.959581649,17145.959581649,17145.960518617,17145.986660414,0,COMPLETED,True,baseline_6,83,0.1577915536472574,0.9369680010422599,26.141796999581857,27.236556554271374
1284,17145.961387284693,17145.961641501,17145.961641501,17145.96259662,17145.988289051,1,COMPLETED,True,baseline_6,84,0.2542163056205027,0.9551190014462918,25.692431001516525,26.90176630858332
1285,17145.963684918323,17145.963871558,17145.963871558,17145.964430199,17145.978458901,3,COMPLETED,True,baseline_6,85,0.18663967784959823,0.558641000679927,14.028702000359772,14.773982678889297
1286,17145.980797565917,17145.980997795,17145.980997795,17145.981681944,17145.994885112,2,COMPLETED,True,baseline_6,86,0.2002290821110364,0.6841489994258154,13.203168000472942,14.087546082009794
1287,17146.040168588563,17146.040326366,17146.040326366,17146.04097246,17146.059060724,3,COMPLETED,True,baseline_6,87,0.15777743828948587,0.6460939985117875,18.088264001562493,18.892135438363766
1288,17146.066733087257,17146.066893194,17146.066893194,17146.067521968,17146.082824112,0,COMPLETED,True,baseline_6,88,0.16010674517019652,0.6287739997787867,15.302143998269457,16.09102474321844
1289,17146.085723519856,17146.085970151,17146.085970151,17146.086982521,17146.106363482,1,COMPLETED,True,baseline_6,89,0.2466311452735681,1.0123699976247735,19.380960999114905,20.639962142013246
1290,17146.09262246872,17146.092829592,17146.092829592,17146.093643529,17146.112384591,2,COMPLETED,True,baseline_6,90,0.20712327750516124,0.8139370002027135,18.74106200193637,19.762122279644245
1291,17146.10946532176,17146.10956025,17146.10956025,17146.110125062,17146.123626617,3,COMPLETED,True,baseline_6,91,0.09492824028711766,0.56481200226699,13.501555000402732,14.16129524295684
1292,17146.197257245763,17146.197406042,17146.197406042,17146.198440074,17146.21924928,0,COMPLETED,True,baseline_6,92,0.14879623631713912,1.0340320004615933,20.809205998375546,21.99203423515428
1293,17146.20745669323,17146.207628019,17146.207628019,17146.208690483,17146.228954244,1,COMPLETED,True,baseline_6,93,0.17132576977019198,1.0624639980960637,20.263761001842795,21.49755076970905
1294,17146.278877100063,17146.279026275,17146.279026275,17146.279811664,17146.293484805,2,COMPLETED,True,baseline_6,94,0.14917493535904214,0.7853890019760001,13.673140998434974,14.607704935770016
1295,17146.318685137994,17146.318835291,17146.318835291,17146.319698664,17146.340115408,3,COMPLETED,True,baseline_6,95,0.15015300596132874,0.8633729994471651,20.416743998794118,21.43027000420261
1296,17146.32063652002,17146.320792497,17146.320792497,17146.321601251,17146.334784039,0,COMPLETED,True,baseline_6,96,0.15597698074998334,0.8087539972621016,13.182788003177848,14.147518981189933
1297,17146.379587338386,17146.379700667,17146.379700667,17146.380200413,17146.394448915,1,COMPLETED,True,baseline_6,97,0.11332861322443932,0.4997460018785205,14.248502000555163,14.861576615658123
1298,17146.37996383573,17146.380051381,17146.380051381,17146.380388976,17146.395062754,2,COMPLETED,True,baseline_6,98,0.08754526788834482,0.3375950000190642,14.673778001451865,15.098918269359274
1299,17146.384029960307,17146.384074511,17146.384074511,17146.384559261,17146.399946434,0,COMPLETED,True,baseline_6,99,0.044550692109623924,0.48475000221515074,15.387172999908216,15.916473694232991
1300,17146.39946320036,17146.399640355,17146.399640355,17146.400493433,17146.413778391,3,COMPLETED,True,baseline_6,100,0.17715464127832092,0.853077999636298,13.284958000440383,14.315190641355002
1301,17146.402001475093,17146.402134613,17146.402134613,17146.402886519,17146.418842564,1,COMPLETED,True,baseline_6,101,0.13313790623215027,0.7519060018239543,15.956044997437857,16.84108890549396
1302,17146.459617651726,17146.459784769,17146.459784769,17146.460712378,17146.479265018,2,COMPLETED,True,baseline_6,102,0.16711727221263573,0.9276090022467542,18.552639998233644,19.647366272693034
1303,17146.46375406927,17146.463881948,17146.463881948,17146.464366501,17146.478938059,0,COMPLETED,True,baseline_6,103,0.12787872765329666,0.4845530020247679,14.571558000170626,15.18398972984869
1304,17146.491583379087,17146.491686099,17146.491686099,17146.492527322,17146.510657301,3,COMPLETED,True,baseline_6,104,0.1027199141390156,0.841222998133162,18.129979001969332,19.07392191424151
1305,17146.50049969929,17146.500634842,17146.500634842,17146.501557216,17146.521252733,1,COMPLETED,True,baseline_6,105,0.13514270904124714,0.9223740016750526,19.695516999490792,20.75303371020709
1306,17146.51146907082,17146.511643332,17146.511643332,17146.512439837,17146.532223359,0,COMPLETED,True,baseline_6,106,0.17426117847207934,0.7965049990161788,19.783522002398968,20.754288179887226
1307,17146.523272253195,17146.523416251,17146.523416251,17146.524276272,17146.540204175,2,COMPLETED,True,baseline_6,107,0.14399780411622487,0.8600210021540988,15.927902997646015,16.93192180391634
1308,17146.54149290509,17146.541674125,17146.541674125,17146.542504329,17146.561474016,3,COMPLETED,True,baseline_6,108,0.18121991161024198,0.8302040005219169,18.96968700020807,19.981110912340228
1309,17146.546021309885,17146.546081214,17146.546081214,17146.546857238,17146.560313857,1,COMPLETED,True,baseline_6,109,0.0599041159148328,0.7760240005154628,13.456618999043712,14.292547115474008
1310,17146.591440503926,17146.591599221,17146.591599221,17146.592437448,17146.610286299,0,COMPLETED,True,baseline_6,110,0.15871707364567555,0.8382269988942426,17.848851002781885,18.845795075321803
1311,17146.59539878387,17146.595525109,17146.595525109,17146.596214594,17146.615389157,2,COMPLETED,True,baseline_6,111,0.12632513244170696,0.6894849975651596,19.17456299997866,19.990373129985528
1312,17146.625466442365,17146.625660247,17146.625660247,17146.626254286,17146.644638501,1,COMPLETED,True,baseline_6,112,0.19380463345441967,0.5940390001342166,18.384214999969117,19.172058633557754
1313,17146.630214081462,17146.630298474,17146.630298474,17146.630717377,17146.643659543,3,COMPLETED,True,baseline_6,113,0.08439253724645823,0.41890300053637475,12.942165998538258,13.44546153632109
1314,17146.6941288489,17146.6942319,17146.6942319,17146.694848812,17146.714632391,0,COMPLETED,True,baseline_6,114,0.103051101177698,0.6169119988044258,19.78357899861294,20.503542098595062
1315,17146.700120365782,17146.700201077,17146.700201077,17146.700649763,17146.714671669,2,COMPLETED,True,baseline_6,115,0.08071121919783764,0.4486859979806468,14.021906001289608,14.551303218468092
1316,17146.71210169403,17146.712260955,17146.712260955,17146.712929519,17146.732074997,3,COMPLETED,True,baseline_6,116,0.1592609696672298,0.6685640000796411,19.145477999700233,19.973302969447104
1317,17146.73827385745,17146.738472119,17146.738472119,17146.739169126,17146.757708925,1,COMPLETED,True,baseline_6,117,0.1982615503948182,0.697007002600003,18.5397989989724,19.435067551967222
1318,17146.75335470642,17146.753544142,17146.753544142,17146.754322745,17146.774148712,0,COMPLETED,True,baseline_6,118,0.18943558097817004,0.7786030000715982,19.825966999633238,20.794005580683006
1319,17146.755630849995,17146.755827468,17146.755827468,17146.756432353,17146.77025621,2,COMPLETED,True,baseline_6,119,0.19661800615722314,0.6048849973012693,13.823856999806594,14.625360003265087
1320,17146.760863963686,17146.761028201,17146.761028201,17146.761809603,17146.776392637,3,COMPLETED,True,baseline_6,0,0.16423731358372606,0.7814019991201349,14.583034000679618,15.528673313383479
1321,17146.769904032066,17146.769929914,17146.769929914,17146.770884672,17146.789585264,1,COMPLETED,True,baseline_6,1,0.025881934561766684,0.9547580011712853,18.700591997912852,19.681231933645904
1322,17146.779658552226,17146.779774509,17146.779774509,17146.780583498,17146.794083296,2,COMPLETED,True,baseline_6,2,0.11595677278819494,0.8089889997791033,13.499798002158059,14.424743774725357
1323,17146.790283644954,17146.790474869,17146.790474869,17146.791014963,17146.803694723,0,COMPLETED,True,baseline_6,3,0.1912240477395244,0.5400939990067855,12.67975999871851,13.41107804546482
1324,17146.821255818784,17146.821394,17146.821394,17146.822013815,17146.839738692,3,COMPLETED,True,baseline_6,4,0.13818121442454867,0.6198150003910996,17.724877001455752,18.4828732162714
1325,17146.84210154554,17146.842193306,17146.842193306,17146.842669919,17146.85819846,1,COMPLETED,True,baseline_6,5,0.09176046296488494,0.47661299686296843,15.528541000094265,16.096914459922118
1326,17146.87931774207,17146.879406394,17146.879406394,17146.880178203,17146.899155147,2,COMPLETED,True,baseline_6,6,0.0886519301275257,0.7718089982517995,18.97694400031469,19.837404928694014
1327,17146.89684785845,17146.896936944,17146.896936944,17146.897591087,17146.916327677,0,COMPLETED,True,baseline_6,7,0.08908554809750058,0.6541430011566263,18.736590001935838,19.479818551189965
1328,17146.937073069483,17146.937096427,17146.937096427,17146.937851503,17146.957471141,3,COMPLETED,True,baseline_6,8,0.023357515601674095,0.7550760019512381,19.61963799840305,20.398071515955962
1329,17146.95749390543,17146.957600204,17146.957600204,17146.958460651,17146.971450505,1,COMPLETED,True,baseline_6,9,0.10629857206367888,0.8604469985584728,12.989853999897605,13.956599570519757
1330,17146.99124957751,17146.991411949,17146.991411949,17146.992307335,17147.012626867,2,COMPLETED,True,baseline_6,10,0.1623714888410177,0.8953860015026294,20.319531999120954,21.3772894894646
1331,17147.00785310771,17147.007939517,17147.007939517,17147.008546495,17147.027656786,0,COMPLETED,True,baseline_6,11,0.0864092908159364,0.6069779992685653,19.110290999378776,19.803678289463278
1332,17147.040239056845,17147.040363659,17147.040363659,17147.040865522,17147.055270564,3,COMPLETED,True,baseline_6,12,0.12460215657483786,0.501862999954028,14.405041998543311,15.031507155072177
1333,17147.102833444453,17147.102895751,17147.102895751,17147.103627937,17147.123837586,1,COMPLETED,True,baseline_6,13,0.06230654616956599,0.7321859993680846,20.209649002936203,21.004141548473854
1334,17147.106034321743,17147.10611953,17147.10611953,17147.106988567,17147.127542132,2,COMPLETED,True,baseline_6,14,0.08520825576852076,0.8690370013937354,20.553564998408547,21.507810255570803
1335,17147.117409699094,17147.117496619,17147.117496619,17147.118247097,17147.137413541,0,COMPLETED,True,baseline_6,15,0.08691990660736337,0.7504780005547218,19.166443998983596,20.00384190614568
1336,17147.195898818885,17147.196051737,17147.196051737,17147.197071372,17147.217418742,3,COMPLETED,True,baseline_6,16,0.15291811359929852,1.0196350012847688,20.34736999848974,21.519923113373807
1337,17147.19911335379,17147.199264136,17147.199264136,17147.200158463,17147.219577146,1,COMPLETED,True,baseline_6,17,0.1507822125859093,0.8943270004238002,19.418682997638825,20.463792210648535
1338,17147.27821637687,17147.27830812,17147.27830812,17147.279060019,17147.297755862,2,COMPLETED,True,baseline_6,18,0.09174312799586914,0.7518989987147506,18.695843002205947,19.539485128916567
1339,17147.329264728392,17147.329531159,17147.329531159,17147.330345552,17147.344800353,0,COMPLETED,True,baseline_6,19,0.2664306084625423,0.8143929990183096,14.454800999374129,15.53562460685498
1340,17147.338603626056,17147.338811016,17147.338811016,17147.339680124,17147.360774927,3,COMPLETED,True,baseline_6,20,0.20738994498969987,0.8691080001881346,21.09480299986899,22.171300945046823
1341,17147.34497071244,17147.34541739,17147.34541739,17147.346059694,17147.373046624,1,COMPLETED,True,baseline_6,21,0.44667756083072163,0.6423039994842838,26.986930002749432,28.075911563064437
1342,17147.364434532246,17147.364586812,17147.364586812,17147.365256166,17147.379447255,2,COMPLETED,True,baseline_6,22,0.15227975382003933,0.6693539980915375,14.191089001542423,15.012722753454
1343,17147.4081297931,17147.408220141,17147.408220141,17147.408715515,17147.425998928,0,COMPLETED,True,baseline_6,23,0.09034789763973095,0.4953740026394371,17.283412998949643,17.86913489922881
1344,17147.470980176673,17147.471157904,17147.471157904,17147.472396644,17147.492049575,3,COMPLETED,True,baseline_6,24,0.1777273282641545,1.2387399983708747,19.652931001473917,21.069398328108946
1345,17147.47278502657,17147.472994979,17147.472994979,17147.473831574,17147.493285463,1,COMPLETED,True,baseline_6,25,0.20995243176002987,0.8365949979634024,19.453888999123592,20.500436428847024
1346,17147.514875257395,17147.514995746,17147.514995746,17147.516050781,17147.535691005,2,COMPLETED,True,baseline_6,26,0.1204886066261679,1.0550349979894236,19.640223999886075,20.815747604501667
1347,17147.569849360225,17147.570098934,17147.570098934,17147.571182562,17147.591081561,0,COMPLETED,True,baseline_6,27,0.24957377536338754,1.0836279980139807,19.898999002180062,21.23220077555743
1348,17147.610590856108,17147.61075518,17147.61075518,17147.611780789,17147.630904085,3,COMPLETED,True,baseline_6,28,0.16432389384135604,1.0256089990434702,19.123295998724643,20.31322889160947
1349,17147.64587772012,17147.646133731,17147.646133731,17147.647158329,17147.667091189,1,COMPLETED,True,baseline_6,29,0.25601088054827414,1.0245980010950007,19.9328599992441,21.213468880887376
1350,17147.658632501058,17147.658804603,17147.658804603,17147.659707087,17147.679782457,2,COMPLETED,True,baseline_6,30,0.17210194346262142,0.9024840001075063,20.075369997357484,21.14995594092761
1351,17147.745696908703,17147.745839635,17147.745839635,17147.746844819,17147.767022309,0,COMPLETED,True,baseline_6,31,0.14272629778133705,1.0051839999505319,20.177489997877274,21.325400295609143
1352,17147.765032389867,17147.765251752,17147.765251752,17147.766323347,17147.786191653,3,COMPLETED,True,baseline_6,32,0.21936213306616992,1.07159500112175,19.868305997079005,21.159263131266925
1353,17147.78480854213,17147.784993902,17147.784993902,17147.785977319,17147.804220274,1,COMPLETED,True,baseline_6,33,0.18535987328505144,0.9834169977693819,18.242955000459915,19.41173187151435
1354,17147.802475404867,17147.802651701,17147.802651701,17147.803521651,17147.821699881,2,COMPLETED,True,baseline_6,34,0.17629613284952939,0.8699499994690996,18.17822999873897,19.2244761310576
1355,17147.843922338347,17147.844051374,17147.844051374,17147.844562454,17147.858243286,0,COMPLETED,True,baseline_6,35,0.12903565220767632,0.5110800011607353,13.680831998499343,14.320947651867755
1356,17147.90066835777,17147.900883735,17147.900883735,17147.901439187,17147.920247413,3,COMPLETED,True,baseline_6,36,0.21537722932407632,0.5554519993893337,18.808225999237038,19.579055227950448
1357,17147.90839534111,17147.908530438,17147.908530438,17147.909356584,17147.928930628,1,COMPLETED,True,baseline_6,37,0.13509688869817182,0.8261460025096312,19.57404399945517,20.535286890662974
1358,17147.915862808313,17147.916106745,17147.916106745,17147.916924322,17147.935327299,2,COMPLETED,True,baseline_6,38,0.24393668718403205,0.8175769980880432,18.40297700255178,19.464490687823854
1359,17147.938949326548,17147.939132452,17147.939132452,17147.940259004,17147.961480108,0,COMPLETED,True,baseline_6,39,0.18312545216758735,1.1265520006418228,21.22110399795929,22.5307814507687
1360,17147.978137411366,17147.978296545,17147.978296545,17147.979259053,17147.998440536,3,COMPLETED,True,baseline_6,40,0.15913363313302398,0.962508001975948,19.181482999556465,20.303124634665437
1361,17148.024659021376,17148.024822871,17148.024822871,17148.025532828,17148.045460614,1,COMPLETED,True,baseline_6,41,0.16384962509619072,0.7099569993442856,19.927786001062486,20.801592625502963
1362,17148.0465321278,17148.046618245,17148.046618245,17148.04733511,17148.066836562,2,COMPLETED,True,baseline_6,42,0.08611720113549381,0.7168650008679833,19.501451999531128,20.304434201534605
1363,17148.068635866228,17148.068776728,17148.068776728,17148.069684584,17148.090309238,0,COMPLETED,True,baseline_6,43,0.14086177179706283,0.9078559996851254,20.62465400013025,21.673371771612437
1364,17148.081348332715,17148.081605521,17148.081605521,17148.082489393,17148.101589339,3,COMPLETED,True,baseline_6,44,0.25718828692333773,0.8838719986670185,19.099945999187184,20.24100628477754
1365,17148.11190076145,17148.111986714,17148.111986714,17148.112999736,17148.132170352,1,COMPLETED,True,baseline_6,45,0.08595254985266365,1.0130219998245593,19.17061600033776,20.269590550014982
1366,17148.15004454858,17148.150145179,17148.150145179,17148.15122907,17148.170459763,2,COMPLETED,True,baseline_6,46,0.10063041918328963,1.0838910020538606,19.230693000281462,20.415214421518613
1367,17148.196532983395,17148.196752113,17148.196752113,17148.197601701,17148.216236095,0,COMPLETED,True,baseline_6,47,0.21912960437475704,0.8495879992551636,18.63439400040079,19.70311160403071
1368,17148.281240399137,17148.281356345,17148.281356345,17148.28229635,17148.302913559,3,COMPLETED,True,baseline_6,48,0.11594586248975247,0.9400050003023352,20.617209000192815,21.673159862984903
1369,17148.317529416778,17148.3176491,17148.3176491,17148.318452644,17148.337416252,1,COMPLETED,True,baseline_6,49,0.11968322360189632,0.8035440005187411,18.963607999467058,19.886835223587696
1370,17148.320065501463,17148.320169549,17148.320169549,17148.320796034,17148.339107181,2,COMPLETED,True,baseline_6,50,0.10404753629700281,0.6264850017032586,18.311146999621997,19.041679537622258
1371,17148.386174766634,17148.386317077,17148.386317077,17148.387264908,17148.407224707,0,COMPLETED,True,baseline_6,51,0.14231036402634345,0.9478310021222569,19.959798999479972,21.049940365628572
1372,17148.419204379137,17148.419299261,17148.419299261,17148.419925692,17148.434281644,3,COMPLETED,True,baseline_6,52,0.09488186333328485,0.6264309995458461,14.355952000187244,15.077264863066375
1373,17148.42851102306,17148.428615321,17148.428615321,17148.42944105,17148.448512625,1,COMPLETED,True,baseline_6,53,0.10429794201627374,0.8257289991888683,19.071574999543373,20.001601940748515
1374,17148.431834377043,17148.431933306,17148.431933306,17148.432761901,17148.451163705,2,COMPLETED,True,baseline_6,54,0.09892895832308568,0.8285949988930952,18.40180400176905,19.329327958985232
1375,17148.5351367249,17148.535369523,17148.535369523,17148.536357766,17148.556624855,0,COMPLETED,True,baseline_6,55,0.2327981019334402,0.9882429985736962,20.26708899938967,21.488130099896807
1376,17148.547111614884,17148.54729128,17148.54729128,17148.548309182,17148.568222265,3,COMPLETED,True,baseline_6,56,0.17966511586564593,1.0179019991483074,19.91308300057426,21.110650115588214
1377,17148.553814106115,17148.553991911,17148.553991911,17148.555080505,17148.575574758,1,COMPLETED,True,baseline_6,57,0.17780488633434288,1.0885939991567284,20.494252999924356,21.760651885415427
1378,17148.559968381844,17148.560241172,17148.560241172,17148.561228977,17148.581944846,2,COMPLETED,True,baseline_6,58,0.2727901555772405,0.9878050004772376,20.715868999104714,21.976464155159192
1379,17148.561324149177,17148.561532016,17148.561532016,17148.562307524,17148.583123195,0,COMPLETED,True,baseline_6,59,0.20786682216566987,0.7755080005154014,20.815670999581926,21.799045822262997
1380,17148.577103394942,17148.577253809,17148.577253809,17148.578172813,17148.595913977,3,COMPLETED,True,baseline_6,60,0.15041405640658922,0.91900400002487,17.741163999744458,18.810582056175917
1381,17148.60529846363,17148.605396602,17148.605396602,17148.60608639,17148.623255488,1,COMPLETED,True,baseline_6,61,0.09813837095862255,0.6897879975440446,17.169098002341343,17.95702437084401
1382,17148.615132128285,17148.615293918,17148.615293918,17148.616238028,17148.636470623,2,COMPLETED,True,baseline_6,62,0.16178971418412402,0.9441100010008086,20.232595001289155,21.338494716474088
1383,17148.615950617976,17148.616087642,17148.616087642,17148.616717101,17148.63705801,0,COMPLETED,True,baseline_6,63,0.1370240242977161,0.6294589984463528,20.340909002698027,21.107392025442095
1384,17148.620500870067,17148.620646525,17148.620646525,17148.621315946,17148.637428959,3,COMPLETED,True,baseline_6,64,0.1456549325666856,0.6694209987472277,16.11301299999468,16.928088931308594
1385,17148.63652687783,17148.636636776,17148.636636776,17148.637713321,17148.655753958,1,COMPLETED,True,baseline_6,65,0.10989816655637696,1.0765450024337042,18.040636998193804,19.227080167183885
1386,17148.67356322009,17148.673767272,17148.673767272,17148.674666991,17148.693512683,3,COMPLETED,True,baseline_6,66,0.20405191025929525,0.8997189979709219,18.84569200046826,19.94946290869848
1387,17148.691907736422,17148.692055347,17148.692055347,17148.692736876,17148.712135961,0,COMPLETED,True,baseline_6,67,0.14761057900614105,0.6815289998485241,19.39908499844023,20.228224577294895
1388,17148.70548932952,17148.705695275,17148.705695275,17148.706369158,17148.726506396,2,COMPLETED,True,baseline_6,68,0.2059454782283865,0.6738830015819985,20.13723799973377,21.017066479544155
1389,17148.710047282828,17148.710109518,17148.710109518,17148.710630161,17148.724250275,1,COMPLETED,True,baseline_6,69,0.06223517266334966,0.5206429996178485,13.620114001241745,14.202992173522944
1390,17148.716050198258,17148.716280876,17148.716280876,17148.716973125,17148.737095018,3,COMPLETED,True,baseline_6,70,0.23067774236551486,0.692248999257572,20.12189300148748,21.044819743110565
1391,17148.72342973964,17148.723571121,17148.723571121,17148.724180152,17148.738540052,0,COMPLETED,True,baseline_6,71,0.1413813624822069,0.6090309980208986,14.359900000272319,15.110312360775424
1392,17148.725616143878,17148.72577297,17148.72577297,17148.726231945,17148.740031721,1,COMPLETED,True,baseline_6,72,0.15682612138334662,0.4589749987644609,13.799776002997532,14.41557712314534
1393,17148.733003495356,17148.733117649,17148.733117649,17148.73372138,17148.748866351,2,COMPLETED,True,baseline_6,73,0.114153644972248,0.6037309976818506,15.144971002882812,15.86285564553691
1394,17148.784770142836,17148.784865837,17148.784865837,17148.785751976,17148.803897327,3,COMPLETED,True,baseline_6,74,0.09569416215526871,0.8861390015226789,18.14535100129433,19.127184164972277
1395,17148.788718272288,17148.788802943,17148.788802943,17148.789405071,17148.803023003,0,COMPLETED,True,baseline_6,75,0.0846707116579637,0.6021279987180606,13.617932003398892,14.304730713774916
1396,17148.801310338393,17148.801469891,17148.801469891,17148.802260611,17148.820715299,1,COMPLETED,True,baseline_6,76,0.1595526082383003,0.7907199978944845,18.45468800092931,19.404960607062094
1397,17148.83652472747,17148.836692947,17148.836692947,17148.837565627,17148.855448085,2,COMPLETED,True,baseline_6,77,0.16821952885948122,0.8726800006115809,17.88245799980359,18.923357529274654
1398,17148.865876644824,17148.865962824,17148.865962824,17148.866398808,17148.881294811,0,COMPLETED,True,baseline_6,78,0.08617917410447262,0.4359840022516437,14.89600299828453,15.418166174640646
1399,17148.867347537256,17148.867428784,17148.867428784,17148.867873491,17148.88090153,3,COMPLETED,True,baseline_6,79,0.08124674423015676,0.4447069986781571,13.028039000346325,13.55399274325464
1400,17148.910975698593,17148.911112796,17148.911112796,17148.911949349,17148.930786942,1,COMPLETED,True,baseline_6,80,0.13709740596823394,0.8365530011360534,18.837593001080677,19.811243408184964
1401,17148.917387523765,17148.917483365,17148.917483365,17148.918038981,17148.934640048,2,COMPLETED,True,baseline_6,81,0.09584123472450301,0.5556159994739573,16.601067000010516,17.252524234208977
1402,17148.96056881949,17148.96067112,17148.96067112,17148.961599171,17148.980819856,3,COMPLETED,True,baseline_6,82,0.10230050975224003,0.9280510021199007,19.220684996980708,20.25103650885285
1403,17148.990502970802,17148.990594634,17148.990594634,17148.991466782,17149.010002706,0,COMPLETED,True,baseline_6,83,0.09166319796349853,0.8721480007807259,18.53592399857007,19.499735197314294
1404,17149.034253781152,17149.034342063,17149.034342063,17149.035277978,17149.055230846,1,COMPLETED,True,baseline_6,84,0.08828184945741668,0.9359149989904836,19.952867998654256,20.977064847102156
1405,17149.050917925764,17149.051001832,17149.051001832,17149.052048343,17149.069894176,2,COMPLETED,True,baseline_6,85,0.08390623406739905,1.0465110026416369,17.84583299740916,18.976250234118197
1406,17149.072300888773,17149.072507758,17149.072507758,17149.073354648,17149.091834415,3,COMPLETED,True,baseline_6,86,0.2068692265311256,0.8468900014122482,18.47976700082654,19.533526228769915
1407,17149.120811377463,17149.120951557,17149.120951557,17149.121938595,17149.141759429,0,COMPLETED,True,baseline_6,87,0.1401795379933901,0.9870379981293809,19.82083400071133,20.9480515368341
1408,17149.155840058316,17149.155926184,17149.155926184,17149.156634667,17149.171317647,1,COMPLETED,True,baseline_6,88,0.08612568490207195,0.7084829994710162,14.682979999633972,15.47758868400706
1409,17149.16050302464,17149.160638869,17149.160638869,17149.161574109,17149.181307023,2,COMPLETED,True,baseline_6,89,0.13584436237579212,0.9352399974886794,19.73291399917798,20.803998359042453
1410,17149.192206383545,17149.192340763,17149.192340763,17149.193281228,17149.212159371,3,COMPLETED,True,baseline_6,90,0.1343794538115617,0.9404650008946192,18.878143000620184,19.952987455326365
1411,17149.243092919758,17149.243258228,17149.243258228,17149.244411747,17149.263628628,0,COMPLETED,True,baseline_6,91,0.1653082435950637,1.1535189987625927,19.216880999010755,20.53570824136841
1412,17149.266122686735,17149.266295724,17149.266295724,17149.267104257,17149.286863421,1,COMPLETED,True,baseline_6,92,0.1730372641759459,0.8085330009635072,19.759163998969598,20.74073426410905
1413,17149.26952747046,17149.269782494,17149.269782494,17149.270619585,17149.290041965,2,COMPLETED,True,baseline_6,93,0.25502354037598707,0.8370909999939613,19.422379999014083,20.51449453938403
1414,17149.27521310112,17149.275381228,17149.275381228,17149.276302811,17149.296498076,3,COMPLETED,True,baseline_6,94,0.168126880453201,0.9215829995810054,20.195265002257656,21.284974882291863
1415,17149.283817998927,17149.283974176,17149.283974176,17149.284811282,17149.301500501,0,COMPLETED,True,baseline_6,95,0.1561770732223522,0.8371059993805829,16.68921899909037,17.682502071693307
1416,17149.28981653809,17149.289957867,17149.289957867,17149.290924696,17149.30893238,1,COMPLETED,True,baseline_6,96,0.14132891010376625,0.9668290003901348,18.00768400062225,19.11584191111615
1417,17149.293386868125,17149.293521305,17149.293521305,17149.294058065,17149.309636013,2,COMPLETED,True,baseline_6,97,0.13443687566905282,0.5367599987948779,15.577948001009645,16.249144875473576
1418,17149.304512602677,17149.304626846,17149.304626846,17149.305168761,17149.318308138,3,COMPLETED,True,baseline_6,98,0.11424332114984281,0.5419150002126116,13.139377002516994,13.795535323879449
1419,17149.331328302374,17149.331463402,17149.331463402,17149.331937375,17149.345724938,0,COMPLETED,True,baseline_6,99,0.13509962445823476,0.47397299931617454,13.787563002551906,14.396635626326315
1420,17149.35760634957,17149.357698594,17149.357698594,17149.358214392,17149.371556326,1,COMPLETED,True,baseline_6,100,0.09224443056154996,0.5157979976502247,13.341934001800837,13.949976430012612
1421,17149.360728835614,17149.360812422,17149.360812422,17149.361136281,17149.374678622,2,COMPLETED,True,baseline_6,101,0.08358638660865836,0.32385899976361543,13.542340999265434,13.949786385637708
1422,17149.39319008249,17149.393279379,17149.393279379,17149.394030152,17149.411885552,3,COMPLETED,True,baseline_6,102,0.08929651085054502,0.7507730006182101,17.855399997642962,18.695469509111717
1423,17149.41479633864,17149.414931987,17149.414931987,17149.415497513,17149.433684146,0,COMPLETED,True,baseline_6,103,0.13564836262958124,0.5655259992636275,18.186632998549612,18.88780736044282
1424,17149.496865693516,17149.497009237,17149.497009237,17149.497831103,17149.515925141,1,COMPLETED,True,baseline_6,104,0.14354348240885884,0.8218660004786216,18.094038001436274,19.059447484323755
1425,17149.534929215897,17149.535095023,17149.535095023,17149.536255092,17149.55635849,2,COMPLETED,True,baseline_6,105,0.16580710143898614,1.1600690013437998,20.103398001083406,21.42927410386619
1426,17149.559789599316,17149.559945985,17149.559945985,17149.560773006,17149.579173252,3,COMPLETED,True,baseline_6,106,0.15638568220310844,0.8270210018963553,18.400246000965126,19.38365268506459
1427,17149.587232132057,17149.58739362,17149.58739362,17149.588228507,17149.611829974,0,COMPLETED,True,baseline_6,107,0.16148794384207577,0.8348869996552821,23.601467000844423,24.59784194434178
1428,17149.58886638068,17149.589112025,17149.589112025,17149.589889406,17149.615934522,1,COMPLETED,True,baseline_6,108,0.24564432169427164,0.7773809993523173,26.045115999295376,27.068141320341965
1429,17149.70327109923,17149.703385599,17149.703385599,17149.704466703,17149.724794057,2,COMPLETED,True,baseline_6,109,0.11449976955191232,1.081103997421451,20.327354002802167,21.52295776977553
1430,17149.71939953547,17149.719564437,17149.719564437,17149.720754684,17149.741075005,3,COMPLETED,True,baseline_6,110,0.16490153211634606,1.1902469996130094,20.320321000326658,21.675469532056013
1431,17149.727189409616,17149.727364141,17149.727364141,17149.728311152,17149.747999672,0,COMPLETED,True,baseline_6,111,0.17473138359491713,0.9470110016991384,19.688519998453557,20.810262383747613
1432,17149.74650700001,17149.746721767,17149.746721767,17149.747651078,17149.765193917,1,COMPLETED,True,baseline_6,112,0.21476698748301715,0.9293110015278216,17.542838999361265,18.686916988372104
1433,17149.800161809526,17149.800322035,17149.800322035,17149.800879364,17149.815055962,2,COMPLETED,True,baseline_6,113,0.16022547424654476,0.5573290000029374,14.176598000631202,14.894152474880684
1434,17149.82338944173,17149.823553937,17149.823553937,17149.824186967,17149.842388542,3,COMPLETED,True,baseline_6,114,0.1644952681090217,0.6330299984256271,18.201575003331527,18.999100269866176
1435,17149.86274570352,17149.862904781,17149.862904781,17149.863815223,17149.882085084,0,COMPLETED,True,baseline_6,115,0.1590774772921577,0.9104420023504645,18.269860996952048,19.33938047659467
1436,17149.874015769503,17149.874161799,17149.874161799,17149.87512006,17149.894566723,1,COMPLETED,True,baseline_6,116,0.14602949886466376,0.9582610000506975,19.446662998234387,20.55095349714975
1437,17149.892051351624,17149.892152998,17149.892152998,17149.893184738,17149.912600712,2,COMPLETED,True,baseline_6,117,0.10164637569687329,1.0317400010535493,19.415973998547997,20.54936037529842
1438,17149.893052358177,17149.893140136,17149.893140136,17149.893583507,17149.912364058,3,COMPLETED,True,baseline_6,118,0.08777782204560935,0.443371001892956,18.780550999508705,19.31169982344727
1439,17149.918449522418,17149.918536874,17149.918536874,17149.919163124,17149.934394526,0,COMPLETED,True,baseline_6,119,0.08735158189665526,0.6262499991862569,15.23140200151829,15.945003582601203
1440,17149.96979292788,17149.969905856,17149.969905856,17149.970430497,17149.983907537,1,COMPLETED,True,baseline_6,0,0.11292811905150302,0.5246410000836477,13.477039999997942,14.114609119133092
1441,17149.98874973513,17149.988979122,17149.988979122,17149.989751327,17150.008781019,3,COMPLETED,True,baseline_6,1,0.2293868710694369,0.772204999520909,19.0296920009132,20.031283871503547
1442,17150.027589584966,17150.027753718,17150.027753718,17150.028907668,17150.04868011,2,COMPLETED,True,baseline_6,2,0.1641330345591996,1.1539499973878264,19.772442003159085,21.09052503510611
1443,17150.05343592811,17150.053609658,17150.053609658,17150.054541907,17150.070812097,0,COMPLETED,True,baseline_6,3,0.17372989168507047,0.9322490004706196,16.270190000795992,17.376168892951682
1444,17150.06074319886,17150.060947275,17150.060947275,17150.061820932,17150.079108421,1,COMPLETED,True,baseline_6,4,0.20407613919815049,0.8736569980101194,17.287489001319045,18.365222138527315
1445,17150.06187931319,17150.062028277,17150.062028277,17150.062878634,17150.082277112,3,COMPLETED,True,baseline_6,5,0.14896380889695138,0.8503569988533854,19.398478001676267,20.397798809426604
1446,17150.110006668434,17150.11014215,17150.11014215,17150.110755541,17150.124186446,2,COMPLETED,True,baseline_6,6,0.1354815649392549,0.613391002843855,13.43090499722166,14.17977756500477
1447,17150.117776192023,17150.117930853,17150.117930853,17150.118611124,17150.139078519,0,COMPLETED,True,baseline_6,7,0.15466097829630598,0.6802709976909682,20.467395002924604,21.30232697891188
1448,17150.127219949994,17150.127308051,17150.127308051,17150.127925599,17150.142145012,1,COMPLETED,True,baseline_6,8,0.08810100553091615,0.617548001173418,14.219412998500047,14.925062005204381
1449,17150.128300666358,17150.12844015,17150.12844015,17150.129082226,17150.147943165,3,COMPLETED,True,baseline_6,9,0.13948364357929677,0.6420760000764858,18.860938998841448,19.64249864249723
1450,17150.15748916914,17150.157669105,17150.157669105,17150.158159722,17150.171718638,2,COMPLETED,True,baseline_6,10,0.1799358578864485,0.490616999741178,13.558916001784382,14.229468859412009
1451,17150.176984122485,17150.177187673,17150.177187673,17150.177678482,17150.192465091,0,COMPLETED,True,baseline_6,11,0.20355051674414426,0.4908089977107011,14.786609001021134,15.480968515475979
1452,17150.181105792995,17150.181185698,17150.181185698,17150.181847613,17150.195198831,1,COMPLETED,True,baseline_6,12,0.07990500307641923,0.6619150008191355,13.351218000025256,14.09303800392081
1453,17150.18971786028,17150.189803639,17150.189803639,17150.190620077,17150.210432143,3,COMPLETED,True,baseline_6,13,0.0857787199493032,0.8164379978552461,19.812066002486972,20.71428272029152
1454,17150.197961813537,17150.198143438,17150.198143438,17150.198598742,17150.212045284,2,COMPLETED,True,baseline_6,14,0.1816244621295482,0.45530400166171603,13.446541997836903,14.083470461628167
1455,17150.211020479896,17150.211118614,17150.211118614,17150.211892414,17150.231204335,0,COMPLETED,True,baseline_6,15,0.09813410360948183,0.7738000022072811,19.311920998006826,20.18385510382359
1456,17150.245217829113,17150.245305154,17150.245305154,17150.245885429,17150.259839989,1,COMPLETED,True,baseline_6,16,0.08732488640816882,0.5802750019938685,13.9545599995472,14.622159887949238
1457,17150.246661397647,17150.246808751,17150.246808751,17150.247273321,17150.263901833,3,COMPLETED,True,baseline_6,17,0.14735335207660682,0.46457000280497596,16.628511999442708,17.24043535432429
1458,17150.284511525664,17150.284633133,17150.284633133,17150.285496115,17150.302663201,2,COMPLETED,True,baseline_6,18,0.1216073360410519,0.8629820003989153,17.167085999972187,18.151675336412154
1459,17150.28966427419,17150.289827084,17150.289827084,17150.290527405,17150.304312553,0,COMPLETED,True,baseline_6,19,0.16280981071759015,0.7003209975664504,13.785147999442415,14.648278807726456
1460,17150.310215326648,17150.310310433,17150.310310433,17150.310776753,17150.324448446,1,COMPLETED,True,baseline_6,20,0.09510635209153406,0.4663199979404453,13.671693002834218,14.233119352866197
1461,17150.313681334286,17150.313776118,17150.313776118,17150.314436161,17150.332105587,3,COMPLETED,True,baseline_6,21,0.09478371430304833,0.6600429987884127,17.669426000793464,18.424252713884925
1462,17150.338292295124,17150.338452873,17150.338452873,17150.339253901,17150.357087585,2,COMPLETED,True,baseline_6,22,0.16057787433965132,0.8010279998416081,17.833683999924688,18.795289874105947
1463,17150.35013693277,17150.350257806,17150.350257806,17150.350812111,17150.364244946,0,COMPLETED,True,baseline_6,23,0.12087322829756886,0.5543049992411397,13.432834999548504,14.108013227087213
1464,17150.42138404952,17150.421497273,17150.421497273,17150.422556014,17150.441898976,1,COMPLETED,True,baseline_6,24,0.11322347927489318,1.0587409997242503,19.342962001246633,20.514926480245776
1465,17150.429740615888,17150.430015401,17150.430015401,17150.430931832,17150.451102488,3,COMPLETED,True,baseline_6,25,0.2747851140156854,0.9164309994957875,20.17065600011847,21.361872113629943
1466,17150.459251242373,17150.459401676,17150.459401676,17150.460277395,17150.47869895,2,COMPLETED,True,baseline_6,26,0.15043362509459257,0.8757190007600002,18.421554999804357,19.44770762565895
1467,17150.47458465124,17150.474792811,17150.474792811,17150.475688097,17150.494296823,0,COMPLETED,True,baseline_6,27,0.2081597594951745,0.89528600074118,18.608725997182773,19.712171757419128
1468,17150.514342501494,17150.514597247,17150.514597247,17150.515480773,17150.533695889,1,COMPLETED,True,baseline_6,28,0.2547455078456551,0.8835259977786336,18.215116000646958,19.353387506271247
1469,17150.515553908117,17150.515698244,17150.515698244,17150.516434225,17150.535008112,3,COMPLETED,True,baseline_6,29,0.1443358814867679,0.735981000616448,18.573887002276024,19.45420388437924
1470,17150.52172332432,17150.521815809,17150.521815809,17150.522495577,17150.540569662,2,COMPLETED,True,baseline_6,30,0.09248467904399149,0.6797679998271633,18.074085000989726,18.84633767986088
1471,17150.535036822566,17150.535259007,17150.535259007,17150.536252964,17150.551167933,0,COMPLETED,True,baseline_6,31,0.22218443336896598,0.9939570009009913,14.9149690005288,16.131110434798757
1472,17150.545056574705,17150.545150317,17150.545150317,17150.545920382,17150.559593378,1,COMPLETED,True,baseline_6,32,0.09374229557579383,0.7700649985054042,13.67299599951366,14.536803293594858
1473,17150.55236054168,17150.552445209,17150.552445209,17150.553003725,17150.565897741,3,COMPLETED,True,baseline_6,33,0.08466732106171548,0.5585159997281153,12.894015999336261,13.537199320126092
1474,17150.570671342284,17150.570758288,17150.570758288,17150.571408996,17150.585142147,2,COMPLETED,True,baseline_6,34,0.08694571442902088,0.6507079997390974,13.733151001360966,14.470804715529084
1475,17150.576507458965,17150.576613534,17150.576613534,17150.57745798,17150.596293673,0,COMPLETED,True,baseline_6,35,0.10607503645587713,0.8444459999736864,18.835692997527076,19.78621403395664
1476,17150.595361760617,17150.595548087,17150.595548087,17150.596386323,17150.614831684,1,COMPLETED,True,baseline_6,36,0.1863263823906891,0.8382359992538113,18.44536100179539,19.46992338343989
1477,17150.61125893006,17150.611348513,17150.611348513,17150.61208543,17150.625264841,3,COMPLETED,True,baseline_6,37,0.08958293983596377,0.7369169979938306,13.17941100205644,14.005910939886235
1478,17150.622057886092,17150.622231851,17150.622231851,17150.62287583,17150.642265821,2,COMPLETED,True,baseline_6,38,0.1739649087539874,0.643978997686645,19.38999100093497,20.207934907375602
1479,17150.642511707603,17150.64261179,17150.64261179,17150.643022329,17150.660924832,0,COMPLETED,True,baseline_6,39,0.10008239769376814,0.41053899985854514,17.902502997458214,18.413124395010527
1480,17150.71540986692,17150.71554734,17150.71554734,17150.716380006,17150.734615455,1,COMPLETED,True,baseline_6,40,0.13747308184974827,0.8326659990416374,18.235448998893844,19.20558807978523
1481,17150.753509964645,17150.753668572,17150.753668572,17150.754686618,17150.774881587,3,COMPLETED,True,burst_6,41,0.15860735584283248,1.0180459976254497,20.194969001749996,21.37162235521828
1482,17150.755673482978,17150.755861626,17150.755861626,17150.756705662,17150.776610828,2,COMPLETED,True,burst_6,42,0.18814302165992558,0.8440359997621272,19.905166001990438,20.93734502341249
1483,17150.769053435793,17150.769304591,17150.769304591,17150.770222812,17150.789313413,0,COMPLETED,True,burst_6,43,0.2511552047508303,0.9182210014841985,19.09060099933413,20.259977205569157
1484,17150.769694929375,17150.769837981,17150.769837981,17150.770421867,17150.788668474,1,COMPLETED,True,burst_6,44,0.14305162403616123,0.5838860015501268,18.24660700003733,18.973544625623617
1485,17150.790385669454,17150.790513833,17150.790513833,17150.791219091,17150.806502908,3,COMPLETED,True,burst_6,45,0.12816354501410387,0.7052580003801268,15.283816999726696,16.117238545120927
1486,17150.793989030197,17150.794143994,17150.794143994,17150.794909949,17150.809592606,2,COMPLETED,True,burst_6,46,0.1549638036522083,0.76595499922405,14.682657001685584,15.603575804561842
1487,17150.80452592322,17150.804691656,17150.804691656,17150.805293295,17150.818924728,1,COMPLETED,True,burst_6,47,0.16573278116993606,0.6016389997967053,13.63143299749936,14.398804778466001
1488,17150.814320352845,17150.814432655,17150.814432655,17150.815102735,17150.83465046,0,COMPLETED,True,burst_6,48,0.11230215386603959,0.6700800004182383,19.5477250017575,20.330107156041777
1489,17150.814470304387,17150.814490983,17150.814490983,17150.815115516,17150.828503725,3,COMPLETED,True,burst_6,49,0.020678613509517163,0.6245330005185679,13.388208997639595,14.03342061166768
1490,17150.816115280668,17150.816244286,17150.816244286,17150.816790584,17150.830838679,2,COMPLETED,True,burst_6,50,0.12900533329229802,0.5462979970616288,14.048095003090566,14.723398333444493
1491,17150.829638770898,17150.829736014,17150.829736014,17150.830251675,17150.843509249,1,COMPLETED,True,burst_6,51,0.09724310075398535,0.5156610022822861,13.25757399899885,13.870478102035122
1492,17150.85094564868,17150.851158139,17150.851158139,17150.851878765,17150.865180477,3,COMPLETED,True,burst_6,52,0.21249032215564512,0.7206259979284368,13.301712002430577,14.234828322514659
1493,17150.902964585162,17150.903066535,17150.903066535,17150.903876493,17150.917592861,2,COMPLETED,True,baseline_7,53,0.10194983769906685,0.8099580009002239,13.716367997403722,14.628275836003013
1494,17150.914370386396,17150.914503303,17150.914503303,17150.915274985,17150.930384243,0,COMPLETED,True,baseline_7,54,0.13291660434333608,0.7716820000496227,15.109258001757553,16.01385660615051
1495,17150.931452610075,17150.931536379,17150.931536379,17150.932452588,17150.950521615,1,COMPLETED,True,baseline_7,55,0.08376892583328299,0.9162089991150424,18.069026999000926,19.06900492394925
1496,17150.948604048146,17150.948690288,17150.948690288,17150.949384746,17150.968100146,3,COMPLETED,True,baseline_7,56,0.08623985559097491,0.6944579981791321,18.715400001383387,19.496097855153494
1497,17150.95148682651,17150.951659048,17150.951659048,17150.952366364,17150.966675034,2,COMPLETED,True,baseline_7,57,0.17222149108420126,0.7073159977153409,14.308670000900747,15.18820748970029
1498,17150.955144134452,17150.955324595,17150.955324595,17150.956209834,17150.974512632,0,COMPLETED,True,baseline_7,58,0.1804605490178801,0.8852389983076137,18.302798001968767,19.36849754929426
1499,17150.980913904943,17150.981008794,17150.981008794,17150.981717956,17150.995118186,1,COMPLETED,True,baseline_7,59,0.09488905561738648,0.7091620027495082,13.400230000115698,14.204281058482593
1500,17150.98911154516,17150.989298361,17150.989298361,17150.989956182,17151.009343353,2,COMPLETED,True,baseline_7,60,0.18681583969737403,0.657820997730596,19.38717099983478,20.23180783726275
1501,17150.990364741538,17150.990577153,17150.990577153,17150.991079743,17151.004736669,3,COMPLETED,True,baseline_7,61,0.2124114616890438,0.502589999086922,13.656926003022818,14.371927463798784
1502,17150.991137963796,17150.991339146,17150.991339146,17150.991913128,17151.010704979,0,COMPLETED,True,baseline_7,62,0.20118220345466398,0.5739820007875096,18.79185099824099,19.567015202483162
1503,17151.03658725723,17151.036703797,17151.036703797,17151.037424535,17151.05070888,1,COMPLETED,True,baseline_7,63,0.11653976980596781,0.7207380003819708,13.284345001011388,14.121622771199327
1504,17151.043521518426,17151.04364059,17151.04364059,17151.044214266,17151.05953416,3,COMPLETED,True,baseline_7,64,0.1190715738630388,0.5736759994761087,15.319893998821499,16.012641572160646
1505,17151.044706076318,17151.044907941,17151.044907941,17151.045661808,17151.065490568,2,COMPLETED,True,baseline_7,65,0.20186468100291677,0.753866999730235,19.82875999965472,20.784491680387873
1506,17151.050864935645,17151.051124334,17151.051124334,17151.051941863,17151.067455104,0,COMPLETED,True,baseline_7,66,0.25939835541066714,0.8175289985956624,15.513241000007838,16.590168354014168
1507,17151.06596702605,17151.066098652,17151.066098652,17151.066855896,17151.080108329,1,COMPLETED,True,baseline_7,67,0.13162595132598653,0.7572439972136635,13.252433000161545,14.141302948701195
1508,17151.06618996631,17151.066287273,17151.066287273,17151.067069842,17151.080188335,3,COMPLETED,True,baseline_7,68,0.0973066889855545,0.7825690008758102,13.118492999637965,13.99836868949933
1509,17151.113450744808,17151.113587924,17151.113587924,17151.114410148,17151.129001931,2,COMPLETED,True,baseline_7,69,0.13717919136979617,0.8222239994211122,14.591783001378644,15.551186192169553
1510,17151.12320730971,17151.123323885,17151.123323885,17151.123698353,17151.137023609,0,COMPLETED,True,baseline_7,70,0.11657529103104025,0.37446799979079515,13.325256000825902,13.816299291647738
1511,17151.12711510971,17151.127325779,17151.127325779,17151.127839223,17151.14678929,1,COMPLETED,True,baseline_7,71,0.21066929184598848,0.5134439998073503,18.95006699851365,19.674180290166987
1512,17151.128000785167,17151.12813257,17151.12813257,17151.128587377,17151.147718195,3,COMPLETED,True,baseline_7,72,0.13178483277442865,0.4548069991869852,19.130818000121508,19.71740983208292
1513,17151.13673374268,17151.136886288,17151.136886288,17151.137769714,17151.151371123,2,COMPLETED,True,baseline_7,73,0.15254532263497822,0.8834260006551631,13.601408998511033,14.637380321801174
1514,17151.162663234038,17151.162791021,17151.162791021,17151.163494552,17151.176558641,0,COMPLETED,True,baseline_7,74,0.12778696327586658,0.703531000908697,13.064088998362422,13.895406962546986
1515,17151.265795131654,17151.266046582,17151.266046582,17151.266967199,17151.287540155,1,COMPLETED,True,baseline_7,75,0.25145034669549204,0.9206169997924007,20.572956000250997,21.74502334673889
1516,17151.277495844286,17151.277661688,17151.277661688,17151.278670946,17151.298566223,3,COMPLETED,True,baseline_7,76,0.1658437140577007,1.00925800143159,19.895276996976463,21.070378712465754
1517,17151.36921314852,17151.36939795,17151.36939795,17151.370480189,17151.388678011,2,COMPLETED,True,baseline_7,77,0.18480147991795093,1.0822390031535178,18.197821998910513,19.46486248198198
1518,17151.381126823406,17151.381290511,17151.381290511,17151.382145308,17151.400307601,0,COMPLETED,True,baseline_7,78,0.16368759315810166,0.8547970028303098,18.16229299947736,19.18077759546577
1519,17151.398815578577,17151.398904606,17151.398904606,17151.400081824,17151.41859395,1,COMPLETED,True,baseline_7,79,0.08902742411009967,1.1772179968829732,18.51212600013241,19.778371421125485
1520,17151.3989899804,17151.399050892,17151.399050892,17151.400294037,17151.419121327,3,COMPLETED,True,baseline_7,80,0.060911599575774744,1.243145001353696,18.827289997716434,20.131346598645905
1521,17151.436316283893,17151.436419531,17151.436419531,17151.437214104,17151.45268617,2,COMPLETED,True,baseline_7,81,0.10324710819986649,0.7945729994389694,15.472065999347251,16.369886106986087
1522,17151.532328420828,17151.532481075,17151.532481075,17151.533479545,17151.553427545,0,COMPLETED,True,baseline_7,82,0.1526541709608864,0.9984700009226799,19.948000001022592,21.09912417290616
1523,17151.535745073437,17151.53590819,17151.53590819,17151.536831163,17151.557293631,1,COMPLETED,True,baseline_7,83,0.16311656145262532,0.9229730021615978,20.46246800091467,21.548557564528892
1524,17151.59756797584,17151.597711987,17151.597711987,17151.598494405,17151.618873975,3,COMPLETED,True,baseline_7,84,0.1440111591364257,0.7824179992894642,20.379569999931846,21.305999158357736
1525,17151.60467429229,17151.604831812,17151.604831812,17151.605424613,17151.624582359,2,COMPLETED,True,baseline_7,85,0.15751970931887627,0.5928009995841421,19.157745999109466,19.908066708012484
1526,17151.629646807294,17151.629738373,17151.629738373,17151.630144234,17151.643064982,0,COMPLETED,True,baseline_7,86,0.09156570740742609,0.40586099930806085,12.920747998578008,13.418174705293495
1527,17151.638705398163,17151.638842141,17151.638842141,17151.639675897,17151.658884379,1,COMPLETED,True,baseline_7,87,0.13674283763975836,0.8337559993378818,19.2084820009768,20.17898083795444
1528,17151.662317431194,17151.662410327,17151.662410327,17151.663363398,17151.682301547,3,COMPLETED,True,baseline_7,88,0.09289580702898093,0.9530709976388607,18.93814900176949,19.98411580643733
1529,17151.669878089233,17151.669981361,17151.669981361,17151.670672929,17151.684164448,2,COMPLETED,True,baseline_7,89,0.10327176642022096,0.6915680023666937,13.491518999217078,14.286358768003993
1530,17151.693126345795,17151.693222588,17151.693222588,17151.694213019,17151.71552751,0,COMPLETED,True,baseline_7,90,0.09624220547266304,0.9904309990815818,21.314491001248825,22.40116420580307
1531,17151.708330002402,17151.708458219,17151.708458219,17151.708905742,17151.722381372,1,COMPLETED,True,baseline_7,91,0.1282165976590477,0.4475230016396381,13.475629999447847,14.051369598746533
1532,17151.750478340364,17151.75054934,17151.75054934,17151.751526878,17151.771178161,3,COMPLETED,True,baseline_7,92,0.07099963477230631,0.9775380021892488,19.651283000712283,20.699820637673838
1533,17151.76321630053,17151.76330539,17151.76330539,17151.764170198,17151.777657696,2,COMPLETED,True,baseline_7,93,0.08908946983865462,0.8648080001876224,13.48749799944926,14.441395469475538
1534,17151.786241042537,17151.786414006,17151.786414006,17151.786909771,17151.805422984,0,COMPLETED,True,baseline_7,94,0.17296346413786523,0.4957649980497081,18.51321300273412,19.181941464921692
1535,17151.841900564876,17151.842001402,17151.842001402,17151.842737176,17151.860859194,1,COMPLETED,True,baseline_7,95,0.10083712550112978,0.7357739996223245,18.122017998393858,18.958629123517312
1536,17151.855857338993,17151.855999787,17151.855999787,17151.856759422,17151.874701475,3,COMPLETED,True,baseline_7,96,0.14244800695450976,0.7596350005769636,17.942053000297165,18.844136007828638
1537,17151.901229424406,17151.901509097,17151.901509097,17151.902308441,17151.920440791,2,COMPLETED,True,baseline_7,97,0.2796725930238608,0.7993440012796782,18.132350000087172,19.21136659439071
1538,17151.915949987768,17151.916123927,17151.916123927,17151.916686099,17151.934261917,0,COMPLETED,True,baseline_7,98,0.17393923189956695,0.5621720010822173,17.575817997567356,18.31192923054914
1539,17151.93700063533,17151.937145759,17151.937145759,17151.937703522,17151.951555765,1,COMPLETED,True,baseline_7,99,0.14512366760754958,0.557762999960687,13.852243002475007,14.555129670043243
1540,17152.003889135198,17152.003977323,17152.003977323,17152.00517121,17152.024436793,3,COMPLETED,True,baseline_7,100,0.08818780042929575,1.1938870011363178,19.265582999651087,20.5476578012167
1541,17152.02262165452,17152.022774408,17152.022774408,17152.023882673,17152.04371805,2,COMPLETED,True,baseline_7,101,0.1527534805063624,1.1082649980380666,19.83537700289162,21.096395481436048
1542,17152.030400395233,17152.030664774,17152.030664774,17152.031375179,17152.046573515,0,COMPLETED,True,baseline_7,102,0.2643787665874697,0.7104050018824637,15.19833599741105,16.173119765880983
1543,17152.169807662034,17152.170177739,17152.170177739,17152.171285051,17152.192222807,1,COMPLETED,True,baseline_7,103,0.37007696664659306,1.1073120003857184,20.93775599860237,22.41514496563468
1544,17152.171633636615,17152.171802503,17152.171802503,17152.172727572,17152.19287479,3,COMPLETED,True,baseline_7,104,0.16886638331925496,0.9250690018234309,20.147217997873668,21.241153383016353
1545,17152.18427706961,17152.184457184,17152.184457184,17152.185364218,17152.205871267,2,COMPLETED,True,baseline_7,105,0.18011439169640653,0.907033998373663,20.507049001025734,21.594197391095804
1546,17152.253987503296,17152.254075493,17152.254075493,17152.255020053,17152.27515797,0,COMPLETED,True,baseline_7,106,0.08798970520729199,0.944559997151373,20.137917003012262,21.170466705370927
1547,17152.271255522908,17152.271420673,17152.271420673,17152.272243314,17152.290316766,1,COMPLETED,True,baseline_7,107,0.1651500933803618,0.8226409991038963,18.07345199995325,19.061243092437508
1548,17152.298949321794,17152.299092709,17152.299092709,17152.300046214,17152.313735704,3,COMPLETED,True,baseline_7,108,0.1433872057532426,0.9535050012345891,13.689489998796489,14.78638220578432
1549,17152.347679927378,17152.347775297,17152.347775297,17152.348769653,17152.368700622,2,COMPLETED,True,baseline_7,109,0.09536962170386687,0.9943559998646379,19.930968999688048,21.020694621256553
1550,17152.359678530574,17152.359772348,17152.359772348,17152.360648597,17152.378376019,0,COMPLETED,True,baseline_7,110,0.09381742711411789,0.8762489997025114,17.727422000461956,18.697488427278586
1551,17152.379935940877,17152.380071043,17152.380071043,17152.380751348,17152.395898022,1,COMPLETED,True,baseline_7,111,0.13510212374967523,0.6803049982408993,15.146674002608052,15.962081124598626
1552,17152.472695349676,17152.472872596,17152.472872596,17152.473973931,17152.494566253,3,COMPLETED,True,baseline_7,112,0.17724632562021725,1.1013349976565223,20.592322001903085,21.870903325179825
1553,17152.50821055358,17152.508463631,17152.508463631,17152.509367936,17152.528692656,2,COMPLETED,True,baseline_7,113,0.2530774181650486,0.9043050013133325,19.32472000044072,20.4821024199191
1554,17152.51994717337,17152.520111354,17152.520111354,17152.521014076,17152.541060451,0,COMPLETED,True,baseline_7,114,0.16418063023593277,0.902722000319045,20.046375000674743,21.11327763122972
1555,17152.533792122926,17152.533938749,17152.533938749,17152.534723893,17152.554969338,1,COMPLETED,True,baseline_7,115,0.1466260728193447,0.7851440022932366,20.245445000909967,21.17721507602255
1556,17152.547217280076,17152.547354095,17152.547354095,17152.548265011,17152.563935917,3,COMPLETED,True,baseline_7,116,0.13681492418982089,0.9109159982472192,15.670906002924312,16.718636925361352
1557,17152.595822010317,17152.596077916,17152.596077916,17152.597146852,17152.61686907,2,COMPLETED,True,baseline_7,117,0.2559056847530883,1.068935998773668,19.722217999515124,21.04705968304188
1558,17152.621229038556,17152.621318149,17152.621318149,17152.622012299,17152.635637413,0,COMPLETED,True,baseline_7,118,0.0891104427864775,0.6941500032553449,13.625113999296445,14.408374445338268
1559,17152.630884304093,17152.630983872,17152.630983872,17152.631835746,17152.645263994,1,COMPLETED,True,baseline_7,119,0.09956790745491162,0.8518739996361546,13.4282479993999,14.379689906490967
1560,17152.64918293098,17152.64927918,17152.64927918,17152.64998131,17152.663214225,3,COMPLETED,True,baseline_7,0,0.09624901940696873,0.7021300007181708,13.23291499647894,14.031294016604079
1561,17152.680777837406,17152.680919488,17152.680919488,17152.681762603,17152.699882183,2,COMPLETED,True,baseline_7,1,0.14165059474180453,0.8431149981333874,18.119579999620328,19.10434559249552
1562,17152.69581828643,17152.696074781,17152.696074781,17152.696955645,17152.71672878,0,COMPLETED,True,baseline_7,2,0.25649457165854983,0.8808639977360144,19.773135001742048,20.910493571136612
1563,17152.70639932135,17152.706563658,17152.706563658,17152.707237649,17152.720980681,1,COMPLETED,True,baseline_7,3,0.1643366522330325,0.6739909986208659,13.743031999183586,14.581359650037484
1564,17152.72685173821,17152.726939027,17152.726939027,17152.727687957,17152.741035503,3,COMPLETED,True,baseline_7,4,0.08728879038244486,0.7489300005545374,13.34754599884036,14.183764789777342
1565,17152.768952596052,17152.76912253,17152.76912253,17152.770112789,17152.789455036,2,COMPLETED,True,baseline_7,5,0.16993394820019603,0.9902589990815613,19.342247000167845,20.502439947449602
1566,17152.798296182304,17152.798382111,17152.798382111,17152.799051104,17152.817781415,0,COMPLETED,True,baseline_7,6,0.08592869562562555,0.6689930014545098,18.73031099967193,19.485232696752064
1567,17152.798785906547,17152.79886627,17152.79886627,17152.79924209,17152.814189925,1,COMPLETED,True,baseline_7,7,0.08036345388973132,0.3758200000447687,14.947834999475162,15.404018453409662
1568,17152.810369441755,17152.810531898,17152.810531898,17152.811496611,17152.830395331,3,COMPLETED,True,baseline_7,8,0.16245624647126533,0.9647129991208203,18.898719998105662,20.025889243697748
1569,17152.819886128145,17152.82002487,17152.82002487,17152.820853559,17152.839760256,2,COMPLETED,True,baseline_7,9,0.13874185606255196,0.8286889969895128,18.90669700151193,19.874127854563994
1570,17152.83710830005,17152.83730831,17152.83730831,17152.838248559,17152.854939494,1,COMPLETED,True,baseline_7,10,0.20000995209557004,0.9402489995409269,16.69093499731389,17.831193948950386
1571,17152.84512540226,17152.845285688,17152.845285688,17152.846163937,17152.865658148,0,COMPLETED,True,baseline_7,11,0.16028574100346304,0.8782490003795829,19.4942109992553,20.532745740638347
1572,17152.896816418273,17152.896991823,17152.896991823,17152.897762445,17152.917192996,3,COMPLETED,True,baseline_7,12,0.17540472617838532,0.7706220021646004,19.43055099764024,20.376577725983225
1573,17152.922043696788,17152.922202645,17152.922202645,17152.922890357,17152.938722468,2,COMPLETED,True,baseline_7,13,0.15894821262918413,0.687711999489693,15.832110999326687,16.678771211445564
1574,17152.972650895397,17152.972799207,17152.972799207,17152.973677503,17152.99344543,1,COMPLETED,True,baseline_7,14,0.1483116029703524,0.8782959994277917,19.767926998611074,20.794534601009218
1575,17152.974659159776,17152.974755148,17152.974755148,17152.975466696,17152.990850764,0,COMPLETED,True,baseline_7,15,0.09598822362022474,0.7115480002539698,15.384067999548279,16.191604223422473
1576,17152.982772739735,17152.982862312,17152.982862312,17152.98380389,17153.00308171,3,COMPLETED,True,baseline_7,16,0.08957226600614376,0.941578000492882,19.277819999842905,20.30897026634193
1577,17152.995243004356,17152.995436722,17152.995436722,17152.996295799,17153.015881938,2,COMPLETED,True,baseline_7,17,0.1937176457431633,0.8590769975853618,19.58613900205819,20.638933645386714
1578,17153.028245912083,17153.028496279,17153.028496279,17153.029296956,17153.049467178,0,COMPLETED,True,baseline_7,18,0.25036691658897325,0.8006770003703423,20.17022200016072,21.221265917120036
1579,17153.034856124515,17153.035001671,17153.035001671,17153.03570479,17153.054967423,1,COMPLETED,True,baseline_7,19,0.1455464844184462,0.7031189998087939,19.262632999016205,20.111298483243445
1580,17153.04958429629,17153.049673758,17153.049673758,17153.050504486,17153.0635421,3,COMPLETED,True,baseline_7,20,0.08946171146817505,0.8307280004373752,13.037614000495523,13.957803712401073
1581,17153.05627547455,17153.056418871,17153.056418871,17153.057219637,17153.076123486,2,COMPLETED,True,baseline_7,21,0.14339644985739142,0.800765999883879,18.90384899888886,19.848011448630132
1582,17153.061414943495,17153.061575822,17153.061575822,17153.062294738,17153.075488347,0,COMPLETED,True,baseline_7,22,0.16087850599433295,0.7189159987319726,13.193609000154538,14.073403504880844
1583,17153.06677353939,17153.066910091,17153.066910091,17153.067702744,17153.081464394,1,COMPLETED,True,baseline_7,23,0.1365516109217424,0.7926529979158659,13.761649999651127,14.690854608488735
1584,17153.143701072637,17153.143844348,17153.143844348,17153.144932811,17153.167470374,3,COMPLETED,True,baseline_7,24,0.14327536337077618,1.0884629991778638,22.537562999787042,23.769301362335682
1585,17153.15229697801,17153.152545769,17153.152545769,17153.153452392,17153.169957562,0,COMPLETED,True,baseline_7,25,0.24879099146346562,0.9066230013559107,16.50516999870888,17.660583991528256
1586,17153.168169221924,17153.168303652,17153.168303652,17153.169377486,17153.185771953,2,COMPLETED,True,baseline_7,26,0.13443007628666237,1.0738339988165535,16.39446700210101,17.602731077204226
1587,17153.197708265234,17153.197840958,17153.197840958,17153.198530483,17153.214814026,1,COMPLETED,True,baseline_7,27,0.13269276678329334,0.6895250007801224,16.28354299828061,17.105760765844025
1588,17153.208351868605,17153.208569219,17153.208569219,17153.209251908,17153.226197791,3,COMPLETED,True,baseline_7,28,0.21735039626946673,0.6826889984949958,16.945882998697925,17.845922393462388
1589,17153.26640578314,17153.266536973,17153.266536973,17153.267189961,17153.28157392,0,COMPLETED,True,baseline_7,29,0.13118985953042284,0.6529880010930356,14.383959001861513,15.168136862484971
1590,17153.294231296157,17153.294271399,17153.294271399,17153.294829726,17153.310061961,2,COMPLETED,True,baseline_7,30,0.04010284465039149,0.5583269994531292,15.232235000439687,15.830664844543207
1591,17153.314174163337,17153.314276022,17153.314276022,17153.315014693,17153.330389204,1,COMPLETED,True,baseline_7,31,0.10185866267420352,0.7386709985439666,15.374511000118218,16.21504066133639
1592,17153.353284021596,17153.353378231,17153.353378231,17153.353943235,17153.367706163,3,COMPLETED,True,baseline_7,32,0.0942094047786668,0.5650040002365131,13.762927999778185,14.422141404793365
1593,17153.389538639203,17153.389659913,17153.389659913,17153.39863836,17153.41295547,0,COMPLETED,True,baseline_7,33,0.1212737952300813,8.97844700011774,14.317110002593836,23.416830797941657
1594,17153.426557953182,17153.426660839,17153.426660839,17153.427223106,17153.441027419,2,COMPLETED,True,baseline_7,34,0.1028858168865554,0.5622669996228069,13.804313002765412,14.469465819274774
1595,17153.43719998702,17153.437311394,17153.437311394,17153.437924124,17153.45417515,1,COMPLETED,True,baseline_7,35,0.11140697824885137,0.6127300002845004,16.251026001555147,16.9751629800885
1596,17153.44116761467,17153.44131048,17153.44131048,17153.442054957,17153.45892672,3,COMPLETED,True,baseline_7,36,0.14286533041740768,0.7444769980793353,16.87176300038118,17.759105328877922
1597,17153.53402799812,17153.534109301,17153.534109301,17153.535165335,17153.554897363,0,COMPLETED,True,baseline_7,37,0.08130287824315019,1.0560340015217662,19.732027998543344,20.86936487830826
1598,17153.552792311613,17153.55311511,17153.55311511,17153.554126839,17153.574065079,2,COMPLETED,True,baseline_7,38,0.3227983870601747,1.0117290003108792,19.938239998737117,21.27276738610817
1599,17153.56746381108,17153.567616688,17153.567616688,17153.568595519,17153.588881897,1,COMPLETED,True,baseline_7,39,0.15287692076526582,0.9788309980649501,20.286378003220307,21.418085922050523
1600,17153.6047190469,17153.604853365,17153.604853365,17153.605834448,17153.625794488,3,COMPLETED,True,baseline_7,40,0.1343180992989801,0.9810830015339889,19.960040001024026,21.075441101856995
1601,17153.635934930222,17153.636075337,17153.636075337,17153.636947574,17153.65681168,0,COMPLETED,True,baseline_7,41,0.14040677706361748,0.8722370002942625,19.86410600147792,20.8767497788358
1602,17153.639496771237,17153.639622289,17153.639622289,17153.640209636,17153.659966626,2,COMPLETED,True,baseline_7,42,0.1255177630810067,0.5873469999642111,19.75699000104214,20.46985476408736
1603,17153.658960014902,17153.659048702,17153.659048702,17153.659930998,17153.67544482,1,COMPLETED,True,baseline_7,43,0.08868709846865386,0.8822960007819347,15.513821999775246,16.484805099025834
1604,17153.668608929387,17153.668726618,17153.668726618,17153.669449779,17153.682967189,3,COMPLETED,True,baseline_7,44,0.11768861440941691,0.7231609997688793,13.517409999622032,14.358259613800328
1605,17153.673354643273,17153.673538844,17153.673538844,17153.674444722,17153.693375652,0,COMPLETED,True,baseline_7,45,0.18420072592562065,0.9058780015038792,18.93093000035151,20.02100872778101
1606,17153.690288351354,17153.690409748,17153.690409748,17153.691251084,17153.710339893,2,COMPLETED,True,baseline_7,46,0.12139664613641798,0.8413360010308679,19.088809000095353,20.05154164726264
1607,17153.704716096363,17153.704806087,17153.704806087,17153.705731938,17153.724665896,1,COMPLETED,True,baseline_7,47,0.08999063720693812,0.9258509999199305,18.933957999252016,19.949799636378884
1608,17153.750517753768,17153.750748424,17153.750748424,17153.751481313,17153.769777477,3,COMPLETED,True,baseline_7,48,0.23067023357725702,0.7328889987547882,18.296163998456905,19.25972323078895
1609,17153.861305358976,17153.861484933,17153.861484933,17153.862562713,17153.882715532,0,COMPLETED,True,baseline_7,49,0.17957402451429516,1.077779998013284,20.152819000941236,21.410173023468815
1610,17153.89615373942,17153.896329001,17153.896329001,17153.897371638,17153.917547502,2,COMPLETED,True,baseline_7,50,0.17526157898828387,1.0426369990454987,20.175863999611465,21.393762577645248
1611,17153.91546621087,17153.915761741,17153.915761741,17153.916858777,17153.936730121,1,COMPLETED,True,baseline_7,51,0.2955301279143896,1.0970360017381608,19.87134400042123,21.263910130073782
1612,17153.984579160893,17153.98472011,17153.98472011,17153.985781753,17154.005005992,3,COMPLETED,True,baseline_7,52,0.14094910511630587,1.0616430008667521,19.224239000322996,20.426831106306054
1613,17153.99439648055,17153.994566259,17153.994566259,17153.995413354,17154.012535195,0,COMPLETED,True,baseline_7,53,0.1697784500720445,0.8470950015180279,17.12184099960723,18.138714451197302
1614,17154.061461163856,17154.061550963,17154.061550963,17154.062559453,17154.082970024,2,COMPLETED,True,baseline_7,54,0.08979914491646923,1.0084899986395612,20.41057099995669,21.50886014351272
1615,17154.099543712327,17154.099674962,17154.099674962,17154.10058571,17154.117418013,1,COMPLETED,True,baseline_7,55,0.13124967153999023,0.9107480000238866,16.832303001137916,17.874300672701793
1616,17154.13320396856,17154.133342703,17154.133342703,17154.134346732,17154.154655087,3,COMPLETED,True,baseline_7,56,0.1387344418617431,1.0040289998869412,20.30835500045214,21.451118442200823
1617,17154.13374135679,17154.133870441,17154.133870441,17154.134427683,17154.153703236,0,COMPLETED,True,baseline_7,57,0.12908421194879338,0.5572419977397658,19.275553000625223,19.961879210313782
1618,17154.153696015015,17154.153839886,17154.153839886,17154.154843765,17154.169017031,2,COMPLETED,True,baseline_7,58,0.14387098417500965,1.003879002382746,14.17326599766966,15.321015984227415
1619,17154.18147477943,17154.181838309,17154.181838309,17154.182558222,17154.200075637,1,COMPLETED,True,baseline_7,59,0.36352956885821186,0.7199130013759714,17.51741499901982,18.600857569254003
1620,17154.192755454995,17154.192913453,17154.192913453,17154.193815109,17154.212527869,0,COMPLETED,True,baseline_7,60,0.15799800530658104,0.901655999768991,18.712760000198614,19.772414005274186
1621,17154.201500483974,17154.201532646,17154.201532646,17154.202400929,17154.221368594,3,COMPLETED,True,baseline_7,61,0.03216202458133921,0.8682830011821352,18.96766500067315,19.868110026436625
1622,17154.235078903093,17154.235178576,17154.235178576,17154.235901227,17154.251366828,2,COMPLETED,True,baseline_7,62,0.0996729067992419,0.7226509987958707,15.46560100177885,16.287924907373963
1623,17154.247276501523,17154.247366606,17154.247366606,17154.248056619,17154.261005007,1,COMPLETED,True,baseline_7,63,0.09010447683976963,0.6900129992573056,12.948388000950217,13.728505477047293
1624,17154.260040642563,17154.260129203,17154.260129203,17154.261033297,17154.280454612,0,COMPLETED,True,baseline_7,64,0.08856043859850615,0.9040939985425211,19.4213149989082,20.41396943604923
1625,17154.264869175626,17154.264951691,17154.264951691,17154.265672737,17154.279711798,3,COMPLETED,True,baseline_7,65,0.08251537292380817,0.7210460025817156,14.039060999493813,14.842622374999337
1626,17154.268005857386,17154.268170987,17154.268170987,17154.268840245,17154.282758654,2,COMPLETED,True,baseline_7,66,0.16512961519765668,0.669257999106776,13.918409000325482,14.752796614629915
1627,17154.30517593842,17154.305276982,17154.305276982,17154.306030857,17154.319500589,1,COMPLETED,True,baseline_7,67,0.10104357716045342,0.7538749996456318,13.469732002704404,14.32465057951049
1628,17154.326818777492,17154.326907737,17154.326907737,17154.327666839,17154.341271607,3,COMPLETED,True,baseline_7,68,0.08895950668375008,0.7591020003019366,13.604768002551282,14.452829509536969
1629,17154.343196858703,17154.343340757,17154.343340757,17154.343849272,17154.357010036,0,COMPLETED,True,baseline_7,69,0.1438982981198933,0.5085150005470496,13.16076399962185,13.813177298288792
1630,17154.40385540178,17154.403944861,17154.403944861,17154.40485272,17154.419009894,2,COMPLETED,True,baseline_7,70,0.0894592194526922,0.9078590010176413,14.157174002320971,15.154492222791305
1631,17154.429159382045,17154.429262027,17154.429262027,17154.430206642,17154.449761099,1,COMPLETED,True,baseline_7,71,0.10264495358569548,0.9446149997529574,19.55445700150449,20.60171695484314
1632,17154.45240430821,17154.452539844,17154.452539844,17154.453517419,17154.47318293,3,COMPLETED,True,baseline_7,72,0.1355357890133746,0.9775750004337169,19.665511001221603,20.778621790668694
1633,17154.473262229953,17154.473386883,17154.473386883,17154.474311611,17154.491147393,0,COMPLETED,True,baseline_7,73,0.12465304826037027,0.924727999517927,16.835782000271138,17.885163048049435
1634,17154.47854241719,17154.478668097,17154.478668097,17154.479396457,17154.497700401,2,COMPLETED,True,baseline_7,74,0.125679809571011,0.7283600025402848,18.30394399803481,19.157983810146106
1635,17154.54749701693,17154.54764187,17154.54764187,17154.548547399,17154.563713817,1,COMPLETED,True,baseline_7,75,0.14485306746792048,0.9055290029209573,15.166417997534154,16.21680006792303
1636,17154.555531466405,17154.555629476,17154.555629476,17154.556335915,17154.576089817,3,COMPLETED,True,baseline_7,76,0.09800959378480911,0.7064390010782517,19.75390200095717,20.55835059582023
1637,17154.57383922346,17154.573931283,17154.573931283,17154.574865392,17154.593952113,0,COMPLETED,True,baseline_7,77,0.09205954120261595,0.9341090008092579,19.086720996710937,20.11288953872281
1638,17154.656449585098,17154.656594501,17154.656594501,17154.657595099,17154.678491541,2,COMPLETED,True,baseline_7,78,0.14491590263787657,1.0005980002461001,20.89644199804752,22.041955900931498
1639,17154.707487066284,17154.70762946,17154.70762946,17154.708681194,17154.728648513,1,COMPLETED,True,baseline_7,79,0.14239371739677154,1.0517339978832752,19.967318999988493,21.16144671526854
1640,17154.7351461748,17154.735400137,17154.735400137,17154.736263649,17154.754283789,3,COMPLETED,True,baseline_7,80,0.25396220007678494,0.8635119993414264,18.020139999862295,19.137614199280506
1641,17154.737677175246,17154.737815505,17154.737815505,17154.738849307,17154.760517192,0,COMPLETED,True,baseline_7,81,0.13832975309924223,1.0338020001654513,21.667885001079412,22.840016754344106
1642,17154.745763643394,17154.745925477,17154.745925477,17154.746825075,17154.765786341,2,COMPLETED,True,baseline_7,82,0.16183360639843158,0.899597998795798,18.96126599967829,20.02269760487252
1643,17154.74814250839,17154.7483069,17154.7483069,17154.749077753,17154.768161087,1,COMPLETED,True,baseline_7,83,0.16439161117887124,0.7708529992669355,19.083333998423768,20.018578608869575
1644,17154.772481522654,17154.772646541,17154.772646541,17154.773512871,17154.789027193,3,COMPLETED,True,baseline_7,84,0.16501834761584178,0.8663299995532725,15.514321999944514,16.545670347113628
1645,17154.84532501103,17154.845488037,17154.845488037,17154.846535589,17154.866506007,0,COMPLETED,True,baseline_7,85,0.16302597214234993,1.0475519993633498,19.970418001321377,21.180995972827077
1646,17154.858293093177,17154.858397278,17154.858397278,17154.859155685,17154.877082344,2,COMPLETED,True,baseline_7,86,0.10418482270324603,0.7584070008306298,17.92665899847634,18.789250822010217
1647,17154.870260254967,17154.870420804,17154.870420804,17154.871420896,17154.891710081,1,COMPLETED,True,baseline_7,87,0.1605490324436687,1.0000920010497794,20.28918499854626,21.44982603203971
1648,17154.87191812972,17154.872100226,17154.872100226,17154.872953358,17154.892586893,3,COMPLETED,True,baseline_7,88,0.18209627887699753,0.8531320017937105,19.633534997410607,20.668763278081315
1649,17154.87431734389,17154.874472411,17154.874472411,17154.875304333,17154.890582821,0,COMPLETED,True,baseline_7,89,0.15506711133639328,0.8319219996337779,15.278488001058577,16.265477112028748
1650,17154.912951646562,17154.913125067,17154.913125067,17154.914085094,17154.932048713,2,COMPLETED,True,baseline_7,90,0.17342043793178163,0.9600269986549392,17.963619000511244,19.097066437097965
1651,17154.948575291844,17154.948708693,17154.948708693,17154.949189928,17154.962560873,0,COMPLETED,True,baseline_7,91,0.13340115401661023,0.48123500164365396,13.370944998314371,13.985581153974636
1652,17154.969497798615,17154.969598979,17154.969598979,17154.970042112,17154.984188119,1,COMPLETED,True,baseline_7,92,0.10118038699147291,0.4431329980434384,14.146007000817917,14.690320385852829
1653,17154.969621020053,17154.969674934,17154.969674934,17154.970331085,17154.988992134,3,COMPLETED,True,baseline_7,93,0.053913947340333834,0.6561510017490946,18.661048998183105,19.371113947272534
1654,17154.97517408373,17154.975317593,17154.975317593,17154.976248365,17154.99620549,2,COMPLETED,True,baseline_7,94,0.14350927085615695,0.9307719992648344,19.957124997745268,21.03140626786626
1655,17154.99406069664,17154.99424084,17154.99424084,17154.995059335,17155.009085385,0,COMPLETED,True,baseline_7,95,0.1801433572836686,0.8184950020222459,14.026050001120893,15.024688360426808
1656,17154.99499532141,17154.995085775,17154.995085775,17154.995608849,17155.008853239,1,COMPLETED,True,baseline_7,96,0.09045359183801338,0.5230739989201538,13.244390000181738,13.857917590939905
1657,17155.028824689252,17155.029009051,17155.029009051,17155.02982905,17155.043287721,3,COMPLETED,True,baseline_7,97,0.18436174650560133,0.8199990006687585,13.458671000989852,14.463031748164212
1658,17155.03470481177,17155.03483877,17155.03483877,17155.035787876,17155.055303933,2,COMPLETED,True,baseline_7,98,0.13395823043538257,0.9491060009167995,19.516057000146247,20.59912123149843
1659,17155.04427406341,17155.044471692,17155.044471692,17155.045038395,17155.064845503,1,COMPLETED,True,baseline_7,99,0.19762858937610872,0.5667030018230435,19.807107997621642,20.571439588820795
1660,17155.045663114804,17155.045774681,17155.045774681,17155.046658482,17155.065563976,0,COMPLETED,True,baseline_7,100,0.11156619439134374,0.8838009998726193,18.905494001955958,19.90086119621992
1661,17155.046445443735,17155.046543596,17155.046543596,17155.046952895,17155.060588092,3,COMPLETED,True,baseline_7,101,0.09815226439968683,0.40929900205810554,13.635196999530308,14.1426482659881
1662,17155.058131228416,17155.058308657,17155.058308657,17155.059019975,17155.072324556,2,COMPLETED,True,baseline_7,102,0.17742858472047374,0.7113179999578279,13.30458099982934,14.193327584507642
1663,17155.132996234617,17155.133139693,17155.133139693,17155.134080409,17155.15391047,3,COMPLETED,True,baseline_7,103,0.14345838280860335,0.9407159996044356,19.8300609990838,20.914235381496837
1664,17155.141577619932,17155.141784863,17155.141784863,17155.142970951,17155.1623141,1,COMPLETED,True,baseline_7,104,0.20724306887132116,1.1860880003951024,19.343148996995296,20.73648006626172
1665,17155.143637495756,17155.143782434,17155.143782434,17155.14452748,17155.165118665,0,COMPLETED,True,baseline_7,105,0.14493824346573092,0.7450459997926373,20.591185002558632,21.481169245817
1666,17155.166512479536,17155.166681395,17155.166681395,17155.167558362,17155.185864325,2,COMPLETED,True,baseline_7,106,0.16891546329134144,0.8769670021138154,18.30596299987519,19.35184546528035
1667,17155.240761462424,17155.240904558,17155.240904558,17155.241862518,17155.26225112,3,COMPLETED,True,baseline_7,107,0.1430955744581297,0.9579600009601563,20.388601999002276,21.489657574420562
1668,17155.258766533232,17155.25894909,17155.25894909,17155.25996664,17155.280137797,1,COMPLETED,True,baseline_7,108,0.18255676695844159,1.0175499992328696,20.17115700073191,21.37126376692322
1669,17155.262742638395,17155.262973811,17155.262973811,17155.263970477,17155.285810561,0,COMPLETED,True,baseline_7,109,0.23117260570870712,0.9966659999918193,21.84008399854065,23.067922604241176
1670,17155.270150248816,17155.270312588,17155.270312588,17155.271192355,17155.290697569,2,COMPLETED,True,baseline_7,110,0.16233918358921073,0.879767001606524,19.505213997035753,20.547320182231488
1671,17155.271776614438,17155.272062238,17155.272062238,17155.272868906,17155.29227803,3,COMPLETED,True,baseline_7,111,0.2856235623767134,0.8066679984040093,19.4091240009584,20.501415561739122
1672,17155.31273610681,17155.312865494,17155.312865494,17155.313598413,17155.331354573,1,COMPLETED,True,baseline_7,112,0.1293871900998056,0.7329189975280315,17.756160003045807,18.618466190673644
1673,17155.33583775066,17155.335922797,17155.335922797,17155.336723312,17155.356872862,0,COMPLETED,True,baseline_7,113,0.08504634024575353,0.8005150011740625,20.149550000496674,21.03511134191649
1674,17155.34386399061,17155.343965598,17155.343965598,17155.344665046,17155.358015533,2,COMPLETED,True,baseline_7,114,0.1016073911159765,0.6994479990680702,13.350486999115674,14.15154238929972
1675,17155.35251563147,17155.352604292,17155.352604292,17155.353533903,17155.37221546,3,COMPLETED,True,baseline_7,115,0.08866052667144686,0.9296110001741908,18.681557001400506,19.699828528246144
1676,17155.37799134899,17155.378154529,17155.378154529,17155.378873007,17155.397297426,1,COMPLETED,True,baseline_7,116,0.1631800114409998,0.718478000635514,18.42441899862024,19.306077010696754
1677,17155.37908696763,17155.379228508,17155.379228508,17155.379788105,17155.393750458,0,COMPLETED,True,baseline_7,117,0.14154037125990726,0.5595969996647909,13.962352997623384,14.663490368548082
1678,17155.39014140633,17155.390242937,17155.390242937,17155.391071974,17155.404399993,2,COMPLETED,True,baseline_7,118,0.10153066978091374,0.8290370024042204,13.328018998436164,14.258586670621298
1679,17155.427905735887,17155.427993681,17155.427993681,17155.428498537,17155.443474494,3,COMPLETED,True,baseline_7,119,0.08794511450105347,0.5048559978604317,14.975957001297502,15.568758113658987
1680,17155.44728519753,17155.44737371,17155.44737371,17155.44779209,17155.461688617,0,COMPLETED,True,baseline_7,0,0.08851247184793465,0.41837999742710963,13.89652700163424,14.403419470909284
1681,17155.44846481981,17155.448547877,17155.448547877,17155.448867332,17155.462121259,1,COMPLETED,True,baseline_7,1,0.08305719165946357,0.31945500086294487,13.253926998004317,13.656439190526726
1682,17155.4535815675,17155.453731401,17155.453731401,17155.454596848,17155.474455082,2,COMPLETED,True,baseline_7,2,0.14983350047259592,0.8654470002511516,19.858233998093056,20.873514498816803
1683,17155.462089723496,17155.462274958,17155.462274958,17155.462933016,17155.476075692,3,COMPLETED,True,baseline_7,3,0.18523450489738025,0.6580579974979628,13.142676001734799,13.985968504130142
1684,17155.484509067624,17155.484706415,17155.484706415,17155.485184548,17155.502175646,0,COMPLETED,True,baseline_7,4,0.19734737725229934,0.47813299897825345,16.99109800028964,17.666578376520192
1685,17155.50468384026,17155.504728131,17155.504728131,17155.505293054,17155.52043042,1,COMPLETED,True,baseline_7,5,0.044290740333963186,0.5649230006383732,15.137366000999464,15.7465797419718
1686,17155.55935896192,17155.559475404,17155.559475404,17155.560292571,17155.580562506,2,COMPLETED,True,baseline_7,6,0.11644207916106097,0.8171670015144628,20.269934997486416,21.20354407816194
1687,17155.597776462284,17155.597996571,17155.597996571,17155.598666235,17155.618615464,3,COMPLETED,True,baseline_7,7,0.22010871543898247,0.6696640011796262,19.949229001213098,20.839001717831707
1688,17155.615002714818,17155.615224446,17155.615224446,17155.616261674,17155.63593267,0,COMPLETED,True,baseline_7,8,0.22173118122736923,1.0372280012234114,19.67099600005895,20.92995518250973
1689,17155.626393741706,17155.626516425,17155.626516425,17155.627221818,17155.644503084,1,COMPLETED,True,baseline_7,9,0.12268329373910092,0.7053929984977003,17.281266002100892,18.109342294337694
1690,17155.67896423003,17155.679097952,17155.679097952,17155.680154994,17155.700285223,2,COMPLETED,True,baseline_7,10,0.13372197281569242,1.05704199813772,20.13022900064243,21.320992971595842
1691,17155.710511467045,17155.71058902,17155.71058902,17155.71153628,17155.727395625,3,COMPLETED,True,baseline_7,11,0.07755295519018546,0.947259999520611,15.859344999626046,16.884157954336843
1692,17155.7116692117,17155.71175082,17155.71175082,17155.712201233,17155.730100848,0,COMPLETED,True,baseline_7,12,0.08160829747794196,0.45041300109005533,17.89961499889614,18.431636297464138
1693,17155.73841867269,17155.738529214,17155.738529214,17155.739319163,17155.75359555,1,COMPLETED,True,baseline_7,13,0.11054131027776748,0.7899490010458976,14.276386998972157,15.176877310295822
1694,17155.79803848232,17155.798181465,17155.798181465,17155.798967952,17155.818466808,2,COMPLETED,True,baseline_7,14,0.14298268069978803,0.7864869985496625,19.498855999700027,20.428325678949477
1695,17155.800147908092,17155.800235224,17155.800235224,17155.800598976,17155.813569996,3,COMPLETED,True,baseline_7,15,0.08731590787647292,0.36375199852045625,12.97102000171435,13.42208790811128
1696,17155.836994354137,17155.837091503,17155.837091503,17155.837958203,17155.857975768,0,COMPLETED,True,baseline_7,16,0.09714886255096644,0.8667000001878478,20.0175650024903,20.981413865229115
1697,17155.851567844857,17155.851752924,17155.851752924,17155.852492453,17155.875462508,1,COMPLETED,True,baseline_7,17,0.1850791450124234,0.7395289976557251,22.970055000769207,23.894663143437356
1698,17155.861501706848,17155.86159797,17155.86159797,17155.862131052,17155.881627982,3,COMPLETED,True,burst_7,18,0.09626315295463428,0.5330819985829294,19.49692999914987,20.126275150687434
1699,17155.863419136564,17155.863571469,17155.863571469,17155.864187904,17155.882753234,2,COMPLETED,True,burst_7,19,0.15233243539114483,0.6164350015751552,18.56532999954652,19.33409743651282
1700,17155.9288590079,17155.928961184,17155.928961184,17155.929438913,17155.946309639,0,COMPLETED,True,burst_7,20,0.10217609815299511,0.4777290014317259,16.870725998160196,17.450631097744917
1701,17155.948504699278,17155.94859537,17155.94859537,17155.94945202,17155.968950247,1,COMPLETED,True,burst_7,21,0.09067072096513584,0.8566500000597443,19.498227000440238,20.44554772146512
1702,17155.98012376962,17155.980242206,17155.980242206,17155.981078746,17156.000273933,3,COMPLETED,True,baseline_8,22,0.11843637912534177,0.8365400026377756,19.195187000150327,20.150163381913444
1703,17156.010256481986,17156.010503931,17156.010503931,17156.01128211,17156.024139807,2,COMPLETED,True,baseline_8,23,0.24744901384110563,0.7781790009175893,12.857696998253232,13.883325013011927
1704,17156.031304632146,17156.031477331,17156.031477331,17156.032347501,17156.050597356,0,COMPLETED,True,baseline_8,24,0.1726988521113526,0.8701700025994796,18.249854998430237,19.29272385314107
1705,17156.034248662276,17156.034336305,17156.034336305,17156.034972534,17156.048750992,1,COMPLETED,True,baseline_8,25,0.087642725702608,0.6362289968819823,13.778458000160754,14.502329722745344
1706,17156.036632335876,17156.036789743,17156.036789743,17156.0375249,17156.057305708,3,COMPLETED,True,baseline_8,26,0.1574071247887332,0.7351569984166417,19.78080800108728,20.673372124292655
1707,17156.055185142086,17156.055356157,17156.055356157,17156.056110075,17156.069442865,2,COMPLETED,True,baseline_8,27,0.17101491539506242,0.7539179969171528,13.332790000276873,14.257722912589088
1708,17156.088022480482,17156.088109292,17156.088109292,17156.088899518,17156.106569032,1,COMPLETED,True,baseline_8,28,0.08681151666678488,0.7902260003902484,17.66951399986283,18.546551516919862
1709,17156.088608359118,17156.088805856,17156.088805856,17156.089480373,17156.108929559,0,COMPLETED,True,baseline_8,29,0.19749688362935558,0.674516999424668,19.449185998382745,20.32119988143677
1710,17156.09889947983,17156.099030766,17156.099030766,17156.099756652,17156.113211401,3,COMPLETED,True,baseline_8,30,0.13128616774338298,0.7258860023284797,13.454748997901333,14.311921167973196
1711,17156.11617545341,17156.116262041,17156.116262041,17156.116852834,17156.13047309,2,COMPLETED,True,baseline_8,31,0.08658758815727197,0.5907929989916738,13.620256002468523,14.297636589617468
1712,17156.19111206915,17156.191222714,17156.191222714,17156.191792195,17156.20525408,1,COMPLETED,True,baseline_8,32,0.11064484715461731,0.5694810024579056,13.46188499883283,14.142010848445352
1713,17156.203132954335,17156.203290974,17156.203290974,17156.204272879,17156.222082403,0,COMPLETED,True,baseline_8,33,0.15801966583239846,0.9819049992074724,17.80952400076785,18.949448665807722
1714,17156.211243674243,17156.211418193,17156.211418193,17156.212283015,17156.227725048,3,COMPLETED,True,baseline_8,34,0.17451875828555785,0.8648219991300721,15.442032999999356,16.481373757414985
1715,17156.236656686346,17156.236814961,17156.236814961,17156.237348951,17156.251307749,2,COMPLETED,True,baseline_8,35,0.15827465540496632,0.5339899980754126,13.958798001112882,14.651062654593261
1716,17156.275302508002,17156.275396923,17156.275396923,17156.276156562,17156.290246612,1,COMPLETED,True,baseline_8,36,0.09441499787499197,0.7596389987156726,14.090050000959309,14.944103997549973
1717,17156.317603800064,17156.317788087,17156.317788087,17156.318416251,17156.335791552,0,COMPLETED,True,baseline_8,37,0.1842869351094123,0.6281640016823076,17.37530099853757,18.18775193532929
1718,17156.377418982647,17156.377558588,17156.377558588,17156.378259384,17156.396224635,3,COMPLETED,True,baseline_8,38,0.13960535216028802,0.7007960011833347,17.965250997804105,18.805652351147728
1719,17156.42768331157,17156.427946231,17156.427946231,17156.428869293,17156.444332162,2,COMPLETED,True,baseline_8,39,0.26291943140677176,0.9230619980371557,15.462868999748025,16.648850429191953
1720,17156.43833770343,17156.438534527,17156.438534527,17156.439247343,17156.453203005,1,COMPLETED,True,baseline_8,40,0.19682357014971785,0.7128160032152664,13.95566199789755,14.865301571262535
1721,17156.444105364975,17156.444270879,17156.444270879,17156.444864031,17156.460895587,0,COMPLETED,True,baseline_8,41,0.16551402586628683,0.5931519990554079,16.031555998779368,16.790222023701062
1722,17156.531933731425,17156.532079071,17156.532079071,17156.533140681,17156.553135615,3,COMPLETED,True,baseline_8,42,0.14533957437379286,1.061610000760993,19.99493399853236,21.201883573667146
1723,17156.53698654033,17156.537123166,17156.537123166,17156.538054588,17156.557396703,2,COMPLETED,True,baseline_8,43,0.13662566925631836,0.9314220005762763,19.34211499974481,20.410162669577403
1724,17156.569312441497,17156.569561602,17156.569561602,17156.570611914,17156.591132021,1,COMPLETED,True,baseline_8,44,0.24916050097090192,1.0503120029170532,20.520106998446863,21.81957950233482
1725,17156.5698045066,17156.570175767,17156.570175767,17156.570830279,17156.59034765,0,COMPLETED,True,baseline_8,45,0.37126040115254,0.6545120013470296,19.517370998073602,20.54314340057317
1726,17156.613831572577,17156.61399594,17156.61399594,17156.614959877,17156.634798993,3,COMPLETED,True,baseline_8,46,0.1643674222577829,0.9639370000513736,19.839116001094226,20.967420423403382
1727,17156.659285820813,17156.659373627,17156.659373627,17156.660106589,17156.679568218,2,COMPLETED,True,baseline_8,47,0.08780618736636825,0.7329619984375313,19.461629002762493,20.282397188566392
1728,17156.661887930477,17156.661967999,17156.661967999,17156.662274374,17156.680095084,0,COMPLETED,True,baseline_8,48,0.08006852294784039,0.3063750009459909,17.820709999796236,18.207153523690067
1729,17156.679274704034,17156.679395128,17156.679395128,17156.680224566,17156.694790519,1,COMPLETED,True,baseline_8,49,0.12042396701872349,0.8294379986182321,14.565952998964349,15.515814964601304
1730,17156.68571247226,17156.685885754,17156.685885754,17156.686440193,17156.702822534,0,COMPLETED,True,baseline_8,50,0.17328173998976126,0.5544390005525202,16.382341000280576,17.110061740822857
1731,17156.706671967037,17156.706797819,17156.706797819,17156.707308745,17156.720590411,2,COMPLETED,True,baseline_8,51,0.12585196236614138,0.5109260018798523,13.281666000693804,13.918443964939797
1732,17156.71936678003,17156.719482015,17156.719482015,17156.720469951,17156.739209885,3,COMPLETED,True,baseline_8,52,0.11523496868903749,0.9879360004561022,18.739933999313507,19.843104968458647
1733,17156.74245139674,17156.742565978,17156.742565978,17156.743266415,17156.756427959,1,COMPLETED,True,baseline_8,53,0.11458125663921237,0.7004370017966721,13.161544000467984,13.976562258903868
1734,17156.74527841858,17156.745358081,17156.745358081,17156.746104508,17156.766023894,0,COMPLETED,True,baseline_8,54,0.07966241901158355,0.746427002013661,19.91938599894638,20.745475419971626
1735,17156.752799468908,17156.752958081,17156.752958081,17156.753759053,17156.772185995,2,COMPLETED,True,baseline_8,55,0.1586120924912393,0.8009720004338305,18.426941998768598,19.386526091693668
1736,17156.782842090757,17156.782935347,17156.782935347,17156.783663068,17156.802808476,3,COMPLETED,True,baseline_8,56,0.09325624341727234,0.7277209988387767,19.145408001350006,19.966385243606055
1737,17156.803590154588,17156.803719577,17156.803719577,17156.804483454,17156.824186964,1,COMPLETED,True,baseline_8,57,0.12942241301061586,0.7638770002813544,19.703509999089874,20.596809412381845
1738,17156.833365719405,17156.833451428,17156.833451428,17156.834313307,17156.853672186,0,COMPLETED,True,baseline_8,58,0.0857085942698177,0.8618790016043931,19.358878998900764,20.306466594774975
1739,17156.85666904547,17156.856703547,17156.856703547,17156.85744845,17156.870435343,2,COMPLETED,True,baseline_8,59,0.034501528716646135,0.7449029981216881,12.986893001652788,13.766297528491123
1740,17156.86348235884,17156.863626198,17156.863626198,17156.864450163,17156.884404919,3,COMPLETED,True,baseline_8,60,0.14383915913640521,0.8239650014729705,19.954756000515772,20.922560161125148
1741,17156.88877379481,17156.888931742,17156.888931742,17156.889628361,17156.907723709,1,COMPLETED,True,baseline_8,61,0.15794719001860358,0.6966190012462903,18.09534799758694,18.949914188851835
1742,17156.89769260827,17156.897906656,17156.897906656,17156.898861062,17156.918429669,0,COMPLETED,True,baseline_8,62,0.21404772996902466,0.9544060012558475,19.568607000110205,20.737060731335077
1743,17156.901757420448,17156.902015715,17156.902015715,17156.902893877,17156.921980786,2,COMPLETED,True,baseline_8,63,0.25829455262282863,0.8781619981164113,19.08690900017973,20.22336555091897
1744,17156.928182474472,17156.928269996,17156.928269996,17156.92870773,17156.942119987,3,COMPLETED,True,baseline_8,64,0.08752152643864974,0.43773400102509186,13.412257001618855,13.937512529082596
1745,17156.950386975783,17156.950476996,17156.950476996,17156.951270789,17156.967778294,1,COMPLETED,True,baseline_8,65,0.09002021761261858,0.7937929985928349,16.507505002664402,17.391318218869856
1746,17157.00051388815,17157.000679076,17157.000679076,17157.001356403,17157.021205446,0,COMPLETED,True,baseline_8,66,0.1651878519624006,0.6773269997211173,19.849042997520883,20.6915578492044
1747,17157.005635198697,17157.005718913,17157.005718913,17157.006341812,17157.025931861,2,COMPLETED,True,baseline_8,67,0.08371430158149451,0.6228990023373626,19.590048999816645,20.296662303735502
1748,17157.03842606925,17157.038528998,17157.038528998,17157.039343504,17157.058820595,3,COMPLETED,True,baseline_8,68,0.10292874867445789,0.8145059982780367,19.4770910020452,20.394525748997694
1749,17157.0433863318,17157.043478123,17157.043478123,17157.044361383,17157.062433541,1,COMPLETED,True,baseline_8,69,0.09179120024782605,0.8832599996821955,18.072157999995397,19.04720919992542
1750,17157.101923952294,17157.102084979,17157.102084979,17157.102934337,17157.120863905,0,COMPLETED,True,baseline_8,70,0.16102670633699745,0.8493579989590216,17.929567999090068,18.939952704386087
1751,17157.12020483791,17157.120367184,17157.120367184,17157.121215835,17157.141171323,2,COMPLETED,True,baseline_8,71,0.1623460921109654,0.8486509977956302,19.955488001869526,20.96648509177612
1752,17157.161604691508,17157.161862072,17157.161862072,17157.162849185,17157.182034685,3,COMPLETED,True,baseline_8,72,0.2573804922576528,0.9871129987004679,19.185500001185574,20.429993492143694
1753,17157.180567351323,17157.180728773,17157.180728773,17157.181501745,17157.200887235,1,COMPLETED,True,baseline_8,73,0.1614216780581046,0.772971998230787,19.385490002605366,20.319883678894257
1754,17157.212213728515,17157.212374335,17157.212374335,17157.213007999,17157.2321376,0,COMPLETED,True,baseline_8,74,0.16060648340499029,0.6336639999062754,19.129601001623087,19.923871484934352
1755,17157.238323022077,17157.238622391,17157.238622391,17157.239734514,17157.259499228,2,COMPLETED,True,baseline_8,75,0.29936892315163277,1.1121230018034112,19.76471399757429,21.176205922529334
1756,17157.240914651833,17157.241053081,17157.241053081,17157.241764886,17157.261579041,3,COMPLETED,True,baseline_8,76,0.13842916814610362,0.7118049979908392,19.8141549990396,20.664389165176544
1757,17157.26830281166,17157.268443953,17157.268443953,17157.269133745,17157.283013048,1,COMPLETED,True,baseline_8,77,0.1411413395544514,0.6897920029587112,13.879302998248022,14.710236340761185
1758,17157.287246755837,17157.287450877,17157.287450877,17157.28840318,17157.307568867,0,COMPLETED,True,baseline_8,78,0.20412116282386705,0.9523029984848108,19.16568700107746,20.322111162386136
1759,17157.295723949115,17157.29607317,17157.29607317,17157.296928704,17157.315287287,2,COMPLETED,True,baseline_8,79,0.34922088525490835,0.8555339991289657,18.358583001827355,19.56333788621123
1760,17157.296105914447,17157.296196384,17157.296196384,17157.296975444,17157.310463985,3,COMPLETED,True,baseline_8,80,0.09046955165104009,0.7790599993313663,13.488541000697296,14.358070551679702
1761,17157.298997190053,17157.299162599,17157.299162599,17157.299906209,17157.319439736,1,COMPLETED,True,baseline_8,81,0.1654089464864228,0.743609998608008,19.533527000021422,20.442545945115853
1762,17157.326804001743,17157.326913239,17157.326913239,17157.327757293,17157.341327616,0,COMPLETED,True,baseline_8,82,0.10923725858447142,0.8440539968432859,13.57032300074934,14.523614256177098
1763,17157.384751593,17157.384846065,17157.384846065,17157.385592927,17157.40221116,3,COMPLETED,True,baseline_8,83,0.09447200136492029,0.7468619987776037,16.618232999462634,17.45956699960516
1764,17157.402632341047,17157.402923608,17157.402923608,17157.40382806,17157.422702944,2,COMPLETED,True,baseline_8,84,0.29126695153536275,0.9044520011229906,18.874884000979364,20.070602953637717
1765,17157.422957954215,17157.423122293,17157.423122293,17157.42408858,17157.437463281,1,COMPLETED,True,baseline_8,85,0.16433878408861347,0.966286999755539,13.374701000429923,14.505326784274075
1766,17157.47134134949,17157.471435918,17157.471435918,17157.472200522,17157.484823074,0,COMPLETED,True,baseline_8,86,0.09456850966671482,0.7646039994142484,12.622551999811549,13.481724508892512
1767,17157.491098611306,17157.491201459,17157.491201459,17157.491893491,17157.509780893,3,COMPLETED,True,baseline_8,87,0.10284769450663589,0.6920319974597078,17.887402002088493,18.682281694054836
1768,17157.558129499295,17157.558377611,17157.558377611,17157.559342761,17157.579406316,2,COMPLETED,True,baseline_8,88,0.24811170442262664,0.9651500004110858,20.06355499906931,21.276816703903023
1769,17157.61485450669,17157.614994952,17157.614994952,17157.615926931,17157.635724493,1,COMPLETED,True,baseline_8,89,0.1404453105351422,0.9319790005974937,19.797561999439495,20.86998631057213
1770,17157.624657779153,17157.624829257,17157.624829257,17157.625701962,17157.64487914,0,COMPLETED,True,baseline_8,90,0.17147784819826484,0.8727049971639644,19.177178000973072,20.2213608463353
1771,17157.670077464194,17157.670234113,17157.670234113,17157.671035594,17157.689073738,3,COMPLETED,True,baseline_8,91,0.15664880629628897,0.8014810009626672,18.03814400045667,18.996273807715625
1772,17157.68458416687,17157.684748349,17157.684748349,17157.68553135,17157.704788794,2,COMPLETED,True,baseline_8,92,0.1641821290832013,0.7830009999452159,19.25744400068652,20.204627129714936
1773,17157.697347574638,17157.697466762,17157.697466762,17157.698283446,17157.717181429,1,COMPLETED,True,baseline_8,93,0.11918736345251091,0.8166839979821816,18.897983001807006,19.8338543632417
1774,17157.7089022531,17157.70899727,17157.70899727,17157.709620224,17157.72478536,0,COMPLETED,True,baseline_8,94,0.09501690146862529,0.6229539976629894,15.165135999268387,15.883106898400001
1775,17157.709883059204,17157.710059264,17157.710059264,17157.710813977,17157.730136254,3,COMPLETED,True,baseline_8,95,0.17620479775359854,0.7547129971499089,19.32227699944633,20.253194794349838
1776,17157.719703976974,17157.719863712,17157.719863712,17157.720704718,17157.739577486,2,COMPLETED,True,baseline_8,96,0.1597350237716455,0.8410060036112554,18.87276799971005,19.87350902709295
1777,17157.73111384566,17157.731250069,17157.731250069,17157.732045682,17157.746538609,1,COMPLETED,True,baseline_8,97,0.13622333790408447,0.795613002992468,14.492926999082556,15.424763339979108
1778,17157.77109623388,17157.771180683,17157.771180683,17157.772147064,17157.791402348,0,COMPLETED,True,baseline_8,98,0.08444912236882374,0.9663809978519566,19.25528400170151,20.306114121922292
1779,17157.78424744001,17157.784330815,17157.784330815,17157.785054111,17157.79810715,3,COMPLETED,True,baseline_8,99,0.08337499093613587,0.7232959978864528,13.053039001533762,13.85970999035635
1780,17157.813561123607,17157.813720993,17157.813720993,17157.814437409,17157.827493565,2,COMPLETED,True,baseline_8,100,0.15986939251888543,0.7164160015236121,13.056155999947805,13.932441393990302
1781,17157.824174834564,17157.824314553,17157.824314553,17157.825243274,17157.845098884,1,COMPLETED,True,baseline_8,101,0.13971843509352766,0.9287210014008451,19.855610000377055,20.924049436871428
1782,17157.829266497112,17157.82940678,17157.82940678,17157.830344373,17157.848985791,0,COMPLETED,True,baseline_8,102,0.14028288933332078,0.9375929985253606,18.64141799887875,19.719293886737432
1783,17157.844705542324,17157.844744177,17157.844744177,17157.845625968,17157.863953812,3,COMPLETED,True,baseline_8,103,0.03863467645714991,0.8817909983918071,18.32784400176024,19.248269676609198
1784,17157.856583971294,17157.856762944,17157.856762944,17157.857437037,17157.870325614,2,COMPLETED,True,baseline_8,104,0.17897270663524978,0.6740930002706591,12.888576999102952,13.74164270600886
1785,17157.897125901873,17157.897213566,17157.897213566,17157.897915394,17157.911487806,1,COMPLETED,True,baseline_8,105,0.08766412793193012,0.7018280011834577,13.57241199730197,14.361904126417357
1786,17157.91449872505,17157.914751098,17157.914751098,17157.915266115,17157.928602527,0,COMPLETED,True,baseline_8,106,0.2523729490349069,0.5150169999978971,13.336412001081044,14.103801950113848
1787,17157.945251719982,17157.945508353,17157.945508353,17157.946347995,17157.966760055,3,COMPLETED,True,baseline_8,107,0.2566330185800325,0.8396419980272185,20.41205999921658,21.508335015823832
1788,17157.98289223896,17157.982987745,17157.982987745,17157.983807783,17158.001471161,2,COMPLETED,True,baseline_8,108,0.0955060386331752,0.8200379998015705,17.66337799926987,18.578922037704615
1789,17158.00198380449,17158.002216658,17158.002216658,17158.002881128,17158.018513532,1,COMPLETED,True,baseline_8,109,0.2328535083506722,0.6644700006290805,15.632403999916278,16.52972750889603
1790,17158.040507939,17158.040667296,17158.040667296,17158.041381411,17158.054358311,0,COMPLETED,True,baseline_8,110,0.1593570013938006,0.7141149981180206,12.976900001376634,13.850372000888456
1791,17158.062316591026,17158.062423615,17158.062423615,17158.063179612,17158.075903053,3,COMPLETED,True,baseline_8,111,0.10702397412387654,0.7559969999419991,12.723440999252489,13.586461973318364
1792,17158.07477590462,17158.074963839,17158.074963839,17158.076065657,17158.095000127,2,COMPLETED,True,baseline_8,112,0.18793437993736006,1.1018179975508247,18.934470001113368,20.224222378601553
1793,17158.08190593927,17158.082068072,17158.082068072,17158.08289895,17158.101376433,3,COMPLETED,True,baseline_8,113,0.16213272829190828,0.8308780015795492,18.477482997695915,19.470493727567373
1794,17158.16452623085,17158.164628759,17158.164628759,17158.165627801,17158.186073675,0,COMPLETED,True,baseline_8,114,0.10252815263811499,0.9990420003305189,20.44587399723241,21.547444150201045
1795,17158.19143359165,17158.191686337,17158.191686337,17158.192776915,17158.212643233,1,COMPLETED,True,baseline_8,115,0.25274534709751606,1.0905780000030063,19.866318001731997,21.20964134883252
1796,17158.19282896373,17158.193076582,17158.193076582,17158.193945413,17158.213472548,2,COMPLETED,True,baseline_8,116,0.24761827080510557,0.8688310008437838,19.527134998497786,20.643584270146675
1797,17158.20273034638,17158.202875172,17158.202875172,17158.203767659,17158.224086952,3,COMPLETED,True,baseline_8,117,0.14482561891782098,0.8924870016926434,20.319292998465244,21.356605619075708
1798,17158.237692238887,17158.237906207,17158.237906207,17158.238746981,17158.257970829,0,COMPLETED,True,baseline_8,118,0.21396811280283146,0.8407739987887908,19.223848001274746,20.278590112866368
1799,17158.286171700645,17158.286327789,17158.286327789,17158.28731506,17158.307874046,1,COMPLETED,True,baseline_8,119,0.15608835383318365,0.9872709997580387,20.558986001560697,21.70234535515192
1800,17158.291656507485,17158.291858552,17158.291858552,17158.293085458,17158.314351911,2,COMPLETED,True,baseline_8,0,0.20204451357130893,1.2269060025573708,21.266453000862384,22.695403516991064
1801,17158.29798578943,17158.298231911,17158.298231911,17158.299266714,17158.329390119,3,COMPLETED,True,baseline_8,1,0.24612156994407997,1.0348029973101802,30.123405002086656,31.404329569340916
1802,17158.330021911886,17158.330153695,17158.330153695,17158.330773957,17158.347084399,0,COMPLETED,True,baseline_8,2,0.1317831120104529,0.6202620024851058,16.310441998939496,17.062487113435054
1803,17158.37673203061,17158.3767695,17158.3767695,17158.377478788,17158.393802163,1,COMPLETED,True,baseline_8,3,0.03746938818949275,0.7092880005075131,16.32337499904679,17.070132387743797
1804,17158.54095798683,17158.541104444,17158.541104444,17158.542037615,17158.560863848,2,COMPLETED,True,baseline_8,4,0.14645717237726785,0.9331709989055526,18.826233001163928,19.90586117244675
1805,17158.57894051986,17158.579043388,17158.579043388,17158.580228521,17158.600537233,3,COMPLETED,True,baseline_8,5,0.10286813994753174,1.1851330018544104,20.308711998950457,21.5967131407524
1806,17158.580068915868,17158.580161349,17158.580161349,17158.580832864,17158.601061526,0,COMPLETED,True,baseline_8,6,0.09243313252227381,0.6715150011586957,20.228661996952724,20.992610130633693
1807,17158.616013726434,17158.616177262,17158.616177262,17158.617183302,17158.636292299,1,COMPLETED,True,baseline_8,7,0.1635355656617321,1.0060400018119253,19.108996999420924,20.27857256689458
1808,17158.64387600503,17158.644041597,17158.644041597,17158.645048917,17158.663649601,2,COMPLETED,True,baseline_8,8,0.16559196956222877,1.007319999189349,18.600684001285117,19.773595970036695
1809,17158.681915169356,17158.682166403,17158.682166403,17158.683021326,17158.698048252,3,COMPLETED,True,baseline_8,9,0.25123364321189,0.8549230005883146,15.026926001155516,16.13308264495572
1810,17158.695571115964,17158.695618695,17158.695618695,17158.696568599,17158.716064857,0,COMPLETED,True,baseline_8,10,0.04757903661811724,0.9499039988440927,19.49625799898058,20.49374103444279
1811,17158.721110249702,17158.721251445,17158.721251445,17158.721936488,17158.740051623,1,COMPLETED,True,baseline_8,11,0.1411952980561182,0.6850429999758489,18.1151350006985,18.94137329873047
1812,17158.725271023526,17158.725437424,17158.725437424,17158.726215404,17158.745465314,2,COMPLETED,True,baseline_8,12,0.16640047397231683,0.7779799998388626,19.24991000123555,20.194290475046728
1813,17158.749434242258,17158.74965695,17158.74965695,17158.750404548,17158.764794112,3,COMPLETED,True,baseline_8,13,0.2227077420684509,0.7475979982700665,14.38956400306779,15.359869743406307
1814,17158.760080772394,17158.760295199,17158.760295199,17158.761087628,17158.774015424,0,COMPLETED,True,baseline_8,14,0.21442660727188922,0.7924290002847556,12.92779599680216,13.934651604358805
1815,17158.773079668343,17158.773261294,17158.773261294,17158.7741825,17158.793475964,1,COMPLETED,True,baseline_8,15,0.18162565902457573,0.9212059994752053,19.293463999929372,20.396295658429153
1816,17158.816719586015,17158.816804487,17158.816804487,17158.81761754,17158.835759959,2,COMPLETED,True,baseline_8,16,0.08490098480251618,0.8130530004564207,18.142419001378585,19.04037298663752
1817,17158.822402310856,17158.822486503,17158.822486503,17158.8231546,17158.836115049,3,COMPLETED,True,baseline_8,17,0.08419214282184839,0.6680970000161324,12.960449003003305,13.712738145841286
1818,17158.881621590997,17158.881797931,17158.881797931,17158.882877818,17158.903212524,0,COMPLETED,True,baseline_8,18,0.1763400032359641,1.0798869989230298,20.334706001449376,21.59093300360837
1819,17158.887890847287,17158.888046747,17158.888046747,17158.88895127,17158.907821062,1,COMPLETED,True,baseline_8,19,0.15589971371809952,0.9045229999173898,18.869791998440633,19.930214712076122
1820,17158.89151183161,17158.891646089,17158.891646089,17158.892440698,17158.910356876,2,COMPLETED,True,baseline_8,20,0.13425738870864734,0.7946090008772444,17.916177999723004,18.845044389308896
1821,17158.915074547403,17158.915245638,17158.915245638,17158.916196825,17158.934319037,3,COMPLETED,True,baseline_8,21,0.17109059626818635,0.9511870011920109,18.122211997251725,19.244489594711922
1822,17158.927460741976,17158.927557032,17158.927557032,17158.928463598,17158.947334391,0,COMPLETED,True,baseline_8,22,0.09629002306610346,0.9065660015039612,18.87079299922334,19.873649023793405
1823,17158.94847297153,17158.948633385,17158.948633385,17158.949133933,17158.966508172,1,COMPLETED,True,baseline_8,23,0.16041347043938003,0.5005480015825015,17.374238999764202,18.035200471786084
1824,17158.94899936504,17158.949133644,17158.949133644,17158.949555919,17158.965713775,2,COMPLETED,True,baseline_8,24,0.1342789619229734,0.42227499943692237,16.157856000063475,16.71440996142337
1825,17158.949887857714,17158.950082041,17158.950082041,17158.950830566,17158.966896971,3,COMPLETED,True,baseline_8,25,0.1941832852025982,0.7485249989258591,16.066405001765816,17.009113285894273
1826,17159.021359802722,17159.021469455,17159.021469455,17159.022113364,17159.035609899,0,COMPLETED,True,baseline_8,26,0.10965227920678444,0.6439089993364178,13.49653500074055,14.250096279283753
1827,17159.025371961972,17159.025496547,17159.025496547,17159.026115394,17159.045076897,2,COMPLETED,True,baseline_8,27,0.12458502897061408,0.618846999714151,18.961502999445656,19.70493502813042
1828,17159.033121677974,17159.033220926,17159.033220926,17159.033652467,17159.047095711,1,COMPLETED,True,baseline_8,28,0.09924802725436166,0.4315409969422035,13.443244002701249,13.974033026897814
1829,17159.042211911656,17159.042356408,17159.042356408,17159.043171666,17159.063121283,3,COMPLETED,True,baseline_8,29,0.1444963454559911,0.815257997601293,19.94961700256681,20.909371345624095
1830,17159.085995791575,17159.086090501,17159.086090501,17159.086878252,17159.101841248,0,COMPLETED,True,baseline_8,30,0.09470942677580751,0.7877509997342713,14.962995999667328,15.845456426177407
1831,17159.144904197005,17159.145160392,17159.145160392,17159.146245824,17159.165878052,2,COMPLETED,True,baseline_8,31,0.25619499501772225,1.0854319989448413,19.632228002592456,20.97385499655502
1832,17159.16102896685,17159.161509125,17159.161509125,17159.162461393,17159.182168492,1,COMPLETED,True,baseline_8,32,0.4801581490028184,0.9522680011286866,19.707098999788286,21.13952514991979
1833,17159.17347440061,17159.173619886,17159.173619886,17159.174543995,17159.194262534,3,COMPLETED,True,baseline_8,33,0.1454853918403387,0.9241089974239003,19.718539002496982,20.78813339176122
1834,17159.181756007576,17159.182006884,17159.182006884,17159.182926521,17159.198302206,0,COMPLETED,True,baseline_8,34,0.25087642279686406,0.9196370010613464,15.375685001345119,16.54619842520333
1835,17159.183253629213,17159.183413605,17159.183413605,17159.184091121,17159.203216146,2,COMPLETED,True,baseline_8,35,0.15997578520909883,0.6775159999961033,19.125025002722396,19.962516787927598
1836,17159.191961876637,17159.192151454,17159.192151454,17159.19308979,17159.212465261,1,COMPLETED,True,baseline_8,36,0.18957736392621882,0.9383359974890482,19.375471001694677,20.503384363109944
1837,17159.19373703211,17159.193914092,17159.193914092,17159.194477326,17159.209314812,3,COMPLETED,True,baseline_8,37,0.17705989012029022,0.5632339998555835,14.837486000033095,15.57777989000897
1838,17159.202444349314,17159.202698881,17159.202698881,17159.203379952,17159.216394386,0,COMPLETED,True,baseline_8,38,0.25453168564126827,0.6810710001445841,13.014434000069741,13.950036685855594
1839,17159.2193049889,17159.21947915,17159.21947915,17159.220215027,17159.235576893,2,COMPLETED,True,baseline_8,39,0.17416110131307505,0.7358769980783109,15.361866000603186,16.271904099994572
1840,17159.22517050415,17159.225337107,17159.225337107,17159.226025574,17159.239259064,3,COMPLETED,True,baseline_8,40,0.16660285109537654,0.6884670001454651,13.233490000857273,14.088559852098115
1841,17159.258096345086,17159.258290477,17159.258290477,17159.258855405,17159.272210943,1,COMPLETED,True,baseline_8,41,0.19413191330386326,0.564928002859233,13.35553799799527,14.114597914158367
1842,17159.25896443191,17159.259108962,17159.259108962,17159.259824532,17159.27893777,0,COMPLETED,True,baseline_8,42,0.1445300913474057,0.7155700004659593,19.113237998681143,19.973338090494508
1843,17159.3330207111,17159.333235297,17159.333235297,17159.333961555,17159.351983438,2,COMPLETED,True,baseline_8,43,0.21458589981193654,0.72625800021342,18.021882999164518,18.962726899189875
1844,17159.380453737715,17159.380591589,17159.380591589,17159.381249579,17159.39587029,3,COMPLETED,True,baseline_8,44,0.13785128612653352,0.6579900000360794,14.620711001043674,15.416552287206287
1845,17159.450471906643,17159.450562692,17159.450562692,17159.451456908,17159.469601941,1,COMPLETED,True,baseline_8,45,0.09078535731532611,0.8942159984144382,18.145033001928823,19.130034357658587
1846,17159.491505387137,17159.491698949,17159.491698949,17159.492481599,17159.507936695,0,COMPLETED,True,baseline_8,46,0.19356186385266483,0.7826500004739501,15.455095999641344,16.43130786396796
1847,17159.51014630442,17159.510258336,17159.510258336,17159.511122988,17159.527916222,2,COMPLETED,True,baseline_8,47,0.11203157919226214,0.8646520000183955,16.793234000942903,17.76991758015356
1848,17159.53859019145,17159.538676695,17159.538676695,17159.539363715,17159.557664705,3,COMPLETED,True,baseline_8,48,0.08650355084682815,0.687020001350902,18.30098999926122,19.07451355145895
1849,17159.569119973832,17159.569274625,17159.569274625,17159.570046301,17159.583579433,1,COMPLETED,True,baseline_8,49,0.15465116666746326,0.7716760010225698,13.533132001612103,14.459459169302136
1850,17159.576533786396,17159.576682193,17159.576682193,17159.577614678,17159.597372887,0,COMPLETED,True,baseline_8,50,0.1484066051489208,0.9324849997938145,19.758209000428906,20.83910060537164
1851,17159.592243113006,17159.592389171,17159.592389171,17159.593282523,17159.612081943,2,COMPLETED,True,baseline_8,51,0.14605799515265971,0.8933520002756268,18.799419998686062,19.83882999411435
1852,17159.595597108582,17159.595762353,17159.595762353,17159.596666633,17159.615885563,3,COMPLETED,True,baseline_8,52,0.16524441889487207,0.9042799974849913,19.21892999962438,20.288454416004242
1853,17159.608403976985,17159.608565455,17159.608565455,17159.609317677,17159.622280889,1,COMPLETED,True,baseline_8,53,0.1614780157979112,0.7522220003011171,12.963212000613566,13.876912016712595
1854,17159.628574592774,17159.628736456,17159.628736456,17159.629560548,17159.648094527,0,COMPLETED,True,baseline_8,54,0.16186322682187892,0.8240919996751472,18.533979000494583,19.51993422699161
1855,17159.655606236913,17159.655689592,17159.655689592,17159.656340897,17159.66901614,2,COMPLETED,True,baseline_8,55,0.08335508755408227,0.6513049993372988,12.675243000558112,13.409903087449493
1856,17159.7142068192,17159.714344466,17159.714344466,17159.715261721,17159.730611529,3,COMPLETED,True,baseline_8,56,0.1376467989757657,0.9172550016955938,15.349807999882614,16.404709800553974
1857,17159.723806728256,17159.723923985,17159.723923985,17159.724770843,17159.745097583,1,COMPLETED,True,baseline_8,57,0.11725674266926944,0.8468580017506611,20.32673999929102,21.290854743710952
1858,17159.770234534535,17159.770368571,17159.770368571,17159.771347798,17159.790625972,0,COMPLETED,True,baseline_8,58,0.13403646516962908,0.9792269993340597,19.278174000646686,20.391437465150375
1859,17159.80588843571,17159.806023305,17159.806023305,17159.806790282,17159.82558193,2,COMPLETED,True,baseline_8,59,0.13486928946804255,0.766977002058411,18.791647999023553,19.693494290550007
1860,17159.860088048663,17159.860235826,17159.860235826,17159.861023599,17159.880923859,3,COMPLETED,True,baseline_8,60,0.14777733667870052,0.7877730022300966,19.900259998394176,20.835810337302973
1861,17159.878251037593,17159.878338277,17159.878338277,17159.87932605,17159.899050994,1,COMPLETED,True,baseline_8,61,0.0872394084581174,0.9877729971776716,19.724944002518896,20.799956408154685
1862,17159.88431453199,17159.884558502,17159.884558502,17159.885228648,17159.904367653,0,COMPLETED,True,baseline_8,62,0.2439700074319262,0.6701460006297566,19.139004998578457,20.05312100664014
1863,17159.90308145623,17159.903241651,17159.903241651,17159.904216764,17159.923907569,2,COMPLETED,True,baseline_8,63,0.16019477334339172,0.9751129982760176,19.690804998390377,20.826112770009786
1864,17159.92852276548,17159.928690514,17159.928690514,17159.929573893,17159.945274789,3,COMPLETED,True,baseline_8,64,0.16774851974332705,0.8833790016069543,15.700895997724729,16.75202351907501
1865,17159.93862491527,17159.938710036,17159.938710036,17159.939602136,17159.959531956,1,COMPLETED,True,baseline_8,65,0.08512072963640094,0.8921000007831026,19.92981999865151,20.907040729071014
1866,17159.954582297298,17159.954667148,17159.954667148,17159.955296127,17159.97252498,0,COMPLETED,True,baseline_8,66,0.08485070065944456,0.6289789998845663,17.228853001142852,17.942682701686863
1867,17159.976579762333,17159.9766765,17159.9766765,17159.977362864,17159.995826476,2,COMPLETED,True,baseline_8,67,0.09673766544437967,0.6863640010124072,18.463611999322893,19.24671366577968
1868,17159.980798218865,17159.98088532,17159.98088532,17159.981568529,17159.99553423,3,COMPLETED,True,baseline_8,68,0.08710113615961745,0.683209000271745,13.96570100041572,14.736011136847083
1869,17159.983363530846,17159.983519732,17159.983519732,17159.984320099,17160.003513721,1,COMPLETED,True,baseline_8,69,0.15620115300407633,0.8003670009202324,19.193621999875177,20.150190153799485
1870,17159.991022572387,17159.99123008,17159.99123008,17159.991751525,17160.005988222,0,COMPLETED,True,baseline_8,70,0.20750761177623644,0.5214450029598083,14.236696999432752,14.965649614168797
1871,17159.995529931624,17159.995606035,17159.995606035,17159.996167,17160.009952368,3,COMPLETED,True,baseline_8,71,0.07610337706864811,0.560964999749558,13.785367998934817,14.422436375753023
1872,17160.038866571296,17160.038955294,17160.038955294,17160.039513074,17160.055919199,2,COMPLETED,True,baseline_8,72,0.08872270336723886,0.5577800002356526,16.406124999775784,17.052627703378676
1873,17160.090897387283,17160.091039482,17160.091039482,17160.091700661,17160.109082444,1,COMPLETED,True,baseline_8,73,0.14209471555659547,0.6611790013266727,17.381783000018913,18.18505671690218
1874,17160.094040668646,17160.094170072,17160.094170072,17160.094899508,17160.113318487,0,COMPLETED,True,baseline_8,74,0.1294033536396455,0.7294360002561007,18.418979001580738,19.277818355476484
1875,17160.107786921213,17160.107955739,17160.107955739,17160.108955133,17160.129288922,3,COMPLETED,True,baseline_8,75,0.16881778719834983,0.9993940002459567,20.333788997959346,21.502000785403652
1876,17160.12527670716,17160.125440073,17160.125440073,17160.126355105,17160.144470333,2,COMPLETED,True,baseline_8,76,0.16336583939846605,0.9150320001936052,18.115228001988726,19.193625841580797
1877,17160.151588667406,17160.151701781,17160.151701781,17160.152402337,17160.166595124,1,COMPLETED,True,baseline_8,77,0.11311359412502497,0.7005560000834521,14.192786999046803,15.00645659325528
1878,17160.17546966737,17160.175614459,17160.175614459,17160.176324922,17160.189393346,0,COMPLETED,True,baseline_8,78,0.14479162928182632,0.7104629985406063,13.068424002995016,13.923678630817449
1879,17160.21463615625,17160.214781678,17160.214781678,17160.215564391,17160.228816908,3,COMPLETED,True,baseline_8,79,0.14552174980053678,0.7827129993529525,13.252516997454222,14.180751746607712
1880,17160.22664910933,17160.226793059,17160.226793059,17160.227592732,17160.240593997,2,COMPLETED,True,baseline_8,80,0.14394967001862824,0.7996730018930975,13.00126500063925,13.944887672550976
1881,17160.242417165493,17160.242557958,17160.242557958,17160.243222115,17160.256094188,1,COMPLETED,True,baseline_8,81,0.1407925083185546,0.6641569998464547,12.872072999016382,13.677022507181391
1882,17160.252186312493,17160.252313659,17160.252313659,17160.253177542,17160.273093609,0,COMPLETED,True,baseline_8,82,0.12734650590573438,0.8638830004201736,19.916067001759075,20.907296508084983
1883,17160.278663646186,17160.278794307,17160.278794307,17160.279435696,17160.29284892,3,COMPLETED,True,baseline_8,83,0.13066081373835914,0.6413890005205758,13.413223998213653,14.185273812472587
1884,17160.29490597273,17160.29508778,17160.29508778,17160.295869119,17160.310288967,2,COMPLETED,True,baseline_8,84,0.18180727056460455,0.7813390002411325,14.419848001125501,15.382994271931238
1885,17160.302089666806,17160.302247573,17160.302247573,17160.303208876,17160.3225615,1,COMPLETED,True,baseline_8,85,0.15790619363542646,0.9613030015316326,19.352624000021024,20.471833195188083
1886,17160.317774293508,17160.317791238,17160.317791238,17160.318466333,17160.332393956,0,COMPLETED,True,baseline_8,86,0.016944493836490437,0.67509499785956,13.927623000199674,14.619662491895724
1887,17160.35413823927,17160.354241756,17160.354241756,17160.354792171,17160.368513885,3,COMPLETED,True,baseline_8,87,0.10351672972319648,0.5504150030901656,13.721713999984786,14.375645732798148
1888,17160.386788000367,17160.386890484,17160.386890484,17160.38738843,17160.402871799,2,COMPLETED,True,baseline_8,88,0.1024836310534738,0.49794600272434764,15.48336899941205,16.083798633189872
1889,17160.421828808052,17160.421979418,17160.421979418,17160.422831604,17160.4413645,1,COMPLETED,True,baseline_8,89,0.15060994701343589,0.8521859999746084,18.532895999669563,19.535691946657607
1890,17160.463698795436,17160.463789007,17160.463789007,17160.464471839,17160.482885148,0,COMPLETED,True,baseline_8,90,0.09021156438393518,0.6828320001659449,18.413309000607114,19.186352565156994
1891,17160.47962336613,17160.479746768,17160.479746768,17160.480580756,17160.49579539,3,COMPLETED,True,baseline_8,91,0.12340187095105648,0.8339880005223677,15.214634000585647,16.17202387205907
1892,17160.514069606255,17160.514185954,17160.514185954,17160.515116052,17160.533914648,2,COMPLETED,True,baseline_8,92,0.11634774637059309,0.9300979982072022,18.798596000124235,19.84504174470203
1893,17160.52200518552,17160.52211006,17160.52211006,17160.522866536,17160.540839982,1,COMPLETED,True,baseline_8,93,0.10487447798368521,0.7564760016975924,17.97344599981443,18.834796479495708
1894,17160.542943461915,17160.543060626,17160.543060626,17160.543751942,17160.556889159,0,COMPLETED,True,baseline_8,94,0.11716408698703162,0.6913159995747264,13.137216999894008,13.945697086455766
1895,17160.54688486801,17160.546977254,17160.546977254,17160.547847888,17160.56664013,3,COMPLETED,True,baseline_8,95,0.09238598795491271,0.8706340013304725,18.792242000927217,19.755261990212603
1896,17160.61403431026,17160.614192229,17160.614192229,17160.614970598,17160.628201081,2,COMPLETED,True,baseline_8,96,0.15791874102433212,0.7783689979987685,13.230483000370441,14.166770739393542
1897,17160.621712342196,17160.6218711,17160.6218711,17160.622844235,17160.642073985,1,COMPLETED,True,baseline_8,97,0.15875780445639975,0.9731350000947714,19.229749999794876,20.361642804346047
1898,17160.665018263207,17160.665180934,17160.665180934,17160.666147052,17160.685480281,0,COMPLETED,True,baseline_8,98,0.16267079263343476,0.9661180010880344,19.333229000039864,20.462017793761333
1899,17160.684378930193,17160.684636143,17160.684636143,17160.685644816,17160.705396403,3,COMPLETED,True,baseline_8,99,0.2572128069004975,1.0086729998874944,19.751586998609127,21.01747280539712
1900,17160.721612301055,17160.72186257,17160.72186257,17160.723107913,17160.743697297,0,COMPLETED,True,baseline_8,100,0.2502689458196983,1.2453429990273435,20.58938399932231,22.08499594416935
1901,17160.748619143906,17160.74886876,17160.74886876,17160.749838252,17160.769687908,1,COMPLETED,True,baseline_8,101,0.24961609597085044,0.9694919972389471,19.849656000587856,21.068764093797654
1902,17160.800774404386,17160.800934996,17160.800934996,17160.801955673,17160.821796599,2,COMPLETED,True,baseline_8,102,0.1605916149856057,1.0206769984506536,19.84092600105214,21.0221946144884
1903,17160.882100620245,17160.882254094,17160.882254094,17160.883272289,17160.903036784,3,COMPLETED,True,baseline_8,103,0.15347375301644206,1.0181950019614305,19.76449499852606,20.936163753503934
1904,17160.90563677617,17160.905784474,17160.905784474,17160.906804,17160.92814102,0,COMPLETED,True,baseline_8,104,0.14769782865187153,1.0195260001637507,21.337019999918994,22.504243828734616
1905,17160.911701029054,17160.911952759,17160.911952759,17160.912833984,17160.933190099,1,COMPLETED,True,baseline_8,105,0.2517299471946899,0.8812249980110209,20.356115001050057,21.489069946255768
1906,17160.91348528241,17160.913637066,17160.913637066,17160.914229816,17160.934381463,2,COMPLETED,True,baseline_8,106,0.15178359171841294,0.5927499987592455,20.15164700060268,20.896180591080338
1907,17160.938604716892,17160.938831497,17160.938831497,17160.939570674,17160.958463916,3,COMPLETED,True,baseline_8,107,0.22678010645904578,0.7391770013782661,18.89324199873954,19.859199106576853
1908,17160.953651794873,17160.953860337,17160.953860337,17160.954779407,17160.974875909,0,COMPLETED,True,burst_8,108,0.20854212561971508,0.9190700002363883,20.096502001251793,21.224114127107896
1909,17160.956265834237,17160.956287726,17160.956287726,17160.956999367,17160.976536407,1,COMPLETED,True,burst_8,109,0.021891763026360422,0.7116410015441943,19.537039999704575,20.27057276427513
1910,17160.956527042148,17160.956671896,17160.956671896,17160.957102619,17160.975879131,2,COMPLETED,True,burst_8,110,0.14485385327134281,0.4307229974074289,18.77651200265973,19.3520888533385
1911,17160.961321978117,17160.961425809,17160.961425809,17160.96196632,17160.97618536,3,COMPLETED,True,burst_8,111,0.10383088374510407,0.5405109986895695,14.219040000170935,14.863381882605609
1912,17160.962117141094,17160.962306849,17160.962306849,17160.97512272,17160.989582079,0,COMPLETED,True,burst_8,112,0.1897079055197537,12.81587099947501,14.459359001193661,27.464937906188425
1913,17161.00637764081,17161.006517553,17161.006517553,17161.007189701,17161.023028938,2,COMPLETED,True,burst_8,113,0.13991219020681456,0.6721479985571932,15.839237003092421,16.65129719185643
1914,17161.008598166794,17161.008785586,17161.008785586,17161.009260328,17161.023037061,3,COMPLETED,True,burst_8,114,0.1874192057584878,0.4747419989143964,13.776733001577668,14.438894206250552
1915,17161.0121835878,17161.01234101,17161.01234101,17161.012917905,17161.031799357,1,COMPLETED,True,burst_8,115,0.15742219693493098,0.5768950031779241,18.88145199700375,19.615769197116606
1916,17161.01720630403,17161.017332133,17161.017332133,17161.017773986,17161.031552704,0,COMPLETED,True,burst_8,116,0.12582897034008056,0.44185300066601485,13.778717999230139,14.346399970236234
1917,17161.02647827634,17161.026589078,17161.026589078,17161.027126876,17161.040399299,3,COMPLETED,True,burst_8,117,0.11080165859311819,0.5377980014600325,13.272422998852562,13.921022658905713
1918,17161.04153251052,17161.041641478,17161.041641478,17161.042142784,17161.055720697,2,COMPLETED,True,burst_8,118,0.10896748062805273,0.5013059999328107,13.577912999608088,14.188186480168952
1919,17161.05626819587,17161.056521412,17161.056521412,17161.057061499,17161.072545165,0,COMPLETED,True,baseline_9,119,0.2532161306589842,0.5400869995355606,15.483666000363883,16.276969130558427
1920,17161.05963225531,17161.059773735,17161.059773735,17161.060512996,17161.079207281,1,COMPLETED,True,baseline_9,0,0.14147968977340497,0.7392609986709431,18.694285001402022,19.57502568984637
1921,17161.063006860455,17161.063121985,17161.063121985,17161.063625606,17161.077091249,3,COMPLETED,True,baseline_9,1,0.11512454511830583,0.503620998642873,13.465643001836725,14.084388545597903
1922,17161.066761027472,17161.066884772,17161.066884772,17161.067345076,17161.082380861,2,COMPLETED,True,baseline_9,2,0.12374452853691764,0.460303999716416,15.035784999781754,15.619833528035088
1923,17161.07308957642,17161.073242872,17161.073242872,17161.073892108,17161.089819849,0,COMPLETED,True,baseline_9,3,0.15329557936638594,0.649236000754172,15.927740998449735,16.730272578570293
1924,17161.120354760966,17161.120467176,17161.120467176,17161.121453904,17161.138313917,3,COMPLETED,True,baseline_9,4,0.11241503307246603,0.9867280023172498,16.860012998222373,17.95915603361209
1925,17161.20468068447,17161.204875822,17161.204875822,17161.20592984,17161.225968645,1,COMPLETED,True,baseline_9,5,0.19513753068167716,1.054018001013901,20.038804999785498,21.287960531481076
1926,17161.206598315042,17161.206952462,17161.206952462,17161.207781851,17161.227024559,2,COMPLETED,True,baseline_9,6,0.3541469559422694,0.8293890023196582,19.242708000092534,20.426243958354462
1927,17161.20998839584,17161.210150199,17161.210150199,17161.211097321,17161.230882963,0,COMPLETED,True,baseline_9,7,0.16180316015379503,0.9471220000705216,19.785641998169012,20.89456715839333
1928,17161.231343423224,17161.231719983,17161.231719983,17161.232601883,17161.249732129,3,COMPLETED,True,baseline_9,8,0.37655977575923316,0.8818999995128252,17.130246000306215,18.388705775578273
1929,17161.27738738703,17161.277518783,17161.277518783,17161.278293664,17161.291257737,1,COMPLETED,True,baseline_9,9,0.13139597285771742,0.7748809985059779,12.96407300105784,13.870349972421536
1930,17161.280728499412,17161.280978233,17161.280978233,17161.281770283,17161.301604541,2,COMPLETED,True,baseline_9,10,0.24973358813440427,0.7920499992906116,19.834258000628324,20.87604158805334
1931,17161.376369199632,17161.376499475,17161.376499475,17161.377382271,17161.397162119,0,COMPLETED,True,baseline_9,11,0.13027536988374777,0.8827959973132238,19.779848000325728,20.7929193675227
1932,17161.384274310192,17161.384403483,17161.384403483,17161.384946376,17161.398996603,3,COMPLETED,True,baseline_9,12,0.12917280764668249,0.5428930016933009,14.050226996914716,14.7222928062547
1933,17161.388000787414,17161.388271401,17161.388271401,17161.389067002,17161.40763936,1,COMPLETED,True,baseline_9,13,0.2706135855987668,0.7956010013003834,18.57235799980117,19.63857258670032
1934,17161.39898879479,17161.399151071,17161.399151071,17161.400080122,17161.418827529,2,COMPLETED,True,baseline_9,14,0.16227621017605998,0.9290509988204576,18.74740700077382,19.838734209770337
1935,17161.421216122002,17161.421315808,17161.421315808,17161.421994028,17161.434757473,0,COMPLETED,True,baseline_9,15,0.09968599624698982,0.6782200034649577,12.763445000018692,13.54135099973064
1936,17161.461089656244,17161.461182318,17161.461182318,17161.462126712,17161.482069393,3,COMPLETED,True,baseline_9,16,0.09266175402444787,0.9443939998163842,19.942681003158214,20.979736756999046
1937,17161.501982408507,17161.502093843,17161.502093843,17161.502868787,17161.520110719,1,COMPLETED,True,baseline_9,17,0.11143449228256941,0.7749440010229591,17.241932000615634,18.128310493921163
1938,17161.52477653209,17161.524946882,17161.524946882,17161.525645081,17161.538985184,2,COMPLETED,True,baseline_9,18,0.1703499110590201,0.6981990009080619,13.34010299979127,14.208651911758352
1939,17161.545914679038,17161.546029008,17161.546029008,17161.546833436,17161.564817858,0,COMPLETED,True,baseline_9,19,0.11432896280894056,0.8044280002650339,17.984422000154154,18.90317896322813
1940,17161.550062604485,17161.550158407,17161.550158407,17161.550834946,17161.568902611,3,COMPLETED,True,baseline_9,20,0.09580251571605913,0.676538998959586,18.06766500158119,18.840006516256835
1941,17161.650434739182,17161.650692202,17161.650692202,17161.651779676,17161.670031693,1,COMPLETED,True,baseline_9,21,0.2574628197180573,1.0874740000872407,18.25201699830359,19.596953818108886
1942,17161.6559517203,17161.656127378,17161.656127378,17161.657085491,17161.676924068,2,COMPLETED,True,baseline_9,22,0.17565770031069405,0.9581129997968674,19.838577001792146,20.972347701899707
1943,17161.661448934854,17161.661644884,17161.661644884,17161.662562277,17161.682478824,0,COMPLETED,True,baseline_9,23,0.1959491455636453,0.9173930011456832,19.91654700032086,21.02988914703019
1944,17161.755150186487,17161.755280905,17161.755280905,17161.756385231,17161.776405632,3,COMPLETED,True,baseline_9,24,0.1307185120822396,1.1043260019505396,20.020400999783305,21.255445513816085
1945,17161.757021592493,17161.757141442,17161.757141442,17161.758039865,17161.777741708,1,COMPLETED,True,baseline_9,25,0.11984950833721086,0.898422997124726,19.70184300080291,20.720115506264847
1946,17161.76796002449,17161.768165203,17161.768165203,17161.769041945,17161.789282698,2,COMPLETED,True,baseline_9,26,0.2051785122603178,0.8767420004005544,20.240752997779055,21.322673510439927
1947,17161.78262871466,17161.782941631,17161.782941631,17161.783852102,17161.808803533,0,COMPLETED,True,baseline_9,27,0.3129163414996583,0.910470997041557,24.951431001682067,26.174818340223283
1948,17161.798390770316,17161.798510602,17161.798510602,17161.799419784,17161.817564513,3,COMPLETED,True,baseline_9,28,0.11983168224105611,0.9091820029425435,18.144728997867787,19.173742683051387
1949,17161.867883939496,17161.868105953,17161.868105953,17161.868990906,17161.882818386,1,COMPLETED,True,baseline_9,29,0.22201350293471478,0.884953002241673,13.827479997416958,14.934446502593346
1950,17161.870111363078,17161.87023835,17161.87023835,17161.870990026,17161.885161899,2,COMPLETED,True,baseline_9,30,0.12698692080448382,0.7516760015278123,14.171873001032509,15.050535923364805
1951,17161.899717084718,17161.899883239,17161.899883239,17161.900827087,17161.920629337,0,COMPLETED,True,baseline_9,31,0.1661542810325045,0.9438480010430794,19.80225000079372,20.912252282869304
1952,17161.945756260993,17161.946011521,17161.946011521,17161.946868965,17161.9606349,3,COMPLETED,True,baseline_9,32,0.2552600053604692,0.8574439998483285,13.765935000265017,14.878639005473815
1953,17161.947298625597,17161.947460118,17161.947460118,17161.948130127,17161.967165647,1,COMPLETED,True,baseline_9,33,0.16149240400409326,0.6700089979858603,19.035519999306416,19.86702140129637
1954,17161.962995896385,17161.963092972,17161.963092972,17161.964042931,17161.982459721,2,COMPLETED,True,baseline_9,34,0.09707561548566446,0.9499589978076983,18.41679000062868,19.463824613922043
1955,17161.996599411756,17161.996688377,17161.996688377,17161.997583905,17162.0146204,0,COMPLETED,True,baseline_9,35,0.08896524377632886,0.8955279990914278,17.036495002685115,18.02098824555287
1956,17162.042933665,17162.043059611,17162.043059611,17162.043832063,17162.061484764,3,COMPLETED,True,baseline_9,36,0.1259460004803259,0.7724519964540377,17.65270100077032,18.551098997704685
1957,17162.049671030167,17162.049756631,17162.049756631,17162.050480774,17162.063695454,1,COMPLETED,True,baseline_9,37,0.08560083369957283,0.7241429993882775,13.21467999878223,14.024423831870081
1958,17162.05504063477,17162.055126921,17162.055126921,17162.055761692,17162.072782162,2,COMPLETED,True,baseline_9,38,0.08628623254480772,0.6347710004774854,17.02046999707818,17.741527230100473
1959,17162.057982529786,17162.058264162,17162.058264162,17162.058853016,17162.078125524,0,COMPLETED,True,baseline_9,39,0.2816322121361736,0.5888539999432396,19.27250800144975,20.142994213529164
1960,17162.079017814947,17162.079177224,17162.079177224,17162.079717421,17162.093014377,3,COMPLETED,True,baseline_9,40,0.15940905359457247,0.5401969974627718,13.29695599997649,13.996562051033834
1961,17162.09752852258,17162.09769629,17162.09769629,17162.098383778,17162.114421163,1,COMPLETED,True,baseline_9,41,0.1677674190432299,0.6874880018585827,16.037385001254734,16.892640422156546
1962,17162.11075479372,17162.110801312,17162.110801312,17162.111418708,17162.125248475,2,COMPLETED,True,baseline_9,42,0.04651827839552425,0.6173959991429001,13.8297670018801,14.493681279418524
1963,17162.110883383943,17162.11094381,17162.11094381,17162.11164524,17162.12931459,0,COMPLETED,True,baseline_9,43,0.06042605673428625,0.7014299990260042,17.669350003416184,18.431206059176475
1964,17162.12386179871,17162.124088414,17162.124088414,17162.124819137,17162.141472768,3,COMPLETED,True,baseline_9,44,0.2266152878291905,0.7307230007427279,16.653630998916924,17.610969287488842
1965,17162.132570078706,17162.13281929,17162.13281929,17162.133604674,17162.151707918,1,COMPLETED,True,baseline_9,45,0.24921129443100654,0.7853839997551404,18.10324400139507,19.137839295581216
1966,17162.145228415207,17162.145421241,17162.145421241,17162.146158246,17162.159391516,2,COMPLETED,True,baseline_9,46,0.19282579160062596,0.7370050007011741,13.233270001364872,14.163100793666672
1967,17162.17561906745,17162.175747145,17162.175747145,17162.176494992,17162.194440167,0,COMPLETED,True,baseline_9,47,0.12807755047106184,0.7478469997295178,17.945175000932068,18.821099551132647
1968,17162.1824218365,17162.182501611,17162.182501611,17162.183031775,17162.198392973,3,COMPLETED,True,baseline_9,48,0.07977450150065124,0.530163997609634,15.361198002210585,15.97113650132087
1969,17162.32075424248,17162.320919737,17162.320919737,17162.322062109,17162.342016542,1,COMPLETED,True,baseline_9,49,0.165494522661902,1.14237199886702,19.954432998929406,21.262299520458328
1970,17162.32244602039,17162.322726295,17162.322726295,17162.323634904,17162.345255084,2,COMPLETED,True,baseline_9,50,0.28027460939483717,0.9086090030905325,21.6201799994451,22.80906361193047
1971,17162.36246435495,17162.362612148,17162.362612148,17162.363701552,17162.382915193,0,COMPLETED,True,baseline_9,51,0.14779305274714716,1.0894039987761062,19.213641000533244,20.450838052056497
1972,17162.365582930535,17162.365697866,17162.365697866,17162.366462868,17162.380527513,3,COMPLETED,True,baseline_9,52,0.11493546480778605,0.7650020015717018,14.064644998143194,14.944582464522682
1973,17162.4513205529,17162.451431011,17162.451431011,17162.452211273,17162.470001858,1,COMPLETED,True,baseline_9,53,0.11045809878851287,0.7802620020811446,17.790584999602288,18.681305100471945
1974,17162.513353486807,17162.513494896,17162.513494896,17162.514496871,17162.533446201,2,COMPLETED,True,baseline_9,54,0.14140919302008115,1.001975000690436,18.949329998577014,20.09271419228753
1975,17162.53366875871,17162.534199414,17162.534199414,17162.534974398,17162.552939436,3,COMPLETED,True,baseline_9,55,0.5306552884576377,0.7749840005999431,17.96503799778293,19.27067728684051
1976,17162.640032212086,17162.640290539,17162.640290539,17162.641317508,17162.662628452,0,COMPLETED,True,baseline_9,56,0.2583269124443177,1.0269690028508194,21.310943997377763,22.5962399126729
1977,17162.64009787953,17162.640445085,17162.640445085,17162.641601925,17162.66200262,1,COMPLETED,True,baseline_9,57,0.3472054704616312,1.1568400004762225,20.40069500071695,21.904740471654804
1978,17162.656368711054,17162.656528782,17162.656528782,17162.657446306,17162.677861513,2,COMPLETED,True,baseline_9,58,0.16007094745873474,0.917523997486569,20.415207000041846,21.49280194498715
1979,17162.730387343407,17162.73048012,17162.73048012,17162.731530587,17162.751008418,3,COMPLETED,True,baseline_9,59,0.09277659410145134,1.0504669990041293,19.47783099967637,20.62107459278195
1980,17162.734753187106,17162.734994166,17162.734994166,17162.735454749,17162.748878379,1,COMPLETED,True,baseline_9,60,0.24097889399854466,0.46058299994911067,13.423630000033882,14.125191893981537
1981,17162.782003691736,17162.782216916,17162.782216916,17162.783117424,17162.803391079,0,COMPLETED,True,baseline_9,61,0.21322426255210303,0.9005079991766252,20.27365500180167,21.3873872635304
1982,17162.801200494014,17162.801289114,17162.801289114,17162.802313321,17162.822380517,2,COMPLETED,True,baseline_9,62,0.08861998503562063,1.0242070020467509,20.067195997398812,21.180022984481184
1983,17162.80593008271,17162.806013629,17162.806013629,17162.806885907,17162.826658987,1,COMPLETED,True,baseline_9,63,0.0835462888062466,0.8722780003154185,19.773079999140464,20.72890428826213
1984,17162.817889677703,17162.817978702,17162.817978702,17162.818710246,17162.836844959,3,COMPLETED,True,baseline_9,64,0.08902429908630438,0.7315439979720395,18.134713001927594,18.955281298985938
1985,17162.82006043488,17162.82020471,17162.82020471,17162.820837357,17162.835391388,0,COMPLETED,True,baseline_9,65,0.14427511996473186,0.6326470029307529,14.554030996805523,15.330953119701007
1986,17162.8275330629,17162.82763962,17162.82763962,17162.828405698,17162.842505849,2,COMPLETED,True,baseline_9,66,0.10655710138962604,0.7660779992875177,14.10015099827433,14.972786098951474
1987,17162.850766450938,17162.85093623,17162.85093623,17162.85203794,17162.870719502,1,COMPLETED,True,baseline_9,67,0.1697790612524841,1.1017100005119573,18.681561999983387,19.95305106174783
1988,17162.89286398418,17162.893025144,17162.893025144,17162.89375091,17162.913186951,0,COMPLETED,True,baseline_9,68,0.16115981998154894,0.7257659999595489,19.436040998698445,20.322966818639543
1989,17162.898043101988,17162.898201309,17162.898201309,17162.898838786,17162.918419392,3,COMPLETED,True,baseline_9,69,0.15820701082702726,0.6374770018737763,19.580606000090484,20.376290012791287
1990,17162.91393962652,17162.914114589,17162.914114589,17162.914756171,17162.93392106,2,COMPLETED,True,baseline_9,70,0.17496247892268002,0.6415820025722496,19.164888999512186,19.981433481007116
1991,17162.918141475846,17162.918260449,17162.918260449,17162.918798932,17162.938104164,1,COMPLETED,True,baseline_9,71,0.11897315562237054,0.5384830001275986,19.305231999169337,19.962688154919306
1992,17162.93369864814,17162.933814408,17162.933814408,17162.934738486,17162.949515078,0,COMPLETED,True,baseline_9,72,0.11575985990930349,0.9240780018444639,14.77659199736081,15.816429859114578
1993,17162.98611916076,17162.986377663,17162.986377663,17162.987377373,17163.007648511,3,COMPLETED,True,baseline_9,73,0.2585022411949467,0.9997099987231195,20.271138000680367,21.529350240598433
1994,17163.054462190787,17163.054636279,17163.054636279,17163.055590009,17163.074864079,2,COMPLETED,True,baseline_9,74,0.17408821440767497,0.9537299993098713,19.274070000392385,20.40188821410993
1995,17163.081299634425,17163.081394879,17163.081394879,17163.082330858,17163.10274243,1,COMPLETED,True,baseline_9,75,0.0952445734583307,0.9359790019516367,20.411572000739397,21.442795576149365
1996,17163.08919486405,17163.089302527,17163.089302527,17163.089921571,17163.108000222,0,COMPLETED,True,baseline_9,76,0.10766295235953294,0.6190439999045338,18.078650999086676,18.805357951350743
1997,17163.107952550545,17163.108114973,17163.108114973,17163.108955105,17163.127837165,3,COMPLETED,True,baseline_9,77,0.16242245692410506,0.8401319973927457,18.882060001487844,19.884614455804694
1998,17163.109413594608,17163.109600592,17163.109600592,17163.11048439,17163.128058269,2,COMPLETED,True,baseline_9,78,0.18699739302974194,0.8837979985401034,17.5738790021569,18.644674393726746
1999,17163.159465966684,17163.159575408,17163.159575408,17163.160544631,17163.17962067,1,COMPLETED,True,baseline_9,79,0.10944131645374,0.9692229978099931,19.07603899962851,20.15470331389224
2000,17163.205881830138,17163.206134574,17163.206134574,17163.206952771,17163.221325958,0,COMPLETED,True,baseline_9,80,0.25274386280216277,0.8181970006262418,14.373186997545417,15.444127860973822
2001,17163.214243740964,17163.214496838,17163.214496838,17163.215529608,17163.235250338,3,COMPLETED,True,baseline_9,81,0.25309703778475523,1.0327700001653284,19.720729997061426,21.00659703501151
2002,17163.220820517985,17163.221075038,17163.221075038,17163.221865166,17163.234891739,2,COMPLETED,True,baseline_9,82,0.2545200150052551,0.7901280005171429,13.026573000388453,14.07122101591085
2003,17163.259234087414,17163.259330428,17163.259330428,17163.260191152,17163.280354689,1,COMPLETED,True,baseline_9,83,0.09634058733354323,0.8607239979028236,20.16353699946194,21.120601584698306
2004,17163.262807563,17163.262914332,17163.262914332,17163.263701439,17163.284128953,0,COMPLETED,True,baseline_9,84,0.10676900274120271,0.7871069974498823,20.42751400222187,21.321390002412954
2005,17163.26295211043,17163.262967415,17163.262967415,17163.263723718,17163.277011208,2,COMPLETED,True,baseline_9,85,0.015304569387808442,0.7563029976154212,13.28749000094831,14.05909756795154
2006,17163.277101577412,17163.277260428,17163.277260428,17163.278594412,17163.291609688,3,COMPLETED,True,baseline_9,86,0.15885058746789582,1.3339840006665327,13.015275999350706,14.508110587485135
2007,17163.289423378952,17163.289524861,17163.289524861,17163.290158918,17163.303331645,2,COMPLETED,True,baseline_9,87,0.10148204819415696,0.6340569998428691,13.172726998163853,13.908266046200879
2008,17163.323712467798,17163.323760354,17163.323760354,17163.324531636,17163.342953955,1,COMPLETED,True,baseline_9,88,0.04788620208273642,0.7712820006418042,18.422319000819698,19.24148720354424
2009,17163.3962522519,17163.396417844,17163.396417844,17163.397254349,17163.416107957,0,COMPLETED,True,baseline_9,89,0.16559210052946582,0.8365050016436726,18.853607998607913,19.85570510078105
2010,17163.44052442072,17163.44069539,17163.44069539,17163.441580843,17163.460879348,3,COMPLETED,True,baseline_9,90,0.17096928058890626,0.885452998772962,19.298505001643207,20.354927281005075
2011,17163.45661518966,17163.456768422,17163.456768422,17163.457691445,17163.476663648,2,COMPLETED,True,baseline_9,91,0.15323233674280345,0.9230230025423225,18.9722030008852,20.048458340170328
2012,17163.478550882333,17163.478601654,17163.478601654,17163.479358337,17163.498663376,1,COMPLETED,True,baseline_9,92,0.05077166497358121,0.756683002691716,19.30503900075564,20.11249366842094
2013,17163.506148480647,17163.506241422,17163.506241422,17163.507062426,17163.526819752,0,COMPLETED,True,baseline_9,93,0.09294135452364571,0.8210039995901752,19.757326001126785,20.671271355240606
2014,17163.524876166884,17163.524976175,17163.524976175,17163.525753299,17163.543511472,3,COMPLETED,True,baseline_9,94,0.10000811380450614,0.7771240016154479,17.758172998583177,18.63530511400313
2015,17163.555678124543,17163.555872076,17163.555872076,17163.556682191,17163.575466807,2,COMPLETED,True,baseline_9,95,0.19395145500311628,0.8101150015136227,18.784616000630194,19.788682457146933
2016,17163.562688804486,17163.562789977,17163.562789977,17163.563510284,17163.577070029,1,COMPLETED,True,baseline_9,96,0.10117251440533437,0.7203069981187582,13.55974500256707,14.381224515091162
2017,17163.56642432707,17163.566535728,17163.566535728,17163.56723641,17163.580624064,0,COMPLETED,True,baseline_9,97,0.11140093192807399,0.7006819978414569,13.3876540021447,14.19973693191423
2018,17163.584456229783,17163.584542645,17163.584542645,17163.585281802,17163.603683582,3,COMPLETED,True,baseline_9,98,0.08641521708341315,0.7391569997707848,18.40178000202286,19.22735221887706
2019,17163.65430725341,17163.654417202,17163.654417202,17163.655153692,17163.673434515,2,COMPLETED,True,baseline_9,99,0.10994858894264325,0.7364900011452846,18.280822998349322,19.12726158843725
2020,17163.67526012321,17163.6753262,17163.6753262,17163.676175959,17163.694304437,1,COMPLETED,True,baseline_9,100,0.06607678733416833,0.8497590024489909,18.128477997379377,19.044313787162537
2021,17163.721897660627,17163.721955013,17163.721955013,17163.722639495,17163.740598488,0,COMPLETED,True,baseline_9,101,0.057352372095920146,0.6844820018159226,17.95899299759185,18.700827371503692
2022,17163.732072790648,17163.732251875,17163.732251875,17163.733004821,17163.751763814,3,COMPLETED,True,baseline_9,102,0.17908435256686062,0.7529459981014952,18.758993002848,19.691023353516357
2023,17163.73630539181,17163.736505959,17163.736505959,17163.73731607,17163.757353427,2,COMPLETED,True,baseline_9,103,0.2005671922233887,0.8101109997369349,20.037357000546763,21.048035192507086
2024,17163.75577318349,17163.755890949,17163.755890949,17163.756647814,17163.77279112,1,COMPLETED,True,baseline_9,104,0.11776551036746241,0.7568649998574983,16.14330600204994,17.0179365122749
2025,17163.77600048332,17163.776264528,17163.776264528,17163.777061432,17163.794937815,0,COMPLETED,True,baseline_9,105,0.2640446800796781,0.7969039979798254,17.87638300083927,18.937331678898772
2026,17163.779347607113,17163.779494898,17163.779494898,17163.780336715,17163.794914047,3,COMPLETED,True,baseline_9,106,0.14729088798048906,0.8418170000368264,14.577332000044407,15.566439888061723
2027,17163.831668862767,17163.831813284,17163.831813284,17163.832514663,17163.850631216,2,COMPLETED,True,baseline_9,107,0.14442123210756108,0.7013790018390864,18.116552997526014,18.96235323147266
2028,17163.837489797726,17163.837647822,17163.837647822,17163.838105266,17163.856239065,1,COMPLETED,True,baseline_9,108,0.15802427515154704,0.45744399903924204,18.13379899977008,18.749267273960868
2029,17163.88362308838,17163.883819269,17163.883819269,17163.884645049,17163.901265435,3,COMPLETED,True,baseline_9,109,0.1961806192412041,0.825780000013765,16.620386002614396,17.642346621869365
2030,17163.91924878571,17163.919407924,17163.919407924,17163.920222727,17163.938258812,0,COMPLETED,True,baseline_9,110,0.15913828974589705,0.8148029992298689,18.036084999039304,19.01002628801507
2031,17163.923240945755,17163.92349714,17163.92349714,17163.924200813,17163.942303833,2,COMPLETED,True,baseline_9,111,0.256194245594088,0.7036729984974954,18.10302000012598,19.062887244217563
2032,17163.953654145942,17163.953937914,17163.953937914,17163.954598749,17163.973895829,1,COMPLETED,True,baseline_9,112,0.28376805857988074,0.660834997688653,19.29708000170649,20.241683057975024
2033,17163.99024271163,17163.990332159,17163.990332159,17163.990935699,17164.007415238,3,COMPLETED,True,baseline_9,113,0.0894473705557175,0.6035400001564994,16.47953900101129,17.172526371723507
2034,17163.991144548247,17163.991236981,17163.991236981,17163.991823368,17164.005592833,0,COMPLETED,True,baseline_9,114,0.09243275417247787,0.5863869992026594,13.769465000223136,14.448284753598273
2035,17164.008381091262,17164.008555101,17164.008555101,17164.009182173,17164.023553757,2,COMPLETED,True,baseline_9,115,0.1740097395668272,0.6270719968597405,14.371584002219606,15.172665738646174
2036,17164.036726469083,17164.036773937,17164.036773937,17164.03739876,17164.053660313,1,COMPLETED,True,baseline_9,116,0.047467918193433434,0.6248229983611964,16.26155299891252,16.93384391546715
2037,17164.072869274074,17164.072997135,17164.072997135,17164.073487223,17164.086629106,0,COMPLETED,True,baseline_9,117,0.12786092702299356,0.49008799760486,13.141883002390387,13.75983192701824
2038,17164.097014822626,17164.097167787,17164.097167787,17164.097714771,17164.112879798,3,COMPLETED,True,baseline_9,118,0.1529643741378095,0.5469839998113457,15.165027001785347,15.864975375734502
2039,17164.12805656908,17164.128142214,17164.128142214,17164.128914085,17164.147616794,2,COMPLETED,True,baseline_9,119,0.08564491872675717,0.7718710003246088,18.702709003264317,19.560224922315683
2040,17164.196022348482,17164.196115199,17164.196115199,17164.196649661,17164.214160304,1,COMPLETED,True,baseline_9,0,0.09285051783081144,0.5344620003597811,17.510642999695847,18.13795551788644
2041,17164.31612829198,17164.31631001,17164.31631001,17164.317440946,17164.33797162,0,COMPLETED,True,baseline_9,1,0.18171802003053017,1.1309360015729908,20.5306739990192,21.84332802062272
2042,17164.321873728724,17164.32213229,17164.32213229,17164.323157127,17164.343817741,3,COMPLETED,True,baseline_9,2,0.25856127467704937,1.0248370017507114,20.660613998188637,21.944012274616398
2043,17164.345334089452,17164.345520634,17164.345520634,17164.346543367,17164.368948575,2,COMPLETED,True,baseline_9,3,0.1865445483417716,1.0227329985355027,22.405208001146093,23.614485548023367
2044,17164.3553198385,17164.355489044,17164.355489044,17164.35628742,17164.377764846,1,COMPLETED,True,baseline_9,4,0.16920549751375802,0.7983760006027296,21.477426002093125,22.445007500209613
2045,17164.377194271066,17164.377243193,17164.377243193,17164.378282999,17164.397056512,0,COMPLETED,True,baseline_9,5,0.04892193464911543,1.0398060003353748,18.773512998450315,19.862240933434805
2046,17164.3934220069,17164.393620648,17164.393620648,17164.394457099,17164.409507124,3,COMPLETED,True,baseline_9,6,0.19864110072376207,0.8364509994862601,15.050025001983158,16.08511710219318
2047,17164.414869588778,17164.414989334,17164.414989334,17164.415780423,17164.431417059,2,COMPLETED,True,baseline_9,7,0.11974522203672677,0.7910890017228667,15.636635998816928,16.54747022257652
2048,17164.424103680194,17164.424265615,17164.424265615,17164.425188788,17164.444449987,1,COMPLETED,True,baseline_9,8,0.16193480769288726,0.9231729964085389,19.2611990023579,20.346306806459324
2049,17164.440407712744,17164.44063919,17164.44063919,17164.441242591,17164.459876342,0,COMPLETED,True,baseline_9,9,0.2314772573299706,0.6034010002622381,18.633750998560572,19.46862925615278
2050,17164.44312407992,17164.443322714,17164.443322714,17164.443946668,17164.462852874,3,COMPLETED,True,baseline_9,10,0.19863407942466438,0.623954001639504,18.90620599806425,19.72879407912842
2051,17164.48080976845,17164.480931771,17164.480931771,17164.48163985,17164.500906415,2,COMPLETED,True,baseline_9,11,0.1220025478687603,0.7080790019244887,19.266564999270486,20.096646549063735
2052,17164.481013796387,17164.481411699,17164.481411699,17164.481881481,17164.501047927,1,COMPLETED,True,baseline_9,12,0.39790261143934913,0.4697820004366804,19.16644599987194,20.03413061174797
2053,17164.50470856972,17164.504846285,17164.504846285,17164.505552079,17164.519339439,0,COMPLETED,True,baseline_9,13,0.1377152802888304,0.7057940019876696,13.787359999696491,14.630869281972991
2054,17164.560207466715,17164.560356072,17164.560356072,17164.560930165,17164.577094171,3,COMPLETED,True,baseline_9,14,0.1486052860855125,0.5740929991588928,16.164005999598885,16.88670428484329
2055,17164.6145694177,17164.614714969,17164.614714969,17164.615641022,17164.635161646,2,COMPLETED,True,baseline_9,15,0.1455513011023868,0.9260529986931942,19.52062400232535,20.59222830212093
2056,17164.632016343905,17164.632236502,17164.632236502,17164.633019204,17164.651382533,1,COMPLETED,True,baseline_9,16,0.22015809372533113,0.7827020017430186,18.363328999839723,19.366189095308073
2057,17164.63369496444,17164.63385479,17164.63385479,17164.634565459,17164.651870605,0,COMPLETED,True,baseline_9,17,0.1598255621502176,0.7106689990905579,17.305146000580862,18.175640561821638
2058,17164.744945310285,17164.745145415,17164.745145415,17164.746228436,17164.766536581,3,COMPLETED,True,baseline_9,18,0.20010471416753717,1.0830210012500174,20.3081449981255,21.591270713543054
2059,17164.837477748704,17164.83764026,17164.83764026,17164.838662387,17164.858367166,2,COMPLETED,True,baseline_9,19,0.16251129636657424,1.0221269985777326,19.704779002495343,20.88941729743965
2060,17164.860250903224,17164.860407977,17164.860407977,17164.861598951,17164.880967558,1,COMPLETED,True,baseline_9,20,0.15707377679063939,1.1909739987459034,19.36860700152465,20.716654777061194
2061,17164.865612747584,17164.865782531,17164.865782531,17164.86670836,17164.886512753,0,COMPLETED,True,baseline_9,21,0.1697834159131162,0.925829001062084,19.80439299950376,20.90000541647896
2062,17164.884581590475,17164.884749613,17164.884749613,17164.885635291,17164.905356032,3,COMPLETED,True,baseline_9,22,0.16802252503111959,0.885678000486223,19.72074099830934,20.77444152382668
2063,17164.925189348698,17164.925402181,17164.925402181,17164.926153158,17164.939425063,2,COMPLETED,True,baseline_9,23,0.21283230307744816,0.7509770002798177,13.271904997964157,14.235714301321423
2064,17164.927723085806,17164.927803743,17164.927803743,17164.928611123,17164.947323936,1,COMPLETED,True,baseline_9,24,0.08065719521255232,0.8073799981502816,18.712813001911854,19.60085019527469
2065,17164.948717744355,17164.948885402,17164.948885402,17164.949568083,17164.968701802,0,COMPLETED,True,baseline_9,25,0.1676576430327259,0.6826810022175778,19.133719000819838,19.98405764607014
2066,17164.949867913063,17164.950013226,17164.950013226,17164.950586972,17164.964419145,3,COMPLETED,True,baseline_9,26,0.14531293709296733,0.5737460014643148,13.832172997354064,14.551231935911346
2067,17164.957958979907,17164.958160718,17164.958160718,17164.958852549,17164.972070671,2,COMPLETED,True,baseline_9,27,0.2017380938923452,0.691830999130616,13.218121999670984,14.111691092693945
2068,17164.96382609446,17164.963986493,17164.963986493,17164.964806027,17164.982274855,1,COMPLETED,True,baseline_9,28,0.16039854017435573,0.8195340014935937,17.46882799852756,18.448760540195508
2069,17164.985601454366,17164.985870522,17164.985870522,17164.986638034,17164.999688687,3,COMPLETED,True,baseline_9,29,0.2690676337806508,0.7675119995838031,13.050653000391321,14.087232633755775
2070,17165.011876164786,17165.012127503,17165.012127503,17165.012974757,17165.031706202,0,COMPLETED,True,baseline_9,30,0.25133821327472106,0.8472539993817918,18.731445001321845,19.830037213978358
2071,17165.0618468425,17165.06193965,17165.06193965,17165.062945243,17165.082492013,2,COMPLETED,True,baseline_9,31,0.09280750236939639,1.0055929997179192,19.546769999578828,20.645170501666144
2072,17165.07802762765,17165.078129739,17165.078129739,17165.078915988,17165.095990948,1,COMPLETED,True,baseline_9,32,0.10211134940618649,0.7862490019761026,17.074960000172723,17.963320351555012
2073,17165.0983709506,17165.098475129,17165.098475129,17165.099260851,17165.117081237,3,COMPLETED,True,baseline_9,33,0.10417840167065151,0.7857219970901497,17.820386001403676,18.710286400164478
2074,17165.124489545342,17165.124605037,17165.124605037,17165.125277509,17165.138552138,0,COMPLETED,True,baseline_9,34,0.11549165719770826,0.6724720005877316,13.274629000079585,14.062592657865025
2075,17165.132782626137,17165.132885157,17165.132885157,17165.133738035,17165.150978196,2,COMPLETED,True,baseline_9,35,0.10253086293232627,0.8528780017513782,17.240160999790533,18.195569864474237
2076,17165.132819517014,17165.132960039,17165.132960039,17165.133790357,17165.147076181,1,COMPLETED,True,baseline_9,36,0.14052198821445927,0.8303179965878371,13.285824003105517,14.256663987907814
2077,17165.14234544397,17165.142509684,17165.142509684,17165.143394233,17165.161956382,3,COMPLETED,True,baseline_9,37,0.16424003115389496,0.8845490010571666,18.562148998171324,19.610938030382385
2078,17165.171560390234,17165.171688334,17165.171688334,17165.17252443,17165.185478402,0,COMPLETED,True,baseline_9,38,0.12794376743840985,0.8360959982383065,12.95397200010484,13.918011765781557
2079,17165.216910432093,17165.21699751,17165.21699751,17165.217679096,17165.237385022,1,COMPLETED,True,baseline_9,39,0.08707790766493417,0.6815859997004736,19.705925999005558,20.474589906370966
2080,17165.236603003075,17165.236725563,17165.236725563,17165.237557405,17165.256481925,2,COMPLETED,True,baseline_9,40,0.12255992623977363,0.8318419968418311,18.924520001746714,19.87892192482832
2081,17165.250143166093,17165.250277387,17165.250277387,17165.251052708,17165.265220781,1,COMPLETED,True,baseline_9,41,0.13422090705716982,0.7753210011287592,14.168072997563286,15.077614905749215
2082,17165.264934124123,17165.265190199,17165.265190199,17165.266262018,17165.285979667,0,COMPLETED,True,baseline_9,42,0.2560748762334697,1.0718190023908392,19.717649000085657,21.045542878709966
2083,17165.321249838304,17165.321385371,17165.321385371,17165.32233468,17165.341857709,3,COMPLETED,True,baseline_9,43,0.13553269673138857,0.9493090001342352,19.52302900099312,20.607870697858743
2084,17165.32939146072,17165.329472829,17165.329472829,17165.330188709,17165.344417455,2,COMPLETED,True,baseline_9,44,0.08136827818816528,0.7158799999160692,14.228746000298997,15.025994278403232
2085,17165.40533619817,17165.405505347,17165.405505347,17165.406326854,17165.425095824,1,COMPLETED,True,baseline_9,45,0.16914882871787995,0.821507001091959,18.768969999655383,19.75962582946522
2086,17165.418203438432,17165.418294628,17165.418294628,17165.419254958,17165.439006768,0,COMPLETED,True,baseline_9,46,0.09118956950260326,0.9603299986338243,19.751809999434045,20.803329567570472
2087,17165.438047158492,17165.438267104,17165.438267104,17165.439147237,17165.459081341,3,COMPLETED,True,baseline_9,47,0.21994550843373872,0.8801330004644115,19.93410399882123,21.03418250771938
2088,17165.45467581403,17165.454917026,17165.454917026,17165.455675501,17165.47324537,2,COMPLETED,True,baseline_9,48,0.2412119683867786,0.758475001930492,17.569868999999017,18.569555970316287
2089,17165.459750022623,17165.459861173,17165.459861173,17165.460634829,17165.479028042,1,COMPLETED,True,baseline_9,49,0.11115037705167197,0.77365600009216,18.393212998489616,19.27801937563345
2090,17165.46926188364,17165.469408174,17165.469408174,17165.470105271,17165.483755489,0,COMPLETED,True,baseline_9,50,0.14629036013502628,0.6970969989197329,13.65021799938404,14.4936053584388
2091,17165.471543112606,17165.471681346,17165.471681346,17165.472245966,17165.490403814,3,COMPLETED,True,baseline_9,51,0.1382333939545788,0.5646200006594881,18.157848000555532,18.8607013951696
2092,17165.472663015164,17165.472800127,17165.472800127,17165.473462338,17165.487395914,2,COMPLETED,True,baseline_9,52,0.13711183783016168,0.6622109976888169,13.9335759995447,14.73289883506368
2093,17165.47500826567,17165.475064641,17165.475064641,17165.479247981,17165.49322974,1,COMPLETED,True,baseline_9,53,0.056375331041635945,4.183339999144664,13.981759002490435,18.221474332676735
2094,17165.47847166841,17165.478626534,17165.478626534,17165.483971353,17165.497781728,0,COMPLETED,True,baseline_9,54,0.15486558913835324,5.34481899740058,13.810375003231457,19.31005958977039
2095,17165.48126833902,17165.481415782,17165.481415782,17165.487787982,17165.501220738,2,COMPLETED,True,baseline_9,55,0.14744298096047714,6.3722000013513025,13.43275599720073,19.95239897951251
2096,17165.486796739162,17165.486961181,17165.486961181,17165.490596335,17165.504690795,3,COMPLETED,True,baseline_9,56,0.16444183711428195,3.635154000221519,14.094460002525011,17.894055839860812
2097,17165.486962846557,17165.487097308,17165.487097308,17165.493582886,17165.507180458,1,COMPLETED,True,baseline_9,57,0.13446144293993711,6.485578000138048,13.59757200043532,20.217611443513306
2098,17165.494044878076,17165.494180331,17165.494180331,17165.49815337,17165.51139524,0,COMPLETED,True,baseline_9,58,0.13545292313210666,3.9730390017211903,13.241869997727918,17.350361922581214
2099,17165.539524891134,17165.539622068,17165.539622068,17165.540103217,17165.554020732,2,COMPLETED,True,baseline_9,59,0.09717686771182343,0.4811489998246543,13.917514999775449,14.495840867311927
2100,17165.54448178503,17165.544592437,17165.544592437,17165.545045238,17165.558823829,3,COMPLETED,True,baseline_9,60,0.1106519703171216,0.4528009994828608,13.778591001027962,14.342043970827945
2101,17165.609310737644,17165.609421991,17165.609421991,17165.610320506,17165.626203841,1,COMPLETED,True,baseline_9,61,0.11125335731776431,0.8985149979707785,15.883334999671206,16.89310335495975
2102,17165.62466640132,17165.624751847,17165.624751847,17165.625433277,17165.644259306,0,COMPLETED,True,baseline_9,62,0.08544568117940798,0.6814299995312467,18.82602899786434,19.592904678574996
2103,17165.652617568383,17165.652796025,17165.652796025,17165.653676767,17165.671563746,2,COMPLETED,True,baseline_9,63,0.17845661568571813,0.8807420017546974,17.886978999740677,18.946177617181093
2104,17165.66183574243,17165.661999621,17165.661999621,17165.662910193,17165.683225567,3,COMPLETED,True,baseline_9,64,0.16387856885557994,0.9105720018851571,20.31537400034722,21.389824571087956
2105,17165.688667908038,17165.688757618,17165.688757618,17165.689179124,17165.70233191,1,COMPLETED,True,baseline_9,65,0.08970996350399218,0.4215059998387005,13.152785999409389,13.664001962752081
2106,17165.70084311411,17165.700929816,17165.700929816,17165.70154224,17165.721918358,0,COMPLETED,True,baseline_9,66,0.08670188981341198,0.6124239989730995,20.37611799823935,21.075243887025863
2107,17165.72211023484,17165.72222467,17165.72222467,17165.722967682,17165.736647346,2,COMPLETED,True,baseline_9,67,0.11443515904829837,0.7430119985656347,13.679663999937475,14.537111157551408
2108,17165.738486722625,17165.738578918,17165.738578918,17165.738978073,17165.751789014,3,COMPLETED,True,baseline_9,68,0.09219537605531514,0.3991550001956057,12.810940999770537,13.302291376021458
2109,17165.750144293324,17165.750227301,17165.750227301,17165.750628031,17165.764382839,1,COMPLETED,True,baseline_9,69,0.08300767512992024,0.4007300012744963,13.754807998338947,14.238545674743364
2110,17165.780819872947,17165.781072153,17165.781072153,17165.781619892,17165.794769904,0,COMPLETED,True,baseline_9,70,0.25228005324606784,0.5477390004671179,13.150012000551214,13.9500310542644
2111,17165.849646827657,17165.849789887,17165.849789887,17165.850873128,17165.872104331,2,COMPLETED,True,baseline_9,71,0.14305934382718988,1.0832410007424187,21.231202998023946,22.457503342593554
2112,17165.918546789304,17165.918712699,17165.918712699,17165.919743975,17165.939751905,3,COMPLETED,True,baseline_9,72,0.16590969607932493,1.0312759986845776,20.007930001156637,21.20511569592054
2113,17166.02572528644,17166.025876098,17166.025876098,17166.026921681,17166.047104212,1,COMPLETED,True,baseline_9,73,0.1508115601609461,1.0455830015416723,20.18253099959111,21.378925561293727
2114,17166.027120590486,17166.027255379,17166.027255379,17166.028245718,17166.048115723,0,COMPLETED,True,baseline_9,74,0.1347885117866099,0.9903390018735081,19.870004998665536,20.995132512325654
2115,17166.028036991684,17166.028247522,17166.028247522,17166.028926899,17166.049344855,2,COMPLETED,True,baseline_9,75,0.21053031741757877,0.6793770007789135,20.417955998709658,21.30786331690615
2116,17166.0575511173,17166.057671682,17166.057671682,17166.05851747,17166.076859587,3,COMPLETED,True,burst_9,76,0.12056469859089702,0.8457879994239192,18.342117000429425,19.30846969844424
2117,17166.058406280627,17166.058542921,17166.058542921,17166.059054625,17166.072789968,1,COMPLETED,True,burst_9,77,0.13664037396665663,0.5117039981996641,13.73534300000756,14.383687372173881
2118,17166.059094063705,17166.059285127,17166.059285127,17166.060084347,17166.074214004,0,COMPLETED,True,burst_9,78,0.19106329636997543,0.7992199971340597,14.12965700001223,15.119940293516265
2119,17166.069319892275,17166.069492958,17166.069492958,17166.07042624,17166.089387177,2,COMPLETED,True,burst_9,79,0.17306572408415377,0.9332820009149145,18.96093699906487,20.06728472406394
2120,17166.093350880117,17166.093603658,17166.093603658,17166.0941932,17166.110578134,1,COMPLETED,True,burst_9,80,0.2527778815419879,0.5895419999433216,16.38493400241714,17.22725388390245
2121,17166.107316606023,17166.107411178,17166.107411178,17166.108069119,17166.122039118,0,COMPLETED,True,burst_9,81,0.09457197666051798,0.6579410000995267,13.969998999527888,14.722511976287933
2122,17166.1108098263,17166.111002641,17166.111002641,17166.111762761,17166.125353628,3,COMPLETED,True,burst_9,82,0.19281469940324314,0.7601200013596099,13.590866998129059,14.543801698891912
2123,17166.11829461635,17166.11845101,17166.11845101,17166.119114067,17166.137815995,2,COMPLETED,True,burst_9,83,0.15639364937669598,0.6630570023844484,18.701927998336032,19.521378650097176
2124,17166.131812329426,17166.131977999,17166.131977999,17166.13281904,17166.150713095,1,COMPLETED,True,burst_9,84,0.16566957492614165,0.8410410009673797,17.894054999487707,18.90076557538123
2125,17166.155409810337,17166.155590823,17166.155590823,17166.156561692,17166.177006704,0,COMPLETED,True,baseline_10,85,0.18101266323355958,0.9708690013212617,20.445011999981944,21.596893664536765
2126,17166.28339581194,17166.283564589,17166.283564589,17166.284866086,17166.305459605,3,COMPLETED,True,baseline_10,86,0.16877706002560444,1.3014969990763348,20.593518998794025,22.063793057895964
2127,17166.283950048462,17166.284383964,17166.284383964,17166.285144083,17166.305307472,2,COMPLETED,True,baseline_10,87,0.4339155384514015,0.7601190009154379,20.16338899920811,21.35742353857495
2128,17166.30310312896,17166.30329599,17166.30329599,17166.304315094,17166.325227706,1,COMPLETED,True,baseline_10,88,0.19286103997728787,1.019103998260107,20.91261199893779,22.124577037175186
2129,17166.316698118204,17166.316820393,17166.316820393,17166.317881138,17166.338921225,0,COMPLETED,True,baseline_10,89,0.12227479601278901,1.0607449985400308,21.04008700189297,22.22310679644579
2130,17166.328677732432,17166.328811534,17166.328811534,17166.329561137,17166.344263518,3,COMPLETED,True,baseline_10,90,0.13380156815401278,0.7496030011679977,14.702380998642184,15.585785567964194
2131,17166.423318286033,17166.423428678,17166.423428678,17166.424226336,17166.442111683,2,COMPLETED,True,baseline_10,91,0.11039196760975756,0.7976579981914256,17.885347002447816,18.793396968249
2132,17166.504841133592,17166.504922013,17166.504922013,17166.50600071,17166.525906711,1,COMPLETED,True,baseline_10,92,0.08087940659606829,1.0786970015033148,19.9060009981622,21.065577406261582
2133,17166.54379545981,17166.543937661,17166.543937661,17166.544948379,17166.56488312,0,COMPLETED,True,baseline_10,93,0.14220119192032143,1.0107179987244308,19.934741001634393,21.087660192279145
2134,17166.55426189818,17166.554546738,17166.554546738,17166.555522458,17166.575820008,3,COMPLETED,True,baseline_10,94,0.2848398180503864,0.9757199986779597,20.29755000330624,21.558109820034588
2135,17166.611358245875,17166.611612391,17166.611612391,17166.612500998,17166.627647091,2,COMPLETED,True,baseline_10,95,0.2541451249271631,0.8886069990694523,15.146093002840644,16.28884512683726
2136,17166.620826017595,17166.620915354,17166.620915354,17166.621885276,17166.640658596,1,COMPLETED,True,baseline_10,96,0.08933640492614359,0.9699219990579877,18.77332000003662,19.83257840402075
2137,17166.72676414349,17166.726958092,17166.726958092,17166.728076656,17166.747819848,0,COMPLETED,True,baseline_10,97,0.19394851187826134,1.1185639996256214,19.743191998713883,21.055704510217765
2138,17166.74329747517,17166.74346228,17166.74346228,17166.744613597,17166.764577883,3,COMPLETED,True,baseline_10,98,0.16480483100167476,1.1513169993122574,19.964286002505105,21.280407832819037
2139,17166.74803968997,17166.748063956,17166.748063956,17166.749304746,17166.769912675,2,COMPLETED,True,baseline_10,99,0.024266031687147915,1.2407899994286709,20.607929000107106,21.872985031222925
2140,17166.78126082309,17166.781356837,17166.781356837,17166.782270602,17166.800281754,1,COMPLETED,True,baseline_10,100,0.09601391138858162,0.9137650013144594,18.011151998507557,19.0209309112106
2141,17166.786859674172,17166.78700758,17166.78700758,17166.787987518,17166.807507525,0,COMPLETED,True,baseline_10,101,0.1479058264521882,0.9799380022741389,19.520007001119666,20.647850829845993
2142,17166.789495597066,17166.789633867,17166.789633867,17166.79042356,17166.809926906,3,COMPLETED,True,baseline_10,102,0.13826993381371722,0.7896930001152214,19.503346000419697,20.431308934348635
2143,17166.87874250387,17166.879001598,17166.879001598,17166.879999773,17166.90031249,2,COMPLETED,True,baseline_10,103,0.2590941294329241,0.9981749972212128,20.31271700252546,21.569986129179597
2144,17166.931333518838,17166.931506223,17166.931506223,17166.932763163,17166.95263257,1,COMPLETED,True,baseline_10,104,0.17270416356041096,1.2569399987114593,19.869406998623163,21.299051160895033
2145,17166.942250183445,17166.942426434,17166.942426434,17166.943291648,17166.957839451,0,COMPLETED,True,baseline_10,105,0.17625055625103414,0.8652139986224938,14.547802999004489,15.589267553878017
2146,17166.949152837165,17166.949272296,17166.949272296,17166.950299737,17166.970924875,3,COMPLETED,True,baseline_10,106,0.1194588330690749,1.027441001497209,20.625138000468723,21.772037835035007
2147,17166.95416653178,17166.954312736,17166.954312736,17166.95514369,17166.975177755,2,COMPLETED,True,baseline_10,107,0.14620422007283196,0.8309539989568293,20.034065000800183,21.011223219829844
2148,17167.01634716839,17167.016495121,17167.016495121,17167.017423272,17167.0372584,1,COMPLETED,True,baseline_10,108,0.1479526072216686,0.9281509992433712,19.835128001432167,20.911231607897207
2149,17167.03659715782,17167.036687252,17167.036687252,17167.037402659,17167.057245728,0,COMPLETED,True,baseline_10,109,0.09009417772176675,0.7154070008255076,19.84306899976218,20.648570178309456
2150,17167.04684009187,17167.046928051,17167.046928051,17167.047553055,17167.065909314,1,COMPLETED,True,baseline_10,110,0.08795913163339719,0.6250039987207856,18.356258999119746,19.06922212947393
2151,17167.059241667477,17167.059356419,17167.059356419,17167.060079172,17167.078791351,2,COMPLETED,True,baseline_10,111,0.11475152132334188,0.7227530004456639,18.712179000431206,19.549683522200212
2152,17167.06157004218,17167.061809853,17167.061809853,17167.062654137,17167.082219789,3,COMPLETED,True,baseline_10,112,0.23981081903912127,0.8442840007774066,19.56565200089244,20.64974682070897
2153,17167.07619414623,17167.076360872,17167.076360872,17167.077025549,17167.090514316,0,COMPLETED,True,baseline_10,113,0.16672577112331055,0.6646769979852252,13.488767002854729,14.320169771963265
2154,17167.185186215043,17167.185446824,17167.185446824,17167.18654157,17167.206889126,1,COMPLETED,True,baseline_10,114,0.26060895834234543,1.094745999580482,20.34755599743221,21.702910955355037
2155,17167.201724029233,17167.201901658,17167.201901658,17167.2029833,17167.223504745,2,COMPLETED,True,baseline_10,115,0.17762876814231277,1.0816419999173377,20.521444999758387,21.780715767818037
2156,17167.237459677606,17167.237631898,17167.237631898,17167.238467946,17167.256827533,3,COMPLETED,True,baseline_10,116,0.17222039241460152,0.8360480023839045,18.3595870003046,19.367855395103106
2157,17167.261864396893,17167.26200243,17167.26200243,17167.262938069,17167.283104929,0,COMPLETED,True,baseline_10,117,0.13803310866933316,0.9356390000903048,20.166859998425934,21.240532107185572
2158,17167.326440799163,17167.326488849,17167.326488849,17167.327217656,17167.345264977,1,COMPLETED,True,baseline_10,118,0.0480498383694794,0.7288069973583333,18.04732100208639,18.824177837814204
2159,17167.344656285237,17167.344827538,17167.344827538,17167.345814066,17167.366937954,2,COMPLETED,True,baseline_10,119,0.17125276281149127,0.9865280007943511,21.123888000147417,22.28166876375326
2160,17167.362599509637,17167.3627547,17167.3627547,17167.36365735,17167.383727536,3,COMPLETED,True,baseline_10,0,0.15519036242039874,0.9026500010804739,20.07018599761068,21.12802636111155
2161,17167.412162824417,17167.412293469,17167.412293469,17167.412816983,17167.431155725,0,COMPLETED,True,baseline_10,1,0.1306445810769219,0.5235140015429351,18.338742000196362,18.99290058281622
2162,17167.497087692926,17167.497254666,17167.497254666,17167.498302511,17167.518206904,1,COMPLETED,True,baseline_10,2,0.16697307364665903,1.047845002176473,19.90439299697755,21.11921107280068
2163,17167.55906152976,17167.559221955,17167.559221955,17167.560252919,17167.579302538,2,COMPLETED,True,baseline_10,3,0.16042524293879978,1.0309639983461238,19.049619000725215,20.24100824201014
2164,17167.604402405737,17167.604566926,17167.604566926,17167.605445604,17167.62422378,3,COMPLETED,True,baseline_10,4,0.16452026102342643,0.8786780017544515,18.778175999614177,19.821374262392055
2165,17167.621560627613,17167.621820276,17167.621820276,17167.622508838,17167.64126545,0,COMPLETED,True,baseline_10,5,0.25964838641812094,0.6885620023240335,18.756612000288442,19.704822389030596
2166,17167.626313154782,17167.626356246,17167.626356246,17167.627142013,17167.642574263,1,COMPLETED,True,baseline_10,6,0.04309121868573129,0.7857669988879934,15.432250002049841,16.261108219623566
2167,17167.64685041079,17167.646996211,17167.646996211,17167.647812895,17167.666935618,2,COMPLETED,True,baseline_10,7,0.1458002079743892,0.8166840016201604,19.122722998872632,20.08520720846718
2168,17167.662329144907,17167.662434715,17167.662434715,17167.663091677,17167.680227307,3,COMPLETED,True,baseline_10,8,0.10557009227341041,0.6569620018126443,17.13562999793794,17.898162092023995
2169,17167.68870789212,17167.688830033,17167.688830033,17167.689592673,17167.708484739,0,COMPLETED,True,baseline_10,9,0.12214087837492116,0.7626400001754519,18.892066000262275,19.77684687881265
2170,17167.77486953651,17167.775004565,17167.775004565,17167.776249323,17167.796531699,1,COMPLETED,True,baseline_10,10,0.13502848742064089,1.2447580011212267,20.28237600097782,21.662162489519687
2171,17167.78031203679,17167.780429142,17167.780429142,17167.78136409,17167.801268146,2,COMPLETED,True,baseline_10,11,0.11710520993801765,0.934947998757707,19.90405600008671,20.956109208782436
2172,17167.78956440756,17167.789701026,17167.789701026,17167.790604566,17167.810115623,3,COMPLETED,True,baseline_10,12,0.13661843695444986,0.9035399998538196,19.511057002091547,20.551215438899817
2173,17167.7928334856,17167.793011268,17167.793011268,17167.793940191,17167.813936458,0,COMPLETED,True,baseline_10,13,0.17778239998733625,0.9289230001741089,19.996266997623025,21.10297239778447
2174,17167.820251905294,17167.820360737,17167.820360737,17167.820856266,17167.836739928,1,COMPLETED,True,baseline_10,14,0.10883170762099326,0.49552899872651324,15.883661999396281,16.488022705743788
2175,17167.831818827744,17167.831917853,17167.831917853,17167.832666442,17167.851118777,2,COMPLETED,True,baseline_10,15,0.0990252556221094,0.7485889982490335,18.452334999892628,19.29994925376377
2176,17167.845182844027,17167.845296973,17167.845296973,17167.846065588,17167.862539808,3,COMPLETED,True,baseline_10,16,0.1141289721999783,0.7686150020163041,16.474219999508932,17.356963973725215
2177,17167.87107363009,17167.871188811,17167.871188811,17167.872079137,17167.890983033,0,COMPLETED,True,baseline_10,17,0.11518091196194291,0.8903259986254852,18.90389600157505,19.909402912162477
2178,17167.872389820208,17167.87249685,17167.87249685,17167.873156678,17167.891667755,1,COMPLETED,True,baseline_10,18,0.10702979125198908,0.6598280015168712,18.511076999857323,19.277934792626183
2179,17167.876979629465,17167.877089591,17167.877089591,17167.87777071,17167.891074571,2,COMPLETED,True,baseline_10,19,0.10996153287123889,0.6811190032749437,13.303861000167672,14.094941536313854
2180,17167.889425824644,17167.889590676,17167.889590676,17167.89030089,17167.903246315,3,COMPLETED,True,baseline_10,20,0.16485135711263865,0.7102140007191338,12.945424998179078,13.82049035601085
2181,17167.897968409052,17167.898138505,17167.898138505,17167.898968758,17167.912622411,0,COMPLETED,True,baseline_10,21,0.17009594739647582,0.8302530004584696,13.653653000801569,14.654001948656514
2182,17167.942450912047,17167.942577655,17167.942577655,17167.943166907,17167.961271613,2,COMPLETED,True,baseline_10,22,0.12674295430770144,0.5892519984627143,18.104705999576254,18.82070095234667
2183,17167.955675366848,17167.955926148,17167.955926148,17167.956744804,17167.972736875,1,COMPLETED,True,baseline_10,23,0.25078115140786394,0.8186560007743537,15.992070999345742,17.06150815152796
2184,17167.964006274127,17167.964096946,17167.964096946,17167.964768278,17167.977783346,3,COMPLETED,True,baseline_10,24,0.09067187420441769,0.6713319999107625,13.01506799791241,13.77707187202759
2185,17167.975724542877,17167.975832069,17167.975832069,17167.976673626,17167.996548253,0,COMPLETED,True,baseline_10,25,0.10752612433861941,0.8415569973294623,19.874626999808243,20.823710121476324
2186,17167.978018512684,17167.978111902,17167.978111902,17167.978876399,17167.992451857,2,COMPLETED,True,baseline_10,26,0.09338931704405695,0.7644969991815742,13.575458000559593,14.433344316785224
2187,17168.008100407165,17168.008293548,17168.008293548,17168.009130822,17168.027509558,1,COMPLETED,True,baseline_10,27,0.1931408332893625,0.8372740012418944,18.378736000158824,19.40915083469008
2188,17168.019813395415,17168.019967925,17168.019967925,17168.020781916,17168.035949883,3,COMPLETED,True,baseline_10,28,0.15452958541573025,0.8139909987221472,15.16796700161649,16.136487585754367
2189,17168.020582059267,17168.020714885,17168.020714885,17168.021340904,17168.040049324,2,COMPLETED,True,baseline_10,29,0.13282573127071373,0.6260190020839218,18.708420000621118,19.467264733975753
2190,17168.025808323866,17168.025957697,17168.025957697,17168.026666761,17168.044417456,0,COMPLETED,True,baseline_10,30,0.1493731324444525,0.7090640028764028,17.750694998539984,18.60913213386084
2191,17168.049507018557,17168.049679323,17168.049679323,17168.050380987,17168.063699615,1,COMPLETED,True,baseline_10,31,0.17230444427696057,0.7016639974608552,13.318627999979071,14.192596441716887
2192,17168.057960822327,17168.058098133,17168.058098133,17168.058892641,17168.074466919,3,COMPLETED,True,baseline_10,32,0.13731067156186327,0.7945079996716231,15.574278000713093,16.50609667194658
2193,17168.06582498075,17168.065928745,17168.065928745,17168.066620596,17168.079900126,2,COMPLETED,True,baseline_10,33,0.10376425052527338,0.6918510007380974,13.279529997817008,14.075145249080379
2194,17168.088894800076,17168.089049513,17168.089049513,17168.089678179,17168.103129489,0,COMPLETED,True,baseline_10,34,0.15471292499569245,0.6286659991019405,13.451310001983074,14.234688926080707
2195,17168.09851246022,17168.098673267,17168.098673267,17168.099282257,17168.112743111,1,COMPLETED,True,baseline_10,35,0.16080677960417233,0.6089900016377214,13.460853999276878,14.230650780518772
2196,17168.15598454362,17168.156125603,17168.156125603,17168.157079219,17168.176538568,3,COMPLETED,True,baseline_10,36,0.14105937952990644,0.9536159996059723,19.459349001408555,20.554024380544433
2197,17168.181913434943,17168.182031661,17168.182031661,17168.182953109,17168.20192827,2,COMPLETED,True,baseline_10,37,0.11822605665656738,0.9214480014634319,18.975160997797502,20.0148350559175
2198,17168.234005777515,17168.234149449,17168.234149449,17168.235233158,17168.256372597,0,COMPLETED,True,baseline_10,38,0.14367148469318636,1.0837090012500994,21.13943899894366,22.366819484886946
2199,17168.258946009286,17168.259094367,17168.259094367,17168.260113406,17168.275243841,1,COMPLETED,True,baseline_10,39,0.14835771435173228,1.0190389984927606,15.130435000173748,16.29783171301824
2200,17168.28387739752,17168.284052141,17168.284052141,17168.2850626,17168.305094747,3,COMPLETED,True,baseline_10,40,0.1747434798744507,1.0104590000992175,20.032147000165423,21.21734948013909
2201,17168.346701302456,17168.346730466,17168.346730466,17168.347540386,17168.366255735,2,COMPLETED,True,baseline_10,41,0.029163544240873307,0.809919998573605,18.71534900055849,19.554432543372968
2202,17168.352788764107,17168.352956012,17168.352956012,17168.353795801,17168.373259658,0,COMPLETED,True,baseline_10,42,0.16724789384170435,0.8397889978368767,19.463857002847362,20.470893894525943
2203,17168.425720570944,17168.425874846,17168.425874846,17168.426671783,17168.444556056,1,COMPLETED,True,baseline_10,43,0.1542750578664709,0.7969369980855845,17.884273001982365,18.83548505793442
2204,17168.451351746273,17168.451522269,17168.451522269,17168.452477547,17168.473270116,3,COMPLETED,True,baseline_10,44,0.17052272596629336,0.9552780029480346,20.792568997421768,21.918369726336095
2205,17168.456159844405,17168.456191758,17168.456191758,17168.45690114,17168.470383178,2,COMPLETED,True,baseline_10,45,0.03191359428456053,0.7093820022419095,13.482037997164298,14.223333593690768
2206,17168.480843582627,17168.480988065,17168.480988065,17168.481836292,17168.496804908,0,COMPLETED,True,baseline_10,46,0.14448237197939306,0.8482270022796001,14.968616000260226,15.96132537451922
2207,17168.54335968602,17168.543619964,17168.543619964,17168.544221254,17168.557469817,1,COMPLETED,True,baseline_10,47,0.26027797866845503,0.6012900012137834,13.248562998342095,14.110130978224333
2208,17168.548933223607,17168.549091147,17168.549091147,17168.549934607,17168.56939672,2,COMPLETED,True,baseline_10,48,0.1579233939992264,0.8434599985776003,19.46211299946299,20.463496392039815
2209,17168.549869495135,17168.550009825,17168.550009825,17168.550525861,17168.569734744,3,COMPLETED,True,baseline_10,49,0.14032986655365676,0.5160359978617635,19.20888300082879,19.86524886524421
2210,17168.55686586874,17168.557046597,17168.557046597,17168.557805774,17168.578212943,0,COMPLETED,True,baseline_10,50,0.18072826060233638,0.7591769972350448,20.4071690022829,21.34707426012028
2211,17168.575648846247,17168.575829149,17168.575829149,17168.576600657,17168.59069935,1,COMPLETED,True,baseline_10,51,0.1803027516871225,0.7715080027992371,14.098692998231854,15.050503752718214
2212,17168.679026919104,17168.679199093,17168.679199093,17168.680293318,17168.699491153,2,COMPLETED,True,baseline_10,52,0.17217389540746808,1.0942250009975396,19.197834997612517,20.464233894017525
2213,17168.713419307154,17168.713613114,17168.713613114,17168.714582704,17168.730160141,3,COMPLETED,True,baseline_10,53,0.19380684534553438,0.9695900007500313,15.577436999592464,16.74083384568803
2214,17168.73587941675,17168.736102563,17168.736102563,17168.736893727,17168.751351573,0,COMPLETED,True,baseline_10,54,0.2231462531199213,0.7911639986559749,14.457845998549601,15.472156250325497
2215,17168.744051895897,17168.744234405,17168.744234405,17168.745079445,17168.763513686,1,COMPLETED,True,baseline_10,55,0.18250910216011107,0.8450400018773507,18.434240999340545,19.461790103378007
2216,17168.759846265377,17168.759985454,17168.759985454,17168.760673345,17168.775615506,2,COMPLETED,True,baseline_10,56,0.13918862168793567,0.6878910025989171,14.94216100036283,15.769240624649683
2217,17168.761625683313,17168.761849151,17168.761849151,17168.762441237,17168.779762137,3,COMPLETED,True,baseline_10,57,0.2234676867374219,0.5920859985053539,17.32090000223252,18.136453687475296
2218,17168.846617454612,17168.846765112,17168.846765112,17168.84776767,17168.86707835,0,COMPLETED,True,baseline_10,58,0.1476573888794519,1.0025579977082089,19.310679999762215,20.460895386349875
2219,17168.84954839226,17168.849662162,17168.849662162,17168.850491692,17168.869701441,1,COMPLETED,True,baseline_10,59,0.11376973998267204,0.8295299994642846,19.209748999855947,20.153048739302903
2220,17168.891223684277,17168.891406788,17168.891406788,17168.892346539,17168.912398359,2,COMPLETED,True,baseline_10,60,0.1831037225201726,0.9397510002600029,20.051819999935105,21.17467472271528
2221,17168.91820657078,17168.918249232,17168.918249232,17168.91900636,17168.932869882,3,COMPLETED,True,baseline_10,61,0.04266122050466947,0.7571280002593994,13.863521999155637,14.663311219919706
2222,17168.923501566504,17168.923675049,17168.923675049,17168.924377615,17168.942649197,0,COMPLETED,True,baseline_10,62,0.1734824982122518,0.7025659979262855,18.271582001034403,19.14763049717294
2223,17168.970148401342,17168.970241762,17168.970241762,17168.970952715,17168.98616985,1,COMPLETED,True,baseline_10,63,0.09336065704701468,0.7109530015441123,15.21713499823818,16.021448656829307
2224,17168.992880896556,17168.992972464,17168.992972464,17168.993885023,17169.013580655,2,COMPLETED,True,baseline_10,64,0.09156744272331707,0.912559000425972,19.695631999638863,20.699758442788152
2225,17168.99883302147,17168.998971062,17168.998971062,17168.999595495,17169.017585205,3,COMPLETED,True,baseline_10,65,0.13804053014609963,0.6244329997571185,17.989710002439097,18.752183532342315
2226,17169.01233609414,17169.012396825,17169.012396825,17169.013296203,17169.033186124,0,COMPLETED,True,baseline_10,66,0.06073086115065962,0.8993779993033968,19.889921000867616,20.850029861321673
2227,17169.018954461375,17169.019105529,17169.019105529,17169.019941028,17169.033933947,1,COMPLETED,True,baseline_10,67,0.15106762657524087,0.8354989986401051,13.992919000884285,14.979485626099631
2228,17169.020184523346,17169.020320903,17169.020320903,17169.020763258,17169.034296197,2,COMPLETED,True,baseline_10,68,0.1363796545774676,0.4423549980856478,13.532938999560429,14.111673652223544
2229,17169.170723266234,17169.17090824,17169.17090824,17169.171954847,17169.192332403,3,COMPLETED,True,baseline_10,69,0.18497376731829718,1.0466069979884196,20.377556000312325,21.60913676561904
2230,17169.20509349082,17169.205382334,17169.205382334,17169.206517716,17169.2292687,0,COMPLETED,True,baseline_10,70,0.28884318089694716,1.1353820009389892,22.750984000595054,24.17520918243099
2231,17169.2525238462,17169.252622334,17169.252622334,17169.253608245,17169.274172282,1,COMPLETED,True,baseline_10,71,0.0984877988230437,0.9859109995886683,20.564037000440294,21.648435798852006
2232,17169.25596663436,17169.25607083,17169.25607083,17169.256974248,17169.277380199,2,COMPLETED,True,baseline_10,72,0.10419564205221832,0.9034180002345238,20.405950999702327,21.41356464198907
2233,17169.257172402093,17169.257338652,17169.257338652,17169.258198898,17169.277681593,3,COMPLETED,True,baseline_10,73,0.16624990894342773,0.8602459965914022,19.482695002807304,20.509190908342134
2234,17169.283064949315,17169.283235052,17169.283235052,17169.284077176,17169.30428109,0,COMPLETED,True,baseline_10,74,0.17010268493322656,0.8421239981544204,20.203914002195233,21.21614068528288
2235,17169.30628809112,17169.306380316,17169.306380316,17169.307090133,17169.320125825,1,COMPLETED,True,baseline_10,75,0.09222488006344065,0.7098169990058523,13.035692001722055,13.837733880791347
2236,17169.318586240992,17169.318673904,17169.318673904,17169.31938469,17169.333377232,2,COMPLETED,True,baseline_10,76,0.08766300743445754,0.7107860001269728,13.992542000778485,14.790991008339915
2237,17169.320799688197,17169.320900975,17169.320900975,17169.321541846,17169.34080366,3,COMPLETED,True,baseline_10,77,0.10128680150955915,0.6408709996321704,19.261814002675237,20.003971803816967
2238,17169.340312404012,17169.340411349,17169.340411349,17169.340879394,17169.354519327,0,COMPLETED,True,baseline_10,78,0.09894498725770973,0.46804500016150996,13.639933000376914,14.206922987796133
2239,17169.354589177594,17169.354751158,17169.354751158,17169.35580947,17169.369222755,1,COMPLETED,True,baseline_10,79,0.16198040611925535,1.0583119983493816,13.41328499984229,14.633577404310927
2240,17169.419373444875,17169.419482193,17169.419482193,17169.420271131,17169.438223063,2,COMPLETED,True,baseline_10,80,0.10874812505790032,0.7889379994594492,17.95193200086942,18.84961812538677
2241,17169.489815127028,17169.489975498,17169.489975498,17169.490882137,17169.509578577,3,COMPLETED,True,baseline_10,81,0.1603709715709556,0.9066390011867043,18.69643999816617,19.76344997092383
2242,17169.491623657592,17169.491874112,17169.491874112,17169.492680486,17169.511719606,0,COMPLETED,True,baseline_10,82,0.250454406341305,0.8063740024226718,19.039119997614762,20.09594840637874
2243,17169.494989518334,17169.495147512,17169.495147512,17169.49583891,17169.514426564,1,COMPLETED,True,baseline_10,83,0.15799366519786417,0.6913979996170383,18.587654001748888,19.43704566656379
2244,17169.500106157775,17169.500312763,17169.500312763,17169.501053872,17169.521200236,2,COMPLETED,True,baseline_10,84,0.20660522568505257,0.7411090009554755,20.146363996900618,21.094078223541146
2245,17169.544152087605,17169.544298128,17169.544298128,17169.545059895,17169.562868314,3,COMPLETED,True,baseline_10,85,0.146040394611191,0.7617670016770717,17.808418997447006,18.71622639373527
2246,17169.647102472798,17169.647268506,17169.647268506,17169.648305748,17169.668436407,0,COMPLETED,True,baseline_10,86,0.1660332018218469,1.037242000165861,20.130658998823492,21.3339342008112
2247,17169.667833081177,17169.667992731,17169.667992731,17169.66893062,17169.688263051,1,COMPLETED,True,baseline_10,87,0.1596498223079834,0.9378889990330208,19.33243100211257,20.429969823453575
2248,17169.686549345563,17169.686687549,17169.686687549,17169.687735521,17169.707861169,2,COMPLETED,True,baseline_10,88,0.1382034388370812,1.0479720003786497,20.12564799952088,21.31182343873661
2249,17169.708025289397,17169.708232628,17169.708232628,17169.709310149,17169.728237019,3,COMPLETED,True,baseline_10,89,0.20733860219479539,1.0775209993880708,18.92687000145088,20.211729603033746
2250,17169.750483610995,17169.750646785,17169.750646785,17169.751851812,17169.771418326,0,COMPLETED,True,baseline_10,90,0.1631740051379893,1.2050270015606657,19.56651399814291,20.934715004841564
2251,17169.767286741448,17169.767390479,17169.767390479,17169.768126723,17169.786232386,1,COMPLETED,True,baseline_10,91,0.10373755139880814,0.7362440010183491,18.10566299900529,18.945644551422447
2252,17169.78913848245,17169.789235674,17169.789235674,17169.790097421,17169.80900466,2,COMPLETED,True,baseline_10,92,0.09719155059428886,0.8617469975433778,18.907239002146525,19.866177550284192
2253,17169.79202840224,17169.792204229,17169.792204229,17169.792771781,17169.806680993,3,COMPLETED,True,baseline_10,93,0.1758267608238384,0.5675520005752333,13.909211997088278,14.65259075848735
2254,17169.795311878705,17169.795469028,17169.795469028,17169.796414025,17169.814666929,0,COMPLETED,True,baseline_10,94,0.157149293954717,0.9449970020796172,18.252903999382397,19.35505029541673
2255,17169.839674424824,17169.839770817,17169.839770817,17169.840547695,17169.85756844,1,COMPLETED,True,baseline_10,95,0.0963921775110066,0.7768779978505336,17.020744999172166,17.894015174533706
2256,17169.846916572824,17169.847013199,17169.847013199,17169.847658086,17169.866783544,3,COMPLETED,True,baseline_10,96,0.09662617594585754,0.644887000817107,19.125457998597994,19.86697117536096
2257,17169.89873845556,17169.898885527,17169.898885527,17169.899620715,17169.91985745,2,COMPLETED,True,baseline_10,97,0.14707144146086648,0.7351880012720358,20.236734999343753,21.118994442076655
2258,17169.93786970378,17169.937969462,17169.937969462,17169.938851504,17169.957580261,0,COMPLETED,True,baseline_10,98,0.09975822104024701,0.8820420007396024,18.72875700064469,19.71055722242454
2259,17169.944010224146,17169.944151144,17169.944151144,17169.944836791,17169.963758244,1,COMPLETED,True,baseline_10,99,0.14091985576669686,0.6856469990452752,18.921453000075417,19.74801985488739
2260,17169.98293372162,17169.983097634,17169.983097634,17169.984048096,17170.002031515,3,COMPLETED,True,baseline_10,100,0.16391238023061305,0.950461999309482,17.983418998483103,19.097793378023198
2261,17169.988390879334,17169.988548853,17169.988548853,17169.989521648,17170.009801885,2,COMPLETED,True,baseline_10,101,0.1579736672283616,0.9727949982334394,20.280237000406487,21.411005665868288
2262,17170.00258182838,17170.002741243,17170.002741243,17170.003617891,17170.023531584,0,COMPLETED,True,baseline_10,102,0.15941461970214732,0.8766480023041368,19.91369299867074,20.949755620677024
2263,17170.004057316426,17170.00421006,17170.00421006,17170.004702414,17170.018264148,1,COMPLETED,True,baseline_10,103,0.15274357429007068,0.49235400001634844,13.56173399835825,14.206831572664669
2264,17170.020106496824,17170.020265327,17170.020265327,17170.021001632,17170.033923038,3,COMPLETED,True,baseline_10,104,0.15883017476880923,0.7363050026469864,12.921405999804847,13.816541177220643
2265,17170.065890806745,17170.066054192,17170.066054192,17170.066954899,17170.081512954,2,COMPLETED,True,baseline_10,105,0.1633852552913595,0.9007070002553519,14.558054997905856,15.622147253452567
2266,17170.101460795875,17170.101560354,17170.101560354,17170.102064026,17170.119043646,1,COMPLETED,True,baseline_10,106,0.09955812492989935,0.5036719994677696,16.979619998892304,17.582850123289973
2267,17170.153259776267,17170.153421845,17170.153421845,17170.154160393,17170.172713373,0,COMPLETED,True,baseline_10,107,0.16206873260671273,0.7385480021184776,18.552979996456997,19.453596731182188
2268,17170.178968772983,17170.179057273,17170.179057273,17170.180120968,17170.19992862,3,COMPLETED,True,baseline_10,108,0.08850001540849917,1.0636950028128922,19.807651999144582,20.959847017365973
2269,17170.23890150386,17170.239064357,17170.239064357,17170.240084753,17170.259928521,2,COMPLETED,True,baseline_10,109,0.16285313904518262,1.0203960009675939,19.843768001010176,21.027017141022952
2270,17170.272032322442,17170.272288428,17170.272288428,17170.273017424,17170.292261671,1,COMPLETED,True,baseline_10,110,0.2561055589467287,0.7289959976333193,19.24424699973315,20.229348556313198
2271,17170.282176665787,17170.282336102,17170.282336102,17170.282867414,17170.29893292,0,COMPLETED,True,baseline_10,111,0.1594362111063674,0.5313120018399786,16.065505998994922,16.75625421194127
2272,17170.322796656772,17170.322919087,17170.322919087,17170.323655052,17170.342257128,3,COMPLETED,True,baseline_10,112,0.122430228657322,0.7359650007856544,18.602075997478096,19.460471226921072
2273,17170.34269558425,17170.342835828,17170.342835828,17170.343474672,17170.358722467,2,COMPLETED,True,baseline_10,113,0.14024374831933528,0.6388440015143715,15.247794999595499,16.026882749429205
2274,17170.416420683396,17170.416508233,17170.416508233,17170.417522033,17170.437278036,1,COMPLETED,True,baseline_10,114,0.08754960435908288,1.01379999978235,19.756002999201883,20.857352603343315
2275,17170.468283538336,17170.468407346,17170.468407346,17170.469059738,17170.489701457,0,COMPLETED,True,baseline_10,115,0.12380766565911472,0.6523919983010273,20.641719002014725,21.417918665974867
2276,17170.46968970146,17170.469813664,17170.469813664,17170.470604583,17170.489669718,3,COMPLETED,True,baseline_10,116,0.12396254169289023,0.7909189989732113,19.065135002165334,19.980016542831436
2277,17170.47044934718,17170.470607015,17170.470607015,17170.471245417,17170.491180275,2,COMPLETED,True,baseline_10,117,0.15766781871207058,0.6384020016412251,19.93485799903283,20.730927819386125
2278,17170.481096430532,17170.481358709,17170.481358709,17170.482142773,17170.499818037,1,COMPLETED,True,baseline_10,118,0.2622784668346867,0.784063999162754,17.67526399999042,18.72160646598786
2279,17170.588099039483,17170.588236919,17170.588236919,17170.589325843,17170.609729677,3,COMPLETED,True,baseline_10,119,0.13787951684207655,1.0889240002143197,20.40383399798884,21.630637515045237
2280,17170.655218669664,17170.655480484,17170.655480484,17170.656453789,17170.675895251,0,COMPLETED,True,baseline_10,0,0.26181433713645674,0.973304999206448,19.441461998212617,20.67658133455552
2281,17170.693803065547,17170.693928981,17170.693928981,17170.694940993,17170.715173932,2,COMPLETED,True,baseline_10,1,0.12591545237228274,1.0120119986822829,20.232939001289196,21.370866452343762
2282,17170.69815338673,17170.698373904,17170.698373904,17170.699303361,17170.719149962,1,COMPLETED,True,baseline_10,2,0.2205172713729553,0.9294570008933078,19.846600996970665,20.996575269236928
2283,17170.74537591954,17170.745530814,17170.745530814,17170.746484996,17170.765553103,3,COMPLETED,True,baseline_10,3,0.15489446013816632,0.9541819999867585,19.068106998020085,20.17718345814501
2284,17170.84578493086,17170.846042314,17170.846042314,17170.84707595,17170.865993363,0,COMPLETED,True,baseline_10,4,0.25738313706824556,1.0336360028304625,18.91741299914429,20.208432139042998
2285,17170.850335067145,17170.850587462,17170.850587462,17170.851502791,17170.87169983,2,COMPLETED,True,baseline_10,5,0.2523948533053044,0.9153290011454374,20.197039000777295,21.364762855228037
2286,17170.853324745192,17170.853477997,17170.853477997,17170.854319004,17170.874529397,1,COMPLETED,True,baseline_10,6,0.153251807205379,0.8410070004174486,20.210392998706084,21.20465180632891
2287,17170.86408509132,17170.864274742,17170.864274742,17170.865089539,17170.88449485,3,COMPLETED,True,baseline_10,7,0.18965068011311814,0.8147969965648372,19.405311002628878,20.409758679306833
2288,17170.897225361077,17170.89732777,17170.89732777,17170.898248822,17170.916250446,0,COMPLETED,True,baseline_10,8,0.10240892152069137,0.9210520001943223,18.001624001044547,19.02508492275956
2289,17170.903236540446,17170.903400764,17170.903400764,17170.903981338,17170.917421198,2,COMPLETED,True,baseline_10,9,0.16422355474787764,0.5805740001960658,13.439859998470638,14.184657553414581
2290,17170.938055125374,17170.938300424,17170.938300424,17170.939159195,17170.953052364,1,COMPLETED,True,baseline_10,10,0.24529862639610656,0.8587709999119397,13.893168998038163,14.99723862434621
2291,17170.99409245616,17170.994258574,17170.994258574,17170.995271922,17171.019169617,3,COMPLETED,True,baseline_10,11,0.16611783939879388,1.0133479991054628,23.897695002233377,25.077160840737633
2292,17170.99798815723,17170.998241753,17170.998241753,17170.998938978,17171.019892852,0,COMPLETED,True,baseline_10,12,0.25359577193739824,0.6972249975660816,20.95387400186155,21.90469477136503
2293,17171.006010466383,17171.006149224,17171.006149224,17171.007068634,17171.029267368,2,COMPLETED,True,baseline_10,13,0.13875761578674428,0.9194100020977203,22.19873400099459,23.256901618879056
2294,17171.00934401417,17171.009584086,17171.009584086,17171.010432925,17171.029951442,1,COMPLETED,True,baseline_10,14,0.24007182946661487,0.8488389976264443,19.518517001415603,20.607427828508662
2295,17171.07818664498,17171.07827762,17171.07827762,17171.07922438,17171.098230147,3,COMPLETED,True,baseline_10,15,0.09097501970245503,0.9467599993513431,19.005767000635387,20.043502019689186
2296,17171.12831860563,17171.128456882,17171.128456882,17171.129269578,17171.143207478,0,COMPLETED,True,baseline_10,16,0.13827636939822696,0.8126959983201232,13.937899999291403,14.888872367009753
2297,17171.148549880407,17171.148635861,17171.148635861,17171.149726402,17171.168935291,2,COMPLETED,True,baseline_10,17,0.08598059139330871,1.0905410017585382,19.208888999855844,20.38541059300769
