request_id,scheduled_ts,enqueue_ts,enqueue_attempt_ts,execution_start,completion_ts,worker_id,outcome,outcome_confirmed,phase_id,input_id,generator_delay_ms,queueing_delay_ms,service_time_ms,e2e_latency_ms
0,16665.600161923066,16665.600322654,16665.600322654,16665.602155911,16665.622492933,3,COMPLETED,True,baseline_0,0,0.16073093502200209,1.8332569998165127,20.337021996965632,22.331009931804147
1,16665.654177301556,16665.654355586,16665.654355586,16665.655375488,16665.67554815,2,COMPLETED,True,baseline_0,1,0.1782844447006937,1.0199019998253789,20.172661999822594,21.370848444348667
2,16665.699102703868,16665.699209619,16665.699209619,16665.700208964,16665.720503145,1,COMPLETED,True,baseline_0,2,0.10691513307392597,0.999345000309404,20.294180998462252,21.400441131845582
3,16665.703718448527,16665.703800486,16665.703800486,16665.704385913,16665.722410208,0,COMPLETED,True,baseline_0,3,0.08203747347579338,0.5854269984411076,18.024295000941493,18.691759472858394
4,16665.719727617437,16665.719894003,16665.719894003,16665.720670996,16665.739196069,3,COMPLETED,True,baseline_0,4,0.16638556189718656,0.7769930016365834,18.525072999182157,19.468451562715927
5,16665.769022397464,16665.769130229,16665.769130229,16665.769863284,16665.786314315,2,COMPLETED,True,baseline_0,5,0.10783153629745357,0.7330549997277558,16.45103099872358,17.29191753474879
6,16665.7695507756,16665.76980102,16665.76980102,16665.770491048,16665.790727955,1,COMPLETED,True,baseline_0,6,0.2502444003766868,0.6900279986439273,20.236907002981752,21.177179402002366
7,16665.770698746695,16665.770850523,16665.770850523,16665.771514058,16665.79102059,0,COMPLETED,True,baseline_0,7,0.15177630484686233,0.663535000057891,19.506532000377774,20.321843305282528
8,16665.771121503614,16665.771306571,16665.771306571,16665.772110624,16665.791532609,3,COMPLETED,True,baseline_0,8,0.18506738706491888,0.8040529974095989,19.421985001827125,20.411105386301642
9,16665.795932081364,16665.796080946,16665.796080946,16665.796832405,16665.814485142,2,COMPLETED,True,baseline_0,9,0.14886463395669125,0.7514590033679269,17.652736998570617,18.553060635895235
10,16665.7995865932,16665.799735764,16665.799735764,16665.800453069,16665.814192511,1,COMPLETED,True,baseline_0,10,0.14917080261511728,0.7173049998527858,13.739441998041002,14.605917800508905
11,16665.82545253558,16665.825598143,16665.825598143,16665.826146258,16665.839987518,0,COMPLETED,True,baseline_0,11,0.14560742056346498,0.548115000128746,13.841259999026079,14.53498241971829
12,16665.840074852254,16665.840161931,16665.840161931,16665.840867612,16665.859732318,3,COMPLETED,True,baseline_0,12,0.0870787444000598,0.7056810027279425,18.864705998566933,19.657465745694935
13,16665.86748411876,16665.867568483,16665.867568483,16665.86820144,16665.88622883,1,COMPLETED,True,baseline_0,13,0.08436424104729667,0.632956998742884,18.02739000049769,18.74471124028787
14,16665.900638239495,16665.900725829,16665.900725829,16665.901390917,16665.918138071,2,COMPLETED,True,baseline_0,14,0.08758950571063906,0.6650879986409564,16.747154000768205,17.4998315051198
15,16665.98947447156,16665.989618249,16665.989618249,16665.990589515,16666.01140159,0,COMPLETED,True,baseline_0,15,0.1437774408259429,0.9712659993965644,20.81207499941229,21.927118439634796
16,16666.023328259213,16666.023585366,16666.023585366,16666.024747854,16666.044821669,3,COMPLETED,True,baseline_0,16,0.25710678892210126,1.1624879989540204,20.073814997886075,21.493409785762196
17,16666.04058607271,16666.040840819,16666.040840819,16666.041711169,16666.061740268,1,COMPLETED,True,baseline_0,17,0.2547462900110986,0.8703499988769181,20.029098999657435,21.154195288545452
18,16666.04347543017,16666.043639251,16666.043639251,16666.044504352,16666.06456263,2,COMPLETED,True,baseline_0,18,0.16382082685595378,0.8651010030007455,20.05827799803228,21.08719982788898
19,16666.055647803736,16666.05574214,16666.05574214,16666.056666968,16666.076897053,0,COMPLETED,True,baseline_0,19,0.09433626473764889,0.9248280002793763,20.230084999639075,21.2492492646561
20,16666.078875590047,16666.079036985,16666.079036985,16666.07974433,16666.098098011,3,COMPLETED,True,baseline_0,20,0.1613949534657877,0.7073449996823911,18.353681000007782,19.22242095315596
21,16666.11263741149,16666.112805784,16666.112805784,16666.113579005,16666.13296743,1,COMPLETED,True,baseline_0,21,0.16837250950629823,0.7732209996902384,19.388425000215648,20.330018509412184
22,16666.134905491468,16666.134993701,16666.134993701,16666.135663204,16666.148480221,2,COMPLETED,True,baseline_0,22,0.08820953371468931,0.6695029987895396,12.817016999179032,13.57472953168326
23,16666.165682162096,16666.165771836,16666.165771836,16666.166304325,16666.179555753,0,COMPLETED,True,baseline_0,23,0.08967390385805629,0.5324890007614158,13.25142799760215,13.873590902221622
24,16666.173609777325,16666.173697409,16666.173697409,16666.174381967,16666.191471346,3,COMPLETED,True,baseline_0,24,0.08763167716097087,0.6845579991932027,17.089378998207394,17.861568674561568
25,16666.18819392304,16666.188363112,16666.188363112,16666.189058217,16666.209786193,1,COMPLETED,True,baseline_0,25,0.16918895926210098,0.695105001796037,20.72797599976184,21.592269960819976
26,16666.212897254165,16666.212988812,16666.212988812,16666.213763988,16666.231282651,2,COMPLETED,True,baseline_0,26,0.09155783482128754,0.7751759985694662,17.518663000373635,18.38539683376439
27,16666.22177644281,16666.221859856,16666.221859856,16666.222310212,16666.235426717,0,COMPLETED,True,baseline_0,27,0.08341318971361034,0.4503560012381058,13.116505000652978,13.650274191604694
28,16666.246044775606,16666.246195382,16666.246195382,16666.246674888,16666.264412424,3,COMPLETED,True,baseline_0,28,0.15060639270814136,0.4795060012838803,17.737535999913234,18.367648393905256
29,16666.24656398102,16666.246693997,16666.246693997,16666.247195669,16666.265840135,1,COMPLETED,True,baseline_0,29,0.13001597835682333,0.5016719987906981,18.644466003024718,19.27615398017224
30,16666.25059407421,16666.250685902,16666.250685902,16666.251041286,16666.264348077,2,COMPLETED,True,baseline_0,30,0.09182779103866778,0.35538399970391765,13.306790999195073,13.754002789937658
31,16666.263763820825,16666.263858658,16666.263858658,16666.264576654,16666.277894297,0,COMPLETED,True,baseline_0,31,0.09483717440161854,0.7179960011853836,13.317642999027157,14.13047617461416
32,16666.33357721545,16666.333686227,16666.333686227,16666.334389553,16666.35487079,2,COMPLETED,True,baseline_0,32,0.10901155110332184,0.7033260008029174,20.481236999330577,21.293574551236816
33,16666.3596390173,16666.359764894,16666.359764894,16666.360522532,16666.37772689,3,COMPLETED,True,baseline_0,33,0.1258767006220296,0.7576379975944292,17.204358002345543,18.087872700562002
34,16666.370904039723,16666.371014013,16666.371014013,16666.371809747,16666.387919211,1,COMPLETED,True,baseline_0,34,0.10997327626682818,0.7957340021675918,16.109463998873252,17.015171277307672
35,16666.379964157164,16666.380181963,16666.380181963,16666.381431048,16666.400856735,0,COMPLETED,True,baseline_0,35,0.21780583483632654,1.2490850022004452,19.425686998147285,20.892577835184056
36,16666.386987726364,16666.387106879,16666.387106879,16666.388162335,16666.401903513,2,COMPLETED,True,baseline_0,36,0.11915263530681841,1.0554559994488955,13.74117800150998,14.915786636265693
37,16666.390910649312,16666.391128399,16666.391128399,16666.39177899,16666.405056197,1,COMPLETED,True,baseline_0,37,0.21774968627141789,0.6505910023406614,13.277206999191549,14.145547687803628
38,16666.462644270832,16666.462792204,16666.462792204,16666.463629862,16666.481712308,3,COMPLETED,True,baseline_0,38,0.1479331695009023,0.8376579971809406,18.08244600033504,19.068037167016882
39,16666.47106576656,16666.471195597,16666.471195597,16666.472349067,16666.491340147,0,COMPLETED,True,baseline_0,39,0.12983044143766165,1.15346999882604,18.991079999977956,20.274380440241657
40,16666.488769316704,16666.488869492,16666.488869492,16666.489696648,16666.509310656,2,COMPLETED,True,baseline_0,40,0.10017529712058604,0.8271560000139289,19.61400800064439,20.541339297778904
41,16666.48992434909,16666.490062794,16666.490062794,16666.490751876,16666.510537318,1,COMPLETED,True,baseline_0,41,0.1384449096804019,0.689082000462804,19.785442000284093,20.6129689104273
42,16666.497191403832,16666.497348297,16666.497348297,16666.49825047,16666.517647523,3,COMPLETED,True,baseline_0,42,0.15689316933276132,0.9021729965752456,19.39705300173955,20.456119167647557
43,16666.538535053187,16666.538661865,16666.538661865,16666.539673877,16666.558223996,0,COMPLETED,True,baseline_0,43,0.12681181397056207,1.0120119986822829,18.55011899897363,19.688942811626475
44,16666.566547161445,16666.566687021,16666.566687021,16666.567477496,16666.586487294,2,COMPLETED,True,baseline_0,44,0.13985955592943355,0.790474998211721,19.009798001206946,19.9401325553481
45,16666.593788275895,16666.593940324,16666.593940324,16666.594620867,16666.613690965,1,COMPLETED,True,baseline_0,45,0.15204810551949777,0.680542998452438,19.070098001975566,19.902689105947502
46,16666.609724081707,16666.609876846,16666.609876846,16666.610639305,16666.630014303,3,COMPLETED,True,baseline_0,46,0.15276429257937707,0.7624589998158626,19.374997998966137,20.290221291361377
47,16666.61419624412,16666.614421847,16666.614421847,16666.615438128,16666.63599485,0,COMPLETED,True,baseline_0,47,0.22560287834494375,1.0162809994653799,20.556722000037553,21.798605877847876
48,16666.62872443162,16666.628886355,16666.628886355,16666.629753116,16666.649052219,2,COMPLETED,True,baseline_0,48,0.1619233808014542,0.8667610018164851,19.2991029980476,20.32778738066554
49,16666.632050405977,16666.632177823,16666.632177823,16666.632963433,16666.64963588,1,COMPLETED,True,baseline_0,49,0.12741702448693104,0.7856099982745945,16.67244700001902,17.585474022780545
50,16666.63526287567,16666.635379617,16666.635379617,16666.635970868,16666.649639354,3,COMPLETED,True,baseline_0,50,0.11674133202177472,0.5912509986956138,13.668486000824487,14.376478331541875
51,16666.661130021246,16666.661166975,16666.661166975,16666.661926576,16666.675419152,0,COMPLETED,True,baseline_0,51,0.03695375198731199,0.7596010000270326,13.492576003045542,14.289130755059887
52,16666.7240973805,16666.724290083,16666.724290083,16666.725145762,16666.744938806,2,COMPLETED,True,baseline_0,52,0.19270250049885362,0.8556790016882587,19.793044000834925,20.841425503022037
53,16666.731653757455,16666.73179378,16666.73179378,16666.732559117,16666.752126616,1,COMPLETED,True,baseline_0,53,0.14002254465594888,0.7653370012121741,19.567498999094823,20.472858544962946
54,16666.735313872,16666.735444991,16666.735444991,16666.736260065,16666.756649434,3,COMPLETED,True,baseline_0,54,0.1311190026171971,0.8150739995471667,20.389368997712154,21.335561999876518
55,16666.800055440206,16666.800211869,16666.800211869,16666.800973091,16666.821136504,0,COMPLETED,True,baseline_0,55,0.15642879225197248,0.7612220033479389,20.1634129989543,21.08106379455421
56,16666.808025597635,16666.808115821,16666.808115821,16666.808744467,16666.828191202,2,COMPLETED,True,baseline_0,56,0.09022336598718539,0.628646001132438,19.44673499747296,20.165604364592582
57,16666.82804505068,16666.828131643,16666.828131643,16666.828795103,16666.848696315,1,COMPLETED,True,baseline_0,57,0.08659232116769999,0.663459999486804,19.90121199924033,20.651264319894835
58,16666.875654847114,16666.875788279,16666.875788279,16666.876455606,16666.890085321,3,COMPLETED,True,baseline_0,58,0.13343188766157255,0.6673269999737386,13.629714998387499,14.43047388602281
59,16666.900047329844,16666.90018288,16666.90018288,16666.900915961,16666.913967,0,COMPLETED,True,baseline_0,59,0.1355501553916838,0.7330810003622901,13.05103900085669,13.919670156610664
60,16666.92654833977,16666.92669962,16666.92669962,16666.927210399,16666.945406672,2,COMPLETED,True,baseline_0,60,0.1512802300567273,0.5107790020701941,18.196272998466156,18.858332230593078
61,16666.954059115542,16666.954231512,16666.954231512,16666.954935569,16666.974545173,1,COMPLETED,True,baseline_0,61,0.17239645967492834,0.7040569980745204,19.60960400174372,20.486057459493168
62,16666.99927305076,16666.999415659,16666.999415659,16667.000208016,16667.01845739,3,COMPLETED,True,baseline_0,62,0.14260824173106812,0.7923570010461845,18.24937399942428,19.18433924220153
63,16667.033870508585,16667.034034829,16667.034034829,16667.03504922,16667.053787564,0,COMPLETED,True,baseline_0,63,0.16432041593361646,1.0143910003534984,18.738343998847995,19.91705541513511
64,16667.048242308825,16667.048408897,16667.048408897,16667.049247061,16667.068652652,2,COMPLETED,True,baseline_0,64,0.16658817548886873,0.8381640000152402,19.405590999667766,20.410343175171874
65,16667.052101655536,16667.052286839,16667.052286839,16667.053072379,16667.073059748,1,COMPLETED,True,baseline_0,65,0.18518346405471675,0.7855399999243673,19.987368999863975,20.95809246384306
66,16667.0533225735,16667.053626219,16667.053626219,16667.054448913,16667.069177182,3,COMPLETED,True,baseline_0,66,0.30364549820660613,0.8226940008171368,14.728268997714622,15.854608496738365
67,16667.055268774442,16667.05541722,16667.05541722,16667.055938953,16667.077884436,0,COMPLETED,True,baseline_0,67,0.14844555698800832,0.5217329999140929,21.94548300030874,22.615661557210842
68,16667.0793311786,16667.079419558,16667.079419558,16667.080194346,16667.093412961,2,COMPLETED,True,baseline_0,68,0.08837939822115004,0.7747880008537322,13.218615000369027,14.08178239944391
69,16667.08775933719,16667.087861173,16667.087861173,16667.088613489,16667.102227608,3,COMPLETED,True,baseline_0,69,0.10183580889133736,0.7523159983975347,13.61411900143139,14.468270808720263
70,16667.246345008654,16667.246486947,16667.246486947,16667.247455,16667.267137975,1,COMPLETED,True,baseline_0,70,0.14193834431353025,0.9680530019977596,19.682974998431746,20.792966344743036
71,16667.26634673875,16667.266484464,16667.266484464,16667.26739733,16667.286890983,0,COMPLETED,True,baseline_0,71,0.13772524835076183,0.9128660021815449,19.493652998789912,20.54424424932222
72,16667.334068259366,16667.334207866,16667.334207866,16667.335274908,16667.35546055,1,COMPLETED,True,baseline_0,72,0.13960663272882812,1.0670420015230775,20.1856419989781,21.392290633230004
73,16667.346810316816,16667.346956785,16667.346956785,16667.347737383,16667.366042664,3,COMPLETED,True,baseline_0,73,0.14646818453911692,0.78059799852781,18.30528100254014,19.23234718560707
74,16667.35126533733,16667.351353418,16667.351353418,16667.352236541,16667.372423084,2,COMPLETED,True,baseline_0,74,0.08808066922938451,0.883123000676278,20.186543002637336,21.157746672543
75,16667.44120200822,16667.441348505,16667.441348505,16667.442278138,16667.46201107,0,COMPLETED,True,baseline_0,75,0.14649677905254066,0.9296330026700161,19.73293199989712,20.809061781619675
76,16667.479741525203,16667.480109614,16667.480109614,16667.48102973,16667.501424329,1,COMPLETED,True,baseline_0,76,0.3680887966766022,0.9201159991789609,20.394598999700975,21.682803795556538
77,16667.493450626385,16667.493648029,16667.493648029,16667.4946447,16667.514439502,3,COMPLETED,True,baseline_0,77,0.19740261632250622,0.9966709985747002,19.79480199952377,20.988875614420976
78,16667.534755813987,16667.534921265,16667.534921265,16667.535664338,16667.554579427,2,COMPLETED,True,baseline_0,78,0.1654510124353692,0.743073000194272,18.91508900007466,19.8236130127043
79,16667.543666657602,16667.543945925,16667.543945925,16667.544964757,16667.564423156,0,COMPLETED,True,baseline_0,79,0.27926739858230576,1.018831997498637,19.458399001450744,20.756498397531686
80,16667.563318712535,16667.563406151,16667.563406151,16667.564325209,16667.583397123,1,COMPLETED,True,baseline_0,80,0.08743846410652623,0.9190580021822825,19.071913997322554,20.078410463611363
81,16667.56747251404,16667.567554221,16667.567554221,16667.568149939,16667.585418667,3,COMPLETED,True,baseline_0,81,0.08170695946319029,0.5957180001132656,17.268727999180555,17.94615295875701
82,16667.606477948448,16667.606573754,16667.606573754,16667.607234685,16667.619904275,2,COMPLETED,True,baseline_0,82,0.09580555342836305,0.6609310003113933,12.669589999859454,13.42632655359921
83,16667.62911893461,16667.629277664,16667.629277664,16667.629741203,16667.642710675,0,COMPLETED,True,baseline_0,83,0.15872939184191637,0.46353899961104617,12.969472001714166,13.591740393167129
84,16667.695817717962,16667.695961466,16667.695961466,16667.69703921,16667.717237049,1,COMPLETED,True,baseline_0,84,0.143748038681224,1.0777440002129879,20.197838999592932,21.419331038487144
85,16667.735971971248,16667.736190554,16667.736190554,16667.737205734,16667.756888231,3,COMPLETED,True,baseline_0,85,0.21858275067643262,1.0151800015592016,19.682497000758303,20.916259752993938
86,16667.7364246835,16667.736775479,16667.736775479,16667.737336436,16667.756168338,2,COMPLETED,True,baseline_0,86,0.35079550070804544,0.5609569998341613,18.83190200169338,19.743654502235586
87,16667.79717994274,16667.797322231,16667.797322231,16667.798297263,16667.817223275,0,COMPLETED,True,baseline_0,87,0.14228825966711156,0.9750320023158565,18.926011998701142,20.04333226068411
88,16667.798995713205,16667.799123683,16667.799123683,16667.800077208,16667.820319569,1,COMPLETED,True,baseline_0,88,0.12796979353879578,0.9535250028420705,20.242360998963704,21.32385579534457
89,16667.79993819995,16667.800063057,16667.800063057,16667.800595752,16667.819428141,2,COMPLETED,True,baseline_0,89,0.12485704792197794,0.5326950013113674,18.83238899972639,19.489941048959736
90,16667.828872576352,16667.829011321,16667.829011321,16667.829817148,16667.845951389,3,COMPLETED,True,baseline_0,90,0.138744646392297,0.8058269995672163,16.13424100287375,17.078812648833264
91,16667.848032282986,16667.848264399,16667.848264399,16667.849110233,16667.862665063,0,COMPLETED,True,baseline_0,91,0.23211601364891976,0.8458340016659349,13.55482999861124,14.632780013926094
92,16667.85331281452,16667.853463272,16667.853463272,16667.854233076,16667.872193542,2,COMPLETED,True,baseline_0,92,0.15045747932163067,0.769803998991847,17.960466000658926,18.880727478972403
93,16667.870068309538,16667.870153929,16667.870153929,16667.870813317,16667.884280141,1,COMPLETED,True,baseline_0,93,0.08561946378904395,0.6593879988940898,13.46682399889687,14.211831461580005
94,16667.949428386957,16667.949564269,16667.949564269,16667.950534693,16667.97042688,3,COMPLETED,True,baseline_0,94,0.13588204456027597,0.9704239964776207,19.892187003279105,20.998493044317
95,16667.965605810896,16667.965772818,16667.965772818,16667.966849886,16667.987037854,0,COMPLETED,True,baseline_0,95,0.16700710330042057,1.0770680019049905,20.187967998936074,21.432043104141485
96,16667.96794873406,16667.968165364,16667.968165364,16667.96910245,16667.989066613,2,COMPLETED,True,baseline_0,96,0.2166299382224679,0.9370859988848679,19.964163002441637,21.117878939548973
97,16667.974817040078,16667.974968132,16667.974968132,16667.975905168,16667.99560438,1,COMPLETED,True,baseline_0,97,0.15109192099771462,0.937036002142122,19.699211999977706,20.787339923117543
98,16668.007869885674,16668.008038761,16668.008038761,16668.00897043,16668.027808959,3,COMPLETED,True,baseline_0,98,0.1688753254711628,0.9316690011473838,18.83852899845806,19.939073325076606
99,16668.017801445956,16668.017961448,16668.017961448,16668.018769144,16668.035845613,0,COMPLETED,True,baseline_0,99,0.16000204414012842,0.8076960002654232,17.076469001040095,18.044167045445647
100,16668.033301311516,16668.033498998,16668.033498998,16668.034145449,16668.052646208,2,COMPLETED,True,baseline_0,100,0.19768648417084478,0.646451000648085,18.500759000744438,19.344896485563368
101,16668.057910837393,16668.058004242,16668.058004242,16668.058527528,16668.07375253,1,COMPLETED,True,baseline_0,101,0.09340460746898316,0.5232859984971583,15.225002000079257,15.841692606045399
102,16668.05832845794,16668.058476942,16668.058476942,16668.058966932,16668.072990491,3,COMPLETED,True,baseline_0,102,0.14848405771772377,0.48999000136973336,14.023559000634123,14.66203305972158
103,16668.081373703717,16668.081475914,16668.081475914,16668.082041525,16668.099528372,0,COMPLETED,True,baseline_0,103,0.10221028423984535,0.5656109970004763,17.486847002146533,18.154668283386854
104,16668.11161012649,16668.111706805,16668.111706805,16668.112192673,16668.127227451,2,COMPLETED,True,baseline_0,104,0.09667851190897636,0.4858680003962945,15.034777999971993,15.617324512277264
105,16668.132673609838,16668.132927182,16668.132927182,16668.133526342,16668.147337615,3,COMPLETED,True,baseline_0,105,0.2535721614549402,0.5991600010020193,13.81127299828222,14.66400516073918
106,16668.148823639072,16668.148910685,16668.148910685,16668.149489863,16668.163042224,1,COMPLETED,True,baseline_0,106,0.08704592619324103,0.5791780022263993,13.552361000620294,14.218584929039935
107,16668.197786041652,16668.197893197,16668.197893197,16668.198345646,16668.211748819,0,COMPLETED,True,baseline_0,107,0.10715534881455824,0.452448999567423,13.403173001279356,13.962777349661337
108,16668.210340419682,16668.210482117,16668.210482117,16668.211368264,16668.230676509,2,COMPLETED,True,baseline_0,108,0.141697317303624,0.8861470014380757,19.30824499868322,20.33608931742492
109,16668.23476464508,16668.23485288,16668.23485288,16668.235501023,16668.25426901,3,COMPLETED,True,baseline_0,109,0.0882349195308052,0.6481429991254117,18.76798700322979,19.50436492188601
110,16668.23978572291,16668.239869877,16668.239869877,16668.240413692,16668.258279947,1,COMPLETED,True,baseline_0,110,0.08415408956352621,0.5438150001282338,17.866254998807563,18.494224088499323
111,16668.24379250046,16668.243898369,16668.243898369,16668.244635393,16668.258375757,0,COMPLETED,True,baseline_0,111,0.10586854114080779,0.7370239982265048,13.740364000113914,14.583256539481226
112,16668.260794318503,16668.26090569,16668.26090569,16668.261699011,16668.276551263,2,COMPLETED,True,baseline_0,112,0.11137149704154581,0.7933209999464452,14.852251999400323,15.756944496388314
113,16668.26775814727,16668.267846812,16668.267846812,16668.268317303,16668.281266424,3,COMPLETED,True,baseline_0,113,0.08866472853696905,0.4704909988504369,12.949121002748143,13.508276730135549
114,16668.401363394394,16668.401481882,16668.401481882,16668.402412384,16668.422347962,1,COMPLETED,True,baseline_0,114,0.11848760550492443,0.9305019993917085,19.935578002332477,20.98456760722911
115,16668.480855590562,16668.481044469,16668.481044469,16668.482172085,16668.502214549,0,COMPLETED,True,baseline_0,115,0.18887843907577917,1.127616000303533,20.042463998834137,21.35895843821345
116,16668.48553039979,16668.485686822,16668.485686822,16668.48662136,16668.506487251,2,COMPLETED,True,baseline_0,116,0.15642221114831045,0.9345379985461477,19.865891001245473,20.95685121093993
117,16668.526580700345,16668.526876848,16668.526876848,16668.527756227,16668.54813191,3,COMPLETED,True,baseline_0,117,0.29614765298902057,0.8793790002528112,20.37568300147541,21.55120965471724
118,16668.57221972342,16668.572336447,16668.572336447,16668.573048187,16668.591372506,1,COMPLETED,True,baseline_0,118,0.11672357868519612,0.7117400018614717,18.324319000385003,19.15278258093167
119,16668.647787464877,16668.647936111,16668.647936111,16668.648869022,16668.669163433,0,COMPLETED,True,baseline_0,119,0.1486461223976221,0.9329109998361673,20.294411002396373,21.375968124630162
120,16668.682333962606,16668.682487696,16668.682487696,16668.683363976,16668.701774754,2,COMPLETED,True,baseline_0,0,0.1537333955639042,0.8762799989199266,18.41077800054336,19.44079139502719
121,16668.695221683658,16668.695366842,16668.695366842,16668.696326168,16668.71589242,3,COMPLETED,True,baseline_0,1,0.14515834118355997,0.9593260001565795,19.56625200182316,20.6707363431633
122,16668.706223442285,16668.70627888,16668.70627888,16668.706976924,16668.725132796,1,COMPLETED,True,baseline_0,2,0.0554377147636842,0.6980440011830069,18.15587199962465,18.909353715571342
123,16668.707394973582,16668.707650819,16668.707650819,16668.708563316,16668.727834811,0,COMPLETED,True,baseline_0,3,0.25584541799617,0.9124969983531628,19.271495002612937,20.43983741896227
124,16668.70970972813,16668.709911114,16668.709911114,16668.710546344,16668.729965316,2,COMPLETED,True,baseline_0,4,0.2013858720602002,0.6352299969876185,19.41897200231324,20.255587871361058
125,16668.71309947798,16668.713315069,16668.713315069,16668.716156803,16668.731527243,3,COMPLETED,True,baseline_0,5,0.21559101878665388,2.841733999957796,15.370439999969676,18.427765018714126
126,16668.73409691162,16668.734190437,16668.734190437,16668.734888076,16668.748454585,1,COMPLETED,True,baseline_0,6,0.09352538108942099,0.6976389995543286,13.566508998337667,14.357673378981417
127,16668.743050566613,16668.743144516,16668.743144516,16668.743770261,16668.756860604,0,COMPLETED,True,baseline_0,7,0.09394938751938753,0.6257450004341081,13.090342999930726,13.810037387884222
128,16668.784177521673,16668.784267818,16668.784267818,16668.78499904,16668.80373122,2,COMPLETED,True,baseline_0,8,0.09029632565216161,0.7312220004678238,18.732180000370136,19.55369832649012
129,16668.825215509303,16668.82537706,16668.82537706,16668.826233259,16668.845703095,3,COMPLETED,True,baseline_0,9,0.1615506953385193,0.8561989998270292,19.469836002826924,20.487585697992472
130,16668.83156078092,16668.831665271,16668.831665271,16668.832374271,16668.848680806,1,COMPLETED,True,baseline_0,10,0.10449007822899148,0.7090000035532285,16.306534998875577,17.120025080657797
131,16668.877678092536,16668.877824425,16668.877824425,16668.878829104,16668.898960346,0,COMPLETED,True,baseline_0,11,0.14633246246376075,1.004679001198383,20.131241999479244,21.282253463141387
132,16669.005977405406,16669.006145411,16669.006145411,16669.007187033,16669.027687997,2,COMPLETED,True,baseline_0,12,0.16800559387775138,1.0416219993203413,20.50096400125767,21.710591594455764
133,16669.00940901501,16669.009694271,16669.009694271,16669.010524451,16669.030366256,3,COMPLETED,True,baseline_0,13,0.28525599191198125,0.8301800007757265,19.841804998577572,20.95724099126528
134,16669.025738724955,16669.025915063,16669.025915063,16669.026875246,16669.046589514,1,COMPLETED,True,baseline_0,14,0.1763380460033659,0.9601829988241661,19.71426800082554,20.850789045653073
135,16669.026464301034,16669.026606184,16669.026606184,16669.027167254,16669.047498634,0,COMPLETED,True,baseline_0,15,0.1418829670001287,0.5610699990938883,20.331380001152866,21.034332967246883
136,16669.028866747958,16669.029057162,16669.029057162,16669.029733418,16669.044491867,2,COMPLETED,True,baseline_0,16,0.190414040844189,0.6762560005881824,14.758449000510154,15.625119041942526
137,16669.039443192825,16669.039664988,16669.039664988,16669.040523336,16669.054441793,3,COMPLETED,True,baseline_0,17,0.22179517327458598,0.8583480012021028,13.918456999817863,14.998600174294552
138,16669.046642467416,16669.046772996,16669.046772996,16669.047470471,16669.064314632,2,COMPLETED,True,baseline_0,18,0.13052858412265778,0.6974749994697049,16.84416100033559,17.67216458392795
139,16669.08416263004,16669.084265051,16669.084265051,16669.085066287,16669.101827571,1,COMPLETED,True,baseline_0,19,0.10242095959256403,0.8012360012799036,16.76128400140442,17.664940962276887
140,16669.087134262736,16669.087228882,16669.087228882,16669.087845202,16669.103455171,0,COMPLETED,True,baseline_0,20,0.09461926310905255,0.6163200014270842,15.609968999342527,16.320908263878664
141,16669.088687987773,16669.088814197,16669.088814197,16669.089410888,16669.104751028,3,COMPLETED,True,baseline_0,21,0.126209226436913,0.5966909993730951,15.34014000208117,16.06304022789118
142,16669.09135951689,16669.091568525,16669.091568525,16669.092349743,16669.109631844,2,COMPLETED,True,baseline_0,22,0.20900811068713665,0.7812180010660086,17.282100998272654,18.2723271100258
143,16669.099066017145,16669.099526236,16669.099526236,16669.102044154,16669.11642407,1,COMPLETED,True,baseline_0,23,0.4602188564604148,2.5179179974657018,14.379916003235849,17.358052857161965
144,16669.119664945265,16669.11979095,16669.11979095,16669.120685754,16669.139598408,0,COMPLETED,True,baseline_0,24,0.1260047356481664,0.8948039976530708,18.912654002633644,19.93346273593488
145,16669.172957466035,16669.173125341,16669.173125341,16669.173837843,16669.193321378,3,COMPLETED,True,baseline_0,25,0.16787496497272514,0.7125019983504899,19.483535001199925,20.36391196452314
146,16669.199702798185,16669.199804424,16669.199804424,16669.200536697,16669.220293013,2,COMPLETED,True,baseline_0,26,0.10162581384065561,0.7322730016312562,19.75631599998451,20.59021481545642
147,16669.219189205134,16669.219286938,16669.219286938,16669.220216679,16669.239510661,1,COMPLETED,True,baseline_0,27,0.09773286728886887,0.9297409997088835,19.2939819971798,20.32145586417755
148,16669.233305404865,16669.233399891,16669.233399891,16669.233937184,16669.247887181,0,COMPLETED,True,baseline_0,28,0.09448613491258584,0.5372929990699049,13.949997002782766,14.581776136765257
149,16669.30205947674,16669.302204743,16669.302204743,16669.303248859,16669.323150326,3,COMPLETED,True,baseline_0,29,0.14526625818689354,1.0441160011396278,19.901466999726836,21.090849259053357
150,16669.306795976405,16669.306957148,16669.306957148,16669.307744812,16669.327599234,2,COMPLETED,True,baseline_0,30,0.1611715961189475,0.7876639974710997,19.854422000207705,20.803257593797753
151,16669.311031033565,16669.311165855,16669.311165855,16669.312060932,16669.331936467,1,COMPLETED,True,baseline_0,31,0.13482143549481407,0.8950769988587126,19.875534999300726,20.905433433654252
152,16669.41617109347,16669.416267444,16669.416267444,16669.417164036,16669.436184703,0,COMPLETED,True,baseline_0,32,0.09635052992962301,0.8965919987531379,19.020667001313996,20.013609529996756
153,16669.440710353516,16669.440943503,16669.440943503,16669.442001965,16669.462085574,3,COMPLETED,True,baseline_0,33,0.23314948339248076,1.0584619994915556,20.08360900072148,21.375220483605517
154,16669.46198225493,16669.462142915,16669.462142915,16669.463088804,16669.482487994,2,COMPLETED,True,baseline_0,34,0.16066007083281875,0.9458890017413069,19.39918999778456,20.505739070358686
155,16669.468844887957,16669.469005451,16669.469005451,16669.469648913,16669.484882502,1,COMPLETED,True,baseline_0,35,0.1605630423000548,0.6434620008803904,15.233589001582004,16.03761404476245
156,16669.47353490087,16669.473798259,16669.473798259,16669.474588352,16669.494914178,0,COMPLETED,True,baseline_0,36,0.26335813163314015,0.7900929995230399,20.325826000771485,21.379277131927665
157,16669.488024990154,16669.488168986,16669.488168986,16669.489096235,16669.504324044,3,COMPLETED,True,baseline_0,37,0.14399584688362665,0.9272489987779409,15.22780899904319,16.29905384470476
158,16669.492378162275,16669.492533748,16669.492533748,16669.493038029,16669.506237436,2,COMPLETED,True,baseline_0,38,0.15558572704321705,0.5042809971200768,13.19940699977451,13.859273723937804
159,16669.51701667389,16669.517171222,16669.517171222,16669.517843166,16669.531323437,1,COMPLETED,True,baseline_0,39,0.15454811000381596,0.6719439988955855,13.480271001753863,14.306763110653264
160,16669.52409752813,16669.524230823,16669.524230823,16669.524980104,16669.541037454,0,COMPLETED,True,baseline_0,40,0.13329487046576105,0.7492810000258032,16.057349999755388,16.939925870246952
161,16669.530685290105,16669.530794433,16669.530794433,16669.531750364,16669.548779246,3,COMPLETED,True,baseline_0,41,0.10914289669017307,0.9559309983160347,17.02888200088637,18.093955895892577
162,16669.546700139148,16669.546836418,16669.546836418,16669.547409255,16669.56075587,1,COMPLETED,True,baseline_0,42,0.1362788534606807,0.5728369978896808,13.346615000045858,14.05573085139622
163,16669.552877480895,16669.553086201,16669.553086201,16669.553605591,16669.567018857,2,COMPLETED,True,baseline_0,43,0.20872010281891562,0.5193900033191312,13.41326599867898,14.141376104817027
164,16669.568795120962,16669.568940822,16669.568940822,16669.569650074,16669.587038395,0,COMPLETED,True,baseline_0,44,0.14570103667210788,0.7092520027072169,17.388320997270057,18.24327403664938
165,16669.570394218998,16669.570548283,16669.570548283,16669.571310214,16669.584678059,3,COMPLETED,True,baseline_0,45,0.15406400416395627,0.7619309981237166,13.367845000175294,14.283840002462966
166,16669.60312769446,16669.603330484,16669.603330484,16669.603961981,16669.621713313,1,COMPLETED,True,baseline_0,46,0.20278953888919204,0.6314970014500432,17.75133200135315,18.585618541692384
167,16669.63529663411,16669.635385989,16669.635385989,16669.636301755,16669.654915253,2,COMPLETED,True,baseline_0,47,0.08935488949646242,0.915765998797724,18.613497999467654,19.61861888776184
168,16669.688441289734,16669.688658085,16669.688658085,16669.689473225,16669.709583503,3,COMPLETED,True,baseline_0,48,0.21679526616935618,0.815139999758685,20.110278001084225,21.142213267012266
169,16669.701171191657,16669.701263813,16669.701263813,16669.702082149,16669.721417984,0,COMPLETED,True,baseline_0,49,0.0926213433558587,0.8183360005205031,19.335835000674706,20.246792344551068
170,16669.707672560533,16669.70775403,16669.70775403,16669.708551459,16669.726924315,1,COMPLETED,True,baseline_0,50,0.08146946856868453,0.7974289983394556,18.37285600049654,19.25175446740468
171,16669.714323705877,16669.714430075,16669.714430075,16669.715358066,16669.734549347,2,COMPLETED,True,baseline_0,51,0.1063691233866848,0.9279910009354353,19.1912809968926,20.22564112121472
172,16669.715574192694,16669.715760193,16669.715760193,16669.71633525,16669.735246748,3,COMPLETED,True,baseline_0,52,0.18600030671223067,0.5750569980591536,18.91149800212588,19.672555306897266
173,16669.71757513079,16669.717833571,16669.717833571,16669.721626431,16669.73643905,0,COMPLETED,True,baseline_0,53,0.25844021001830697,3.79285999952117,14.812618999712868,18.863919209252344
174,16669.745963955153,16669.746158653,16669.746158653,16669.746875152,16669.765886887,1,COMPLETED,True,baseline_0,54,0.19469784820103087,0.7164989983721171,19.011734999367036,19.922931845940184
175,16669.7576636262,16669.757801968,16669.757801968,16669.758314153,16669.774873035,2,COMPLETED,True,baseline_0,55,0.1383418020850513,0.5121850008436013,16.558881998207653,17.209408801136306
176,16669.829575278036,16669.829837763,16669.829837763,16669.8308049,16669.849756442,3,COMPLETED,True,baseline_0,56,0.26248496578773484,0.9671369989519008,18.95154199883109,20.181163963570725
177,16669.887811743207,16669.887934303,16669.887934303,16669.888912659,16669.908610629,0,COMPLETED,True,baseline_0,57,0.12255979163455777,0.9783560017240234,19.697970001288923,20.798885794647504
178,16669.948959876256,16669.949224789,16669.949224789,16669.950084296,16669.969186148,1,COMPLETED,True,baseline_0,58,0.26491274547879584,0.8595069994044024,19.10185199812986,20.226271743013058
179,16669.95053838154,16669.950677053,16669.950677053,16669.951428048,16669.971436816,2,COMPLETED,True,baseline_0,59,0.13867145753465593,0.7509950009989552,20.008767998660915,20.898434457194526
180,16669.97898769852,16669.979244443,16669.979244443,16669.980215783,16669.99918792,3,COMPLETED,True,baseline_0,60,0.2567444789747242,0.9713400031614583,18.972136997035705,20.200221479171887
181,16669.99488544744,16669.994955129,16669.994955129,16669.995957369,16670.016752168,0,COMPLETED,True,baseline_0,61,0.06968156230868772,1.0022399983427022,20.79479900203296,21.86672056268435
182,16670.007310953813,16670.007478652,16670.007478652,16670.008166027,16670.026640554,1,COMPLETED,True,baseline_0,62,0.16769818830653094,0.6873749989608768,18.47452699803398,19.329600185301388
183,16670.02158695499,16670.021676184,16670.021676184,16670.022423732,16670.035814284,2,COMPLETED,True,baseline_0,63,0.08922900815377943,0.7475480015273206,13.390552001510514,14.227329011191614
184,16670.06565101484,16670.065739027,16670.065739027,16670.06653525,16670.08143133,3,COMPLETED,True,baseline_0,64,0.08801215881248936,0.7962230010889471,14.89607999974396,15.780315159645397
185,16670.07091548778,16670.071008168,16670.071008168,16670.071892789,16670.091411554,0,COMPLETED,True,baseline_0,65,0.09268022040487267,0.8846210002957378,19.518764998792903,20.496066219493514
186,16670.076813682732,16670.076918731,16670.076918731,16670.077598064,16670.091959555,1,COMPLETED,True,baseline_0,66,0.10504826786927879,0.6793329994252417,14.361491001182003,15.145872268476523
187,16670.092062578067,16670.092241085,16670.092241085,16670.093254474,16670.11128352,2,COMPLETED,True,baseline_0,67,0.17850693257059902,1.0133889991266187,18.02904600117472,19.220941932871938
188,16670.13049861505,16670.130735922,16670.130735922,16670.13132438,16670.147229371,3,COMPLETED,True,baseline_0,68,0.23730695102130994,0.5884579986741301,15.904990999842994,16.730755949538434
189,16670.134731632013,16670.134906412,16670.134906412,16670.135694816,16670.153378106,0,COMPLETED,True,baseline_0,69,0.17477998699177988,0.7884039987402502,17.683289999695262,18.646473985427292
190,16670.15173183214,16670.151817592,16670.151817592,16670.152762409,16670.172570041,1,COMPLETED,True,baseline_0,70,0.08575986066716723,0.9448170021642,19.8076319975371,20.838208860368468
191,16670.198379897673,16670.198543848,16670.198543848,16670.199110763,16670.214698704,2,COMPLETED,True,baseline_0,71,0.16395032798754983,0.5669149977620691,15.587941001285799,16.318806327035418
192,16670.218336771115,16670.218420892,16670.218420892,16670.219176913,16670.232718338,3,COMPLETED,True,baseline_0,72,0.08412088573095389,0.7560209996881895,13.541424999857554,14.381566885276698
193,16670.221135583037,16670.221311097,16670.221311097,16670.222288563,16670.242181077,0,COMPLETED,True,baseline_0,73,0.17551396376802586,0.9774659993126988,19.8925139993662,21.045493962446926
194,16670.24108584424,16670.241256754,16670.241256754,16670.241975529,16670.260090498,1,COMPLETED,True,baseline_0,74,0.17090975961764343,0.7187749979493674,18.114968999725534,19.004653757292544
195,16670.25544053749,16670.255589959,16670.255589959,16670.256275568,16670.275102742,2,COMPLETED,True,baseline_0,75,0.1494215102866292,0.6856090003566351,18.82717400076217,19.662204511405434
196,16670.286911318355,16670.286996044,16670.286996044,16670.287700354,16670.302899068,3,COMPLETED,True,baseline_0,76,0.08472564513795078,0.7043100013106596,15.198713997961022,15.987749644409632
197,16670.30568954436,16670.305851142,16670.305851142,16670.3063376,16670.319218657,0,COMPLETED,True,baseline_0,77,0.161597639817046,0.48645800052327104,12.88105700223241,13.529112642572727
198,16670.309468986397,16670.309629665,16670.309629665,16670.310304435,16670.334287082,1,COMPLETED,True,baseline_0,78,0.16067860269686207,0.6747699990228284,23.982647002412705,24.818095604132395
199,16670.32044687099,16670.320618788,16670.320618788,16670.321539068,16670.342167011,2,COMPLETED,True,baseline_0,79,0.17191701044794172,0.9202800029015634,20.627942998544313,21.720140011893818
200,16670.336889235077,16670.337092272,16670.337092272,16670.33751169,16670.350835594,3,COMPLETED,True,baseline_0,80,0.20303692144807428,0.41941800009226426,13.323904000571929,13.946358922112267
201,16670.343146064395,16670.343297002,16670.343297002,16670.344212478,16670.363165661,0,COMPLETED,True,baseline_0,81,0.1509376052126754,0.9154760009550955,18.9531830001215,20.01959660628927
202,16670.414490034756,16670.414742532,16670.414742532,16670.415566182,16670.435497832,1,COMPLETED,True,baseline_0,82,0.25249724421883,0.8236499998020008,19.931650000216905,21.007797244237736
203,16670.468678894824,16670.468841268,16670.468841268,16670.469756435,16670.490093693,2,COMPLETED,True,baseline_0,83,0.1623731768631842,0.9151669983111788,20.337257999926805,21.41479817510117
204,16670.481236942353,16670.481399368,16670.481399368,16670.482306929,16670.502386929,3,COMPLETED,True,baseline_0,84,0.16242564743151888,0.9075609996216372,20.080000002053566,21.149986649106722
205,16670.48263027886,16670.482907088,16670.482907088,16670.4835882,16670.500959592,0,COMPLETED,True,baseline_0,85,0.27680913990479894,0.68111200016574,17.371391997585306,18.329313137655845
206,16670.490222690943,16670.490725057,16670.490725057,16670.491524241,16670.509408178,1,COMPLETED,True,baseline_0,86,0.5023660560254939,0.7991839993337635,17.88393700189772,19.185487057256978
207,16670.507578142246,16670.507832836,16670.507832836,16670.50864707,16670.521572424,2,COMPLETED,True,baseline_0,87,0.2546937539591454,0.8142340011545457,12.925353999889921,13.994281755003612
208,16670.553519664463,16670.553612954,16670.553612954,16670.554545314,16670.574009937,0,COMPLETED,True,baseline_0,88,0.09328953819931485,0.9323599988420028,19.46462300111307,20.490272538154386
209,16670.574391752303,16670.574607447,16670.574607447,16670.575304009,16670.595029689,3,COMPLETED,True,baseline_0,89,0.21569469754467718,0.696561997756362,19.72568000201136,20.637936697312398
210,16670.598533749973,16670.598646481,16670.598646481,16670.599363515,16670.618539273,1,COMPLETED,True,burst_0,90,0.11273102791165002,0.717033999535488,19.175757999619236,20.005523027066374
211,16670.606001993136,16670.606111756,16670.606111756,16670.606951816,16670.623882605,2,COMPLETED,True,burst_0,91,0.10976286284858361,0.8400600017921533,16.93078899916145,17.880611863802187
212,16670.62215473337,16670.622315493,16670.622315493,16670.623074623,16670.637043715,0,COMPLETED,True,burst_0,92,0.16075963139883243,0.759129998186836,13.969092000479577,14.888981630065246
213,16670.63544853818,16670.63560334,16670.63560334,16670.636363902,16670.65470281,3,COMPLETED,True,burst_0,93,0.15480181900784373,0.7605619975947775,18.33890800116933,19.25427181777195
214,16670.64822841532,16670.648486723,16670.648486723,16670.649019606,16670.662351444,1,COMPLETED,True,burst_0,94,0.2583076784503646,0.5328830011421815,13.331837999430718,14.123028679023264
215,16670.660280704113,16670.660431246,16670.660431246,16670.660987185,16670.674204125,2,COMPLETED,True,burst_0,95,0.1505418877059128,0.5559390010603238,13.216939998528687,13.923420887294924
216,16670.66508570235,16670.665244646,16670.665244646,16670.665703844,16670.67869767,0,COMPLETED,True,burst_0,96,0.15894365060376003,0.459197999589378,12.99382599972887,13.611967649922008
217,16670.67189370459,16670.672158533,16670.672158533,16670.673062667,16670.692360689,3,COMPLETED,True,burst_0,97,0.26482840985408984,0.9041339981195051,19.298022001748905,20.4669844097225
218,16670.67210166842,16670.672298283,16670.672298283,16670.673094879,16670.688062658,1,COMPLETED,True,burst_0,98,0.19661457918118685,0.7965959994180594,14.967778999562142,15.960989578161389
219,16670.677271798475,16670.677423032,16670.677423032,16670.678084926,16670.694864538,2,COMPLETED,True,burst_0,99,0.15123352568480186,0.6618939987674821,16.779612000391353,17.592739524843637
220,16670.685734467024,16670.685899112,16670.685899112,16670.686456864,16670.706020433,0,COMPLETED,True,burst_0,100,0.16464497457491234,0.5577520023507532,19.563568999728886,20.285965976654552
221,16670.699221219405,16670.699329519,16670.699329519,16670.700123852,16670.713558112,1,COMPLETED,True,burst_0,101,0.10829959501279518,0.7943329983390868,13.43425999948522,14.336892592837103
222,16670.7002671881,16670.700367657,16670.700367657,16670.700848158,16670.714315568,3,COMPLETED,True,burst_0,102,0.10046890020021237,0.48050100303953514,13.46740999724716,14.048379900486907
223,16670.716357827936,16670.716501166,16670.716501166,16670.717171364,16670.735516019,2,COMPLETED,True,burst_0,103,0.1433380639355164,0.6701979982608464,18.344655003602384,19.158191065798746
224,16670.718375564462,16670.718621876,16670.718621876,16670.719263863,16670.733493466,0,COMPLETED,True,burst_0,104,0.24631153792142868,0.6419870005629491,14.229602998966584,15.117901537450962
225,16670.725298737743,16670.725444588,16670.725444588,16670.725902129,16670.739444346,1,COMPLETED,True,burst_0,105,0.14585025564883836,0.45754100210615434,13.542216998757794,14.145608256512787
226,16670.727350802554,16670.727504004,16670.727504004,16670.728091757,16670.747615905,3,COMPLETED,True,burst_0,106,0.15320144666475244,0.5877529983990826,19.524147999618435,20.26510244468227
227,16670.732877044684,16670.732980565,16670.732980565,16670.733650329,16670.747198112,0,COMPLETED,True,burst_0,107,0.10352031677030027,0.6697639983030967,13.54778300083126,14.321067315904656
228,16670.74152234764,16670.741615076,16670.741615076,16670.742164568,16670.755584225,2,COMPLETED,True,burst_0,108,0.09272836177842692,0.5494920005730819,13.419656999758445,14.061877362109954
229,16670.745070725407,16670.745176529,16670.745176529,16670.745910546,16670.758649248,1,COMPLETED,True,burst_0,109,0.10580359230516478,0.7340170013776515,12.738702000206104,13.57852259388892
230,16670.762797344956,16670.76295995,16670.76295995,16670.76362195,16670.776194603,0,COMPLETED,True,burst_0,110,0.1626050434424542,0.6619999985559843,12.572653002280276,13.397258044278715
231,16670.767265842693,16670.767518118,16670.767518118,16670.768362071,16670.786681189,3,COMPLETED,True,burst_0,111,0.2522753056837246,0.8439530029136222,18.319118000363233,19.41534630896058
232,16670.799472907547,16670.79963657,16670.79963657,16670.800321683,16670.816060348,2,COMPLETED,True,burst_0,112,0.16366245108656585,0.685113001964055,15.738664998934837,16.587440451985458
233,16670.80932791253,16670.809419954,16670.809419954,16670.810192492,16670.827921217,1,COMPLETED,True,burst_0,113,0.09204146772390231,0.7725380019110162,17.7287249971414,18.593304466776317
234,16670.811651349646,16670.811731833,16670.811731833,16670.812499884,16670.830534068,0,COMPLETED,True,burst_0,114,0.08048335439525545,0.768050998885883,18.034184002317488,18.882718355598627
235,16670.811986208006,16670.812243922,16670.812243922,16670.812607616,16670.82633374,3,COMPLETED,True,burst_0,115,0.2577139930508565,0.3636940018623136,13.72612399791251,14.34753199282568
236,16670.819451765692,16670.819544432,16670.819544432,16670.820059175,16670.833582025,2,COMPLETED,True,burst_0,116,0.09266630877391435,0.5147429983480833,13.522850000299513,14.130259307421511
237,16670.82330766581,16670.823454031,16670.823454031,16670.826559662,16670.840293058,3,COMPLETED,True,burst_0,117,0.14636518972110935,3.105630999925779,13.73339600104373,16.985392190690618
238,16670.83101919791,16670.831143984,16670.831143984,16670.831819273,16670.845794018,1,COMPLETED,True,burst_0,118,0.12478608914534561,0.6752890003554057,13.974745001178235,14.774820090678986
239,16670.85491124696,16670.855007111,16670.855007111,16670.855609448,16670.871567919,0,COMPLETED,True,burst_0,119,0.09586404121364467,0.602337000600528,15.958470998157281,16.656672039971454
240,16670.866961719617,16670.867129774,16670.867129774,16670.867715466,16670.8811527,2,COMPLETED,True,burst_0,0,0.1680543828115333,0.5856919997313526,13.437233999866294,14.19098038240918
241,16670.91820907148,16670.918309205,16670.918309205,16670.918773597,16670.932156908,3,COMPLETED,True,burst_0,1,0.1001335222099442,0.46439200013992377,13.383310997596709,13.947836519946577
242,16670.921974156856,16670.922065549,16670.922065549,16670.922877977,16670.942033977,1,COMPLETED,True,burst_0,2,0.09139214307651855,0.8124279993353412,19.156000002112705,20.059820144524565
243,16670.92302945476,16670.923113377,16670.923113377,16670.923762607,16670.942875346,0,COMPLETED,True,burst_0,3,0.08392224117415026,0.6492299980891403,19.112739002594026,19.845891241857316
244,16670.93487283105,16670.935041552,16670.935041552,16670.935540896,16670.948987901,2,COMPLETED,True,burst_0,4,0.16872094784048386,0.49934400158235803,13.447004999761702,14.115069949184544
245,16670.940011047587,16670.940166235,16670.940166235,16670.940792226,16670.95427358,3,COMPLETED,True,burst_0,5,0.1551874120195862,0.6259910005610436,13.481353998940904,14.262532411521534
246,16670.952790968808,16670.952929191,16670.952929191,16670.953732465,16670.967075274,1,COMPLETED,True,burst_0,6,0.13822219261783175,0.8032740006456152,13.342808997549582,14.28430519081303
247,16670.95327596785,16670.953523866,16670.953523866,16670.954004138,16670.970334652,0,COMPLETED,True,burst_0,7,0.24789814779069275,0.4802719995495863,16.330514001310803,17.058684148651082
248,16670.963798520464,16670.963996271,16670.963996271,16670.964805016,16670.977963956,2,COMPLETED,True,burst_0,8,0.19775053442572244,0.8087450005405117,13.158940000721486,14.16543553568772
249,16671.017617215097,16671.017762145,16671.017762145,16671.018327981,16671.038128347,3,COMPLETED,True,burst_0,9,0.14492990158032626,0.5658360023517162,19.80036600070889,20.511131904640933
250,16671.03502856658,16671.035119952,16671.035119952,16671.035834675,16671.055764688,1,COMPLETED,True,burst_0,10,0.09138542009168305,0.7147229989641346,19.930013000703184,20.736121419759
251,16671.035789833386,16671.03587253,16671.03587253,16671.036361909,16671.056640672,0,COMPLETED,True,burst_0,11,0.08269661338999867,0.4893789991911035,20.278763000533218,20.85083861311432
252,16671.047366098803,16671.047533384,16671.047533384,16671.048466717,16671.06767747,2,COMPLETED,True,burst_0,12,0.16728519767639227,0.9333329981018323,19.21075300197117,20.311371197749395
253,16671.05501114473,16671.055178119,16671.055178119,16671.055929719,16671.075430764,3,COMPLETED,True,burst_0,13,0.16697427054168656,0.7516000005125534,19.501045000652084,20.419619271706324
254,16671.05817278979,16671.058332334,16671.058332334,16671.05909506,16671.073719283,1,COMPLETED,True,burst_0,14,0.15954420814523473,0.7627260019944515,14.624222996644676,15.546493206784362
255,16671.062880583388,16671.063026802,16671.063026802,16671.063797186,16671.082979633,0,COMPLETED,True,burst_0,15,0.1462186119169928,0.7703840019530617,19.182446998456726,20.09904961232678
256,16671.108365462915,16671.108548174,16671.108548174,16671.109251244,16671.122255606,2,COMPLETED,True,baseline_1,16,0.1827110863814596,0.7030699998722412,13.004361997445812,13.890143083699513
257,16671.136092416644,16671.136178487,16671.136178487,16671.137169166,16671.156501547,1,COMPLETED,True,baseline_1,17,0.0860703548823949,0.9906790000968613,19.332381001731846,20.409130356711103
258,16671.15049976737,16671.150588387,16671.150588387,16671.151281408,16671.16929898,3,COMPLETED,True,baseline_1,18,0.08861963215167634,0.6930210001883097,18.017571997916093,18.79921263025608
259,16671.18310608599,16671.183202145,16671.183202145,16671.183890173,16671.196714459,0,COMPLETED,True,baseline_1,19,0.09605900777387433,0.6880280016048346,12.824286000977736,13.608373010356445
260,16671.229137980758,16671.22922659,16671.22922659,16671.230204407,16671.249430577,2,COMPLETED,True,baseline_1,20,0.08860924208420329,0.9778169987839647,19.226170003094012,20.29259624396218
261,16671.231820303365,16671.231905526,16671.231905526,16671.23250295,16671.251547179,1,COMPLETED,True,baseline_1,21,0.08522263669874519,0.597423997533042,19.04422900042846,19.726875634660246
262,16671.305541407277,16671.305687671,16671.305687671,16671.306557772,16671.325273573,3,COMPLETED,True,baseline_1,22,0.14626372285420075,0.8701010010554455,18.7158009975974,19.732165721507045
263,16671.32854081941,16671.328652324,16671.328652324,16671.329682409,16671.351422077,0,COMPLETED,True,baseline_1,23,0.11150458885822445,1.0300850008206908,21.73966800182825,22.881257591507165
264,16671.341757742397,16671.341955817,16671.341955817,16671.342794507,16671.362164087,2,COMPLETED,True,baseline_1,24,0.19807460193987936,0.8386900008190423,19.36958000078448,20.406344603543403
265,16671.362060802865,16671.362152453,16671.362152453,16671.363134995,16671.382354459,1,COMPLETED,True,baseline_1,25,0.09165013398160227,0.9825420020206366,19.219464000343578,20.293656136345817
266,16671.363516832433,16671.363687547,16671.363687547,16671.364438604,16671.383490302,3,COMPLETED,True,baseline_1,26,0.17071456750272773,0.7510569994337857,19.051698000112083,19.973469567048596
267,16671.37100847072,16671.371140326,16671.371140326,16671.372131097,16671.391657584,0,COMPLETED,True,baseline_1,27,0.13185527859604917,0.9907710009429138,19.526487001712667,20.64911328125163
268,16671.372942564853,16671.373074586,16671.373074586,16671.373814635,16671.391322661,2,COMPLETED,True,baseline_1,28,0.13202114860177971,0.7400489994324744,17.508025997813093,18.380096145847347
269,16671.38975345792,16671.389887065,16671.389887065,16671.390755856,16671.404468612,1,COMPLETED,True,baseline_1,29,0.13360708180698566,0.8687909976288211,13.71275600104127,14.715154080477078
270,16671.39223734364,16671.392306251,16671.392306251,16671.392988695,16671.408976607,3,COMPLETED,True,baseline_1,30,0.06890736040077172,0.6824439988122322,15.987912000127835,16.73926335934084
271,16671.399220524298,16671.399329167,16671.399329167,16671.399876809,16671.41340264,2,COMPLETED,True,baseline_1,31,0.10864270370802842,0.5476419974002056,13.525831000151811,14.182115701260045
272,16671.432291948688,16671.432385899,16671.432385899,16671.43286415,16671.44583333,0,COMPLETED,True,baseline_1,32,0.09395031156600453,0.4782510004588403,12.969179999345215,13.54138131137006
273,16671.435082771313,16671.435250537,16671.435250537,16671.435831308,16671.453049792,1,COMPLETED,True,baseline_1,33,0.16776568736531772,0.5807710003864486,17.21848399756709,17.967020685318857
274,16671.460885033528,16671.461058461,16671.461058461,16671.461619169,16671.474880067,3,COMPLETED,True,baseline_1,34,0.17342747378279455,0.5607079983747099,13.260897998407017,13.995033470564522
275,16671.46998681638,16671.470091835,16671.470091835,16671.470516497,16671.485857507,2,COMPLETED,True,baseline_1,35,0.10501861834200099,0.4246620010235347,15.341009999247035,15.87069061861257
276,16671.48949991013,16671.489682117,16671.489682117,16671.490280064,16671.502896992,0,COMPLETED,True,baseline_1,36,0.1822068697947543,0.5979470006423071,12.616927997441962,13.397081867879024
277,16671.497712988712,16671.497902959,16671.497902959,16671.498380164,16671.511367002,1,COMPLETED,True,baseline_1,37,0.18997028746525757,0.47720500151626766,12.986837999051204,13.65401328803273
278,16671.57322503341,16671.573478577,16671.573478577,16671.574493914,16671.594299902,3,COMPLETED,True,baseline_1,38,0.2535435887693893,1.0153369985346217,19.805988002190134,21.074868589494145
279,16671.621158069916,16671.621439801,16671.621439801,16671.622404909,16671.642873911,2,COMPLETED,True,baseline_1,39,0.28173108512419276,0.9651079999457579,20.469002000027103,21.715841085097054
280,16671.624048992864,16671.624219671,16671.624219671,16671.62503618,16671.645020424,0,COMPLETED,True,baseline_1,40,0.17067813678295352,0.8165090002876241,19.984243997896556,20.971431134967133
281,16671.658429418203,16671.658577564,16671.658577564,16671.65938503,16671.678431722,1,COMPLETED,True,baseline_1,41,0.14814579844824038,0.8074659999692813,19.04669199939235,20.002303797809873
282,16671.701377220263,16671.701539992,16671.701539992,16671.702294733,16671.717003984,3,COMPLETED,True,baseline_1,42,0.16277173563139513,0.7547410023107659,14.709250997839263,15.626763735781424
283,16671.71934909475,16671.719491621,16671.719491621,16671.720574865,16671.739862995,2,COMPLETED,True,baseline_1,43,0.1425262489647139,1.0832440020749345,19.288129999040393,20.51390025008004
284,16671.724750137884,16671.724906205,16671.724906205,16671.725569532,16671.738511569,0,COMPLETED,True,baseline_1,44,0.15606711531290784,0.6633269986195955,12.942037003085716,13.761431117018219
285,16671.745355734864,16671.745501277,16671.745501277,16671.746309204,16671.76133076,1,COMPLETED,True,baseline_1,45,0.14554213703377172,0.8079270010057371,15.021555998828262,15.975025136867771
286,16671.792172895,16671.792262899,16671.792262899,16671.792914634,16671.806346209,3,COMPLETED,True,baseline_1,46,0.09000400314107537,0.6517349975183606,13.431575000140583,14.17331400080002
287,16671.793687096368,16671.793781376,16671.793781376,16671.794493725,16671.814146712,0,COMPLETED,True,baseline_1,47,0.09427963232155889,0.7123489995137788,19.652987000881694,20.459615632717032
288,16671.79721134575,16671.797310695,16671.797310695,16671.797963645,16671.816087652,2,COMPLETED,True,baseline_1,48,0.09934925037669018,0.6529499987664167,18.124007001460996,18.876306250604102
289,16671.827949255498,16671.828163189,16671.828163189,16671.828797559,16671.847325006,1,COMPLETED,True,baseline_1,49,0.21393350107246079,0.6343700006254949,18.527447002270492,19.375750503968447
290,16671.862078356018,16671.862222927,16671.862222927,16671.862910742,16671.882679146,3,COMPLETED,True,baseline_1,50,0.1445709822291974,0.6878149979456794,19.768404003116302,20.60078998329118
291,16671.907452428673,16671.907623216,16671.907623216,16671.908311396,16671.925591229,0,COMPLETED,True,baseline_1,51,0.17078732707886957,0.6881799999973737,17.2798329986108,18.138800325687043
292,16672.015854163204,16672.016099287,16672.016099287,16672.017146152,16672.036404546,2,COMPLETED,True,baseline_1,52,0.24512379604857415,1.0468649998074397,19.25839400064433,20.550382796500344
293,16672.054389214067,16672.054553685,16672.054553685,16672.055591542,16672.075372509,1,COMPLETED,True,baseline_1,53,0.16447093366878107,1.0378570004832,19.780966998951044,20.983294933103025
294,16672.08206742753,16672.08222754,16672.08222754,16672.083012195,16672.101077553,3,COMPLETED,True,baseline_1,54,0.16011246771086007,0.7846549997339025,18.065358002786525,19.010125470231287
295,16672.124297410366,16672.124411285,16672.124411285,16672.125476781,16672.146691364,0,COMPLETED,True,baseline_1,55,0.11387463382561691,1.0654959987732582,21.21458300098311,22.393953633581987
296,16672.13119873318,16672.13128056,16672.13128056,16672.131846276,16672.145359483,2,COMPLETED,True,baseline_1,56,0.08182681995094754,0.5657159999827854,13.513207002688432,14.160749822622165
297,16672.162121002,16672.162297054,16672.162297054,16672.163251979,16672.1830105,1,COMPLETED,True,baseline_1,57,0.1760520026437007,0.954924998950446,19.75852100076736,20.889498002361506
298,16672.164015292055,16672.164147939,16672.164147939,16672.164688344,16672.183589119,3,COMPLETED,True,baseline_1,58,0.1326469428022392,0.5404050025390461,18.90077499774634,19.573826943087624
299,16672.198573205264,16672.198661907,16672.198661907,16672.19939065,16672.213871188,2,COMPLETED,True,baseline_1,59,0.0887017376953736,0.728742998035159,14.4805380004982,15.297982736228732
300,16672.200534874388,16672.200709095,16672.200709095,16672.201367342,16672.222766395,0,COMPLETED,True,baseline_1,60,0.17422061137040146,0.6582470014109276,21.399052999186097,22.231520611967426
301,16672.219652687203,16672.219742594,16672.219742594,16672.220399649,16672.233924998,1,COMPLETED,True,baseline_1,61,0.08990679634734988,0.65705499946489,13.52534900070168,14.27231079651392
302,16672.30907393762,16672.309336961,16672.309336961,16672.310357643,16672.330066184,3,COMPLETED,True,baseline_1,62,0.2630233793752268,1.0206820006715134,19.70854099999997,20.99224638004671
303,16672.34479680523,16672.344940118,16672.344940118,16672.345873899,16672.365073157,2,COMPLETED,True,baseline_1,63,0.1433127690688707,0.9337810006400105,19.19925800029887,20.27635177000775
304,16672.36254420585,16672.362756271,16672.362756271,16672.363712745,16672.383876963,0,COMPLETED,True,baseline_1,64,0.2120651479344815,0.9564739993948024,20.164217999990797,21.33275714732008
305,16672.40681272703,16672.406997939,16672.406997939,16672.40774385,16672.422055567,1,COMPLETED,True,baseline_1,65,0.18521197125664912,0.7459109983756207,14.311717000964563,15.242839970596833
306,16672.40995077923,16672.410079914,16672.410079914,16672.410965301,16672.431114389,3,COMPLETED,True,baseline_1,66,0.12913476894027553,0.8853869985614438,20.149088002654025,21.163609770155745
307,16672.41188159814,16672.412034008,16672.412034008,16672.412813186,16672.42850892,2,COMPLETED,True,baseline_1,67,0.15240986249409616,0.7791780008119531,15.69573399683577,16.62732186014182
308,16672.502561331974,16672.502658692,16672.502658692,16672.503391967,16672.519123282,0,COMPLETED,True,baseline_1,68,0.09736002539284527,0.733274999220157,15.731315001175972,16.561950025788974
309,16672.509921894944,16672.510018706,16672.510018706,16672.51073408,16672.529448509,1,COMPLETED,True,baseline_1,69,0.09681105802883394,0.7153739970817696,18.7144290030119,19.526614058122505
310,16672.52832162822,16672.52847781,16672.52847781,16672.529340285,16672.549298922,2,COMPLETED,True,baseline_1,70,0.15618178076692857,0.8624750007584225,19.958636999945156,20.977293781470507
311,16672.6011788734,16672.601317761,16672.601317761,16672.602039203,16672.620225,3,COMPLETED,True,baseline_1,71,0.13888760076952167,0.7214420002128463,18.1857969982957,19.046126599278068
312,16672.66170123645,16672.661956456,16672.661956456,16672.663002938,16672.682983254,0,COMPLETED,True,baseline_1,72,0.25521954739815556,1.0464820006745867,19.980315999418963,21.282017547491705
313,16672.66377212969,16672.663885179,16672.663885179,16672.66468879,16672.683905477,1,COMPLETED,True,baseline_1,73,0.11304931103950366,0.8036109975364525,19.216687000152888,20.133347308728844
314,16672.67316250429,16672.673269228,16672.673269228,16672.674235545,16672.693736873,2,COMPLETED,True,baseline_1,74,0.10672370990505442,0.9663170021667611,19.501327999023488,20.574368711095303
315,16672.67749098044,16672.677577464,16672.677577464,16672.678274542,16672.698404319,3,COMPLETED,True,baseline_1,75,0.08648356015328318,0.6970779977564234,20.129776999965543,20.91333855787525
316,16672.714610933668,16672.714743888,16672.714743888,16672.715759508,16672.733917041,0,COMPLETED,True,baseline_1,76,0.13295433018356562,1.0156200005440041,18.15753300252254,19.30610733325011
317,16672.72469815749,16672.724830032,16672.724830032,16672.72554046,16672.743039919,1,COMPLETED,True,baseline_1,77,0.13187450895202346,0.7104280011844821,17.499459001555806,18.34176151169231
318,16672.735286379087,16672.735433616,16672.735433616,16672.736386629,16672.756252986,2,COMPLETED,True,baseline_1,78,0.14723691128892824,0.9530130009807181,19.86635700086481,20.966606913134456
319,16672.773066696518,16672.773190796,16672.773190796,16672.773897421,16672.7885037,3,COMPLETED,True,baseline_1,79,0.12409948249114677,0.7066250000207219,14.606279000872746,15.437003483384615
320,16672.80061760382,16672.800757826,16672.800757826,16672.80175522,16672.820744256,0,COMPLETED,True,baseline_1,80,0.14022217874298804,0.9973939995688852,18.98903600158519,20.126652179897064
321,16672.868436576868,16672.868581951,16672.868581951,16672.86942321,16672.887405226,1,COMPLETED,True,baseline_1,81,0.14537413153448142,0.841258999571437,17.98201600104221,18.96864913214813
322,16672.91279805239,16672.91305599,16672.91305599,16672.914041846,16672.933985951,2,COMPLETED,True,baseline_1,82,0.257937608694192,0.9858560006250627,19.94410499901278,21.187898608332034
323,16672.936044926264,16672.936191424,16672.936191424,16672.937045054,16672.956566122,3,COMPLETED,True,baseline_1,83,0.14649773584096693,0.8536300010746345,19.52106799944886,20.52119573636446
324,16672.945391159552,16672.945546483,16672.945546483,16672.94644443,16672.965121019,0,COMPLETED,True,baseline_1,84,0.15532344696111977,0.8979470003396273,18.676588999369415,19.72985944667016
325,16672.950798363898,16672.950963716,16672.950963716,16672.951646091,16672.969567184,1,COMPLETED,True,baseline_1,85,0.16535210306756198,0.6823750009061769,17.921093000040855,18.768820104014594
326,16672.966249874236,16672.966424856,16672.966424856,16672.967250704,16672.985501597,2,COMPLETED,True,baseline_1,86,0.1749817638483364,0.8258480011136271,18.250892997457413,19.251722762419377
327,16672.968669917813,16672.968746551,16672.968746551,16672.969438444,16672.983756609,3,COMPLETED,True,baseline_1,87,0.0766331868362613,0.6918930012034252,14.318164998257998,15.086691186297685
328,16673.00043051748,16673.000533562,16673.000533562,16673.001025806,16673.014823862,0,COMPLETED,True,baseline_1,88,0.10304452007403597,0.4922439984511584,13.798055999359349,14.393344517884543
329,16673.011201863465,16673.011313548,16673.011313548,16673.011877467,16673.024936231,1,COMPLETED,True,baseline_1,89,0.11168453420395963,0.5639190021611284,13.058763997833012,13.7343675341981
330,16673.061003977204,16673.061235773,16673.061235773,16673.061956616,16673.081769998,3,COMPLETED,True,baseline_1,90,0.23179579511634074,0.7208429997263011,19.81338200130267,20.766020796145312
331,16673.07848964251,16673.07873882,16673.07873882,16673.079291744,16673.096863038,2,COMPLETED,True,baseline_1,91,0.24917749033193104,0.5529240006580949,17.571293999935733,18.37339549092576
332,16673.122236538904,16673.122513525,16673.122513525,16673.123437039,16673.143803634,0,COMPLETED,True,baseline_1,92,0.2769860948319547,0.9235140023520216,20.366594999359222,21.5670950965432
333,16673.161440800446,16673.161537182,16673.161537182,16673.162596487,16673.18106617,1,COMPLETED,True,baseline_1,93,0.09638155461288989,1.0593049992166925,18.469683000148507,19.62536955397809
334,16673.165386361565,16673.165528871,16673.165528871,16673.166370574,16673.187384558,3,COMPLETED,True,baseline_1,94,0.1425094342266675,0.8417030003329273,21.013984001911012,21.998196436470607
335,16673.180317606813,16673.180455138,16673.180455138,16673.181383939,16673.200659981,2,COMPLETED,True,baseline_1,95,0.13753118764725514,0.9288010005548131,19.276041999546578,20.342374187748646
336,16673.200629949864,16673.200764511,16673.200764511,16673.201898397,16673.22020218,0,COMPLETED,True,baseline_1,96,0.13456113447318785,1.1338860022078734,18.303782999282703,19.572230135963764
337,16673.223025142473,16673.223113992,16673.223113992,16673.223852086,16673.242137975,1,COMPLETED,True,baseline_1,97,0.08884952694643289,0.7380940005532466,18.28588900025352,19.1128325277532
338,16673.260351825145,16673.260441149,16673.260441149,16673.261081744,16673.278993074,3,COMPLETED,True,baseline_1,98,0.08932385389925912,0.6405950007319916,17.911330000060843,18.641248854692094
339,16673.282070658133,16673.282190639,16673.282190639,16673.282992971,16673.30006298,2,COMPLETED,True,baseline_1,99,0.11998086847597733,0.8023319969652221,17.070009002054576,17.992321867495775
340,16673.291450692224,16673.291541489,16673.291541489,16673.292042444,16673.305745137,0,COMPLETED,True,baseline_1,100,0.09079677693080157,0.5009550004615448,13.70269299877691,14.294444776169257
341,16673.306496007204,16673.306638254,16673.306638254,16673.307291698,16673.324947826,1,COMPLETED,True,baseline_1,101,0.14224679398466833,0.6534440035466105,17.656127998634474,18.451818796165753
342,16673.31941090694,16673.319560681,16673.319560681,16673.320238077,16673.339392475,3,COMPLETED,True,baseline_1,102,0.14977405953686684,0.6773960012651514,19.15439799995511,19.981568060757127
343,16673.319779313442,16673.319953443,16673.319953443,16673.320429343,16673.339190621,2,COMPLETED,True,baseline_1,103,0.17412955639883876,0.47590000031050295,18.76127800278482,19.411307559494162
344,16673.324901084034,16673.324997279,16673.324997279,16673.325900216,16673.3445169,0,COMPLETED,True,baseline_1,104,0.09619496631785296,0.9029370012285654,18.61668399942573,19.61581596697215
345,16673.328040984554,16673.328211445,16673.328211445,16673.328787489,16673.347760189,1,COMPLETED,True,baseline_1,105,0.17046044740709476,0.5760439998994116,18.972699999721954,19.71920444702846
346,16673.34671492029,16673.346823268,16673.346823268,16673.347610592,16673.360757771,2,COMPLETED,True,baseline_1,106,0.10834770728251897,0.7873240028857253,13.147178997314768,14.042850707483012
347,16673.36236859107,16673.362503215,16673.362503215,16673.363165772,16673.376652448,3,COMPLETED,True,baseline_1,107,0.13462392962537706,0.6625569985772017,13.486676001775777,14.283856929978356
348,16673.411537907534,16673.411627157,16673.411627157,16673.412547401,16673.430979096,0,COMPLETED,True,baseline_1,108,0.08924946450861171,0.9202440014632884,18.43169499989017,19.44118846586207
349,16673.426836433217,16673.426977753,16673.426977753,16673.427750729,16673.44085122,1,COMPLETED,True,baseline_1,109,0.14131978241493925,0.7729760000074748,13.100490999931935,14.01478678235435
350,16673.427443985158,16673.427690073,16673.427690073,16673.428339075,16673.448617893,2,COMPLETED,True,baseline_1,110,0.24608784224255942,0.6490019986813422,20.278817999496823,21.173907840420725
351,16673.471410057737,16673.471534947,16673.471534947,16673.472288237,16673.489231255,3,COMPLETED,True,baseline_1,111,0.12488926222431473,0.753290001739515,16.94301799943787,17.8211972634017
352,16673.48281130159,16673.482935905,16673.482935905,16673.484086563,16673.505152833,0,COMPLETED,True,baseline_1,112,0.12460341167752631,1.1506579976412468,21.066270001028897,22.34153141034767
353,16673.496941155936,16673.497059075,16673.497059075,16673.498018495,16673.516730198,1,COMPLETED,True,baseline_1,113,0.11791906581493095,0.9594199982529972,18.71170300000813,19.789042064076057
354,16673.522967683883,16673.523052656,16673.523052656,16673.523630348,16673.542231118,2,COMPLETED,True,baseline_1,114,0.08497211820213124,0.5776920006610453,18.600769999466138,19.263434118329315
355,16673.52781625868,16673.527904488,16673.527904488,16673.52826036,16673.541795292,3,COMPLETED,True,baseline_1,115,0.08822932068142109,0.35587199818110093,13.534932000766275,13.979033319628797
356,16673.53085407059,16673.531021709,16673.531021709,16673.531917787,16673.551241626,0,COMPLETED,True,baseline_1,116,0.1676384126767516,0.8960779996414203,19.323838998388965,20.387555410707137
357,16673.600308830333,16673.600457188,16673.600457188,16673.601168453,16673.619178134,1,COMPLETED,True,baseline_1,117,0.1483576670580078,0.7112649982445873,18.009680999966804,18.8693036652694
358,16673.606138216688,16673.606267389,16673.606267389,16673.607026644,16673.625708521,3,COMPLETED,True,baseline_1,118,0.12917231288156472,0.7592549991386477,18.681877001654357,19.57030431367457
359,16673.64478627338,16673.644956594,16673.644956594,16673.645812366,16673.664547171,2,COMPLETED,True,baseline_1,119,0.17032061805366538,0.8557720029784832,18.734804998530308,19.760897619562456
360,16673.6669026315,16673.667151197,16673.667151197,16673.668039166,16673.688181089,0,COMPLETED,True,baseline_1,0,0.24856550226104446,0.887968999450095,20.14192299975548,21.27845750146662
361,16673.668613710113,16673.668772787,16673.668772787,16673.669333901,16673.682372208,1,COMPLETED,True,baseline_1,1,0.15907688793959096,0.5611140004475601,13.038306999078486,13.758497887465637
362,16673.681365030116,16673.681619428,16673.681619428,16673.682403103,16673.700473092,3,COMPLETED,True,baseline_1,2,0.25439788441872224,0.7836750010028481,18.06998900065082,19.10806188607239
363,16673.74854705387,16673.748692755,16673.748692755,16673.749688789,16673.769118355,2,COMPLETED,True,baseline_1,3,0.14570113125955686,0.9960339993995149,19.429566000326304,20.571301130985375
364,16673.78003426976,16673.780168797,16673.780168797,16673.781056854,16673.79995824,1,COMPLETED,True,baseline_1,4,0.13452723942464218,0.8880570021574385,18.90138599992497,19.92397024150705
365,16673.83166662909,16673.83180128,16673.83180128,16673.832792548,16673.852103057,0,COMPLETED,True,baseline_1,5,0.13465091251418926,0.9912679997796658,19.310509000206366,20.43642791250022
366,16673.899691421724,16673.899939818,16673.899939818,16673.900822995,16673.919296835,3,COMPLETED,True,baseline_1,6,0.24839627440087497,0.8831770028336905,18.47383999847807,19.605413275712635
367,16673.943459881506,16673.943604317,16673.943604317,16673.944881222,16673.96452669,2,COMPLETED,True,baseline_1,7,0.14443549298448488,1.2769050008500926,19.645468000817345,21.066808494651923
368,16673.97506927039,16673.975222074,16673.975222074,16673.975929428,16673.988672895,1,COMPLETED,True,baseline_1,8,0.15280361185432412,0.7073540000419598,12.74346699938178,13.603624611278065
369,16673.9828407306,16673.982969832,16673.982969832,16673.983805474,16674.003271694,0,COMPLETED,True,baseline_1,9,0.12910139776067808,0.8356420003110543,19.466220001049805,20.430963399121538
370,16673.994337374763,16673.994496717,16673.994496717,16673.995345481,16674.01540724,3,COMPLETED,True,baseline_1,10,0.15934223847580142,0.8487639970553573,20.061759001691826,21.069865237222984
371,16674.074834492345,16674.075126253,16674.075126253,16674.076075435,16674.096360641,2,COMPLETED,True,baseline_1,11,0.29176065436331555,0.9491820019320585,20.28520599924377,21.526148655539146
372,16674.08116796007,16674.081362273,16674.081362273,16674.082348444,16674.102690291,1,COMPLETED,True,baseline_1,12,0.19431292821536772,0.9861710022960324,20.341847000963753,21.522330931475153
373,16674.11067865626,16674.110833596,16674.110833596,16674.111823644,16674.131042573,0,COMPLETED,True,baseline_1,13,0.1549397420603782,0.9900479999487288,19.218928999180207,20.363916741189314
374,16674.12635886112,16674.126549877,16674.126549877,16674.127374028,16674.146630243,3,COMPLETED,True,baseline_1,14,0.1910158825921826,0.8241510004154406,19.256215000496013,20.271381883503636
375,16674.148975907025,16674.149109503,16674.149109503,16674.150016514,16674.169900109,2,COMPLETED,True,baseline_1,15,0.1335959750576876,0.9070109990716446,19.8835949995555,20.92420197368483
376,16674.160455099078,16674.160577045,16674.160577045,16674.161333118,16674.176447465,1,COMPLETED,True,baseline_1,16,0.12194592272862792,0.756073000957258,15.11434699932579,15.992365923011675
377,16674.195062678868,16674.195160983,16674.195160983,16674.195728184,16674.212530288,0,COMPLETED,True,baseline_1,17,0.09830413182498887,0.5672010011039674,16.802104000817053,17.46760913374601
378,16674.219360819057,16674.219446058,16674.219446058,16674.219944637,16674.234303098,3,COMPLETED,True,baseline_1,18,0.08523894211975858,0.4985790001228452,14.358461001393152,14.942278943635756
379,16674.233520079208,16674.233612583,16674.233612583,16674.234077859,16674.247663891,2,COMPLETED,True,baseline_1,19,0.09250379298464395,0.4652759998862166,13.586032000603154,14.143811793474015
380,16674.268504852338,16674.26861993,16674.26861993,16674.269173235,16674.286735711,1,COMPLETED,True,baseline_1,20,0.11507766248541884,0.553304998902604,17.56247600133065,18.230858662718674
381,16674.28110149398,16674.281193434,16674.281193434,16674.281801431,16674.298663738,0,COMPLETED,True,baseline_1,21,0.09194001904688776,0.6079970007704105,16.86230700215674,17.56224402197404
382,16674.28302634195,16674.283107179,16674.283107179,16674.283453385,16674.296927593,3,COMPLETED,True,baseline_1,22,0.08083704960881732,0.3462060012680013,13.474208000843646,13.901251051720465
383,16674.401302946346,16674.401459367,16674.401459367,16674.402537119,16674.422796879,2,COMPLETED,True,baseline_1,23,0.15642065409338102,1.0777520001283847,20.25976000004448,21.493932654266246
384,16674.448320723444,16674.448531698,16674.448531698,16674.449448673,16674.469489637,1,COMPLETED,True,baseline_1,24,0.21097455464769155,0.9169750010187272,20.040963998326333,21.168913553992752
385,16674.522532895873,16674.522670803,16674.522670803,16674.523695927,16674.54350079,3,COMPLETED,True,baseline_1,25,0.13790712546324357,1.0251240018988028,19.804863000899786,20.967894128261833
386,16674.533050868424,16674.533187299,16674.533187299,16674.534040395,16674.54727738,0,COMPLETED,True,baseline_1,26,0.13643057536683045,0.8530960003554355,13.236984999821289,14.226511575543554
387,16674.558968141686,16674.559116536,16674.559116536,16674.559990694,16674.58667095,2,COMPLETED,True,baseline_1,27,0.14839431241853163,0.8741580022615381,26.680255999963265,27.702808314643335
388,16674.758824133867,16674.758992117,16674.758992117,16674.760191382,16674.780685951,1,COMPLETED,True,baseline_1,28,0.1679831329965964,1.1992649997409899,20.49456899840152,21.861817131139105
389,16674.780559829363,16674.780831421,16674.780831421,16674.782056532,16674.802298904,3,COMPLETED,True,baseline_1,29,0.2715916380111594,1.2251109983481,20.242372000211617,21.739074636570876
390,16674.786898574082,16674.787095745,16674.787095745,16674.788130007,16674.807669187,0,COMPLETED,True,baseline_1,30,0.19717091709026136,1.0342620007577352,19.53918000072008,20.770612918568077
391,16674.790195840822,16674.790455948,16674.790455948,16674.791347742,16674.811770921,2,COMPLETED,True,baseline_1,31,0.2601071792014409,0.8917939994717017,20.423178997589275,21.575080176262418
392,16674.858377104603,16674.858540218,16674.858540218,16674.859373052,16674.8783084,1,COMPLETED,True,baseline_1,32,0.16311339641106315,0.8328340009029489,18.93534799819463,19.93129539550864
393,16674.877599060597,16674.877754053,16674.877754053,16674.878431324,16674.896433087,3,COMPLETED,True,baseline_1,33,0.15499240180361085,0.6772710003133398,18.00176300093881,18.83402640305576
394,16674.883056251492,16674.883184043,16674.883184043,16674.883821171,16674.897726526,1,COMPLETED,True,baseline_1,34,0.12779150711139664,0.6371279996528756,13.905355001043063,14.670274507807335
395,16674.97026660206,16674.970424126,16674.970424126,16674.971533609,16674.991774197,2,COMPLETED,True,baseline_1,35,0.15752394028822891,1.1094830006186385,20.24058799725026,21.507594938157126
396,16674.99829915303,16674.998434774,16674.998434774,16674.999213772,16675.016148069,0,COMPLETED,True,baseline_1,36,0.13562096864916384,0.7789980008965358,16.934297000261722,17.848915969807422
397,16675.001090120433,16675.001219963,16675.001219963,16675.001872061,16675.022667208,3,COMPLETED,True,baseline_1,37,0.12984256682102568,0.652097998681711,20.79514700017171,21.577087565674447
398,16675.00768563857,16675.007794985,16675.007794985,16675.008500418,16675.026537014,1,COMPLETED,True,baseline_1,38,0.10934642705251463,0.7054330017126631,18.036596000456484,18.85137542922166
399,16675.034528143093,16675.034665087,16675.034665087,16675.035422163,16675.050557256,2,COMPLETED,True,baseline_1,39,0.13694390872842632,0.7570759989903308,15.13509299911675,16.029112906835508
400,16675.104878245562,16675.105070716,16675.105070716,16675.106097242,16675.12652214,0,COMPLETED,True,baseline_1,40,0.19247043746872805,1.0265259988955222,20.424898000783287,21.643894437147537
401,16675.110244889933,16675.110378988,16675.110378988,16675.111169783,16675.136440528,3,COMPLETED,True,baseline_1,41,0.13409806706476957,0.7907949984655716,25.270745001762407,26.195638067292748
402,16675.13811902401,16675.138296672,16675.138296672,16675.13899694,16675.162322402,1,COMPLETED,True,baseline_1,42,0.17764799122232944,0.7002679994911887,23.325461999775143,24.20337799048866
403,16675.13816808859,16675.138428719,16675.138428719,16675.139237236,16675.167411352,2,COMPLETED,True,baseline_1,43,0.26063041150337085,0.8085169974947348,28.174115999718197,29.243263408716302
404,16675.139958236196,16675.140168578,16675.140168578,16675.14088029,16675.154303902,0,COMPLETED,True,baseline_1,44,0.2103418046317529,0.7117120003385935,13.423611999314744,14.34566580428509
405,16675.144586458795,16675.144770338,16675.144770338,16675.145664008,16675.165221435,3,COMPLETED,True,baseline_1,45,0.1838792049966287,0.8936699996411335,19.557427000108873,20.634976204746636
406,16675.178674214007,16675.178806352,16675.178806352,16675.179601345,16675.193730604,0,COMPLETED,True,baseline_1,46,0.13213799320510589,0.7949930004542693,14.129259001492755,15.05638999515213
407,16675.205163397048,16675.205254089,16675.205254089,16675.205922143,16675.218813313,1,COMPLETED,True,baseline_1,47,0.09069195220945403,0.6680539991066325,12.891170001239516,13.649915952555602
408,16675.218510163486,16675.218599783,16675.218599783,16675.219294081,16675.232778578,3,COMPLETED,True,baseline_1,48,0.08961951243691146,0.6942979998711962,13.48449700162746,14.268414513935568
409,16675.28788855801,16675.288143607,16675.288143607,16675.289250493,16675.309097103,2,COMPLETED,True,baseline_1,49,0.2550489880377427,1.1068860003433656,19.846610000968212,21.20854498934932
410,16675.320150385836,16675.320309311,16675.320309311,16675.321062132,16675.3404761,0,COMPLETED,True,baseline_1,50,0.1589251623954624,0.7528210007876623,19.413967998843873,20.325714162026998
411,16675.38543413167,16675.385521599,16675.385521599,16675.386453048,16675.407224143,1,COMPLETED,True,baseline_1,51,0.0874673314683605,0.9314489980170038,20.77109500169172,21.790011331177084
412,16675.38647074446,16675.38656076,16675.38656076,16675.387275301,16675.407909493,3,COMPLETED,True,baseline_1,52,0.09001553917187266,0.7145410017983522,20.634191998397,21.438748539367225
413,16675.46803387641,16675.468162679,16675.468162679,16675.468894413,16675.485918024,2,COMPLETED,True,baseline_1,53,0.1288025923713576,0.7317339986911975,17.023610998876393,17.884147589938948
414,16675.484057178102,16675.484204605,16675.484204605,16675.485099368,16675.504816606,0,COMPLETED,True,baseline_1,54,0.147426897456171,0.8947630012698937,19.717237999429926,20.75942789815599
415,16675.500041114843,16675.50020361,16675.50020361,16675.501168637,16675.521046716,1,COMPLETED,True,baseline_1,55,0.16249515829258598,0.965027000347618,19.878078997862758,21.005601156502962
416,16675.51538149317,16675.515548156,16675.515548156,16675.516380616,16675.536799923,3,COMPLETED,True,baseline_1,56,0.16666283045196906,0.8324600021296646,20.41930699851946,21.418429831101093
417,16675.566801070563,16675.566889104,16675.566889104,16675.567872094,16675.586914082,2,COMPLETED,True,baseline_1,57,0.08803343735053204,0.9829900009208359,19.041987998207333,20.1130114364787
418,16675.588784715725,16675.588877398,16675.588877398,16675.589518873,16675.606376138,0,COMPLETED,True,baseline_1,58,0.09268227586289868,0.6414749987015966,16.857264999998733,17.59142227456323
419,16675.59568467638,16675.595768416,16675.595768416,16675.596460239,16675.609664691,1,COMPLETED,True,baseline_1,59,0.08373961827601306,0.691823002853198,13.204451999627054,13.980014620756265
420,16675.604976267372,16675.605136406,16675.605136406,16675.606064004,16675.625720923,3,COMPLETED,True,baseline_1,60,0.16013862841646187,0.9275980009988416,19.656918997497996,20.7446556269133
421,16675.60581973233,16675.605998536,16675.605998536,16675.606890729,16675.626813293,2,COMPLETED,True,baseline_1,61,0.17880367158795707,0.8921929984353483,19.92256400262704,20.993560672650347
422,16675.626501520946,16675.626649882,16675.626649882,16675.627597774,16675.649112429,0,COMPLETED,True,baseline_1,62,0.1483610540162772,0.9478920001129154,21.514654999919003,22.610908054048195
423,16675.663351772695,16675.663437851,16675.663437851,16675.664094259,16675.681776334,1,COMPLETED,True,baseline_1,63,0.08607830386608839,0.656407999485964,17.682075002085185,18.424561305437237
424,16675.69081894472,16675.690908748,16675.690908748,16675.691785827,16675.711256302,3,COMPLETED,True,baseline_1,64,0.0898032812983729,0.8770789972913917,19.470474999252474,20.43735727784224
425,16675.73634444299,16675.736596248,16675.736596248,16675.73747669,16675.757002462,2,COMPLETED,True,baseline_1,65,0.2518050096114166,0.8804419994703494,19.52577200063388,20.658019009715645
426,16675.771602883204,16675.771855507,16675.771855507,16675.772922909,16675.792726695,0,COMPLETED,True,baseline_1,66,0.2526237949496135,1.067402001353912,19.80378599910182,21.123811795405345
427,16675.78712636948,16675.787378507,16675.787378507,16675.788156635,16675.804317924,1,COMPLETED,True,baseline_1,67,0.2521375208743848,0.7781280000926927,16.16128900059266,17.191554521559738
428,16675.838531612768,16675.838699779,16675.838699779,16675.839405843,16675.85799556,3,COMPLETED,True,baseline_1,68,0.16816623246995732,0.7060639982228167,18.58971700130496,19.463947231997736
429,16675.88329107377,16675.883452061,16675.883452061,16675.884345972,16675.90349159,2,COMPLETED,True,baseline_1,69,0.1609872306289617,0.8939110011851881,19.145618000038667,20.200516231852816
430,16675.958234379345,16675.958422149,16675.958422149,16675.959215766,16675.977386028,0,COMPLETED,True,baseline_1,70,0.18776965589495376,0.7936170004541054,18.17026199933025,19.15164865567931
431,16675.97728539237,16675.977436362,16675.977436362,16675.978523374,16675.998782041,1,COMPLETED,True,baseline_1,71,0.15096963034011424,1.087011998606613,20.25866699841572,21.496648627362447
432,16675.98199194362,16675.98212646,16675.98212646,16675.983033241,16676.002730257,3,COMPLETED,True,baseline_1,72,0.134516380057903,0.9067809987755027,19.697016003192402,20.738313382025808
433,16675.985451061275,16675.985577718,16675.985577718,16675.986474671,16676.007261674,2,COMPLETED,True,baseline_1,73,0.12665672329603694,0.8969530026661232,20.78700299898628,21.81061272494844
434,16676.04056807656,16676.040679491,16676.040679491,16676.041336484,16676.055521274,0,COMPLETED,True,baseline_1,74,0.11141443974338472,0.6569929973920807,14.184790001309011,14.953197438444477
435,16676.042608411808,16676.042704441,16676.042704441,16676.043334887,16676.063439488,1,COMPLETED,True,baseline_1,75,0.0960291908995714,0.6304460002866108,20.104601000639377,20.83107619182556
436,16676.042638174276,16676.042754481,16676.042754481,16676.043435758,16676.057557625,3,COMPLETED,True,baseline_1,76,0.11630672452156432,0.6812770006945357,14.121866999630583,14.919450724846683
437,16676.072228184537,16676.072323995,16676.072323995,16676.072785851,16676.088243858,2,COMPLETED,True,baseline_1,77,0.09581046106177382,0.4618560014932882,15.458007001143415,16.015673463698477
438,16676.08898188842,16676.089100323,16676.089100323,16676.090008737,16676.109326976,0,COMPLETED,True,burst_1,78,0.11843457832583226,0.9084140001505148,19.318238999403547,20.345087577879895
439,16676.09335930982,16676.093631133,16676.093631133,16676.094141548,16676.107598712,3,COMPLETED,True,burst_1,79,0.27182318081031553,0.5104150004626717,13.457163997372845,14.239402178645832
440,16676.097199214943,16676.097321561,16676.097321561,16676.098216854,16676.115452982,1,COMPLETED,True,burst_1,80,0.12234605674166232,0.8952930002124049,17.23612800196861,18.253767058922676
441,16676.10498402953,16676.105126138,16676.105126138,16676.105892639,16676.122157293,2,COMPLETED,True,burst_1,81,0.1421084707544651,0.7665009979973547,16.26465400113375,17.17326346988557
442,16676.133605701347,16676.133849518,16676.133849518,16676.134559184,16676.14797418,3,COMPLETED,True,burst_1,82,0.24381665207329206,0.7096660010574851,13.414995999482926,14.368478652613703
443,16676.134156234595,16676.13431359,16676.13431359,16676.134883244,16676.152821739,0,COMPLETED,True,burst_1,83,0.15735540364403278,0.569654002902098,17.938494998816168,18.6655044053623
444,16676.13666851723,16676.136802257,16676.136802257,16676.137341155,16676.151041541,1,COMPLETED,True,burst_1,84,0.13373976980801672,0.5388980025600176,13.700385999982245,14.37302377235028
445,16676.14016909248,16676.140295055,16676.140295055,16676.140680781,16676.156428397,2,COMPLETED,True,burst_1,85,0.1259625205420889,0.3857260016957298,15.747615998407127,16.259304520644946
446,16676.161107381682,16676.161199714,16676.161199714,16676.161724283,16676.174972796,3,COMPLETED,True,burst_1,86,0.09233231685357168,0.5245690008450765,13.248513001599349,13.865414319297997
447,16676.161781134808,16676.161863489,16676.161863489,16676.16225277,16676.175409288,1,COMPLETED,True,burst_1,87,0.08235419227275997,0.38928099820623174,13.15651800177875,13.628153192257741
448,16676.171741734106,16676.171842606,16676.171842606,16676.172457838,16676.186037095,0,COMPLETED,True,burst_1,88,0.10087189366458915,0.6152320020191837,13.579256999946665,14.295360895630438
449,16676.208814751626,16676.208942868,16676.208942868,16676.209762655,16676.224323848,2,COMPLETED,True,burst_1,89,0.12811637498089112,0.8197869974537753,14.561193002009531,15.509096374444198
450,16676.21657287284,16676.216705335,16676.216705335,16676.217377282,16676.235484192,3,COMPLETED,True,burst_1,90,0.1324621589446906,0.6719470002281014,18.106909999914933,18.911319159087725
451,16676.22129872041,16676.22143815,16676.22143815,16676.222131048,16676.23539545,1,COMPLETED,True,burst_1,91,0.139429590490181,0.6928980001248419,13.264401997730602,14.096729588345625
452,16676.222350606906,16676.22249773,16676.22249773,16676.223182767,16676.240112259,0,COMPLETED,True,burst_1,92,0.14712309348396957,0.685037000948796,16.92949200150906,17.761652095941827
453,16676.253682867064,16676.253790472,16676.253790472,16676.254636416,16676.269282643,2,COMPLETED,True,burst_1,93,0.10760493751149625,0.8459439995931461,14.646226998593193,15.599775935697835
454,16676.27220011169,16676.272301551,16676.272301551,16676.272903939,16676.286756119,1,COMPLETED,True,burst_1,94,0.10143930921913125,0.6023880014254246,13.852179999958025,14.556007310602581
455,16676.274508561888,16676.274623577,16676.274623577,16676.274978552,16676.289183704,3,COMPLETED,True,burst_1,95,0.1150151110778097,0.35497499993653037,14.205152001522947,14.675142112537287
456,16676.28242811381,16676.282523495,16676.282523495,16676.283050371,16676.296464908,0,COMPLETED,True,burst_1,96,0.09538119047647342,0.5268759996397421,13.414536999334814,14.03679418945103
457,16676.284351123744,16676.284490486,16676.284490486,16676.285028926,16676.299454026,2,COMPLETED,True,burst_1,97,0.13936225514044054,0.5384399992180988,14.425100001972169,15.102902256330708
458,16676.29341120571,16676.29354144,16676.29354144,16676.294103242,16676.307797733,1,COMPLETED,True,burst_1,98,0.1302342934650369,0.5618019968096633,13.69449100093334,14.38652729120804
459,16676.307728199536,16676.307816462,16676.307816462,16676.308213467,16676.321722572,3,COMPLETED,True,burst_1,99,0.08826246266835369,0.39700500201433897,13.509104999684496,13.994372464367189
460,16676.317031337014,16676.317115456,16676.317115456,16676.317548033,16676.331956811,0,COMPLETED,True,burst_1,100,0.08411898670601659,0.4325769987190142,14.408777999051381,14.925473984476412
461,16676.32717654063,16676.327269283,16676.327269283,16676.327934117,16676.347287111,2,COMPLETED,True,burst_1,101,0.09274236799683422,0.664833998598624,19.3529940006556,20.110570367251057
462,16676.337463101805,16676.337555109,16676.337555109,16676.337896047,16676.355065758,1,COMPLETED,True,burst_1,102,0.0920071943255607,0.34093800059054047,17.169711001770338,17.60265619668644
463,16676.352174704432,16676.352241834,16676.352241834,16676.352694503,16676.366237872,3,COMPLETED,True,burst_1,103,0.06712956746923737,0.4526689990598243,13.543369001126848,14.06316756765591
464,16676.364152352053,16676.36425602,16676.36425602,16676.36506712,16676.383629727,0,COMPLETED,True,burst_1,104,0.10366794595029205,0.8111000024655368,18.562606997875264,19.477374946291093
465,16676.372348217967,16676.372499073,16676.372499073,16676.373177781,16676.388395881,2,COMPLETED,True,burst_1,105,0.15085503400769085,0.6787079983041622,15.218100001220591,16.047663033532444
466,16676.386814725818,16676.386952144,16676.386952144,16676.387653641,16676.406602946,1,COMPLETED,True,burst_1,106,0.13741818111157045,0.7014969996816944,18.94930500202463,19.788220182817895
467,16676.387273568223,16676.387445289,16676.387445289,16676.38822454,16676.405377643,3,COMPLETED,True,burst_1,107,0.1717207778710872,0.7792509968567174,17.15310300278361,18.104074777511414
468,16676.389462458355,16676.389591971,16676.389591971,16676.390258542,16676.404033845,0,COMPLETED,True,burst_1,108,0.12951264579896815,0.6665709988737945,13.775302999420092,14.571386644092854
469,16676.41018333269,16676.4103102,16676.4103102,16676.410836083,16676.424031799,2,COMPLETED,True,burst_1,109,0.12686731133726425,0.5258829987724312,13.195716001064284,13.84846631117398
470,16676.417375736295,16676.417500852,16676.417500852,16676.418065389,16676.430955024,0,COMPLETED,True,burst_1,110,0.12511570457718335,0.5645370001730043,12.88963499973761,13.579287704487797
471,16676.423372279918,16676.423496264,16676.423496264,16676.424148733,16676.437818189,3,COMPLETED,True,burst_1,111,0.12398408216540702,0.6524689997604582,13.6694559987518,14.445909080677666
472,16676.434819118993,16676.434956927,16676.434956927,16676.435558282,16676.449316496,1,COMPLETED,True,burst_1,112,0.13780800873064436,0.6013549973431509,13.758214001427405,14.4973770075012
473,16676.439000077728,16676.439137351,16676.439137351,16676.439866788,16676.453653062,2,COMPLETED,True,burst_1,113,0.13727327313972637,0.7294370007002726,13.786273997538956,14.652984271378955
474,16676.439455717722,16676.439615843,16676.439615843,16676.440110145,16676.453625282,0,COMPLETED,True,burst_1,114,0.16012527703423984,0.4943019994243514,13.515137001377298,14.169564277835889
475,16676.440736228327,16676.440890847,16676.440890847,16676.441399635,16676.460691872,3,COMPLETED,True,burst_1,115,0.15461867224075831,0.5087880017526913,19.29223699698923,19.95564367098268
476,16676.447317532704,16676.447546014,16676.447546014,16676.449704766,16676.46330863,1,COMPLETED,True,burst_1,116,0.2284812944708392,2.158752002287656,13.603863997559529,15.991097294318024
477,16676.449324646976,16676.449459626,16676.449459626,16676.453790868,16676.468082395,0,COMPLETED,True,burst_1,117,0.13497902546077967,4.331241998443147,14.291527000750648,18.757748024654575
478,16676.449442026886,16676.449584022,16676.449584022,16676.453825779,16676.467866193,2,COMPLETED,True,burst_1,118,0.14199511497281492,4.241757000272628,14.040414000191959,18.4241661154374
479,16676.452776428687,16676.452952328,16676.452952328,16676.460967165,16676.475838695,3,COMPLETED,True,burst_1,119,0.17589931303518824,8.014836999791441,14.871530001983047,23.062266314809676
480,16676.469908389714,16676.470043017,16676.470043017,16676.470672004,16676.484391919,1,COMPLETED,True,burst_1,0,0.134627287479816,0.6289869997999631,13.719914997636806,14.483529284916585
481,16676.472095044457,16676.472229577,16676.472229577,16676.472673954,16676.486948353,2,COMPLETED,True,burst_1,1,0.13453254359774292,0.4443769976205658,14.27439899998717,14.853308541205479
482,16676.477314802803,16676.477507719,16676.477507719,16676.478024171,16676.491981676,0,COMPLETED,True,burst_1,2,0.1929161953739822,0.5164520007383544,13.957505001599202,14.666873197711539
483,16676.492973989712,16676.493109448,16676.493109448,16676.493605557,16676.506884307,3,COMPLETED,True,burst_1,3,0.13545828915084712,0.49610899804974906,13.278750000608852,13.910317287809448
484,16676.498180309816,16676.498321373,16676.498321373,16676.498708815,16676.511834548,1,COMPLETED,True,burst_1,4,0.14106318485573865,0.3874419999192469,13.12573299946962,13.654238184244605
485,16676.504561570244,16676.504652345,16676.504652345,16676.505304109,16676.521138456,2,COMPLETED,True,burst_1,5,0.09077475624508224,0.6517639994854107,15.834346999326954,16.576885755057447
486,16676.516509117817,16676.516605487,16676.516605487,16676.517225652,16676.530823082,0,COMPLETED,True,burst_1,6,0.09636918184696697,0.6201650030561723,13.597429999208543,14.313964184111683
487,16676.521404211373,16676.521629894,16676.521629894,16676.52208862,16676.535249421,3,COMPLETED,True,burst_1,7,0.225682626478374,0.4587260009429883,13.160800997866318,13.84520962528768
488,16676.533107653104,16676.533216277,16676.533216277,16676.533710239,16676.54686875,1,COMPLETED,True,burst_1,8,0.10862389535759576,0.4939620012009982,13.158510999346618,13.761096895905212
489,16676.5546056971,16676.554689903,16676.554689903,16676.555282824,16676.569791651,2,COMPLETED,True,burst_1,9,0.08420590165769681,0.592920998315094,14.5088270000997,15.18595390007249
490,16676.557898158466,16676.558085076,16676.558085076,16676.558747237,16676.578053968,0,COMPLETED,True,burst_1,10,0.18691753575694747,0.6621609973080922,19.306731002870947,20.155809535935987
491,16676.558492800024,16676.558660849,16676.558660849,16676.559304174,16676.573039403,3,COMPLETED,True,burst_1,11,0.16804897677502595,0.6433249982364941,13.735229000303661,14.546602975315182
492,16676.560597514075,16676.560794617,16676.560794617,16676.561331821,16676.58056267,1,COMPLETED,True,burst_1,12,0.1971029232663568,0.537204003194347,19.23084899681271,19.965155923273414
493,16676.56302297106,16676.563042507,16676.563042507,16676.570236025,16676.584271955,2,COMPLETED,True,burst_1,13,0.01953594255610369,7.193517998530297,14.035929998499341,21.24898393958574
494,16676.563308968354,16676.563397926,16676.563397926,16676.573367139,16676.586892956,3,COMPLETED,True,burst_1,14,0.08895764403860085,9.969213002477773,13.525816997571383,23.583987644087756
495,16676.571305948924,16676.571410082,16676.571410082,16676.578267433,16676.594752458,0,COMPLETED,True,burst_1,15,0.10413307609269395,6.857350999780465,16.485025000292808,23.446509076165967
496,16676.600244246223,16676.600354835,16676.600354835,16676.60176871,16676.616080732,1,COMPLETED,True,baseline_2,16,0.11058877862524241,1.4138749975245446,14.312022001831792,15.83648577798158
497,16676.603839660755,16676.603934522,16676.603934522,16676.604463122,16676.620335129,2,COMPLETED,True,baseline_2,17,0.09486124690738507,0.528599997778656,15.872006999416044,16.495468244102085
498,16676.61166093203,16676.611922976,16676.611922976,16676.612501201,16676.626762175,3,COMPLETED,True,baseline_2,18,0.2620439699967392,0.5782250009360723,14.260973999626003,15.101242970558815
499,16676.649349774005,16676.649441763,16676.649441763,16676.650113367,16676.668552757,0,COMPLETED,True,baseline_2,19,0.09198899351758882,0.6716040006722324,18.439390001731226,19.202982995921047
500,16676.65845666848,16676.658560155,16676.658560155,16676.658970996,16676.672199922,1,COMPLETED,True,baseline_2,20,0.10348651994718239,0.41084099939325824,13.228926000010688,13.743253519351128
501,16676.66750627023,16676.667595387,16676.667595387,16676.668486815,16676.687794329,2,COMPLETED,True,baseline_2,21,0.08911676923162304,0.8914280006138142,19.30751399777364,20.288058767619077
502,16676.68686251484,16676.686955589,16676.686955589,16676.687690735,16676.703934504,3,COMPLETED,True,baseline_2,22,0.0930741589399986,0.7351460008067079,16.243768997810548,17.071989157557255
503,16676.717319726646,16676.717422969,16676.717422969,16676.717852111,16676.733628455,0,COMPLETED,True,baseline_2,23,0.10324235336156562,0.4291420009394642,15.776344000187237,16.308728354488267
504,16676.718589121603,16676.718700667,16676.718700667,16676.71951367,16676.739069937,1,COMPLETED,True,baseline_2,24,0.1115453960665036,0.813003000075696,19.556267001462402,20.4808153976046
505,16676.719153346035,16676.719238922,16676.719238922,16676.719544027,16676.733707942,2,COMPLETED,True,baseline_2,25,0.08557596447644755,0.3051050007343292,14.16391499878955,14.554595964000328
506,16676.734270367386,16676.734372258,16676.734372258,16676.734998484,16676.750857516,3,COMPLETED,True,baseline_2,26,0.1018906150420662,0.6262259994400665,15.85903199884342,16.587148613325553
507,16676.73670204378,16676.736801405,16676.736801405,16676.73736231,16676.75225841,0,COMPLETED,True,baseline_2,27,0.09936121932696551,0.5609049985650927,14.896100001351442,15.5563662192435
508,16676.75022342007,16676.750401891,16676.750401891,16676.750984199,16676.775521604,2,COMPLETED,True,baseline_2,28,0.17847093113232404,0.5823079991387203,24.537404999136925,25.29818392940797
509,16676.8061877026,16676.806286009,16676.806286009,16676.806803056,16676.822738464,1,COMPLETED,True,baseline_2,29,0.09830639828578569,0.5170469994482119,15.935408002405893,16.55076140013989
510,16676.81854182963,16676.81870169,16676.81870169,16676.819403271,16676.834145691,3,COMPLETED,True,baseline_2,30,0.15986037033144385,0.7015810006123502,14.74241999676451,15.603861367708305
511,16676.881905297872,16676.882088302,16676.882088302,16676.88310381,16676.902463375,0,COMPLETED,True,baseline_2,31,0.18300412921234965,1.0155079980904702,19.35956500165048,20.5580771289533
512,16676.894614829864,16676.894756368,16676.894756368,16676.895807963,16676.914382899,2,COMPLETED,True,baseline_2,32,0.1415381375409197,1.0515949979890138,18.574936002551112,19.768069138081046
513,16676.900732152153,16676.900878167,16676.900878167,16676.901805955,16676.92187446,1,COMPLETED,True,baseline_2,33,0.1460148487240076,0.9277879980800208,20.068505000381265,21.142307847185293
514,16676.90144550682,16676.901574098,16676.901574098,16676.902128398,16676.928453899,3,COMPLETED,True,baseline_2,34,0.12859117850894108,0.5543000006582588,26.325500999519136,27.008392178686336
515,16676.925012134423,16676.925141123,16676.925141123,16676.925917607,16676.939288682,0,COMPLETED,True,baseline_2,35,0.12898857676191255,0.7764840011077467,13.371074997849064,14.276547575718723
516,16676.935715276948,16676.935822111,16676.935822111,16676.9366284,16676.951068793,2,COMPLETED,True,baseline_2,36,0.10683405344025232,0.8062889974098653,14.44039300258737,15.353516053437488
517,16676.9710971293,16676.971207934,16676.971207934,16676.971872382,16676.985197186,1,COMPLETED,True,baseline_2,37,0.11080469994340092,0.664448001771234,13.324804000149015,14.10005670186365
518,16676.98658759415,16676.986726386,16676.986726386,16676.987323056,16677.000538806,3,COMPLETED,True,baseline_2,38,0.13879184916731901,0.5966700009594206,13.215750001108972,13.951211851235712
519,16677.004923831646,16677.005154741,16677.005154741,16677.00588806,16677.024042735,0,COMPLETED,True,baseline_2,39,0.23090935428626835,0.7333190005738288,18.154674999095732,19.11890335395583
520,16677.005651162042,16677.00579704,16677.00579704,16677.006260128,16677.020871061,2,COMPLETED,True,baseline_2,40,0.14587795885745436,0.463087999378331,14.610932998039061,15.219898956274847
521,16677.037605019268,16677.037704749,16677.037704749,16677.038349316,16677.051891068,1,COMPLETED,True,baseline_2,41,0.09972973202820867,0.6445670005632564,13.54175199958263,14.286048732174095
522,16677.060282507282,16677.060378328,16677.060378328,16677.06104324,16677.075052831,3,COMPLETED,True,baseline_2,42,0.09582071652403101,0.6649120005022269,14.009591002832167,14.770323719858425
523,16677.068641366892,16677.068812629,16677.068812629,16677.069470988,16677.087890848,2,COMPLETED,True,baseline_2,43,0.17126210877904668,0.6583590002264827,18.419859999994515,19.249481109000044
524,16677.10868270761,16677.108776765,16677.108776765,16677.109358184,16677.124123071,0,COMPLETED,True,baseline_2,44,0.09405738819623366,0.5814190008095466,14.764887000637827,15.440363389643608
525,16677.144629962553,16677.144765227,16677.144765227,16677.145420404,16677.160185339,1,COMPLETED,True,baseline_2,45,0.13526444672606885,0.6551769984071143,14.764935000130208,15.555376445263391
526,16677.15262738513,16677.152776617,16677.152776617,16677.153443663,16677.172823665,3,COMPLETED,True,baseline_2,46,0.14923186972737312,0.6670459988527,19.380002002435504,20.196279871015577
527,16677.1566843733,16677.156810596,16677.156810596,16677.157744817,16677.178071554,2,COMPLETED,True,baseline_2,47,0.12622269787243567,0.934220999624813,20.326737001596484,21.387180699093733
528,16677.16563803628,16677.165799814,16677.165799814,16677.166612741,16677.181258246,0,COMPLETED,True,baseline_2,48,0.16177771976799704,0.8129269990604371,14.645505001681158,15.620209720509592
529,16677.169631593875,16677.169833542,16677.169833542,16677.170606253,16677.183928003,1,COMPLETED,True,baseline_2,49,0.20194812532281503,0.7727109987172298,13.321750000613974,14.29640912465402
530,16677.172583897835,16677.172743316,16677.172743316,16677.173289127,16677.187800002,3,COMPLETED,True,baseline_2,50,0.15941816673148423,0.5458109990286175,14.510875000269152,15.216104166029254
531,16677.17674765202,16677.176979452,16677.176979452,16677.178325633,16677.196305073,2,COMPLETED,True,baseline_2,51,0.2317999787919689,1.3461810012813658,17.979439999180613,19.557420979253948
532,16677.183648818096,16677.183816417,16677.183816417,16677.184636704,16677.197986794,0,COMPLETED,True,baseline_2,52,0.1675989042269066,0.8202870012610219,13.350089997402392,14.33797590289032
533,16677.212664141098,16677.212766642,16677.212766642,16677.213265747,16677.226548575,1,COMPLETED,True,baseline_2,53,0.10250090053887106,0.49910500092664734,13.28282800022862,13.884433901694138
534,16677.233877055205,16677.233982251,16677.233982251,16677.234436795,16677.248301672,3,COMPLETED,True,baseline_2,54,0.10519579518586397,0.4545439987850841,13.864877000742126,14.424616794713074
535,16677.297528546216,16677.297709184,16677.297709184,16677.298679706,16677.314756909,2,COMPLETED,True,baseline_2,55,0.180637784069404,0.9705219999887049,16.077202999440487,17.228362783498596
536,16677.313299141493,16677.313438062,16677.313438062,16677.314346173,16677.336764237,0,COMPLETED,True,baseline_2,56,0.1389205062878318,0.9081110001716297,22.418063999793958,23.46509550625342
537,16677.339664508057,16677.339798261,16677.339798261,16677.340826049,16677.359728716,1,COMPLETED,True,baseline_2,57,0.1337529429292772,1.027787999191787,18.902667001384543,20.064207943505608
538,16677.359843650785,16677.360163098,16677.360163098,16677.361034858,16677.38025855,3,COMPLETED,True,baseline_2,58,0.3194472155882977,0.8717599994270131,19.22369200110552,20.41489921612083
539,16677.361054314293,16677.361557108,16677.361557108,16677.36232935,16677.376140817,2,COMPLETED,True,baseline_2,59,0.5027937077102251,0.7722419977653772,13.811467000778066,15.086502706253668
540,16677.425233157715,16677.42533036,16677.42533036,16677.425844616,16677.439116662,0,COMPLETED,True,baseline_2,60,0.09720228626974858,0.5142559966770932,13.27204600238474,13.883504285331583
541,16677.44884742208,16677.448984913,16677.448984913,16677.449564813,16677.464468523,1,COMPLETED,True,baseline_2,61,0.13749091885983944,0.5798999991384335,14.903710001817672,15.621100919815945
542,16677.457304160143,16677.457445914,16677.457445914,16677.458062081,16677.476975347,2,COMPLETED,True,baseline_2,62,0.14175385513226502,0.6161670025903732,18.91326599798049,19.671186855703127
543,16677.46387515307,16677.464147897,16677.464147897,16677.464870314,16677.484471973,3,COMPLETED,True,baseline_2,63,0.2727439314185176,0.7224170003610197,19.60165899799904,20.596819929778576
544,16677.564868517697,16677.565038426,16677.565038426,16677.566124591,16677.586593121,0,COMPLETED,True,baseline_2,64,0.16990830408758484,1.086165000742767,20.468529997742735,21.724603302573087
545,16677.578702655774,16677.578927603,16677.578927603,16677.579998141,16677.600047899,1,COMPLETED,True,baseline_2,65,0.22494722725241445,1.070537997293286,20.049758000823203,21.345243225368904
546,16677.5856212273,16677.585824539,16677.585824539,16677.586853216,16677.60722756,2,COMPLETED,True,baseline_2,66,0.20331170162535273,1.0286769975209609,20.37434400335769,21.606332702504005
547,16677.599661821638,16677.599825574,16677.599825574,16677.600714915,16677.615305294,0,COMPLETED,True,baseline_2,67,0.16375236373278312,0.8893409976735711,14.590378999855602,15.643472361261956
548,16677.619322423492,16677.619574272,16677.619574272,16677.62060797,16677.639797462,3,COMPLETED,True,baseline_2,68,0.251848508924013,1.0336979976273142,19.18949200262432,20.475038509175647
549,16677.63812458456,16677.638283316,16677.638283316,16677.639207429,16677.657763191,1,COMPLETED,True,baseline_2,69,0.15873144002398476,0.9241130028385669,18.555761998868547,19.6386064417311
550,16677.648861210568,16677.64911035,16677.64911035,16677.649879763,16677.671531117,2,COMPLETED,True,baseline_2,70,0.24913943343563005,0.7694129999435972,21.651353999914136,22.669906433293363
551,16677.67020572083,16677.670361082,16677.670361082,16677.671289874,16677.690398349,0,COMPLETED,True,baseline_2,71,0.1553611691633705,0.9287920001952443,19.10847500039381,20.192628169752425
552,16677.68980452383,16677.690055231,16677.690055231,16677.69107651,16677.710843576,3,COMPLETED,True,baseline_2,72,0.2507071694708429,1.0212790002697147,19.7670659981668,21.039052167907357
553,16677.690727170077,16677.69104939,16677.69104939,16677.691509973,16677.704755985,1,COMPLETED,True,baseline_2,73,0.3222199229639955,0.46058299994911067,13.246012000308838,14.028814923221944
554,16677.70231766928,16677.70246593,16677.70246593,16677.703473373,16677.722157891,2,COMPLETED,True,baseline_2,74,0.1482607221987564,1.0074429992528167,18.684517999645323,19.840221721096896
555,16677.703348182888,16677.703521084,16677.703521084,16677.704124111,16677.722420045,0,COMPLETED,True,baseline_2,75,0.17290111281909049,0.603026997850975,18.29593400179874,19.071862112468807
556,16677.782780910493,16677.782941076,16677.782941076,16677.783716828,16677.803482633,1,COMPLETED,True,baseline_2,76,0.16016550580388866,0.775751999753993,19.765805001952685,20.701722507510567
557,16677.829271303508,16677.82952641,16677.82952641,16677.830552912,16677.850612531,3,COMPLETED,True,baseline_2,77,0.2551064935687464,1.0265019991493318,20.05961900067632,21.3412274933944
558,16677.82981587471,16677.830171395,16677.830171395,16677.830740648,16677.850153152,0,COMPLETED,True,baseline_2,78,0.35552028930396773,0.5692530030501075,19.412503999774344,20.33727729212842
559,16677.838689127533,16677.83893707,16677.83893707,16677.839932804,16677.859934244,2,COMPLETED,True,baseline_2,79,0.24794246564852074,0.9957340007531457,20.001439999759896,21.245116466161562
560,16677.859824839885,16677.859969005,16677.859969005,16677.860870611,16677.878527921,1,COMPLETED,True,baseline_2,80,0.14416511476156302,0.9016059993882664,17.65730999977677,18.7030811139266
561,16677.862415014944,16677.862552128,16677.862552128,16677.863357424,16677.882423545,0,COMPLETED,True,baseline_2,81,0.13711305655306205,0.8052960001805332,19.06612099992344,20.008530056657037
562,16677.869601239203,16677.869742369,16677.869742369,16677.870464673,16677.884866396,3,COMPLETED,True,baseline_2,82,0.1411297962476965,0.7223040011012927,14.401723001356004,15.265156798704993
563,16677.874096043375,16677.874266101,16677.874266101,16677.874927155,16677.890168221,2,COMPLETED,True,baseline_2,83,0.17005762492772192,0.6610540003748611,15.241066001181025,16.072177626483608
564,16677.90126648314,16677.90142518,16677.90142518,16677.902447741,16677.915554189,1,COMPLETED,True,baseline_2,84,0.15869686103542335,1.0225609985354822,13.10644800105365,14.287705860624555
565,16677.92864800257,16677.928871242,16677.928871242,16677.929663215,16677.942612369,0,COMPLETED,True,baseline_2,85,0.22323942903312854,0.7919730014691595,12.949153999215923,13.964366429718211
566,16677.958188011766,16677.958341831,16677.958341831,16677.959213241,16677.978566473,3,COMPLETED,True,baseline_2,86,0.15381923367385752,0.8714100003999192,19.353232000867138,20.378461234940914
567,16677.991005427175,16677.991099007,16677.991099007,16677.992225824,16678.011555689,2,COMPLETED,True,baseline_2,87,0.09357982344226912,1.1268170019320678,19.329865001054714,20.55026182642905
568,16678.046400406525,16678.046563863,16678.046563863,16678.047599392,16678.068250313,1,COMPLETED,True,baseline_2,88,0.16345647600246593,1.035528999636881,20.65092100019683,21.84990647583618
569,16678.073896452435,16678.074042651,16678.074042651,16678.075168007,16678.099227544,0,COMPLETED,True,baseline_2,89,0.14619856301578693,1.1253560005570762,24.059537001448916,25.33109156502178
570,16678.12044381177,16678.120603443,16678.120603443,16678.121241795,16678.141167365,3,COMPLETED,True,baseline_2,90,0.15963122859830037,0.6383520012605004,19.925569999031723,20.723553228890523
571,16678.202283222687,16678.202540444,16678.202540444,16678.203600439,16678.223232202,2,COMPLETED,True,baseline_2,91,0.2572213124949485,1.0599950001051184,19.631762999779312,20.94897931237938
572,16678.206925692244,16678.207157136,16678.207157136,16678.207924756,16678.228556046,1,COMPLETED,True,baseline_2,92,0.2314437551831361,0.7676200002606492,20.631290000892477,21.630353756336262
573,16678.22858532594,16678.228839838,16678.228839838,16678.229966207,16678.245519204,0,COMPLETED,True,baseline_2,93,0.2545120623835828,1.1263689993938897,15.552996999758761,16.933878061536234
574,16678.24212164559,16678.24228679,16678.24228679,16678.24330603,16678.262543684,3,COMPLETED,True,baseline_2,94,0.1651444072194863,1.0192400004598312,19.237653999880422,20.42203840755974
575,16678.260211688663,16678.260306146,16678.260306146,16678.261227414,16678.292783535,2,COMPLETED,True,baseline_2,95,0.0944573366723489,0.9212680015480146,31.55612099726568,32.57184633548604
576,16678.294911662546,16678.295016281,16678.295016281,16678.295825796,16678.310541245,1,COMPLETED,True,baseline_2,96,0.10461845522513613,0.8095150005829055,14.715448996867053,15.629582452675095
577,16678.30674387368,16678.306881361,16678.306881361,16678.30762247,16678.322058284,0,COMPLETED,True,baseline_2,97,0.13748732089879923,0.7411090009554755,14.435813998716185,15.31441032057046
578,16678.3123467675,16678.312502465,16678.312502465,16678.313190482,16678.332426091,3,COMPLETED,True,baseline_2,98,0.15569750030408613,0.6880170003569219,19.235609001043485,20.079323501704494
579,16678.331443717765,16678.331618674,16678.331618674,16678.332187274,16678.345746408,2,COMPLETED,True,baseline_2,99,0.17495623615104705,0.5686000004061498,13.559133996750461,14.302690233307658
580,16678.348694322885,16678.348938776,16678.348938776,16678.349451039,16678.362393373,1,COMPLETED,True,baseline_2,100,0.24445311282761395,0.5122630027472042,12.942334000399569,13.699050115974387
581,16678.395951073966,16678.396137821,16678.396137821,16678.396884165,16678.41465824,0,COMPLETED,True,baseline_2,101,0.1867470346041955,0.7463439978891984,17.774075000488665,18.70716603298206
582,16678.429135111688,16678.429385815,16678.429385815,16678.430194705,16678.450484216,3,COMPLETED,True,baseline_2,102,0.2507033132133074,0.8088899994618259,20.289510997827165,21.349104310502298
583,16678.435219340416,16678.435387091,16678.435387091,16678.436183405,16678.456219866,2,COMPLETED,True,baseline_2,103,0.16775058611528948,0.7963139978528488,20.036460999108385,21.000525583076524
584,16678.437117376823,16678.4372851,16678.4372851,16678.438079245,16678.457538776,1,COMPLETED,True,baseline_2,104,0.16772317758295685,0.7941449985082727,19.459531002212316,20.421399178303545
585,16678.53395315634,16678.534051211,16678.534051211,16678.53490048,16678.550870057,0,COMPLETED,True,baseline_2,105,0.09805466106627136,0.849268999445485,15.969576998031698,16.916900658543454
586,16678.578543333428,16678.578705974,16678.578705974,16678.579687362,16678.599998938,3,COMPLETED,True,baseline_2,106,0.16264057194348425,0.981387998763239,20.31157600140432,21.455604572111042
587,16678.6212477876,16678.621406477,16678.621406477,16678.622413321,16678.642556028,2,COMPLETED,True,baseline_2,107,0.15868939954089,1.0068440024042502,20.142706998740323,21.308240400685463
588,16678.642125544404,16678.642235707,16678.642235707,16678.643069185,16678.664488511,1,COMPLETED,True,baseline_2,108,0.11016259668394923,0.8334779995493591,21.419325999886496,22.362966596119804
589,16678.64641127214,16678.646475368,16678.646475368,16678.647386507,16678.666157153,0,COMPLETED,True,baseline_2,109,0.0640958605799824,0.9111389990721364,18.770645998301916,19.745880857954035
590,16678.674002545795,16678.674093534,16678.674093534,16678.674880552,16678.688080644,3,COMPLETED,True,baseline_2,110,0.09098820373765193,0.7870180015743244,13.200091998442076,14.078098203754053
591,16678.678804321124,16678.678961317,16678.678961317,16678.679813894,16678.698427856,2,COMPLETED,True,baseline_2,111,0.15699587675044313,0.8525769990228582,18.613962001836626,19.623534877609927
592,16678.684649839088,16678.684831396,16678.684831396,16678.685684568,16678.704811359,1,COMPLETED,True,baseline_2,112,0.1815569121390581,0.8531720013706945,19.12679099768866,20.16151991119841
593,16678.74171006741,16678.74190308,16678.74190308,16678.742584853,16678.754309322,0,COMPLETED,True,baseline_2,113,0.1930125908984337,0.6817729990871157,11.724469000910176,12.599254590895725
594,16678.772457378705,16678.772646884,16678.772646884,16678.773504816,16678.793132045,3,COMPLETED,True,baseline_2,114,0.18950529556605034,0.8579319983255118,19.62722900134395,20.67466629523551
595,16678.78087296619,16678.781018145,16678.781018145,16678.781799798,16678.802077761,2,COMPLETED,True,baseline_2,115,0.14517881209030747,0.7816529978299513,20.27796300171758,21.20479481163784
596,16678.904864455813,16678.905053099,16678.905053099,16678.906096347,16678.926140177,1,COMPLETED,True,baseline_2,116,0.18864318553823978,1.0432480012241285,20.04383000166854,21.275721188430907
597,16678.919541761697,16678.919737651,16678.919737651,16678.920875864,16678.941329903,0,COMPLETED,True,baseline_2,117,0.19588930081226863,1.1382130032870919,20.454038996831514,21.788141300930874
598,16678.95403313003,16678.954176956,16678.954176956,16678.955228666,16678.976047136,3,COMPLETED,True,baseline_2,118,0.1438259678252507,1.0517100017750636,20.818469998630462,22.014005968230776
599,16678.971518148817,16678.971709879,16678.971709879,16678.972835922,16678.993692781,2,COMPLETED,True,baseline_2,119,0.19173018154106103,1.1260430001129862,20.85685900237877,22.174632184032816
600,16678.977014673652,16678.97722487,16678.97722487,16678.977923366,16678.993311758,1,COMPLETED,True,baseline_2,0,0.21019634732510895,0.698496001859894,15.388391999294981,16.297084348479984
601,16678.98144316343,16678.981628387,16678.981628387,16678.982616073,16679.00149511,0,COMPLETED,True,baseline_2,1,0.18522356913308613,0.9876860021904577,18.87903699753224,20.051946568855783
602,16679.01172611422,16679.011892487,16679.011892487,16679.012657361,16679.026317394,3,COMPLETED,True,baseline_2,2,0.16637278167763725,0.7648739992873743,13.66003300063312,14.591279781598132
603,16679.011878925936,16679.011970134,16679.011970134,16679.012867971,16679.02713208,1,COMPLETED,True,baseline_2,3,0.09120806498685852,0.8978369987744372,14.264108998759184,15.25315406252048
604,16679.035111466204,16679.035209417,16679.035209417,16679.035938586,16679.049071713,2,COMPLETED,True,baseline_2,4,0.0979507967713289,0.7291689980775118,13.133127002220135,13.960246797068976
605,16679.052051387767,16679.052140446,16679.052140446,16679.052845311,16679.079965361,0,COMPLETED,True,baseline_2,5,0.08905823415261693,0.7048649968055543,27.120050002849894,27.913973233808065
606,16679.162994391267,16679.163160169,16679.163160169,16679.164334521,16679.184890554,3,COMPLETED,True,baseline_2,6,0.16577773203607649,1.1743520008167252,20.5560329995933,21.8961627324461
607,16679.179311167776,16679.179472632,16679.179472632,16679.180514543,16679.19988022,1,COMPLETED,True,baseline_2,7,0.16146422422025353,1.0419110003567766,19.36567699885927,20.5690522234363
608,16679.180822054546,16679.180972839,16679.180972839,16679.181784895,16679.201351486,2,COMPLETED,True,baseline_2,8,0.15078445358085446,0.8120560014504008,19.56659099960234,20.529431454633595
609,16679.193378349242,16679.193635497,16679.193635497,16679.194712417,16679.214409013,0,COMPLETED,True,baseline_2,9,0.2571477562014479,1.0769200016511604,19.696595998539124,21.030663756391732
610,16679.212789704132,16679.2129218,16679.2129218,16679.213755017,16679.227862856,3,COMPLETED,True,baseline_2,10,0.13209586904849857,0.8332170000358019,14.107839000644162,15.073151869728463
611,16679.264770066697,16679.264869584,16679.264869584,16679.265842874,16679.285785969,1,COMPLETED,True,baseline_2,11,0.09951730316970497,0.9732899998198263,19.943095001508482,21.015902304498013
612,16679.282619471425,16679.282783543,16679.282783543,16679.283412474,16679.298095535,2,COMPLETED,True,baseline_2,12,0.16407157454523258,0.6289310003921855,14.683060999232111,15.47606357416953
613,16679.298052043992,16679.298118999,16679.298118999,16679.299146051,16679.319667265,0,COMPLETED,True,baseline_2,13,0.06695500633213669,1.0270519996993244,20.521214002656052,21.615221008687513
614,16679.29848872478,16679.298990592,16679.298990592,16679.299506046,16679.312997057,3,COMPLETED,True,baseline_2,14,0.5018672200094443,0.5154540012881625,13.491010999132413,14.50833222043002
615,16679.3247077586,16679.324841044,16679.324841044,16679.325658562,16679.33908324,1,COMPLETED,True,baseline_2,15,0.1332854008069262,0.8175180009857286,13.424677999864798,14.375481401657453
616,16679.345239318478,16679.345349935,16679.345349935,16679.346299856,16679.365696958,2,COMPLETED,True,baseline_2,16,0.1106165218516253,0.9499209991190583,19.397102001676103,20.457639522646787
617,16679.356994628153,16679.357082815,16679.357082815,16679.357708318,16679.372222667,3,COMPLETED,True,baseline_2,17,0.08818684727884829,0.6255029984458815,14.514349000819493,15.228038846544223
618,16679.357391850153,16679.357476458,16679.357476458,16679.357971079,16679.377751554,0,COMPLETED,True,baseline_2,18,0.08460784738417715,0.49462099923403,19.780474998697173,20.35970384531538
619,16679.381589973455,16679.381674643,16679.381674643,16679.382568867,16679.400492147,1,COMPLETED,True,baseline_2,19,0.08466954386676662,0.8942240019678138,17.92328000010457,18.90217354593915
620,16679.430377187506,16679.430478741,16679.430478741,16679.431608073,16679.451017596,2,COMPLETED,True,baseline_2,20,0.10155349445994943,1.12933199852705,19.409522999922046,20.640408492909046
621,16679.454596061478,16679.454696939,16679.454696939,16679.455532145,16679.474985747,3,COMPLETED,True,baseline_2,21,0.10087752161780372,0.8352059994649608,19.45360200261348,20.389685523696244
622,16679.458381320455,16679.458477287,16679.458477287,16679.45926304,16679.479797626,0,COMPLETED,True,baseline_2,22,0.09596654490451328,0.7857529999455437,20.53458600130398,21.416305546154035
623,16679.46918747392,16679.469375981,16679.469375981,16679.470158786,16679.488964065,1,COMPLETED,True,baseline_2,23,0.18850708147510886,0.782805000199005,18.80527899993467,19.776591081608785
624,16679.469419467227,16679.469501545,16679.469501545,16679.470281223,16679.489546608,2,COMPLETED,True,baseline_2,24,0.08207777500501834,0.7796779973432422,19.26538500265451,20.127140775002772
625,16679.495067755437,16679.495291526,16679.495291526,16679.495965811,16679.511010089,3,COMPLETED,True,baseline_2,25,0.2237705630250275,0.6742849982401822,15.044278003188083,15.942333564453293
626,16679.551753283256,16679.55189139,16679.55189139,16679.552725825,16679.57604715,0,COMPLETED,True,baseline_2,26,0.1381067449983675,0.834434998978395,23.321324999415083,24.293866743391845
627,16679.5607092419,16679.560804969,16679.560804969,16679.561547664,16679.580478365,1,COMPLETED,True,baseline_2,27,0.09572710041538812,0.7426949996443,18.93070099686156,19.76912309692125
628,16679.60407114407,16679.604203641,16679.604203641,16679.604960908,16679.623450662,2,COMPLETED,True,baseline_2,28,0.13249693074612878,0.7572670001536608,18.489753998437664,19.379517929337453
629,16679.650249337832,16679.650410928,16679.650410928,16679.651447079,16679.670997403,3,COMPLETED,True,baseline_2,29,0.16159016740857624,1.0361509994254448,19.550323999283137,20.748065166117158
630,16679.653994680437,16679.654161882,16679.654161882,16679.654951105,16679.670807804,0,COMPLETED,True,baseline_2,30,0.16720156418159604,0.7892229987191968,15.85669899941422,16.813123562315013
631,16679.65643365233,16679.656533984,16679.656533984,16679.657292101,16679.675472796,1,COMPLETED,True,baseline_2,31,0.10033167200163007,0.7581169993500225,18.180694998591207,19.03914366994286
632,16679.707943412577,16679.708074541,16679.708074541,16679.708923402,16679.727812215,2,COMPLETED,True,baseline_2,32,0.13112842134432867,0.8488610001222696,18.888812999648508,19.868802421115106
633,16679.74754506499,16679.747635744,16679.747635744,16679.748088656,16679.762776736,0,COMPLETED,True,baseline_2,33,0.0906790082808584,0.45291200149222277,14.688079998450121,15.231671008223202
634,16679.804458892904,16679.80472099,16679.80472099,16679.805759562,16679.82607159,3,COMPLETED,True,baseline_2,34,0.26209709540125914,1.0385720015619881,20.312027998443227,21.612697095406475
635,16679.880719153858,16679.880825223,16679.880825223,16679.882035754,16679.901919175,1,COMPLETED,True,baseline_2,35,0.10606914293020964,1.2105309979233425,19.883421002305113,21.200021143158665
636,16679.903640590677,16679.903844319,16679.903844319,16679.904641815,16679.919622111,2,COMPLETED,True,baseline_2,36,0.20372832295834087,0.7974959989951458,14.980296000430826,15.981520322384313
637,16679.915433465107,16679.915552439,16679.915552439,16679.916587983,16679.935948251,0,COMPLETED,True,baseline_2,37,0.11897389413206838,1.0355439990235027,19.360268001037184,20.514785894192755
638,16679.94447859815,16679.944695101,16679.944695101,16679.945618834,16679.964213277,3,COMPLETED,True,baseline_2,38,0.21650284907082096,0.9237330014002509,18.594442997709848,19.73467884818092
639,16679.950406765394,16679.950567447,16679.950567447,16679.951543432,16679.970262514,1,COMPLETED,True,baseline_2,39,0.16068160402937792,0.9759849999682046,18.719082003372023,19.855748607369605
640,16679.964429408374,16679.964526836,16679.964526836,16679.965567398,16679.979871733,2,COMPLETED,True,baseline_2,40,0.09742762631503865,1.040562001435319,14.304334999906132,15.44232462765649
641,16679.975545332247,16679.975636611,16679.975636611,16679.976201533,16679.991763303,0,COMPLETED,True,baseline_2,41,0.09127875455305912,0.5649220001942012,15.561770000203978,16.21797075495124
642,16679.98904069989,16679.98913643,16679.98913643,16679.989810647,16680.003360124,3,COMPLETED,True,baseline_2,42,0.09573010902386159,0.6742170007782988,13.54947700019693,14.31942410999909
643,16679.99721391914,16679.997304158,16679.997304158,16679.99790728,16680.014545883,1,COMPLETED,True,baseline_2,43,0.09023886013892479,0.6031220000295434,16.638602999591967,17.331963859760435
644,16680.001839580145,16680.002001514,16680.002001514,16680.002763036,16680.021531043,2,COMPLETED,True,baseline_2,44,0.1619338545424398,0.7615219983563293,18.768007001199294,19.691462854098063
645,16680.004902236244,16680.005047494,16680.005047494,16680.005475898,16680.021911062,0,COMPLETED,True,baseline_2,45,0.14525775623042136,0.42840400055865757,16.435163997812197,17.008825754601276
646,16680.050183211035,16680.05029476,16680.05029476,16680.05079267,16680.066804853,3,COMPLETED,True,baseline_2,46,0.11154896492371336,0.49791000128607266,16.012182997656055,16.62164196386584
647,16680.050237787338,16680.050388092,16680.050388092,16680.050883937,16680.064720974,1,COMPLETED,True,baseline_2,47,0.15030466238385998,0.49584500084165484,13.837036996847019,14.483186660072533
648,16680.152595259646,16680.152849832,16680.152849832,16680.153928365,16680.174180187,2,COMPLETED,True,baseline_2,48,0.25457235460635275,1.0785330014186911,20.251821999409003,21.584927355434047
649,16680.16848394511,16680.168525769,16680.168525769,16680.169462866,16680.189290381,0,COMPLETED,True,baseline_2,49,0.041823888750514016,0.9370970001327805,19.827514999633422,20.806435888516717
650,16680.17795706628,16680.178125438,16680.178125438,16680.179101252,16680.197331292,1,COMPLETED,True,baseline_2,50,0.1683717200648971,0.9758140004123561,18.230040001071757,19.37422572154901
651,16680.19845882185,16680.198661587,16680.198661587,16680.199453621,16680.218818776,3,COMPLETED,True,baseline_2,51,0.2027651498792693,0.792033999459818,19.365154999832157,20.359954149171244
652,16680.213746686943,16680.213890323,16680.213890323,16680.214697232,16680.232924385,2,COMPLETED,True,baseline_2,52,0.1436360580555629,0.8069089999480639,18.227152999315877,19.177698057319503
653,16680.237853036444,16680.237958929,16680.237958929,16680.238672212,16680.25599957,0,COMPLETED,True,baseline_2,53,0.1058925554389134,0.7132829996407963,17.327358000329696,18.146533555409405
654,16680.25380799277,16680.253955532,16680.253955532,16680.254567673,16680.268191959,1,COMPLETED,True,baseline_2,54,0.14753923096577637,0.6121410006016959,13.62428599895793,14.383966230525402
655,16680.257262860967,16680.257362125,16680.257362125,16680.257792674,16680.271179874,3,COMPLETED,True,baseline_2,55,0.09926403436111286,0.43054900015704334,13.38719999694149,13.917013031459646
656,16680.25967543912,16680.259790054,16680.259790054,16680.260308085,16680.274935059,2,COMPLETED,True,baseline_2,56,0.11461487883934751,0.518030999955954,14.62697399983881,15.259619878634112
657,16680.33779182579,16680.337972442,16680.337972442,16680.338914466,16680.35831681,0,COMPLETED,True,baseline_2,57,0.18061621085507795,0.9420239985047374,19.40234400171903,20.524984211078845
658,16680.393506856042,16680.39369624,16680.39369624,16680.394653391,16680.415701271,1,COMPLETED,True,baseline_2,58,0.1893839580588974,0.9571509981469717,21.047879999969155,22.194414956175024
659,16680.39380260671,16680.393818832,16680.393818832,16680.394663394,16680.413034853,3,COMPLETED,True,baseline_2,59,0.01622528725420125,0.8445620005659293,18.3714590020827,19.232246289902832
660,16680.43549823128,16680.435633011,16680.435633011,16680.436431966,16680.451613793,2,COMPLETED,True,baseline_2,60,0.13477971879183315,0.7989550031197723,15.181826998741599,16.115561720653204
661,16680.448702817208,16680.448727632,16680.448727632,16680.449643765,16680.469446759,0,COMPLETED,True,baseline_2,61,0.024814791686367244,0.9161330017377622,19.80299400020158,20.74394179362571
662,16680.460617620585,16680.460753763,16680.460753763,16680.461600637,16680.482311614,3,COMPLETED,True,baseline_2,62,0.13614241470349953,0.8468740015814546,20.71097699808888,21.693993414373836
663,16680.47814597555,16680.478268946,16680.478268946,16680.47918533,16680.497901209,1,COMPLETED,True,baseline_2,63,0.12297045032028109,0.9163840004475787,18.715878999501,19.75523345026886
664,16680.483464264937,16680.483575653,16680.483575653,16680.484166299,16680.499787529,2,COMPLETED,True,baseline_2,64,0.1113880643970333,0.5906459991820157,15.621229998941999,16.323264062521048
665,16680.48650835195,16680.486771685,16680.486771685,16680.487623155,16680.506813277,0,COMPLETED,True,baseline_2,65,0.26333304776926525,0.8514700020896271,19.1901219986903,20.304925048549194
666,16680.4997775725,16680.499897499,16680.499897499,16680.500744818,16680.515989514,3,COMPLETED,True,baseline_2,66,0.11992650252068415,0.8473189991491381,15.244695998262614,16.211941499932436
667,16680.516107053565,16680.516209555,16680.516209555,16680.517001588,16680.53013651,1,COMPLETED,True,baseline_2,67,0.10250143532175571,0.792032999015646,13.134921999153448,14.02945643349085
668,16680.560588079155,16680.560711523,16680.560711523,16680.561521697,16680.577497161,2,COMPLETED,True,baseline_2,68,0.1234438459505327,0.8101739986159373,15.975464000803186,16.909081845369656
669,16680.59081949237,16680.590957415,16680.590957415,16680.591602231,16680.610406177,0,COMPLETED,True,baseline_2,69,0.1379226305289194,0.6448160020227078,18.80394599720603,19.586684629757656
670,16680.616646590268,16680.616774789,16680.616774789,16680.61744395,16680.635659729,3,COMPLETED,True,baseline_2,70,0.12819873154512607,0.6691609996778425,18.215779000456678,19.013138731679646
671,16680.64852956752,16680.648661816,16680.648661816,16680.649590508,16680.673558929,1,COMPLETED,True,baseline_2,71,0.13224848225945607,0.928691999433795,23.96842099915375,25.029361480847
672,16680.655207841282,16680.655460917,16680.655460917,16680.656327083,16680.678518075,2,COMPLETED,True,baseline_2,72,0.2530757192289457,0.8661659994686488,22.190992000105325,23.31023371880292
673,16680.66603859841,16680.666183765,16680.666183765,16680.667223538,16680.687555371,0,COMPLETED,True,baseline_2,73,0.14516658848151565,1.0397730002296157,20.331833002273925,21.516772590985056
674,16680.674668534997,16680.674902365,16680.674902365,16680.675721096,16680.694185914,3,COMPLETED,True,baseline_2,74,0.23383000370813534,0.8187309977074619,18.46481800021138,19.517379001626978
675,16680.685377289636,16680.685629723,16680.685629723,16680.686486672,16680.699804066,1,COMPLETED,True,baseline_2,75,0.2524333649489563,0.8569489982619416,13.317394001205685,14.426776364416583
676,16680.71049218069,16680.710635214,16680.710635214,16680.711384413,16680.72911692,2,COMPLETED,True,baseline_2,76,0.14303331045084633,0.7491989999834914,17.732506999891484,18.624739310325822
677,16680.72839120865,16680.728603373,16680.728603373,16680.729459081,16680.748232361,0,COMPLETED,True,baseline_2,77,0.21216435197857209,0.85570800001733,18.773279996821657,19.84115234881756
678,16680.738903131616,16680.7389996,16680.7389996,16680.739654707,16680.755084115,3,COMPLETED,True,baseline_2,78,0.09646838225307874,0.655107000056887,15.429408002091805,16.18098338440177
679,16680.747640375568,16680.747890313,16680.747890313,16680.748724625,16680.762029924,1,COMPLETED,True,baseline_2,79,0.24993743136292323,0.8343119989149272,13.305299002240645,14.389548432518495
680,16680.765917772962,16680.766006986,16680.766006986,16680.766834421,16680.780145455,2,COMPLETED,True,baseline_2,80,0.0892130374268163,0.8274350002466235,13.311033999343636,14.227682037017075
681,16680.806267768465,16680.806405101,16680.806405101,16680.806869938,16680.81976686,0,COMPLETED,True,baseline_2,81,0.1373325358144939,0.4648369977076072,12.896922002255451,13.499091535777552
682,16680.83046020736,16680.830594086,16680.830594086,16680.831181875,16680.849127748,3,COMPLETED,True,baseline_2,82,0.13387864237301983,0.5877889998373576,17.94587299809791,18.66754064030829
683,16680.84094921894,16680.841252506,16680.841252506,16680.841917731,16680.861352788,1,COMPLETED,True,baseline_2,83,0.3032870627066586,0.6652249976468738,19.43505700182868,20.403569062182214
684,16680.85530380808,16680.855522037,16680.855522037,16680.856425666,16680.87320805,2,COMPLETED,True,baseline_2,84,0.21822892085765488,0.9036289993673563,16.782384001999162,17.904241922224173
685,16680.911277219435,16680.91139445,16680.91139445,16680.912084424,16680.929903561,0,COMPLETED,True,baseline_2,85,0.11723056377377361,0.6899740001244936,17.81913699960569,18.626341563503956
686,16680.920011073944,16680.920117069,16680.920117069,16680.920995648,16680.939572567,3,COMPLETED,True,baseline_2,86,0.10599505549180321,0.8785790014371742,18.57691899931524,19.561493056244217
687,16681.006706252243,16681.006873639,16681.006873639,16681.00781611,16681.027764948,1,COMPLETED,True,baseline_2,87,0.16738675549277104,0.9424710005987436,19.948838002164848,21.058695758256363
688,16681.007680821185,16681.007771674,16681.007771674,16681.008529208,16681.028509695,2,COMPLETED,True,baseline_2,88,0.09085281635634601,0.7575339986942708,19.98048699897481,20.828873814025428
689,16681.062789786683,16681.062921339,16681.062921339,16681.063877497,16681.07807477,0,COMPLETED,True,baseline_2,89,0.1315523149969522,0.9561580009176396,14.197273001627764,15.284983317542356
690,16681.077415663873,16681.07755613,16681.07755613,16681.078367067,16681.091386467,3,COMPLETED,True,baseline_2,90,0.14046612704987638,0.8109369991871063,13.019400001212489,13.970803127449472
691,16681.158558699695,16681.158815766,16681.158815766,16681.15987751,16681.18033408,1,COMPLETED,True,baseline_2,91,0.25706630549393594,1.0617439984343946,20.456570000533247,21.775380304461578
692,16681.20296728414,16681.203225727,16681.203225727,16681.204242983,16681.223576422,2,COMPLETED,True,baseline_2,92,0.25844285846687853,1.0172559996135533,19.333438998728525,20.609137856808957
693,16681.221172028516,16681.221336889,16681.221336889,16681.222442718,16681.242367302,0,COMPLETED,True,baseline_2,93,0.16486048480146565,1.1058290001528803,19.924583997635636,21.195273482589982
694,16681.23299027403,16681.233165029,16681.233165029,16681.234022718,16681.252086213,3,COMPLETED,True,baseline_2,94,0.1747549686115235,0.8576889995310921,18.06349500111537,19.095938969257986
695,16681.288014518042,16681.288135638,16681.288135638,16681.288633254,16681.305543324,1,COMPLETED,True,baseline_2,95,0.12111995602026582,0.49761600166675635,16.910070000449196,17.528805958136218
696,16681.29556262892,16681.29564891,16681.29564891,16681.296371733,16681.315217376,2,COMPLETED,True,baseline_2,96,0.08628108116681688,0.7228229987958912,18.84564300053171,19.654747080494417
697,16681.305252786817,16681.305408945,16681.305408945,16681.30583943,16681.323949771,0,COMPLETED,True,baseline_2,97,0.15615818483638577,0.4304849971958902,18.110340999555774,18.69698418158805
698,16681.313659033214,16681.313752868,16681.313752868,16681.314479336,16681.332666253,3,COMPLETED,True,baseline_2,98,0.09383478754898533,0.7264679989020806,18.186917001003167,19.007219787454233
699,16681.321514858293,16681.321689979,16681.321689979,16681.32238206,16681.33615857,1,COMPLETED,True,baseline_2,99,0.17512070553493686,0.6920810010342393,13.77651000075275,14.643711707321927
700,16681.382111497845,16681.382253718,16681.382253718,16681.383252066,16681.403000099,2,COMPLETED,True,baseline_2,100,0.142220153065864,0.9983480013033841,19.74803299890482,20.888601153274067
701,16681.4040519282,16681.404167421,16681.404167421,16681.404956245,16681.42088405,0,COMPLETED,True,baseline_2,101,0.11549279952305369,0.788824003393529,15.92780499777291,16.832121800689492
702,16681.474361892604,16681.474788746,16681.474788746,16681.475688927,16681.494297676,3,COMPLETED,True,baseline_2,102,0.4268533957656473,0.9001809994515497,18.60874900012277,19.935783395339968
703,16681.494405504443,16681.494826568,16681.494826568,16681.495946032,16681.515474206,1,COMPLETED,True,baseline_2,103,0.42106355613213964,1.1194639992027078,19.528174001607113,21.06870155694196
704,16681.511640827575,16681.511810878,16681.511810878,16681.512664085,16681.529584889,2,COMPLETED,True,baseline_2,104,0.17005042536766268,0.8532069987268187,16.920803998800693,17.944061422895174
705,16681.553009268173,16681.553260817,16681.553260817,16681.554232767,16681.573436757,0,COMPLETED,True,baseline_2,105,0.2515488267818,0.9719500012579374,19.203989999368787,20.427488827408524
706,16681.576941203264,16681.577170586,16681.577170586,16681.578050024,16681.597019231,3,COMPLETED,True,burst_2,106,0.22938273468753323,0.8794380009931047,18.969207001646282,20.07802773732692
707,16681.581602621947,16681.581685136,16681.581685136,16681.582309159,16681.596616805,1,COMPLETED,True,burst_2,107,0.0825140523375012,0.6240229995455593,14.307646000816021,15.014183052699082
708,16681.585540422275,16681.585789531,16681.585789531,16681.586440566,16681.605888709,2,COMPLETED,True,burst_2,108,0.2491087252565194,0.6510349994641729,19.44814300077269,20.34828672549338
709,16681.593354967423,16681.593626712,16681.593626712,16681.594509883,16681.610937245,0,COMPLETED,True,burst_2,109,0.2717445786402095,0.8831710001686588,16.427361999376444,17.582277578185312
710,16681.604705884034,16681.604794638,16681.604794638,16681.605721653,16681.62289965,1,COMPLETED,True,burst_2,110,0.0887539645191282,0.9270150003430899,17.177997000544565,18.193765965406783
711,16681.60914971664,16681.609239339,16681.609239339,16681.610033622,16681.625474686,3,COMPLETED,True,burst_2,111,0.08962235733633861,0.7942830015963409,15.441063998878235,16.324969357810915
712,16681.611260407506,16681.611350573,16681.611350573,16681.612168252,16681.62654161,2,COMPLETED,True,burst_2,112,0.09016549302032217,0.8176789997378364,14.373358000739245,15.281202493497403
713,16681.617352090103,16681.617544454,16681.617544454,16681.618307788,16681.636539213,0,COMPLETED,True,burst_2,113,0.19236389562138356,0.7633340028405655,18.23142499779351,19.18712289625546
714,16681.61952063062,16681.619743957,16681.619743957,16681.623066148,16681.636876476,1,COMPLETED,True,burst_2,114,0.22332638036459684,3.3221910016436595,13.810328000545269,17.355845382553525
715,16681.629530322763,16681.629642197,16681.629642197,16681.630274026,16681.643835893,3,COMPLETED,True,burst_2,115,0.11187423660885543,0.6318289997579996,13.561866999225458,14.305570235592313
716,16681.631106466866,16681.631279116,16681.631279116,16681.631829803,16681.644996614,2,COMPLETED,True,burst_2,116,0.1726491354929749,0.5506869965756778,13.166811000701273,13.890147132769926
717,16681.63134202964,16681.631415756,16681.631415756,16681.636713854,16681.650593589,0,COMPLETED,True,burst_2,117,0.07372636173386127,5.298097999911988,13.879735000955407,19.251559362601256
718,16681.648296293002,16681.648405124,16681.648405124,16681.648996758,16681.662620755,1,COMPLETED,True,burst_2,118,0.10883099821512587,0.5916339978284668,13.623997001559474,14.324461997603066
719,16681.650038700223,16681.650242279,16681.650242279,16681.650824314,16681.664365288,3,COMPLETED,True,burst_2,119,0.20357877656351775,0.5820350015710574,13.540973999624839,14.326587777759414
720,16681.651599497003,16681.651694062,16681.651694062,16681.65204314,16681.665557277,2,COMPLETED,True,burst_2,0,0.09456499537918717,0.349077999999281,13.514137001038762,13.95777999641723
721,16681.659583041,16681.659817852,16681.659817852,16681.660459815,16681.673717787,0,COMPLETED,True,burst_2,1,0.23481099924538285,0.6419630008167587,13.257972001156304,14.134746001218446
722,16681.67329985944,16681.673389807,16681.673389807,16681.67405317,16681.687673344,1,COMPLETED,True,burst_2,2,0.08994755989988334,0.6633630000578705,13.620173998788232,14.373484558745986
723,16681.683991189726,16681.68407927,16681.68407927,16681.684470003,16681.698627164,0,COMPLETED,True,burst_2,3,0.08808027268969454,0.3907330028596334,14.157161000184715,14.635974275734043
724,16681.687009051606,16681.687093553,16681.687093553,16681.687372637,16681.700543309,2,COMPLETED,True,burst_2,4,0.08450139284832403,0.27908400079468265,13.170672002161155,13.534257395804161
725,16681.697689462842,16681.69778557,16681.69778557,16681.698225086,16681.711887398,3,COMPLETED,True,burst_2,5,0.09610715642338619,0.4395159994601272,13.662312001542887,14.1979351574264
726,16681.710723657307,16681.710824561,16681.710824561,16681.711720834,16681.729400575,1,COMPLETED,True,burst_2,6,0.10090369323734194,0.8962729989434592,17.679741002211813,18.676917694392614
727,16681.71117144211,16681.71125989,16681.71125989,16681.711527012,16681.725440162,0,COMPLETED,True,burst_2,7,0.08844788681017235,0.26712200269685127,13.91315000000759,14.268719889514614
728,16681.713564296817,16681.713660761,16681.713660761,16681.714111186,16681.731284807,2,COMPLETED,True,burst_2,8,0.09646418402553536,0.4504249991441611,17.173620999528794,17.72051018269849
729,16681.717786418474,16681.71787295,16681.71787295,16681.718120309,16681.731614877,3,COMPLETED,True,burst_2,9,0.08653152690385468,0.24735899933148175,13.494568000169238,13.828458526404575
730,16681.71909864093,16681.719287766,16681.719287766,16681.725816489,16681.739280459,0,COMPLETED,True,burst_2,10,0.18912507221102715,6.528722999064485,13.463970000884729,20.18181807216024
731,16681.726145906607,16681.72624916,16681.72624916,16681.729823131,16681.743752941,1,COMPLETED,True,burst_2,11,0.10325339462724514,3.5739710001507774,13.929810000263387,17.60703439504141
732,16681.74270509343,16681.742813366,16681.742813366,16681.743325874,16681.75684102,2,COMPLETED,True,burst_2,12,0.1082725684682373,0.5125079987919889,13.515146001736866,14.135926568997093
733,16681.75140658457,16681.751486475,16681.751486475,16681.75202358,16681.7652446,3,COMPLETED,True,burst_2,13,0.07989042933331802,0.5371049992390908,13.221019999036798,13.838015427609207
734,16681.755570616657,16681.755768924,16681.755768924,16681.756267896,16681.769452055,0,COMPLETED,True,burst_2,14,0.19830734163406305,0.49897200005943887,13.184159000957152,13.881438342650654
735,16681.770930585284,16681.771055645,16681.771055645,16681.771451637,16681.785047513,1,COMPLETED,True,burst_2,15,0.1250597160833422,0.39599199953954667,13.595876000181306,14.116927715804195
736,16681.787936886907,16681.788026635,16681.788026635,16681.788450411,16681.802230672,2,COMPLETED,True,burst_2,16,0.08974809315986931,0.42377600038889796,13.780261000647442,14.29378509419621
737,16681.78940648415,16681.789492513,16681.789492513,16681.789790476,16681.80351916,3,COMPLETED,True,burst_2,17,0.08602884918218479,0.29796300077578053,13.728683999943314,14.11267584990128
738,16681.79137741571,16681.791528766,16681.791528766,16681.792261281,16681.812502405,0,COMPLETED,True,burst_2,18,0.15135029025259428,0.7325149999815039,20.241123998857802,21.1249892890919
739,16681.791427509164,16681.791613635,16681.791613635,16681.792186047,16681.80566327,1,COMPLETED,True,burst_2,19,0.18612583517096937,0.5724120019294787,13.477222997607896,14.235760834708344
740,16681.79162425843,16681.791816056,16681.791816056,16681.802414747,16681.815952453,2,COMPLETED,True,burst_2,20,0.1917975714604836,10.598690998449456,13.53770599962445,24.32819456953439
741,16681.80295649744,16681.803048279,16681.803048279,16681.803679059,16681.817453492,3,COMPLETED,True,burst_2,21,0.09178156324196607,0.6307799994829111,13.774432998616248,14.496994561341126
742,16681.80399227335,16681.804132371,16681.804132371,16681.805830506,16681.819259289,1,COMPLETED,True,burst_2,22,0.14009764709044248,1.6981350017886143,13.428783000563271,15.267015649442328
743,16681.82984402606,16681.829953693,16681.829953693,16681.830651163,16681.844582718,0,COMPLETED,True,burst_2,23,0.10966694026137702,0.697470000886824,13.931555000453955,14.738691941602156
744,16681.832097922314,16681.832152318,16681.832152318,16681.832549267,16681.845784515,2,COMPLETED,True,burst_2,24,0.05439568485599011,0.3969490026065614,13.235247999546118,13.68659268700867
745,16681.83493716651,16681.835046394,16681.835046394,16681.835766453,16681.851775046,3,COMPLETED,True,burst_2,25,0.10922749061137438,0.7200590007414576,16.00859300015145,16.83787949150428
746,16681.836708437942,16681.836886671,16681.836886671,16681.837424865,16681.856614178,1,COMPLETED,True,burst_2,26,0.17823305825004354,0.5381939990911633,19.189312999515096,19.905740056856303
747,16681.84905384313,16681.849170946,16681.849170946,16681.849817496,16681.869155897,0,COMPLETED,True,burst_2,27,0.11710287071764469,0.6465500009653624,19.338400998094585,20.102053869777592
748,16681.85129721349,16681.851394171,16681.851394171,16681.852221284,16681.872347214,2,COMPLETED,True,burst_2,28,0.09695751214167103,0.827112999104429,20.12593000108609,21.05000051233219
749,16681.8546093215,16681.85474758,16681.85474758,16681.855231874,16681.869627387,3,COMPLETED,True,burst_2,29,0.13825849964632653,0.48429399976157583,14.395513000636129,15.018065500044031
750,16681.85750671235,16681.857650056,16681.857650056,16681.858194441,16681.87317609,1,COMPLETED,True,burst_2,30,0.1433436518709641,0.5443849986477289,14.981649001128972,15.669377651647665
751,16681.862399586815,16681.86251314,16681.86251314,16681.869737096,16681.884217869,0,COMPLETED,True,burst_2,31,0.1135531856562011,7.22395599950687,14.480772999377223,21.818282184540294
752,16681.870477916516,16681.870626285,16681.870626285,16681.871135144,16681.884646523,3,COMPLETED,True,burst_2,32,0.14836848276900128,0.5088590005470905,13.511379002011381,14.168606485327473
753,16681.887406087175,16681.887573851,16681.887573851,16681.887999758,16681.901377209,2,COMPLETED,True,burst_2,33,0.1677638247201685,0.42590700104483403,13.377450999541907,13.97112182530691
754,16681.895349943057,16681.895448924,16681.895448924,16681.896062321,16681.909727425,1,COMPLETED,True,burst_2,34,0.09898094140226021,0.6133970018709078,13.665104001120199,14.377481944393367
755,16681.906964993017,16681.907055709,16681.907055709,16681.907510937,16681.920884128,0,COMPLETED,True,burst_2,35,0.09071598469745368,0.45522799700847827,13.373191002756357,13.91913498446229
756,16681.90711621277,16681.907323956,16681.907323956,16681.907591624,16681.92113839,3,COMPLETED,True,burst_2,36,0.20774322911165655,0.267668001470156,13.546766000217758,14.02217723079957
757,16681.915893699002,16681.915982121,16681.915982121,16681.91647542,16681.930041765,2,COMPLETED,True,burst_2,37,0.08842199895298108,0.4932989977532998,13.566345001891023,14.148065998597303
758,16681.918448391392,16681.918547163,16681.918547163,16681.919146234,16681.932750577,1,COMPLETED,True,burst_2,38,0.09877160846372135,0.5990709978505038,13.604343002953101,14.302185609267326
759,16681.9220858307,16681.922243807,16681.922243807,16681.922905687,16681.94064568,0,COMPLETED,True,burst_2,39,0.15797629748703912,0.6618799998250324,17.739992999850074,18.559849297162145
760,16681.922142738462,16681.922363222,16681.922363222,16681.922901264,16681.936914182,3,COMPLETED,True,burst_2,40,0.22048353639547713,0.5380420006986242,14.01291799993487,14.771443537028972
761,16681.927204126416,16681.927312991,16681.927312991,16681.930443768,16681.94444514,2,COMPLETED,True,burst_2,41,0.10886458403547294,3.1307770004787017,14.001372001075651,17.241013585589826
762,16681.941486927255,16681.941645248,16681.941645248,16681.942321712,16681.956146082,1,COMPLETED,True,burst_2,42,0.15832074495847337,0.676463998388499,13.824370002112119,14.659154745459091
763,16681.94654480574,16681.946634111,16681.946634111,16681.94701072,16681.960323893,3,COMPLETED,True,burst_2,43,0.08930525655159727,0.3766090012504719,13.313172999914968,13.779087257717038
764,16681.953851721504,16681.953944862,16681.953944862,16681.954352685,16681.967732891,0,COMPLETED,True,burst_2,44,0.09314049748354591,0.4078229976585135,13.38020600087475,13.88116949601681
765,16681.958118166385,16681.95829923,16681.95829923,16681.958732985,16681.972575483,2,COMPLETED,True,burst_2,45,0.1810636131267529,0.4337550017226022,13.842497999576153,14.457316614425508
766,16681.958927044434,16681.959061407,16681.959061407,16681.95954699,16681.973428445,1,COMPLETED,True,burst_2,46,0.13436256631393917,0.48558300113654695,13.881454997317633,14.501400564768119
767,16681.962500503934,16681.962601831,16681.962601831,16681.963184708,16681.976736779,3,COMPLETED,True,burst_2,47,0.10132706665899605,0.5828770008520223,13.552070999139687,14.236275066650705
768,16681.967807068922,16681.967999026,16681.967999026,16681.968807643,16681.982408854,0,COMPLETED,True,burst_2,48,0.19195707864128053,0.8086169982561842,13.601211001514457,14.601785078411922
769,16681.977072899732,16681.977283121,16681.977283121,16681.977761096,16681.991135474,2,COMPLETED,True,burst_2,49,0.21022126747993752,0.47797500155866146,13.374377998843556,14.062574267882155
770,16681.978308644444,16681.978405526,16681.978405526,16681.97884062,16681.996935939,1,COMPLETED,True,burst_2,50,0.09688155478215776,0.43509399984031916,18.09531900289585,18.627294557518326
771,16681.994813380064,16681.994905819,16681.994905819,16681.995338917,16682.008697623,3,COMPLETED,True,burst_2,51,0.09243893509847112,0.43309800093993545,13.35870600087219,13.884242936910596
772,16682.007814001332,16682.007910808,16682.007910808,16682.008389252,16682.021747615,0,COMPLETED,True,burst_2,52,0.09680666698841378,0.4784440025105141,13.358362997678341,13.93361366717727
773,16682.01081568796,16682.01093088,16682.01093088,16682.011271405,16682.024666815,2,COMPLETED,True,burst_2,53,0.115192036901135,0.3405250026844442,13.395409998338437,13.851127037924016
774,16682.012842949545,16682.01294759,16682.01294759,16682.013238494,16682.026767804,1,COMPLETED,True,burst_2,54,0.10464045408298261,0.29090400130371563,13.529309999285033,13.924854454671731
775,16682.026807870552,16682.026919383,16682.026919383,16682.027396514,16682.040816532,3,COMPLETED,True,burst_2,55,0.11151244689244777,0.4771310013893526,13.420018000033451,14.008661448315252
776,16682.030609587677,16682.030698389,16682.030698389,16682.031091039,16682.044950021,0,COMPLETED,True,burst_2,56,0.08880132372723892,0.3926499994122423,13.85898200169322,14.340433324832702
777,16682.032312464256,16682.032406107,16682.032406107,16682.032904633,16682.051424665,2,COMPLETED,True,burst_2,57,0.09364274228573777,0.49852600204758346,18.520031997468323,19.112200741801644
778,16682.033454912926,16682.033614795,16682.033614795,16682.034246724,16682.053754906,1,COMPLETED,True,burst_2,58,0.15988207451300696,0.6319290005194489,19.508181998389773,20.29999307342223
779,16682.04090224197,16682.041071206,16682.041071206,16682.041789235,16682.055432265,3,COMPLETED,True,burst_2,59,0.1689640303084161,0.7180290012911428,13.643029997183476,14.530023028783035
780,16682.055604621055,16682.055716676,16682.055716676,16682.056158842,16682.069540484,0,COMPLETED,True,burst_2,60,0.11205494593014009,0.4421659978106618,13.38164200205938,13.935862945800181
781,16682.06379129058,16682.063887921,16682.063887921,16682.064286693,16682.077843997,2,COMPLETED,True,burst_2,61,0.09663041782914661,0.3987720010627527,13.557304002461024,14.052706421352923
782,16682.11710259217,16682.117244236,16682.117244236,16682.117961601,16682.133367934,1,COMPLETED,True,baseline_3,62,0.14164383173920214,0.7173650010372512,15.406332997372374,16.265341830148827
783,16682.12915072768,16682.129296389,16682.129296389,16682.130324472,16682.149657754,3,COMPLETED,True,baseline_3,63,0.14566132085747086,1.0280829992552754,19.333281998115126,20.507026318227872
784,16682.141961159377,16682.142213621,16682.142213621,16682.143170426,16682.164265522,0,COMPLETED,True,baseline_3,64,0.252461621130351,0.9568050008965656,21.095095999044133,22.30436262107105
785,16682.19448438145,16682.194654892,16682.194654892,16682.195717262,16682.216251649,2,COMPLETED,True,baseline_3,65,0.17051054965122603,1.062369999999646,20.53438700022525,21.767267549876124
786,16682.252499868322,16682.252650462,16682.252650462,16682.253409932,16682.271413408,1,COMPLETED,True,baseline_3,66,0.15059367797221057,0.759470000048168,18.00347600146779,18.913539679488167
787,16682.264334494605,16682.264497444,16682.264497444,16682.265414489,16682.28517432,3,COMPLETED,True,baseline_3,67,0.16294939632643946,0.9170449993689544,19.759831000556005,20.8398253962514
788,16682.270657121917,16682.270907623,16682.270907623,16682.27145538,16682.28957609,0,COMPLETED,True,baseline_3,68,0.2505010816094,0.5477570011862554,18.120709999493556,18.91896808228921
789,16682.292037433977,16682.292229753,16682.292229753,16682.292921718,16682.306350043,2,COMPLETED,True,baseline_3,69,0.1923190211527981,0.6919650004419964,13.428325000859331,14.312609022454126
790,16682.29649851287,16682.296644483,16682.296644483,16682.297377197,16682.310932876,1,COMPLETED,True,baseline_3,70,0.14597013068851084,0.7327139974222519,13.555679001001408,14.434363129112171
791,16682.31497940768,16682.31508237,16682.31508237,16682.315973412,16682.334529437,3,COMPLETED,True,baseline_3,71,0.10296231994288974,0.8910420001484454,18.55602499927045,19.550029319361784
792,16682.323770449602,16682.323862113,16682.323862113,16682.324429824,16682.343820584,0,COMPLETED,True,baseline_3,72,0.09166339805233292,0.5677109984389972,19.39076000053319,20.05013439702452
793,16682.349309600024,16682.349413716,16682.349413716,16682.350009422,16682.364300413,2,COMPLETED,True,baseline_3,73,0.10411597759230062,0.595705998421181,14.290990999143105,14.990812975156587
794,16682.42756438298,16682.427623064,16682.427623064,16682.428598752,16682.446949689,1,COMPLETED,True,baseline_3,74,0.05868102016393095,0.9756880026543513,18.35093699992285,19.385306022741133
795,16682.47281244042,16682.472974263,16682.472974263,16682.473893204,16682.494332138,3,COMPLETED,True,baseline_3,75,0.1618225796846673,0.9189410011458676,20.438933999685105,21.51969758051564
796,16682.52705511128,16682.52722352,16682.52722352,16682.528072105,16682.544629484,0,COMPLETED,True,baseline_3,76,0.1684087183093652,0.8485850012220908,16.557379000005312,17.57437271953677
797,16682.538515733202,16682.538676422,16682.538676422,16682.539720905,16682.559351935,2,COMPLETED,True,baseline_3,77,0.16068879631347954,1.0444830004416872,19.631030001619365,20.836201798374532
798,16682.54685261563,16682.547103738,16682.547103738,16682.547919943,16682.566278072,1,COMPLETED,True,baseline_3,78,0.2511223719920963,0.8162049998645671,18.358129000262124,19.425456372118788
799,16682.576414538475,16682.576570235,16682.576570235,16682.577315444,16682.594893395,3,COMPLETED,True,baseline_3,79,0.15569652532576583,0.745208999433089,17.577950999111636,18.47885652387049
800,16682.57648566556,16682.576694509,16682.576694509,16682.577545007,16682.595228542,0,COMPLETED,True,baseline_3,80,0.20884344121441245,0.8504979996359907,17.683534999378026,18.74287644022843
801,16682.594134529245,16682.594291896,16682.594291896,16682.595011852,16682.613122419,2,COMPLETED,True,baseline_3,81,0.1573667541379109,0.7199560022854712,18.110566998075228,18.98788975449861
802,16682.65468066218,16682.654818192,16682.654818192,16682.65571414,16682.672792234,1,COMPLETED,True,baseline_3,82,0.13752981976722367,0.8959480001067277,17.078093998861732,18.111571818735683
803,16682.6736619405,16682.673756765,16682.673756765,16682.674601107,16682.694564102,3,COMPLETED,True,baseline_3,83,0.09482450332143344,0.8443419974355493,19.96299500024179,20.902161500998773
804,16682.67376611284,16682.673809285,16682.673809285,16682.674619003,16682.687813441,0,COMPLETED,True,baseline_3,84,0.043172160076210275,0.8097179998003412,13.194438000937225,14.047328160813777
805,16682.704260654766,16682.704512775,16682.704512775,16682.705387022,16682.72317779,2,COMPLETED,True,baseline_3,85,0.2521202331990935,0.8742470017750748,17.79076800085022,18.91713523582439
806,16682.727379146785,16682.727465059,16682.727465059,16682.728313694,16682.743665098,1,COMPLETED,True,baseline_3,86,0.08591221558162943,0.8486349979648367,15.351404003013158,16.285951216559624
807,16682.740399586433,16682.740483225,16682.740483225,16682.7411942,16682.760249608,0,COMPLETED,True,baseline_3,87,0.08363856613868847,0.7109750004019588,19.05540799998562,19.850021566526266
808,16682.75522637871,16682.7554859,16682.7554859,16682.75618361,16682.769708839,3,COMPLETED,True,baseline_3,88,0.2595212899905164,0.6977099983487278,13.525229001970729,14.482460290309973
809,16682.770595146703,16682.770852028,16682.770852028,16682.771545089,16682.784820383,2,COMPLETED,True,baseline_3,89,0.2568812960817013,0.6930609997652937,13.275294000777649,14.225236296624644
810,16682.88784431922,16682.888083917,16682.888083917,16682.889221333,16682.909543123,1,COMPLETED,True,baseline_3,90,0.2395977826381568,1.137415998528013,20.321790001617046,21.698803782783216
811,16682.89796898579,16682.898221591,16682.898221591,16682.899260361,16682.919420231,0,COMPLETED,True,baseline_3,91,0.2526052085158881,1.0387699985585641,20.159870000497904,21.451245207572356
812,16682.90854943541,16682.908816744,16682.908816744,16682.909837373,16682.930307256,3,COMPLETED,True,baseline_3,92,0.2673085873539094,1.0206290025962517,20.46988299844088,21.75782058839104
813,16682.916070086783,16682.916225531,16682.916225531,16682.917153873,16682.93190829,1,COMPLETED,True,baseline_3,93,0.1554442169435788,0.9283420004067011,14.754416999494424,15.838203216844704
814,16682.927274403628,16682.927477028,16682.927477028,16682.92845811,16682.947572298,2,COMPLETED,True,baseline_3,94,0.20262437101337127,0.9810820010898169,19.114187998638954,20.297894370742142
815,16682.96390780555,16682.964068737,16682.964068737,16682.96467635,16682.977422035,0,COMPLETED,True,baseline_3,95,0.16093144949991256,0.6076129975554068,12.745685002300888,13.514229449356208
816,16683.029034617655,16683.029193149,16683.029193149,16683.030258205,16683.048988477,3,COMPLETED,True,baseline_3,96,0.1585313439136371,1.0650559997884557,18.730272000539117,19.95385934424121
817,16683.050096022744,16683.050206594,16683.050206594,16683.050958512,16683.07075481,1,COMPLETED,True,baseline_3,97,0.11057125811930746,0.7519179998780601,19.796297998254886,20.658787256252253
818,16683.051033096464,16683.051124943,16683.051124943,16683.051687052,16683.067915925,2,COMPLETED,True,baseline_3,98,0.09184653390548192,0.5621090022032149,16.228872998908628,16.882828535017325
819,16683.05434300668,16683.054472891,16683.054472891,16683.055182132,16683.074603386,0,COMPLETED,True,baseline_3,99,0.12988431990379468,0.7092410014593042,19.421254000917543,20.26037932228064
820,16683.06315809867,16683.063334119,16683.063334119,16683.064150237,16683.080643373,3,COMPLETED,True,baseline_3,100,0.17602033040020615,0.8161180012393743,16.4931359977345,17.48527432937408
821,16683.118525142214,16683.118666809,16683.118666809,16683.119271367,16683.134397052,2,COMPLETED,True,baseline_3,101,0.1416667873854749,0.6045579975761939,15.125685000384692,15.87190978534636
822,16683.13568261646,16683.135822387,16683.135822387,16683.136456811,16683.151244686,1,COMPLETED,True,baseline_3,102,0.13977054186398163,0.6344239991449285,14.787874999456108,15.562069540465018
823,16683.163823287487,16683.163948962,16683.163948962,16683.164610825,16683.180479588,0,COMPLETED,True,baseline_3,103,0.12567451267386787,0.6618629995500669,15.868763002799824,16.65630051502376
824,16683.16426793615,16683.164424989,16683.164424989,16683.164777518,16683.180123596,3,COMPLETED,True,baseline_3,104,0.157052851136541,0.35252899760962464,15.346078002039576,15.855659850785742
825,16683.189786813582,16683.189943214,16683.189943214,16683.190895166,16683.206567477,2,COMPLETED,True,baseline_3,105,0.15640041965525597,0.951951999013545,15.672310997615568,16.78066341628437
826,16683.207480291818,16683.207611286,16683.207611286,16683.208252215,16683.222514135,1,COMPLETED,True,baseline_3,106,0.1309941835643258,0.6409289999282919,14.261919997807126,15.033843181299744
827,16683.235143550966,16683.235233528,16683.235233528,16683.235723468,16683.249854101,3,COMPLETED,True,baseline_3,107,0.0899770348041784,0.4899399973510299,14.130633000604575,14.710550032759784
828,16683.290784897217,16683.290934543,16683.290934543,16683.29180994,16683.306638123,0,COMPLETED,True,baseline_3,108,0.1496457844041288,0.8753969996178057,14.828182997007389,15.853225781029323
829,16683.303490046732,16683.303699008,16683.303699008,16683.304599311,16683.320629738,2,COMPLETED,True,baseline_3,109,0.20896126807201654,0.9003029990708455,16.03042699935031,17.139691266493173
830,16683.3358895908,16683.33598247,16683.33598247,16683.336503879,16683.350227395,1,COMPLETED,True,baseline_3,110,0.09287919965572655,0.5214090015215334,13.723516000027303,14.337804201204563
831,16683.342055581892,16683.342197255,16683.342197255,16683.342680846,16683.357247398,3,COMPLETED,True,baseline_3,111,0.1416731065546628,0.48359100037487224,14.566551999450894,15.19181610638043
832,16683.344649030925,16683.344752573,16683.344752573,16683.345192167,16683.358972813,0,COMPLETED,True,baseline_3,112,0.10354207552154548,0.43959399772575125,13.78064600066864,14.323782073915936
833,16683.38668336404,16683.386814451,16683.386814451,16683.387439936,16683.401051565,2,COMPLETED,True,baseline_3,113,0.13108696293784305,0.625484997726744,13.611629001388792,14.368200962053379
834,16683.399960719173,16683.400059687,16683.400059687,16683.400579142,16683.414172927,1,COMPLETED,True,baseline_3,114,0.09896782648866065,0.5194549994484987,13.593785002740333,14.212207828677492
835,16683.406564944755,16683.40665361,16683.40665361,16683.40727439,16683.421007351,3,COMPLETED,True,baseline_3,115,0.08866524512995966,0.6207799997355323,13.732961000641808,14.4424062455073
836,16683.429860205448,16683.429957298,16683.429957298,16683.430815285,16683.449204671,0,COMPLETED,True,baseline_3,116,0.09709255391499028,0.8579869972891174,18.389386001217645,19.344465552421752
837,16683.49831372882,16683.498477444,16683.498477444,16683.499346605,16683.519391637,2,COMPLETED,True,baseline_3,117,0.16371517995139584,0.8691609982633963,20.04503200078034,21.07790817899513
838,16683.565758728393,16683.56594959,16683.56594959,16683.566791146,16683.580301281,1,COMPLETED,True,baseline_3,118,0.19086160682491027,0.8415560005232692,13.510134998796275,14.542552606144454
839,16683.579120386858,16683.579278081,16683.579278081,16683.580243397,16683.599952723,3,COMPLETED,True,baseline_3,119,0.1576941431267187,0.9653159977460746,19.709326003066963,20.832336143939756
840,16683.614394427375,16683.614436861,16683.614436861,16683.615460608,16683.632480821,0,COMPLETED,True,baseline_3,0,0.04243362491251901,1.023747001454467,17.02021299934131,18.086393625708297
841,16683.624262506764,16683.624396239,16683.624396239,16683.625159416,16683.643172742,2,COMPLETED,True,baseline_3,1,0.13373223555390723,0.7631769985891879,18.013326000072993,18.91023523421609
842,16683.64157906038,16683.641732141,16683.641732141,16683.642472582,16683.655937516,1,COMPLETED,True,baseline_3,2,0.1530806221126113,0.7404409989248961,13.46493399978499,14.358455620822497
843,16683.65606666193,16683.656250019,16683.656250019,16683.656767634,16683.670065466,3,COMPLETED,True,baseline_3,3,0.18335707136429846,0.5176149970793631,13.297832003445365,13.998804071889026
844,16683.685100715364,16683.685211772,16683.685211772,16683.68598701,16683.700605855,0,COMPLETED,True,baseline_3,4,0.11105663725174963,0.7752380006422754,14.618844998040004,15.505139635934029
845,16683.695081931684,16683.695264006,16683.695264006,16683.696069557,16683.715713036,2,COMPLETED,True,baseline_3,5,0.18207431639893912,0.8055510006670374,19.643478997750208,20.631104314816184
846,16683.78868328265,16683.788874265,16683.788874265,16683.789739779,16683.808328897,1,COMPLETED,True,baseline_3,6,0.19098234770353884,0.8655140009068418,18.589118000818416,19.645614349428797
847,16683.801876937712,16683.802133908,16683.802133908,16683.803196988,16683.823109149,3,COMPLETED,True,baseline_3,7,0.25697028831928037,1.0630799988575745,19.912161002139328,21.232211289316183
848,16683.81140616672,16683.811566592,16683.811566592,16683.812513053,16683.831222813,0,COMPLETED,True,baseline_3,8,0.16042528295656666,0.9464609975111671,18.709760002820985,19.81664628328872
849,16683.85068364046,16683.850894017,16683.850894017,16683.851949919,16683.871088429,2,COMPLETED,True,baseline_3,9,0.210376540053403,1.0559020010987297,19.13851000063005,20.40478854178218
850,16683.853386243998,16683.853550809,16683.853550809,16683.854422752,16683.875410961,1,COMPLETED,True,baseline_3,10,0.16456500088679604,0.8719430006749462,20.9882090020983,22.024717003660044
851,16683.858093522504,16683.85824239,16683.85824239,16683.85879805,16683.872647577,3,COMPLETED,True,baseline_3,11,0.14886749704601243,0.5556600008276291,13.849527000274975,14.554054498148616
852,16683.86154926969,16683.86169573,16683.86169573,16683.86242527,16683.881916884,0,COMPLETED,True,baseline_3,12,0.14646030831499957,0.729539999156259,19.49161399898003,20.367614306451287
853,16683.86383406175,16683.864074534,16683.864074534,16683.871310175,16683.885900632,2,COMPLETED,True,baseline_3,13,0.24047225087997504,7.235640998260351,14.590457001759205,22.06657025089953
854,16683.900092012755,16683.900220827,16683.900220827,16683.900794682,16683.914497018,3,COMPLETED,True,baseline_3,14,0.12881424481747672,0.573854998947354,13.702336000278592,14.405005244043423
855,16683.924360110068,16683.924452145,16683.924452145,16683.924929158,16683.938685286,1,COMPLETED,True,baseline_3,15,0.09203493027598597,0.4770130035467446,13.756127998931333,14.325175932754064
856,16683.935891549092,16683.935985802,16683.935985802,16683.936665089,16683.954867051,0,COMPLETED,True,baseline_3,16,0.094252907729242,0.6792870008212049,18.20196200060309,18.975501909153536
857,16683.941250342297,16683.941342546,16683.941342546,16683.942037731,16683.961231596,2,COMPLETED,True,baseline_3,17,0.09220370338880457,0.6951850009500049,19.193864998669596,19.981253703008406
858,16683.967158167707,16683.967246218,16683.967246218,16683.967879477,16683.981826348,3,COMPLETED,True,baseline_3,18,0.0880502921063453,0.6332590019155759,13.946871000371175,14.668180294393096
859,16684.004645388868,16684.004889172,16684.004889172,16684.0055378,16684.018536491,1,COMPLETED,True,baseline_3,19,0.24378313173656352,0.648627999908058,12.998690999665996,13.891102131310618
860,16684.075366896952,16684.075425772,16684.075425772,16684.07632076,16684.093487238,0,COMPLETED,True,baseline_3,20,0.05887504812562838,0.8949879993451759,17.166477999126073,18.120341046596877
861,16684.10193644456,16684.102056064,16684.102056064,16684.102829025,16684.115737584,2,COMPLETED,True,baseline_3,21,0.11961943891947158,0.7729610006208532,12.90855900151655,13.801139441056876
862,16684.13175089607,16684.131900906,16684.131900906,16684.132871706,16684.152447079,3,COMPLETED,True,baseline_3,22,0.15000992789282463,0.9707999997772276,19.575373000407126,20.696182928077178
863,16684.149601488,16684.149773254,16684.149773254,16684.150658294,16684.16469668,1,COMPLETED,True,baseline_3,23,0.17176600158563815,0.8850399972288869,14.038386001629988,15.095192000444513
864,16684.156058288765,16684.156188612,16684.156188612,16684.157047879,16684.176462439,0,COMPLETED,True,baseline_3,24,0.13032323477091268,0.8592670019424986,19.414559999859193,20.404150236572605
865,16684.16152747833,16684.161658991,16684.161658991,16684.162307744,16684.176306689,2,COMPLETED,True,baseline_3,25,0.1315126719418913,0.6487530008598696,13.998944999912055,14.779210672713816
866,16684.18437018316,16684.184477275,16684.184477275,16684.185131757,16684.198767216,3,COMPLETED,True,baseline_3,26,0.10709184061852284,0.6544819989358075,13.635458999488037,14.397032839042367
867,16684.224496822877,16684.224611788,16684.224611788,16684.225363911,16684.238805439,1,COMPLETED,True,baseline_3,27,0.11496512161102146,0.7521229999838397,13.441528000839753,14.308616122434614
868,16684.24084580604,16684.240994323,16684.240994323,16684.24160874,16684.256616343,0,COMPLETED,True,baseline_3,28,0.1485169595980551,0.6144170001789462,15.00760299677495,15.77053695655195
869,16684.24125119795,16684.241454794,16684.241454794,16684.241916254,16684.259238204,2,COMPLETED,True,baseline_3,29,0.20359604968689382,0.46146000022417866,17.3219499993138,17.987006049224874
870,16684.246354262556,16684.246470759,16684.246470759,16684.247205814,16684.263629232,3,COMPLETED,True,baseline_3,30,0.11649644511635415,0.7350550004048273,16.42341799743008,17.27496944295126
871,16684.302035519937,16684.30217691,16684.30217691,16684.302742163,16684.316728349,1,COMPLETED,True,baseline_3,31,0.14139006452751346,0.5652529980579857,13.986186000693124,14.692829063278623
872,16684.31533661689,16684.315425427,16684.315425427,16684.315897098,16684.329718748,0,COMPLETED,True,baseline_3,32,0.08881010944605805,0.4716709991043899,13.821649998135399,14.382131106685847
873,16684.410684800907,16684.410928276,16684.410928276,16684.411953093,16684.431933007,2,COMPLETED,True,baseline_3,33,0.24347509315703064,1.02481700014323,19.9799139991228,21.24820609242306
874,16684.417057428698,16684.417315655,16684.417315655,16684.41834264,16684.438016853,3,COMPLETED,True,baseline_3,34,0.2582263005024288,1.026985002681613,19.67421299923444,20.959424302418483
875,16684.419510017862,16684.419716379,16684.419716379,16684.420758431,16684.438871402,1,COMPLETED,True,baseline_3,35,0.20636113913496956,1.042051997501403,18.112970999936806,19.36138413657318
876,16684.43271427823,16684.432891406,16684.432891406,16684.433975317,16684.454174976,0,COMPLETED,True,baseline_3,36,0.17712776752887294,1.0839110000233632,20.199659000354586,21.460697767906822
877,16684.45339919719,16684.453564299,16684.453564299,16684.454522755,16684.467872207,2,COMPLETED,True,baseline_3,37,0.16510181012563407,0.9584559993527364,13.349451997783035,14.473009807261406
878,16684.469102550378,16684.469251816,16684.469251816,16684.470045235,16684.483352241,3,COMPLETED,True,baseline_3,38,0.14926562289474532,0.7934189998195507,13.307006000104593,14.249690622818889
879,16684.486887190986,16684.487043794,16684.487043794,16684.487788704,16684.501383639,1,COMPLETED,True,baseline_3,39,0.1566030150570441,0.744909997592913,13.594935000583064,14.496448013233021
880,16684.4937686673,16684.493870509,16684.493870509,16684.495067691,16684.513868702,0,COMPLETED,True,baseline_3,40,0.10184169877902605,1.1971820022154134,18.801010999595746,20.100034700590186
881,16684.49887447325,16684.499035597,16684.499035597,16684.499839073,16684.518275215,2,COMPLETED,True,baseline_3,41,0.16112374942167662,0.8034759994188789,18.43614199970034,19.400741748540895
882,16684.5252163161,16684.525311684,16684.525311684,16684.526039288,16684.545718287,3,COMPLETED,True,baseline_3,42,0.09536790093989111,0.7276040014403407,19.678999000461772,20.501970902842004
883,16684.542297349417,16684.5424482,16684.5424482,16684.543050268,16684.561167433,1,COMPLETED,True,baseline_3,43,0.15085058475960977,0.6020679975335952,18.117165000148816,18.87008358244202
884,16684.546192386344,16684.54646167,16684.54646167,16684.546958816,16684.560308488,0,COMPLETED,True,baseline_3,44,0.2692836569622159,0.49714600027073175,13.349671997275436,14.116101654508384
885,16684.596593324302,16684.596688597,16684.596688597,16684.597606552,16684.616027926,2,COMPLETED,True,baseline_3,45,0.09527269867248833,0.9179549997497816,18.421373999444768,19.434601697867038
886,16684.599332892165,16684.599483517,16684.599483517,16684.599956091,16684.617987986,3,COMPLETED,True,baseline_3,46,0.1506248336227145,0.4725740000139922,18.03189500060398,18.655093834240688
887,16684.60376812864,16684.603811039,16684.603811039,16684.604252713,16684.61848085,0,COMPLETED,True,baseline_3,47,0.042910360207315534,0.4416740011947695,14.228136999008711,14.712721360410796
888,16684.60826422825,16684.608370014,16684.608370014,16684.608919585,16684.625408858,1,COMPLETED,True,baseline_3,48,0.1057857516570948,0.5495709992828779,16.48927299902425,17.144629749964224
889,16684.629407866778,16684.629457107,16684.629457107,16684.629988589,16684.643045252,2,COMPLETED,True,baseline_3,49,0.04924022141494788,0.5314820009516552,13.056662999588298,13.6373852219549
890,16684.675303297903,16684.67539611,16684.67539611,16684.676126772,16684.694937946,3,COMPLETED,True,baseline_3,50,0.09281209713662975,0.7306619991140906,18.811173998983577,19.634648095234297
891,16684.683984365314,16684.684067576,16684.684067576,16684.684836828,16684.702621298,0,COMPLETED,True,baseline_3,51,0.08321068526129238,0.7692520011914894,17.78447000106098,18.636932687513763
892,16684.725227718638,16684.72542981,16684.72542981,16684.726168441,16684.740579816,1,COMPLETED,True,baseline_3,52,0.20209136346238665,0.7386309989669826,14.411374999326654,15.352097361756023
893,16684.773411962604,16684.773503348,16684.773503348,16684.774397024,16684.792310454,2,COMPLETED,True,baseline_3,53,0.0913853946258314,0.8936760023061652,17.913429997861385,18.898491394793382
894,16684.787620009065,16684.787708233,16684.787708233,16684.788578553,16684.802712927,3,COMPLETED,True,baseline_3,54,0.08822393647278659,0.8703200001036748,14.134373999695526,15.092917936271988
895,16684.8108203007,16684.810962202,16684.810962202,16684.811862649,16684.830427111,0,COMPLETED,True,baseline_3,55,0.14190129877533764,0.9004470011859667,18.56446199963102,19.606810299592325
896,16684.880111901162,16684.880213552,16684.880213552,16684.881026276,16684.899654741,1,COMPLETED,True,baseline_3,56,0.1016508394968696,0.8127239998430014,18.628464997163974,19.542839836503845
897,16684.891815057454,16684.891920137,16684.891920137,16684.892800585,16684.911859411,2,COMPLETED,True,baseline_3,57,0.10507954721106216,0.8804479984974023,19.058826001128182,20.044353546836646
898,16684.928709559368,16684.928962513,16684.928962513,16684.929908408,16684.948185156,3,COMPLETED,True,baseline_3,58,0.2529536322981585,0.9458950007683598,18.27674800006207,19.47559663312859
899,16684.94464351822,16684.94480629,16684.94480629,16684.945618058,16684.963029728,0,COMPLETED,True,baseline_3,59,0.16277177928714082,0.8117679972201586,17.411670000001322,18.386209776508622
900,16684.949603105248,16684.949693309,16684.949693309,16684.95033193,16684.964125641,1,COMPLETED,True,baseline_3,60,0.09020375364343636,0.6386209970514756,13.793711001198972,14.522535751893884
901,16684.958934406994,16684.959182404,16684.959182404,16684.960175164,16684.979569077,2,COMPLETED,True,baseline_3,61,0.24799700622679666,0.9927600003720727,19.39391300038551,20.63467000698438
902,16685.041664325738,16685.041781858,16685.041781858,16685.042573407,16685.062735715,3,COMPLETED,True,baseline_3,62,0.11753226135624573,0.7915490023151506,20.162307999271434,21.07138926294283
903,16685.043095353732,16685.043232621,16685.043232621,16685.043643913,16685.05846852,0,COMPLETED,True,baseline_3,63,0.13726726683671586,0.4112919996259734,14.824607002083212,15.373166268545901
904,16685.047422087373,16685.047525029,16685.047525029,16685.048187947,16685.066869501,1,COMPLETED,True,baseline_3,64,0.102941627119435,0.6629179988522083,18.68155400006799,19.447413626039634
905,16685.048952794332,16685.049131002,16685.049131002,16685.049809898,16685.068963794,2,COMPLETED,True,baseline_3,65,0.17820766879594885,0.6788959981349763,19.153896002535475,20.0109996694664
906,16685.05516990249,16685.055376804,16685.055376804,16685.058682487,16685.072882967,0,COMPLETED,True,baseline_3,66,0.20690150995505974,3.3056829997804016,14.200479999999516,17.713064509734977
907,16685.109135377756,16685.109231788,16685.109231788,16685.109739731,16685.12351241,3,COMPLETED,True,baseline_3,67,0.09641024371376261,0.5079430011392105,13.772678998066112,14.377032242919086
908,16685.138323110354,16685.13842473,16685.13842473,16685.139040998,16685.152654454,1,COMPLETED,True,baseline_3,68,0.10161964746657759,0.6162680001580156,13.613455997983692,14.331343645608285
909,16685.17944336689,16685.179629248,16685.179629248,16685.180723745,16685.19907994,2,COMPLETED,True,baseline_3,69,0.1858811083366163,1.0944970017590094,18.35619499979657,19.636573109892197
910,16685.255804527314,16685.256134017,16685.256134017,16685.257041826,16685.277277342,0,COMPLETED,True,baseline_3,70,0.32948968510027044,0.9078090006369166,20.235515999956988,21.472814685694175
911,16685.280220513312,16685.280358182,16685.280358182,16685.281478271,16685.30105124,3,COMPLETED,True,baseline_3,71,0.13766868869424798,1.1200890003237873,19.572968998545548,20.830726687563583
912,16685.29955734352,16685.299733868,16685.299733868,16685.300636858,16685.3189194,1,COMPLETED,True,baseline_3,72,0.17652448150329292,0.9029899993038271,18.282542001543334,19.362056482350454
913,16685.338433581896,16685.338572573,16685.338572573,16685.339472467,16685.358114007,2,COMPLETED,True,baseline_3,73,0.13899110490456223,0.8998939993034583,18.641539998498047,19.680425102706067
914,16685.39460132035,16685.394723473,16685.394723473,16685.395553627,16685.414279082,0,COMPLETED,True,baseline_3,74,0.1221526508743409,0.8301540001411922,18.72545500009437,19.677761651109904
915,16685.46882572699,16685.469039978,16685.469039978,16685.470070802,16685.490338277,3,COMPLETED,True,baseline_3,75,0.21425100931082852,1.0308239980076905,20.26747499985504,21.51255000717356
916,16685.469515305333,16685.46970407,16685.46970407,16685.470242285,16685.488487064,1,COMPLETED,True,baseline_3,76,0.188764668564545,0.5382149975048378,18.244779002998257,18.97175866906764
917,16685.483663636813,16685.483810962,16685.483810962,16685.48475311,16685.504457243,2,COMPLETED,True,baseline_3,77,0.14732518684468232,0.9421479990123771,19.70413300296059,20.793606188817648
918,16685.50165161117,16685.501820767,16685.501820767,16685.502630021,16685.520715514,0,COMPLETED,True,baseline_3,78,0.1691558318270836,0.8092540010693483,18.085493000398856,19.063902833295288
919,16685.55163449698,16685.551783413,16685.551783413,16685.552362254,16685.565574684,1,COMPLETED,True,baseline_3,79,0.14891602040734142,0.5788409980596043,13.212429999839514,13.94018701830646
920,16685.57628865334,16685.576431319,16685.576431319,16685.57717467,16685.595792057,3,COMPLETED,True,baseline_3,80,0.14266565995058045,0.7433509999827947,18.617386998812435,19.50340365874581
921,16685.637653754657,16685.637819081,16685.637819081,16685.638868763,16685.658685443,2,COMPLETED,True,baseline_3,81,0.16532634253962897,1.0496819995751139,19.816680000076303,21.031688342191046
922,16685.6509292041,16685.651067229,16685.651067229,16685.651911695,16685.671125292,0,COMPLETED,True,baseline_3,82,0.13802489775116555,0.8444660015811678,19.213596999179572,20.196087898511905
923,16685.756096434478,16685.75639177,16685.75639177,16685.757380335,16685.777897278,1,COMPLETED,True,baseline_3,83,0.29533552151406184,0.9885649997158907,20.51694300098461,21.800843522214564
924,16685.77782867092,16685.778035558,16685.778035558,16685.779138237,16685.799514976,3,COMPLETED,True,baseline_3,84,0.206887078093132,1.1026790016330779,20.376738997583743,21.686305077309953
925,16685.79739202691,16685.797546994,16685.797546994,16685.798468422,16685.817978652,2,COMPLETED,True,baseline_3,85,0.1549670887470711,0.9214279998559505,19.510230002197204,20.586625090800226
926,16685.80023008843,16685.800393543,16685.800393543,16685.801155527,16685.819743054,0,COMPLETED,True,baseline_3,86,0.16345456970157102,0.7619839998369571,18.587526999908732,19.51296556944726
927,16685.820537753043,16685.82070374,16685.82070374,16685.821404753,16685.838929815,1,COMPLETED,True,baseline_3,87,0.16598695583525114,0.7010129993432201,17.525062001368497,18.392061956546968
928,16685.825057859227,16685.825224756,16685.825224756,16685.825956362,16685.845408525,3,COMPLETED,True,baseline_3,88,0.1668967743171379,0.7316060000448488,19.452163000096334,20.35066577445832
929,16685.825763162004,16685.826017514,16685.826017514,16685.82668882,16685.846161103,2,COMPLETED,True,baseline_3,89,0.2543519949540496,0.6713060029142071,19.472282998322044,20.3979409961903
930,16685.83730911851,16685.837424769,16685.837424769,16685.837989869,16685.85109922,0,COMPLETED,True,baseline_3,90,0.11565049135242589,0.5650999992212746,13.109350999002345,13.790101489576045
931,16685.872386499235,16685.872529736,16685.872529736,16685.873326267,16685.887948101,1,COMPLETED,True,baseline_3,91,0.14323676441563293,0.7965309996507131,14.621834001445677,15.561601765512023
932,16685.88504081019,16685.885188252,16685.885188252,16685.886045316,16685.901200108,3,COMPLETED,True,baseline_3,92,0.14744180953130126,0.8570640020479914,15.154791999520967,16.15929781110026
933,16685.904018149096,16685.904282212,16685.904282212,16685.905160308,16685.919836362,2,COMPLETED,True,baseline_3,93,0.2640629027155228,0.8780960015428718,14.676054001029115,15.81821290528751
934,16685.912799756254,16685.912946021,16685.912946021,16685.913892138,16685.933303429,0,COMPLETED,True,baseline_3,94,0.14626474512624554,0.9461170011491049,19.411290999414632,20.503672745689983
935,16685.952192528017,16685.952334492,16685.952334492,16685.953073927,16685.969564955,1,COMPLETED,True,baseline_3,95,0.14196398478816263,0.7394349995593075,16.49102800001856,17.37242698436603
936,16685.99679090548,16685.996934613,16685.996934613,16685.997930033,16686.017254309,3,COMPLETED,True,baseline_3,96,0.1437075188732706,0.9954200031643268,19.32427599967923,20.463403521716828
937,16686.004030186636,16686.00416533,16686.00416533,16686.004998923,16686.024398013,2,COMPLETED,True,baseline_3,97,0.13514336387743242,0.8335929996974301,19.39909000066109,20.367826364235952
938,16686.004754550857,16686.00494085,16686.00494085,16686.005776264,16686.025254162,0,COMPLETED,True,baseline_3,98,0.1862991448433604,0.8354139972652774,19.47789800033206,20.4996111424407
939,16686.051104620565,16686.051230896,16686.051230896,16686.052252019,16686.071561343,1,COMPLETED,True,baseline_3,99,0.12627543401322328,1.0211230001004878,19.309324001369532,20.456722435483243
940,16686.087644859854,16686.087815231,16686.087815231,16686.088718656,16686.102016796,3,COMPLETED,True,baseline_3,100,0.17037114594131708,0.9034249997057486,13.29814000200713,14.371936147654196
941,16686.094181121476,16686.094364095,16686.094364095,16686.095276922,16686.115030502,2,COMPLETED,True,baseline_3,101,0.1829735228966456,0.9128269994107541,19.753579999814974,20.849380522122374
942,16686.114475730585,16686.114628956,16686.114628956,16686.115428606,16686.128843386,0,COMPLETED,True,baseline_3,102,0.15322541366913356,0.7996500025910791,13.414779998129234,14.367655414389446
943,16686.150154334417,16686.150300676,16686.150300676,16686.151109243,16686.165597958,1,COMPLETED,True,baseline_3,103,0.14634158287663013,0.8085670015134383,14.488714998151409,15.443623582541477
944,16686.156089077755,16686.156240638,16686.156240638,16686.156926298,16686.173624033,3,COMPLETED,True,baseline_3,104,0.15156024528550915,0.6856600011815317,16.69773499816074,17.53495524462778
945,16686.170820396776,16686.170987446,16686.170987446,16686.171757641,16686.185539409,2,COMPLETED,True,baseline_3,105,0.16704922381904908,0.7701950016780756,13.781768000626471,14.719012226123596
946,16686.22374854128,16686.223845605,16686.223845605,16686.224602705,16686.23778205,0,COMPLETED,True,baseline_3,106,0.09706371929496527,0.7570999987365212,13.179345001844922,14.033508719876409
947,16686.24434651924,16686.244438276,16686.244438276,16686.245200242,16686.26253461,1,COMPLETED,True,baseline_3,107,0.09175675950245932,0.7619659991178196,17.334367999865208,18.188090758485487
948,16686.250228274715,16686.250321872,16686.250321872,16686.251195606,16686.270719137,3,COMPLETED,True,baseline_3,108,0.09359728574054316,0.8737339994695503,19.523530998412753,20.490862283622846
949,16686.27450745194,16686.274714263,16686.274714263,16686.275207134,16686.290770414,2,COMPLETED,True,baseline_3,109,0.20681105888797902,0.49287100046058185,15.563280001515523,16.262962060864083
950,16686.28971815436,16686.289918394,16686.289918394,16686.290619476,16686.308821954,0,COMPLETED,True,baseline_3,110,0.20023963952553459,0.7010820008872543,18.20247800060315,19.10379964101594
951,16686.324183932902,16686.32428532,16686.32428532,16686.324883768,16686.343363435,1,COMPLETED,True,baseline_3,111,0.10138709694729187,0.5984480012557469,18.479667000065092,19.17950209826813
952,16686.342495315897,16686.342601605,16686.342601605,16686.343114529,16686.357381266,3,COMPLETED,True,baseline_3,112,0.10628910240484402,0.5129240016685799,14.266736998251872,14.885950102325296
953,16686.388497511245,16686.388609444,16686.388609444,16686.38928155,16686.403145764,2,COMPLETED,True,baseline_3,113,0.1119327534979675,0.6721060017298441,13.864214000932407,14.648252756160218
954,16686.39722582762,16686.397326992,16686.397326992,16686.397797835,16686.410875985,0,COMPLETED,True,baseline_3,114,0.10116437988472171,0.47084300240385346,13.078149997454602,13.650157379743177
955,16686.426517342727,16686.426630686,16686.426630686,16686.427353272,16686.440292029,1,COMPLETED,True,baseline_3,115,0.1133432742790319,0.7225859990285244,12.938757001393242,13.774686274700798
956,16686.448819664412,16686.448980799,16686.448980799,16686.449616563,16686.46768324,3,COMPLETED,True,baseline_3,116,0.16113458696054295,0.6357640013447963,18.06667699929676,18.8635755876021
957,16686.585345314772,16686.585495082,16686.585495082,16686.586589516,16686.60662725,2,COMPLETED,True,baseline_3,117,0.14976722741266713,1.0944339992420282,20.037734000652563,21.281935227307258
958,16686.590204073775,16686.590394309,16686.590394309,16686.59130333,16686.611396207,0,COMPLETED,True,baseline_3,118,0.19023522690986283,0.909020996914478,20.092877002753085,21.192133226577425
959,16686.64251108445,16686.642654441,16686.642654441,16686.64357082,16686.657549931,1,COMPLETED,True,baseline_3,119,0.14335654850583524,0.9163790018646978,13.979110997752286,15.03884654812282
960,16686.67290002155,16686.673048583,16686.673048583,16686.673951626,16686.688822218,3,COMPLETED,True,baseline_3,0,0.14856145207886584,0.9030429973790888,14.870592000079341,15.922196449537296
961,16686.679860319065,16686.680026472,16686.680026472,16686.680865529,16686.700535431,2,COMPLETED,True,baseline_3,1,0.1661529349803459,0.8390570001211017,19.669901997986017,20.675111933087464
962,16686.712058511508,16686.712173235,16686.712173235,16686.712959581,16686.727325638,0,COMPLETED,True,baseline_3,2,0.11472349069663323,0.7863460014050361,14.366056999278953,15.267126491380623
963,16686.725532793866,16686.725644043,16686.725644043,16686.726682641,16686.744361708,1,COMPLETED,True,baseline_3,3,0.11124913362436928,1.0385980021965224,17.679066997516202,18.828914133337094
964,16686.76278140946,16686.762943703,16686.762943703,16686.763821588,16686.782038798,3,COMPLETED,True,baseline_3,4,0.16229354150709696,0.8778849987720605,18.217209999420447,19.257388539699605
965,16686.817452378327,16686.817706907,16686.817706907,16686.818755642,16686.838294074,2,COMPLETED,True,baseline_3,5,0.254528673394816,1.0487350009498186,19.538431999535533,20.841695673880167
966,16686.854176000306,16686.854276285,16686.854276285,16686.855163871,16686.874888296,0,COMPLETED,True,baseline_3,6,0.10028469478129409,0.887586000317242,19.72442499754834,20.712295692646876
967,16686.868829161467,16686.868926834,16686.868926834,16686.869906356,16686.888759659,1,COMPLETED,True,baseline_3,7,0.09767253141035326,0.9795220030355267,18.853302997740684,19.930497532186564
968,16686.9110530825,16686.911211233,16686.911211233,16686.911974976,16686.931983003,3,COMPLETED,True,baseline_3,8,0.1581505021022167,0.763742998969974,20.00802700058557,20.92992050165776
969,16686.918885379844,16686.918969861,16686.918969861,16686.919594758,16686.939077212,2,COMPLETED,True,baseline_3,9,0.08448115477222018,0.6248970021260902,19.48245399762527,20.19183215452358
970,16686.940626088075,16686.940844208,16686.940844208,16686.941742793,16686.962489998,0,COMPLETED,True,baseline_3,10,0.2181199233746156,0.8985849999589846,20.74720500240801,21.86390992574161
971,16686.941043341314,16686.941302416,16686.941302416,16686.941724844,16686.959802992,1,COMPLETED,True,baseline_3,11,0.2590746844362002,0.4224280019116122,18.07814800122287,18.759650687570684
972,16687.029140762806,16687.029390075,16687.029390075,16687.03032797,16687.050975497,3,COMPLETED,True,baseline_3,12,0.24931219377322122,0.9378949980600737,20.647527002438437,21.834734194271732
973,16687.03998985869,16687.040245908,16687.040245908,16687.041252923,16687.061234236,2,COMPLETED,True,baseline_3,13,0.25604930851841345,1.0070150019600987,19.981312998424983,21.244377308903495
974,16687.05476796641,16687.055022691,16687.055022691,16687.056092891,16687.074762007,1,COMPLETED,True,baseline_3,14,0.2547245931054931,1.0701999999582767,18.669115997909103,19.994040590972872
975,16687.085867086447,16687.086148968,16687.086148968,16687.086840937,16687.101486584,0,COMPLETED,True,burst_3,15,0.2818815519276541,0.6919690022186842,14.645646999269957,15.619497553416295
976,16687.089877642717,16687.090093313,16687.090093313,16687.090762786,16687.106573273,3,COMPLETED,True,burst_3,16,0.2156702830689028,0.6694730000162963,15.810486998816486,16.695630281901686
977,16687.090389619203,16687.090572461,16687.090572461,16687.091118533,16687.105598659,2,COMPLETED,True,burst_3,17,0.1828417953220196,0.5460720021801535,14.480125999398297,15.20903979690047
978,16687.105715785536,16687.105881171,16687.105881171,16687.106745952,16687.12574138,1,COMPLETED,True,burst_3,18,0.16538546333322302,0.864781002746895,18.99542799947085,20.025594465550967
979,16687.105906744164,16687.106027764,16687.106027764,16687.106895807,16687.126612426,3,COMPLETED,True,burst_3,19,0.12101983520551585,0.8680430000822525,19.71661900097388,20.705681836261647
980,16687.151204982827,16687.151293949,16687.151293949,16687.151915341,16687.169015266,2,COMPLETED,True,burst_3,20,0.08896617146092467,0.6213920023583341,17.099925000366056,17.810283174185315
981,16687.155777643467,16687.155870799,16687.155870799,16687.156176606,16687.169332772,0,COMPLETED,True,burst_3,21,0.09315553324995562,0.30580699967686087,13.156165998225333,13.55512853115215
982,16687.159268585117,16687.159393919,16687.159393919,16687.15973431,16687.17484279,1,COMPLETED,True,burst_3,22,0.12533388144220226,0.3403910013730638,15.108479998161783,15.57420488097705
983,16687.16868774681,16687.168790753,16687.168790753,16687.169377778,16687.18793792,3,COMPLETED,True,burst_3,23,0.10300619032932445,0.5870249988220166,18.560142001661006,19.250173190812347
984,16687.176007867976,16687.176095711,16687.176095711,16687.176488084,16687.190101343,2,COMPLETED,True,burst_3,24,0.08784302190179005,0.39237300006789155,13.613259001431288,14.09347502340097
985,16687.177392288642,16687.177473776,16687.177473776,16687.17774492,16687.190863103,0,COMPLETED,True,burst_3,25,0.081487356510479,0.2711440029088408,13.118182996549876,13.470814355969196
986,16687.187087157912,16687.187182133,16687.187182133,16687.18764088,16687.202867882,1,COMPLETED,True,burst_3,26,0.09497508654021658,0.45874700299464166,15.22700199711835,15.780724086653208
987,16687.19828809191,16687.198385065,16687.198385065,16687.198886795,16687.21223613,3,COMPLETED,True,burst_3,27,0.096973089966923,0.5017299990868196,13.349335000384599,13.948038089438342
988,16687.19884264137,16687.198924719,16687.198924719,16687.199204478,16687.212351772,2,COMPLETED,True,burst_3,28,0.08207762948586605,0.27975900229648687,13.147293997462839,13.509130629245192
989,16687.200002902977,16687.200146601,16687.200146601,16687.200563449,16687.214397594,0,COMPLETED,True,burst_3,29,0.1436980237485841,0.4168480008956976,13.834145000146236,14.394691024790518
990,16687.20681155376,16687.206926957,16687.206926957,16687.20752648,16687.220781246,1,COMPLETED,True,burst_3,30,0.11540323976078071,0.5995230021653697,13.254765999590745,13.969692241516896
991,16687.209701412565,16687.209837234,16687.209837234,16687.212396388,16687.226039817,3,COMPLETED,True,burst_3,31,0.13582143583334982,2.559153999754926,13.643428999785101,16.338404435373377
992,16687.210675146114,16687.210786246,16687.210786246,16687.212511061,16687.225901498,2,COMPLETED,True,burst_3,32,0.11109988554380834,1.7248149997612927,13.390437001362443,15.226351886667544
993,16687.22002381348,16687.220146461,16687.220146461,16687.22087712,16687.234282496,0,COMPLETED,True,burst_3,33,0.12264752149349079,0.7306589977815747,13.405376001173863,14.258682520448929
994,16687.22600044979,16687.226111748,16687.226111748,16687.22675978,16687.239958343,1,COMPLETED,True,burst_3,34,0.11129820995847695,0.6480319971160498,13.19856300324318,13.957893210317707
995,16687.24111725686,16687.241153467,16687.241153467,16687.241558856,16687.25423365,2,COMPLETED,True,burst_3,35,0.03621013820520602,0.40538900066167116,12.67479400121374,13.116393140080618
996,16687.25336396285,16687.25353278,16687.25353278,16687.253960838,16687.268050082,3,COMPLETED,True,burst_3,36,0.1688171505520586,0.4280579996702727,14.08924399947864,14.686119149700971
997,16687.253778849,16687.253865357,16687.253865357,16687.254353429,16687.26797103,0,COMPLETED,True,burst_3,37,0.08650800009490922,0.4880720007349737,13.61760099825915,14.192180999089032
998,16687.25571682323,16687.255808546,16687.255808546,16687.256472928,16687.270108024,2,COMPLETED,True,burst_3,38,0.09172276986646466,0.6643819979217369,13.635096001962665,14.391200769750867
999,16687.266154514586,16687.266321277,16687.266321277,16687.267119679,16687.286466478,1,COMPLETED,True,burst_3,39,0.16676241284585558,0.7984020012372639,19.346798999322345,20.311963413405465
1000,16687.281746834644,16687.281834922,16687.281834922,16687.282350045,16687.295870753,0,COMPLETED,True,burst_3,40,0.08808735583443195,0.5151229997863993,13.520708002033643,14.123918357654475
1001,16687.293318806565,16687.29341254,16687.29341254,16687.293875421,16687.30836488,3,COMPLETED,True,burst_3,41,0.09373343345941976,0.4628810020221863,14.489458997559268,15.046073433040874
1002,16687.29371016409,16687.293863599,16687.293863599,16687.294391764,16687.308124876,2,COMPLETED,True,burst_3,42,0.15343491031671874,0.5281650010147132,13.733111998590175,14.414711909921607
1003,16687.320008765488,16687.320124381,16687.320124381,16687.32055315,16687.334115081,1,COMPLETED,True,burst_3,43,0.1156155121861957,0.4287689989723731,13.561931002186611,14.10631551334518
1004,16687.349739050765,16687.349928412,16687.349928412,16687.350622544,16687.363459471,0,COMPLETED,True,burst_3,44,0.1893612352432683,0.6941319988982286,12.83692699871608,13.720420232857578
1005,16687.36072498236,16687.360973273,16687.360973273,16687.361518437,16687.374666158,2,COMPLETED,True,burst_3,45,0.24829063841025345,0.5451639990496915,13.147721001587342,13.941175639047287
1006,16687.361904606896,16687.362052798,16687.362052798,16687.362516002,16687.381694314,3,COMPLETED,True,burst_3,46,0.1481911021983251,0.46320399997057393,19.178312002622988,19.789707104791887
1007,16687.367691361665,16687.367843328,16687.367843328,16687.368611024,16687.384320327,1,COMPLETED,True,burst_3,47,0.15196633466985077,0.7676960012759082,15.709302999312058,16.628965335257817
1008,16687.37800307892,16687.378161756,16687.378161756,16687.378857947,16687.392470536,0,COMPLETED,True,burst_3,48,0.1586770813446492,0.6961909966776147,13.612589002150344,14.467457080172608
1009,16687.379788525264,16687.379925254,16687.379925254,16687.380661195,16687.399014116,2,COMPLETED,True,burst_3,49,0.13672873683390208,0.7359409974014852,18.35292100076913,19.225590735004516
1010,16687.38210284919,16687.382315403,16687.382315403,16687.3829314,16687.397032827,3,COMPLETED,True,burst_3,50,0.21255380852380767,0.6159969998407178,14.101427001151023,14.929977809515549
1011,16687.39078107632,16687.390914521,16687.390914521,16687.391389769,16687.404459109,1,COMPLETED,True,burst_3,51,0.13344467879505828,0.47524800174869597,13.069339998764917,13.678032679308672
1012,16687.405518807518,16687.405719792,16687.405719792,16687.406175122,16687.419168517,0,COMPLETED,True,burst_3,52,0.20098448294447735,0.4553299986582715,12.993395001103636,13.649709482706385
1013,16687.41348308682,16687.413611789,16687.413611789,16687.414137053,16687.426937366,3,COMPLETED,True,burst_3,53,0.12870218051830307,0.5252640003163833,12.800312997569563,13.45427917840425
1014,16687.420488150292,16687.420604808,16687.420604808,16687.421065364,16687.434783168,2,COMPLETED,True,burst_3,54,0.11665770944091491,0.46055599887040444,13.717803998588352,14.29501770689967
1015,16687.422619503028,16687.422810388,16687.422810388,16687.423304516,16687.439463387,1,COMPLETED,True,burst_3,55,0.19088497356278822,0.494127998535987,16.158870999788633,16.843883971887408
1016,16687.42315065567,16687.423254302,16687.423254302,16687.42359958,16687.437710238,0,COMPLETED,True,burst_3,56,0.10364632908022031,0.34527800016803667,14.110657997662202,14.559582326910459
1017,16687.429150801283,16687.429312237,16687.429312237,16687.429904715,16687.443712202,3,COMPLETED,True,burst_3,57,0.16143571701832116,0.5924780016357545,13.807486997393426,14.561400716047501
1018,16687.43629164903,16687.436441007,16687.436441007,16687.436957056,16687.450230619,2,COMPLETED,True,burst_3,58,0.14935796934878454,0.51604899999802,13.273562999529531,13.938969968876336
1019,16687.43951522382,16687.439673004,16687.439673004,16687.440194298,16687.454204789,0,COMPLETED,True,burst_3,59,0.1577801776875276,0.5212940013734624,14.010490998771274,14.689565177832264
1020,16687.444121572746,16687.44432594,16687.44432594,16687.445020698,16687.463953998,1,COMPLETED,True,burst_3,60,0.20436725390027277,0.6947580004634801,18.933300001663156,19.83242525602691
1021,16687.452920626984,16687.453148772,16687.453148772,16687.453697281,16687.467276135,3,COMPLETED,True,burst_3,61,0.22814501789980568,0.5485089968715329,13.57885400284431,14.355508017615648
1022,16687.459188151177,16687.459336892,16687.459336892,16687.459675073,16687.475721885,2,COMPLETED,True,burst_3,62,0.1487408226239495,0.3381810020073317,16.046811997512123,16.533733822143404
1023,16687.460157789767,16687.460346039,16687.460346039,16687.460709266,16687.474099629,0,COMPLETED,True,burst_3,63,0.18824923245119862,0.36322700179880485,13.390362997597549,13.941839231847553
1024,16687.462437470855,16687.462625215,16687.462625215,16687.464290949,16687.478708599,1,COMPLETED,True,burst_3,64,0.18774414638755843,1.6657339983794373,14.417649999813875,16.27112814458087
1025,16687.467981066126,16687.468160616,16687.468160616,16687.468693136,16687.4847965,3,COMPLETED,True,burst_3,65,0.17954987561097369,0.532519999978831,16.103363999718567,16.815433875308372
1026,16687.477650639983,16687.477781633,16687.477781633,16687.47823546,16687.492030435,0,COMPLETED,True,burst_3,66,0.13099301577312872,0.45382700045593083,13.79497500238358,14.37979501861264
1027,16687.486407105167,16687.486494752,16687.486494752,16687.4869565,16687.500734136,2,COMPLETED,True,burst_3,67,0.08764683298068121,0.4617480008164421,13.777635998849291,14.327030832646415
1028,16687.487491963144,16687.487604718,16687.487604718,16687.487985359,16687.501518953,1,COMPLETED,True,burst_3,68,0.11275485667283647,0.3806409986282233,13.533593999454752,14.026989854755811
1029,16687.49984531593,16687.499962031,16687.499962031,16687.5005231,16687.513869138,3,COMPLETED,True,burst_3,69,0.11671506945276633,0.5610689986497164,13.346038002055138,14.023822070157621
1030,16687.507039327233,16687.507124707,16687.507124707,16687.507818392,16687.52126254,0,COMPLETED,True,burst_3,70,0.0853797682793811,0.6936850004422013,13.444148000417044,14.223212769138627
1031,16687.510670069503,16687.510764591,16687.510764591,16687.511159945,16687.524903324,2,COMPLETED,True,burst_3,71,0.09452149606659077,0.3953539999201894,13.743379000516143,14.233254496502923
1032,16687.51109254853,16687.511200434,16687.511200434,16687.511549373,16687.5252174,1,COMPLETED,True,burst_3,72,0.1078854693332687,0.34893900010501966,13.668027000676375,14.124851470114663
1033,16687.52006555599,16687.520158533,16687.520158533,16687.520799978,16687.534616126,3,COMPLETED,True,burst_3,73,0.09297701035393402,0.6414449999283534,13.816147999023087,14.550570009305375
1034,16687.53944011677,16687.539690641,16687.539690641,16687.540333617,16687.553546443,0,COMPLETED,True,burst_3,74,0.2505242300685495,0.6429759996535722,13.212826001108624,14.106326230830746
1035,16687.54374984011,16687.543922447,16687.543922447,16687.544487316,16687.558657104,2,COMPLETED,True,burst_3,75,0.17260688764508814,0.5648690021189395,14.16978799898061,14.907263888744637
1036,16687.546671475116,16687.546823794,16687.546823794,16687.54749674,16687.561507062,1,COMPLETED,True,burst_3,76,0.1523188839200884,0.6729460001224652,14.01032200010377,14.835586884146323
1037,16687.56469991688,16687.564845221,16687.564845221,16687.565491839,16687.583146287,3,COMPLETED,True,burst_3,77,0.14530412227031775,0.6466179984272458,17.654448001849232,18.446370122546796
1038,16687.571083886032,16687.571205306,16687.571205306,16687.571669013,16687.585627837,0,COMPLETED,True,burst_3,78,0.12141996921855025,0.46370699783437885,13.958824001747416,14.543950968800345
1039,16687.574832707014,16687.574999202,16687.574999202,16687.575580888,16687.592790468,2,COMPLETED,True,burst_3,79,0.16649498502374627,0.5816859993501566,17.20958000078099,17.95776098515489
1040,16687.602456676123,16687.602562398,16687.602562398,16687.60311745,16687.616348001,1,COMPLETED,True,baseline_4,80,0.10572187602519989,0.5550519999815151,13.230551001470303,13.891324877477018
1041,16687.607774837972,16687.607888964,16687.607888964,16687.608347346,16687.621440834,3,COMPLETED,True,baseline_4,81,0.11412602907512337,0.45838199730496854,13.093487999867648,13.66599602624774
1042,16687.614749558932,16687.614862551,16687.614862551,16687.615244376,16687.629670578,0,COMPLETED,True,baseline_4,82,0.11299206744297408,0.38182500065886416,14.426202000322519,14.921019068424357
1043,16687.65887284673,16687.658964964,16687.658964964,16687.65946947,16687.674328011,2,COMPLETED,True,baseline_4,83,0.09211727228830568,0.5045059988333378,14.858540998829994,15.455164269951638
1044,16687.709412264532,16687.709536132,16687.709536132,16687.710246885,16687.72857421,1,COMPLETED,True,baseline_4,84,0.12386746675474569,0.7107530000212137,18.327325000427663,19.161945467203623
1045,16687.736516858076,16687.736805554,16687.736805554,16687.737516833,16687.755817688,3,COMPLETED,True,baseline_4,85,0.2886959227907937,0.7112790008250158,18.300855001143645,19.300829924759455
1046,16687.740326945677,16687.740480739,16687.740480739,16687.741216189,16687.760480419,0,COMPLETED,True,baseline_4,86,0.15379332398879342,0.7354499975917861,19.26423000259092,20.1534733241715
1047,16687.770054580888,16687.770214086,16687.770214086,16687.771183064,16687.786480916,2,COMPLETED,True,baseline_4,87,0.15950511078699492,0.9689780017652083,15.297851998184342,16.426335110736545
1048,16687.779977983922,16687.780138136,16687.780138136,16687.781009772,16687.799702682,1,COMPLETED,True,baseline_4,88,0.1601520780241117,0.8716359989193734,18.69291000184603,19.724698078789515
1049,16687.788599287724,16687.788796445,16687.788796445,16687.789466252,16687.802654329,3,COMPLETED,True,baseline_4,89,0.19715727466973476,0.6698070028505754,13.188076998631004,14.055041276151314
1050,16687.7939164804,16687.794063331,16687.794063331,16687.794905547,16687.814988351,0,COMPLETED,True,baseline_4,90,0.14685059795738198,0.8422160026384518,20.082803999684984,21.071870600280818
1051,16687.800771738464,16687.800892245,16687.800892245,16687.801687263,16687.820440868,2,COMPLETED,True,baseline_4,91,0.12050653458572924,0.7950180006446317,18.75360499980161,19.66912953503197
1052,16687.82510037434,16687.825215489,16687.825215489,16687.825943475,16687.839895518,1,COMPLETED,True,baseline_4,92,0.11511466072988696,0.7279860001290217,13.952042998425895,14.795143659284804
1053,16687.827068394367,16687.827284294,16687.827284294,16687.828209224,16687.84656936,3,COMPLETED,True,baseline_4,93,0.21589963216683827,0.9249300019291695,18.36013600041042,19.50096563450643
1054,16687.848744179457,16687.848922969,16687.848922969,16687.849742363,16687.868198812,0,COMPLETED,True,baseline_4,94,0.17878954167827033,0.8193940011551604,18.45644900095067,19.4546325437841
1055,16687.920993037398,16687.921251008,16687.921251008,16687.922273777,16687.941632843,2,COMPLETED,True,baseline_4,95,0.25797060152399354,1.0227689999737777,19.359066001925385,20.639805603423156
1056,16687.933084889013,16687.933238606,16687.933238606,16687.93427479,16687.954690369,1,COMPLETED,True,baseline_4,96,0.1537169882794842,1.0361839995312039,20.415578997926787,21.605479985737475
1057,16687.940541333646,16687.940700468,16687.940700468,16687.941596484,16687.96135651,3,COMPLETED,True,baseline_4,97,0.15913435345282778,0.8960160012065899,19.760025999858044,20.81517635451746
1058,16687.98420788714,16687.984309973,16687.984309973,16687.985038593,16688.005736644,0,COMPLETED,True,baseline_4,98,0.1020858580886852,0.72862000160967,20.69805100109079,21.528756860789144
1059,16687.988473885216,16687.988668705,16687.988668705,16687.989444319,16688.0091327,2,COMPLETED,True,baseline_4,99,0.19481978233670816,0.7756140003039036,19.688381002197275,20.658814784837887
1060,16687.990906845927,16687.990976821,16687.990976821,16687.991748483,16688.009759506,1,COMPLETED,True,baseline_4,100,0.06997507080086507,0.7716620020801201,18.011022999417037,18.852660072298022
1061,16688.02220521184,16688.022345298,16688.022345298,16688.023129118,16688.041963635,3,COMPLETED,True,baseline_4,101,0.14008615835336968,0.7838199999241624,18.83451700268779,19.75842316096532
1062,16688.026025541305,16688.02636173,16688.02636173,16688.026862015,16688.040341315,0,COMPLETED,True,baseline_4,102,0.3361886956554372,0.5002849975426216,13.479300003382377,14.315773696580436
1063,16688.03114027731,16688.031296603,16688.031296603,16688.031970844,16688.051124606,2,COMPLETED,True,baseline_4,103,0.1563256882946007,0.6742410005244892,19.153762001224095,19.984328690043185
1064,16688.036755716188,16688.036941372,16688.036941372,16688.037720293,16688.053459044,1,COMPLETED,True,baseline_4,104,0.18565581194707192,0.7789209994371049,15.738751000753837,16.703327812138014
1065,16688.060188653406,16688.060311035,16688.060311035,16688.060868838,16688.074407294,0,COMPLETED,True,baseline_4,105,0.12238159251865,0.5578030031756498,13.538455998059362,14.218640593753662
1066,16688.09380190455,16688.09392474,16688.09392474,16688.094694004,16688.108570041,3,COMPLETED,True,baseline_4,106,0.12283544856472872,0.769264002883574,13.876036999135977,14.76813645058428
1067,16688.101226417086,16688.10136846,16688.10136846,16688.102339503,16688.117761312,2,COMPLETED,True,baseline_4,107,0.1420429143763613,0.9710429985716473,15.421809002873488,16.534894915821496
1068,16688.105945765787,16688.106082202,16688.106082202,16688.106687274,16688.125067486,1,COMPLETED,True,baseline_4,108,0.13643621423398145,0.6050720003258903,18.38021199728246,19.12172021184233
1069,16688.224192475398,16688.224352401,16688.224352401,16688.225574501,16688.245611316,0,COMPLETED,True,baseline_4,109,0.1599256029294338,1.222099999722559,20.036814999912167,21.41884060256416
1070,16688.2411946446,16688.241459151,16688.241459151,16688.242425321,16688.263018788,3,COMPLETED,True,baseline_4,110,0.2645063977979589,0.9661700023571029,20.593466997524956,21.824143397680018
1071,16688.25237985065,16688.252587426,16688.252587426,16688.253471295,16688.271671896,2,COMPLETED,True,baseline_4,111,0.20757534730364569,0.8838690009724814,18.200600999989547,19.292045348265674
1072,16688.280340816313,16688.28045543,16688.28045543,16688.281177413,16688.295703531,1,COMPLETED,True,baseline_4,112,0.11461368558229879,0.7219830004032701,14.52611800050363,15.362714686489198
1073,16688.302995796243,16688.303112743,16688.303112743,16688.303652896,16688.316707154,0,COMPLETED,True,baseline_4,113,0.11694675777107477,0.5401529997470789,13.054258000920527,13.71135775843868
1074,16688.3193147307,16688.319544018,16688.319544018,16688.320299895,16688.334072946,3,COMPLETED,True,baseline_4,114,0.2292872995894868,0.7558770012110472,13.773050999589032,14.758215300389566
1075,16688.35091366694,16688.351070653,16688.351070653,16688.351684668,16688.365195992,2,COMPLETED,True,baseline_4,115,0.1569860578456428,0.6140149998827837,13.511323999409797,14.282325057138223
1076,16688.366101478798,16688.366196113,16688.366196113,16688.366690329,16688.379551191,1,COMPLETED,True,baseline_4,116,0.09463420065003447,0.49421600124333054,12.860861999797635,13.449712201691
1077,16688.393612675874,16688.393701226,16688.393701226,16688.394499099,16688.408706924,0,COMPLETED,True,baseline_4,117,0.08855012492858805,0.7978729991009459,14.207825002813479,15.094248126843013
1078,16688.400004526196,16688.400086772,16688.400086772,16688.40067908,16688.417674127,3,COMPLETED,True,baseline_4,118,0.08224580233218148,0.5923080025240779,16.995046997180907,17.669600802037166
1079,16688.449293445865,16688.449468158,16688.449468158,16688.450488592,16688.470449505,2,COMPLETED,True,baseline_4,119,0.1747121350490488,1.020433999656234,19.960912999522407,21.15605913422769
1080,16688.486761240132,16688.486939505,16688.486939505,16688.487824975,16688.506226956,1,COMPLETED,True,baseline_4,0,0.17826486873673275,0.8854699990479276,18.401981000351952,19.465715868136613
1081,16688.536016690166,16688.536123815,16688.536123815,16688.536881267,16688.554971149,0,COMPLETED,True,baseline_4,1,0.10712483344832435,0.757451998651959,18.089881999912905,18.954458832013188
1082,16688.573324265486,16688.573527454,16688.573527454,16688.574479138,16688.594559411,3,COMPLETED,True,baseline_4,2,0.20318851238698699,0.951684000028763,20.080273003259208,21.235145515674958
1083,16688.656301766354,16688.65645087,16688.65645087,16688.657528153,16688.677386252,2,COMPLETED,True,baseline_4,3,0.14910364552633837,1.077282999176532,19.858098999975482,21.084485644678352
1084,16688.682097841607,16688.682348805,16688.682348805,16688.68317299,16688.701335392,1,COMPLETED,True,baseline_4,4,0.2509633923182264,0.8241850009653717,18.162402000598377,19.237550393881975
1085,16688.709068377837,16688.7092274,16688.7092274,16688.709928948,16688.72791317,0,COMPLETED,True,baseline_4,5,0.15902216182439588,0.701548000506591,17.984222002269235,18.84479216460022
1086,16688.722563167732,16688.722671977,16688.722671977,16688.723681368,16688.743952693,3,COMPLETED,True,baseline_4,6,0.10880926856771111,1.0093909986608196,20.27132500006701,21.38952526729554
1087,16688.72567971,16688.725873728,16688.725873728,16688.726635463,16688.745422718,2,COMPLETED,True,baseline_4,7,0.1940179972734768,0.7617350020154845,18.787254997732816,19.743007997021778
1088,16688.73795229087,16688.738111214,16688.738111214,16688.738838266,16688.751853267,1,COMPLETED,True,baseline_4,8,0.15892312876530923,0.7270520000020042,13.0150010008947,13.900976129662013
1089,16688.747855960613,16688.747991742,16688.747991742,16688.74887707,16688.767488378,0,COMPLETED,True,baseline_4,9,0.13578138532466255,0.8853280014591292,18.611307998071425,19.632417384855216
1090,16688.757160147143,16688.757279281,16688.757279281,16688.757900907,16688.77126669,3,COMPLETED,True,baseline_4,10,0.1191338560602162,0.6216260007931851,13.365783001063392,14.106542857916793
1091,16688.784236879128,16688.784346055,16688.784346055,16688.785053028,16688.79969824,2,COMPLETED,True,baseline_4,11,0.10917587133008055,0.7069730017974507,14.645211998868035,15.461360871995566
1092,16688.802202575258,16688.80229743,16688.80229743,16688.803006872,16688.81610288,1,COMPLETED,True,baseline_4,12,0.09485474220127799,0.7094419997883961,13.09600799868349,13.900304740673164
1093,16688.887632062662,16688.888129355,16688.888129355,16688.889053448,16688.908947571,0,COMPLETED,True,baseline_4,13,0.497292337968247,0.9240930012310855,19.894122997357044,21.315508336556377
1094,16689.072624122808,16689.072804152,16689.072804152,16689.073899327,16689.094368118,3,COMPLETED,True,baseline_4,14,0.18002919387072325,1.095174997317372,20.46879100089427,21.743995192082366
1095,16689.076741494217,16689.076941962,16689.076941962,16689.07785601,16689.09931362,2,COMPLETED,True,baseline_4,15,0.20046778445248492,0.914047999685863,21.457610000652494,22.572125784790842
1096,16689.079588174194,16689.079756509,16689.079756509,16689.080787337,16689.101136676,1,COMPLETED,True,baseline_4,16,0.16833480549394153,1.0308279997843783,20.349338999949396,21.548501805227716
1097,16689.08234310373,16689.082515771,16689.082515771,16689.083267529,16689.104349327,0,COMPLETED,True,baseline_4,17,0.17266726717934944,0.7517580015701242,21.081798000523122,22.006223269272596
1098,16689.122813976675,16689.122980776,16689.122980776,16689.12389904,16689.138030238,3,COMPLETED,True,baseline_4,18,0.16679932377883233,0.9182640023936983,14.13119799690321,15.216261323075742
1099,16689.124120412376,16689.124266224,16689.124266224,16689.124823074,16689.138396784,2,COMPLETED,True,baseline_4,19,0.14581162395188585,0.556849998247344,13.573710002674488,14.276371624873718
1100,16689.127822345046,16689.127959139,16689.127959139,16689.128797196,16689.14826885,1,COMPLETED,True,baseline_4,20,0.1367939548799768,0.838056999782566,19.471653999062255,20.446504953724798
1101,16689.12932560048,16689.129449311,16689.129449311,16689.129955968,16689.143353113,0,COMPLETED,True,baseline_4,21,0.12371052071102895,0.5066570010967553,13.397144997725263,14.027512519533047
1102,16689.13820970867,16689.138394852,16689.138394852,16689.139072101,16689.152260168,3,COMPLETED,True,baseline_4,22,0.18514332987251692,0.6772489978175145,13.188067001465242,14.050459329155274
1103,16689.16142970292,16689.161597286,16689.161597286,16689.162178135,16689.175209533,2,COMPLETED,True,baseline_4,23,0.16758308265707456,0.5808489986520726,13.031398000748595,13.779830082057742
1104,16689.172575076762,16689.172664198,16689.172664198,16689.173112149,16689.185869864,0,COMPLETED,True,baseline_4,24,0.08912123666959815,0.4479510025703348,12.757714997860603,13.294787237100536
1105,16689.192201551192,16689.192340603,16689.192340603,16689.192933866,16689.207207136,1,COMPLETED,True,baseline_4,25,0.13905180821893737,0.5932630010647699,14.273270000558114,15.005584809841821
1106,16689.20770163062,16689.20787232,16689.20787232,16689.208312996,16689.221498955,3,COMPLETED,True,baseline_4,26,0.17068937813746743,0.44067600174457766,13.185959000111325,13.79732437999337
1107,16689.221825307606,16689.221978857,16689.221978857,16689.222413369,16689.235648989,2,COMPLETED,True,baseline_4,27,0.1535493938717991,0.43451199962873943,13.235620001069037,13.823681394569576
1108,16689.22756222624,16689.227721686,16689.227721686,16689.228565981,16689.248857663,0,COMPLETED,True,baseline_4,28,0.15945975974318571,0.8442950020253193,20.291681998060085,21.29543675982859
1109,16689.232725016263,16689.2328846,16689.2328846,16689.233470906,16689.251843993,1,COMPLETED,True,baseline_4,29,0.15958373478497379,0.5863060032424983,18.373086997598875,19.118976735626347
1110,16689.280755554584,16689.280848582,16689.280848582,16689.281350831,16689.294859081,3,COMPLETED,True,baseline_4,30,0.09302741455030628,0.5022490004193969,13.508250001905253,14.103526416874956
1111,16689.34949544989,16689.349749231,16689.349749231,16689.350430062,16689.368810582,2,COMPLETED,True,baseline_4,31,0.25378111240570433,0.6808309990447015,18.380519999482203,19.31513211093261
1112,16689.386633956867,16689.386816074,16689.386816074,16689.387642743,16689.401785848,0,COMPLETED,True,baseline_4,32,0.18211713177151978,0.8266690019809175,14.143104999675415,15.151891133427853
1113,16689.39736645509,16689.397533824,16689.397533824,16689.398370156,16689.417167037,1,COMPLETED,True,baseline_4,33,0.16736891120672226,0.8363319975615013,18.79688100234489,19.800581911113113
1114,16689.42871949241,16689.428878602,16689.428878602,16689.429636369,16689.443820905,3,COMPLETED,True,baseline_4,34,0.1591095897310879,0.7577670003229287,14.1845359976287,15.101412587682717
1115,16689.44550226595,16689.445648637,16689.445648637,16689.446454777,16689.463357195,2,COMPLETED,True,baseline_4,35,0.14637105050496757,0.806140000349842,16.90241799951764,17.854929050372448
1116,16689.44932284211,16689.449474025,16689.449474025,16689.450074994,16689.46793437,0,COMPLETED,True,baseline_4,36,0.15118289229576476,0.6009690005157609,17.859375999250915,18.61152789206244
1117,16689.47408959281,16689.474233609,16689.474233609,16689.474840553,16689.487933462,1,COMPLETED,True,baseline_4,37,0.1440161868231371,0.606944002356613,13.092908997350605,13.843869186530355
1118,16689.536267945907,16689.536420976,16689.536420976,16689.537322621,16689.556498638,3,COMPLETED,True,baseline_4,38,0.1530300942249596,0.9016449985210784,19.17601700188243,20.230692094628466
1119,16689.56591155618,16689.56614539,16689.56614539,16689.567034634,16689.585260357,2,COMPLETED,True,baseline_4,39,0.23383381994790398,0.8892440018826164,18.2257229971583,19.34880081898882
1120,16689.620106782666,16689.620258326,16689.620258326,16689.62110393,16689.635400826,0,COMPLETED,True,baseline_4,40,0.15154333232203498,0.845604001369793,14.296895998995751,15.294043332687579
1121,16689.62371108094,16689.623869511,16689.623869511,16689.6247412,16689.643804807,1,COMPLETED,True,baseline_4,41,0.15843005894566886,0.8716890006326139,19.063607000134652,20.093726059712935
1122,16689.635348938962,16689.635503169,16689.635503169,16689.636552144,16689.654078791,3,COMPLETED,True,baseline_4,42,0.15423003787873313,1.0489749984117225,17.526647003251128,18.729852039541584
1123,16689.68381699316,16689.683954682,16689.683954682,16689.684644212,16689.699218179,2,COMPLETED,True,baseline_4,43,0.13768883945886046,0.6895299993630033,14.573967000615085,15.401185839436948
1124,16689.721248168396,16689.721333364,16689.721333364,16689.722529424,16689.741514532,0,COMPLETED,True,baseline_4,44,0.08519560287822969,1.1960600022575818,18.98510799946962,20.26636360460543
1125,16689.726764150462,16689.726847112,16689.726847112,16689.727529056,16689.744608551,1,COMPLETED,True,baseline_4,45,0.08296153828268871,0.6819439986429643,17.079494999052258,17.84440053597791
1126,16689.774938392664,16689.775097898,16689.775097898,16689.77589638,16689.794021373,3,COMPLETED,True,baseline_4,46,0.15950533634168096,0.7984820003912318,18.124992999219103,19.082980335952016
1127,16689.828037560303,16689.828284711,16689.828284711,16689.829268406,16689.848524942,2,COMPLETED,True,baseline_4,47,0.2471506959409453,0.9836950011958834,19.256536001194036,20.487381698330864
1128,16689.842968562923,16689.843058461,16689.843058461,16689.843981445,16689.863703259,0,COMPLETED,True,baseline_4,48,0.08989807611214928,0.9229839997715317,19.721814001968596,20.734696077852277
1129,16689.86912431527,16689.869207701,16689.869207701,16689.87013407,16689.889503964,1,COMPLETED,True,baseline_4,49,0.0833857266115956,0.9263690008083358,19.36989400201128,20.37964872943121
1130,16689.871358397148,16689.87143829,16689.87143829,16689.872234682,16689.89169152,3,COMPLETED,True,baseline_4,50,0.07989285222720355,0.7963919997564517,19.456837999314303,20.333122851297958
1131,16689.879882746176,16689.88013645,16689.88013645,16689.881068642,16689.899899221,2,COMPLETED,True,baseline_4,51,0.25370382354594767,0.9321920006186701,18.830578999768477,20.016474823933095
1132,16689.942481137514,16689.942572494,16689.942572494,16689.943216673,16689.955951995,0,COMPLETED,True,baseline_4,52,0.09135648724623024,0.6441789992095437,12.73532200139016,13.470857487845933
1133,16689.94373896655,16689.943820243,16689.943820243,16689.944273723,16689.962101997,1,COMPLETED,True,baseline_4,53,0.08127644832711667,0.453479999123374,17.82827400165843,18.36303044910892
1134,16689.944427973885,16689.944515063,16689.944515063,16689.945222,16689.964641101,3,COMPLETED,True,baseline_4,54,0.08708911627763882,0.7069369967211969,19.41910100140376,20.213127114402596
1135,16689.969729587985,16689.969888854,16689.969888854,16689.970787911,16689.985258756,2,COMPLETED,True,baseline_4,55,0.15926601554383524,0.8990569986053742,14.470845002506394,15.529168016655603
1136,16690.183347279253,16690.183619665,16690.183619665,16690.184779822,16690.205409333,0,COMPLETED,True,baseline_4,56,0.2723857469391078,1.1601570004131645,20.62951100015198,22.06205374750425
1137,16690.19275836616,16690.192944558,16690.192944558,16690.193918557,16690.214567729,1,COMPLETED,True,baseline_4,57,0.18619183902046643,0.9739990018715616,20.649171998229576,21.809362839121604
1138,16690.225909939134,16690.226092305,16690.226092305,16690.227152425,16690.247001373,3,COMPLETED,True,baseline_4,58,0.18236586765851825,1.0601199974189512,19.848948002618272,21.09143386769574
1139,16690.25963114511,16690.259734184,16690.259734184,16690.260636052,16690.280965284,2,COMPLETED,True,baseline_4,59,0.1030388921208214,0.9018679993459955,20.329232000221964,21.33413889168878
1140,16690.307994890743,16690.308176662,16690.308176662,16690.308729208,16690.326920392,0,COMPLETED,True,baseline_4,60,0.18177125821239315,0.5525460001081228,18.19118399725994,18.925501255580457
1141,16690.360218366724,16690.360315394,16690.360315394,16690.361067201,16690.379439801,1,COMPLETED,True,baseline_4,61,0.09702727402327582,0.7518070015066769,18.372599999565864,19.221434275095817
1142,16690.37516153721,16690.375269553,16690.375269553,16690.375759792,16690.38940706,3,COMPLETED,True,baseline_4,62,0.10801578901009634,0.49023900282918476,13.647267998749157,14.245522790588439
1143,16690.39375597405,16690.393842413,16690.393842413,16690.394604459,16690.412622035,2,COMPLETED,True,baseline_4,63,0.08643894761917181,0.7620460019097663,18.01757599969278,18.86606094922172
1144,16690.408084334722,16690.408205891,16690.408205891,16690.409026425,16690.428474387,0,COMPLETED,True,baseline_4,64,0.12155627700849436,0.8205340018321294,19.4479620004131,20.390052279253723
1145,16690.447345952984,16690.44749727,16690.44749727,16690.448303028,16690.467486324,1,COMPLETED,True,baseline_4,65,0.15131701729842462,0.8057579980231822,19.183296000846894,20.1403710161685
1146,16690.46490085919,16690.465034979,16690.465034979,16690.465793798,16690.485866157,3,COMPLETED,True,baseline_4,66,0.13411980762612075,0.758819001930533,20.072358998731943,20.965297808288597
1147,16690.524183775397,16690.524386889,16690.524386889,16690.525384627,16690.545744485,2,COMPLETED,True,baseline_4,67,0.20311360276537016,0.9977379995689262,20.35985800102935,21.560709603363648
1148,16690.526049991146,16690.526204981,16690.526204981,16690.526836613,16690.545488509,0,COMPLETED,True,baseline_4,68,0.15498985521844588,0.6316319995676167,18.65189599993755,19.438517854723614
1149,16690.55920540597,16690.559299194,16690.559299194,16690.559965936,16690.574532195,1,COMPLETED,True,baseline_4,69,0.09378802860737778,0.6667420020676218,14.56625900027575,15.32678903095075
1150,16690.56345050107,16690.563705819,16690.563705819,16690.564599976,16690.583894557,3,COMPLETED,True,baseline_4,70,0.25531792925903574,0.8941570013121236,19.294580997666344,20.444055928237503
1151,16690.588204565003,16690.588291308,16690.588291308,16690.58869912,16690.602224362,0,COMPLETED,True,baseline_4,71,0.08674299533595331,0.40781200004857965,13.525242000469007,14.01979699585354
1152,16690.594453302914,16690.594691933,16690.594691933,16690.595358403,16690.614025602,2,COMPLETED,True,baseline_4,72,0.238630087551428,0.6664699976681732,18.667199001356494,19.572299086576095
1153,16690.60482366068,16690.604973533,16690.604973533,16690.605507018,16690.620183618,1,COMPLETED,True,baseline_4,73,0.1498723213444464,0.5334849993232638,14.67659999980242,15.35995732047013
1154,16690.61972758596,16690.61982204,16690.61982204,16690.620490275,16690.633901757,3,COMPLETED,True,baseline_4,74,0.09445404066354968,0.6682349994662218,13.411481999355601,14.174171039485373
1155,16690.70454566751,16690.704575743,16690.704575743,16690.705472233,16690.725794294,0,COMPLETED,True,baseline_4,75,0.030075487302383408,0.8964900007413235,20.322061001934344,21.24862648997805
1156,16690.753181494238,16690.753317029,16690.753317029,16690.754344084,16690.774695737,2,COMPLETED,True,baseline_4,76,0.135534763103351,1.0270550010318402,20.351652998215286,21.514242762350477
1157,16690.79866557267,16690.798808747,16690.798808747,16690.799829583,16690.819383922,1,COMPLETED,True,baseline_4,77,0.14317432942334563,1.0208359999523964,19.5543390000239,20.718349329399643
1158,16690.879265311927,16690.879433832,16690.879433832,16690.880504992,16690.901025883,3,COMPLETED,True,baseline_4,78,0.16852007320267148,1.0711600007198285,20.520890997431707,21.760571071354207
1159,16690.882434637366,16690.882593116,16690.882593116,16690.883293453,16690.901252525,0,COMPLETED,True,baseline_4,79,0.15847863323870115,0.7003370010352228,17.959071999939624,18.817887634213548
1160,16690.909896010773,16690.910065884,16690.910065884,16690.911035193,16690.93051238,2,COMPLETED,True,baseline_4,80,0.16987322669592686,0.9693089996289928,19.47718700102996,20.61636922735488
1161,16691.00604855604,16691.006208434,16691.006208434,16691.007223334,16691.027164169,1,COMPLETED,True,baseline_4,81,0.15987795995897613,1.014900000882335,19.940835001762025,21.115612962603336
1162,16691.037403351977,16691.037552982,16691.037552982,16691.03859034,16691.062003079,3,COMPLETED,True,baseline_4,82,0.14963002467993647,1.0373579971201252,23.412739003106253,24.599727024906315
1163,16691.046198388714,16691.046456035,16691.046456035,16691.04745001,16691.068668729,0,COMPLETED,True,baseline_4,83,0.25764628662727773,0.9939749979821499,21.218719000899,22.470340285508428
1164,16691.049986188675,16691.050203281,16691.050203281,16691.0510431,16691.077244183,2,COMPLETED,True,baseline_4,84,0.21709232532884926,0.8398190002480987,26.20108300106949,27.25799432664644
1165,16691.050018717255,16691.050325767,16691.050325767,16691.051125557,16691.065998122,1,COMPLETED,True,baseline_4,85,0.3070497441512998,0.7997900029295124,14.872564999677707,15.979404746758519
1166,16691.06064504354,16691.060881309,16691.060881309,16691.062192523,16691.081523884,3,COMPLETED,True,baseline_4,86,0.2362654595344793,1.3112140004523098,19.33136099978583,20.87884045977262
1167,16691.086707347433,16691.086797188,16691.086797188,16691.087242409,16691.100384869,1,COMPLETED,True,baseline_4,87,0.08984056694316678,0.4452210014278535,13.142460000381107,13.677521568752127
1168,16691.09797234186,16691.098080985,16691.098080985,16691.09911548,16691.11425192,0,COMPLETED,True,baseline_4,88,0.10864314026548527,1.0344949987484142,15.136440000787843,16.279578139801743
1169,16691.11136216294,16691.111472991,16691.111472991,16691.112182724,16691.128692248,2,COMPLETED,True,baseline_4,89,0.11082805940532126,0.7097329980751965,16.509524000866804,17.330085058347322
1170,16691.117173533472,16691.117275117,16691.117275117,16691.117930152,16691.137772826,3,COMPLETED,True,baseline_4,90,0.10158352961298078,0.6550349971803371,19.842674002575222,20.59929252936854
1171,16691.12578350082,16691.12599119,16691.12599119,16691.126569259,16691.140101403,1,COMPLETED,True,baseline_4,91,0.2076891832984984,0.5780689971288666,13.532144002965651,14.317902183393016
1172,16691.184807168116,16691.184921867,16691.184921867,16691.185683053,16691.203782933,0,COMPLETED,True,baseline_4,92,0.11469888340798207,0.7611860019096639,18.09987999877194,18.975764884089585
1173,16691.19677384403,16691.19686539,16691.19686539,16691.197697897,16691.215876151,2,COMPLETED,True,baseline_4,93,0.09154597137239762,0.8325070011778735,18.17825399848516,19.102306971035432
1174,16691.200302382953,16691.200467264,16691.200467264,16691.201415004,16691.222487045,3,COMPLETED,True,baseline_4,94,0.16488104665768333,0.9477400017203763,21.072040999570163,22.184662047948223
1175,16691.203997029086,16691.20433008,16691.20433008,16691.205048424,16691.219217684,1,COMPLETED,True,baseline_4,95,0.33305091346846893,0.7183439993241336,14.169260000926442,15.220654913719045
1176,16691.232788128327,16691.232967575,16691.232967575,16691.233718336,16691.246712201,0,COMPLETED,True,baseline_4,96,0.1794466734281741,0.7507609989261255,12.993864998861682,13.924072671215981
1177,16691.301596983056,16691.301634946,16691.301634946,16691.302482906,16691.322249683,2,COMPLETED,True,baseline_4,97,0.037962945498293266,0.8479600001010112,19.766776997130364,20.65269994272967
1178,16691.34215015075,16691.342312914,16691.342312914,16691.343065866,16691.355880187,1,COMPLETED,True,baseline_4,98,0.1627632482268382,0.7529520007665269,12.814320998586481,13.730036247579847
1179,16691.38885593627,16691.389047892,16691.389047892,16691.389516032,16691.406679921,3,COMPLETED,True,baseline_4,99,0.1919557289511431,0.46813999870209955,17.163889002404176,17.82398473005742
1180,16691.426003873035,16691.426146036,16691.426146036,16691.427016715,16691.44639548,0,COMPLETED,True,baseline_4,100,0.14216296403901652,0.8706789994903374,19.3787650023296,20.391606965858955
1181,16691.45589197631,16691.456109654,16691.456109654,16691.457174445,16691.478357867,2,COMPLETED,True,baseline_4,101,0.21767768703284673,1.0647910021361895,21.183421999012353,22.46589068818139
1182,16691.46545882509,16691.465592052,16691.465592052,16691.466394796,16691.487652117,1,COMPLETED,True,baseline_4,102,0.13322691302164458,0.8027439980651252,21.257321001030505,22.193291912117274
1183,16691.472498097817,16691.472652133,16691.472652133,16691.473261835,16691.491515174,3,COMPLETED,True,baseline_4,103,0.1540351840958465,0.609701997746015,18.25333899978432,19.01707618162618
1184,16691.488057297473,16691.488248433,16691.488248433,16691.489213539,16691.502120406,0,COMPLETED,True,baseline_4,104,0.19113552843919024,0.965105999057414,12.906866999401245,14.06310852689785
1185,16691.52496552915,16691.525177066,16691.525177066,16691.526003924,16691.539135577,2,COMPLETED,True,baseline_4,105,0.21153684792807326,0.8268579986179247,13.131653002346866,14.170047848892864
1186,16691.561597170126,16691.561736067,16691.561736067,16691.56253147,16691.581994089,1,COMPLETED,True,baseline_4,106,0.13889687397750095,0.7954030006658286,19.46261899865931,20.39691887330264
1187,16691.56348582346,16691.563615017,16691.563615017,16691.56420022,16691.581737559,3,COMPLETED,True,baseline_4,107,0.1291935404879041,0.5852030008099973,17.537339001137298,18.2517355424352
1188,16691.576214451816,16691.576430291,16691.576430291,16691.577217794,16691.593106168,0,COMPLETED,True,baseline_4,108,0.21583918351097964,0.7875030023569707,15.888373996858718,16.891716182726668
1189,16691.669263507352,16691.669381361,16691.669381361,16691.670356711,16691.689534169,2,COMPLETED,True,baseline_4,109,0.11785364768002182,0.9753500016813632,19.17745799801196,20.270661647373345
1190,16691.670155138738,16691.670313474,16691.670313474,16691.670961198,16691.690466453,3,COMPLETED,True,baseline_4,110,0.15833526049391367,0.6477240021922626,19.505255000694888,20.311314263381064
1191,16691.67757403944,16691.67780522,16691.67780522,16691.678728552,16691.703918968,1,COMPLETED,True,baseline_4,111,0.23118055833037943,0.9233320015482605,25.19041599953198,26.34492855941062
1192,16691.678415736522,16691.678599375,16691.678599375,16691.67937556,16691.705700525,0,COMPLETED,True,baseline_4,112,0.18363847993896343,0.7761849992675707,26.324964997911593,27.284788477118127
1193,16691.712945010997,16691.713104058,16691.713104058,16691.714033575,16691.729150723,2,COMPLETED,True,baseline_4,113,0.1590470019436907,0.9295170020777732,15.11714799926267,16.205712003284134
1194,16691.7206766399,16691.720785685,16691.720785685,16691.721714945,16691.738989949,3,COMPLETED,True,baseline_4,114,0.10904510054388084,0.929260000702925,17.27500400011195,18.313309101358755
1195,16691.721415991593,16691.721506096,16691.721506096,16691.722027155,16691.739254587,1,COMPLETED,True,baseline_4,115,0.0901044077181723,0.5210589988564607,17.227431999344844,17.838595405919477
1196,16691.746757722176,16691.746903839,16691.746903839,16691.747702916,16691.760825979,0,COMPLETED,True,baseline_4,116,0.1461168249079492,0.7990769991010893,13.123062999511603,14.068256823520642
1197,16691.784165054054,16691.784256483,16691.784256483,16691.784921908,16691.801097889,2,COMPLETED,True,baseline_4,117,0.09142894487013109,0.6654250028077513,16.175980999832973,16.932834947510855
1198,16691.85077822195,16691.850936493,16691.850936493,16691.85196457,16691.869855465,3,COMPLETED,True,baseline_4,118,0.1582710501679685,1.0280770002282225,17.890895000164164,19.077243050560355
1199,16691.858657939596,16691.858824676,16691.858824676,16691.859508738,16691.87772398,1,COMPLETED,True,baseline_4,119,0.16673640493536368,0.6840620008006226,18.215241998404963,19.06604040414095
1200,16691.86483412004,16691.864964508,16691.864964508,16691.865692345,16691.887042857,0,COMPLETED,True,baseline_4,0,0.13038796168984845,0.7278369994310196,21.35051200093585,22.20873696205672
1201,16691.866529384333,16691.866703586,16691.866703586,16691.867448123,16691.887697201,2,COMPLETED,True,baseline_4,1,0.17420166841475293,0.7445369992638007,20.249077999324072,21.167816667002626
1202,16691.889677048417,16691.889815141,16691.889815141,16691.890693453,16691.908871659,3,COMPLETED,True,baseline_4,2,0.1380925823468715,0.8783119992585853,18.17820600263076,19.194610584236216
1203,16691.89138347152,16691.891511875,16691.891511875,16691.892520773,16691.908366216,1,COMPLETED,True,baseline_4,3,0.128403480630368,1.0088979979627766,15.845443002035609,16.982744480628753
1204,16691.936893703358,16691.936923646,16691.936923646,16691.937827277,16691.95501003,0,COMPLETED,True,baseline_4,4,0.029942642868263647,0.9036310002557002,17.182752999360673,18.116326642484637
1205,16691.961767475103,16691.961856726,16691.961856726,16691.962755078,16691.982611981,2,COMPLETED,True,baseline_4,5,0.0892508978722617,0.8983519983303268,19.856902999890735,20.844505896093324
1206,16692.046454546027,16692.046718218,16692.046718218,16692.047567778,16692.066225361,1,COMPLETED,True,baseline_4,6,0.26367197278887033,0.8495600013702642,18.65758299754816,19.770814971707296
1207,16692.055703991453,16692.055884194,16692.055884194,16692.056928586,16692.076890374,3,COMPLETED,True,baseline_4,7,0.18020254719885997,1.0443920000398066,19.96178799890913,21.186382546147797
1208,16692.081659334224,16692.081986769,16692.081986769,16692.082879006,16692.100986893,0,COMPLETED,True,baseline_4,8,0.3274347764090635,0.89223699978902,18.10788700095145,19.327558777149534
1209,16692.121148687096,16692.121388486,16692.121388486,16692.122543586,16692.141105105,2,COMPLETED,True,baseline_4,9,0.23979890465852804,1.1550999988685362,18.561519002105342,19.956417905632406
1210,16692.128375476135,16692.128509942,16692.128509942,16692.129176886,16692.142785369,1,COMPLETED,True,baseline_4,10,0.13446586308418773,0.6669440008408856,13.608483001007698,14.409892864932772
1211,16692.149157221815,16692.149305354,16692.149305354,16692.15016221,16692.163934547,3,COMPLETED,True,baseline_4,11,0.14813218513154425,0.8568560006096959,13.772336998954415,14.777325184695655
1212,16692.162257883396,16692.162340554,16692.162340554,16692.163055009,16692.181708396,0,COMPLETED,True,baseline_4,12,0.08267060547950678,0.7144549999793526,18.653387000085786,19.450512605544645
1213,16692.162494118806,16692.162877451,16692.162877451,16692.163508061,16692.181863696,2,COMPLETED,True,baseline_4,13,0.3833321934507694,0.6306100003712345,18.355635002080817,19.36957719590282
1214,16692.165630583237,16692.165721538,16692.165721538,16692.166325353,16692.179683724,1,COMPLETED,True,baseline_4,14,0.09095476343645714,0.6038149986125063,13.358371001231717,14.05314076328068
1215,16692.173433799508,16692.173572488,16692.173572488,16692.174279778,16692.193147508,3,COMPLETED,True,baseline_4,15,0.13868849418940954,0.7072899970808066,18.86772999932873,19.713708490598947
1216,16692.18810269588,16692.188243597,16692.188243597,16692.189065082,16692.207919814,1,COMPLETED,True,baseline_4,16,0.14090112017584033,0.8214849985961337,18.854732003092067,19.81711812186404
1217,16692.195685271032,16692.195818012,16692.195818012,16692.196500384,16692.213681807,0,COMPLETED,True,baseline_4,17,0.1327409663645085,0.6823720032116398,17.181422997964546,17.996535967540694
1218,16692.23491284346,16692.235028694,16692.235028694,16692.235636282,16692.251034862,2,COMPLETED,True,baseline_4,18,0.11585054016904905,0.6075879973650444,15.398580002511153,16.122018540045246
1219,16692.24247773271,16692.242613732,16692.242613732,16692.243242717,16692.260995446,3,COMPLETED,True,baseline_4,19,0.13599928934127092,0.6289849989116192,17.752728999766987,18.517713288019877
1220,16692.243197648848,16692.243365852,16692.243365852,16692.244118597,16692.260593285,1,COMPLETED,True,baseline_4,20,0.1682031506788917,0.7527449997724034,16.474688000016613,17.395636150467908
1221,16692.281248753927,16692.281345977,16692.281345977,16692.281937367,16692.299803855,0,COMPLETED,True,baseline_4,21,0.0972230736806523,0.5913899985898752,17.86648800043622,18.555101072706748
1222,16692.300150447176,16692.300254742,16692.300254742,16692.300863422,16692.314393007,2,COMPLETED,True,baseline_4,22,0.10429482426843606,0.6086799985496327,13.529585001379019,14.242559824197087
1223,16692.303289512933,16692.303395499,16692.303395499,16692.304095758,16692.317308784,1,COMPLETED,True,baseline_4,23,0.10598606604617089,0.7002590027695987,13.213025998993544,14.019271067809314
1224,16692.327548867157,16692.327662242,16692.327662242,16692.328393866,16692.341958882,3,COMPLETED,True,baseline_4,24,0.11337484465911984,0.7316239971260075,13.565016000939067,14.410014842724195
1225,16692.343924305664,16692.344070567,16692.344070567,16692.344618999,16692.358324138,0,COMPLETED,True,baseline_4,25,0.1462613363401033,0.5484319990500808,13.705139001103817,14.399832336494
1226,16692.374529560533,16692.374646648,16692.374646648,16692.375145224,16692.390060069,2,COMPLETED,True,baseline_4,26,0.11708746751537547,0.4985759987903293,14.91484500002116,15.530508466326864
1227,16692.38811458538,16692.388204578,16692.388204578,16692.388652254,16692.403532531,1,COMPLETED,True,baseline_4,27,0.08999261990538798,0.44767600047634915,14.88027699815575,15.417945618537487
1228,16692.40639501956,16692.406494474,16692.406494474,16692.406995914,16692.420765591,3,COMPLETED,True,baseline_4,28,0.09945443889591843,0.5014400012441911,13.76967699980014,14.37057143994025
1229,16692.428898554215,16692.429002851,16692.429002851,16692.429671103,16692.448584294,0,COMPLETED,True,baseline_4,29,0.10429678513901308,0.6682519997411873,18.91319100104738,19.68573978592758
1230,16692.457216777162,16692.457387562,16692.457387562,16692.458246313,16692.477384533,2,COMPLETED,True,baseline_4,30,0.17078483870136552,0.8587509983044583,19.13821999914944,20.167755836155266
1231,16692.515138781615,16692.515303328,16692.515303328,16692.516075956,16692.534043165,1,COMPLETED,True,baseline_4,31,0.16454638534924015,0.772627998230746,17.967209001653828,18.904383385233814
1232,16692.571251441,16692.571510273,16692.571510273,16692.572525224,16692.597203899,3,COMPLETED,True,baseline_4,32,0.2588319985079579,1.0149510017072316,24.678674999449868,25.952457999665057
1233,16692.57532714642,16692.57553639,16692.57553639,16692.576362426,16692.595507684,0,COMPLETED,True,burst_4,33,0.20924357886542566,0.8260360009444412,19.145258000207832,20.1805375800177
1234,16692.576618009334,16692.576853437,16692.576853437,16692.577659833,16692.601692754,2,COMPLETED,True,burst_4,34,0.23542766575701535,0.8063960012805182,24.032920999161433,25.074744666198967
1235,16692.581091169788,16692.581235714,16692.581235714,16692.581975352,16692.598918585,1,COMPLETED,True,burst_4,35,0.144544210343156,0.739638002414722,16.94323300034739,17.82741521310527
1236,16692.584782914375,16692.584944191,16692.584944191,16692.595723435,16692.61053869,0,COMPLETED,True,burst_4,36,0.16127662456710823,10.77924399942276,14.815255002758931,25.7557756267488
1237,16692.602892876104,16692.603017614,16692.603017614,16692.603451115,16692.617659763,3,COMPLETED,True,burst_4,37,0.12473789684008807,0.43350099804229103,14.208648000931134,14.766886895813514
1238,16692.606978548178,16692.607140095,16692.607140095,16692.607916507,16692.628357462,1,COMPLETED,True,burst_4,38,0.16154682089108974,0.7764120018691756,20.44095499877585,21.378913821536116
1239,16692.612337694398,16692.612450376,16692.612450376,16692.612897489,16692.627000335,2,COMPLETED,True,burst_4,39,0.11268160233157687,0.44711300142807886,14.102845998422708,14.662640602182364
1240,16692.61277390283,16692.612920273,16692.612920273,16692.613408296,16692.633466507,0,COMPLETED,True,burst_4,40,0.14637017011409625,0.488023000798421,20.05821099737659,20.692604168289108
1241,16692.615675070116,16692.615836059,16692.615836059,16692.617841297,16692.631998673,3,COMPLETED,True,burst_4,41,0.16098888590931892,2.0052379986736923,14.157376001094235,16.323602885677246
1242,16692.61635603993,16692.616503747,16692.616503747,16692.627186461,16692.641216893,2,COMPLETED,True,burst_4,42,0.14770706911804155,10.682714000722626,14.030432001163717,24.860853071004385
1243,16692.621739786344,16692.621878071,16692.621878071,16692.628582649,16692.643553414,1,COMPLETED,True,burst_4,43,0.13828465671394952,6.704577997879824,14.9707650016353,21.813627656229073
1244,16692.634240928386,16692.634346288,16692.634346288,16692.634770447,16692.648363761,3,COMPLETED,True,burst_4,44,0.10535961337154731,0.42415899952175096,13.593314000900136,14.122832613793435
1245,16692.64018035228,16692.640290533,16692.640290533,16692.640645603,16692.654027719,0,COMPLETED,True,burst_4,45,0.11018072109436616,0.35507000211509876,13.382115997956134,13.8473667211656
1246,16692.64616227196,16692.646254996,16692.646254996,16692.646707892,16692.660581896,2,COMPLETED,True,burst_4,46,0.09272403985960409,0.4528959980234504,13.874004001991125,14.41962403987418
1247,16692.648284691968,16692.648415435,16692.648415435,16692.648823955,16692.66240124,1,COMPLETED,True,burst_4,47,0.1307430320593994,0.408520001656143,13.577284997154493,14.116548030870035
1248,16692.648626974937,16692.648714634,16692.648714634,16692.649083741,16692.663166823,3,COMPLETED,True,burst_4,48,0.08765906386543065,0.36910699782310985,14.083082001889125,14.539848063577665
1249,16692.648950234685,16692.649141228,16692.649141228,16692.654420496,16692.667729077,0,COMPLETED,True,burst_4,49,0.19099331620964222,5.279267999867443,13.308580997545505,18.77884231362259
1250,16692.67219281296,16692.672237043,16692.672237043,16692.672613766,16692.686422769,2,COMPLETED,True,burst_4,50,0.04423004065756686,0.37672300095437095,13.809002997732023,14.22995603934396
1251,16692.687998444664,16692.688114837,16692.688114837,16692.688554696,16692.701755419,1,COMPLETED,True,burst_4,51,0.11639233707683161,0.43985899901599623,13.200722998590209,13.756974334683036
1252,16692.700271280595,16692.700393039,16692.700393039,16692.701040431,16692.714537195,3,COMPLETED,True,burst_4,52,0.12175840311101638,0.6473920002463274,13.49676400059252,14.265914403949864
1253,16692.701410559763,16692.701543034,16692.701543034,16692.702031984,16692.721245506,0,COMPLETED,True,burst_4,53,0.13247423703433014,0.48895000145421363,19.213521998608485,19.83494623709703
1254,16692.709356403233,16692.709507228,16692.709507228,16692.710090018,16692.726108482,2,COMPLETED,True,burst_4,54,0.15082476602401584,0.5827900022268295,16.01846399717033,16.752078765421174
1255,16692.710530024717,16692.710668052,16692.710668052,16692.711031435,16692.724509404,1,COMPLETED,True,burst_4,55,0.138027284265263,0.36338299833005294,13.477969001542078,13.979379284137394
1256,16692.713134496415,16692.713225933,16692.713225933,16692.714773248,16692.72893003,3,COMPLETED,True,burst_4,56,0.09143658462562598,1.5473150015168358,14.15678199919057,15.795533585333033
1257,16692.719930632516,16692.720037637,16692.720037637,16692.721994148,16692.736702846,0,COMPLETED,True,burst_4,57,0.10700448183342814,1.9565110014809761,14.708697999594733,16.772213482909137
1258,16692.724538083698,16692.724645194,16692.724645194,16692.725313128,16692.738448672,1,COMPLETED,True,burst_4,58,0.10711030336096883,0.6679340003756806,13.135543998942012,13.910588302678661
1259,16692.72879360539,16692.728907112,16692.728907112,16692.729440597,16692.74292681,2,COMPLETED,True,burst_4,59,0.1135066086135339,0.5334849993232638,13.486212999850977,14.133204607787775
1260,16692.729928695684,16692.730023403,16692.730023403,16692.730544618,16692.744196209,3,COMPLETED,True,burst_4,60,0.0947073167480994,0.5212149990256876,13.651591001689667,14.267513317463454
1261,16692.74495450914,16692.745060761,16692.745060761,16692.745475312,16692.759059297,0,COMPLETED,True,burst_4,61,0.10625186041579582,0.41455099926679395,13.583985000877874,14.104787860560464
1262,16692.75895774329,16692.759106366,16692.759106366,16692.759700746,16692.773161107,1,COMPLETED,True,burst_4,62,0.14862271200399846,0.5943799988017417,13.460361002216814,14.203363713022554
1263,16692.779607507702,16692.779694083,16692.779694083,16692.780242526,16692.795682857,2,COMPLETED,True,burst_4,63,0.08657529906486161,0.5484430002979934,15.44033099708031,16.075349296443164
1264,16692.786151721142,16692.786234411,16692.786234411,16692.786633176,16692.800225488,3,COMPLETED,True,burst_4,64,0.0826898576633539,0.39876500159152783,13.592311999673257,14.073766858928138
1265,16692.790392984934,16692.790460194,16692.790460194,16692.791046708,16692.809027647,0,COMPLETED,True,burst_4,65,0.06720906458212994,0.5865140010428149,17.980938999244245,18.63466206486919
1266,16692.792718314748,16692.792823206,16692.792823206,16692.793384443,16692.81120235,1,COMPLETED,True,burst_4,66,0.10489125270396471,0.5612370005110279,17.81790699897101,18.484035252186004
1267,16692.806393461506,16692.806482478,16692.806482478,16692.807075615,16692.821852089,2,COMPLETED,True,burst_4,67,0.08901649562176317,0.5931369996687863,14.776473999518203,15.458627494808752
1268,16692.810992104838,16692.811154084,16692.811154084,16692.811838654,16692.825827947,3,COMPLETED,True,burst_4,68,0.16197916193050332,0.6845700008852873,13.989292998303426,14.835842161119217
1269,16692.811615754887,16692.811853532,16692.811853532,16692.812232824,16692.828576728,0,COMPLETED,True,burst_4,69,0.23777711248840205,0.37929199970676564,16.343904000677867,16.960973112873035
1270,16692.813364778118,16692.813498815,16692.813498815,16692.8138829,16692.829670829,1,COMPLETED,True,burst_4,70,0.1340368835371919,0.3840850004053209,15.787928998179268,16.30605088212178
1271,16692.830629894168,16692.830730209,16692.830730209,16692.831168827,16692.844312276,2,COMPLETED,True,burst_4,71,0.10031483179773204,0.4386180007713847,13.14344899947173,13.682381832040846
1272,16692.846664489403,16692.846779639,16692.846779639,16692.847229998,16692.860380159,3,COMPLETED,True,burst_4,72,0.11514959624037147,0.45035899893264286,13.150161001249216,13.71566959642223
1273,16692.86131516995,16692.86145548,16692.86145548,16692.862054469,16692.876322773,0,COMPLETED,True,burst_4,73,0.14031005048309453,0.5989889978081919,14.268304003053345,15.007603051344631
1274,16692.863556048735,16692.863726596,16692.863726596,16692.864542712,16692.884400138,1,COMPLETED,True,burst_4,74,0.1705472641333472,0.8161160003510304,19.85742599936202,20.8440892638464
1275,16692.868543470886,16692.86876977,16692.86876977,16692.869589223,16692.888172076,2,COMPLETED,True,burst_4,75,0.22629911472904496,0.819452998257475,18.582853001134936,19.628605114121456
1276,16692.871323182604,16692.871424696,16692.871424696,16692.871919085,16692.887358438,3,COMPLETED,True,burst_4,76,0.10151339665753767,0.49438899804954417,15.439353002875578,16.03525539758266
1277,16692.888071837133,16692.88817558,16692.88817558,16692.888678264,16692.901588355,0,COMPLETED,True,burst_4,77,0.1037428664858453,0.5026840008213185,12.910090998047963,13.516517865355127
1278,16692.89365712697,16692.89375819,16692.89375819,16692.894361686,16692.907642993,1,COMPLETED,True,burst_4,78,0.10106302943313494,0.6034960024408065,13.281306997669162,13.985866029543104
1279,16692.918356428425,16692.918498237,16692.918498237,16692.919218408,16692.935675047,3,COMPLETED,True,burst_4,79,0.14180857397150248,0.7201709995570127,16.456639001262374,17.31861857479089
1280,16692.921111955668,16692.921265603,16692.921265603,16692.921811854,16692.940298606,2,COMPLETED,True,burst_4,80,0.15364733189926483,0.5462510016513988,18.48675200017169,19.186650333722355
1281,16692.92198859731,16692.922112981,16692.922112981,16692.922514881,16692.938202956,0,COMPLETED,True,burst_4,81,0.12438368867151439,0.40190000072470866,15.688075000070967,16.21435868946719
1282,16692.92443350419,16692.92452798,16692.92452798,16692.92496507,16692.94467024,1,COMPLETED,True,burst_4,82,0.09447581032873131,0.43708999874070287,19.705169997905614,20.236735806975048
1283,16692.929134348444,16692.929231091,16692.929231091,16692.935849629,16692.94987006,3,COMPLETED,True,burst_4,83,0.0967425548878964,6.618538001930574,14.020431000972167,20.735711557790637
1284,16692.934149977256,16692.93429491,16692.93429491,16692.938611349,16692.951982651,0,COMPLETED,True,burst_4,84,0.1449327428417746,4.316439000831451,13.371302000450669,17.832673744123895
1285,16692.93719360764,16692.937308705,16692.937308705,16692.940669363,16692.958984669,2,COMPLETED,True,burst_4,85,0.11509736214065924,3.360658000019612,18.315305998839904,21.791061361000175
1286,16692.937532078926,16692.937951189,16692.937951189,16692.945214161,16692.965145467,1,COMPLETED,True,burst_4,86,0.4191100742900744,7.262972001626622,19.931305996578885,27.61338807249558
1287,16692.93842514684,16692.938871671,16692.938871671,16692.950219283,16692.963613235,3,COMPLETED,True,burst_4,87,0.446524158178363,11.347612002282403,13.393951998295961,25.188088158756727
1288,16692.939847184534,16692.940043516,16692.940043516,16692.952409795,16692.965671242,0,COMPLETED,True,burst_4,88,0.19633146439446136,12.366279002890224,13.261446998512838,25.824057465797523
1289,16692.949573949645,16692.949701752,16692.949701752,16692.959328594,16692.978057246,2,COMPLETED,True,burst_4,89,0.1278023555641994,9.62684199839714,18.72865200130036,28.4832963552617
1290,16692.95976078371,16692.959950467,16692.959950467,16692.963962174,16692.977706338,3,COMPLETED,True,burst_4,90,0.1896832909551449,4.011706998426234,13.744163999945158,17.945554289326537
1291,16692.96045302056,16692.960587896,16692.960587896,16692.965633901,16692.985674006,1,COMPLETED,True,burst_4,91,0.13487543765222654,5.0460050006222446,20.040104998770403,25.220985437044874
1292,16692.961884888005,16692.962114207,16692.962114207,16692.965995474,16692.979593321,0,COMPLETED,True,burst_4,92,0.22931899366085418,3.8812669990875293,13.597847002529306,17.70843299527769
1293,16692.962910910504,16692.963045444,16692.963045444,16692.978117696,16692.991406949,3,COMPLETED,True,burst_4,93,0.13453349674819037,15.072251997480635,13.289253001858015,28.49603849608684
1294,16692.972256435052,16692.972452074,16692.972452074,16692.978337788,16692.993900177,2,COMPLETED,True,burst_4,94,0.195638946024701,5.885714002943132,15.562388998660026,21.64374194762786
1295,16692.998599169012,16692.998685489,16692.998685489,16692.999346892,16693.012564603,0,COMPLETED,True,burst_4,95,0.08631998935015872,0.661402998957783,13.217710999015253,13.965433987323195
1296,16693.00240029414,16693.002480287,16693.002480287,16693.003222531,16693.020081484,1,COMPLETED,True,burst_4,96,0.0799928602646105,0.7422439994115848,16.85895300033735,17.681189860013546
1297,16693.007840677044,16693.008034502,16693.008034502,16693.008730058,16693.027405313,3,COMPLETED,True,burst_4,97,0.1938249552040361,0.6955560020287521,18.67525499983458,19.564635957067367
1298,16693.00837532575,16693.00850275,16693.00850275,16693.00898794,16693.022141831,2,COMPLETED,True,burst_4,98,0.12742424951284193,0.48519000119995326,13.153890999092255,13.76650524980505
1299,16693.020188149585,16693.020290717,16693.020290717,16693.020984621,16693.034441788,0,COMPLETED,True,burst_4,99,0.10256741370540112,0.6939039994904306,13.45716700234334,14.253638415539172
1300,16693.03205975642,16693.032197851,16693.032197851,16693.03265037,16693.046625157,1,COMPLETED,True,burst_4,100,0.1380945795972366,0.4525190015556291,13.974786998005584,14.56540057915845
1301,16693.045554664008,16693.045709626,16693.045709626,16693.04620154,16693.059954131,2,COMPLETED,True,burst_4,101,0.15496199193876237,0.4919140010315459,13.75259099950199,14.399466992472298
1302,16693.04639108525,16693.046537369,16693.046537369,16693.046986311,16693.061302208,3,COMPLETED,True,burst_4,102,0.1462837499275338,0.44894200254930183,14.315896998596145,14.91112275107298
1303,16693.04686882785,16693.047068386,16693.047068386,16693.047647279,16693.067030099,0,COMPLETED,True,burst_4,103,0.19955815150751732,0.5788929993286729,19.38281999900937,20.16127114984556
1304,16693.052464190525,16693.052559457,16693.052559457,16693.05310742,16693.071130788,1,COMPLETED,True,burst_4,104,0.0952664740907494,0.5479630017362069,18.0233680002857,18.666597476112656
1305,16693.058403254206,16693.058548927,16693.058548927,16693.060332233,16693.073934396,2,COMPLETED,True,burst_4,105,0.14567279504262842,1.7833059973781928,13.602163002360612,15.531141794781433
1306,16693.060435346037,16693.060554231,16693.060554231,16693.061714337,16693.075452519,3,COMPLETED,True,burst_4,106,0.11888496374012902,1.1601059995882679,13.738181998633081,15.017172961961478
1307,16693.062021268008,16693.062201982,16693.062201982,16693.067508717,16693.082500985,0,COMPLETED,True,burst_4,107,0.18071399244945496,5.306734998157481,14.992268002970377,20.479716993577313
1308,16693.07519642766,16693.075359196,16693.075359196,16693.075945367,16693.090871918,1,COMPLETED,True,baseline_5,108,0.1627683377591893,0.5861710014869459,14.926551000826294,15.675490340072429
1309,16693.083379881664,16693.083484611,16693.083484611,16693.084024849,16693.098327684,2,COMPLETED,True,baseline_5,109,0.10472933718119748,0.5402379974839278,14.302835003036307,14.947802337701432
1310,16693.089469120638,16693.089654735,16693.089654735,16693.090162506,16693.103939822,3,COMPLETED,True,baseline_5,110,0.18561436081654392,0.50777100113919,13.77731599859544,14.470701360551175
1311,16693.105294687168,16693.105405117,16693.105405117,16693.105917093,16693.11995238,0,COMPLETED,True,baseline_5,111,0.11042983169318177,0.5119759989611339,14.035287000297103,14.657692830951419
1312,16693.157689834683,16693.157898101,16693.157898101,16693.158825062,16693.176802809,1,COMPLETED,True,baseline_5,112,0.20826631589443423,0.9269610018236563,17.977747000259114,19.112974317977205
1313,16693.18328374559,16693.183417555,16693.183417555,16693.183972911,16693.201162156,2,COMPLETED,True,baseline_5,113,0.13380940799834207,0.5553560004045721,17.18924500164576,17.878410410048673
1314,16693.187099459105,16693.187222372,16693.187222372,16693.187749628,16693.208774528,3,COMPLETED,True,baseline_5,114,0.12291289385757409,0.527256001078058,21.02490000106627,21.675068896001903
1315,16693.190194822568,16693.190289012,16693.190289012,16693.191049371,16693.210311,0,COMPLETED,True,baseline_5,115,0.09418943227501586,0.7603589983773418,19.26162900053896,20.116177431191318
1316,16693.195055160057,16693.19521473,16693.19521473,16693.195993419,16693.215141728,1,COMPLETED,True,baseline_5,116,0.1595699432073161,0.7786890018905979,19.148308998410357,20.08656794350827
1317,16693.20677136707,16693.206909387,16693.206909387,16693.207605265,16693.220959241,2,COMPLETED,True,baseline_5,117,0.13801993191009387,0.6958779995329678,13.353975999052636,14.187873930495698
1318,16693.2106051153,16693.210860564,16693.210860564,16693.211664706,16693.227008432,3,COMPLETED,True,baseline_5,118,0.25544870004523546,0.8041420005611144,15.343726001447067,16.403316702053417
1319,16693.234758007322,16693.234894211,16693.234894211,16693.235790545,16693.253269584,0,COMPLETED,True,baseline_5,119,0.13620367826661095,0.8963340005720966,17.47903899740777,18.511576676246477
1320,16693.241887958397,16693.242045176,16693.242045176,16693.242602769,16693.261464778,1,COMPLETED,True,baseline_5,0,0.15721760428277776,0.5575930008490104,18.86200899753021,19.576819602662
1321,16693.249733639237,16693.249838857,16693.249838857,16693.250520995,16693.268774215,2,COMPLETED,True,baseline_5,1,0.10521776130190119,0.6821380011388101,18.25322000149754,19.04057576393825
1322,16693.272995371623,16693.273095562,16693.273095562,16693.273588621,16693.287260644,3,COMPLETED,True,baseline_5,2,0.10019037654274143,0.49305900029139593,13.67202300025383,14.265272377087967
1323,16693.301887407342,16693.301982824,16693.301982824,16693.302558337,16693.320225343,0,COMPLETED,True,baseline_5,3,0.09541665713186376,0.5755130005127285,17.667005999101093,18.337935656745685
1324,16693.31435839692,16693.314461419,16693.314461419,16693.314895871,16693.328210442,1,COMPLETED,True,baseline_5,4,0.10302207738277502,0.4344520020822529,13.314570998772979,13.852045078238007
1325,16693.338362668128,16693.338500551,16693.338500551,16693.339163897,16693.356344184,2,COMPLETED,True,baseline_5,5,0.1378828710585367,0.663345999782905,17.180287002702244,17.981515873543685
1326,16693.366285666747,16693.366415671,16693.366415671,16693.366931309,16693.37999341,3,COMPLETED,True,baseline_5,6,0.13000425315112807,0.5156379993422888,13.062100999377435,13.707743251870852
1327,16693.39940740989,16693.399495027,16693.399495027,16693.400175879,16693.413072968,0,COMPLETED,True,baseline_5,7,0.08761711069382727,0.6808520010963548,12.897089000034612,13.665558111824794
1328,16693.414617425962,16693.414698847,16693.414698847,16693.415498574,16693.434687955,1,COMPLETED,True,baseline_5,8,0.08142103615682572,0.7997270004125312,19.189381000614958,20.070529037184315
1329,16693.489596235864,16693.489739613,16693.489739613,16693.49032917,16693.508578033,2,COMPLETED,True,baseline_5,9,0.14337713582790457,0.5895569993299432,18.248863001645077,18.981797136802925
1330,16693.493760210502,16693.493901143,16693.493901143,16693.494802347,16693.518399719,3,COMPLETED,True,baseline_5,10,0.1409324977430515,0.9012039990921039,23.59737200094969,24.639508497784846
1331,16693.501049128186,16693.501142744,16693.501142744,16693.502115916,16693.521884102,0,COMPLETED,True,baseline_5,11,0.09361581396660767,0.9731719983392395,19.768186000874266,20.834973813180113
1332,16693.522107732864,16693.522278167,16693.522278167,16693.522953345,16693.538520086,1,COMPLETED,True,baseline_5,12,0.17043413754436187,0.6751779983460438,15.566740999929607,16.412353135820013
1333,16693.54744511463,16693.547557578,16693.547557578,16693.548493003,16693.568662839,2,COMPLETED,True,baseline_5,13,0.11246337089687586,0.9354249996249564,20.16983599969535,21.217724370217184
1334,16693.55583110097,16693.555922207,16693.555922207,16693.556586392,16693.570310408,3,COMPLETED,True,baseline_5,14,0.09110603059525602,0.6641849977313541,13.72401600019657,14.47930702852318
1335,16693.565455650798,16693.565557542,16693.565557542,16693.566074748,16693.58014863,0,COMPLETED,True,baseline_5,15,0.10189120075665414,0.5172060009499546,14.073882000957383,14.692979202663992
1336,16693.627041339023,16693.627158412,16693.627158412,16693.627675095,16693.64516279,1,COMPLETED,True,baseline_5,16,0.11707297744578682,0.5166829978406895,17.48769500045455,18.121450975741027
1337,16693.661224038053,16693.661378096,16693.661378096,16693.662132248,16693.67955125,2,COMPLETED,True,baseline_5,17,0.15405794692924246,0.7541519989899825,17.41900200067903,18.327211946598254
1338,16693.691569908835,16693.69172477,16693.69172477,16693.692623041,16693.708289847,3,COMPLETED,True,baseline_5,18,0.15486116535612382,0.8982709987321869,15.66680600080872,16.71993816489703
1339,16693.71111577875,16693.711339288,16693.711339288,16693.712267053,16693.732035832,0,COMPLETED,True,baseline_5,19,0.22350924700731412,0.9277650024159811,19.76877899869578,20.920053248119075
1340,16693.722189348795,16693.722252482,16693.722252482,16693.722988794,16693.735681238,1,COMPLETED,True,baseline_5,20,0.06313320409390144,0.7363120021182112,12.692443997366354,13.491889203578467
1341,16693.79084384162,16693.790923628,16693.790923628,16693.791632664,16693.809967891,2,COMPLETED,True,baseline_5,21,0.0797863795014564,0.7090360013535246,18.335226999624865,19.124049380479846
1342,16693.914051940403,16693.914307347,16693.914307347,16693.915347999,16693.93540442,3,COMPLETED,True,baseline_5,22,0.255406597716501,1.0406519977550488,20.056421002664138,21.352479598135687
1343,16693.948087376968,16693.948250104,16693.948250104,16693.949118122,16693.966994624,0,COMPLETED,True,baseline_5,23,0.1627270321478136,0.8680179998918902,17.87650199912605,18.907247031165753
1344,16693.954717084292,16693.954912675,16693.954912675,16693.955792908,16693.975116517,1,COMPLETED,True,baseline_5,24,0.19559070642571896,0.8802330012258608,19.323608998092823,20.399432705744402
1345,16693.963991445704,16693.964194087,16693.964194087,16693.965086215,16693.985111641,2,COMPLETED,True,baseline_5,25,0.20264129489078186,0.8921280023059808,20.025425998028368,21.12019529522513
1346,16694.00013908794,16694.000294579,16694.000294579,16694.001015143,16694.015652547,3,COMPLETED,True,baseline_5,26,0.1554910595586989,0.7205639994936064,14.63740400140523,15.513459060457535
1347,16694.00578082434,16694.005901521,16694.005901521,16694.006597288,16694.024627903,0,COMPLETED,True,baseline_5,27,0.12069665899616666,0.6957670011615846,18.03061499958858,18.84707865974633
1348,16694.046440108392,16694.046533772,16694.046533772,16694.047418121,16694.065924897,1,COMPLETED,True,baseline_5,28,0.09366360973217525,0.8843489995342679,18.50677599941264,19.484788608679082
1349,16694.06150962853,16694.061667425,16694.061667425,16694.062548156,16694.081371514,2,COMPLETED,True,baseline_5,29,0.15779647219460458,0.880730996868806,18.823358001100132,19.861885470163543
1350,16694.065505591047,16694.065674474,16694.065674474,16694.066154631,16694.079948965,3,COMPLETED,True,baseline_5,30,0.16888295431272127,0.48015699940151535,13.794334001431707,14.443373955145944
1351,16694.069357626307,16694.069507699,16694.069507699,16694.070291655,16694.089613848,0,COMPLETED,True,baseline_5,31,0.1500726939411834,0.7839559984859079,19.322192998515675,20.256221690942766
1352,16694.071860910364,16694.072041028,16694.072041028,16694.072632929,16694.086019296,1,COMPLETED,True,baseline_5,32,0.18011763677350245,0.5919010000070557,13.386366998020094,14.158385634800652
1353,16694.12038168662,16694.12047787,16694.12047787,16694.12099747,16694.134318249,3,COMPLETED,True,baseline_5,33,0.09618338299333118,0.519599998369813,13.320779002242489,13.936562383605633
1354,16694.16168877314,16694.161784573,16694.161784573,16694.162523576,16694.182166012,2,COMPLETED,True,baseline_5,34,0.09579985999152996,0.7390030004899018,19.64243600014015,20.477238860621583
1355,16694.164283372782,16694.164388567,16694.164388567,16694.165066852,16694.184215523,1,COMPLETED,True,baseline_5,35,0.1051942163030617,0.678285003232304,19.148670999129536,19.9321502186649
1356,16694.169269103753,16694.169365114,16694.169365114,16694.169767141,16694.184303376,0,COMPLETED,True,baseline_5,36,0.09601024794392288,0.4020269989268854,14.536235001287423,15.034272248158231
1357,16694.177900303777,16694.17813615,16694.17813615,16694.179182965,16694.198393304,3,COMPLETED,True,baseline_5,37,0.23584622249472886,1.046814999426715,19.210338999982923,20.493000221904367
1358,16694.181438378753,16694.181605802,16694.181605802,16694.182394163,16694.196884788,2,COMPLETED,True,baseline_5,38,0.16742324805818498,0.7883609978307504,14.49062500250875,15.446409248397686
1359,16694.227146455807,16694.227293141,16694.227293141,16694.228326572,16694.243589792,1,COMPLETED,True,baseline_5,39,0.14668519361293875,1.033430999086704,15.263220000633737,16.44333619333338
1360,16694.236068519058,16694.236163716,16694.236163716,16694.236928526,16694.250669271,0,COMPLETED,True,baseline_5,40,0.09519694140180945,0.7648099999642,13.740745001996402,14.600751943362411
1361,16694.248815956067,16694.248859255,16694.248859255,16694.249615413,16694.263958241,2,COMPLETED,True,baseline_5,41,0.043298932723701,0.7561579986941069,14.342828002554597,15.142284933972405
1362,16694.284073672057,16694.284172994,16694.284172994,16694.284664361,16694.298415178,3,COMPLETED,True,baseline_5,42,0.09932194370776415,0.4913669981760904,13.750817000982352,14.341505942866206
1363,16694.294417959398,16694.29452292,16694.29452292,16694.295166796,16694.308395424,1,COMPLETED,True,baseline_5,43,0.1049606034939643,0.6438759992306586,13.228627998614684,13.977464601339307
1364,16694.358919792343,16694.359128428,16694.359128428,16694.359812139,16694.372934917,0,COMPLETED,True,baseline_5,44,0.2086356580548454,0.683710997691378,13.122778000251856,14.015124655998079
1365,16694.399674974815,16694.399837752,16694.399837752,16694.400840053,16694.419380359,2,COMPLETED,True,baseline_5,45,0.16277718532364815,1.0023009999713395,18.540305998612894,19.70538418390788
1366,16694.412654183034,16694.412908944,16694.412908944,16694.413826189,16694.434030034,3,COMPLETED,True,baseline_5,46,0.2547609656176064,0.9172450008918531,20.2038450006512,21.37585096716066
1367,16694.421479067736,16694.421682115,16694.421682115,16694.4224777,16694.435831233,1,COMPLETED,True,baseline_5,47,0.20304726422182284,0.7955850014695898,13.353532998735318,14.35216526442673
1368,16694.436298994733,16694.436515555,16694.436515555,16694.437369281,16694.456647968,0,COMPLETED,True,baseline_5,48,0.21656026729033329,0.853726000059396,19.278686999314232,20.34897326666396
1369,16694.472686935256,16694.472796127,16694.472796127,16694.473532807,16694.487240845,2,COMPLETED,True,baseline_5,49,0.1091917438316159,0.7366799982264638,13.708038000913803,14.553909742971882
1370,16694.50231805969,16694.502424204,16694.502424204,16694.503161837,16694.516482,3,COMPLETED,True,baseline_5,50,0.10614431084832177,0.7376329995167907,13.320162997843,14.163940308208112
1371,16694.503396858323,16694.503506433,16694.503506433,16694.503978306,16694.517019153,1,COMPLETED,True,baseline_5,51,0.10957467748085037,0.4718729978776537,13.040847003139788,13.622294678498292
1372,16694.518838877113,16694.519029974,16694.519029974,16694.519900232,16694.538228045,0,COMPLETED,True,baseline_5,52,0.1910968858283013,0.8702580016688444,18.327812998904847,19.389167886401992
1373,16694.53184154991,16694.532021962,16694.532021962,16694.532719102,16694.545796306,2,COMPLETED,True,baseline_5,53,0.18041209114016965,0.6971399998292327,13.077203999273479,13.954756090242881
1374,16694.5603909057,16694.56050449,16694.56050449,16694.561406138,16694.580950727,3,COMPLETED,True,baseline_5,54,0.11358430128893815,0.9016479998535942,19.544588998542167,20.5598212996847
1375,16694.570571679098,16694.570742953,16694.570742953,16694.57146256,16694.58561013,1,COMPLETED,True,baseline_5,55,0.17127390310633928,0.7196070000645705,14.147570000204723,15.038450903375633
1376,16694.575800547424,16694.576073359,16694.576073359,16694.577070583,16694.596925559,0,COMPLETED,True,baseline_5,56,0.27281157599645667,0.9972240004572086,19.854975998896407,21.125011575350072
1377,16694.587357276556,16694.587488163,16694.587488163,16694.5884557,16694.607718393,2,COMPLETED,True,baseline_5,57,0.13088644482195377,0.9675369983597193,19.26269300020067,20.361116443382343
1378,16694.588600331117,16694.588722377,16694.588722377,16694.589239399,16694.60282204,3,COMPLETED,True,baseline_5,58,0.12204588347231038,0.5170219992578495,13.582641000539297,14.221708883269457
1379,16694.641164479643,16694.641272012,16694.641272012,16694.642216329,16694.656133036,1,COMPLETED,True,baseline_5,59,0.10753235619631596,0.9443170019949321,13.916706997406436,14.968556355597684
1380,16694.645996633066,16694.646102699,16694.646102699,16694.646806662,16694.659897535,0,COMPLETED,True,baseline_5,60,0.10606593423290178,0.7039629999781027,13.090872998873238,13.900901933084242
1381,16694.673509180262,16694.673626136,16694.673626136,16694.674362113,16694.688269644,3,COMPLETED,True,baseline_5,61,0.11695573630277067,0.735977002477739,13.907530999858864,14.760463738639373
1382,16694.674603553267,16694.674827126,16694.674827126,16694.675369142,16694.69383953,2,COMPLETED,True,baseline_5,62,0.22357273337547667,0.5420160014182329,18.470387996785576,19.235976731579285
1383,16694.67567933366,16694.675846308,16694.675846308,16694.67673893,16694.69607654,1,COMPLETED,True,baseline_5,63,0.1669743396632839,0.892621999810217,19.337609999638516,20.397206339112017
1384,16694.69191630025,16694.69209738,16694.69209738,16694.692639978,16694.706091692,0,COMPLETED,True,baseline_5,64,0.18107975120074116,0.5425979979918338,13.45171400316758,14.175391752360156
1385,16694.734926146277,16694.735016504,16694.735016504,16694.735464905,16694.749717278,3,COMPLETED,True,baseline_5,65,0.0903577238204889,0.4484009987208992,14.252372999180807,14.791131721722195
1386,16694.745221187208,16694.745329962,16694.745329962,16694.746227387,16694.765358131,2,COMPLETED,True,baseline_5,66,0.1087747914425563,0.8974250013125129,19.130743999994593,20.136943792749662
1387,16694.758751974605,16694.758852833,16694.758852833,16694.759523043,16694.777654359,1,COMPLETED,True,baseline_5,67,0.10085839676321484,0.670209999952931,18.131315999198705,18.90238439591485
1388,16694.830283860498,16694.830403393,16694.830403393,16694.831370164,16694.850757552,0,COMPLETED,True,baseline_5,68,0.1195325021399185,0.9667710000940133,19.387388001632644,20.473691503866576
1389,16694.84195400601,16694.842077504,16694.842077504,16694.842927492,16694.862054501,3,COMPLETED,True,baseline_5,69,0.12349798998911865,0.8499880023009609,19.127008999930695,20.100494992220774
1390,16694.855904260567,16694.856062423,16694.856062423,16694.857050799,16694.875944184,2,COMPLETED,True,baseline_5,70,0.15816243467270397,0.9883759994409047,18.89338500041049,20.0399234345241
1391,16694.86857100677,16694.868729444,16694.868729444,16694.869622669,16694.889174473,1,COMPLETED,True,baseline_5,71,0.15843722940189764,0.89322500207345,19.55180399818346,20.603466229658807
1392,16694.87108926181,16694.871244868,16694.871244868,16694.871902506,16694.886112377,0,COMPLETED,True,baseline_5,72,0.15560619067400694,0.6576380001206417,14.209870998456609,15.023115189251257
1393,16694.900939598905,16694.901087109,16694.901087109,16694.901876741,16694.918216459,3,COMPLETED,True,baseline_5,73,0.14751009439351037,0.7896320021245629,16.339717996743275,17.276860093261348
1394,16694.917503548928,16694.917590943,16694.917590943,16694.918264234,16694.930906979,2,COMPLETED,True,baseline_5,74,0.08739407348912209,0.6732909969286993,12.64274500135798,13.403430071775801
1395,16695.1228536398,16695.122910521,16695.122910521,16695.123964984,16695.142924846,0,COMPLETED,True,baseline_5,75,0.05688119927071966,1.0544629985815845,18.959862001793226,20.07120619964553
1396,16695.125661286722,16695.125818145,16695.125818145,16695.126647722,16695.147270904,1,COMPLETED,True,baseline_5,76,0.1568582774780225,0.8295770021504723,20.623181997507345,21.60961727713584
1397,16695.13707544781,16695.137227153,16695.137227153,16695.138251749,16695.157942733,3,COMPLETED,True,baseline_5,77,0.1517051932751201,1.024595996568678,19.6909840014996,20.8672851913434
1398,16695.15054435084,16695.150713904,16695.150713904,16695.15164613,16695.170394647,2,COMPLETED,True,baseline_5,78,0.16955316095845774,0.9322260011686012,18.748516999039566,19.850296161166625
1399,16695.15393058896,16695.15406051,16695.15406051,16695.154741016,16695.167976986,0,COMPLETED,True,baseline_5,79,0.12992104166187346,0.6805059965699911,13.235970000096131,14.046397038327996
1400,16695.17424512007,16695.17434338,16695.17434338,16695.175010898,16695.188047854,1,COMPLETED,True,baseline_5,80,0.09825993038248271,0.6675180011370685,13.036955999268685,13.802733930788236
1401,16695.18169706487,16695.181795949,16695.181795949,16695.18255526,16695.201445338,3,COMPLETED,True,baseline_5,81,0.0988841311482247,0.7593109985464253,18.89007800127729,19.74827313097194
1402,16695.229263609755,16695.229462153,16695.229462153,16695.230345089,16695.250147776,0,COMPLETED,True,baseline_5,82,0.1985432463698089,0.8829359976516571,19.802687002083985,20.88416624610545
1403,16695.232018794668,16695.232176356,16695.232176356,16695.233066668,16695.252774164,2,COMPLETED,True,baseline_5,83,0.1575613314344082,0.8903119996830355,19.707496001501568,20.75536933261901
1404,16695.237636267313,16695.237721731,16695.237721731,16695.238456486,16695.255468154,1,COMPLETED,True,baseline_5,84,0.08546368553652428,0.7347550017584581,17.011667998303892,17.831886685598874
1405,16695.27148136593,16695.271570611,16695.271570611,16695.272493482,16695.289698984,3,COMPLETED,True,baseline_5,85,0.08924506983021274,0.9228710005118046,17.20550200116122,18.21761807150324
1406,16695.285029274204,16695.285191812,16695.285191812,16695.285954129,16695.299043427,0,COMPLETED,True,baseline_5,86,0.1625377954042051,0.7623170022270642,13.089297997794347,14.014152795425616
1407,16695.294439037243,16695.294553525,16695.294553525,16695.295176413,16695.31166324,2,COMPLETED,True,baseline_5,87,0.1144877569458913,0.62288800108945,16.486827000335325,17.224202758370666
1408,16695.297831103584,16695.297926296,16695.297926296,16695.298509363,16695.316757298,1,COMPLETED,True,baseline_5,88,0.09519241575617343,0.5830670015711803,18.247934996907134,18.926194414234487
1409,16695.3365785352,16695.336668798,16695.336668798,16695.337240606,16695.35097256,3,COMPLETED,True,baseline_5,89,0.09026280167745426,0.5718079992220737,13.731954000832047,14.394024801731575
1410,16695.415969862996,16695.416226959,16695.416226959,16695.416996833,16695.434995306,0,COMPLETED,True,baseline_5,90,0.25709600595291704,0.7698739973420743,17.998473002080573,19.025443005375564
1411,16695.431899520227,16695.432074767,16695.432074767,16695.433144416,16695.453210259,2,COMPLETED,True,baseline_5,91,0.175246772414539,1.069649002602091,20.065842996700667,21.310738771717297
1412,16695.45334857084,16695.453602355,16695.453602355,16695.454608318,16695.473038892,1,COMPLETED,True,baseline_5,92,0.25378415739396587,1.0059630003524944,18.43057400037651,19.69032115812297
1413,16695.457063413804,16695.457223895,16695.457223895,16695.45787672,16695.476815651,3,COMPLETED,True,baseline_5,93,0.16048119505285285,0.6528250014525838,18.93893099986599,19.752237196371425
1414,16695.475335064028,16695.47549245,16695.47549245,16695.47624305,16695.489292903,0,COMPLETED,True,baseline_5,94,0.15738597357994877,0.7506000001740176,13.049852997937705,13.957838971691672
1415,16695.5528293802,16695.553124184,16695.553124184,16695.553886309,16695.571994097,2,COMPLETED,True,baseline_5,95,0.2948037981695961,0.7621250006195623,18.107788000634173,19.16471679942333
1416,16695.58303033716,16695.583195127,16695.583195127,16695.584277457,16695.603838538,1,COMPLETED,True,baseline_5,96,0.16478984252898954,1.0823299999174196,19.56108100057463,20.80820084302104
1417,16695.628605682752,16695.628785456,16695.628785456,16695.629585459,16695.642547871,3,COMPLETED,True,baseline_5,97,0.17977324750972912,0.80000299931271,12.96241200179793,13.942188248620369
1418,16695.64742621317,16695.647587786,16695.647587786,16695.648345312,16695.661272909,0,COMPLETED,True,baseline_5,98,0.16157282880158164,0.7575260024168529,12.927596999361413,13.846695830579847
1419,16695.6854580755,16695.685619195,16695.685619195,16695.68654186,16695.706790042,2,COMPLETED,True,baseline_5,99,0.16111950026242994,0.922664999961853,20.248182001523674,21.331966501747956
1420,16695.69115219162,16695.691302672,16695.691302672,16695.691968649,16695.710091708,1,COMPLETED,True,baseline_5,100,0.15048038039822131,0.6659770006081089,18.12305899875355,18.93951637975988
1421,16695.70159544022,16695.701856586,16695.701856586,16695.70271082,16695.719777932,3,COMPLETED,True,baseline_5,101,0.2611457821330987,0.8542340001440607,17.067111999494955,18.182491781772114
1422,16695.743040541853,16695.743223265,16695.743223265,16695.743789019,16695.760666449,0,COMPLETED,True,baseline_5,102,0.18272314628120512,0.5657540023094043,16.877430000022287,17.625907148612896
1423,16695.748754014232,16695.748912391,16695.748912391,16695.74987103,16695.768693677,2,COMPLETED,True,baseline_5,103,0.15837676983210258,0.9586389969626907,18.822647001798032,19.939662768592825
1424,16695.775145851,16695.775399732,16695.775399732,16695.776028522,16695.789137242,1,COMPLETED,True,baseline_5,104,0.25388100038981065,0.6287899996095803,13.108720002492191,13.991391002491582
1425,16695.787161279834,16695.787321907,16695.787321907,16695.788037736,16695.807223864,3,COMPLETED,True,baseline_5,105,0.1606271653145086,0.7158290027291514,19.18612800000119,20.06258416804485
1426,16695.825731172015,16695.825892813,16695.825892813,16695.826548064,16695.846044101,0,COMPLETED,True,baseline_5,106,0.1616409863345325,0.6552509985340293,19.49603699904401,20.31292898391257
1427,16695.82645583425,16695.826593706,16695.826593706,16695.827066138,16695.841139003,2,COMPLETED,True,baseline_5,107,0.13787174975732341,0.4724320024251938,14.072865000343882,14.683168752526399
1428,16695.864943799566,16695.865040165,16695.865040165,16695.865582482,16695.879093345,1,COMPLETED,True,baseline_5,108,0.09636543472879566,0.5423170005087741,13.51086299837334,14.14954543361091
1429,16695.872682213307,16695.872842459,16695.872842459,16695.873547542,16695.891996998,3,COMPLETED,True,baseline_5,109,0.16024569413275458,0.7050829990475904,18.449456001690123,19.31478469487047
1430,16695.909790013244,16695.909960573,16695.909960573,16695.910822863,16695.925141285,2,COMPLETED,True,baseline_5,110,0.17055975695257075,0.8622899986221455,14.318421999632847,15.351271755207563
1431,16695.970918714444,16695.971110215,16695.971110215,16695.972162773,16695.992178991,0,COMPLETED,True,baseline_5,111,0.1915005559567362,1.0525580000830814,20.016218000819208,21.260276556859026
1432,16695.994879190454,16695.995011762,16695.995011762,16695.995726003,16696.010179647,1,COMPLETED,True,baseline_5,112,0.13257154569146223,0.7142409995140042,14.453644002060173,15.30045654726564
1433,16696.06509899293,16696.065264424,16696.065264424,16696.06604598,16696.085755675,3,COMPLETED,True,baseline_5,113,0.16543106903554872,0.7815559984010179,19.709695003257366,20.656682070693932
1434,16696.087733724664,16696.087904274,16696.087904274,16696.088781775,16696.107871345,2,COMPLETED,True,baseline_5,114,0.17054933778126724,0.8775009991950355,19.089569999778178,20.13762033675448
1435,16696.094985680644,16696.095141933,16696.095141933,16696.095842751,16696.11449882,0,COMPLETED,True,baseline_5,115,0.15625235755578615,0.7008180000411812,18.656068998097908,19.513139355694875
1436,16696.109689642963,16696.109857848,16696.109857848,16696.11077194,16696.129842839,1,COMPLETED,True,baseline_5,116,0.16820503878989257,0.914091997401556,19.070899001235375,20.153196037426824
1437,16696.20198459458,16696.202246389,16696.202246389,16696.203235785,16696.223705449,3,COMPLETED,True,baseline_5,117,0.2617944192024879,0.9893960013869219,20.46966399939265,21.72085441998206
1438,16696.21717471166,16696.217467129,16696.217467129,16696.218272298,16696.239013236,2,COMPLETED,True,baseline_5,118,0.29241734227980487,0.8051689983403776,20.740938001836184,21.838524342456367
1439,16696.251799878522,16696.251934793,16696.251934793,16696.252896089,16696.272950454,0,COMPLETED,True,baseline_5,119,0.13491447680280544,0.9612960020604078,20.05436499894131,21.150575477804523
1440,16696.267433158268,16696.267604069,16696.267604069,16696.268619287,16696.285718905,1,COMPLETED,True,baseline_5,0,0.17091073095798492,1.0152180002478417,17.099618002248462,18.28574673345429
1441,16696.27559933371,16696.275796559,16696.275796559,16696.276677522,16696.295429211,3,COMPLETED,True,baseline_5,1,0.19722529032151215,0.8809630016912706,18.751689000055194,19.829877292067977
1442,16696.302314410015,16696.302402451,16696.302402451,16696.302858858,16696.316333355,2,COMPLETED,True,baseline_5,2,0.08804098615655676,0.45640699681825936,13.474497001880081,14.018944984854897
1443,16696.312574951415,16696.312673934,16696.312673934,16696.313271321,16696.3324154,0,COMPLETED,True,baseline_5,3,0.09898258576868102,0.5973869992885739,19.14407900039805,19.840448585455306
1444,16696.32696311863,16696.327062644,16696.327062644,16696.327483871,16696.341296767,1,COMPLETED,True,baseline_5,4,0.0995253685687203,0.42122699960600585,13.81289600249147,14.333648370666197
1445,16696.404161859948,16696.40442278,16696.40442278,16696.405304742,16696.424591019,3,COMPLETED,True,baseline_5,5,0.26092005282407627,0.8819619979476556,19.28627700181096,20.42915905258269
1446,16696.40679704062,16696.406962821,16696.406962821,16696.40778465,16696.428146756,2,COMPLETED,True,baseline_5,6,0.16578038048464805,0.8218289985961746,20.362105999083724,21.349715378164547
1447,16696.45464626477,16696.454776031,16696.454776031,16696.455700159,16696.475624198,0,COMPLETED,True,baseline_5,7,0.12976623111171648,0.9241279985872097,19.924038999306504,20.97793322900543
1448,16696.458007665202,16696.458133262,16696.458133262,16696.458841001,16696.477742955,1,COMPLETED,True,baseline_5,8,0.12559679817059077,0.7077390000631567,18.9019540011941,19.735289799427846
1449,16696.460211519632,16696.460397182,16696.460397182,16696.461262062,16696.480735311,3,COMPLETED,True,baseline_5,9,0.1856623675848823,0.8648799994261935,19.473249001748627,20.523791368759703
1450,16696.46355021762,16696.463725038,16696.463725038,16696.464556532,16696.484429976,2,COMPLETED,True,baseline_5,10,0.17482037947047502,0.8314939987030812,19.873444001859752,20.87975838003331
1451,16696.47685053968,16696.477061444,16696.477061444,16696.477794096,16696.493348353,0,COMPLETED,True,baseline_5,11,0.21090431982884184,0.7326520026254002,15.554256999166682,16.497813321620924
1452,16696.49605571824,16696.496229226,16696.496229226,16696.496789691,16696.510126406,1,COMPLETED,True,baseline_5,12,0.17350776033708826,0.5604649995802902,13.336715001059929,14.070687760977307
1453,16696.50250095964,16696.502742811,16696.502742811,16696.503502031,16696.518028024,3,COMPLETED,True,baseline_5,13,0.241851361352019,0.7592199981445447,14.525992999551818,15.527064359048381
1454,16696.53351571891,16696.533614725,16696.533614725,16696.534044987,16696.55194283,2,COMPLETED,True,baseline_5,14,0.09900608711177483,0.4302620000089519,17.897843001264846,18.427111088385573
1455,16696.535378242974,16696.535500262,16696.535500262,16696.535905443,16696.55438754,0,COMPLETED,True,baseline_5,15,0.12201902791275643,0.4051809992233757,18.482096998923225,19.009297026059357
1456,16696.53992501374,16696.540032835,16696.540032835,16696.540423835,16696.55402156,1,COMPLETED,True,baseline_5,16,0.10782125900732353,0.3909999977622647,13.59772500291001,14.096546259679599
1457,16696.540046819053,16696.540099275,16696.540099275,16696.540516649,16696.553727719,3,COMPLETED,True,baseline_5,17,0.052455947297858074,0.4173740016994998,13.211069999670144,13.680899948667502
1458,16696.592550058696,16696.592788421,16696.592788421,16696.593364197,16696.606567958,2,COMPLETED,True,baseline_5,18,0.2383623032073956,0.5757760009146295,13.203760998294456,14.017899302416481
1459,16696.637894515345,16696.638056667,16696.638056667,16696.638842283,16696.653221262,3,COMPLETED,True,baseline_5,19,0.16215165669564158,0.7856159973016474,14.378979001776315,15.326746655773604
1460,16696.641105648174,16696.641262374,16696.641262374,16696.642096877,16696.661287921,1,COMPLETED,True,baseline_5,20,0.1567258259456139,0.8345030000782572,19.191044000763213,20.182272826787084
1461,16696.66901641933,16696.669226397,16696.669226397,16696.669972025,16696.687293392,0,COMPLETED,True,baseline_5,21,0.20997766841901466,0.745628000004217,17.32136699865805,18.27697266708128
1462,16696.693131217748,16696.693316143,16696.693316143,16696.693990845,16696.707375453,2,COMPLETED,True,baseline_5,22,0.1849252512329258,0.6747020015609451,13.384607998887077,14.244235251680948
1463,16696.71863949476,16696.718894262,16696.718894262,16696.719737971,16696.737262169,3,COMPLETED,True,baseline_5,23,0.25476724113104865,0.8437090000370517,17.524197999591706,18.622674240759807
1464,16696.79580987986,16696.795953264,16696.795953264,16696.796748376,16696.816725137,1,COMPLETED,True,baseline_5,24,0.14338414257508703,0.7951119987410493,19.976760999270482,20.91525714058662
1465,16696.831167395438,16696.83135228,16696.83135228,16696.831949893,16696.846987804,0,COMPLETED,True,baseline_5,25,0.1848845640779473,0.597612997808028,15.037911001854809,15.820408563740784
1466,16696.837354033407,16696.837497237,16696.837497237,16696.838406133,16696.858348699,2,COMPLETED,True,baseline_5,26,0.14320359332486987,0.9088959996006452,19.942565999372164,20.99466559229768
1467,16696.944245332652,16696.94450637,16696.94450637,16696.945589429,16696.964950607,3,COMPLETED,True,baseline_5,27,0.2610373485367745,1.0830589999386575,19.36117800141801,20.705274349893443
1468,16696.97518901993,16696.97538878,16696.97538878,16696.976340025,16696.996056292,1,COMPLETED,True,baseline_5,28,0.19976007024524733,0.9512450014881324,19.716266997420462,20.86727206915384
1469,16697.005585677092,16697.005721424,16697.005721424,16697.006684239,16697.026695189,0,COMPLETED,True,baseline_5,29,0.13574690819950774,0.962815000093542,20.010950000141747,21.109511908434797
1470,16697.06270192642,16697.062789476,16697.062789476,16697.063651673,16697.083716056,2,COMPLETED,True,baseline_5,30,0.08754957889323123,0.8621970009698998,20.064382999407826,21.014129579270957
1471,16697.071752464784,16697.071847696,16697.071847696,16697.072515016,16697.092514055,3,COMPLETED,True,baseline_5,31,0.09523121480015106,0.6673200005025137,19.999038999230834,20.7615902145335
1472,16697.084442047977,16697.084644507,16697.084644507,16697.085407198,16697.09903661,1,COMPLETED,True,baseline_5,32,0.20245902123861015,0.7626910010003485,13.629412002046593,14.594562024285551
1473,16697.14827961618,16697.148328964,16697.148328964,16697.14883405,16697.162338713,0,COMPLETED,True,baseline_5,33,0.04934781827614643,0.5050860017945524,13.504662998457206,14.059096818527905
1474,16697.15483934348,16697.155097404,16697.155097404,16697.155619475,16697.173891225,2,COMPLETED,True,baseline_5,34,0.2580605214461684,0.522071000887081,18.271749999257736,19.051881521590985
1475,16697.232780589107,16697.232919883,16697.232919883,16697.233896689,16697.2544135,3,COMPLETED,True,baseline_5,35,0.13929389388067648,0.9768059971975163,20.516811000561574,21.632910891639767
1476,16697.255933381733,16697.25604144,16697.25604144,16697.257093084,16697.276990125,1,COMPLETED,True,baseline_5,36,0.10805826605064794,1.0516440015635453,19.89704099833034,21.056743265944533
1477,16697.256305376777,16697.256603578,16697.256603578,16697.257274519,16697.273990847,0,COMPLETED,True,baseline_5,37,0.2982012229040265,0.6709410008625127,16.71632799843792,17.685470222204458
1478,16697.27678858514,16697.276886974,16697.276886974,16697.277857215,16697.296404734,2,COMPLETED,True,baseline_5,38,0.09838886035140604,0.9702409988676663,18.54751900100382,19.616148860222893
1479,16697.280055949122,16697.28029534,16697.28029534,16697.280961995,16697.300411453,3,COMPLETED,True,baseline_5,39,0.23939087623148225,0.6666549998044502,19.449458002782194,20.355503878818126
1480,16697.28235061712,16697.282493471,16697.282493471,16697.283093874,16697.299432576,0,COMPLETED,True,baseline_5,40,0.14285388169810176,0.6004030001349747,16.338702000211924,17.081958882045
1481,16697.293997319684,16697.294113824,16697.294113824,16697.294960803,16697.311540322,1,COMPLETED,True,baseline_5,41,0.11650431406451389,0.8469790009257849,16.579519000515575,17.543002315505873
1482,16697.30894336223,16697.3089642,16697.3089642,16697.309423335,16697.323346981,2,COMPLETED,True,baseline_5,42,0.02083777144434862,0.4591349970723968,13.923646001785528,14.403618770302273
1483,16697.32610285532,16697.326223667,16697.326223667,16697.326692983,16697.339770897,0,COMPLETED,True,baseline_5,43,0.12081168097211048,0.4693159971793648,13.077914001769386,13.668041679920861
1484,16697.34923308566,16697.349329849,16697.349329849,16697.34981421,16697.363092338,3,COMPLETED,True,baseline_5,44,0.09676333866082132,0.48436100041726604,13.278128000820288,13.859252339898376
1485,16697.39516125305,16697.395342927,16697.395342927,16697.395858426,16697.409472608,1,COMPLETED,True,baseline_5,45,0.18167394955526106,0.5154989994480275,13.614182000310393,14.311354949313682
1486,16697.39641796664,16697.396600625,16697.396600625,16697.397176572,16697.415229183,2,COMPLETED,True,baseline_5,46,0.18265836115460843,0.5759470004704781,18.05261099798372,18.811216359608807
1487,16697.41139896912,16697.411487092,16697.411487092,16697.412143448,16697.429519437,0,COMPLETED,True,baseline_5,47,0.08812287705950439,0.6563560018548742,17.37598899853765,18.12046787745203
1488,16697.46582436331,16697.465922124,16697.465922124,16697.466476413,16697.484780586,3,COMPLETED,True,baseline_5,48,0.09776069055078551,0.5542889994103462,18.30417300152476,18.95622269148589
1489,16697.47241736652,16697.472546716,16697.472546716,16697.473232915,16697.49100613,1,COMPLETED,True,baseline_5,49,0.12934947881149128,0.6861990004836116,17.773215000488563,18.588763479783665
1490,16697.49408378037,16697.49418212,16697.49418212,16697.494877352,16697.509803342,2,COMPLETED,True,baseline_5,50,0.09833963122218847,0.6952319999982137,14.925989999028388,15.71956163024879
1491,16697.505377682006,16697.505486261,16697.505486261,16697.506207197,16697.523749247,0,COMPLETED,True,baseline_5,51,0.10857899542315863,0.7209359973785467,17.54205000179354,18.371564994595246
1492,16697.52916269879,16697.529333177,16697.529333177,16697.53030592,16697.544234644,3,COMPLETED,True,baseline_5,52,0.1704782116576098,0.9727430006023496,13.928723998105852,15.071945210365811
1493,16697.595172184963,16697.595345036,16697.595345036,16697.59613163,16697.614107129,1,COMPLETED,True,baseline_5,53,0.17285103604081087,0.7865940024203155,17.975498998566763,18.93494403702789
1494,16697.62865429223,16697.628804636,16697.628804636,16697.629783886,16697.64965267,2,COMPLETED,True,baseline_5,54,0.1503437670180574,0.9792500022740569,19.868783998390427,20.99837776768254
1495,16697.655709669187,16697.655924063,16697.655924063,16697.65665778,16697.674435445,0,COMPLETED,True,baseline_5,55,0.2143938145309221,0.7337169990933035,17.77766499799327,18.725775811617495
1496,16697.678324415912,16697.678494921,16697.678494921,16697.679162955,16697.692687143,3,COMPLETED,True,baseline_5,56,0.17050508904503658,0.6680339974991512,13.524188001611037,14.362727088155225
1497,16697.698544754992,16697.69863639,16697.69863639,16697.699292375,16697.713202321,1,COMPLETED,True,baseline_5,57,0.09163500726572238,0.655985000776127,13.909945999330375,14.657566007372225
1498,16697.71355668087,16697.713933422,16697.713933422,16697.714386566,16697.728402707,2,COMPLETED,True,baseline_5,58,0.3767411326407455,0.4531439990387298,14.016141001775395,14.84602613345487
1499,16697.71920909581,16697.719318711,16697.719318711,16697.719920444,16697.734326636,0,COMPLETED,True,baseline_5,59,0.10961519001284614,0.6017330015311018,14.40619200002402,15.117540191567969
1500,16697.72865243544,16697.729011546,16697.729011546,16697.729663123,16697.746164638,3,COMPLETED,True,baseline_5,60,0.35911055965698324,0.6515770000987686,16.50151500143693,17.51220256119268
1501,16697.757220782907,16697.757357521,16697.757357521,16697.757818674,16697.772238426,1,COMPLETED,True,baseline_5,61,0.13673809371539392,0.4611529984686058,14.41975200214074,15.01764309432474
1502,16697.782910910882,16697.783001341,16697.783001341,16697.783458087,16697.797429969,2,COMPLETED,True,baseline_5,62,0.09043011596077122,0.4567460018733982,13.971881999168545,14.519058117002714
1503,16697.807207482245,16697.807300285,16697.807300285,16697.807786226,16697.826568468,0,COMPLETED,True,baseline_5,63,0.09280275480705313,0.4859410000790376,18.78224200117984,19.36098575606593
1504,16697.824330369178,16697.824437369,16697.824437369,16697.825138767,16697.838755901,3,COMPLETED,True,baseline_5,64,0.10699982158257626,0.701397999364417,13.61713400183362,14.425531822780613
1505,16697.8495810649,16697.849715236,16697.849715236,16697.850418384,16697.867025593,1,COMPLETED,True,baseline_5,65,0.13417109948932193,0.703148001775844,16.60720899963053,17.444528100895695
1506,16697.917311766978,16697.917470962,16697.917470962,16697.918458489,16697.938348801,2,COMPLETED,True,baseline_5,66,0.15919502038741484,0.9875270006887149,19.890311999915866,21.037034020991996
1507,16697.921299875172,16697.921443255,16697.921443255,16697.922301453,16697.942355707,0,COMPLETED,True,baseline_5,67,0.14337982793222181,0.8581980000599287,20.054254000569927,21.055831828562077
1508,16697.929001704186,16697.92919387,16697.92919387,16697.930106259,16697.950215172,3,COMPLETED,True,baseline_5,68,0.19216581495129503,0.9123889976763166,20.108913002331974,21.213467814959586
1509,16697.93773745123,16697.93796782,16697.93796782,16697.938797909,16697.957340157,1,COMPLETED,True,baseline_5,69,0.23036876882542856,0.8300890003738459,18.542248002631823,19.602705771831097
1510,16697.94018745119,16697.940263787,16697.940263787,16697.941023475,16697.959648371,2,COMPLETED,True,baseline_5,70,0.07633581117261201,0.7596879986522254,18.624896001711022,19.46091981153586
1511,16697.96972793135,16697.969836727,16697.969836727,16697.970613608,16697.989399589,0,COMPLETED,True,baseline_5,71,0.10879564797505736,0.7768809991830494,18.785981003020424,19.67165765017853
1512,16697.972273498915,16697.972372885,16697.972372885,16697.972800776,16697.986301417,3,COMPLETED,True,baseline_5,72,0.09938608491211198,0.42789099825313315,13.500641001883196,14.02791808504844
1513,16698.027676588827,16698.027854196,16698.027854196,16698.028488684,16698.041827773,1,COMPLETED,True,baseline_5,73,0.17760717310011387,0.6344880021060817,13.339088996872306,14.151184172078501
1514,16698.043222524575,16698.0433304,16698.0433304,16698.044175126,16698.057635368,2,COMPLETED,True,baseline_5,74,0.10787542487378232,0.844726000650553,13.460242000292055,14.41284342581639
1515,16698.05189933715,16698.052171555,16698.052171555,16698.053007459,16698.072675364,3,COMPLETED,True,baseline_5,75,0.2722178469412029,0.8359040002687834,19.66790500227944,20.776026849489426
1516,16698.060589179575,16698.060788316,16698.060788316,16698.06152653,16698.07962484,0,COMPLETED,True,baseline_5,76,0.19913642609026283,0.7382139992841985,18.09830999991391,19.03566042528837
1517,16698.083289259335,16698.083376651,16698.083376651,16698.084126629,16698.097394475,1,COMPLETED,True,burst_5,77,0.0873916651471518,0.7499780003854539,13.2678459995077,14.105215665040305
1518,16698.09253178503,16698.092647624,16698.092647624,16698.093154414,16698.106791317,2,COMPLETED,True,burst_5,78,0.1158389677584637,0.5067900019639637,13.636903000588063,14.25953197031049
1519,16698.102914722913,16698.103020764,16698.103020764,16698.103530531,16698.117329744,3,COMPLETED,True,burst_5,79,0.10604108683764935,0.5097670000395738,13.799213000311283,14.415021087188506
1520,16698.108328268972,16698.108516161,16698.108516161,16698.109216991,16698.122683206,0,COMPLETED,True,burst_5,80,0.1878920265880879,0.7008300017332658,13.466214997606585,14.354937025927939
1521,16698.111034793696,16698.111237273,16698.111237273,16698.11182702,16698.125462006,1,COMPLETED,True,burst_5,81,0.20247930297045968,0.5897470000491012,13.634986000397475,14.427212303417036
1522,16698.124866645845,16698.125030507,16698.125030507,16698.125617344,16698.139558638,2,COMPLETED,True,burst_5,82,0.1638611538510304,0.5868370026291814,13.941293997049797,14.691992153530009
1523,16698.133953635097,16698.134073179,16698.134073179,16698.134734059,16698.148617239,3,COMPLETED,True,burst_5,83,0.11954390356549993,0.6608799994864967,13.883179999538697,14.663603902590694
1524,16698.134294752257,16698.134522725,16698.134522725,16698.134893201,16698.14871595,0,COMPLETED,True,burst_5,84,0.22797274141339585,0.3704760019900277,13.822748998791212,14.421197742194636
1525,16698.139125077865,16698.139257237,16698.139257237,16698.140063096,16698.160170192,1,COMPLETED,True,burst_5,85,0.1321591334999539,0.8058590028667822,20.107095999264857,21.045114135631593
1526,16698.140541283014,16698.140704917,16698.140704917,16698.141075179,16698.157195754,2,COMPLETED,True,burst_5,86,0.16363398754037917,0.37026199788670056,16.12057500096853,16.65447098639561
1527,16698.14200385714,16698.142187035,16698.142187035,16698.148792144,16698.162493152,3,COMPLETED,True,burst_5,87,0.1831778572523035,6.605108999792719,13.701007999770809,20.48929485681583
1528,16698.15468507536,16698.154872544,16698.154872544,16698.155285034,16698.169631451,0,COMPLETED,True,burst_5,88,0.18746864225249738,0.41249000059906393,14.34641699961503,14.946375642466592
1529,16698.154719328406,16698.154953671,16698.154953671,16698.157327737,16698.174687324,2,COMPLETED,True,burst_5,89,0.23434259492205456,2.3740659999020863,17.359587000100873,19.967995594925014
1530,16698.163961815746,16698.164092374,16698.164092374,16698.164658448,16698.183550002,1,COMPLETED,True,burst_5,90,0.13055825547780842,0.5660739989252761,18.891553998400923,19.588186252804007
1531,16698.177101802936,16698.177190883,16698.177190883,16698.177583547,16698.191337948,3,COMPLETED,True,burst_5,91,0.08908006566343829,0.392663998354692,13.754400999459904,14.236145063478034
1532,16698.177785552318,16698.178080771,16698.178080771,16698.178635353,16698.192636056,0,COMPLETED,True,burst_5,92,0.2952186805487145,0.5545820022234693,14.0007029986009,14.850503681373084
1533,16698.178599386145,16698.178762146,16698.178762146,16698.179037749,16698.193630471,2,COMPLETED,True,burst_5,93,0.16275985399261117,0.27560300077311695,14.592722000088543,15.03108485485427
1534,16698.18734248315,16698.187468299,16698.187468299,16698.187885207,16698.201702014,1,COMPLETED,True,burst_5,94,0.12581584815052338,0.416908002080163,13.816807000694098,14.359530850924784
1535,16698.187620407225,16698.187710569,16698.187710569,16698.191684873,16698.20527456,3,COMPLETED,True,burst_5,95,0.09016177500598133,3.974303999711992,13.589687001513084,17.654152776231058
1536,16698.18834813714,16698.188459958,16698.188459958,16698.192800181,16698.206282241,0,COMPLETED,True,burst_5,96,0.11182086018379778,4.3402230003266595,13.482059999660123,17.93410386017058
1537,16698.192232727433,16698.192417368,16698.192417368,16698.193961445,16698.207191968,2,COMPLETED,True,burst_5,97,0.18464056847733445,1.544076996651711,13.230522999947425,14.95924056507647
1538,16698.22524646633,16698.225369196,16698.225369196,16698.225872366,16698.240333284,1,COMPLETED,True,burst_5,98,0.12272967069293372,0.5031700020481367,14.46091799880378,15.08681767154485
1539,16698.230709891675,16698.230839392,16698.230839392,16698.231756702,16698.247886068,3,COMPLETED,True,burst_5,99,0.12950032396474853,0.9173100006591994,16.129365998494904,17.176176323118852
1540,16698.235769543888,16698.235935307,16698.235935307,16698.236664697,16698.254981843,0,COMPLETED,True,burst_5,100,0.16576311099925078,0.7293900016520638,18.31714600120904,19.212299113860354
1541,16698.24999262895,16698.250086264,16698.250086264,16698.250603564,16698.264360209,2,COMPLETED,True,burst_5,101,0.09363505159853958,0.5172999990463722,13.756644999375567,14.367580050020479
1542,16698.280181089787,16698.280274033,16698.280274033,16698.281059848,16698.297121845,1,COMPLETED,True,burst_5,102,0.09294321353081614,0.7858149983803742,16.061997001088457,16.940755212999647
1543,16698.283127241542,16698.283211046,16698.283211046,16698.28367664,16698.297798528,3,COMPLETED,True,burst_5,103,0.08380445797229186,0.4655939992517233,14.121888001682237,14.671286458906252
1544,16698.284532498277,16698.284756834,16698.284756834,16698.285277552,16698.300701762,0,COMPLETED,True,burst_5,104,0.2243357230327092,0.5207180001889355,15.424209999764571,16.169263722986216
1545,16698.288057430724,16698.288211021,16698.288211021,16698.288902662,16698.308135061,2,COMPLETED,True,burst_5,105,0.1535902774776332,0.691640998411458,19.232399001339218,20.07763027722831
1546,16698.293056724513,16698.293211886,16698.293211886,16698.297294755,16698.311760662,1,COMPLETED,True,burst_5,106,0.15516148778260686,4.08286899983068,14.465906999248546,18.703937486861832
1547,16698.295303216615,16698.295470472,16698.295470472,16698.298123354,16698.312348962,3,COMPLETED,True,burst_5,107,0.16725538444006816,2.652882001711987,14.2256079998333,17.045745385985356
1548,16698.29682520657,16698.296948236,16698.296948236,16698.301130471,16698.316258872,0,COMPLETED,True,burst_5,108,0.12302942923270166,4.182235003099777,15.128400998946745,19.433665431279223
1549,16698.302269906162,16698.302368839,16698.302368839,16698.308691744,16698.323193191,2,COMPLETED,True,burst_5,109,0.09893283640849404,6.322905002889456,14.501446999929613,20.923284839227563
1550,16698.3025187142,16698.302817872,16698.302817872,16698.31211955,16698.325806949,1,COMPLETED,True,burst_5,110,0.2991578003275208,9.30167799742776,13.687399001355516,23.288234799110796
1551,16698.302976433697,16698.303058823,16698.303058823,16698.312669012,16698.326940992,3,COMPLETED,True,burst_5,111,0.08238930240622722,9.610189001250546,14.27197999873897,23.964558302395744
1552,16698.307814409756,16698.307910782,16698.307910782,16698.316634424,16698.332275714,0,COMPLETED,True,burst_5,112,0.09637224502512254,8.723642000404652,15.641289999621222,24.461304245050997
1553,16698.31403925271,16698.314140104,16698.314140104,16698.323570205,16698.338187733,2,COMPLETED,True,burst_5,113,0.10085129179060459,9.430100999452407,14.617527998780133,24.148480290023144
1554,16698.317027701047,16698.317124167,16698.317124167,16698.326190986,16698.340233799,1,COMPLETED,True,burst_5,114,0.0964659520832356,9.066819002327975,14.042812999832677,23.206097954243887
1555,16698.330541813237,16698.330647081,16698.330647081,16698.331180415,16698.345704078,3,COMPLETED,True,burst_5,115,0.10526776168262586,0.5333340013748966,14.523663001455134,15.162264764512656
1556,16698.33167307859,16698.33181123,16698.33181123,16698.332646113,16698.347572556,0,COMPLETED,True,burst_5,116,0.13815141210216098,0.8348829978785943,14.926443000149447,15.899477410130203
1557,16698.335125871097,16698.335228301,16698.335228301,16698.338562647,16698.353012186,2,COMPLETED,True,burst_5,117,0.10242990174447186,3.3343460017931648,14.449538997723721,17.886314901261358
1558,16698.335694285754,16698.335781484,16698.335781484,16698.340565499,16698.354527483,1,COMPLETED,True,burst_5,118,0.08719824472791515,4.784015000041109,13.96198400107096,18.833197245839983
1559,16698.337352383765,16698.337479386,16698.337479386,16698.346077637,16698.362614808,3,COMPLETED,True,burst_5,119,0.12700223305728287,8.598251002695179,16.53717099907226,25.26242423482472
1560,16698.342476216698,16698.342601799,16698.342601799,16698.34791182,16698.363035467,0,COMPLETED,True,burst_5,0,0.1255823008250445,5.310021002514986,15.123646997381002,20.559250300721033
1561,16698.350886823635,16698.350994111,16698.350994111,16698.353379502,16698.366963691,2,COMPLETED,True,burst_5,1,0.10728736378950998,2.385391002462711,13.584189000539482,16.076867366791703
1562,16698.354331673294,16698.354425243,16698.354425243,16698.354865243,16698.368551432,1,COMPLETED,True,burst_5,2,0.0935697062232066,0.4399999997986015,13.68618899869034,14.219758704712149
1563,16698.370031762115,16698.370121237,16698.370121237,16698.370608012,16698.383925116,3,COMPLETED,True,burst_5,3,0.08947488458943553,0.4867749994446058,13.317103999725077,13.893353883759119
1564,16698.37013020605,16698.370187056,16698.370187056,16698.370722004,16698.385281767,0,COMPLETED,True,burst_5,4,0.056849949032766744,0.5349480015865993,14.559762999851955,15.151560950471321
1565,16698.375737477712,16698.375859913,16698.375859913,16698.376366892,16698.390330014,2,COMPLETED,True,burst_5,5,0.12243528908584267,0.506978998600971,13.963122000859585,14.592536288546398
1566,16698.381707281576,16698.381843073,16698.381843073,16698.382334111,16698.396469926,1,COMPLETED,True,burst_5,6,0.13579142250819132,0.4910380012006499,14.135814999463037,14.762644423171878
1567,16698.38188261442,16698.381922141,16698.381922141,16698.38436614,16698.39815051,3,COMPLETED,True,burst_5,7,0.03952658153139055,2.4439989974780474,13.784369999484625,16.267895578494063
1568,16698.383510237527,16698.383640962,16698.383640962,16698.385627335,16698.400748073,0,COMPLETED,True,burst_5,8,0.13072447472950444,1.9863729976350442,15.120738000405254,17.237835472769802
1569,16698.384007968143,16698.384095722,16698.384095722,16698.390699932,16698.404405319,2,COMPLETED,True,burst_5,9,0.08775385867920704,6.604209997021826,13.705387002119096,20.39735085782013
1570,16698.389675088445,16698.389919123,16698.389919123,16698.396850431,16698.410379755,1,COMPLETED,True,burst_5,10,0.24403455608990043,6.931307998456759,13.529324001865461,20.70466655641212
1571,16698.40179371773,16698.401890036,16698.401890036,16698.402299475,16698.415867505,3,COMPLETED,True,burst_5,11,0.09631826833356172,0.40943900239653885,13.568029997259146,14.073787267989246
1572,16698.420522519657,16698.420613763,16698.420613763,16698.421045938,16698.434966602,0,COMPLETED,True,burst_5,12,0.09124334246735089,0.4321750020608306,13.92066399785108,14.44408234237926
1573,16698.425492144313,16698.425655097,16698.425655097,16698.426116259,16698.439538259,2,COMPLETED,True,burst_5,13,0.16295268505928107,0.46116200246615335,13.421999999991385,14.04611468751682
1574,16698.436194451824,16698.436240905,16698.436240905,16698.436715981,16698.44982843,1,COMPLETED,True,burst_5,14,0.04645317676477134,0.4750759981106967,13.112448999891058,13.633978174766526
1575,16698.45136479109,16698.451453474,16698.451453474,16698.45186846,16698.465758643,3,COMPLETED,True,burst_5,15,0.0886829111550469,0.4149859996687155,13.890182999602985,14.393851910426747
1576,16698.452514896773,16698.452724892,16698.452724892,16698.453156824,16698.466708881,0,COMPLETED,True,burst_5,16,0.2099952253047377,0.4319320032664109,13.552056996559259,14.193984225130407
1577,16698.463590321415,16698.463682263,16698.463682263,16698.464614041,16698.478403312,2,COMPLETED,True,burst_5,17,0.0919415833777748,0.9317780022684019,13.789271000860026,14.812990586506203
1578,16698.46716875019,16698.46725904,16698.46725904,16698.467832014,16698.481517515,1,COMPLETED,True,burst_5,18,0.09028981003211811,0.572974000533577,13.685500998690259,14.348764809255954
1579,16698.47173296074,16698.471822247,16698.471822247,16698.472520831,16698.486001903,3,COMPLETED,True,burst_5,19,0.08928625902626663,0.6985840009292588,13.481071997375693,14.268942257331219
1580,16698.4918078454,16698.491969887,16698.491969887,16698.492597608,16698.509236922,0,COMPLETED,True,burst_5,20,0.16204160056076944,0.6277210013649892,16.639313998894067,17.429076600819826
1581,16698.500585514383,16698.500676591,16698.500676591,16698.501423273,16698.515237069,2,COMPLETED,True,burst_5,21,0.09107661753660068,0.7466819988621864,13.813796002068557,14.651554618467344
1582,16698.507868524906,16698.507971837,16698.507971837,16698.508691429,16698.527256363,1,COMPLETED,True,burst_5,22,0.10331209341529757,0.7195920006779488,18.56493399827741,19.387838092370657
1583,16698.50825591846,16698.50841176,16698.50841176,16698.50883539,16698.522956423,3,COMPLETED,True,burst_5,23,0.15584154243697412,0.42362999738543294,14.121033000265015,14.700504540087422
1584,16698.513546081937,16698.513637679,16698.513637679,16698.514158435,16698.527817302,0,COMPLETED,True,burst_5,24,0.09159706314676441,0.5207559988775756,13.658867002959596,14.271220064983936
1585,16698.516794860592,16698.517042702,16698.517042702,16698.517499215,16698.531393,2,COMPLETED,True,burst_5,25,0.24784140623523854,0.4565130002447404,13.893785002437653,14.598139408917632
1586,16698.52135572396,16698.521466969,16698.521466969,16698.523317501,16698.537025402,3,COMPLETED,True,burst_5,26,0.1112450408982113,1.8505320003896486,13.707901001907885,15.669678043195745
1587,16698.533677801726,16698.533769944,16698.533769944,16698.534332041,16698.547731542,1,COMPLETED,True,burst_5,27,0.09214227247866802,0.5620970005111303,13.39950100009446,14.053740273084259
1588,16698.547347282103,16698.54744965,16698.54744965,16698.547934924,16698.561580093,0,COMPLETED,True,burst_5,28,0.10236789603368379,0.485274002130609,13.645168997754809,14.232810895919101
1589,16698.548001948784,16698.548152537,16698.548152537,16698.548657258,16698.561949967,2,COMPLETED,True,burst_5,29,0.15058821736602113,0.5047209997428581,13.29270899805124,13.948018215160118
1590,16698.566699730374,16698.566826672,16698.566826672,16698.567372548,16698.583053737,3,COMPLETED,True,burst_5,30,0.12694162433035672,0.5458760024339426,15.681188997405116,16.354006624169415
1591,16698.615775058603,16698.615889456,16698.615889456,16698.616754754,16698.636227087,1,COMPLETED,True,baseline_6,31,0.11439739682828076,0.8652979995531496,19.472333002340747,20.452028398722177
1592,16698.64835043442,16698.648442727,16698.648442727,16698.649055411,16698.663604985,0,COMPLETED,True,baseline_6,32,0.09229257921106182,0.6126839980424847,14.54957399982959,15.254550577083137
1593,16698.651112312527,16698.651192994,16698.651192994,16698.651940694,16698.666032067,2,COMPLETED,True,baseline_6,33,0.08068147144513205,0.7476999999198597,14.091373002884211,14.919754474249203
1594,16698.71029701117,16698.710388717,16698.710388717,16698.718357121,16698.733897849,3,COMPLETED,True,baseline_6,34,0.09170583143713884,7.968403999257134,15.540727999905357,23.60083783059963
1595,16698.717104268326,16698.717939882,16698.717939882,16698.718608042,16698.73238373,1,COMPLETED,True,baseline_6,35,0.8356136750080623,0.6681599988951348,13.775687999441288,15.279461673344485
1596,16698.73701108395,16698.737256472,16698.737256472,16698.737842708,16698.752117717,0,COMPLETED,True,baseline_6,36,0.24538804791518487,0.5862360012542922,14.27500899808365,15.106633047253126
1597,16698.768651012397,16698.768799116,16698.768799116,16698.769731042,16698.789483597,2,COMPLETED,True,baseline_6,37,0.14810360153205693,0.931926002522232,19.752554999286076,20.832584603340365
1598,16698.770882382327,16698.771009986,16698.771009986,16698.771817935,16698.790716427,1,COMPLETED,True,baseline_6,38,0.1276036746276077,0.8079489998635836,18.898491998697864,19.834044673189055
1599,16698.782447223446,16698.782589216,16698.782589216,16698.783287825,16698.797360003,3,COMPLETED,True,baseline_6,39,0.14199255383573472,0.6986090011196211,14.072178000787972,14.912779555743327
1600,16698.784410650693,16698.78454202,16698.78454202,16698.785299704,16698.804389875,0,COMPLETED,True,baseline_6,40,0.13136930647306144,0.7576839998364449,19.090171001153067,19.979224307462573
1601,16698.78670828432,16698.786791301,16698.786791301,16698.789692208,16698.804601454,2,COMPLETED,True,baseline_6,41,0.0830166827654466,2.9009069985477254,14.909246001479914,17.893169682793086
1602,16698.803820931913,16698.803908808,16698.803908808,16698.804633965,16698.823848507,1,COMPLETED,True,baseline_6,42,0.08787608749116771,0.725156998669263,19.214542000554502,20.027575086714933
1603,16698.863191954562,16698.863454579,16698.863454579,16698.864298036,16698.884351305,0,COMPLETED,True,baseline_6,43,0.2626244386192411,0.8434569972450845,20.05326900325599,21.159350439120317
1604,16698.889756453256,16698.889872868,16698.889872868,16698.890595346,16698.909554643,3,COMPLETED,True,baseline_6,44,0.11641474338830449,0.7224780019896571,18.959296998218633,19.798189743596595
1605,16698.908746885852,16698.908888466,16698.908888466,16698.909767215,16698.928772114,2,COMPLETED,True,baseline_6,45,0.141580148920184,0.8787489969108719,19.004899000719888,20.025228146550944
1606,16698.915645834717,16698.915699939,16698.915699939,16698.916670022,16698.932060812,3,COMPLETED,True,baseline_6,46,0.054104282753542066,0.9700830014480744,15.390789998491528,16.414977282693144
1607,16698.932488687755,16698.932653758,16698.932653758,16698.933608481,16698.952363735,0,COMPLETED,True,baseline_6,47,0.16507024338352494,0.9547230001771823,18.755254001007415,19.875047244568123
1608,16699.020280611763,16699.020454143,16699.020454143,16699.02114405,16699.039406954,1,COMPLETED,True,baseline_6,48,0.17353123621433042,0.6899069994688034,18.262904002767755,19.12634223845089
1609,16699.03048005923,16699.030645167,16699.030645167,16699.031577992,16699.050218183,2,COMPLETED,True,baseline_6,49,0.1651077691349201,0.9328249980171677,18.640191003214568,19.738123770366656
1610,16699.101900466063,16699.102068928,16699.102068928,16699.10278038,16699.121996343,3,COMPLETED,True,baseline_6,50,0.16846193830133416,0.7114519976312295,19.21596300235251,20.095876938285073
1611,16699.141708503994,16699.14181619,16699.14181619,16699.142584583,16699.161315656,0,COMPLETED,True,baseline_6,51,0.10768600623123348,0.7683930016355589,18.731072999798926,19.607152007665718
1612,16699.143659886016,16699.143786623,16699.143786623,16699.144453816,16699.162126037,1,COMPLETED,True,baseline_6,52,0.126736984384479,0.6671929986623581,17.672221001703292,18.46615098475013
1613,16699.202610704382,16699.202735952,16699.202735952,16699.203449987,16699.218595381,2,COMPLETED,True,baseline_6,53,0.1252476176887285,0.7140349989640526,15.14539400159265,15.98467661824543
1614,16699.202987201727,16699.203206553,16699.203206553,16699.203553142,16699.217798323,3,COMPLETED,True,baseline_6,54,0.21935127369943075,0.3465890004008543,14.245180998841533,14.811121272941818
1615,16699.207053326307,16699.207165441,16699.207165441,16699.207680364,16699.222658454,0,COMPLETED,True,baseline_6,55,0.11211469245608896,0.5149230019014794,14.978089999203803,15.605127693561371
1616,16699.22248656636,16699.222628941,16699.222628941,16699.223488868,16699.240886088,1,COMPLETED,True,baseline_6,56,0.14237463983590715,0.8599270004197024,17.397219999111257,18.399521639366867
1617,16699.225024841093,16699.225116769,16699.225116769,16699.22564451,16699.239614959,3,COMPLETED,True,baseline_6,57,0.09192790821543895,0.5277409982227255,13.970448999316432,14.590117905754596
1618,16699.282641017726,16699.282772933,16699.282772933,16699.283341395,16699.298348021,2,COMPLETED,True,baseline_6,58,0.13191527250455692,0.5684620009560604,15.00662599937641,15.707003272837028
1619,16699.28677743527,16699.286862436,16699.286862436,16699.2873063,16699.301123589,0,COMPLETED,True,baseline_6,59,0.08500073090544902,0.4438639989530202,13.817289000144228,14.346153730002698
1620,16699.314606745087,16699.31469688,16699.31469688,16699.315417536,16699.329515696,3,COMPLETED,True,baseline_6,60,0.09013491217046976,0.7206560003396589,14.098160001594806,14.908950914104935
1621,16699.323523065286,16699.323619428,16699.323619428,16699.324299836,16699.342527366,1,COMPLETED,True,baseline_6,61,0.09636271352064796,0.6804080003348645,18.227529999421677,19.00430071327719
1622,16699.334492436818,16699.334580816,16699.334580816,16699.335025171,16699.349007118,2,COMPLETED,True,baseline_6,62,0.08837918358040042,0.44435499876271933,13.98194699868327,14.51468118102639
1623,16699.34629561919,16699.346435917,16699.346435917,16699.347264416,16699.362882162,0,COMPLETED,True,baseline_6,63,0.14029780868440866,0.8284989999083336,15.617746001225896,16.58654280981864
1624,16699.36451627109,16699.364605766,16699.364605766,16699.365067662,16699.378736241,3,COMPLETED,True,baseline_6,64,0.08949491166276857,0.46189599743229337,13.668579002114711,14.219969911209773
1625,16699.369044675885,16699.369125887,16699.369125887,16699.369715513,16699.383622829,1,COMPLETED,True,baseline_6,65,0.08121111386572011,0.5896260008739773,13.907315998949343,14.57815311368904
1626,16699.41446386992,16699.414572027,16699.414572027,16699.415201793,16699.432793656,2,COMPLETED,True,baseline_6,66,0.10815707719302736,0.6297660002019256,17.591863001143793,18.329786078538746
1627,16699.41842214987,16699.418512795,16699.418512795,16699.418850547,16699.434924656,0,COMPLETED,True,baseline_6,67,0.09064513142220676,0.337752000632463,16.074109000328463,16.502506132383132
1628,16699.448489808365,16699.448632816,16699.448632816,16699.449328231,16699.466971272,3,COMPLETED,True,baseline_6,68,0.14300763359642588,0.6954150012461469,17.643040999246296,18.48146363408887
1629,16699.453237447462,16699.453335085,16699.453335085,16699.45383307,16699.467108378,1,COMPLETED,True,baseline_6,69,0.09763753769220784,0.49798500185715966,13.275307999720098,13.870930539269466
1630,16699.5171522149,16699.517297921,16699.517297921,16699.518169159,16699.533518453,2,COMPLETED,True,baseline_6,70,0.14570610073860735,0.8712380003998987,15.349294000770897,16.366238101909403
1631,16699.52314373178,16699.523229197,16699.523229197,16699.524198252,16699.544056633,0,COMPLETED,True,baseline_6,71,0.08546521712560207,0.9690549995866604,19.858381001540693,20.912901218252955
1632,16699.53512506003,16699.53523306,16699.53523306,16699.535853472,16699.554786555,3,COMPLETED,True,baseline_6,72,0.1079999710782431,0.620411999989301,18.93308299986529,19.661494970932836
1633,16699.56129722345,16699.561436459,16699.561436459,16699.562147193,16699.576546823,1,COMPLETED,True,baseline_6,73,0.13923555161454715,0.7107339988579042,14.399629999388708,15.24959954986116
1634,16699.576378072416,16699.576556627,16699.576556627,16699.577243808,16699.595107377,2,COMPLETED,True,baseline_6,74,0.1785545828170143,0.6871810001030099,17.86356900265673,18.729304585576756
1635,16699.578654215995,16699.578797873,16699.578797873,16699.579334696,16699.593061078,0,COMPLETED,True,baseline_6,75,0.14365700553753413,0.5368230013118591,13.72638199973153,14.406862006580923
1636,16699.58388732968,16699.584050849,16699.584050849,16699.584746739,16699.603990902,3,COMPLETED,True,baseline_6,76,0.16351931844837964,0.6958900012250524,19.244162998802494,20.103572318475926
1637,16699.592927398062,16699.593064731,16699.593064731,16699.593725367,16699.606966425,1,COMPLETED,True,baseline_6,77,0.13733293963014148,0.660636000247905,13.241057997220196,14.039026937098242
1638,16699.602681918223,16699.60282819,16699.60282819,16699.603466247,16699.617235412,0,COMPLETED,True,baseline_6,78,0.14627177733927965,0.6380570011970121,13.769164997938788,14.55349377647508
1639,16699.61330701095,16699.613435642,16699.613435642,16699.614096231,16699.627396181,2,COMPLETED,True,baseline_6,79,0.1286310507566668,0.6605889975617174,13.299950001965044,14.089170050283428
1640,16699.64427918478,16699.644428071,16699.644428071,16699.645060738,16699.659018938,3,COMPLETED,True,baseline_6,80,0.14888621808495373,0.6326670009002555,13.958200001070509,14.739753220055718
1641,16699.66512491154,16699.665212179,16699.665212179,16699.665746664,16699.681266056,1,COMPLETED,True,baseline_6,81,0.08726746091269888,0.5344849996617995,15.51939199998742,16.141144460561918
1642,16699.70234110807,16699.702447318,16699.702447318,16699.703297819,16699.719093476,0,COMPLETED,True,baseline_6,82,0.10620992907206528,0.8505010009685066,15.795657000126084,16.752367930166656
1643,16699.719871224446,16699.720049518,16699.720049518,16699.72062421,16699.738092571,2,COMPLETED,True,baseline_6,83,0.17829355419962667,0.574691999645438,17.46836099846405,18.221346552309114
1644,16699.760096435482,16699.760219999,16699.760219999,16699.760829573,16699.773758877,3,COMPLETED,True,baseline_6,84,0.12356351726339199,0.6095739990996663,12.92930400086334,13.662441517226398
1645,16699.780517271425,16699.780681705,16699.780681705,16699.781380169,16699.794517766,1,COMPLETED,True,baseline_6,85,0.16443357526441105,0.698463998560328,13.137597001332324,14.000494575157063
1646,16699.81427294351,16699.814367436,16699.814367436,16699.815124634,16699.827999982,0,COMPLETED,True,baseline_6,86,0.09449249046156183,0.7571979986096267,12.875348002125975,13.727038491197163
1647,16699.83087647371,16699.831041885,16699.831041885,16699.831464081,16699.846304474,2,COMPLETED,True,baseline_6,87,0.16541129298275337,0.42219599708914757,14.840392999758478,15.42800028983038
1648,16699.86326242284,16699.863510025,16699.863510025,16699.864285691,16699.879147644,3,COMPLETED,True,baseline_6,88,0.24760215819696896,0.7756660015729722,14.861952997307526,15.885221157077467
1649,16699.925856810452,16699.92588022,16699.92588022,16699.926755963,16699.946670929,1,COMPLETED,True,baseline_6,89,0.02340954597457312,0.8757430005061906,19.914966000214918,20.81411854669568
1650,16699.92905768774,16699.929304968,16699.929304968,16699.930230237,16699.950472517,0,COMPLETED,True,baseline_6,90,0.24728026255615987,0.9252689997083507,20.242279999365564,21.414829261630075
1651,16699.940433065094,16699.940521187,16699.940521187,16699.941312443,16699.958828887,2,COMPLETED,True,baseline_6,91,0.0881219057191629,0.7912559995020274,17.516444000648335,18.395821905869525
1652,16700.018922184885,16700.019059772,16700.019059772,16700.019893236,16700.038063241,3,COMPLETED,True,baseline_6,92,0.13758711429545656,0.8334640006069094,18.17000500159338,19.141056116495747
1653,16700.022136719785,16700.022237091,16700.022237091,16700.023091786,16700.043025839,1,COMPLETED,True,baseline_6,93,0.10037121683126315,0.8546949975425377,19.93405300163431,20.889119216008112
1654,16700.101239742868,16700.101649436,16700.101649436,16700.103034236,16700.122733035,0,COMPLETED,True,baseline_6,94,0.40969313340610825,1.384799998049857,19.69879900207161,21.493292133527575
1655,16700.152288094392,16700.152426763,16700.152426763,16700.153488239,16700.173727142,2,COMPLETED,True,baseline_6,95,0.13866860899724998,1.0614759994496126,20.238902998244157,21.43904760669102
1656,16700.161626992056,16700.161787587,16700.161787587,16700.162801235,16700.182497582,3,COMPLETED,True,baseline_6,96,0.1605949437362142,1.0136480013898108,19.69634700071765,20.870589945843676
1657,16700.167994078438,16700.168256698,16700.168256698,16700.169140563,16700.188173752,1,COMPLETED,True,baseline_6,97,0.2626195637276396,0.8838649991957936,19.03318900076556,20.179673563688993
1658,16700.187457898246,16700.187711355,16700.187711355,16700.188711919,16700.207602415,0,COMPLETED,True,baseline_6,98,0.25345675385324284,1.000563999696169,18.890496001404244,20.144516754953656
1659,16700.2311531591,16700.231253656,16700.231253656,16700.231795176,16700.244967579,2,COMPLETED,True,baseline_6,99,0.10049689808511175,0.5415200030256528,13.172402999771293,13.814419900882058
1660,16700.294003542673,16700.294143714,16700.294143714,16700.294855999,16700.311541498,3,COMPLETED,True,baseline_6,100,0.1401713270752225,0.7122850001906045,16.685498998413095,17.537955325678922
1661,16700.29580839257,16700.296083557,16700.296083557,16700.296729465,16700.316330054,1,COMPLETED,True,baseline_6,101,0.2751644315139856,0.6459079995693173,19.600588999310276,20.52166143039358
1662,16700.33789862339,16700.337995853,16700.337995853,16700.338537415,16700.352528534,0,COMPLETED,True,baseline_6,102,0.09722960749058984,0.5415619998530019,13.991119001730112,14.629910609073704
1663,16700.392872726225,16700.393078327,16700.393078327,16700.393917996,16700.412676056,2,COMPLETED,True,baseline_6,103,0.20560077609843574,0.8396689991059247,18.758059999527177,19.803329774731537
1664,16700.433614222107,16700.433752267,16700.433752267,16700.434466938,16700.452422618,3,COMPLETED,True,baseline_6,104,0.13804489208268933,0.7146710013330448,17.955679999431595,18.80839589284733
1665,16700.468901086115,16700.469092394,16700.469092394,16700.47003872,16700.490075917,1,COMPLETED,True,baseline_6,105,0.19130788496113382,0.9463259993935935,20.037197002238827,21.174830886593554
1666,16700.481655867057,16700.481786239,16700.481786239,16700.482760558,16700.502559145,0,COMPLETED,True,baseline_6,106,0.13037194366916083,0.9743189984874334,19.798586999968393,20.903277942124987
1667,16700.5687202747,16700.568887497,16700.568887497,16700.569905061,16700.590356735,2,COMPLETED,True,baseline_6,107,0.16722230066079646,1.0175639981753193,20.451674001378706,21.63646030021482
1668,16700.588055755867,16700.588230206,16700.588230206,16700.589218196,16700.609034055,3,COMPLETED,True,baseline_6,108,0.17445013509131968,0.9879899989755359,19.815858999209013,20.97829913327587
1669,16700.607831908128,16700.608167462,16700.608167462,16700.609126836,16700.628316996,1,COMPLETED,True,baseline_6,109,0.3355538719915785,0.9593739996489603,19.19016000101692,20.48508787265746
1670,16700.625498770867,16700.625668717,16700.625668717,16700.626599877,16700.646651203,0,COMPLETED,True,baseline_6,110,0.16994613179122098,0.9311600006185472,20.05132599879289,21.15243213120266
1671,16700.666945704343,16700.667082296,16700.667082296,16700.667897175,16700.687462915,2,COMPLETED,True,baseline_6,111,0.13659165779245086,0.8148790002451278,19.565739999961806,20.517210657999385
1672,16700.723691723768,16700.723832164,16700.723832164,16700.724818021,16700.740430223,3,COMPLETED,True,baseline_6,112,0.1404402319167275,0.9858570010692347,15.612201998010278,16.73849923099624
1673,16700.73141870711,16700.731595002,16700.731595002,16700.732565814,16700.749915533,1,COMPLETED,True,baseline_6,113,0.17629488866077736,0.9708120014693122,17.34971900077653,18.49682589090662
1674,16700.73888617431,16700.739012638,16700.739012638,16700.740073531,16700.760606317,0,COMPLETED,True,baseline_6,114,0.12646369214053266,1.060892998793861,20.532785998511827,21.72014268944622
1675,16700.761972692548,16700.762156237,16700.762156237,16700.762994697,16700.77766276,2,COMPLETED,True,baseline_6,115,0.18354445273871534,0.8384600005229004,14.668062998680398,15.690067451942014
1676,16700.801160777362,16700.801248973,16700.801248973,16700.802013072,16700.820134519,3,COMPLETED,True,baseline_6,116,0.08819563663564622,0.7640990006620996,18.12144699943019,18.973741636727937
1677,16700.84768238737,16700.847813307,16700.847813307,16700.848873728,16700.868542287,1,COMPLETED,True,baseline_6,117,0.13091962682665326,1.0604210001474712,19.66855900172959,20.859899628703715
1678,16700.8695554938,16700.869690039,16700.869690039,16700.870151041,16700.885684593,0,COMPLETED,True,baseline_6,118,0.1345452001260128,0.46100200052023865,15.533551999396877,16.12909920004313
1679,16700.891659232224,16700.891759529,16700.891759529,16700.892642092,16700.912931461,2,COMPLETED,True,baseline_6,119,0.10029677650891244,0.8825629993225448,20.289369000238366,21.272228776069824
1680,16700.904371698714,16700.904452709,16700.904452709,16700.905116033,16700.923027562,3,COMPLETED,True,baseline_6,0,0.08101028652163222,0.6633239972870797,17.91152900113957,18.655863284948282
1681,16700.934924127447,16700.93506107,16700.93506107,16700.935786814,16700.954439216,1,COMPLETED,True,baseline_6,1,0.13694255176233128,0.7257440011017025,18.652401999133872,19.515088551997906
1682,16700.973067914576,16700.973202266,16700.973202266,16700.973971028,16700.99171665,0,COMPLETED,True,baseline_6,2,0.13435142318485305,0.7687620018259622,17.74562200080254,18.648735425813356
1683,16701.019556349394,16701.019692819,16701.019692819,16701.020749946,16701.040054088,2,COMPLETED,True,baseline_6,3,0.13646960724145174,1.0571269995125476,19.304141998873092,20.49773860562709
1684,16701.104263765137,16701.104428046,16701.104428046,16701.105496024,16701.125499801,3,COMPLETED,True,baseline_6,4,0.16428086382802576,1.06797799890046,20.003777000965783,21.23603586369427
1685,16701.140552782777,16701.140761265,16701.140761265,16701.14158298,16701.161858283,1,COMPLETED,True,baseline_6,5,0.2084822226606775,0.8217149988922756,20.275303002563305,21.30550022411626
1686,16701.14308886746,16701.143152281,16701.143152281,16701.144127177,16701.16418687,0,COMPLETED,True,baseline_6,6,0.06341354310279712,0.9748960001161322,20.059692997165257,21.098002540384186
1687,16701.20919813263,16701.209364452,16701.209364452,16701.210361465,16701.229603816,2,COMPLETED,True,baseline_6,7,0.16631936887279153,0.9970130013243761,19.242350997956237,20.405683368153404
1688,16701.242227745133,16701.242322346,16701.242322346,16701.242984935,16701.262943549,3,COMPLETED,True,baseline_6,8,0.09460086585022509,0.6625890018767677,19.958614000643138,20.71580386837013
1689,16701.25153438906,16701.251623792,16701.251623792,16701.252582968,16701.271915888,1,COMPLETED,True,baseline_6,9,0.08940293992054649,0.9591760026523843,19.332919997395948,20.38149893996888
1690,16701.254857743043,16701.254960163,16701.254960163,16701.255649398,16701.273981643,0,COMPLETED,True,baseline_6,10,0.10241995914839208,0.689234999299515,18.332244999328395,19.123899957776302
1691,16701.3581600909,16701.358399467,16701.358399467,16701.359273409,16701.375751052,2,COMPLETED,True,baseline_6,11,0.23937610239954665,0.8739420009078458,16.477642999234376,17.59096110254177
1692,16701.370134980883,16701.370276915,16701.370276915,16701.371178569,16701.392175818,3,COMPLETED,True,baseline_6,12,0.1419341169821564,0.9016539988806471,20.99724900108413,22.040837116946932
1693,16701.37683747211,16701.376892757,16701.376892757,16701.377855552,16701.401479445,1,COMPLETED,True,baseline_6,13,0.05528489054995589,0.9627949984860606,23.623893001058605,24.64197289009462
1694,16701.38299174784,16701.383187137,16701.383187137,16701.384108506,16701.407375886,0,COMPLETED,True,baseline_6,14,0.19538915876182728,0.9213690027536359,23.26737999828765,24.384138159803115
1695,16701.384347515177,16701.384537399,16701.384537399,16701.385321807,16701.401257296,2,COMPLETED,True,baseline_6,15,0.18988382362294942,0.784407999162795,15.935488998366054,16.9097808211518
1696,16701.400126760942,16701.40023292,16701.40023292,16701.400915463,16701.414811642,3,COMPLETED,True,baseline_6,16,0.10615905921440572,0.6825429991295096,13.896178999857511,14.684881058201427
1697,16701.428321829626,16701.42835078,16701.42835078,16701.429020293,16701.444315288,2,COMPLETED,True,baseline_6,17,0.02895037323469296,0.6695129995932803,15.294995002477663,15.993458375305636
1698,16701.438155494285,16701.438238561,16701.438238561,16701.438895644,16701.459700724,1,COMPLETED,True,baseline_6,18,0.08306671588798054,0.6570830009877682,20.8050799992634,21.545229716139147
1699,16701.43897398397,16701.439128272,16701.439128272,16701.439872859,16701.459667033,0,COMPLETED,True,baseline_6,19,0.15428802726091817,0.7445869996445253,19.794174000708153,20.693049027613597
1700,16701.443524236067,16701.443712795,16701.443712795,16701.444725299,16701.461663095,3,COMPLETED,True,baseline_6,20,0.18855893358704634,1.012503998936154,16.937796001002425,18.138858933525626
1701,16701.459550243828,16701.459668558,16701.459668558,16701.460657423,16701.474517189,2,COMPLETED,True,baseline_6,21,0.11831417214125395,0.9888649983622599,13.859766000678064,14.966945171181578
1702,16701.49658658609,16701.496728498,16701.496728498,16701.497393053,16701.516411018,0,COMPLETED,True,baseline_6,22,0.14191191075951792,0.6645549983659294,19.017965001694392,19.82443191081984
1703,16701.51493110242,16701.515076714,16701.515076714,16701.51580255,16701.534797603,1,COMPLETED,True,baseline_6,23,0.1456115787732415,0.7258359983097762,18.995053000253392,19.86650057733641
1704,16701.52851269552,16701.528702666,16701.528702666,16701.529368106,16701.549345166,3,COMPLETED,True,baseline_6,24,0.18997048027813435,0.6654399985563941,19.977060001110658,20.832470479945187
1705,16701.533070648828,16701.533193793,16701.533193793,16701.534019319,16701.554111948,2,COMPLETED,True,baseline_6,25,0.12314417108427733,0.8255259999714326,20.092629001737805,21.041299172793515
1706,16701.539073564258,16701.539171609,16701.539171609,16701.539849797,16701.556354935,0,COMPLETED,True,baseline_6,26,0.09804474393604323,0.6781880001653917,16.505137999047292,17.281370743148727
1707,16701.546453105635,16701.546592832,16701.546592832,16701.547202047,16701.56407378,1,COMPLETED,True,baseline_6,27,0.13972636588732712,0.6092149997130036,16.871732997969957,17.620674363570288
1708,16701.548639509874,16701.548766029,16701.548766029,16701.549576227,16701.566254448,3,COMPLETED,True,baseline_6,28,0.12651912402361631,0.8101980020001065,16.6782209998928,17.614938125916524
1709,16701.556026861355,16701.556117386,16701.556117386,16701.556583878,16701.570869688,2,COMPLETED,True,baseline_6,29,0.09052464520209469,0.4664919979404658,14.285810000728816,14.842826643871376
1710,16701.607793508832,16701.607929495,16701.607929495,16701.608728281,16701.62948421,0,COMPLETED,True,baseline_6,30,0.13598616715171374,0.7987860008142889,20.755928999278694,21.690701167244697
1711,16701.611741638288,16701.611865123,16701.611865123,16701.612649542,16701.631974694,1,COMPLETED,True,baseline_6,31,0.12348471136647277,0.7844190004107077,19.325151999510126,20.233055711287307
1712,16701.624333704392,16701.62446516,16701.62446516,16701.625169649,16701.644450892,3,COMPLETED,True,baseline_6,32,0.13145560660632327,0.7044890007819049,19.28124299956835,20.117187606956577
1713,16701.659548093467,16701.659688134,16701.659688134,16701.66056553,16701.679918146,2,COMPLETED,True,baseline_6,33,0.14004053446114995,0.8773959998507053,19.352616000105627,20.370052534417482
1714,16701.688900010824,16701.689038978,16701.689038978,16701.689778145,16701.707730328,0,COMPLETED,True,baseline_6,34,0.13896717427996919,0.7391670005745254,17.952182999579236,18.83031717443373
1715,16701.690370903252,16701.69050127,16701.69050127,16701.691244063,16701.708548227,1,COMPLETED,True,baseline_6,35,0.1303667486354243,0.7427929995174054,17.304164000961464,18.177323749114294
1716,16701.733999064592,16701.734152415,16701.734152415,16701.734738269,16701.753355714,3,COMPLETED,True,baseline_6,36,0.15335040734498762,0.5858539989276323,18.617445002746535,19.356649409019155
1717,16701.740410889764,16701.740567784,16701.740567784,16701.741206891,16701.759925318,2,COMPLETED,True,baseline_6,37,0.1568942352605518,0.6391070019162726,18.71842699983972,19.514428237016546
1718,16701.783592185486,16701.783731715,16701.783731715,16701.784317262,16701.801014705,0,COMPLETED,True,baseline_6,38,0.1395295148540754,0.5855470008100383,16.697442999429768,17.42251951509388
1719,16701.8135263368,16701.813666657,16701.813666657,16701.814637167,16701.832997328,1,COMPLETED,True,baseline_6,39,0.14032020044396631,0.9705100019345991,18.360161000600783,19.47099120297935
1720,16701.85727714715,16701.857426415,16701.857426415,16701.858164436,16701.8723629,3,COMPLETED,True,baseline_6,40,0.14926784933777526,0.7380209972325247,14.19846400312963,15.08575284969993
1721,16701.873941291764,16701.874124712,16701.874124712,16701.87489051,16701.89072493,2,COMPLETED,True,baseline_6,41,0.183420237590326,0.7657979986106511,15.834419999009697,16.783638235210674
1722,16701.89532425477,16701.895463846,16701.895463846,16701.895977907,16701.909611639,0,COMPLETED,True,baseline_6,42,0.1395912331645377,0.5140609973750543,13.633732000016607,14.2873842305562
1723,16701.94383474346,16701.943972564,16701.943972564,16701.944683341,16701.963639977,1,COMPLETED,True,baseline_6,43,0.1378205415676348,0.710776999767404,18.956635998620186,19.805233539955225
1724,16701.978863424316,16701.97898939,16701.97898939,16701.979518639,16701.992812138,3,COMPLETED,True,baseline_6,44,0.12596568558365107,0.5292489986459259,13.293498999701114,13.948713683930691
1725,16701.983526390635,16701.983670287,16701.983670287,16701.984408156,16702.002574131,2,COMPLETED,True,baseline_6,45,0.14389636635314673,0.7378689988399856,18.165974997828016,19.04774036302115
1726,16702.01522974954,16702.015315927,16702.015315927,16702.016325742,16702.038576972,0,COMPLETED,True,baseline_6,46,0.08617746061645448,1.0098149978148285,22.251230002439115,23.347222460870398
1727,16702.066116285758,16702.066205497,16702.066205497,16702.067126898,16702.085891344,1,COMPLETED,True,baseline_6,47,0.0892112439032644,0.9214009987772442,18.76444599838578,19.77505824106629
1728,16702.089146052735,16702.089280487,16702.089280487,16702.090251645,16702.110500919,3,COMPLETED,True,baseline_6,48,0.13443426723824814,0.9711579987197183,20.249273999070283,21.35486626502825
1729,16702.09255083646,16702.09276699,16702.09276699,16702.093578947,16702.109241848,2,COMPLETED,True,baseline_6,49,0.21615354125970043,0.8119569974951446,15.662901001633145,16.69101154038799
1730,16702.098236467118,16702.098371491,16702.098371491,16702.099222705,16702.119709899,0,COMPLETED,True,baseline_6,50,0.1350238817394711,0.8512140011589509,20.48719400045229,21.473431883350713
1731,16702.106841364923,16702.107072714,16702.107072714,16702.107993465,16702.127422914,1,COMPLETED,True,baseline_6,51,0.23134907678468153,0.9207510011037812,19.42944899928989,20.58154907717835
1732,16702.11283990409,16702.112993239,16702.112993239,16702.113882908,16702.12794336,2,COMPLETED,True,baseline_6,52,0.1533349095552694,0.8896690014807973,14.060451998375356,15.103455909411423
1733,16702.11641023412,16702.11657684,16702.11657684,16702.117342121,16702.136726543,3,COMPLETED,True,baseline_6,53,0.16660587789374404,0.7652810018043965,19.384422001166968,20.316308880865108
1734,16702.127535968673,16702.127704881,16702.127704881,16702.128541885,16702.143515193,0,COMPLETED,True,baseline_6,54,0.16891232735360973,0.8370039977307897,14.97330800339114,15.979224328475539
1735,16702.154351668374,16702.154485307,16702.154485307,16702.155176892,16702.17074331,1,COMPLETED,True,baseline_6,55,0.13363862672122195,0.6915849990036804,15.56641799834324,16.391641624068143
1736,16702.18062971557,16702.180770885,16702.180770885,16702.181590925,16702.197363282,2,COMPLETED,True,baseline_6,56,0.14116942838882096,0.8200400006899145,15.77235700096935,16.733566430048086
1737,16702.183752201614,16702.183878588,16702.183878588,16702.184799804,16702.203984929,3,COMPLETED,True,baseline_6,57,0.12638638509088196,0.921216000278946,19.185125001968117,20.232727387337945
1738,16702.21621344849,16702.216383568,16702.216383568,16702.217137122,16702.230646865,0,COMPLETED,True,baseline_6,58,0.17011951058520935,0.7535539989476092,13.509742999303853,14.433416508836672
1739,16702.237819704635,16702.237968752,16702.237968752,16702.238685748,16702.255541014,1,COMPLETED,True,baseline_6,59,0.14904736599419266,0.7169960008468479,16.855265999765834,17.721309366606874
1740,16702.319889059512,16702.320109761,16702.320109761,16702.320896783,16702.336377153,2,COMPLETED,True,baseline_6,60,0.22070148770581,0.7870219997130334,15.480369998840615,16.48809348625946
1741,16702.357952581893,16702.35809953,16702.35809953,16702.35899118,16702.376854994,3,COMPLETED,True,baseline_6,61,0.14694810670334846,0.8916500009945594,17.863813998701517,18.902412106399424
1742,16702.382812965312,16702.382927016,16702.382927016,16702.383746822,16702.397527913,0,COMPLETED,True,baseline_6,62,0.1140506865340285,0.8198060022550635,13.781090998236323,14.714947687025415
1743,16702.410255498053,16702.410288391,16702.410288391,16702.410881403,16702.42923687,1,COMPLETED,True,baseline_6,63,0.03289294909336604,0.5930119987169746,18.355467000219505,18.981371948029846
1744,16702.41188974668,16702.412117938,16702.412117938,16702.412816024,16702.432317244,2,COMPLETED,True,baseline_6,64,0.22819132209406234,0.698085998010356,19.50122000198462,20.42749732208904
1745,16702.52629446523,16702.526490689,16702.526490689,16702.527564926,16702.548089403,3,COMPLETED,True,baseline_6,65,0.19622376930783503,1.074236999556888,20.52447700043558,21.794937769300304
1746,16702.542422901468,16702.542585158,16702.542585158,16702.54361573,16702.563357598,0,COMPLETED,True,baseline_6,66,0.16225653234869242,1.030571998853702,19.741867999982787,20.934696531185182
1747,16702.55021277561,16702.550397691,16702.550397691,16702.551308996,16702.572057377,1,COMPLETED,True,baseline_6,67,0.18491538867237978,0.911305000045104,20.748381000885274,21.844601389602758
1748,16702.56953036601,16702.569678695,16702.569678695,16702.570650973,16702.590382682,2,COMPLETED,True,baseline_6,68,0.1483289888710715,0.9722780014271848,19.731708998733666,20.852315989031922
1749,16702.623185175526,16702.623270939,16702.623270939,16702.623886884,16702.642127458,3,COMPLETED,True,baseline_6,69,0.08576347318012267,0.615945002209628,18.240573997900356,18.942282473290106
1750,16702.646412807728,16702.646536642,16702.646536642,16702.64705995,16702.665179249,0,COMPLETED,True,baseline_6,70,0.12383427383610979,0.5233079973550048,18.119299002137268,18.766441273328383
1751,16702.68576906952,16702.6861002,16702.6861002,16702.686910576,16702.706705478,1,COMPLETED,True,baseline_6,71,0.3311304790258873,0.8103760010271799,19.79490199664724,20.936408476700308
1752,16702.697039135503,16702.697194631,16702.697194631,16702.697978524,16702.717575498,2,COMPLETED,True,baseline_6,72,0.15549549789284356,0.7838929996069055,19.59697400161531,20.536362499115057
1753,16702.71507471762,16702.715238057,16702.715238057,16702.7162246,16702.736191667,3,COMPLETED,True,baseline_6,73,0.16333938037860207,0.9865430001809727,19.967067000834504,21.11694938139408
1754,16702.716075724176,16702.716248862,16702.716248862,16702.716889835,16702.735460178,0,COMPLETED,True,baseline_6,74,0.17313782518613152,0.6409729976439849,18.570342999737477,19.384453822567593
1755,16702.741472888414,16702.741636792,16702.741636792,16702.742356437,16702.75564397,1,COMPLETED,True,baseline_6,75,0.1639035872358363,0.7196449987532105,13.287532998219831,14.171081584208878
1756,16702.792816293877,16702.792965607,16702.792965607,16702.793919737,16702.812897162,2,COMPLETED,True,baseline_6,76,0.14931312398402952,0.9541299987176899,18.977424999320647,20.080868122022366
1757,16702.81177310113,16702.81190603,16702.81190603,16702.812711603,16702.830963302,0,COMPLETED,True,baseline_6,77,0.1329288716078736,0.8055729995248839,18.251698998938082,19.19020087007084
1758,16702.850612950966,16702.850775982,16702.850775982,16702.851516954,16702.869379851,3,COMPLETED,True,baseline_6,78,0.1630310325708706,0.740972001949558,17.862896998849465,18.766900033369893
1759,16702.876459294108,16702.876598353,16702.876598353,16702.877509167,16702.897511207,1,COMPLETED,True,baseline_6,79,0.13905889136367477,0.9108140002354048,20.002040000690613,21.051912892289693
1760,16702.88376656486,16702.883927199,16702.883927199,16702.884612192,16702.90230711,2,COMPLETED,True,baseline_6,80,0.1606341393198818,0.6849929995951243,17.694917998596793,18.5405451375118
1761,16702.884902679187,16702.8850785,16702.8850785,16702.885937403,16702.90531308,0,COMPLETED,True,baseline_6,81,0.17582081272848882,0.8589030003349762,19.37567699860665,20.410400811670115
1762,16702.933030034434,16702.933123815,16702.933123815,16702.933917904,16702.949388081,3,COMPLETED,True,baseline_6,82,0.09378056711284444,0.7940889991004951,15.470177000679541,16.35804656689288
1763,16702.94079955802,16702.940935024,16702.940935024,16702.941801892,16702.961021018,1,COMPLETED,True,baseline_6,83,0.13546597983804531,0.8668680020491593,19.21912599937059,20.221459981257794
1764,16702.950243315994,16702.950339715,16702.950339715,16702.951105678,16702.967479449,2,COMPLETED,True,baseline_6,84,0.0963990059972275,0.7659629991394468,16.373770999052795,17.23613300418947
1765,16702.951324032358,16702.951489761,16702.951489761,16702.952086305,16702.965150791,0,COMPLETED,True,baseline_6,85,0.1657286411500536,0.596543999563437,13.064486000075703,13.826758640789194
1766,16702.98051253514,16702.980596193,16702.980596193,16702.981630081,16702.997376063,3,COMPLETED,True,baseline_6,86,0.08365785834030248,1.033888001984451,15.745981996587943,16.863527856912697
1767,16703.00000748848,16703.000104804,16703.000104804,16703.000736544,16703.014596846,1,COMPLETED,True,baseline_6,87,0.09731551836011931,0.6317400002444629,13.860301998647628,14.58935751725221
1768,16703.00412915899,16703.004215865,16703.004215865,16703.005037702,16703.022791711,0,COMPLETED,True,baseline_6,88,0.08670600800542161,0.8218370021495502,17.75400899714441,18.662552007299382
1769,16703.01274122628,16703.012853624,16703.012853624,16703.013579782,16703.028253479,2,COMPLETED,True,baseline_6,89,0.11239771993132308,0.7261579994519707,14.673696998215746,15.51225271759904
1770,16703.020985179537,16703.021235424,16703.021235424,16703.022138226,16703.040815305,3,COMPLETED,True,baseline_6,90,0.25024446222232655,0.902801999473013,18.67707900237292,19.83012546406826
1771,16703.034043845895,16703.034148403,16703.034148403,16703.034871101,16703.047792655,1,COMPLETED,True,baseline_6,91,0.10455710435053334,0.7226980014820583,12.921554000058677,13.748809105891269
1772,16703.068241195113,16703.068320787,16703.068320787,16703.068796742,16703.082801602,0,COMPLETED,True,baseline_6,92,0.07959188587847166,0.47595500291208737,14.004859996930463,14.560406885721022
1773,16703.069684763646,16703.069812015,16703.069812015,16703.070375979,16703.085579956,2,COMPLETED,True,baseline_6,93,0.1272513545700349,0.5639640003209934,15.203977000055602,15.89519235494663
1774,16703.10753489166,16703.107643459,16703.107643459,16703.108389282,16703.126871303,3,COMPLETED,True,baseline_6,94,0.10856733933906071,0.745822999306256,18.482021001545945,19.336411340191262
1775,16703.112687640187,16703.112844008,16703.112844008,16703.113789161,16703.132679593,1,COMPLETED,True,baseline_6,95,0.156367812451208,0.9451530022488441,18.89043199844309,19.991952813143143
1776,16703.133238692644,16703.133370919,16703.133370919,16703.134128586,16703.148120418,0,COMPLETED,True,baseline_6,96,0.13222635607235134,0.7576669995614793,13.991832001920557,14.881725357554387
1777,16703.136704700282,16703.136814748,16703.136814748,16703.137548148,16703.150764766,2,COMPLETED,True,baseline_6,97,0.11004771658917889,0.7334000001719687,13.216618001024472,14.06006571778562
1778,16703.161315661124,16703.16144512,16703.16144512,16703.162387096,16703.177862368,3,COMPLETED,True,baseline_6,98,0.12945887647219934,0.9419759990123566,15.47527200091281,16.546706876397366
1779,16703.17316029877,16703.173321188,16703.173321188,16703.174127189,16703.19319653,1,COMPLETED,True,baseline_6,99,0.16088922711787745,0.8060010004555807,19.06934100043145,20.036231228004908
1780,16703.24440741552,16703.244545943,16703.244545943,16703.245110013,16703.258711457,0,COMPLETED,True,baseline_6,100,0.13852747724740766,0.5640700001094956,13.601444003143115,14.304041480500018
1781,16703.252763981887,16703.252903452,16703.252903452,16703.253763373,16703.273113819,2,COMPLETED,True,baseline_6,101,0.1394701139361132,0.8599209977546707,19.35044600031688,20.349837112007663
1782,16703.28227460837,16703.28237802,16703.28237802,16703.283276961,16703.299493387,3,COMPLETED,True,baseline_6,102,0.1034116321534384,0.8989409980131313,16.21642600002815,17.21877863019472
1783,16703.29760801724,16703.297664528,16703.297664528,16703.29863419,16703.311978584,1,COMPLETED,True,baseline_6,103,0.05651075844070874,0.9696619999886025,13.344393999432214,14.370566757861525
1784,16703.337365867494,16703.337505851,16703.337505851,16703.338023066,16703.352548012,0,COMPLETED,True,baseline_6,104,0.13998350550536998,0.5172150013095234,14.524946000165073,15.182144506979967
1785,16703.338577274117,16703.338704306,16703.338704306,16703.339341803,16703.358026801,2,COMPLETED,True,baseline_6,105,0.12703188258456066,0.6374969998432789,18.684998001845088,19.449526884272927
1786,16703.344746690316,16703.345114468,16703.345114468,16703.346053355,16703.366083776,3,COMPLETED,True,baseline_6,106,0.36777768400497735,0.9388869984832127,20.030421001138166,21.337085683626356
1787,16703.358060188562,16703.358248453,16703.358248453,16703.358814812,16703.372164198,1,COMPLETED,True,baseline_6,107,0.18826443920261227,0.5663589981850237,13.349386001209496,14.104009438597132
1788,16703.3680799407,16703.368199368,16703.368199368,16703.368938959,16703.38695961,0,COMPLETED,True,baseline_6,108,0.11942729906877503,0.7395909997285344,18.020651001279475,18.879669300076785
1789,16703.375383907674,16703.375548213,16703.375548213,16703.37613368,16703.388929518,2,COMPLETED,True,baseline_6,109,0.16430532559752464,0.5854670016560704,12.795837999874493,13.545610327128088
1790,16703.393694708284,16703.39379274,16703.39379274,16703.394256632,16703.407039029,3,COMPLETED,True,baseline_6,110,0.09803171633393504,0.4638919999706559,12.782396999682533,13.344320715987124
1791,16703.399530824965,16703.399650968,16703.399650968,16703.40029612,16703.414654318,1,COMPLETED,True,baseline_6,111,0.12014303501928225,0.6451519984693732,14.358198000991251,15.123493034479907
1792,16703.418385126617,16703.418486054,16703.418486054,16703.419358416,16703.437694696,0,COMPLETED,True,baseline_6,112,0.10092738375533372,0.8723619976080954,18.33628000167664,19.30956938304007
1793,16703.43428229606,16703.434404596,16703.434404596,16703.435147863,16703.448129557,2,COMPLETED,True,baseline_6,113,0.12229993808432482,0.7432670026901178,12.981693998881383,13.847260939655825
1794,16703.44508125209,16703.445231483,16703.445231483,16703.446002516,16703.463948669,3,COMPLETED,True,baseline_6,114,0.1502309096395038,0.7710329991823528,17.946152998774778,18.867416907596635
1795,16703.4655350736,16703.465657478,16703.465657478,16703.466433493,16703.479919276,1,COMPLETED,True,baseline_6,115,0.12240439900779165,0.7760150001558941,13.485783001669915,14.384202400833601
1796,16703.538433232916,16703.538625429,16703.538625429,16703.539509941,16703.558685736,0,COMPLETED,True,baseline_6,116,0.19219608293497004,0.8845120028126985,19.175794997863704,20.252503083611373
1797,16703.57653333064,16703.576693231,16703.576693231,16703.577722373,16703.598165257,2,COMPLETED,True,burst_6,117,0.1599003589944914,1.0291420003341045,20.442884000658523,21.63192635998712
1798,16703.578696848974,16703.578980914,16703.578980914,16703.579925232,16703.600107876,3,COMPLETED,True,burst_6,118,0.28406502678990364,0.9443179988011252,20.182643998850835,21.411027024441864
1799,16703.59207680179,16703.592226,16703.592226,16703.593127356,16703.617482801,1,COMPLETED,True,burst_6,119,0.1491982111474499,0.9013560011226218,24.35544499894604,25.405999211216113
1800,16703.592718295375,16703.592930884,16703.592930884,16703.593702516,16703.618097505,0,COMPLETED,True,burst_6,0,0.21258862398099154,0.7716319996688981,24.39498900275794,25.379209626407828
1801,16703.61340903545,16703.613533975,16703.613533975,16703.614520968,16703.632281182,2,COMPLETED,True,burst_6,1,0.12493955000536516,0.986992999969516,17.760213999281405,18.872146549256286
1802,16703.617012396197,16703.617188324,16703.617188324,16703.617911141,16703.635718744,3,COMPLETED,True,burst_6,2,0.17592780204722658,0.7228169997688383,17.807603002438555,18.70634780425462
1803,16703.627549289216,16703.62766764,16703.62766764,16703.62845015,16703.642410378,1,COMPLETED,True,burst_6,3,0.11835078475996852,0.7825100001355167,13.96022799963248,14.861088784527965
1804,16703.63734371884,16703.637482023,16703.637482023,16703.638420464,16703.652919984,0,COMPLETED,True,burst_6,4,0.13830415991833434,0.9384410004713573,14.499519998935284,15.576265159324976
1805,16703.637493670383,16703.637591258,16703.637591258,16703.638589634,16703.657450043,2,COMPLETED,True,burst_6,5,0.09758761734701693,0.9983759991882835,18.860408999898937,19.956372616434237
1806,16703.639138646664,16703.639288763,16703.639288763,16703.639921286,16703.65580842,3,COMPLETED,True,burst_6,6,0.15011633513495326,0.6325230024231132,15.887133999058278,16.669773336616345
1807,16703.652662136898,16703.652753492,16703.652753492,16703.653581322,16703.668617557,1,COMPLETED,True,burst_6,7,0.09135510117630474,0.8278300010715611,15.036234999570297,15.955420101818163
1808,16703.673969014675,16703.674055435,16703.674055435,16703.674502908,16703.687523107,0,COMPLETED,True,burst_6,8,0.08642032480565831,0.4474730012589134,13.020198999583954,13.554092325648526
1809,16703.67998289141,16703.680303552,16703.680303552,16703.680859744,16703.695698674,3,COMPLETED,True,burst_6,9,0.3206605870218482,0.5561920006584842,14.838930001133122,15.715782588813454
1810,16703.68384687782,16703.684107347,16703.684107347,16703.684796042,16703.703659869,2,COMPLETED,True,burst_6,10,0.26046917992061935,0.6886949995532632,18.8638270010415,19.812991180515382
1811,16703.697880806107,16703.697981009,16703.697981009,16703.698653121,16703.712111454,1,COMPLETED,True,burst_6,11,0.10020289482781664,0.6721119971189182,13.458333000016864,14.2306478919636
1812,16703.699537926288,16703.699632558,16703.699632558,16703.700254654,16703.719917461,0,COMPLETED,True,burst_6,12,0.09463171227253042,0.6220959985512309,19.662807000713656,20.379534711537417
1813,16703.70788529276,16703.70798804,16703.70798804,16703.708655924,16703.722411159,3,COMPLETED,True,burst_6,13,0.10274724263581447,0.667883999994956,13.755234998825472,14.525866241456242
1814,16703.709081688994,16703.709237064,16703.709237064,16703.709716852,16703.722946783,2,COMPLETED,True,burst_6,14,0.15537500439677387,0.47978800284909084,13.229930998932105,13.86509400617797
1815,16703.716151132634,16703.716295453,16703.716295453,16703.716988202,16703.730786404,1,COMPLETED,True,burst_6,15,0.14432036550715566,0.6927489994268399,13.798202002362814,14.63527136729681
1816,16703.725361254652,16703.72552704,16703.72552704,16703.726140778,16703.7396929,0,COMPLETED,True,burst_6,16,0.16578534632571973,0.613738000538433,13.552121999964584,14.331645346828736
1817,16703.739175289382,16703.739262211,16703.739262211,16703.740221906,16703.75987117,3,COMPLETED,True,burst_6,17,0.0869216164574027,0.9596950003469829,19.64926400250988,20.695880619314266
1818,16703.740848069654,16703.740946195,16703.740946195,16703.741480883,16703.762355009,2,COMPLETED,True,burst_6,18,0.09812534699449316,0.5346879988792352,20.87412599939853,21.506939345272258
1819,16703.741079851556,16703.741237494,16703.741237494,16703.741603986,16703.762108587,1,COMPLETED,True,burst_6,19,0.15764244380989112,0.3664920004666783,20.504601001448464,21.028735445725033
1820,16703.759798660274,16703.759915207,16703.759915207,16703.760648977,16703.773983302,0,COMPLETED,True,burst_6,20,0.11654672562144697,0.733770000806544,13.3343249981408,14.184641724568792
1821,16703.77371025227,16703.773878576,16703.773878576,16703.774653339,16703.787909263,3,COMPLETED,True,burst_6,21,0.16832373148645274,0.7747630006633699,13.255923997348873,14.199010729498696
1822,16703.777174590126,16703.777341527,16703.777341527,16703.777784686,16703.790970648,1,COMPLETED,True,burst_6,22,0.16693687211954966,0.4431590023159515,13.185961997805862,13.796057872241363
1823,16703.788090772243,16703.788145727,16703.788145727,16703.789056954,16703.80536928,2,COMPLETED,True,burst_6,23,0.054954758525127545,0.9112269981415011,16.312325999024324,17.278507755690953
1824,16703.79114505579,16703.791303404,16703.791303404,16703.792019518,16703.805464997,0,COMPLETED,True,burst_6,24,0.1583482080604881,0.716114001988899,13.445478998619365,14.319941208668752
1825,16703.82901432501,16703.829103075,16703.829103075,16703.829868811,16703.848083557,3,COMPLETED,True,burst_6,25,0.08874999184627086,0.7657360001758207,18.214746000012383,19.069231992034474
1826,16703.851891597944,16703.851993871,16703.851993871,16703.852660939,16703.866415363,1,COMPLETED,True,burst_6,26,0.10227305756416172,0.6670679977105465,13.754424002399901,14.52376505767461
1827,16703.85695989158,16703.85707311,16703.85707311,16703.857726769,16703.871325946,2,COMPLETED,True,burst_6,27,0.11321842248435132,0.653659000818152,13.599176996649476,14.366054419951979
1828,16703.860716194762,16703.860838799,16703.860838799,16703.861652647,16703.880829587,0,COMPLETED,True,burst_6,28,0.12260423682164401,0.8138480006891768,19.176940000761533,20.113392238272354
1829,16703.86255038977,16703.86275304,16703.86275304,16703.863517735,16703.883410684,3,COMPLETED,True,burst_6,29,0.20265022976673208,0.764694999816129,19.892948999768123,20.860294229350984
1830,16703.862647848655,16703.86290565,16703.86290565,16703.866597911,16703.880414221,1,COMPLETED,True,burst_6,30,0.2578013445599936,3.692261001560837,13.816309998219367,17.766372344340198
1831,16703.863049994397,16703.863277051,16703.863277051,16703.871545523,16703.885808817,2,COMPLETED,True,burst_6,31,0.22705660376232117,8.268472000054317,14.263294000556925,22.758822604373563
1832,16703.866090463005,16703.866236473,16703.866236473,16703.880772918,16703.894107928,1,COMPLETED,True,burst_6,32,0.14600999566027895,14.536444999976084,13.335010000446346,28.01746499608271
1833,16703.86664310703,16703.86678184,16703.86678184,16703.881136617,16703.896245102,0,COMPLETED,True,burst_6,33,0.13873296848032624,14.354777002154151,15.108485000382643,29.60199497101712
1834,16703.87171455179,16703.871881745,16703.871881745,16703.883645211,16703.901041257,3,COMPLETED,True,burst_6,34,0.16719320774427615,11.763466001866618,17.396045997884357,29.32670520749525
1835,16703.878116237105,16703.878341395,16703.878341395,16703.886149456,16703.899490637,2,COMPLETED,True,burst_6,35,0.22515789532917552,7.808061000105226,13.34118099839543,21.374399893829832
1836,16703.880495384463,16703.88067766,16703.88067766,16703.89446644,16703.907833944,1,COMPLETED,True,burst_6,36,0.18227553664473817,13.788780001050327,13.36750399786979,27.338559535564855
1837,16703.885224116442,16703.885339237,16703.885339237,16703.896590268,16703.910921796,0,COMPLETED,True,burst_6,37,0.11512055789353326,11.251030999119394,14.331528000184335,25.69767955719726
1838,16703.886717638656,16703.886824685,16703.886824685,16703.899877294,16703.913490927,2,COMPLETED,True,burst_6,38,0.10704634405556135,13.052608999714721,13.613633000204572,26.773288343974855
1839,16703.905235508548,16703.905405012,16703.905405012,16703.906130147,16703.920711147,3,COMPLETED,True,burst_6,39,0.16950345161603764,0.7251349998114165,14.580999999452615,15.47563845088007
1840,16703.90867855657,16703.908797243,16703.908797243,16703.909188722,16703.923566212,1,COMPLETED,True,burst_6,40,0.11868642832268961,0.39147899951785803,14.377490002516424,14.887655430356972
1841,16703.920798953768,16703.920904388,16703.920904388,16703.92152316,16703.936037393,0,COMPLETED,True,burst_6,41,0.10543423195485957,0.618771999143064,14.51423300022725,15.238439231325174
1842,16703.924100931206,16703.924201723,16703.924201723,16703.924689272,16703.938414953,2,COMPLETED,True,burst_6,42,0.1007917926472146,0.4875490012636874,13.72568100123317,14.314021795144072
1843,16703.929649064,16703.929741001,16703.929741001,16703.930191,16703.94412276,3,COMPLETED,True,burst_6,43,0.09193699952447787,0.4499989991018083,13.931760000559734,14.47369599918602
1844,16703.96713433702,16703.967244909,16703.967244909,16703.967785841,16703.981520375,1,COMPLETED,True,burst_6,44,0.11057197843911126,0.5409320001490414,13.734534000832355,14.386037979420507
1845,16703.971056723247,16703.971191014,16703.971191014,16703.971676849,16703.985849887,0,COMPLETED,True,burst_6,45,0.13429075261228718,0.4858350002905354,14.17303800189984,14.793163754802663
1846,16703.975600367074,16703.975690583,16703.975690583,16703.976242506,16703.989860111,2,COMPLETED,True,burst_6,46,0.09021592632052489,0.5519229998753872,13.617605000035837,14.25974392623175
1847,16703.98221364856,16703.98230568,16703.98230568,16703.982914542,16703.99703212,3,COMPLETED,True,burst_6,47,0.09203144145430997,0.6088619993533939,14.117578000877984,14.818471441685688
1848,16703.984735651928,16703.984823434,16703.984823434,16703.985335932,16703.999014997,1,COMPLETED,True,burst_6,48,0.08778207120485604,0.512498001626227,13.67906499945093,14.279345072282013
1849,16703.992878271107,16703.992998639,16703.992998639,16703.993523844,16704.007156572,0,COMPLETED,True,burst_6,49,0.12036789485136978,0.5252049995760899,13.632727997901384,14.278300892328843
1850,16703.99741728808,16703.997513114,16703.997513114,16703.998033882,16704.011801917,2,COMPLETED,True,burst_6,50,0.09582592247170396,0.5207679969316814,13.768035001703538,14.384628921106923
1851,16704.0136678194,16704.013755815,16704.013755815,16704.014437756,16704.027650376,3,COMPLETED,True,burst_6,51,0.08799560237093829,0.6819409973104484,13.212620000558672,13.98255660024006
1852,16704.020231099094,16704.020317357,16704.020317357,16704.020728483,16704.034673747,1,COMPLETED,True,burst_6,52,0.0862579072418157,0.4111259986530058,13.945263999630697,14.442647905525519
1853,16704.03343386053,16704.03352827,16704.03352827,16704.034252356,16704.047545998,0,COMPLETED,True,burst_6,53,0.09440946814720519,0.724085999536328,13.293642001372064,14.112137469055597
1854,16704.03861493654,16704.038735032,16704.038735032,16704.039385264,16704.053362475,2,COMPLETED,True,burst_6,54,0.12009546117042191,0.6502319993160199,13.977210997836664,14.747538458323106
1855,16704.039667310237,16704.039783513,16704.039783513,16704.040370589,16704.058611728,3,COMPLETED,True,burst_6,55,0.11620276200119406,0.5870759996469133,18.24113900147495,18.944417763123056
1856,16704.055131957368,16704.05524567,16704.05524567,16704.05583742,16704.070097962,1,COMPLETED,True,burst_6,56,0.11371263099135831,0.5917500020586886,14.260542000556597,14.966004633606644
1857,16704.057257697797,16704.057386794,16704.057386794,16704.057882476,16704.071715457,0,COMPLETED,True,burst_6,57,0.12909620272694156,0.4956820012012031,13.832980999723077,14.457759203651221
1858,16704.062145830096,16704.062244184,16704.062244184,16704.062976894,16704.076794144,2,COMPLETED,True,burst_6,58,0.0983539030130487,0.7327100029215217,13.817249997373438,14.648313903308008
1859,16704.12598795116,16704.126149651,16704.126149651,16704.126720075,16704.140331155,3,COMPLETED,True,baseline_7,59,0.16169984155567363,0.570423999306513,13.611079997644993,14.34320383850718
1860,16704.137393752397,16704.137534464,16704.137534464,16704.13844315,16704.157633443,1,COMPLETED,True,baseline_7,60,0.1407116033078637,0.9086860009119846,19.19029299824615,20.239690602466
1861,16704.154475976073,16704.154614227,16704.154614227,16704.155387543,16704.16916938,0,COMPLETED,True,baseline_7,61,0.13825092901242897,0.773315998230828,13.781836998532526,14.693403925775783
1862,16704.171627414147,16704.171763648,16704.171763648,16704.172619182,16704.186405351,2,COMPLETED,True,baseline_7,62,0.13623385166283697,0.8555340027669445,13.786168998194626,14.777936852624407
1863,16704.174510192508,16704.174725609,16704.174725609,16704.175377506,16704.193490964,3,COMPLETED,True,baseline_7,63,0.21541649039136246,0.6518970003526192,18.113458001607796,18.980771492351778
1864,16704.178167500453,16704.178422387,16704.178422387,16704.1792753,16704.198848426,1,COMPLETED,True,baseline_7,64,0.2548865486460272,0.8529129991075024,19.573125999158947,20.680925546912476
1865,16704.203937270944,16704.204049587,16704.204049587,16704.204683523,16704.220707943,0,COMPLETED,True,baseline_7,65,0.11231605458306149,0.6339360006677452,16.02442000148585,16.770672056736657
1866,16704.21213491116,16704.212322559,16704.212322559,16704.212849693,16704.227126554,2,COMPLETED,True,baseline_7,66,0.1876478418125771,0.5271340014587622,14.27686099850689,14.99164284177823
1867,16704.21338810754,16704.213516463,16704.213516463,16704.214141486,16704.227777606,3,COMPLETED,True,baseline_7,67,0.1283554629480932,0.625022999884095,13.636119998409413,14.389498461241601
1868,16704.214161329797,16704.214321211,16704.214321211,16704.214999844,16704.233197178,1,COMPLETED,True,baseline_7,68,0.15988120139809325,0.678633001371054,18.19733400043333,19.035848203202477
1869,16704.25961062323,16704.259679442,16704.259679442,16704.260401733,16704.277348491,0,COMPLETED,True,baseline_7,69,0.06881876834086142,0.7222910026030149,16.94675799808465,17.737867769028526
1870,16704.266544884424,16704.26663572,16704.26663572,16704.267364551,16704.291515208,2,COMPLETED,True,baseline_7,70,0.0908355759747792,0.7288310007425025,24.150656998244813,24.970323574962094
1871,16704.267729442316,16704.267855232,16704.267855232,16704.268290465,16704.282183495,3,COMPLETED,True,baseline_7,71,0.12578968380694278,0.4352329997345805,13.89303000178188,14.454052685323404
1872,16704.273888301643,16704.274067469,16704.274067469,16704.274654358,16704.296301898,1,COMPLETED,True,baseline_7,72,0.17916735669132322,0.5868890002602711,21.64754000114044,22.413596358092036
1873,16704.288990392048,16704.289089417,16704.289089417,16704.289644351,16704.31160987,0,COMPLETED,True,baseline_7,73,0.09902495366986841,0.5549339985009283,21.965519001241773,22.61947795341257
1874,16704.28921333231,16704.28942638,16704.28942638,16704.28968847,16704.303267267,3,COMPLETED,True,baseline_7,74,0.21304768961272202,0.2620899977046065,13.57879700299236,14.053934690309688
1875,16704.336474110805,16704.336574858,16704.336574858,16704.337077896,16704.35088425,2,COMPLETED,True,baseline_7,75,0.10074719466501847,0.5030380016251002,13.80635399982566,14.410139196115779
1876,16704.34623067571,16704.346383468,16704.346383468,16704.347255258,16704.362414247,1,COMPLETED,True,baseline_7,76,0.15279229046427645,0.8717899982002564,15.158989001065493,16.183571289730025
1877,16704.350138475707,16704.350227878,16704.350227878,16704.350652377,16704.364815748,3,COMPLETED,True,baseline_7,77,0.08940229236031882,0.42449900138308294,14.163370997266611,14.677272291010013
1878,16704.351024151165,16704.351165244,16704.351165244,16704.35178964,16704.365427758,0,COMPLETED,True,baseline_7,78,0.14109283438301645,0.6243960015126504,13.63811799819814,14.403606834093807
1879,16704.359757108676,16704.359885687,16704.359885687,16704.360758401,16704.375213108,2,COMPLETED,True,baseline_7,79,0.12857832552981563,0.8727139975235332,14.454707001277711,15.45599932433106
1880,16704.38568660004,16704.385771094,16704.385771094,16704.386559074,16704.400466818,1,COMPLETED,True,baseline_7,80,0.08449396045762114,0.7879799995862413,13.90774399988004,14.780217959923903
1881,16704.48881849765,16704.48908999,16704.48908999,16704.490175234,16704.510168936,3,COMPLETED,True,baseline_7,81,0.2714923466555774,1.085244002752006,19.993702000647318,21.3504383500549
1882,16704.500519210284,16704.500682229,16704.500682229,16704.501786828,16704.521417537,0,COMPLETED,True,baseline_7,82,0.1630187180126086,1.1045989995182026,19.630708997283364,20.898326714814175
1883,16704.592236514516,16704.592397917,16704.592397917,16704.593410998,16704.613855708,2,COMPLETED,True,baseline_7,83,0.16140248408191837,1.0130810005648527,20.44471000044723,21.619193485094
1884,16704.604150189403,16704.604280711,16704.604280711,16704.605080161,16704.62210128,1,COMPLETED,True,baseline_7,84,0.13052159556536935,0.7994500010681804,17.02111900158343,17.95109059821698
1885,16704.621838944575,16704.621995511,16704.621995511,16704.622976894,16704.643129001,3,COMPLETED,True,baseline_7,85,0.15656642426620238,0.9813830001803581,20.152107001194963,21.290056425641524
1886,16704.622013346398,16704.622123066,16704.622123066,16704.623397488,16704.642413948,0,COMPLETED,True,baseline_7,86,0.10971960364258848,1.2744220002787188,19.01645999896573,20.400601602887036
1887,16704.65933964989,16704.659480189,16704.659480189,16704.660267857,16704.677987367,2,COMPLETED,True,baseline_7,87,0.14053910854272544,0.7876680028857663,17.719509996823035,18.647717108251527
1888,16704.75535178683,16704.755501375,16704.755501375,16704.756389144,16704.776080437,1,COMPLETED,True,baseline_7,88,0.14958816973376088,0.8877690015651751,19.69129300050554,20.728650171804475
1889,16704.758768439435,16704.758943014,16704.758943014,16704.759550338,16704.779905534,0,COMPLETED,True,baseline_7,89,0.17457456488045864,0.6073240001569502,20.35519600030966,21.13709456534707
1890,16704.82059134184,16704.820767877,16704.820767877,16704.821574566,16704.841146207,3,COMPLETED,True,baseline_7,90,0.17653516260907054,0.8066890004556626,19.571640998037765,20.554865161102498
1891,16704.82769765829,16704.827841762,16704.827841762,16704.828505958,16704.847324239,2,COMPLETED,True,baseline_7,91,0.14410370931727812,0.6641960026172455,18.818280997948023,19.626580709882546
1892,16704.85267017329,16704.852900488,16704.852900488,16704.853677512,16704.871012372,1,COMPLETED,True,baseline_7,92,0.23031470846035518,0.7770240008539986,17.33486000011908,18.342198709433433
1893,16704.861728764165,16704.861888013,16704.861888013,16704.862760884,16704.88094858,0,COMPLETED,True,baseline_7,93,0.15924883700790815,0.872870998136932,18.18769600140513,19.21981583654997
1894,16704.88534079719,16704.885468049,16704.885468049,16704.885972235,16704.899792701,3,COMPLETED,True,baseline_7,94,0.12725180931738578,0.5041859985794872,13.820465999742737,14.45190380763961
1895,16704.89290145523,16704.89299699,16704.89299699,16704.893650676,16704.908400241,2,COMPLETED,True,baseline_7,95,0.0955347677518148,0.6536860018968582,14.749565001693554,15.498785771342227
1896,16704.916149711793,16704.916320956,16704.916320956,16704.917124326,16704.932578976,1,COMPLETED,True,baseline_7,96,0.171244206285337,0.8033699996303767,15.454650001629489,16.429264207545202
1897,16704.9313533684,16704.931612029,16704.931612029,16704.932767552,16704.951831395,0,COMPLETED,True,baseline_7,97,0.2586605987744406,1.155523001216352,19.063842999457847,20.47802659944864
1898,16704.973501706365,16704.973591641,16704.973591641,16704.974314718,16704.993044402,1,COMPLETED,True,baseline_7,98,0.08993463416118175,0.7230770024762023,18.729683997662505,19.54269563429989
1899,16704.986239666527,16704.986413186,16704.986413186,16704.987170064,16705.00643044,2,COMPLETED,True,baseline_7,99,0.1735194746288471,0.7568779983557761,19.260376000602264,20.190773473586887
1900,16705.009264408534,16705.00935241,16705.00935241,16705.010249632,16705.028422162,3,COMPLETED,True,baseline_7,100,0.08800146679277532,0.8972219984570984,18.172529998992104,19.157753464241978
1901,16705.064923930873,16705.065135566,16705.065135566,16705.066021758,16705.080751844,0,COMPLETED,True,baseline_7,101,0.21163512792554684,0.8861919995979406,14.73008600078174,15.827913128305227
1902,16705.07888070499,16705.079021814,16705.079021814,16705.080099682,16705.098467267,1,COMPLETED,True,baseline_7,102,0.14110900883679278,1.0778680007206276,18.367584998486564,19.586562008043984
1903,16705.124252790407,16705.124414243,16705.124414243,16705.125231842,16705.143655615,2,COMPLETED,True,baseline_7,103,0.16145259360200725,0.8175990005838685,18.423772999085486,19.40282459327136
1904,16705.138973353765,16705.139295611,16705.139295611,16705.140124187,16705.157931555,3,COMPLETED,True,baseline_7,104,0.322257234074641,0.8285760013677645,17.807367999921553,18.95820123536396
1905,16705.16002400133,16705.160163001,16705.160163001,16705.160902311,16705.175021424,0,COMPLETED,True,baseline_7,105,0.13899967234465294,0.7393099986074958,14.119112998741912,14.99742266969406
1906,16705.2269125012,16705.227056468,16705.227056468,16705.228118248,16705.243476522,1,COMPLETED,True,baseline_7,106,0.14396680126083083,1.0617799998726696,15.358273998572258,16.56402079970576
1907,16705.245645020517,16705.245789221,16705.245789221,16705.246664893,16705.264831885,2,COMPLETED,True,baseline_7,107,0.14420048319152556,0.8756719980738126,18.166992002079496,19.186864483344834
1908,16705.25342376123,16705.253652856,16705.253652856,16705.254608294,16705.27533882,3,COMPLETED,True,baseline_7,108,0.22909477047505789,0.9554379976179916,20.730526000988903,21.915058769081952
1909,16705.39283102803,16705.393046374,16705.393046374,16705.394088915,16705.413926974,0,COMPLETED,True,baseline_7,109,0.21534596817218699,1.0425410000607371,19.83805900090374,21.095945969136665
1910,16705.394657002616,16705.394903922,16705.394903922,16705.395834541,16705.415498996,1,COMPLETED,True,baseline_7,110,0.24691938233445399,0.9306190004281234,19.66445500147529,20.841993384237867
1911,16705.407300435607,16705.407480322,16705.407480322,16705.408433221,16705.427573407,2,COMPLETED,True,baseline_7,111,0.17988639228860848,0.952899001276819,19.140185999276582,20.27297139284201
1912,16705.477010869294,16705.477269025,16705.477269025,16705.478338512,16705.497662062,3,COMPLETED,True,baseline_7,112,0.25815570552367717,1.0694869997678325,19.323550000990508,20.651192706282018
1913,16705.494278888906,16705.49452941,16705.49452941,16705.495586307,16705.5154139,0,COMPLETED,True,baseline_7,113,0.2505210941308178,1.0568969992164057,19.827593001537025,21.13501109488425
1914,16705.521972687795,16705.522165801,16705.522165801,16705.523160554,16705.5423512,1,COMPLETED,True,baseline_7,114,0.19311320647830144,0.9947529979399405,19.19064600224374,20.37851220666198
1915,16705.570703293375,16705.570818804,16705.570818804,16705.571610812,16705.587775205,2,COMPLETED,True,baseline_7,115,0.11551062561920844,0.7920079988252837,16.164393000508426,17.071911624952918
1916,16705.582701896572,16705.582863517,16705.582863517,16705.583659268,16705.609360965,3,COMPLETED,True,baseline_7,116,0.16162042811629362,0.7957509988045786,25.701697002659785,26.659068429580657
1917,16705.602959306874,16705.603050893,16705.603050893,16705.603944078,16705.623837468,0,COMPLETED,True,baseline_7,117,0.0915861273824703,0.8931849988584872,19.893389999197097,20.878161125438055
1918,16705.695718715677,16705.695974653,16705.695974653,16705.697034044,16705.717051323,1,COMPLETED,True,baseline_7,118,0.25593732425477356,1.0593909973977134,20.01727900278638,21.332607324438868
1919,16705.731233919578,16705.731391015,16705.731391015,16705.732261202,16705.750561108,2,COMPLETED,True,baseline_7,119,0.15709542276454158,0.8701869992364664,18.299906001630006,19.327188423631014
1920,16705.74297053937,16705.743115752,16705.743115752,16705.744114262,16705.764733931,3,COMPLETED,True,baseline_7,0,0.1452126307412982,0.9985100004996639,20.619668997824192,21.763391629065154
1921,16705.756815488923,16705.756962646,16705.756962646,16705.757870972,16705.777934346,0,COMPLETED,True,baseline_7,1,0.1471570758440066,0.90832600108115,20.06337399870972,21.118857075634878
1922,16705.770240646078,16705.770336592,16705.770336592,16705.771179754,16705.785605998,1,COMPLETED,True,baseline_7,2,0.09594592120265588,0.843162000819575,14.426244000787847,15.365351922810078
1923,16705.818845376318,16705.818945785,16705.818945785,16705.819659725,16705.832761728,2,COMPLETED,True,baseline_7,3,0.10040868073701859,0.7139400004234631,13.102003002131823,13.916351683292305
1924,16705.844252404553,16705.844387967,16705.844387967,16705.845289541,16705.864645078,3,COMPLETED,True,baseline_7,4,0.13556244812207296,0.9015739997266792,19.35553699877346,20.39267344662221
1925,16705.85390767009,16705.854037101,16705.854037101,16705.854764557,16705.871762266,0,COMPLETED,True,baseline_7,5,0.12943090769113041,0.7274560011865105,16.997709000861505,17.854595909739146
1926,16705.87220629698,16705.872574656,16705.872574656,16705.873368761,16705.892264542,1,COMPLETED,True,baseline_7,6,0.3683590221044142,0.7941049989312887,18.895780998718692,20.058245019754395
1927,16705.903801203403,16705.903903869,16705.903903869,16705.904637689,16705.917416523,2,COMPLETED,True,baseline_7,7,0.10266559547744691,0.7338200011872686,12.778833999618655,13.61531959628337
1928,16705.918841652427,16705.918955411,16705.918955411,16705.919575877,16705.938756515,3,COMPLETED,True,baseline_7,8,0.11375857502571307,0.6204659985087346,19.180637998942984,19.914862572477432
1929,16705.929422687346,16705.929606853,16705.929606853,16705.930531343,16705.949303018,0,COMPLETED,True,baseline_7,9,0.18416565217194147,0.924490002944367,18.771674996969523,19.88033065208583
1930,16705.94987510421,16705.950022716,16705.950022716,16705.950664046,16705.96725668,1,COMPLETED,True,baseline_7,10,0.1476117904530838,0.6413299997802824,16.59263400142663,17.381575791659998
1931,16705.99197596205,16705.992132799,16705.992132799,16705.992714243,16706.005961517,2,COMPLETED,True,baseline_7,11,0.15683695164625533,0.5814439973619301,13.247274000605103,13.985554949613288
1932,16706.0213195483,16706.021462265,16706.021462265,16706.022313291,16706.040785662,3,COMPLETED,True,baseline_7,12,0.14271669715526514,0.8510260013281368,18.47237100082566,19.466113699309062
1933,16706.021809272548,16706.02208436,16706.02208436,16706.022495837,16706.038471537,0,COMPLETED,True,baseline_7,13,0.27508745188242756,0.41147700176225044,15.975699996488402,16.66226445013308
1934,16706.033392807753,16706.033559386,16706.033559386,16706.034434689,16706.052668277,1,COMPLETED,True,baseline_7,14,0.16657824744470417,0.8753030015213881,18.233587998111034,19.275469247077126
1935,16706.042909494143,16706.043085725,16706.043085725,16706.043698749,16706.058499856,2,COMPLETED,True,baseline_7,15,0.17623085659579374,0.6130239999038167,14.80110700140358,15.59036185790319
1936,16706.060131666047,16706.06036206,16706.06036206,16706.06094985,16706.078005515,0,COMPLETED,True,baseline_7,16,0.23039395455271006,0.5877900002815295,17.055664997315034,17.873848952149274
1937,16706.06814876826,16706.068254474,16706.068254474,16706.068728567,16706.082282289,3,COMPLETED,True,baseline_7,17,0.10570574158919044,0.47409299804712646,13.553722001233837,14.133520740870154
1938,16706.11983978427,16706.119957527,16706.119957527,16706.120571403,16706.13416122,1,COMPLETED,True,baseline_7,18,0.1177427293441724,0.6138759999885224,13.589817001047777,14.321435730380472
1939,16706.145067062786,16706.145174821,16706.145174821,16706.14594505,16706.162406443,2,COMPLETED,True,baseline_7,19,0.10775821283459663,0.7702290022280067,16.46139299919014,17.339380214252742
1940,16706.195674261395,16706.195832145,16706.195832145,16706.196859071,16706.216095838,0,COMPLETED,True,baseline_7,20,0.15788360542501323,1.0269259983033407,19.236767002439592,20.421576606167946
1941,16706.197682525773,16706.197814247,16706.197814247,16706.198500887,16706.216498261,3,COMPLETED,True,baseline_7,21,0.13172122635296546,0.6866399999125861,17.99737400142476,18.81573522769031
1942,16706.205796105733,16706.206020664,16706.206020664,16706.206884255,16706.226679041,1,COMPLETED,True,baseline_7,22,0.22455826911027543,0.8635909980512224,19.794785999692976,20.882935266854474
1943,16706.218266370353,16706.218362775,16706.218362775,16706.219035452,16706.233668696,2,COMPLETED,True,baseline_7,23,0.0964046448643785,0.6726770006935112,14.63324400174315,15.40232564730104
1944,16706.25126927808,16706.251413906,16706.251413906,16706.251957453,16706.266039938,0,COMPLETED,True,baseline_7,24,0.1446279202355072,0.5435470011434518,14.082484998652944,14.770659920031903
1945,16706.257879490513,16706.258033499,16706.258033499,16706.258780054,16706.278363217,3,COMPLETED,True,baseline_7,25,0.15400848860736005,0.7465549970220309,19.583163000788772,20.483726486418163
1946,16706.27260766229,16706.27282804,16706.27282804,16706.27371791,16706.290987176,1,COMPLETED,True,baseline_7,26,0.22037771122995764,0.8898699998098891,17.269265998038463,18.37951370907831
1947,16706.27929884055,16706.279406406,16706.279406406,16706.279997166,16706.295076151,2,COMPLETED,True,baseline_7,27,0.10756545088952407,0.5907599988859147,15.078985001309775,15.777310451085214
1948,16706.284438309493,16706.284623934,16706.284623934,16706.285232749,16706.306991421,0,COMPLETED,True,baseline_7,28,0.1856245071394369,0.6088150003051851,21.75867199912318,22.553111506567802
1949,16706.28979690539,16706.289994027,16706.289994027,16706.290598491,16706.304205596,3,COMPLETED,True,baseline_7,29,0.19712161156348884,0.6044639994797762,13.60710500011919,14.408690611162456
1950,16706.366724438634,16706.366870428,16706.366870428,16706.36776985,16706.381535179,1,COMPLETED,True,baseline_7,30,0.14598936468246393,0.8994220006570686,13.765329000307247,14.81074036564678
1951,16706.375320344006,16706.375436801,16706.375436801,16706.376158176,16706.393966666,2,COMPLETED,True,baseline_7,31,0.11645699487417005,0.7213749995571561,17.808489999879384,18.64632199431071
1952,16706.391192587922,16706.391311474,16706.391311474,16706.392239044,16706.411401341,3,COMPLETED,True,baseline_7,32,0.118886076961644,0.9275699994759634,19.162297001457773,20.20875307789538
1953,16706.42073163123,16706.420877559,16706.420877559,16706.421610924,16706.435265393,0,COMPLETED,True,baseline_7,33,0.14592777006328106,0.7333649991778657,13.654468999448,14.533761768689146
1954,16706.431375234602,16706.43163552,16706.43163552,16706.432588037,16706.448751488,1,COMPLETED,True,baseline_7,34,0.2602853965072427,0.952517002588138,16.163450996828033,17.376253395923413
1955,16706.489429149136,16706.489567842,16706.489567842,16706.490432983,16706.506985989,2,COMPLETED,True,baseline_7,35,0.13869286340195686,0.8651409989397507,16.553006000322057,17.556839862663765
1956,16706.517254662154,16706.517432968,16706.517432968,16706.518446872,16706.537700783,3,COMPLETED,True,baseline_7,36,0.17830584693001583,1.0139039986825082,19.253910999395885,20.44612084500841
1957,16706.537197529335,16706.537270564,16706.537270564,16706.538164486,16706.557915276,0,COMPLETED,True,baseline_7,37,0.0730346655473113,0.8939219987951219,19.750790001126006,20.71774666546844
1958,16706.576307387593,16706.57652122,16706.57652122,16706.57734787,16706.596248427,1,COMPLETED,True,baseline_7,38,0.21383240527939051,0.8266500008176081,18.90055699914228,19.94103940523928
1959,16706.6125620052,16706.612726049,16706.612726049,16706.613485348,16706.627996754,2,COMPLETED,True,baseline_7,39,0.16404379857704043,0.7592990004923195,14.511405999655835,15.434748798725195
1960,16706.649581319183,16706.649688903,16706.649688903,16706.650667564,16706.670849862,3,COMPLETED,True,baseline_7,40,0.10758381540654227,0.9786610025912523,20.18229799796245,21.268542815960245
1961,16706.66022335302,16706.660313427,16706.660313427,16706.660961045,16706.677588792,0,COMPLETED,True,baseline_7,41,0.09007397966342978,0.6476179987657815,16.627747001621174,17.365438980050385
1962,16706.664190980668,16706.66435474,16706.66435474,16706.665167726,16706.684999107,1,COMPLETED,True,baseline_7,42,0.1637593341001775,0.8129859998007305,19.831380999676185,20.808126333577093
1963,16706.75705136412,16706.757255667,16706.757255667,16706.758203106,16706.777491,2,COMPLETED,True,baseline_7,43,0.20430287986528128,0.9474390026298352,19.2878939997172,20.439635882212315
1964,16706.77581567761,16706.776105473,16706.776105473,16706.777232046,16706.79689701,3,COMPLETED,True,baseline_7,44,0.28979538910789415,1.1265729990554973,19.664964002004126,21.081332390167518
1965,16706.790487177077,16706.790737567,16706.790737567,16706.791772724,16706.810801593,0,COMPLETED,True,baseline_7,45,0.2503899231669493,1.035156998113962,19.028869002795545,20.314415924076457
1966,16706.827742412897,16706.827834884,16706.827834884,16706.828695152,16706.84879737,1,COMPLETED,True,baseline_7,46,0.09247110210708342,0.8602679990872275,20.102218000829453,21.054957102023764
1967,16706.85895829622,16706.859050225,16706.859050225,16706.859805522,16706.873960551,2,COMPLETED,True,baseline_7,47,0.09192878133035265,0.7552969982498325,14.155029002722586,15.00225478230277
1968,16706.862520137234,16706.862609429,16706.862609429,16706.863123346,16706.878492502,3,COMPLETED,True,baseline_7,48,0.08929176692618057,0.513916998897912,15.369156000815565,15.972364766639657
1969,16706.8819833809,16706.882137613,16706.882137613,16706.882770562,16706.89757687,0,COMPLETED,True,baseline_7,49,0.15423210061271675,0.6329489988274872,14.80630800142535,15.593489100865554
1970,16706.891632295385,16706.891742852,16706.891742852,16706.892447957,16706.905795127,1,COMPLETED,True,baseline_7,50,0.11055661525460891,0.7051050015434157,13.347169999178732,14.162831615976756
1971,16706.896378009274,16706.896459784,16706.896459784,16706.897241395,16706.918533298,2,COMPLETED,True,baseline_7,51,0.08177472409442998,0.7816110010026023,21.291903001838364,22.155288726935396
1972,16706.91331171735,16706.913324396,16706.913324396,16706.914294535,16706.93469837,3,COMPLETED,True,baseline_7,52,0.012678647181019187,0.9701390008558519,20.40383500207099,21.386652650107862
1973,16706.92773946236,16706.92790684,16706.92790684,16706.928528092,16706.947207041,0,COMPLETED,True,baseline_7,53,0.16737763871788047,0.6212520020199008,18.67894899987732,19.467578640615102
1974,16706.973541119765,16706.973708926,16706.973708926,16706.974621069,16706.993902949,1,COMPLETED,True,baseline_7,54,0.16780623627710156,0.9121429975493811,19.281880002381513,20.361829236207996
1975,16707.084328724974,16707.084493684,16707.084493684,16707.085549833,16707.106010391,2,COMPLETED,True,baseline_7,55,0.16495902673341334,1.0561489980318584,20.460558000195306,21.681666024960577
1976,16707.11917710542,16707.119376653,16707.119376653,16707.120406653,16707.140779094,3,COMPLETED,True,baseline_7,56,0.19954758317908272,1.029999999445863,20.372440998471575,21.60198858109652
1977,16707.138489576868,16707.138747372,16707.138747372,16707.139816898,16707.159649215,0,COMPLETED,True,baseline_7,57,0.2577951308921911,1.0695260025386233,19.832316997053567,21.15963813048438
1978,16707.20760252689,16707.207745493,16707.207745493,16707.208754615,16707.22868932,1,COMPLETED,True,baseline_7,58,0.14296610970632173,1.0091219992318656,19.934705000196118,21.086793109134305
1979,16707.217419846547,16707.217670471,16707.217670471,16707.21860813,16707.238423211,2,COMPLETED,True,baseline_7,59,0.2506244527467061,0.9376589987368789,19.8150810028892,21.003364454372786
1980,16707.284484529853,16707.284650503,16707.284650503,16707.285441905,16707.302775718,3,COMPLETED,True,baseline_7,60,0.16597314606769942,0.7914020025054924,17.333812997094356,18.291188145667547
1981,16707.322567078325,16707.322728899,16707.322728899,16707.323484171,16707.338930345,0,COMPLETED,True,baseline_7,61,0.16182067338377237,0.755272001697449,15.446173998498125,16.363266673579346
1982,16707.356227334556,16707.356328242,16707.356328242,16707.357108058,16707.371732097,1,COMPLETED,True,baseline_7,62,0.10090744399349205,0.7798160004313104,14.62403899859055,15.504762443015352
1983,16707.356764722786,16707.356885918,16707.356885918,16707.357337438,16707.370689825,2,COMPLETED,True,baseline_7,63,0.12119521488784812,0.45151999802328646,13.352386999031296,13.92510221194243
1984,16707.376719381013,16707.376807644,16707.376807644,16707.377557753,16707.390614746,3,COMPLETED,True,baseline_7,64,0.08826298653730191,0.7501090003643185,13.056993000645889,13.89536498754751
1985,16707.404498145428,16707.404680218,16707.404680218,16707.405397056,16707.427258285,0,COMPLETED,True,baseline_7,65,0.1820725701691117,0.7168380034272559,21.861228997295257,22.760139570891624
1986,16707.415778820992,16707.41586896,16707.41586896,16707.416849226,16707.435769871,2,COMPLETED,True,baseline_7,66,0.09013900853460655,0.9802659988054074,18.920645001344383,19.991050008684397
1987,16707.42452384997,16707.424788037,16707.424788037,16707.42552446,16707.443358344,1,COMPLETED,True,baseline_7,67,0.26418702691444196,0.7364230004895944,17.833884001447586,18.834494028851623
1988,16707.45810226909,16707.45830937,16707.45830937,16707.459064491,16707.477156793,3,COMPLETED,True,baseline_7,68,0.20710090757347643,0.7551210001111031,18.092302001605276,19.054523909289856
1989,16707.470299867524,16707.47039935,16707.47039935,16707.47135984,16707.490873781,0,COMPLETED,True,baseline_7,69,0.09948247679858468,0.960490000579739,19.513940998876933,20.573913476255257
1990,16707.48306400856,16707.483174284,16707.483174284,16707.483882693,16707.497681058,2,COMPLETED,True,baseline_7,70,0.1102754395105876,0.7084089993441012,13.798365002003266,14.617049440857954
1991,16707.487892541623,16707.487983058,16707.487983058,16707.488938502,16707.506959675,1,COMPLETED,True,baseline_7,71,0.09051637607626617,0.9554440002830233,18.02117300030659,19.06713337666588
1992,16707.491029223384,16707.491281939,16707.491281939,16707.492105434,16707.505608468,3,COMPLETED,True,baseline_7,72,0.2527156175347045,0.8234950000769459,13.503033998858882,14.579244616470532
1993,16707.52819930442,16707.528295773,16707.528295773,16707.528898102,16707.543119548,0,COMPLETED,True,baseline_7,73,0.09646858234191313,0.6023289970471524,14.221446002920857,14.920243582309922
1994,16707.54984214349,16707.549949298,16707.549949298,16707.550779192,16707.569603722,2,COMPLETED,True,baseline_7,74,0.1071545120794326,0.8298939974338282,18.82453000143869,19.76157851095195
1995,16707.5662202247,16707.566312476,16707.566312476,16707.566977398,16707.580258132,3,COMPLETED,True,baseline_7,75,0.09225129906553775,0.6649220013059676,13.280733997817151,14.037907298188657
1996,16707.626878767776,16707.627024292,16707.627024292,16707.628088017,16707.648323103,1,COMPLETED,True,baseline_7,76,0.1455242236261256,1.0637250015861355,20.235085998137947,21.44433522335021
1997,16707.652182748043,16707.652434389,16707.652434389,16707.653338217,16707.671017344,0,COMPLETED,True,baseline_7,77,0.2516409585950896,0.9038279968081042,17.679127002338646,18.83459595774184
1998,16707.675427674207,16707.675571416,16707.675571416,16707.676441368,16707.696368701,2,COMPLETED,True,baseline_7,78,0.1437417922716122,0.8699520003574435,19.927332999941427,20.941026792570483
1999,16707.69628559595,16707.696433595,16707.696433595,16707.697459973,16707.716618618,3,COMPLETED,True,baseline_7,79,0.14799904965911992,1.026377998641692,19.15864500188036,20.33302205018117
2000,16707.701565783187,16707.701703719,16707.701703719,16707.702436292,16707.715401811,1,COMPLETED,True,baseline_7,80,0.1379358145641163,0.7325729966396466,12.96551900304621,13.836027814249974
2001,16707.770520382932,16707.770684836,16707.770684836,16707.771664449,16707.791677262,0,COMPLETED,True,baseline_7,81,0.16445306755485944,0.9796129997994285,20.0128130018129,21.15687906916719
2002,16707.778554832403,16707.778659456,16707.778659456,16707.779422987,16707.798811054,2,COMPLETED,True,baseline_7,82,0.10462359568919055,0.7635310030309483,19.38806699763518,20.256221596355317
2003,16707.796862589457,16707.79697317,16707.79697317,16707.797906976,16707.816412074,1,COMPLETED,True,baseline_7,83,0.11058054224122316,0.9338060008303728,18.505097999877762,19.549484542949358
2004,16707.879472951096,16707.879635055,16707.879635055,16707.880723086,16707.901315007,3,COMPLETED,True,baseline_7,84,0.1621039045858197,1.088031000108458,20.591920998413116,21.842055903107394
2005,16707.930510432285,16707.930650884,16707.930650884,16707.932069834,16707.951522254,0,COMPLETED,True,baseline_7,85,0.1404517170158215,1.4189499997883104,19.452419997833204,21.011821714637335
2006,16707.958169540798,16707.958314606,16707.958314606,16707.959238537,16707.978825753,2,COMPLETED,True,baseline_7,86,0.1450652016501408,0.9239310020348057,19.587216000218177,20.656212203903124
2007,16707.960700541247,16707.960829703,16707.960829703,16707.961491432,16707.975629258,1,COMPLETED,True,baseline_7,87,0.12916175182908773,0.6617290018766653,14.137825997750042,14.928716751455795
2008,16707.96878700939,16707.968917938,16707.968917938,16707.969773349,16707.989458622,3,COMPLETED,True,baseline_7,88,0.13092860899632797,0.8554109990654979,19.68527300050482,20.671612608566647
2009,16707.97116587439,16707.971265647,16707.971265647,16707.972116687,16707.989932123,0,COMPLETED,True,baseline_7,89,0.09977260924642906,0.8510400002705865,17.815436000091722,18.766248609608738
2010,16707.995504888655,16707.995641018,16707.995641018,16707.996651554,16708.015098855,1,COMPLETED,True,baseline_7,90,0.13612934344564565,1.0105360015586484,18.447301001287997,19.59396634629229
2011,16708.068348377026,16708.068498653,16708.068498653,16708.069275065,16708.088653127,2,COMPLETED,True,baseline_7,91,0.15027597328298725,0.7764120018691756,19.37806199930492,20.30474997445708
2012,16708.081316459175,16708.081448736,16708.081448736,16708.082368891,16708.099941644,3,COMPLETED,True,baseline_7,92,0.13227682575234212,0.9201549983117729,17.57275300042238,18.625184824486496
2013,16708.093283620965,16708.093426971,16708.093426971,16708.094195993,16708.112503239,0,COMPLETED,True,baseline_7,93,0.14335003652377054,0.7690219972573686,18.30724600222311,19.21961803600425
2014,16708.09494149572,16708.095150266,16708.095150266,16708.096047057,16708.115343322,1,COMPLETED,True,baseline_7,94,0.20877027782262303,0.8967909998318646,19.296264999866253,20.40182627752074
2015,16708.097340709886,16708.09754477,16708.09754477,16708.098386855,16708.117381876,2,COMPLETED,True,baseline_7,95,0.20406011390150525,0.8420849990216084,18.995021000591805,20.04116611351492
2016,16708.13597501256,16708.136181472,16708.136181472,16708.136965874,16708.149970465,3,COMPLETED,True,baseline_7,96,0.206459440960316,0.7844020001357421,13.004591000935761,13.99545244203182
2017,16708.171598657842,16708.171909435,16708.171909435,16708.172806235,16708.186209736,0,COMPLETED,True,baseline_7,97,0.3107771590293851,0.8968000001914334,13.403500997810625,14.611078157031443
2018,16708.192521164612,16708.192619,16708.192619,16708.193263479,16708.206458723,1,COMPLETED,True,baseline_7,98,0.09783538916963153,0.6444789978559129,13.195244002417894,13.937558389443439
2019,16708.19264438605,16708.192683884,16708.192683884,16708.193474682,16708.211558522,2,COMPLETED,True,baseline_7,99,0.039497950638178736,0.7907979997980874,18.08384000105434,18.914135951490607
2020,16708.198197449732,16708.198406258,16708.198406258,16708.199038293,16708.217333391,3,COMPLETED,True,baseline_7,100,0.2088082692353055,0.6320350003079511,18.29509799790685,19.135941267450107
2021,16708.21708406264,16708.217330061,16708.217330061,16708.217909846,16708.237287434,0,COMPLETED,True,baseline_7,101,0.2459983625158202,0.5797849989903625,19.377587999770185,20.203371361276368
2022,16708.218018687407,16708.218170615,16708.218170615,16708.21877923,16708.237856796,1,COMPLETED,True,baseline_7,102,0.15192759383353405,0.6086149987822864,19.07756600121502,19.83810859383084
2023,16708.25184805525,16708.251984075,16708.251984075,16708.252506522,16708.268839872,2,COMPLETED,True,baseline_7,103,0.136019749334082,0.5224470005487092,16.333349998603808,16.9918167484866
2024,16708.257728177767,16708.25796476,16708.25796476,16708.258921007,16708.278176217,3,COMPLETED,True,baseline_7,104,0.236582232901128,0.9562470004311763,19.255210001574596,20.4480392349069
2025,16708.267297429407,16708.267462936,16708.267462936,16708.26839368,16708.287203093,0,COMPLETED,True,baseline_7,105,0.16550659347558394,0.9307439977419563,18.809413002600195,19.905663593817735
2026,16708.268686480802,16708.2688789,16708.2688789,16708.269541809,16708.283088672,1,COMPLETED,True,baseline_7,106,0.19241919653723016,0.6629090021306183,13.546862999646692,14.40219119831454
2027,16708.269468809733,16708.269753757,16708.269753757,16708.270301922,16708.287689115,2,COMPLETED,True,baseline_7,107,0.28494726575445384,0.5481650005094707,17.38719300192315,18.220305268187076
2028,16708.281154594417,16708.281285695,16708.281285695,16708.281841498,16708.296130334,3,COMPLETED,True,baseline_7,108,0.1311005835304968,0.5558029988605995,14.288836002378957,14.975739584770054
2029,16708.356019600615,16708.356165147,16708.356165147,16708.356982461,16708.376476263,1,COMPLETED,True,baseline_7,109,0.1455463861930184,0.8173139976861421,19.493802003125893,20.456662387005053
2030,16708.364600985933,16708.364792835,16708.364792835,16708.365474111,16708.384490169,0,COMPLETED,True,baseline_7,110,0.19184906705049798,0.6812760002503637,19.016057998669567,19.88918306597043
2031,16708.366660861757,16708.366811772,16708.366811772,16708.367333116,16708.387477655,2,COMPLETED,True,baseline_7,111,0.15091024397406727,0.5213439981162082,20.14453900119406,20.816793243284337
2032,16708.389535845534,16708.389652968,16708.389652968,16708.390328236,16708.407143282,3,COMPLETED,True,baseline_7,112,0.11712246487149969,0.6752680019417312,16.81504599764594,17.60743646445917
2033,16708.463784828422,16708.46413124,16708.46413124,16708.465021061,16708.485233258,1,COMPLETED,True,baseline_7,113,0.3464115798124112,0.8898209998733364,20.212196999636944,21.448429579322692
2034,16708.48178989923,16708.482042981,16708.482042981,16708.482570748,16708.500499437,0,COMPLETED,True,baseline_7,114,0.25308176918770187,0.5277670024952386,17.928688997926656,18.709537769609597
2035,16708.485766004393,16708.485934735,16708.485934735,16708.486759745,16708.505876965,2,COMPLETED,True,baseline_7,115,0.1687306066742167,0.8250099999713711,19.11721999931615,20.110960605961736
2036,16708.493173614814,16708.49332512,16708.49332512,16708.494334822,16708.513985027,3,COMPLETED,True,baseline_7,116,0.15150518447626382,1.0097020021930803,19.650204998470144,20.81141218513949
2037,16708.494799980435,16708.49507178,16708.49507178,16708.495869546,16708.515637342,1,COMPLETED,True,baseline_7,117,0.2717995630518999,0.7977660025062505,19.76779599863221,20.83736156419036
2038,16708.53575947281,16708.535916723,16708.535916723,16708.536676572,16708.555950428,0,COMPLETED,True,baseline_7,118,0.15725019329693168,0.7598489974043332,19.273855999927036,20.1909551906283
2039,16708.558861116657,16708.559007971,16708.559007971,16708.559844891,16708.577959272,2,COMPLETED,True,baseline_7,119,0.14685434143757448,0.8369200004381128,18.1143810004869,19.09815534236259
2040,16708.566887356606,16708.567201429,16708.567201429,16708.567704283,16708.581086966,3,COMPLETED,True,baseline_7,0,0.31407239293912426,0.5028539999329951,13.382683002419071,14.19960939529119
2041,16708.57553899747,16708.575706816,16708.575706816,16708.576385546,16708.595646705,1,COMPLETED,True,baseline_7,1,0.16781852900749072,0.6787300007999875,19.261158999142935,20.107707528950414
2042,16708.601014714986,16708.601277082,16708.601277082,16708.602055372,16708.620360758,0,COMPLETED,True,baseline_7,2,0.2623670152388513,0.7782899992889725,18.305385998246493,19.346043012774317
2043,16708.602110333628,16708.60227751,16708.60227751,16708.602782061,16708.615677586,2,COMPLETED,True,baseline_7,3,0.16717637117835693,0.5045510006311815,12.895525000203634,13.567252372013172
2044,16708.613164772327,16708.613312206,16708.613312206,16708.61380257,16708.627059316,3,COMPLETED,True,baseline_7,4,0.1474336713727098,0.4903640001430176,13.256746002298314,13.894543673814042
2045,16708.650929101885,16708.651059321,16708.651059321,16708.651782532,16708.66709762,1,COMPLETED,True,baseline_7,5,0.1302191158174537,0.7232110001496039,15.315087999624666,16.168518115591723
2046,16708.67030856353,16708.67055914,16708.67055914,16708.671224979,16708.688895882,2,COMPLETED,True,baseline_7,6,0.25057646780624054,0.6658390011580195,17.67090300199925,18.58731847096351
2047,16708.671488185806,16708.67164989,16708.67164989,16708.672102127,16708.690291345,0,COMPLETED,True,baseline_7,7,0.1617041925783269,0.45223699999041855,18.18921800077078,18.803159193339525
2048,16708.6766049335,16708.676701104,16708.676701104,16708.677796568,16708.696376543,3,COMPLETED,True,baseline_7,8,0.09617050091037527,1.095464001991786,18.579974999738624,19.771609502640786
2049,16708.685113089494,16708.685272995,16708.685272995,16708.685980686,16708.6995009,1,COMPLETED,True,baseline_7,9,0.15990550673450343,0.7076910005707759,13.52021399725345,14.387810504558729
2050,16708.707532433622,16708.707621316,16708.707621316,16708.708332997,16708.721465997,2,COMPLETED,True,baseline_7,10,0.08888237789506093,0.7116810011211783,13.13300000037998,13.933563379396219
2051,16708.727707206257,16708.727873897,16708.727873897,16708.728639861,16708.741636472,0,COMPLETED,True,baseline_7,11,0.16669074466335587,0.7659639995836187,12.996610999834957,13.929265744081931
2052,16708.78238232792,16708.782471262,16708.782471262,16708.783272069,16708.799133528,3,COMPLETED,True,baseline_7,12,0.08893407721188851,0.8008069999050349,15.861459000007017,16.75120007712394
2053,16708.82079982828,16708.820904018,16708.820904018,16708.821818972,16708.841114978,1,COMPLETED,True,baseline_7,13,0.10418971942272037,0.9149539982900023,19.29600600124104,20.315149718953762
2054,16708.838026080815,16708.838291922,16708.838291922,16708.839088799,16708.852619632,2,COMPLETED,True,baseline_7,14,0.2658411831362173,0.7968770005390979,13.530833002732834,14.593551186408149
2055,16708.849417107704,16708.849469802,16708.849469802,16708.850300228,16708.864177397,0,COMPLETED,True,baseline_7,15,0.0526942967553623,0.830426000902662,13.877168999897549,14.760289297555573
2056,16708.90198759603,16708.90208524,16708.90208524,16708.902964758,16708.919163332,3,COMPLETED,True,baseline_7,16,0.09764396963873878,0.8795180001470726,16.198574001464294,17.175735971250106
2057,16708.933534833042,16708.933644776,16708.933644776,16708.934350845,16708.947935951,1,COMPLETED,True,baseline_7,17,0.10994295735144988,0.7060690004436765,13.585106000391534,14.40111795818666
2058,16708.9346925777,16708.934816578,16708.934816578,16708.935443073,16708.954669058,2,COMPLETED,True,baseline_7,18,0.12400030027492903,0.6264950025069993,19.225984997319756,19.976480300101684
2059,16708.961442038686,16708.961587388,16708.961587388,16708.962355659,16708.980716914,0,COMPLETED,True,baseline_7,19,0.14534931324305944,0.7682710020162631,18.361254999035737,19.27487531429506
2060,16709.021061848318,16709.02119352,16709.02119352,16709.021977126,16709.041889087,3,COMPLETED,True,baseline_7,20,0.13167168071959168,0.7836060030967928,19.91196099697845,20.827238680794835
2061,16709.023171274093,16709.023354607,16709.023354607,16709.024220036,16709.042542681,1,COMPLETED,True,baseline_7,21,0.18333290790906176,0.8654289995320141,18.322644998988835,19.37140690642991
2062,16709.060017720134,16709.060145803,16709.060145803,16709.060714089,16709.079003326,2,COMPLETED,True,baseline_7,22,0.128082865558099,0.5682859991793521,18.289236999407876,18.985605864145327
2063,16709.074591210854,16709.074693841,16709.074693841,16709.075400149,16709.092901198,0,COMPLETED,True,baseline_7,23,0.10263014701195061,0.7063079974614084,17.50104900202132,18.309987146494677
2064,16709.08452507285,16709.084626809,16709.084626809,16709.085462952,16709.104381607,3,COMPLETED,True,burst_7,24,0.1017361500998959,0.8361430009244941,18.918655001471052,19.856534152495442
2065,16709.08644250256,16709.086605989,16709.086605989,16709.087110167,16709.102856377,1,COMPLETED,True,burst_7,25,0.16348643839592114,0.5041780023020692,15.74620999963372,16.41387444033171
2066,16709.1518823739,16709.15212862,16709.15212862,16709.152977741,16709.172594551,2,COMPLETED,True,burst_7,26,0.24624610159662552,0.8491209991916548,19.616810001025442,20.712177101813722
2067,16709.171528065275,16709.171682315,16709.171682315,16709.172564302,16709.191526388,0,COMPLETED,True,burst_7,27,0.1542497266200371,0.881986998138018,18.962086000101408,19.998322724859463
2068,16709.186666164158,16709.186859975,16709.186859975,16709.187570828,16709.20499021,1,COMPLETED,True,burst_7,28,0.19381084348424338,0.7108529971446842,17.419382002117345,18.324045842746273
2069,16709.194497959226,16709.19465286,16709.19465286,16709.195344604,16709.211600753,3,COMPLETED,True,burst_7,29,0.15490077203139663,0.6917440005054232,16.256148999673314,17.102793772210134
2070,16709.216837096854,16709.216943239,16709.216943239,16709.217657152,16709.231157498,2,COMPLETED,True,burst_7,30,0.10614214625093155,0.7139129993447568,13.500346001819707,14.320401147415396
2071,16709.260720178303,16709.260842312,16709.260842312,16709.261528875,16709.282263092,0,COMPLETED,True,burst_7,31,0.12213369700475596,0.6865629984531552,20.734217003337108,21.54291369879502
2072,16709.269711687877,16709.26985583,16709.26985583,16709.270639714,16709.28838446,1,COMPLETED,True,burst_7,32,0.1441421227355022,0.7838839992473368,17.744746000971645,18.672772122954484
2073,16709.271659303642,16709.271914281,16709.271914281,16709.272776112,16709.293229567,3,COMPLETED,True,burst_7,33,0.25497735623503104,0.8618310021120124,20.45345499936957,21.570263357716613
2074,16709.27216351564,16709.272571152,16709.272571152,16709.273009843,16709.287106126,2,COMPLETED,True,burst_7,34,0.40763635843177326,0.4386910004541278,14.096283000981202,14.942610359867103
2075,16709.280017502835,16709.280247509,16709.280247509,16709.282454117,16709.296762463,0,COMPLETED,True,burst_7,35,0.23000616420176812,2.206608001870336,14.308345998870209,16.744960164942313
2076,16709.28136002782,16709.281564022,16709.281564022,16709.287289985,16709.301368991,2,COMPLETED,True,burst_7,36,0.20399417917360552,5.725963001168566,14.079005999519723,20.008963179861894
2077,16709.303766394605,16709.303908953,16709.303908953,16709.304365096,16709.317826344,1,COMPLETED,True,burst_7,37,0.14255839414545335,0.45614299961016513,13.461247999657644,14.059949393413262
2078,16709.316718304774,16709.316807568,16709.316807568,16709.317255753,16709.331054257,3,COMPLETED,True,burst_7,38,0.08926322698243894,0.44818500100518577,13.798503998259548,14.335952226247173
2079,16709.320722927016,16709.320827139,16709.320827139,16709.321205323,16709.335206325,0,COMPLETED,True,burst_7,39,0.10421198385301977,0.37818400232936256,14.001001996803097,14.48339798298548
2080,16709.324779979914,16709.324900844,16709.324900844,16709.325472694,16709.339699884,2,COMPLETED,True,burst_7,40,0.12086408605682664,0.5718499996874016,14.227190000383416,14.919904086127644
2081,16709.336191005423,16709.336307485,16709.336307485,16709.336763548,16709.355490905,1,COMPLETED,True,burst_7,41,0.11647957580862567,0.4560630004561972,18.727357000898337,19.29989957716316
2082,16709.33808384295,16709.338212977,16709.338212977,16709.338728111,16709.359697834,3,COMPLETED,True,burst_7,42,0.12913404862047173,0.515134001034312,20.96972299841582,21.613991048070602
2083,16709.34146768464,16709.341604038,16709.341604038,16709.341989317,16709.357142686,0,COMPLETED,True,burst_7,43,0.13635335926664993,0.3852789996017236,15.153369000472594,15.675001359340968
2084,16709.35030499258,16709.350431476,16709.350431476,16709.351074053,16709.367965117,2,COMPLETED,True,burst_7,44,0.12648342089960352,0.6425770006899256,16.891063998627942,17.66012442021747
2085,16709.35349852349,16709.353604579,16709.353604579,16709.355652187,16709.370417994,1,COMPLETED,True,burst_7,45,0.10605550778564066,2.047608002612833,14.765806998184416,16.91947050858289
2086,16709.365574850537,16709.365672507,16709.365672507,16709.366194943,16709.380339428,0,COMPLETED,True,burst_7,46,0.09765646245796233,0.5224359993007965,14.144485001452267,14.764577463211026
2087,16709.373734379096,16709.373824593,16709.373824593,16709.37425926,16709.387570896,3,COMPLETED,True,burst_7,47,0.09021390360430814,0.4346669993537944,13.311636001162697,13.8365169041208
2088,16709.379564589017,16709.379659569,16709.379659569,16709.38012267,16709.393673346,2,COMPLETED,True,burst_7,48,0.09497998325969093,0.46310100151458755,13.550675997976214,14.108756982750492
2089,16709.400781684304,16709.400873824,16709.400873824,16709.401377288,16709.414791462,1,COMPLETED,True,burst_7,49,0.0921396967896726,0.5034639980294742,13.414174001809442,14.00977769662859
2090,16709.400813432134,16709.400945234,16709.400945234,16709.401484648,16709.415375528,0,COMPLETED,True,burst_7,50,0.13180186579120345,0.5394139989221003,13.890879999962635,14.562095864675939
2091,16709.40684209916,16709.406965407,16709.406965407,16709.407498495,16709.420990044,3,COMPLETED,True,burst_7,51,0.12330784011282958,0.5330879976099823,13.4915490016283,14.147944839351112
2092,16709.41437647818,16709.414519752,16709.414519752,16709.415125957,16709.434408132,2,COMPLETED,True,burst_7,52,0.14327382086776197,0.6062049978936557,19.282175002445,20.03165382120642
2093,16709.41663377933,16709.416775593,16709.416775593,16709.417156142,16709.430454372,1,COMPLETED,True,burst_7,53,0.14181367077981122,0.3805490014201496,13.29822999832686,13.820592670526821
2094,16709.417079022674,16709.417200316,16709.417200316,16709.417456734,16709.435650062,0,COMPLETED,True,burst_7,54,0.12129332390031777,0.25641800311859697,18.193328000052134,18.57103932707105
2095,16709.446212186213,16709.446380968,16709.446380968,16709.446994581,16709.460120776,3,COMPLETED,True,burst_7,55,0.16878178576007485,0.6136130032246001,13.126194997312268,13.908589786296943
2096,16709.45206998026,16709.452218999,16709.452218999,16709.45282633,16709.471297344,1,COMPLETED,True,burst_7,56,0.14901873873895966,0.6073310032661539,18.471013998350827,19.22736374035594
2097,16709.471508554983,16709.47169307,16709.47169307,16709.472563181,16709.486155815,2,COMPLETED,True,burst_7,57,0.1845150181907229,0.8701109982212074,13.592634000815451,14.647260017227381
2098,16709.473644771966,16709.473821601,16709.473821601,16709.474336228,16709.492346459,0,COMPLETED,True,burst_7,58,0.1768290348991286,0.5146269977558404,18.010231000516796,18.701687033171766
2099,16709.47759865923,16709.47774068,16709.47774068,16709.478243535,16709.492184048,3,COMPLETED,True,burst_7,59,0.14202076999936253,0.502855000377167,13.94051299939747,14.585388769774
2100,16709.484652779367,16709.48475468,16709.48475468,16709.485421649,16709.499756643,1,COMPLETED,True,burst_7,60,0.10190063403570093,0.6669689973932691,14.334994000819279,15.103863632248249
2101,16709.485464145142,16709.485678156,16709.485678156,16709.48665794,16709.500511569,2,COMPLETED,True,burst_7,61,0.21401085905381478,0.979783999355277,13.853628999640932,15.047423858050024
2102,16709.485563193797,16709.485826546,16709.485826546,16709.492369598,16709.50640927,3,COMPLETED,True,burst_7,62,0.2633522017276846,6.543052000779426,14.039672001672443,20.846076204179553
2103,16709.48630623603,16709.486876847,16709.486876847,16709.492670569,16709.506332864,0,COMPLETED,True,burst_7,63,0.5706109695893247,5.79372200081707,13.662294997629942,20.026627968036337
2104,16709.487357079084,16709.487550084,16709.487550084,16709.500139706,16709.514028892,1,COMPLETED,True,burst_7,64,0.19300491476315074,12.589622001542011,13.889186000596965,26.671812916902127
2105,16709.492348635213,16709.492528451,16709.492528451,16709.500835238,16709.514471902,2,COMPLETED,True,burst_7,65,0.17981578639592044,8.30678700003773,13.636663999932352,22.123266786366003
2106,16709.503097059864,16709.503293164,16709.503293164,16709.506683426,16709.520482317,0,COMPLETED,True,burst_7,66,0.19610413801274262,3.3902619979926385,13.798890999169089,17.38525713517447
2107,16709.505529059577,16709.505604048,16709.505604048,16709.506714141,16709.520493245,3,COMPLETED,True,burst_7,67,0.07498842387576587,1.1100929987151176,13.779103999695508,14.964185422286391
2108,16709.51313370753,16709.513355992,16709.513355992,16709.514377196,16709.528296992,1,COMPLETED,True,burst_7,68,0.2222844705102034,1.0212039996986277,13.919796001573559,15.16328447178239
2109,16709.514553386496,16709.514693459,16709.514693459,16709.515246581,16709.528732304,2,COMPLETED,True,burst_7,69,0.14007250501890667,0.5531219976546708,13.48572300048545,14.178917503159028
2110,16709.514902238046,16709.515266657,16709.515266657,16709.520646505,16709.534640054,0,COMPLETED,True,burst_7,70,0.3644189528131392,5.379848000302445,13.993549000588246,19.73781595370383
2111,16709.51994686735,16709.520144276,16709.520144276,16709.520875512,16709.534636504,3,COMPLETED,True,burst_7,71,0.19740865172934718,0.7312359994102735,13.760991998424288,14.689636649563909
2112,16709.52223225575,16709.522422553,16709.522422553,16709.528635561,16709.54251153,1,COMPLETED,True,burst_7,72,0.19029725081054494,6.2130080004862975,13.875968998036114,20.279274249332957
2113,16709.523130510475,16709.523270966,16709.523270966,16709.529093223,16709.542629593,2,COMPLETED,True,burst_7,73,0.1404555259796325,5.822256996907527,13.536370002839249,19.499082525726408
2114,16709.529669264404,16709.529865424,16709.529865424,16709.534912085,16709.548190854,0,COMPLETED,True,burst_7,74,0.19615959536167793,5.046661000960739,13.278768998134183,18.5215895944566
2115,16709.536666159845,16709.536831262,16709.536831262,16709.53750158,16709.55097401,3,COMPLETED,True,burst_7,75,0.16510215573362075,0.6703179969917983,13.47243000054732,14.307850153272739
2116,16709.542804319193,16709.543261934,16709.543261934,16709.543878204,16709.557463019,1,COMPLETED,True,burst_7,76,0.4576148057822138,0.6162700010463595,13.584814998466754,14.658699805295328
2117,16709.54803741574,16709.548129331,16709.548129331,16709.548831247,16709.564507776,2,COMPLETED,True,burst_7,77,0.09191525896312669,0.7019160002528224,15.676528997573769,16.470360256789718
2118,16709.56218719176,16709.562279564,16709.562279564,16709.562852241,16709.576323077,0,COMPLETED,True,burst_7,78,0.09237224003300071,0.5726769995817449,13.47083599830512,14.135885237919865
2119,16709.570138040246,16709.570219158,16709.570219158,16709.57079916,16709.584417289,3,COMPLETED,True,burst_7,79,0.08111775241559371,0.5800020007882267,13.618128999951296,14.279248753155116
2120,16709.571156753354,16709.571237866,16709.571237866,16709.571687327,16709.585197319,1,COMPLETED,True,burst_7,80,0.08111264469334856,0.44946100024390034,13.509992000763305,14.040565645700553
2121,16709.57127790347,16709.571502258,16709.571502258,16709.571795151,16709.585636089,2,COMPLETED,True,burst_7,81,0.22435453138314188,0.2928930007328745,13.840937997883884,14.3581855299999
2122,16709.572784233318,16709.57294663,16709.57294663,16709.576680882,16709.590033787,0,COMPLETED,True,burst_7,82,0.16239668184425682,3.734252000867855,13.352904999919701,17.249553682631813
2123,16709.60314713562,16709.603235605,16709.603235605,16709.60375756,16709.617718399,3,COMPLETED,True,baseline_8,83,0.08846937998896465,0.5219550002948381,13.96083900181111,14.571263382094912
2124,16709.633279847985,16709.633388966,16709.633388966,16709.633924664,16709.648212976,1,COMPLETED,True,baseline_8,84,0.10911801655311137,0.5356979963835329,14.288312002463499,14.933128015400143
2125,16709.65432799814,16709.654420333,16709.654420333,16709.654901355,16709.668680743,2,COMPLETED,True,baseline_8,85,0.09233485980075784,0.48102199798449874,13.779388002149062,14.352744859934319
2126,16709.657272028275,16709.657352116,16709.657352116,16709.657674339,16709.67119313,0,COMPLETED,True,baseline_8,86,0.08008772419998422,0.3222230006940663,13.518791001843056,13.921101726737106
2127,16709.659655701875,16709.659896042,16709.659896042,16709.660755174,16709.676949422,3,COMPLETED,True,baseline_8,87,0.24034012676565908,0.8591320001869462,16.19424799719127,17.293720124143874
2128,16709.678208508085,16709.678305419,16709.678305419,16709.6791479,16709.694692559,1,COMPLETED,True,baseline_8,88,0.096910913271131,0.8424810002907179,15.544658999715466,16.484050913277315
2129,16709.71104584648,16709.711137087,16709.711137087,16709.711701349,16709.72897056,2,COMPLETED,True,baseline_8,89,0.09124051939579658,0.5642619980790187,17.269211002712836,17.92471352018765
2130,16709.711631725117,16709.711712904,16709.711712904,16709.712072524,16709.725029128,0,COMPLETED,True,baseline_8,90,0.08117888501146808,0.3596199967432767,12.956604001374217,13.397402883128962
2131,16709.72192284583,16709.722008207,16709.722008207,16709.722629309,16709.739518976,3,COMPLETED,True,baseline_8,91,0.08536117093171924,0.621101997239748,16.889667000214104,17.59613016838557
2132,16709.73919881941,16709.739396307,16709.739396307,16709.740245913,16709.755397083,1,COMPLETED,True,baseline_8,92,0.19748758859350346,0.8496059999743011,15.151170002354775,16.19826359092258
2133,16709.814135435146,16709.81427162,16709.81427162,16709.814909176,16709.829518615,0,COMPLETED,True,baseline_8,93,0.13618485536426306,0.6375559969455935,14.60943900019629,15.383179852506146
2134,16709.826156320334,16709.826290613,16709.826290613,16709.827274591,16709.847166588,2,COMPLETED,True,baseline_8,94,0.1342926661891397,0.983977999567287,19.891996998921968,21.010267664678395
2135,16709.83426704024,16709.834408157,16709.834408157,16709.835119527,16709.854962781,3,COMPLETED,True,baseline_8,95,0.1411167577316519,0.7113700012268964,19.84325399826048,20.695740757219028
2136,16709.859680052345,16709.859823047,16709.859823047,16709.860643272,16709.877001993,1,COMPLETED,True,baseline_8,96,0.14299465692602098,0.8202249991882127,16.35872100086999,17.321940656984225
2137,16709.898325874,16709.898440464,16709.898440464,16709.898924468,16709.914953781,0,COMPLETED,True,baseline_8,97,0.11458999870228581,0.4840040019189473,16.029312999307876,16.62790699992911
2138,16709.94062716606,16709.940855868,16709.940855868,16709.941796478,16709.956895827,2,COMPLETED,True,baseline_8,98,0.22870194152346812,0.9406099998159334,15.099348998774076,16.268660940113477
2139,16710.000442348646,16710.000610408,16710.000610408,16710.001820544,16710.021049028,3,COMPLETED,True,baseline_8,99,0.16805935229058377,1.2101360007363837,19.228484001359902,20.60667935438687
2140,16710.050706677564,16710.050957165,16710.050957165,16710.051955038,16710.071875953,1,COMPLETED,True,baseline_8,100,0.2504874355508946,0.9978730013244785,19.920914997783257,21.16927543465863
2141,16710.061361069427,16710.061521994,16710.061521994,16710.062475494,16710.082737502,0,COMPLETED,True,baseline_8,101,0.16092457371996716,0.9534999990137294,20.26200800173683,21.376432574470527
2142,16710.067128730974,16710.067289472,16710.067289472,16710.067943772,16710.086009712,2,COMPLETED,True,baseline_8,102,0.16074102677521296,0.6542999981320463,18.065939999360126,18.880981024267385
2143,16710.154957097424,16710.155053624,16710.155053624,16710.1561614,16710.17644729,3,COMPLETED,True,baseline_8,103,0.09652657536207698,1.1077759991167113,20.285890001105145,21.490192575583933
2144,16710.16000990633,16710.160093948,16710.160093948,16710.16087382,16710.179712809,1,COMPLETED,True,baseline_8,104,0.08404167238040827,0.779871999839088,18.838988999050343,19.70290267126984
2145,16710.192335807496,16710.192445462,16710.192445462,16710.193218442,16710.212645268,0,COMPLETED,True,baseline_8,105,0.10965450201183558,0.7729800017841626,19.42682599838008,20.30946050217608
2146,16710.192827872597,16710.192981446,16710.192981446,16710.193457697,16710.213575638,2,COMPLETED,True,baseline_8,106,0.15357340453192592,0.47625099978176877,20.117940999625716,20.74776540393941
2147,16710.236854938572,16710.236955505,16710.236955505,16710.237553871,16710.251248988,3,COMPLETED,True,baseline_8,107,0.10056642713607289,0.5983660012134351,13.695116998860613,14.39404942721012
2148,16710.282309186812,16710.28241742,16710.28241742,16710.283352124,16710.302763498,1,COMPLETED,True,baseline_8,108,0.10823318734765053,0.9347039995191153,19.411373999901116,20.45431118676788
2149,16710.284911296476,16710.285027048,16710.285027048,16710.285441716,16710.300834179,0,COMPLETED,True,baseline_8,109,0.11575152529985644,0.41466800030320883,15.392462999443524,15.922882525046589
2150,16710.30229807003,16710.302396586,16710.302396586,16710.302954444,16710.316618914,2,COMPLETED,True,baseline_8,110,0.09851597133092582,0.5578579985012766,13.66446999963955,14.320843969471753
2151,16710.308735838258,16710.308825379,16710.308825379,16710.309326343,16710.324079647,3,COMPLETED,True,baseline_8,111,0.08954074291978031,0.5009639971831348,14.75330400353414,15.343808743637055
2152,16710.329695333035,16710.329807967,16710.329807967,16710.330331796,16710.3469672,0,COMPLETED,True,baseline_8,112,0.112633962999098,0.5238290032139048,16.635403997497633,17.271866963710636
2153,16710.34239014603,16710.342541655,16710.342541655,16710.343163256,16710.357702363,1,COMPLETED,True,baseline_8,113,0.151508971612202,0.6216009969648439,14.539107000018703,15.312216968595749
2154,16710.36547476274,16710.365574544,16710.365574544,16710.366080773,16710.380107904,2,COMPLETED,True,baseline_8,114,0.09978126036003232,0.5062290001660585,14.02713099741959,14.633141257945681
2155,16710.36830178458,16710.368404039,16710.368404039,16710.368827226,16710.382638359,3,COMPLETED,True,baseline_8,115,0.10225442019873299,0.4231870007060934,13.811132997943787,14.336574418848613
2156,16710.375822834907,16710.375931978,16710.375931978,16710.376466091,16710.390035388,0,COMPLETED,True,baseline_8,116,0.10914309314102866,0.5341129981388804,13.569297003414249,14.212553094694158
2157,16710.405865456756,16710.405956137,16710.405956137,16710.406418914,16710.421571953,1,COMPLETED,True,baseline_8,117,0.09068024519365281,0.46277699948404916,15.153038999415003,15.706496244092705
2158,16710.426613520583,16710.426721527,16710.426721527,16710.427295693,16710.442197926,2,COMPLETED,True,baseline_8,118,0.10800641757668927,0.5741659988416359,14.902233000611886,15.584405417030212
2159,16710.456389085404,16710.456490754,16710.456490754,16710.457240468,16710.473030825,3,COMPLETED,True,baseline_8,119,0.10166859647142701,0.7497139995393809,15.790356999787036,16.641739595797844
2160,16710.47969241147,16710.479807209,16710.479807209,16710.480544702,16710.498922985,0,COMPLETED,True,baseline_8,0,0.11479753084131517,0.7374929991783574,18.378282999037765,19.230573529057438
2161,16710.48650572484,16710.48663191,16710.48663191,16710.487403972,16710.505636327,1,COMPLETED,True,baseline_8,1,0.1261851612071041,0.7720620014879387,18.23235499978182,19.130602162476862
2162,16710.51179716081,16710.511885624,16710.511885624,16710.512661694,16710.52647459,2,COMPLETED,True,baseline_8,2,0.08846319178701378,0.7760699991194997,13.812895998853492,14.677429189760005
2163,16710.520715974268,16710.520807002,16710.520807002,16710.521468983,16710.539903442,3,COMPLETED,True,baseline_8,3,0.09102773401536979,0.6619809973926749,18.43445900158258,19.187467732990626
2164,16710.524780786447,16710.524958059,16710.524958059,16710.525745106,16710.544229779,0,COMPLETED,True,baseline_8,4,0.17727255180943757,0.7870469999033958,18.484673000784824,19.448992552497657
2165,16710.55120584047,16710.551364727,16710.551364727,16710.552101821,16710.567772617,1,COMPLETED,True,baseline_8,5,0.1588865306985099,0.737093996576732,15.670796001359122,16.566776528634364
2166,16710.57341034178,16710.573539875,16710.573539875,16710.574197646,16710.587782919,2,COMPLETED,True,baseline_8,6,0.12953321856912225,0.6577710009878501,13.585272998170694,14.372577217727667
2167,16710.623537254145,16710.623662718,16710.623662718,16710.624481493,16710.637796809,3,COMPLETED,True,baseline_8,7,0.12546385551104322,0.8187749990611337,13.31531599862501,14.259554853197187
2168,16710.628658564696,16710.628789792,16710.628789792,16710.629596525,16710.647108272,0,COMPLETED,True,baseline_8,8,0.13122730524628423,0.8067329981713556,17.51174700257252,18.44970730599016
2169,16710.66144943525,16710.661625111,16710.661625111,16710.662704813,16710.676464498,1,COMPLETED,True,baseline_8,9,0.17567574832355604,1.0797020004247315,13.759684999968158,15.015062748716446
2170,16710.6664096978,16710.666584408,16710.666584408,16710.667199478,16710.683198896,2,COMPLETED,True,baseline_8,10,0.17471020328230225,0.6150699991849251,15.99941799941007,16.789198201877298
2171,16710.724947318293,16710.725119309,16710.725119309,16710.725788855,16710.739500274,3,COMPLETED,True,baseline_8,11,0.17199070862261578,0.6695459996990394,13.711419000173919,14.552955708495574
2172,16710.743228203908,16710.743389463,16710.743389463,16710.744222839,16710.759123266,0,COMPLETED,True,baseline_8,12,0.16125909314723685,0.8333759978995658,14.90042700243066,15.895062093477463
2173,16710.784628057507,16710.7847961,16710.7847961,16710.785738916,16710.805502267,1,COMPLETED,True,baseline_8,13,0.1680424938967917,0.9428160010429565,19.763350999710383,20.87420949465013
2174,16710.80359071732,16710.803769148,16710.803769148,16710.804591667,16710.817775644,2,COMPLETED,True,baseline_8,14,0.17843067689682357,0.8225190031225793,13.18397700015339,14.184926680172794
2175,16710.835237094514,16710.835341308,16710.835341308,16710.836071506,16710.854335867,3,COMPLETED,True,baseline_8,15,0.1042134863382671,0.7301980003830977,18.26436099872808,19.098772485449445
2176,16710.861346388076,16710.861435186,16710.861435186,16710.861907075,16710.876147977,0,COMPLETED,True,baseline_8,16,0.0887979258550331,0.4718889977084473,14.240902000892675,14.801588924456155
2177,16710.863938017832,16710.864027425,16710.864027425,16710.864643147,16710.881476501,1,COMPLETED,True,baseline_8,17,0.08940716725192033,0.6157220013847109,16.83335399866337,17.5384831673
2178,16710.891326177658,16710.891448767,16710.891448767,16710.892246242,16710.905849292,2,COMPLETED,True,baseline_8,18,0.12258934293640777,0.7974750005814712,13.603049999801442,14.523114343319321
2179,16710.910270121836,16710.910389288,16710.910389288,16710.910934884,16710.925324316,3,COMPLETED,True,baseline_8,19,0.11916616495000198,0.5455959981190972,14.389431999006774,15.054194162075873
2180,16710.918747315114,16710.918850385,16710.918850385,16710.919519895,16710.936825531,0,COMPLETED,True,baseline_8,20,0.10306988406227902,0.6695100018987432,17.30563599994639,18.07821588590741
2181,16710.919129280446,16710.919221434,16710.919221434,16710.920119376,16710.934103481,1,COMPLETED,True,baseline_8,21,0.09215355385094881,0.8979419981187675,13.984105000417912,14.974200552387629
2182,16710.92202055605,16710.922178799,16710.922178799,16710.922818062,16710.943759885,2,COMPLETED,True,baseline_8,22,0.15824295041966252,0.6392630020854995,20.941823000612203,21.739328953117365
2183,16710.94982736774,16710.950022124,16710.950022124,16710.950467717,16710.963802809,3,COMPLETED,True,baseline_8,23,0.19475625958875753,0.44559299931279384,13.335092000488658,13.975441259390209
2184,16711.007774959,16711.007868762,16711.007868762,16711.008638155,16711.021548361,1,COMPLETED,True,baseline_8,24,0.09380300252814777,0.7693929983361159,12.910206001834013,13.773402002698276
2185,16711.025655707042,16711.025814164,16711.025814164,16711.026649258,16711.04643441,0,COMPLETED,True,baseline_8,25,0.1584569581609685,0.8350940006494056,19.785151998803485,20.77870295761386
2186,16711.045981320214,16711.046099476,16711.046099476,16711.04686283,16711.061412735,2,COMPLETED,True,baseline_8,26,0.1181557854579296,0.7633540008100681,14.549905001331354,15.431414787599351
2187,16711.09436471549,16711.094518994,16711.094518994,16711.095446955,16711.114957352,3,COMPLETED,True,baseline_8,27,0.15427851030835882,0.927961002162192,19.510396999976365,20.592636512446916
2188,16711.114121977305,16711.114213372,16711.114213372,16711.114979076,16711.132927141,1,COMPLETED,True,baseline_8,28,0.09139469329966232,0.7657040005142335,17.948065000382485,18.80516369419638
2189,16711.18115286529,16711.181317678,16711.181317678,16711.182411065,16711.201825973,3,COMPLETED,True,baseline_8,29,0.16481271086377092,1.0933869998552836,19.414907997997943,20.673107708716998
2190,16711.23787787269,16711.238052907,16711.238052907,16711.239126913,16711.258934414,2,COMPLETED,True,baseline_8,30,0.17503431081422605,1.074005998816574,19.807501001196215,21.056541310827015
2191,16711.247681145152,16711.247894793,16711.247894793,16711.248745648,16711.262510349,0,COMPLETED,True,baseline_8,31,0.21364784697652794,0.8508550017722882,13.764700997853652,14.829203846602468
2192,16711.293100830193,16711.293264982,16711.293264982,16711.294326323,16711.31331677,1,COMPLETED,True,baseline_8,32,0.16415180652984418,1.061341001332039,18.99044699894148,20.215939806803362
2193,16711.307607532868,16711.307771223,16711.307771223,16711.308627544,16711.326591808,3,COMPLETED,True,baseline_8,33,0.163690132467309,0.856320999446325,17.964263999601826,18.98427513151546
2194,16711.320370940637,16711.320541572,16711.320541572,16711.321307761,16711.339185385,2,COMPLETED,True,baseline_8,34,0.17063136328943074,0.7661890012968797,17.87762399908388,18.81444436367019
2195,16711.3319256191,16711.332130481,16711.332130481,16711.332828543,16711.353042164,0,COMPLETED,True,baseline_8,35,0.20486190260271542,0.6980619982641656,20.21362099912949,21.11654489999637
2196,16711.332906425203,16711.333127919,16711.333127919,16711.333826505,16711.353088998,1,COMPLETED,True,baseline_8,36,0.22149379583424889,0.6985860018176027,19.26249299867777,20.182572796329623
2197,16711.342727342973,16711.342943842,16711.342943842,16711.343699269,16711.357847488,3,COMPLETED,True,baseline_8,37,0.2164990255550947,0.755427001422504,14.148219001071993,15.120145028049592
2198,16711.35413721166,16711.354229456,16711.354229456,16711.354823134,16711.367809895,2,COMPLETED,True,baseline_8,38,0.09224433961207978,0.5936779998592101,12.986761001229752,13.672683340701042
2199,16711.394119599878,16711.394215212,16711.394215212,16711.395050536,16711.409853872,0,COMPLETED,True,baseline_8,39,0.09561212209518999,0.8353240009455476,14.803335998294642,15.73427212133538
2200,16711.407270806005,16711.407356521,16711.407356521,16711.407822614,16711.421084065,1,COMPLETED,True,baseline_8,40,0.08571499347453937,0.466093002614798,13.261451000289526,13.813258996378863
2201,16711.436584489606,16711.43667174,16711.43667174,16711.437453426,16711.455488986,3,COMPLETED,True,baseline_8,41,0.08725039515411481,0.7816859979357105,18.035560002317652,18.904496395407477
2202,16711.447198200563,16711.447317501,16711.447317501,16711.448038455,16711.463072761,2,COMPLETED,True,baseline_8,42,0.11930043547181413,0.720954001735663,15.034305997687625,15.874560434895102
2203,16711.452289863108,16711.452434896,16711.452434896,16711.45302837,16711.469129144,0,COMPLETED,True,baseline_8,43,0.14503289276035503,0.5934740001976024,16.10077399891452,16.839280891872477
2204,16711.46772890832,16711.46789872,16711.46789872,16711.468534981,16711.482042014,1,COMPLETED,True,baseline_8,44,0.16981167937046848,0.6362610001815483,13.507032999768853,14.31310567932087
2205,16711.479607337293,16711.479777226,16711.479777226,16711.480647578,16711.499542935,3,COMPLETED,True,baseline_8,45,0.16988870629575104,0.870351999765262,18.895356999564683,19.935597705625696
2206,16711.520149267868,16711.520320954,16711.520320954,16711.520854032,16711.535293493,2,COMPLETED,True,baseline_8,46,0.17168613339890726,0.5330780004442204,14.439460999710718,15.144225133553846
2207,16711.53752209105,16711.537621328,16711.537621328,16711.538053003,16711.557171531,0,COMPLETED,True,baseline_8,47,0.09923694960889407,0.4316750018915627,19.11852799821645,19.649439949716907
2208,16711.56827508598,16711.568367737,16711.568367737,16711.568996313,16711.587049308,1,COMPLETED,True,baseline_8,48,0.09265101834898815,0.6285759991442319,18.052995001198724,18.774222018691944
2209,16711.60591560496,16711.606093924,16711.606093924,16711.606886924,16711.625698281,3,COMPLETED,True,baseline_8,49,0.17831904187914915,0.7929999992484227,18.81135700023151,19.782676041359082
2210,16711.62500717049,16711.625264428,16711.625264428,16711.625976615,16711.642434986,2,COMPLETED,True,baseline_8,50,0.25725751038407907,0.712187000317499,16.458370999316685,17.427815510018263
2211,16711.663531305,16711.663693185,16711.663693185,16711.664489043,16711.684058056,0,COMPLETED,True,baseline_8,51,0.16188000154215842,0.7958579990372527,19.569012998545077,20.526750999124488
2212,16711.68533995702,16711.685351012,16711.685351012,16711.685966658,16711.701846589,1,COMPLETED,True,baseline_8,52,0.011054980859626085,0.6156459967314731,15.879931001109071,16.50663197870017
2213,16711.697799270616,16711.697889051,16711.697889051,16711.698852129,16711.718226941,3,COMPLETED,True,baseline_8,53,0.08978038385976106,0.9630780004954431,19.374812000023667,20.42767038437887
2214,16711.704929305266,16711.705099848,16711.705099848,16711.705803944,16711.719281751,2,COMPLETED,True,baseline_8,54,0.17054273484973237,0.7040960008453112,13.47780699870782,14.352445734402863
2215,16711.787549596847,16711.787688001,16711.787688001,16711.788680644,16711.807305319,0,COMPLETED,True,baseline_8,55,0.13840415340382606,0.9926429993356578,18.62467499813647,19.755722150875954
2216,16711.81445695765,16711.814724219,16711.814724219,16711.81583317,16711.834932167,1,COMPLETED,True,baseline_8,56,0.2672613481990993,1.1089510007877834,19.098996999673545,20.475209348660428
2217,16711.815852329728,16711.816049542,16711.816049542,16711.816706958,16711.837335189,3,COMPLETED,True,baseline_8,57,0.19721227363334037,0.6574159997398965,20.628230999136576,21.482859272509813
2218,16711.82575371238,16711.825948124,16711.825948124,16711.826862446,16711.846916772,2,COMPLETED,True,baseline_8,58,0.1944116193044465,0.9143220013356768,20.054325999808498,21.16305962044862
2219,16711.860715604886,16711.860820745,16711.860820745,16711.861544761,16711.876151601,0,COMPLETED,True,baseline_8,59,0.10514011592022143,0.724015997548122,14.606840002670651,15.435996116138995
2220,16711.909195066644,16711.909294738,16711.909294738,16711.910178004,16711.926001044,1,COMPLETED,True,baseline_8,60,0.09967135702027008,0.8832659987092484,15.823040001123445,16.805977356852964
2221,16711.914679873484,16711.914771458,16711.914771458,16711.915515126,16711.932294915,3,COMPLETED,True,baseline_8,61,0.09158451575785875,0.7436679989041295,16.779789002612233,17.61504151727422
2222,16711.92100915543,16711.921110677,16711.921110677,16711.921884103,16711.936667966,2,COMPLETED,True,baseline_8,62,0.1015215711959172,0.773425999796018,14.783863000047859,15.658810571039794
2223,16711.95304527788,16711.953143814,16711.953143814,16711.95395541,16711.966925547,0,COMPLETED,True,baseline_8,63,0.0985361184575595,0.8115960008581169,12.970136998774251,13.880269118089927
2224,16711.99975539661,16711.999893989,16711.999893989,16712.000762546,16712.018027797,1,COMPLETED,True,baseline_8,64,0.1385923897032626,0.8685569991939701,17.265251000935677,18.27240038983291
2225,16712.163981352827,16712.164233194,16712.164233194,16712.165379628,16712.186330696,3,COMPLETED,True,baseline_8,65,0.2518411711207591,1.1464340022939723,20.95106799970381,22.34934317311854
2226,16712.20196388586,16712.202515479,16712.202515479,16712.203721253,16712.224195908,2,COMPLETED,True,baseline_8,66,0.5515931406989694,1.205774002301041,20.474654997087782,22.232022140087793
2227,16712.203092281863,16712.203234104,16712.203234104,16712.204424704,16712.224425898,0,COMPLETED,True,baseline_8,67,0.14182213635649532,1.1905999999726191,20.00119399963296,21.333616135962075
2228,16712.23903709243,16712.239125971,16712.239125971,16712.24011134,16712.258773922,1,COMPLETED,True,baseline_8,68,0.0888785689312499,0.9853690025920514,18.662581998796668,19.73682957031997
2229,16712.26689937103,16712.267016695,16712.267016695,16712.267511124,16712.281636794,3,COMPLETED,True,baseline_8,69,0.1173239725176245,0.49442899762652814,14.125670000794344,14.737422970938496
2230,16712.30493853535,16712.305031417,16712.305031417,16712.306029274,16712.325532333,2,COMPLETED,True,baseline_8,70,0.09288164801546372,0.997857001493685,19.503059000271605,20.593797649780754
2231,16712.318594481963,16712.318766699,16712.318766699,16712.319584937,16712.338028059,0,COMPLETED,True,baseline_8,71,0.17221703819814138,0.8182379970094189,18.44312200046261,19.43357703567017
2232,16712.344133615698,16712.344271531,16712.344271531,16712.344789936,16712.358627728,1,COMPLETED,True,baseline_8,72,0.13791530363960192,0.5184049987292383,13.83779200114077,14.49411230350961
2233,16712.34829438952,16712.348441574,16712.348441574,16712.34913929,16712.363546339,3,COMPLETED,True,baseline_8,73,0.14718447710038163,0.6977160010137595,14.407048998691607,15.251949476805748
2234,16712.372457608257,16712.372547375,16712.372547375,16712.373282211,16712.392602133,2,COMPLETED,True,baseline_8,74,0.08976674143923447,0.734836001356598,19.319922001159284,20.144524743955117
2235,16712.383104138393,16712.383134036,16712.383134036,16712.38361033,16712.397644354,0,COMPLETED,True,baseline_8,75,0.02989760832861066,0.4762939970532898,14.034024003194645,14.540215608576545
2236,16712.396103034338,16712.396196653,16712.396196653,16712.396824058,16712.410324834,1,COMPLETED,True,baseline_8,76,0.09361866250401363,0.6274049992498476,13.50077600000077,14.22179966175463
2237,16712.439742952014,16712.439834621,16712.439834621,16712.440357847,16712.455929392,3,COMPLETED,True,baseline_8,77,0.09166898598778062,0.5232260009506717,15.571544998238096,16.18643998517655
2238,16712.445425676855,16712.445554351,16712.445554351,16712.446158092,16712.463980264,2,COMPLETED,True,baseline_8,78,0.12867414625361562,0.6037409984855913,17.8221720016154,18.554587146354606
2239,16712.504644956996,16712.504731421,16712.504731421,16712.505477304,16712.524880465,0,COMPLETED,True,baseline_8,79,0.08646400237921625,0.7458830004907213,19.403161000809632,20.23550800367957
2240,16712.510914213286,16712.510999629,16712.510999629,16712.511922795,16712.531068817,1,COMPLETED,True,baseline_8,80,0.08541571514797397,0.9231660005752929,19.146021997585194,20.15460371330846
2241,16712.51453519761,16712.514786133,16712.514786133,16712.5154685,16712.533504899,3,COMPLETED,True,baseline_8,81,0.2509353907953482,0.6823670009907801,18.036398996628122,18.96970138841425
2242,16712.5380979134,16712.538186716,16712.538186716,16712.538880237,16712.558306451,2,COMPLETED,True,baseline_8,82,0.08880260065780021,0.6935210003575776,19.42621399939526,20.208537600410637
2243,16712.550484107975,16712.550572772,16712.550572772,16712.551265067,16712.564684312,0,COMPLETED,True,baseline_8,83,0.08866402640705928,0.6922949978616089,13.41924500229652,14.200204026565189
2244,16712.57149633753,16712.571621663,16712.571621663,16712.572378247,16712.587823942,1,COMPLETED,True,baseline_8,84,0.12532547043520026,0.7565840023744386,15.44569500038051,16.32760447319015
2245,16712.572022731038,16712.572136186,16712.572136186,16712.57246751,16712.593688097,3,COMPLETED,True,baseline_8,85,0.11345496386638843,0.33132399767055176,21.220587001153035,21.665365962689975
2246,16712.572911223713,16712.573037599,16712.573037599,16712.573615086,16712.591889947,2,COMPLETED,True,baseline_8,86,0.12637528561754152,0.5774870005552657,18.274861002282705,18.978723288455512
2247,16712.644383168717,16712.644535632,16712.644535632,16712.645510085,16712.665963213,0,COMPLETED,True,baseline_8,87,0.1524632825748995,0.9744529997988138,20.453127999644494,21.580044282018207
2248,16712.64839532797,16712.64851526,16712.64851526,16712.649167859,16712.668524517,1,COMPLETED,True,baseline_8,88,0.11993202861049213,0.6525989992951509,19.356658001925098,20.12918902983074
2249,16712.656145043973,16712.656293731,16712.656293731,16712.656916618,16712.676736035,2,COMPLETED,True,baseline_8,89,0.14868702783132903,0.622887000645278,19.81941699705203,20.590991025528638
2250,16712.665235277655,16712.665387351,16712.665387351,16712.666269068,16712.686829208,3,COMPLETED,True,baseline_8,90,0.15207334581646137,0.881716998264892,20.560140001180116,21.59393034526147
2251,16712.709019157573,16712.709139958,16712.709139958,16712.709642243,16712.723820243,0,COMPLETED,True,baseline_8,91,0.12080042506568134,0.5022850018576719,14.1780000012659,14.801085428189253
2252,16712.767927563003,16712.768184711,16712.768184711,16712.769117773,16712.789138942,1,COMPLETED,True,baseline_8,92,0.2571479963080492,0.9330620014225133,20.021168998937355,21.211378996667918
2253,16712.78405233285,16712.78414698,16712.78414698,16712.784890243,16712.802720521,2,COMPLETED,True,baseline_8,93,0.09464715185458772,0.74326300091343,17.83027799683623,18.668188149604248
2254,16712.79649776661,16712.796809296,16712.796809296,16712.797889045,16712.818216768,3,COMPLETED,True,baseline_8,94,0.31152939118328504,1.0797489994729403,20.32772299935459,21.719001390010817
2255,16712.804779373575,16712.804911747,16712.804911747,16712.805587016,16712.822061354,0,COMPLETED,True,baseline_8,95,0.13237342500360683,0.6752689987479243,16.47433800098952,17.28198042474105
2256,16712.806276995212,16712.806517795,16712.806517795,16712.807584399,16712.829064311,1,COMPLETED,True,baseline_8,96,0.24079978902591392,1.06660399978864,21.479912000359036,22.78731578917359
2257,16712.814985242636,16712.815257359,16712.815257359,16712.816057295,16712.837360069,2,COMPLETED,True,baseline_8,97,0.27211636552237906,0.7999359986570198,21.30277399919578,22.374826363375178
2258,16712.81676039811,16712.816927509,16712.816927509,16712.818414078,16712.832803205,3,COMPLETED,True,baseline_8,98,0.1671108911978081,1.486568999098381,14.389127001777524,16.042806892073713
2259,16712.82546771531,16712.825646161,16712.825646161,16712.826411772,16712.843035633,0,COMPLETED,True,baseline_8,99,0.17844569083536044,0.765610999224009,16.62386099997093,17.5679176900303
2260,16712.8423283549,16712.842442049,16712.842442049,16712.843130593,16712.856346508,1,COMPLETED,True,baseline_8,100,0.11369410276529379,0.6885439979669172,13.215915001637768,14.018153102369979
2261,16712.848193870148,16712.848356391,16712.848356391,16712.849148618,16712.867857732,3,COMPLETED,True,baseline_8,101,0.16252085333690047,0.792226997873513,18.709113999648253,19.663861850858666
2262,16712.881119711084,16712.88120531,16712.88120531,16712.882137064,16712.895880528,2,COMPLETED,True,baseline_8,102,0.0855989164847415,0.9317539988842327,13.74346400189097,14.760816917259945
2263,16712.881987797908,16712.882145635,16712.882145635,16712.882680002,16712.896335816,0,COMPLETED,True,baseline_8,103,0.15783709386596456,0.5343669981812127,13.655814000230748,14.348018092277925
2264,16712.9560440771,16712.956306698,16712.956306698,16712.957346934,16712.976548068,1,COMPLETED,True,baseline_8,104,0.2626209025038406,1.0402359985164367,19.2011340004683,20.503990901488578
2265,16713.003477103714,16713.003730973,16713.003730973,16713.004877633,16713.025302128,3,COMPLETED,True,baseline_8,105,0.2538692860980518,1.1466600008134264,20.424495000042953,21.82502428695443
2266,16713.073495272638,16713.073638941,16713.073638941,16713.074722588,16713.095365107,2,COMPLETED,True,baseline_8,106,0.14366836330736987,1.0836469991772901,20.64251900083036,21.86983436331502
2267,16713.114528753133,16713.114703456,16713.114703456,16713.115739883,16713.137790056,0,COMPLETED,True,baseline_8,107,0.17470286911702715,1.0364269983256236,22.050173000025097,23.261302867467748
2268,16713.13316967042,16713.133275618,16713.133275618,16713.134176232,16713.154085742,1,COMPLETED,True,baseline_8,108,0.10594758350634947,0.9006139989651274,19.909509999706643,20.91607158217812
2269,16713.161613557444,16713.16169987,16713.16169987,16713.162333468,16713.180456841,3,COMPLETED,True,baseline_8,109,0.08631255695945583,0.6335979996947572,18.123372999980347,18.84328355663456
2270,16713.192143339827,16713.192248515,16713.192248515,16713.193186265,16713.212226174,2,COMPLETED,True,baseline_8,110,0.10517517148400657,0.9377500027767383,19.039908998820465,20.08283417308121
2271,16713.199557152395,16713.19964151,16713.19964151,16713.200280519,16713.213905921,0,COMPLETED,True,baseline_8,111,0.08435760537395254,0.6390089984051883,13.625401999888709,14.34876860366785
2272,16713.215266479,16713.21545839,16713.21545839,16713.216422108,16713.232770962,1,COMPLETED,True,baseline_8,112,0.1919110000017099,0.9637179973651655,16.34885400198982,17.504482999356696
2273,16713.21862047458,16713.218715184,16713.218715184,16713.219262921,16713.236477109,3,COMPLETED,True,baseline_8,113,0.0947094194998499,0.547736999578774,17.214187999343267,17.85663441842189
2274,16713.23142734298,16713.23159434,16713.23159434,16713.232249367,16713.246058378,2,COMPLETED,True,baseline_8,114,0.1669970188231673,0.6550270009029191,13.809011001285398,14.631035021011485
2275,16713.251597958773,16713.251737369,16713.251737369,16713.25265906,16713.272331271,0,COMPLETED,True,baseline_8,115,0.13941022552899085,0.9216910002578516,19.672211001307005,20.733312227093847
2276,16713.27862960291,16713.278715974,16713.278715974,16713.279669308,16713.297617457,1,COMPLETED,True,baseline_8,116,0.08637108840048313,0.9533340016787406,17.948148997675162,18.987854087754386
2277,16713.3372301852,16713.33737004,16713.33737004,16713.338177658,16713.357281006,3,COMPLETED,True,baseline_8,117,0.13985480109113269,0.8076179983618204,19.103348000498954,20.050820799951907
2278,16713.346830094255,16713.347064762,16713.347064762,16713.347837779,16713.362180013,2,COMPLETED,True,baseline_8,118,0.234667746553896,0.7730170000286307,14.342233997012954,15.349918743595481
2279,16713.393257900534,16713.393373627,16713.393373627,16713.394146752,16713.407156236,0,COMPLETED,True,baseline_8,119,0.11572646690183319,0.7731250007054769,13.009483998757787,13.898335466365097
2280,16713.428911801708,16713.429058122,16713.429058122,16713.429751032,16713.448561071,1,COMPLETED,True,baseline_8,0,0.14632029342465103,0.6929099981789477,18.810039000527468,19.649269292131066
2281,16713.483111414662,16713.483265807,16713.483265807,16713.484312137,16713.503214569,3,COMPLETED,True,baseline_8,1,0.1543923390272539,1.0463299986440688,18.90243199886754,20.103154336538864
2282,16713.501274403592,16713.501415609,16713.501415609,16713.502314508,16713.522182702,2,COMPLETED,True,baseline_8,2,0.1412054079992231,0.8988990011857823,19.86819399826345,20.908298407448456
2283,16713.50733789799,16713.507505298,16713.507505298,16713.508468719,16713.527727179,0,COMPLETED,True,baseline_8,3,0.16740000864956528,0.9634210000513121,19.258460000855848,20.389281009556726
2284,16713.526104822227,16713.526305669,16713.526305669,16713.527165103,16713.545940166,1,COMPLETED,True,baseline_8,4,0.2008467708947137,0.8594340033596382,18.775062999338843,19.835343773593195
2285,16713.55154613148,16713.551744545,16713.551744545,16713.552356549,16713.565958756,3,COMPLETED,True,baseline_8,5,0.19841351968352683,0.6120040015957784,13.602207000076305,14.41262452135561
2286,16713.56164828127,16713.561832786,16713.561832786,16713.562777234,16713.583027827,2,COMPLETED,True,baseline_8,6,0.18450472998665646,0.9444480019737966,20.250592999218497,21.37954573117895
2287,16713.577605663297,16713.577700916,16713.577700916,16713.578748877,16713.596978084,0,COMPLETED,True,baseline_8,7,0.09525270434096456,1.047960999130737,18.22920699851238,19.372420701984083
2288,16713.599603128332,16713.599700598,16713.599700598,16713.600447173,16713.615435073,1,COMPLETED,True,baseline_8,8,0.0974696667981334,0.7465750022674911,14.987899998232024,15.831944667297648
2289,16713.603821584864,16713.603925347,16713.603925347,16713.604319534,16713.61778669,3,COMPLETED,True,baseline_8,9,0.10376213685958646,0.3941869981645141,13.467156000842806,13.965105135866906
2290,16713.606386896845,16713.606479425,16713.606479425,16713.606807304,16713.621304435,2,COMPLETED,True,baseline_8,10,0.09252815652871504,0.32787899908726104,14.497131000098307,14.917538155714283
2291,16713.614045938382,16713.614143415,16713.614143415,16713.6145188,16713.628270199,0,COMPLETED,True,baseline_8,11,0.09747661897563376,0.3753849996428471,13.751398997555953,14.224260616174433
2292,16713.618553297623,16713.61871255,16713.61871255,16713.619399471,16713.633437048,1,COMPLETED,True,baseline_8,12,0.15925237676128745,0.6869210010336246,14.037576998816803,14.883750376611715
2293,16713.661889937295,16713.661992923,16713.661992923,16713.662663545,16713.675761266,3,COMPLETED,True,baseline_8,13,0.10298570487066172,0.6706220010528341,13.09772099921247,13.871328705135966
2294,16713.713920753282,16713.714080205,16713.714080205,16713.715101202,16713.735151343,2,COMPLETED,True,baseline_8,14,0.15945171981002204,1.0209969987045042,20.050140999956056,21.230589718470583
2295,16713.717064034645,16713.717193128,16713.717193128,16713.717883045,16713.732966407,0,COMPLETED,True,baseline_8,15,0.1290933541895356,0.6899170002725441,15.08336199913174,15.902372353593819
2296,16713.730810287212,16713.730950157,16713.730950157,16713.731766294,16713.74970658,1,COMPLETED,True,baseline_8,16,0.1398697895638179,0.8161369987647049,17.94028600124875,18.896292789577274
2297,16713.74830007316,16713.748450855,16713.748450855,16713.749354537,16713.768668336,3,COMPLETED,True,baseline_8,17,0.15078184151207097,0.9036820010805968,19.313798999064602,20.36826284165727
2298,16713.774612033405,16713.774650546,16713.774650546,16713.775602212,16713.795111546,0,COMPLETED,True,baseline_8,18,0.03851259680232033,0.9516659993096255,19.509333997120848,20.499512593232794
2299,16713.79849303337,16713.798627873,16713.798627873,16713.79928807,16713.812956664,2,COMPLETED,True,baseline_8,19,0.13483962902682833,0.6601970017072745,13.668593997863354,14.463630628597457
2300,16713.83765952225,16713.837799484,16713.837799484,16713.838557485,16713.857916148,1,COMPLETED,True,baseline_8,20,0.13996175039210357,0.7580009987577796,19.35866300118505,20.256625750334933
2301,16713.849672475328,16713.84981871,16713.84981871,16713.85055385,16713.868339716,3,COMPLETED,True,baseline_8,21,0.14623467359342612,0.7351399981416762,17.785865999030648,18.66724067076575
2302,16713.865440531492,16713.86560094,16713.86560094,16713.86624752,16713.881350681,0,COMPLETED,True,baseline_8,22,0.16040850823628716,0.6465799997386057,15.103161000297405,15.910149508272298
2303,16713.87520967849,16713.875335042,16713.875335042,16713.875975097,16713.891127187,2,COMPLETED,True,baseline_8,23,0.12536351277958602,0.640054997347761,15.152089999901364,15.91750851002871
2304,16713.90168701218,16713.901823391,16713.901823391,16713.902412048,16713.915959129,1,COMPLETED,True,baseline_8,24,0.13637881784234196,0.5886569997528568,13.547081001888728,14.272116819483927
2305,16713.917929338728,16713.918061616,16713.918061616,16713.918576359,16713.932490537,3,COMPLETED,True,baseline_8,25,0.1322772732237354,0.5147429983480833,13.914178001869004,14.561198273440823
2306,16713.925113032805,16713.925266399,16713.925266399,16713.926087849,16713.9407045,0,COMPLETED,True,baseline_8,26,0.1533661961730104,0.8214499976020306,14.616651002143044,15.591467195918085
2307,16713.940797659503,16713.940888705,16713.940888705,16713.941690425,16713.95539912,2,COMPLETED,True,baseline_8,27,0.09104549826588482,0.8017199979803991,13.70869500169647,14.601460497942753
2308,16713.977161605268,16713.977268305,16713.977268305,16713.978088711,16713.991705605,1,COMPLETED,True,baseline_8,28,0.10669973198673688,0.8204059995478019,13.616894000733737,14.543999732268276
2309,16714.009811366363,16714.009911545,16714.009911545,16714.010544103,16714.024160945,3,COMPLETED,True,baseline_8,29,0.10017863678513095,0.6325579997792374,13.616841999464668,14.349578636029037
2310,16714.04485217405,16714.045011394,16714.045011394,16714.045816903,16714.064509993,0,COMPLETED,True,baseline_8,30,0.15921994781820104,0.8055090002017096,18.693090001761448,19.65781894978136
2311,16714.086722161435,16714.086865749,16714.086865749,16714.087722876,16714.107732717,2,COMPLETED,True,baseline_8,31,0.14358756379806437,0.8571270009269938,20.009840998682193,21.01055556340725
2312,16714.102646732128,16714.102788176,16714.102788176,16714.103469205,16714.121787159,1,COMPLETED,True,baseline_8,32,0.14144387023407035,0.681029003317235,18.317953999940073,19.14042687349138
2313,16714.137092972254,16714.137208199,16714.137208199,16714.138077349,16714.153556535,3,COMPLETED,True,baseline_8,33,0.11522674685693346,0.8691499970154837,15.479186000447953,16.46356274432037
2314,16714.14502855152,16714.145175942,16714.145175942,16714.146073325,16714.161842786,0,COMPLETED,True,baseline_8,34,0.147390481288312,0.8973829972092062,15.76946100249188,16.8142344809894
2315,16714.165966827914,16714.16612326,16714.16612326,16714.166892443,16714.180373625,2,COMPLETED,True,baseline_8,35,0.1564320882607717,0.7691829996474553,13.481181998940883,14.40679708684911
2316,16714.169908234006,16714.170156861,16714.170156861,16714.170862568,16714.184385911,1,COMPLETED,True,baseline_8,36,0.24862699501682073,0.705706999724498,13.523343000997556,14.477676995738875
2317,16714.23705767626,16714.237198404,16714.237198404,16714.23819789,16714.257720011,3,COMPLETED,True,baseline_8,37,0.14072774138185196,0.9994860010920092,19.522120997862658,20.66233474033652
2318,16714.24473570819,16714.244886537,16714.244886537,16714.245744739,16714.263667782,0,COMPLETED,True,baseline_8,38,0.15082880781847052,0.8582020018366165,17.923043000337202,18.93207380999229
2319,16714.288041629206,16714.28818262,16714.28818262,16714.289172179,16714.309207784,2,COMPLETED,True,baseline_8,39,0.14099079271545634,0.9895590010273736,20.03560500088497,21.1661547946278
2320,16714.307402296192,16714.307658997,16714.307658997,16714.308724338,16714.327686229,1,COMPLETED,True,baseline_8,40,0.25670080867712386,1.0653409990482032,18.96189100079937,20.283932808524696
2321,16714.344635667054,16714.344788229,16714.344788229,16714.34545024,16714.363342673,3,COMPLETED,True,baseline_8,41,0.15256194456014782,0.6620110034418758,17.892432999360608,18.70700594736263
2322,16714.371642509905,16714.371788736,16714.371788736,16714.372447268,16714.391545744,0,COMPLETED,True,baseline_8,42,0.146226095239399,0.6585320006706752,19.098476001090603,19.903234097000677
2323,16714.423797770385,16714.423968766,16714.423968766,16714.424813323,16714.441088268,2,COMPLETED,True,baseline_8,43,0.1709956159174908,0.8445569983450696,16.27494499916793,17.29049761343049
2324,16714.505123986244,16714.505268779,16714.505268779,16714.506246321,16714.524762591,1,COMPLETED,True,baseline_8,44,0.14479275705525652,0.9775420003279578,18.516269999963697,19.63860475734691
2325,16714.528660142165,16714.528881114,16714.528881114,16714.529740429,16714.549248849,3,COMPLETED,True,baseline_8,45,0.2209718368249014,0.8593149977969006,19.50842000223929,20.588706836861093
2326,16714.53472439505,16714.534899238,16714.534899238,16714.535638096,16714.554392283,0,COMPLETED,True,baseline_8,46,0.17484294949099422,0.7388580015685875,18.75418700001319,19.66788795107277
2327,16714.53650864841,16714.536676942,16714.536676942,16714.537448288,16714.556514251,2,COMPLETED,True,baseline_8,47,0.168293590832036,0.7713459999649785,19.06596299886587,20.005602589662885
2328,16714.56162808289,16714.561778917,16714.561778917,16714.562561676,16714.58046037,1,COMPLETED,True,baseline_8,48,0.15083410835359246,0.7827590015949681,17.89869400090538,18.83228711085394
2329,16714.57667516087,16714.576765402,16714.576765402,16714.577292976,16714.591879347,3,COMPLETED,True,burst_8,49,0.09024112659972161,0.5275740004435647,14.586371002224041,15.204186129267327
2330,16714.579289200232,16714.579449756,16714.579449756,16714.579965369,16714.593828547,0,COMPLETED,True,burst_8,50,0.16055576634244062,0.5156130027899053,13.863177999155596,14.539346768287942
2331,16714.579550408147,16714.579573846,16714.579573846,16714.580101451,16714.593919874,2,COMPLETED,True,burst_8,51,0.0234378530876711,0.52760499966098,13.818423001794145,14.369465854542796
2332,16714.584345344112,16714.584544223,16714.584544223,16714.585268934,16714.601802241,1,COMPLETED,True,burst_8,52,0.1988788862945512,0.7247110006574076,16.53330699991784,17.4568968868698
2333,16714.58514050709,16714.585302855,16714.585302855,16714.592142744,16714.605697937,3,COMPLETED,True,burst_8,53,0.16234791110036895,6.839888999820687,13.55519299977459,20.557429910695646
2334,16714.62940100681,16714.629516668,16714.629516668,16714.629951099,16714.643688194,0,COMPLETED,True,burst_8,54,0.11566119064809754,0.43443100003059953,13.737094999669353,14.28718719034805
2335,16714.63162153279,16714.631724301,16714.631724301,16714.63219766,16714.646133378,2,COMPLETED,True,burst_8,55,0.10276821194565855,0.47335899944300763,13.93571799781057,14.511845209199237
2336,16714.6352069538,16714.635328358,16714.635328358,16714.635816152,16714.650784313,1,COMPLETED,True,burst_8,56,0.12140419858042151,0.487794000946451,14.968160998250823,15.577359197777696
2337,16714.64022967003,16714.640328954,16714.640328954,16714.641030775,16714.655140884,3,COMPLETED,True,burst_8,57,0.09928397048497573,0.7018210017122328,14.110108997556381,14.91121396975359
2338,16714.64950164234,16714.649629668,16714.649629668,16714.650437769,16714.663995039,0,COMPLETED,True,burst_8,58,0.1280256619793363,0.8081009982561227,13.557270001911093,14.493396662146552
2339,16714.66455587652,16714.66465865,16714.66465865,16714.665417046,16714.678626331,2,COMPLETED,True,burst_8,59,0.10277347973897122,0.7583959995827172,13.209284999902593,14.070454479224281
2340,16714.678039777158,16714.678132097,16714.678132097,16714.678929368,16714.693829831,1,COMPLETED,True,burst_8,60,0.09231984222424217,0.7972710009198636,14.900463000230957,15.790053843375063
2341,16714.678462766384,16714.678716062,16714.678716062,16714.679216587,16714.697375181,3,COMPLETED,True,burst_8,61,0.25329561685794033,0.5005249986425042,18.158594000851735,18.91241461635218
2342,16714.683314436104,16714.683473566,16714.683473566,16714.68406501,16714.697612766,0,COMPLETED,True,burst_8,62,0.1591298969287891,0.5914439971093088,13.547755999752553,14.298329893790651
2343,16714.68924977872,16714.689378719,16714.689378719,16714.690246146,16714.707929297,2,COMPLETED,True,burst_8,63,0.1289402789552696,0.8674270029587205,17.683150999801,18.67951828171499
2344,16714.695086425796,16714.695185742,16714.695185742,16714.695677762,16714.711186722,1,COMPLETED,True,burst_8,64,0.09931620297720656,0.49202000082004815,15.508960001170635,16.10029620496789
2345,16714.70127587401,16714.701448017,16714.701448017,16714.702237562,16714.72119837,3,COMPLETED,True,burst_8,65,0.17214299077750184,0.7895449998613913,18.96080799997435,19.922495990613243
2346,16714.71248357925,16714.712572809,16714.712572809,16714.713174717,16714.726639849,0,COMPLETED,True,burst_8,66,0.08922975030145608,0.6019079992256593,13.465132000419544,14.15626974994666
2347,16714.718719634515,16714.7188246,16714.7188246,16714.719476067,16714.732735425,2,COMPLETED,True,burst_8,67,0.10496548566152342,0.6514669985335786,13.259358001960209,14.01579048615531
2348,16714.739316440428,16714.739400334,16714.739400334,16714.740061415,16714.754126245,1,COMPLETED,True,burst_8,68,0.08389357390115038,0.6610809978155885,14.064830000279471,14.80980457199621
2349,16714.76557956931,16714.765706343,16714.765706343,16714.766386483,16714.779332408,3,COMPLETED,True,burst_8,69,0.12677369159064256,0.6801399977121036,12.945925001986325,13.752838691289071
2350,16714.783601192616,16714.783839975,16714.783839975,16714.784536113,16714.799708848,0,COMPLETED,True,burst_8,70,0.23878238425822929,0.696137998602353,15.172735002124682,16.107655384985264
2351,16714.797558003564,16714.797693211,16714.797693211,16714.798371586,16714.818987226,2,COMPLETED,True,burst_8,71,0.13520743596018292,0.6783749995520338,20.615640001778957,21.429222437291173
2352,16714.798064579507,16714.798188868,16714.798188868,16714.798650005,16714.817824142,1,COMPLETED,True,burst_8,72,0.12428849368006922,0.4611369986378122,19.17413699993631,19.75956249225419
2353,16714.7982387306,16714.798399053,16714.798399053,16714.798919341,16714.81817523,3,COMPLETED,True,burst_8,73,0.1603224009159021,0.5202879983698949,19.25588900121511,19.936499400500907
2354,16714.806024035963,16714.806115148,16714.806115148,16714.806675553,16714.82024328,0,COMPLETED,True,burst_8,74,0.09111203689826652,0.5604050020338036,13.56772699728026,14.21924403621233
2355,16714.813653939207,16714.813790425,16714.813790425,16714.818042163,16714.832741407,1,COMPLETED,True,burst_8,75,0.1364857926091645,4.251737998856697,14.699244002258638,19.0874677937245
2356,16714.816363816924,16714.816558842,16714.816558842,16714.818703113,16714.833075541,3,COMPLETED,True,burst_8,76,0.19502507711877115,2.144270998542197,14.372427998750936,16.711724074411904
2357,16714.832291485374,16714.832398824,16714.832398824,16714.833175242,16714.846457252,2,COMPLETED,True,burst_8,77,0.10733862654888071,0.7764180008962285,13.282009997055866,14.165766624500975
2358,16714.83412380038,16714.834216965,16714.834216965,16714.834903102,16714.851232732,0,COMPLETED,True,burst_8,78,0.09316461728303693,0.6861370020487811,16.32962999792653,17.10893161725835
2359,16714.839748448052,16714.839857062,16714.839857062,16714.840520726,16714.854557967,1,COMPLETED,True,burst_8,79,0.10861394912353717,0.6636639991484117,14.037240998732159,14.809518947004108
2360,16714.84063829822,16714.840810293,16714.840810293,16714.841437183,16714.861948124,3,COMPLETED,True,burst_8,80,0.17199477952090092,0.6268899996939581,20.510940998065053,21.30982577727991
2361,16714.841514017884,16714.841711566,16714.841711566,16714.846621838,16714.860277829,2,COMPLETED,True,burst_8,81,0.19754811728489585,4.910272000415716,13.65599099881365,18.763811116514262
2362,16714.842699681805,16714.84284337,16714.84284337,16714.85136172,16714.86993943,0,COMPLETED,True,burst_8,82,0.14368819392984733,8.518350001395447,18.577709997771308,27.239748193096602
2363,16714.846161132442,16714.846253991,16714.846253991,16714.854903849,16714.868876838,1,COMPLETED,True,burst_8,83,0.09285855776397511,8.649857998534571,13.972989003377734,22.71570555967628
2364,16714.849170460668,16714.849259708,16714.849259708,16714.860608234,16714.874176207,2,COMPLETED,True,burst_8,84,0.08924733265303075,11.34852600080194,13.567972997407196,25.005746330862166
2365,16714.85340091295,16714.853480046,16714.853480046,16714.862439587,16714.882972358,3,COMPLETED,True,burst_8,85,0.07913304943940602,8.959540999057936,20.532770999125205,29.571445047622547
2366,16714.858404819613,16714.858526905,16714.858526905,16714.869221981,16714.882312282,1,COMPLETED,True,burst_8,86,0.12208538828417659,10.695075998228276,13.090300999465398,23.90746238597785
2367,16714.859419903216,16714.859532204,16714.859532204,16714.870235298,16714.887189687,0,COMPLETED,True,burst_8,87,0.11230078234802932,10.7030940016557,16.954389000602532,27.76978378460626
2368,16714.87725123895,16714.877343872,16714.877343872,16714.877800263,16714.891312558,2,COMPLETED,True,burst_8,88,0.09263305037165992,0.45639099698746577,13.512295001419261,14.061319048778387
2369,16714.888599200207,16714.88871418,16714.88871418,16714.889165547,16714.905672426,1,COMPLETED,True,burst_8,89,0.11497979357955046,0.4513669991865754,16.50687900109915,17.073225793865277
2370,16714.888691837015,16714.888802917,16714.888802917,16714.889249391,16714.902975044,3,COMPLETED,True,burst_8,90,0.11107998579973355,0.4464739977265708,13.725652999710292,14.283206983236596
2371,16714.925139326897,16714.925278014,16714.925278014,16714.925798405,16714.940604787,0,COMPLETED,True,burst_8,91,0.13868710448150523,0.5203909968258813,14.806382001552265,15.465460102859652
2372,16714.92901749209,16714.92914175,16714.92914175,16714.929485581,16714.943129943,2,COMPLETED,True,burst_8,92,0.124257909192238,0.34383100137347355,13.644361999467947,14.112450910033658
2373,16714.929796532666,16714.929915956,16714.929915956,16714.930445386,16714.947780952,3,COMPLETED,True,burst_8,93,0.1194233336718753,0.5294299990055151,17.3355660008383,17.98441933351569
2374,16714.935138688117,16714.935266758,16714.935266758,16714.935843316,16714.954986129,1,COMPLETED,True,burst_8,94,0.1280698816117365,0.576558002649108,19.1428129983251,19.847440882585943
2375,16714.94190611823,16714.942008236,16714.942008236,16714.942429615,16714.957303655,0,COMPLETED,True,burst_8,95,0.10211777043878101,0.42137899799854495,14.874039999995148,15.397536768432474
2376,16714.94431912867,16714.944450917,16714.944450917,16714.944785188,16714.957990337,2,COMPLETED,True,burst_8,96,0.13178832887206227,0.3342710006108973,13.205148999986704,13.671208329469664
2377,16714.9502250624,16714.950346176,16714.950346176,16714.950969189,16714.966091641,3,COMPLETED,True,burst_8,97,0.12111360047128983,0.6230130020412616,15.122451997740427,15.866578600252979
2378,16714.972869610425,16714.973087524,16714.973087524,16714.973647181,16714.987147626,1,COMPLETED,True,burst_8,98,0.21791357357869856,0.5596570008492563,13.500445002136985,14.27801557656494
2379,16714.97577576385,16714.975875222,16714.975875222,16714.976286558,16714.9904932,0,COMPLETED,True,burst_8,99,0.09945814963430166,0.4113360009796452,14.206641997589031,14.717436148202978
2380,16714.976428465336,16714.976585666,16714.976585666,16714.976961278,16714.990513407,2,COMPLETED,True,burst_8,100,0.15720066585345194,0.3756119986064732,13.552128999435809,14.084941663895734
2381,16714.978757438723,16714.978794027,16714.978794027,16714.979234869,16714.99381187,3,COMPLETED,True,burst_8,101,0.03658827699837275,0.44084199907956645,14.577001002180623,15.054431278258562
2382,16714.993425074586,16714.99353147,16714.99353147,16714.994124985,16715.007181643,1,COMPLETED,True,burst_8,102,0.10639541505952366,0.5935150002187584,13.056657997367438,13.75656841264572
2383,16714.998457503552,16714.99863089,16714.99863089,16714.999012582,16715.013112112,0,COMPLETED,True,burst_8,103,0.17338644829578698,0.3816919997916557,14.099529998929938,14.654608447017381
2384,16715.00541356675,16715.005551837,16715.005551837,16715.00606208,16715.020847114,2,COMPLETED,True,burst_8,104,0.13827025031787343,0.5102430004626513,14.785033999942243,15.433547250722768
2385,16715.010411223597,16715.010508349,16715.010508349,16715.010936398,16715.025499905,3,COMPLETED,True,burst_8,105,0.09712540486361831,0.42804899931070395,14.563507000275422,15.088681404449744
2386,16715.011262626136,16715.011464482,16715.011464482,16715.012080816,16715.029682274,1,COMPLETED,True,burst_8,106,0.20185586254228838,0.6163340003695339,17.601457999262493,18.419647862174315
2387,16715.01442814898,16715.014516934,16715.014516934,16715.014980417,16715.034819856,0,COMPLETED,True,burst_8,107,0.08878501830622554,0.4634830002032686,19.839438999042613,20.391707017552108
2388,16715.014643084764,16715.01493925,16715.01493925,16715.021247629,16715.034940027,2,COMPLETED,True,burst_8,108,0.29616523534059525,6.308379000984132,13.692397998966044,20.29694223529077
2389,16715.015775744865,16715.015932177,16715.015932177,16715.025887097,16715.039264229,3,COMPLETED,True,burst_8,109,0.1564321355544962,9.954919998563128,13.377131999732228,23.488484133849852
2390,16715.03096548642,16715.031084073,16715.031084073,16715.031689764,16715.050222039,1,COMPLETED,True,burst_8,110,0.11858658035635017,0.6056909987819381,18.53227500032517,19.25655257946346
2391,16715.03279947078,16715.032886734,16715.032886734,16715.035431454,16715.056507389,0,COMPLETED,True,burst_8,111,0.08726321902940981,2.5447200023336336,21.075934997497825,23.70791821886087
2392,16715.040945193567,16715.041052433,16715.041052433,16715.041606947,16715.056171785,2,COMPLETED,True,burst_8,112,0.10723943341872655,0.5545140011236072,14.564837998477742,15.226591433020076
2393,16715.04586380163,16715.045965029,16715.045965029,16715.046411031,16715.060351952,3,COMPLETED,True,burst_8,113,0.1012273678497877,0.4460019990801811,13.940921002358664,14.488150369288633
2394,16715.04724153278,16715.047379958,16715.047379958,16715.050349742,16715.068450583,1,COMPLETED,True,burst_8,114,0.13842522093909793,2.969784000015352,18.100840999977663,21.209050220932113
2395,16715.05023840081,16715.050330432,16715.050330432,16715.056347731,16715.071000671,2,COMPLETED,True,burst_8,115,0.09203119043377228,6.017298997903708,14.652940000814851,20.762270189152332
2396,16715.059025024522,16715.059182118,16715.059182118,16715.059888875,16715.079906905,0,COMPLETED,True,burst_8,116,0.1570934764458798,0.7067570004437584,20.018030001665466,20.881880478555104
2397,16715.060798997332,16715.061025357,16715.061025357,16715.06157473,16715.075642547,3,COMPLETED,True,burst_8,117,0.226359668886289,0.5493729986483231,14.067816999158822,14.843549666693434
2398,16715.06412177153,16715.064231033,16715.064231033,16715.068740051,16715.085258139,1,COMPLETED,True,burst_8,118,0.10926146933343261,4.509017999225762,16.518087999429554,21.136367467988748
2399,16715.079291561866,16715.079384787,16715.079384787,16715.079906439,16715.093749014,2,COMPLETED,True,baseline_9,119,0.0932251350604929,0.521652000315953,13.842574997397605,14.457452132774051
2400,16715.08265562131,16715.08273961,16715.08273961,16715.083180263,16715.097548693,3,COMPLETED,True,baseline_9,0,0.08398868885706179,0.4406529988045804,14.368430001923116,14.893071689584758
2401,16715.086030226452,16715.086124753,16715.086124753,16715.086476333,16715.100172906,0,COMPLETED,True,baseline_9,1,0.09452654921915382,0.3515799980959855,13.696573001652723,14.142679548967863
2402,16715.089784393473,16715.089927582,16715.089927582,16715.090321517,16715.103968154,1,COMPLETED,True,baseline_9,2,0.1431885284546297,0.39393499901052564,13.646636998601025,14.18376052606618
2403,16715.09611294242,16715.096242299,16715.096242299,16715.096830387,16715.110351143,2,COMPLETED,True,baseline_9,3,0.12935658014612272,0.5880879980395548,13.520756001526024,14.238200579711702
2404,16715.143378126966,16715.143467259,16715.143467259,16715.143994872,16715.157331606,3,COMPLETED,True,baseline_9,4,0.0891320341906976,0.5276129995763768,13.33673399858526,13.953479032352334
2405,16715.227704050467,16715.227898869,16715.227898869,16715.22895711,16715.248945873,0,COMPLETED,True,baseline_9,5,0.19481853450997733,1.0582409995549824,19.988763000583276,21.241822534648236
2406,16715.229621681043,16715.229834984,16715.229834984,16715.230676927,16715.250918387,1,COMPLETED,True,baseline_9,6,0.21330295567167923,0.84194300143281,20.241459998942446,21.296705956046935
2407,16715.233011761837,16715.233213154,16715.233213154,16715.234173253,16715.254460995,2,COMPLETED,True,baseline_9,7,0.20139216212555766,0.9600990015314892,20.287741997890407,21.449233161547454
2408,16715.25436678922,16715.254589174,16715.254589174,16715.255646591,16715.274471287,3,COMPLETED,True,baseline_9,8,0.22238478049985133,1.0574169973551761,18.824696002411656,20.104497780266684
2409,16715.30041075303,16715.300540281,16715.300540281,16715.30113194,16715.314753619,0,COMPLETED,True,baseline_9,9,0.12952797260368243,0.5916589980188292,13.621679001516895,14.342865972139407
2410,16715.30375186541,16715.303952994,16715.303952994,16715.304658577,16715.319970612,1,COMPLETED,True,baseline_9,10,0.20112859056098387,0.7055829992168583,15.312035000533797,16.21874659031164
2411,16715.399392565632,16715.399591138,16715.399591138,16715.400369043,16715.413797322,2,COMPLETED,True,baseline_9,11,0.19857236839015968,0.7779049992677756,13.428278998617316,14.404756366275251
2412,16715.40729767619,16715.407439916,16715.407439916,16715.408432351,16715.427800828,3,COMPLETED,True,baseline_9,12,0.14223981270333752,0.9924349978973623,19.36847700198996,20.50315181259066
2413,16715.411024153414,16715.411164546,16715.411164546,16715.411980821,16715.431117068,0,COMPLETED,True,baseline_9,13,0.14039258530829102,0.8162750018527731,19.136246999551076,20.09291458671214
2414,16715.422012160787,16715.422214444,16715.422214444,16715.42302482,16715.436815967,1,COMPLETED,True,baseline_9,14,0.20228321227477863,0.8103760010271799,13.791147001029458,14.803806214331416
2415,16715.444239488,16715.444342026,16715.444342026,16715.445089072,16715.458431162,2,COMPLETED,True,baseline_9,15,0.10253800064674579,0.7470460004697088,13.342089998332085,14.19167399944854
2416,16715.484113022245,16715.484225794,16715.484225794,16715.48497504,16715.502224792,3,COMPLETED,True,baseline_9,16,0.11277175508439541,0.7492459990317002,17.249751999770524,18.11176975388662
2417,16715.525005774503,16715.525134506,16715.525134506,16715.526222446,16715.546680237,0,COMPLETED,True,baseline_9,17,0.1287314953515306,1.0879399997065775,20.457791000808356,21.674462495866464
2418,16715.547799898086,16715.547934939,16715.547934939,16715.548789341,16715.568805987,1,COMPLETED,True,baseline_9,18,0.1350409147562459,0.8544019983673934,20.016646001749905,21.006088914873544
2419,16715.568938045035,16715.569074168,16715.569074168,16715.570030404,16715.588436722,2,COMPLETED,True,baseline_9,19,0.1361229660687968,0.9562359991832636,18.406317998596933,19.498676963848993
2420,16715.573085970485,16715.573219166,16715.573219166,16715.574067302,16715.592996105,3,COMPLETED,True,baseline_9,20,0.13319551362656057,0.8481360018777195,18.928802997834282,19.910134513338562
2421,16715.673458105182,16715.673610868,16715.673610868,16715.674588285,16715.69497727,0,COMPLETED,True,baseline_9,21,0.1527628191979602,0.9774169993761461,20.38898499813513,21.519164816709235
2422,16715.6789750863,16715.679134931,16715.679134931,16715.679853949,16715.699312542,1,COMPLETED,True,baseline_9,22,0.1598447015567217,0.7190180003817659,19.45859300030861,20.337455702247098
2423,16715.68447230085,16715.684658868,16715.684658868,16715.685530932,16715.706149617,2,COMPLETED,True,baseline_9,23,0.18656714746612124,0.8720640034880489,20.61868499731645,21.67731614827062
2424,16715.778173552484,16715.778371183,16715.778371183,16715.779299897,16715.799141677,3,COMPLETED,True,baseline_9,24,0.19763051750487648,0.9287139982916415,19.84177999838721,20.968124514183728
2425,16715.780044958494,16715.78023104,16715.78023104,16715.780834463,16715.799479934,0,COMPLETED,True,baseline_9,25,0.18608150639920495,0.6034229991200846,18.645471001946134,19.434975507465424
2426,16715.79098339049,16715.791249933,16715.791249933,16715.792262107,16715.812117701,1,COMPLETED,True,baseline_9,26,0.26654251269064844,1.0121739978785627,19.85559400054626,21.134310511115473
2427,16715.805652080657,16715.805805745,16715.805805745,16715.806604908,16715.823237471,2,COMPLETED,True,baseline_9,27,0.1536643430881668,0.799163000920089,16.63256299798377,17.585390341992024
2428,16715.821414136313,16715.821561643,16715.821561643,16715.822511567,16715.840588098,3,COMPLETED,True,baseline_9,28,0.14750668560736813,0.9499240004515741,18.076530999678653,19.173961685737595
2429,16715.890907305493,16715.891002828,16715.891002828,16715.891910523,16715.911437165,0,COMPLETED,True,baseline_9,29,0.0955225077632349,0.9076950009330176,19.526641997799743,20.529859506495995
2430,16715.893134729078,16715.893170509,16715.893170509,16715.893809842,16715.911670282,1,COMPLETED,True,baseline_9,30,0.03577992174541578,0.6393330004357267,17.860439998912625,18.535552921093768
2431,16715.92274045072,16715.922842952,16715.922842952,16715.923804891,16715.943659063,2,COMPLETED,True,baseline_9,31,0.10250128252664581,0.961939000262646,19.854171998304082,20.918612281093374
2432,16715.96877962699,16715.968879901,16715.968879901,16715.969885769,16715.989758925,3,COMPLETED,True,baseline_9,32,0.10027401003753766,1.005867998173926,19.87315600126749,20.979298009478953
2433,16715.970321991597,16715.970469453,16715.970469453,16715.971141946,16715.990893157,1,COMPLETED,True,baseline_9,33,0.14746140368515626,0.6724929990014061,19.7512109989475,20.57116540163406
2434,16715.986019262386,16715.986117236,16715.986117236,16715.987068617,16716.004227387,0,COMPLETED,True,baseline_9,34,0.09797361417440698,0.9513810000498779,17.158769998786738,18.208124613011023
2435,16716.019622777752,16716.019713367,16716.019713367,16716.020651898,16716.034764556,2,COMPLETED,True,baseline_9,35,0.09058924842975102,0.9385310004290659,14.112657998339273,15.14177824719809
2436,16716.065957030998,16716.066094806,16716.066094806,16716.0668559,16716.085329268,3,COMPLETED,True,baseline_9,36,0.13777500134892762,0.7610940010636114,18.47336799983168,19.37223700224422
2437,16716.072694396164,16716.07282553,16716.07282553,16716.073740843,16716.092724584,1,COMPLETED,True,baseline_9,37,0.13113383465679362,0.9153130013146438,18.983740999829024,20.03018783580046
2438,16716.07806400077,16716.078204259,16716.078204259,16716.078933836,16716.094741443,0,COMPLETED,True,baseline_9,38,0.14025823111296631,0.7295770010387059,15.80760700016981,16.677442232321482
2439,16716.081005895787,16716.081266427,16716.081266427,16716.082082532,16716.102826673,2,COMPLETED,True,baseline_9,39,0.2605312147352379,0.8161049991031177,20.74414099843125,21.820777212269604
2440,16716.102041180948,16716.102128213,16716.102128213,16716.102851045,16716.11590519,3,COMPLETED,True,baseline_9,40,0.08703205094207078,0.7228320027934387,13.05414499802282,13.86400905175833
2441,16716.120551888576,16716.120712049,16716.120712049,16716.121508936,16716.138132354,1,COMPLETED,True,baseline_9,41,0.16016042354749516,0.7968870013428386,16.62341799965361,17.580465424543945
2442,16716.133778159718,16716.133808323,16716.133808323,16716.134654031,16716.148833944,0,COMPLETED,True,baseline_9,42,0.030163282644934952,0.8457080002699513,14.1799129996798,15.055784282594686
2443,16716.133906749943,16716.134020621,16716.134020621,16716.13493606,16716.151598655,2,COMPLETED,True,baseline_9,43,0.11387105769244954,0.9154389990726486,16.66259500052547,17.69190505729057
2444,16716.146885164708,16716.147138098,16716.147138098,16716.148178992,16716.166557922,3,COMPLETED,True,baseline_9,44,0.25293329235864803,1.0408939997432753,18.37892999901669,19.672757291118614
2445,16716.155593444706,16716.155855863,16716.155855863,16716.156665656,16716.169632676,1,COMPLETED,True,baseline_9,45,0.26241829255013727,0.8097930003714282,12.967020000360208,14.039231293281773
2446,16716.168251781204,16716.168356159,16716.168356159,16716.168886744,16716.182938709,0,COMPLETED,True,baseline_9,46,0.1043777956510894,0.5305849990691058,14.051965001272038,14.686927795992233
2447,16716.198642433446,16716.198728603,16716.198728603,16716.199438365,16716.216661726,2,COMPLETED,True,baseline_9,47,0.08616955528850667,0.7097620000422467,17.223360999196302,18.019292554527055
2448,16716.205445202497,16716.205528958,16716.205528958,16716.206106342,16716.22487125,3,COMPLETED,True,baseline_9,48,0.08375550169148482,0.5773840020992793,18.76490799986641,19.426047503657173
2449,16716.34377760848,16716.343936092,16716.343936092,16716.345141908,16716.364231443,1,COMPLETED,True,baseline_9,49,0.15848351904423907,1.205816002766369,19.089534998784075,20.453834520594683
2450,16716.34546938639,16716.34562136,16716.34562136,16716.346132442,16716.364300045,0,COMPLETED,True,baseline_9,50,0.15197361062746495,0.5110819984111004,18.167603000620147,18.830658609658713
2451,16716.38548772095,16716.38562066,16716.38562066,16716.386445557,16716.401477886,2,COMPLETED,True,baseline_9,51,0.13293905067257583,0.8248970007116441,15.03232899995055,15.99016505133477
2452,16716.388606296536,16716.388722989,16716.388722989,16716.38935533,16716.40464811,3,COMPLETED,True,baseline_9,52,0.11669246305245906,0.632341001619352,15.29278000089107,16.041813465562882
2453,16716.4743439189,16716.474485832,16716.474485832,16716.475449327,16716.495067443,1,COMPLETED,True,baseline_9,53,0.14191310037858784,0.9634950001782272,19.6181159990374,20.723524099594215
2454,16716.536376852804,16716.536517391,16716.536517391,16716.537483892,16716.557471255,0,COMPLETED,True,baseline_9,54,0.14053819541004486,0.9665010002208874,19.987363000836922,21.094402196467854
2455,16716.55669212471,16716.556830108,16716.556830108,16716.55795367,16716.578399386,2,COMPLETED,True,baseline_9,55,0.13798329018754885,1.1235620004299562,20.44571599981282,21.707261290430324
2456,16716.663055578083,16716.663306181,16716.663306181,16716.664417224,16716.684829541,3,COMPLETED,True,baseline_9,56,0.2506029159121681,1.1110430023109075,20.41231700059143,21.773962918814505
2457,16716.663121245525,16716.663463069,16716.663463069,16716.664683318,16716.684444554,1,COMPLETED,True,baseline_9,57,0.34182347371825017,1.2202489997434895,19.76123600252322,21.32330847598496
2458,16716.67939207705,16716.679564947,16716.679564947,16716.680529743,16716.700118577,0,COMPLETED,True,baseline_9,58,0.17286994989262894,0.9647959996073041,19.58883399856859,20.726499948068522
2459,16716.753410709407,16716.753572072,16716.753572072,16716.754562056,16716.774892943,2,COMPLETED,True,baseline_9,59,0.1613625936442986,0.9899840006255545,20.330887000454823,21.482233594724676
2460,16716.757776553102,16716.758025235,16716.758025235,16716.758816097,16716.778107456,1,COMPLETED,True,baseline_9,60,0.24868189939297736,0.7908619991212618,19.29135899990797,20.33090289842221
2461,16716.805027057737,16716.805155054,16716.805155054,16716.806107966,16716.825053806,3,COMPLETED,True,baseline_9,61,0.12799626347259618,0.9529119997750968,18.94583999819588,20.026748261443572
2462,16716.82422386001,16716.824398413,16716.824398413,16716.825359498,16716.845151415,0,COMPLETED,True,baseline_9,62,0.17455298802815378,0.9610850029275753,19.791916998656234,20.927554989611963
2463,16716.82895344871,16716.829109222,16716.829109222,16716.830022335,16716.848526936,3,COMPLETED,True,baseline_9,63,0.15577329031657428,0.9131130027526524,18.50460099740303,19.573487290472258
2464,16716.840913043703,16716.841013057,16716.841013057,16716.841791012,16716.855495662,1,COMPLETED,True,baseline_9,64,0.10001329792430624,0.7779549996485002,13.704649998544483,14.582618296117289
2465,16716.843083800875,16716.843273505,16716.843273505,16716.844153935,16716.864828615,2,COMPLETED,True,baseline_9,65,0.18970412565977313,0.8804299977782648,20.674679999501677,21.744814122939715
2466,16716.8505564289,16716.850699116,16716.850699116,16716.851497884,16716.868951412,0,COMPLETED,True,baseline_9,66,0.14268709855969064,0.7987680000951514,17.45352800207911,18.394983100733953
2467,16716.873789816935,16716.874034125,16716.874034125,16716.874626152,16716.888063781,3,COMPLETED,True,baseline_9,67,0.2443080666125752,0.5920269977650605,13.437629000691231,14.273964065068867
2468,16716.915887350176,16716.916052282,16716.916052282,16716.916735985,16716.930296811,1,COMPLETED,True,baseline_9,68,0.1649318219278939,0.68370300141396,13.560825998865766,14.40946082220762
2469,16716.921066467985,16716.92121214,16716.92121214,16716.921857904,16716.936089499,2,COMPLETED,True,baseline_9,69,0.1456720165151637,0.6457639974541962,14.231594999728259,15.023031013697619
2470,16716.936962992517,16716.937052899,16716.937052899,16716.937797253,16716.9518476,0,COMPLETED,True,baseline_9,70,0.08990648348117247,0.7443539980158675,14.050347002921626,14.884607484418666
2471,16716.941164841846,16716.941249188,16716.941249188,16716.941829061,16716.959682437,3,COMPLETED,True,baseline_9,71,0.08434615301666781,0.5798730016977061,17.8533759972197,18.517595151934074
2472,16716.956722014136,16716.956868669,16716.956868669,16716.957719033,16716.97119653,1,COMPLETED,True,baseline_9,72,0.14665486378362402,0.8503639983246103,13.477497002895689,14.474515865003923
2473,16717.00914252676,16717.009268921,16717.009268921,16717.009929203,16717.029437599,2,COMPLETED,True,baseline_9,73,0.12639423948712647,0.6602819994441234,19.5083960024931,20.29507224142435
2474,16717.077485556783,16717.077660747,16717.077660747,16717.078721223,16717.098626181,0,COMPLETED,True,baseline_9,74,0.17519021639600396,1.0604759991110768,19.904958000552142,21.140624216059223
2475,16717.104323000425,16717.104591953,16717.104591953,16717.10534635,16717.124508883,3,COMPLETED,True,baseline_9,75,0.2689525754249189,0.7543969986727461,19.162533000780968,20.185882574878633
2476,16717.112218230046,16717.112533448,16717.112533448,16717.113475085,16717.130963413,1,COMPLETED,True,baseline_9,76,0.31521795244771056,0.9416370012331754,17.488328001491027,18.745182955171913
2477,16717.13097591654,16717.13112084,16717.13112084,16717.132200744,16717.148467547,2,COMPLETED,True,baseline_9,77,0.1449234587198589,1.0799039991979953,16.266802998870844,17.491630456788698
2478,16717.132436960605,16717.132584979,16717.132584979,16717.133223708,16717.15346016,0,COMPLETED,True,baseline_9,78,0.14801839643041603,0.6387289977283217,20.23645200097235,21.023199395131087
2479,16717.18248933268,16717.182659039,16717.182659039,16717.183559205,16717.202069802,3,COMPLETED,True,baseline_9,79,0.1697063198662363,0.9001660000649281,18.510596997657558,19.580469317588722
2480,16717.228905196134,16717.229042655,16717.229042655,16717.2300847,16717.249604908,1,COMPLETED,True,baseline_9,80,0.13745886462857015,1.042045001668157,19.520207999448758,20.699711865745485
2481,16717.23726710696,16717.237400385,16717.237400385,16717.238143603,16717.253764881,2,COMPLETED,True,baseline_9,81,0.13327803753782064,0.7432180027535651,15.62127799843438,16.497774038725765
2482,16717.24384388398,16717.243995262,16717.243995262,16717.244927834,16717.264388833,0,COMPLETED,True,baseline_9,82,0.15137801892706193,0.9325719984190073,19.460998999420553,20.544949016766623
2483,16717.28225745341,16717.282422857,16717.282422857,16717.28332124,16717.304517508,3,COMPLETED,True,baseline_9,83,0.16540358774363995,0.8983830011857208,21.196268000494456,22.260054589423817
2484,16717.285830928995,16717.28598949,16717.28598949,16717.286896047,16717.305612536,1,COMPLETED,True,baseline_9,84,0.15856100435485132,0.9065570011443924,18.71648900123546,19.781607006734703
2485,16717.28597547643,16717.286106322,16717.286106322,16717.287062745,16717.304831618,2,COMPLETED,True,baseline_9,85,0.1308455721300561,0.9564229985699058,17.768873000022722,18.856141570722684
2486,16717.30012494341,16717.300404161,16717.300404161,16717.301279274,16717.31977068,0,COMPLETED,True,baseline_9,86,0.27921759101445787,0.8751130008022301,18.491405997338006,19.645736589154694
2487,16717.31244674495,16717.312549727,16717.312549727,16717.313301467,16717.328628531,3,COMPLETED,True,baseline_9,87,0.1029820523399394,0.7517399972130079,15.327064000302926,16.181786049855873
2488,16717.3467358338,16717.34691153,16717.34691153,16717.347487068,16717.361601227,2,COMPLETED,True,baseline_9,88,0.1756962010404095,0.5755380007030908,14.114158999291249,14.865393201034749
2489,16717.4192756179,16717.419405891,16717.419405891,16717.420224904,16717.438433083,1,COMPLETED,True,baseline_9,89,0.13027309978497215,0.8190129992726725,18.20817900079419,19.157465099851834
2490,16717.463547786716,16717.46382623,16717.46382623,16717.464598505,16717.477698754,0,COMPLETED,True,baseline_9,90,0.27844328360515647,0.7722750015091151,13.100248997943709,14.15096728305798
2491,16717.47963855566,16717.479801693,16717.479801693,16717.480706716,16717.500511569,3,COMPLETED,True,baseline_9,91,0.16313734158757143,0.9050230000866577,19.804853000096045,20.873013341770275
2492,16717.50157424833,16717.501856256,16717.501856256,16717.502599954,16717.518631964,2,COMPLETED,True,baseline_9,92,0.2820076697389595,0.7436980013153516,16.0320100003446,17.05771567139891
2493,16717.529171846647,16717.52933338,16717.52933338,16717.53020321,16717.548130824,1,COMPLETED,True,baseline_9,93,0.16153335309354588,0.8698300007381476,17.927614000655012,18.958977354486706
2494,16717.54789953288,16717.548111487,16717.548111487,16717.54888317,16717.567209993,0,COMPLETED,True,baseline_9,94,0.21195412045926787,0.7716829968558159,18.32682300300803,19.310460120323114
2495,16717.57870149054,16717.578793079,16717.578793079,16717.579476578,16717.592627616,3,COMPLETED,True,baseline_9,95,0.09158845932688564,0.6834990017523523,13.151037997886306,13.926125458965544
2496,16717.585712170483,16717.585849137,16717.585849137,16717.586685059,16717.605357135,2,COMPLETED,True,baseline_9,96,0.1369665187667124,0.8359219973499421,18.672075999347726,19.64496451546438
2497,16717.589447693066,16717.589626889,16717.589626889,16717.590448964,16717.610431345,1,COMPLETED,True,baseline_9,97,0.17919593301485293,0.822075002361089,19.98238099986338,20.983651935239322
2498,16717.607479595783,16717.607608757,16717.607608757,16717.608437091,16717.623502074,0,COMPLETED,True,baseline_9,98,0.1291612170462031,0.828333999379538,15.06498299931991,16.02247821574565
2499,16717.677330619408,16717.677474013,16717.677474013,16717.678273297,16717.698823459,3,COMPLETED,True,baseline_9,99,0.14339359040604904,0.7992840000952128,20.550162000290584,21.492839590791846
2500,16717.69828348921,16717.698443147,16717.698443147,16717.69931346,16717.718796675,2,COMPLETED,True,baseline_9,100,0.15965778948157094,0.87031300063245,19.483214997308096,20.513185787422117
2501,16717.744921026628,16717.745076023,16717.745076023,16717.745983979,16717.766012326,1,COMPLETED,True,baseline_9,101,0.15499637083848938,0.9079560004465748,20.02834700033418,21.091299371619243
2502,16717.75509615665,16717.75518437,16717.75518437,16717.755710118,16717.775465998,0,COMPLETED,True,baseline_9,102,0.08821334995445795,0.5257480006548576,19.755879999138415,20.36984134974773
2503,16717.75932875781,16717.759409227,16717.759409227,16717.759731507,16717.773088015,3,COMPLETED,True,baseline_9,103,0.08046919174375944,0.3222800005460158,13.356507999560563,13.759257191850338
2504,16717.778796549486,16717.779047604,16717.779047604,16717.779919314,16717.792877915,2,COMPLETED,True,baseline_9,104,0.2510545127734076,0.8717100026842672,12.958600997080794,14.081365512538468
2505,16717.79902384932,16717.799182768,16717.799182768,16717.800088145,16717.814282123,1,COMPLETED,True,baseline_9,105,0.15891868315520696,0.9053769972524606,14.193978000548668,15.258273680956336
2506,16717.802370973113,16717.802508964,16717.802508964,16717.803328889,16717.823123614,3,COMPLETED,True,baseline_9,106,0.13799088628729805,0.8199250005418435,19.794725001702318,20.75264088853146
2507,16717.854692228764,16717.854861893,16717.854861893,16717.855657741,16717.86900882,0,COMPLETED,True,baseline_9,107,0.16966423572739586,0.7958480018714909,13.351078996493015,14.316591234091902
2508,16717.860513163727,16717.860603172,16717.860603172,16717.861534356,16717.880564685,2,COMPLETED,True,baseline_9,108,0.0900082741281949,0.9311840003647376,19.030329000088386,20.05152127458132
2509,16717.906646454376,16717.90674464,16717.90674464,16717.907644529,16717.926479519,1,COMPLETED,True,baseline_9,109,0.09818562466534786,0.8998890007205773,18.834989998140372,19.833064623526298
2510,16717.942272151708,16717.942416805,16717.942416805,16717.943316712,16717.963758539,3,COMPLETED,True,baseline_9,110,0.14465329149970785,0.8999070014397148,20.441827000468038,21.48638729340746
2511,16717.94626431175,16717.946529497,16717.946529497,16717.947233951,16717.961084828,0,COMPLETED,True,baseline_9,111,0.26518524828134105,0.7044539997878019,13.850876999640604,14.820516247709747
2512,16717.976677511942,16717.976768156,16717.976768156,16717.977429675,16717.990600863,2,COMPLETED,True,baseline_9,112,0.09064405821845867,0.6615189995500259,13.171187998523237,13.923351056291722
2513,16718.01326607763,16718.013447623,16718.013447623,16718.014187421,16718.030206984,1,COMPLETED,True,baseline_9,113,0.18154537247028202,0.7397979970846791,16.01956300146412,16.940906371019082
2514,16718.014167914243,16718.014306203,16718.014306203,16718.014928334,16718.033080469,0,COMPLETED,True,baseline_9,114,0.1382887567160651,0.6221309995453339,18.15213499867241,18.912554754933808
2515,16718.031404457262,16718.031497315,16718.031497315,16718.032164788,16718.045772092,3,COMPLETED,True,baseline_9,115,0.09285773921874352,0.6674729993392248,13.607303997559939,14.367634736117907
2516,16718.059749835083,16718.059846388,16718.059846388,16718.06055615,16718.075237952,2,COMPLETED,True,baseline_9,116,0.09655291796661913,0.7097620000422467,14.681802000268362,15.488116918277228
2517,16718.09589264007,16718.096107422,16718.096107422,16718.097066867,16718.11688016,1,COMPLETED,True,baseline_9,117,0.21478192866197787,0.9594450020813383,19.813292998151155,20.98751992889447
2518,16718.120038188626,16718.120320992,16718.120320992,16718.121241084,16718.136026266,0,COMPLETED,True,baseline_9,118,0.2828033721016254,0.9200920030707493,14.785181996558094,15.98807737173047
2519,16718.151079935076,16718.15133681,16718.15133681,16718.152115,16718.170904159,3,COMPLETED,True,baseline_9,119,0.25687492234283127,0.7781900021655019,18.789158999425126,19.82422392393346
2520,16718.21904571448,16718.219192162,16718.219192162,16718.220307257,16718.240517876,2,COMPLETED,True,baseline_9,0,0.14644752081949264,1.1150950012961403,20.210618997225538,21.47216151934117
2521,16718.33915165798,16718.33933911,16718.33933911,16718.340160339,16718.358484786,1,COMPLETED,True,baseline_9,1,0.18745202032732777,0.8212290013034362,18.324446999031352,19.333128020662116
2522,16718.344897094725,16718.345104923,16718.345104923,16718.345791185,16718.363372877,0,COMPLETED,True,baseline_9,2,0.20782827414222993,0.686261999362614,17.581692001840565,18.47578227534541
2523,16718.36835745545,16718.368617422,16718.368617422,16718.369363521,16718.38717118,3,COMPLETED,True,baseline_9,3,0.25996654949267395,0.7460990018444136,17.807658998208353,18.81372454954544
2524,16718.378343204502,16718.378507395,16718.378507395,16718.379240977,16718.397222126,2,COMPLETED,True,baseline_9,4,0.1641904964344576,0.7335820009757299,17.981149001570884,18.87892149898107
2525,16718.400217637063,16718.400321287,16718.400321287,16718.401191073,16718.414996279,1,COMPLETED,True,baseline_9,5,0.10364993795519695,0.8697859993844759,13.805205999233294,14.778641936572967
2526,16718.4164453729,16718.416542671,16718.416542671,16718.417114843,16718.435289932,0,COMPLETED,True,baseline_9,6,0.09729809971759096,0.5721720008295961,18.175089000578737,18.844559101125924
2527,16718.43789295478,16718.437971468,16718.437971468,16718.438506957,16718.451753901,3,COMPLETED,True,baseline_9,7,0.07851322152419016,0.5354890017770231,13.246943999547511,13.860946222848725
2528,16718.44712704619,16718.44722318,16718.44722318,16718.447639102,16718.464064894,2,COMPLETED,True,baseline_9,8,0.09613380825612694,0.4159220006840769,16.425792000518413,16.937847809458617
2529,16718.46343107874,16718.463524616,16718.463524616,16718.464162801,16718.480268299,1,COMPLETED,True,baseline_9,9,0.09353725909022614,0.6381849998433609,16.10549800170702,16.837220260640606
2530,16718.466147445917,16718.466247919,16718.466247919,16718.466608147,16718.480148479,0,COMPLETED,True,baseline_9,10,0.10047308387584053,0.3602279975893907,13.540332001866773,14.001033083332004
2531,16718.50383313445,16718.503924191,16718.503924191,16718.504509888,16718.518575359,3,COMPLETED,True,baseline_9,11,0.09105655044550076,0.5856969983142335,14.065471001231344,14.742224549991079
2532,16718.504037162387,16718.504223741,16718.504223741,16718.504608758,16718.519489254,2,COMPLETED,True,baseline_9,12,0.1865786143753212,0.3850169996439945,14.88049599720398,15.452091611223295
2533,16718.527731935716,16718.527843447,16718.527843447,16718.528581247,16718.544629973,0,COMPLETED,True,baseline_9,13,0.1115112827392295,0.7378000009339303,16.048726000008173,16.898037283681333
2534,16718.583230832715,16718.583319704,16718.583319704,16718.583772315,16718.601630964,1,COMPLETED,True,baseline_9,14,0.0888712856976781,0.4526109987637028,17.85864900011802,18.400131284579402
2535,16718.637592783696,16718.637755566,16718.637755566,16718.638480127,16718.657651819,3,COMPLETED,True,baseline_9,15,0.16278230395982973,0.7245609995152336,19.171692001691554,20.059035305166617
2536,16718.655039709905,16718.655076715,16718.655076715,16718.655923835,16718.674943203,2,COMPLETED,True,baseline_9,16,0.037005094782216474,0.8471199980704114,19.019368002773263,19.90349309562589
2537,16718.656718330436,16718.656885512,16718.656885512,16718.657589122,16718.675596696,0,COMPLETED,True,baseline_9,17,0.16718156257411465,0.7036100032564718,18.00757399905706,18.878365564887645
2538,16718.767968676282,16718.768114743,16718.768114743,16718.768998945,16718.78909173,1,COMPLETED,True,baseline_9,18,0.14606671902583912,0.8842019997246098,20.092784998269053,21.123053717019502
2539,16718.8605011147,16718.860757278,16718.860757278,16718.861824766,16718.882057135,3,COMPLETED,True,baseline_9,19,0.25616329730837606,1.0674880031729117,20.232368999131722,21.55602029961301
2540,16718.883274269225,16718.88342765,16718.88342765,16718.884423162,16718.902991975,2,COMPLETED,True,baseline_9,20,0.1533807735540904,0.9955120003724005,18.56881300045643,19.71770577438292
2541,16718.88863611358,16718.888790682,16718.888790682,16718.889727322,16718.909259502,0,COMPLETED,True,baseline_9,21,0.15456841720151715,0.9366400008730125,19.53218000198831,20.623388420062838
2542,16718.907604956476,16718.907763299,16718.907763299,16718.908729143,16718.929072822,1,COMPLETED,True,baseline_9,22,0.15834252553759143,0.9658439994382206,20.343678999779513,21.467865524755325
2543,16718.9482127147,16718.948320847,16718.948320847,16718.948995811,16718.962520403,3,COMPLETED,True,baseline_9,23,0.10813230255735107,0.6749639978806954,13.524592002795544,14.30768830323359
2544,16718.950746451803,16718.950908497,16718.950908497,16718.95160965,16718.97109713,2,COMPLETED,True,baseline_9,24,0.16204519852180965,0.7011529996816535,19.487479999952484,20.350678198155947
2545,16718.971741110352,16718.971839324,16718.971839324,16718.972513718,16718.992383527,0,COMPLETED,True,baseline_9,25,0.09821364801609889,0.6743939993612003,19.869808998919325,20.642416646296624
2546,16718.97289127906,16718.972986415,16718.972986415,16718.973328018,16718.987010427,1,COMPLETED,True,baseline_9,26,0.09513593977317214,0.341603001288604,13.682409000466578,14.119147941528354
2547,16718.980982345907,16718.981150853,16718.981150853,16718.981774592,16718.996667189,3,COMPLETED,True,baseline_9,27,0.16850709289428778,0.6237390007299837,14.892596998834051,15.684843092458323
2548,16718.98684946046,16718.986963321,16718.986963321,16718.987465004,16719.000855557,2,COMPLETED,True,baseline_9,28,0.11386054029571824,0.5016830000386108,13.390552998316707,14.006096538651036
2549,16719.008624820362,16719.008726304,16719.008726304,16719.009213214,16719.024447406,1,COMPLETED,True,baseline_9,29,0.10148363799089566,0.48691000120015815,15.23419199656928,15.822585635760333
2550,16719.034899530787,16719.034990984,16719.034990984,16719.035452219,16719.048737913,0,COMPLETED,True,baseline_9,30,0.0914532138267532,0.46123499851091765,13.285693999932846,13.838382212270517
2551,16719.084870208495,16719.084980573,16719.084980573,16719.085826153,16719.105639249,3,COMPLETED,True,baseline_9,31,0.11036450450774282,0.8455800016236026,19.813095997960772,20.769040504092118
2552,16719.10105099365,16719.101157049,16719.101157049,16719.101936256,16719.120870241,2,COMPLETED,True,baseline_9,32,0.10605535135255195,0.7792069991410244,18.933985000330722,19.8192473508243
2553,16719.121394316597,16719.121746745,16719.121746745,16719.122568561,16719.140998276,1,COMPLETED,True,baseline_9,33,0.35242840385762975,0.8218160000978969,18.42971500082058,19.603959404776106
2554,16719.147512911342,16719.147601023,16719.147601023,16719.148309944,16719.165946442,0,COMPLETED,True,baseline_9,34,0.08811165753286332,0.7089210012054536,17.636497999774292,18.43353065851261
2555,16719.155805992137,16719.15589102,16719.15589102,16719.156781783,16719.17664296,3,COMPLETED,True,baseline_9,35,0.08502786295139231,0.8907629999157507,19.861176999256713,20.836967862123856
2556,16719.155842883014,16719.155943918,16719.155943918,16719.156790892,16719.170010961,2,COMPLETED,True,baseline_9,36,0.10103498425451107,0.846974002342904,13.220068998634815,14.16807798523223
2557,16719.16536880997,16719.165530436,16719.165530436,16719.166574038,16719.185497774,1,COMPLETED,True,baseline_9,37,0.16162603060365655,1.0436020020279102,18.923735999123892,20.12896403175546
2558,16719.194583756234,16719.194761504,16719.194761504,16719.195435598,16719.208449379,0,COMPLETED,True,baseline_9,38,0.17774776642909274,0.674094000714831,13.013780997425783,13.865622764569707
2559,16719.239933798093,16719.240106827,16719.240106827,16719.240686676,16719.260075495,2,COMPLETED,True,baseline_9,39,0.173028907738626,0.5798489983135369,19.388819000596413,20.141696906648576
2560,16719.259626369072,16719.259834269,16719.259834269,16719.2606115,16719.280632752,3,COMPLETED,True,baseline_9,40,0.2078999277728144,0.7772310018481221,20.02125199942384,21.006382929044776
2561,16719.27316653209,16719.273301814,16719.273301814,16719.274206515,16719.293734862,1,COMPLETED,True,baseline_9,41,0.1352819090243429,0.904701002582442,19.528346998413326,20.56832991002011
2562,16719.287957490124,16719.288179856,16719.288179856,16719.288986321,16719.304146585,0,COMPLETED,True,baseline_9,42,0.22236587756196968,0.8064649991865736,15.160263999860035,16.18909487660858
2563,16719.3442732043,16719.344379471,16719.344379471,16719.345136388,16719.364560296,2,COMPLETED,True,baseline_9,43,0.10626669973134995,0.7569170011265669,19.423907997406786,20.287091698264703
2564,16719.352414826717,16719.352499625,16719.352499625,16719.352885501,16719.368650881,3,COMPLETED,True,baseline_9,44,0.08479828466079198,0.385875999199925,15.765379997901618,16.236054281762335
2565,16719.42835956417,16719.428567679,16719.428567679,16719.429651539,16719.448634245,1,COMPLETED,True,baseline_9,45,0.20811483045690693,1.0838600028364453,18.982705998496385,20.274680831789738
2566,16719.44122680443,16719.441369525,16719.441369525,16719.442269223,16719.461963685,0,COMPLETED,True,baseline_9,46,0.1427205716026947,0.8996979995572474,19.69446200018865,20.736880571348593
2567,16719.46107052449,16719.46124758,16719.46124758,16719.462018802,16719.479802183,2,COMPLETED,True,baseline_9,47,0.17705550999380648,0.7712220030953176,17.78338099757093,18.731658510660054
2568,16719.47769918003,16719.477806319,16719.477806319,16719.478539735,16719.496903969,3,COMPLETED,True,baseline_9,48,0.1071389669959899,0.7334160000027623,18.36423400163767,19.20478896863642
2569,16719.48277338862,16719.482930251,16719.482930251,16719.483605744,16719.498890243,1,COMPLETED,True,baseline_9,49,0.1568623811181169,0.6754930000170134,15.284499000699725,16.116854381834855
2570,16719.49228524964,16719.492387636,16719.492387636,16719.493117452,16719.506728149,0,COMPLETED,True,baseline_9,50,0.10238636241410859,0.7298159980564378,13.610697002150118,14.442899362620665
2571,16719.494566478603,16719.494659166,16719.494659166,16719.495478483,16719.51565506,2,COMPLETED,True,baseline_9,51,0.09268739813705906,0.8193169996957295,20.17657699980191,21.088581397634698
2572,16719.495686381164,16719.495819649,16719.495819649,16719.497075103,16719.511521125,3,COMPLETED,True,baseline_9,52,0.13326783664524555,1.2554540007840842,14.446021999901859,15.834743837331189
2573,16719.49803163167,16719.498122378,16719.498122378,16719.499092378,16719.519283922,1,COMPLETED,True,baseline_9,53,0.09074633271666244,0.9699999973236118,20.191544001136208,21.252290331176482
2574,16719.501495034412,16719.501733485,16719.501733485,16719.506940835,16719.520779108,0,COMPLETED,True,baseline_9,54,0.2384505896770861,5.207349997363053,13.838273000146728,19.284073587186867
2575,16719.50429170502,16719.504456309,16719.504456309,16719.511898413,16719.525432077,3,COMPLETED,True,baseline_9,55,0.16460398182971403,7.44210399716394,13.533664001442958,21.140371980436612
2576,16719.50982010516,16719.509996167,16719.509996167,16719.515884419,16719.536276637,2,COMPLETED,True,baseline_9,56,0.17606183973839507,5.8882520024781115,20.392218000779394,26.4565318429959
2577,16719.509986212557,16719.51011906,16719.51011906,16719.519823162,16719.538730876,1,COMPLETED,True,baseline_9,57,0.13284744272823445,9.704102001705905,18.907713998487452,28.744663442921592
2578,16719.517068244077,16719.517240949,16719.517240949,16719.521147295,16719.534233571,0,COMPLETED,True,baseline_9,58,0.17270492389798164,3.9063459989847615,13.086276001558872,17.165326924441615
2579,16719.562548257134,16719.562661802,16719.562661802,16719.563169136,16719.576784067,3,COMPLETED,True,baseline_9,59,0.11354486559866928,0.5073339998489246,13.614931001939112,14.235809867386706
2580,16719.567505151026,16719.567663858,16719.567663858,16719.568170509,16719.581470888,0,COMPLETED,True,baseline_9,60,0.15870697461650707,0.5066509984317236,13.300378999701934,13.965736972750165
2581,16719.632334103644,16719.63249694,16719.63249694,16719.633370118,16719.648882293,2,COMPLETED,True,baseline_9,61,0.1628363570489455,0.8731779998925049,15.512174999457784,16.548189356399234
2582,16719.647689767316,16719.647946049,16719.647946049,16719.649053098,16719.668923047,1,COMPLETED,True,baseline_9,62,0.25628168441471644,1.1070489999838173,19.86994899925776,21.233279683656292
2583,16719.67564093438,16719.675801451,16719.675801451,16719.676629095,16719.691040065,2,COMPLETED,True,baseline_9,63,0.1605166216904763,0.8276439984911121,14.410970001335954,15.399130621517543
2584,16719.68485910843,16719.685019331,16719.685019331,16719.685978245,16719.706508287,0,COMPLETED,True,baseline_9,64,0.1602225675014779,0.9589140026946552,20.530041998426896,21.64917856862303
2585,16719.711691274035,16719.71183896,16719.71183896,16719.712747181,16719.732596041,3,COMPLETED,True,baseline_9,65,0.1476859652029816,0.9082210017368197,19.84885999991093,20.90476696685073
2586,16719.723866480108,16719.723962742,16719.723962742,16719.724749477,16719.738359782,1,COMPLETED,True,baseline_9,66,0.09626189057598822,0.7867350032029208,13.610304999019718,14.493301892798627
2587,16719.745133600838,16719.745360943,16719.745360943,16719.746109331,16719.759536971,2,COMPLETED,True,baseline_9,67,0.22734216327080503,0.7483879999199416,13.427639998553786,14.403370161744533
2588,16719.76151008862,16719.761599205,16719.761599205,16719.762190974,16719.779533512,0,COMPLETED,True,baseline_9,68,0.08911637996789068,0.5917689995840192,17.34253799804719,18.0234233775991
2589,16719.77316765932,16719.773327826,16719.773327826,16719.774156145,16719.792840528,3,COMPLETED,True,baseline_9,69,0.16016667723306455,0.8283189999929164,18.68438300152775,19.67286867875373
2590,16719.803843238948,16719.803946649,16719.803946649,16719.804771812,16719.823659661,1,COMPLETED,True,baseline_9,70,0.10341005327063613,0.8251629988080822,18.887849000748247,19.816422052826965
2591,16719.872670193658,16719.872824596,16719.872824596,16719.873854373,16719.893417529,2,COMPLETED,True,baseline_9,71,0.1544023434689734,1.029776998620946,19.56315600182279,20.74733534391271
2592,16719.9415701553,16719.941661961,16719.941661961,16719.942507685,16719.962648097,0,COMPLETED,True,baseline_9,72,0.09180569759337232,0.8457240001007449,20.140412001637742,21.07794169933186
2593,16720.04874865244,16720.048927524,16720.048927524,16720.049979956,16720.070483284,3,COMPLETED,True,baseline_9,73,0.1788715599104762,1.0524319986870978,20.503327999904286,21.73463155850186
2594,16720.050143956483,16720.050276881,16720.050276881,16720.051056258,16720.070413321,1,COMPLETED,True,baseline_9,74,0.1329245169472415,0.779376998252701,19.357062999915797,20.26936451511574
2595,16720.05106035768,16720.051195824,16720.051195824,16720.051971153,16720.07250009,2,COMPLETED,True,baseline_9,75,0.13546631817007437,0.775329001044156,20.52893699874403,21.43973231795826
2596,16720.080574483298,16720.08072773,16720.08072773,16720.081758156,16720.099045308,0,COMPLETED,True,burst_9,76,0.15324670312111266,1.030425999488216,17.28715200079023,18.470824703399558
2597,16720.081429646623,16720.081736528,16720.081736528,16720.082632346,16720.101720503,1,COMPLETED,True,burst_9,77,0.3068813784921076,0.8958179969340563,19.088157001533546,20.29085637695971
2598,16720.082117429705,16720.082229255,16720.082229255,16720.082735398,16720.097631264,3,COMPLETED,True,burst_9,78,0.11182529487996362,0.5061429983470589,14.895866002916591,15.513834296143614
2599,16720.092343258275,16720.092554393,16720.092554393,16720.093403019,16720.108063571,2,COMPLETED,True,burst_9,79,0.21113472394063137,0.8486260012432467,14.660551998531446,15.720312723715324
2600,16720.116374246114,16720.116461213,16720.116461213,16720.117078223,16720.129855558,3,COMPLETED,True,burst_9,80,0.08696688746567816,0.6170099986775313,12.777334999555023,13.481311885698233
2601,16720.13033997202,16720.130503017,16720.130503017,16720.131060591,16720.144130727,0,COMPLETED,True,burst_9,81,0.16304498058161698,0.557573999685701,13.070135999441845,13.790754979709163
2602,16720.133833192296,16720.1339165,16720.1339165,16720.134519188,16720.147806314,1,COMPLETED,True,burst_9,82,0.0833077028801199,0.6026880000717938,13.287125999340788,13.973121702292701
2603,16720.14131798235,16720.141461578,16720.141461578,16720.142264886,16720.161956965,2,COMPLETED,True,burst_9,83,0.14359565102495253,0.8033079975575674,19.692079000378726,20.638982648961246
2604,16720.154835695423,16720.154980134,16720.154980134,16720.155519443,16720.169055935,3,COMPLETED,True,burst_9,84,0.1444385779905133,0.53930899957777,13.536491998820566,14.220239576388849
2605,16720.17627687241,16720.176372805,16720.176372805,16720.176882431,16720.191998339,0,COMPLETED,True,burst_9,85,0.09593258801032789,0.5096259992569685,15.11590800146223,15.721466588729527
2606,16720.18655838228,16720.186649216,16720.186649216,16720.187605677,16720.206607664,1,COMPLETED,True,burst_9,86,0.09083372060558759,0.9564610008965246,19.001986998773646,20.049281720275758
2607,16720.196416899187,16720.196503754,16720.196503754,16720.197285188,16720.210692523,2,COMPLETED,True,burst_9,87,0.08685481225256808,0.781433998781722,13.407335001829779,14.275623812864069
2608,16720.19786532343,16720.197947941,16720.197947941,16720.198381142,16720.212681673,3,COMPLETED,True,burst_9,88,0.08261757102445699,0.4332009993959218,14.300531001936179,14.816349572356557
2609,16720.207110852814,16720.207298204,16720.207298204,16720.20823355,16720.226889418,0,COMPLETED,True,burst_9,89,0.1873511864687316,0.9353460009151604,18.655867999768816,19.778565187152708
2610,16720.20872790779,16720.208873313,16720.208873313,16720.209462066,16720.223372094,1,COMPLETED,True,burst_9,90,0.1454052107874304,0.5887529987376183,13.910027999372687,14.644186208897736
2611,16720.21696330167,16720.217058064,16720.217058064,16720.217852989,16720.230812875,2,COMPLETED,True,burst_9,91,0.09476233026362024,0.7949249993544072,12.959886000317056,13.849573329935083
2612,16720.227279234074,16720.227524254,16720.227524254,16720.22815706,16720.241306267,3,COMPLETED,True,burst_9,92,0.24501992811565287,0.6328059971565381,13.149206999514718,14.027032924786909
2613,16720.233303836834,16720.233550284,16720.233550284,16720.234139013,16720.246894922,1,COMPLETED,True,burst_9,93,0.24644716540933587,0.5887289989914279,12.755908999679377,13.591085164080141
2614,16720.257272291554,16720.257360174,16720.257360174,16720.258343754,16720.279066652,0,COMPLETED,True,burst_9,94,0.0878824466781225,0.9835800010478124,20.722897999803536,21.79436044752947
2615,16720.26444995524,16720.2646175,16720.2646175,16720.265294303,16720.282193022,2,COMPLETED,True,burst_9,95,0.16754476018832065,0.6768029998056591,16.898719000892015,17.743066760885995
2616,16720.26619643434,16720.266393913,16720.266393913,16720.266955524,16720.280079669,3,COMPLETED,True,burst_9,96,0.19747866099351086,0.5616109992843121,13.12414499989245,13.883234660170274
2617,16720.295217649465,16720.295308828,16720.295308828,16720.296143793,16720.3111348,1,COMPLETED,True,burst_9,97,0.09117853551288135,0.8349649979209062,14.991006999480305,15.917150532914093
2618,16720.296990023155,16720.297168375,16720.297168375,16720.298069566,16720.316747176,0,COMPLETED,True,burst_9,98,0.1783518455340527,0.9011910005938262,18.677609998121625,19.757152844249504
2619,16720.29709720575,16720.297280309,16720.297280309,16720.298336583,16720.317748028,3,COMPLETED,True,burst_9,99,0.18310325322090648,1.05627399898367,19.411444998695515,20.65082225090009
2620,16720.31456755814,16720.314788115,16720.314788115,16720.315636977,16720.334857744,2,COMPLETED,True,burst_9,100,0.22055685985833406,0.8488620005664416,19.220767000661,20.290185861085774
2621,16720.31930344342,16720.31935715,16720.31935715,16720.319965613,16720.334126708,1,COMPLETED,True,burst_9,101,0.05370658254832961,0.6084629967517685,14.16109500132734,14.823264580627438
2622,16720.319422352106,16720.319453764,16720.319453764,16720.319991914,16720.335008297,0,COMPLETED,True,burst_9,102,0.03141189517918974,0.5381499977374915,15.01638300032937,15.585944893246051
2623,16720.329817794234,16720.32992197,16720.32992197,16720.330519906,16720.34712126,3,COMPLETED,True,burst_9,103,0.10417576413601637,0.5979360030323733,16.601354000158608,17.303465767326998
2624,16720.34322872428,16720.343350146,16720.343350146,16720.344022933,16720.357530246,1,COMPLETED,True,burst_9,104,0.12142171908635646,0.6727870022587012,13.50731300044572,14.301521721790778
2625,16720.35212753466,16720.352239416,16720.352239416,16720.352752696,16720.36625753,0,COMPLETED,True,burst_9,105,0.11188133794348687,0.5132799997227266,13.504834001651034,14.129995339317247
2626,16720.378624825036,16720.378774615,16720.378774615,16720.379429651,16720.393677585,2,COMPLETED,True,burst_9,106,0.14978996478021145,0.655035997624509,14.247934002924012,15.052759965328733
2627,16720.38239516739,16720.382519054,16720.382519054,16720.383180527,16720.39867743,3,COMPLETED,True,burst_9,107,0.12388660979922861,0.6614729973080102,15.496903000894235,16.282262608001474
2628,16720.383394583525,16720.383545173,16720.383545173,16720.384147472,16720.403029023,1,COMPLETED,True,burst_9,108,0.15058947610668838,0.6022989982739091,18.881551000959007,19.634439475339605
2629,16720.389192646748,16720.389283655,16720.389283655,16720.389871769,16720.403172207,0,COMPLETED,True,burst_9,109,0.09100825263885781,0.5881139986740891,13.300438000442227,13.979560251755174
2630,16720.389391143268,16720.38970379,16720.38970379,16720.394130817,16720.407526262,2,COMPLETED,True,burst_9,110,0.31264673089026473,4.427027000929229,13.39544499933254,18.135118731152033
2631,16720.41303832392,16720.413141547,16720.413141547,16720.413796182,16720.427319739,3,COMPLETED,True,burst_9,111,0.10322307934984565,0.6546350014104974,13.523556997824926,14.281415078585269
2632,16720.418697062567,16720.418858445,16720.418858445,16720.419398201,16720.432831971,1,COMPLETED,True,burst_9,112,0.16138243154273368,0.5397560016717762,13.433770000119694,14.134908433334203
2633,16720.42528868284,16720.425443497,16720.425443497,16720.426022719,16720.438945806,0,COMPLETED,True,burst_9,113,0.1548141590319574,0.5792219999420922,12.92308700067224,13.65712315964629
2634,16720.456984158034,16720.457075377,16720.457075377,16720.457897584,16720.477257527,2,COMPLETED,True,burst_9,114,0.09121896437136456,0.8222070027841255,19.359942998562474,20.273368965717964
2635,16720.457290176226,16720.457760719,16720.457760719,16720.458166991,16720.471999995,3,COMPLETED,True,burst_9,115,0.4705427745648194,0.40627199996379204,13.833003999025095,14.709818773553707
2636,16720.45942147571,16720.45953908,16720.45953908,16720.45995326,16720.47332781,1,COMPLETED,True,burst_9,116,0.11760428969864734,0.41418000182602555,13.374549998843577,13.90633429036825
2637,16720.473745619096,16720.47384761,16720.47384761,16720.474311639,16720.488100114,0,COMPLETED,True,burst_9,117,0.1019909032038413,0.46402899897657335,13.788475000183098,14.354494902363513
2638,16720.480446579862,16720.480533288,16720.480533288,16720.480927062,16720.494716078,3,COMPLETED,True,burst_9,118,0.08670813622302376,0.3937740002584178,13.789016000373522,14.269498136854963
2639,16720.48243712941,16720.482598234,16720.482598234,16720.483041013,16720.496992557,1,COMPLETED,True,burst_9,119,0.16110459182527848,0.44277900087763555,13.9515439987008,14.555427591403713
2640,16720.484391310878,16720.484504815,16720.484504815,16720.484988142,16720.499366673,2,COMPLETED,True,burst_9,0,0.11350412023602985,0.483327003166778,14.378530999238137,14.975362122640945
2641,16720.492716043405,16720.492901301,16720.492901301,16720.49364639,16720.507348598,0,COMPLETED,True,burst_9,1,0.18525759514886886,0.7450890007021371,13.702207997994265,14.63255459384527
2642,16720.49713837774,16720.497282683,16720.497282683,16720.497859293,16720.511855693,3,COMPLETED,True,burst_9,2,0.1443052606191486,0.5766099966422189,13.996400000905851,14.717315258167218
2643,16720.505960932565,16720.506029998,16720.506029998,16720.506525312,16720.519830073,1,COMPLETED,True,burst_9,3,0.06906543421791866,0.49531400145497173,13.304760999744758,13.869140435417648
2644,16720.507504855195,16720.50763126,16720.50763126,16720.508161143,16720.521686428,2,COMPLETED,True,burst_9,4,0.12640480417758226,0.5298830001265742,13.525285001378506,14.181572805682663
2645,16720.514401949575,16720.514537579,16720.514537579,16720.515128402,16720.528723621,0,COMPLETED,True,burst_9,5,0.13562942694989033,0.5908229977649171,13.59521899939864,14.321671424113447
2646,16720.52044341913,16720.52056957,16720.52056957,16720.520949941,16720.535801882,3,COMPLETED,True,burst_9,6,0.12615086961886846,0.3803710023930762,14.851940999506041,15.358462871517986
2647,16720.523686294047,16720.523783441,16720.523783441,16720.524228956,16720.537712715,1,COMPLETED,True,burst_9,7,0.09714695261209272,0.4455150010471698,13.483758997608675,14.026420951267937
2648,16720.524532935087,16720.524664886,16720.524664886,16720.525007581,16720.538654584,2,COMPLETED,True,burst_9,8,0.13195091378293,0.3426949988352135,13.647003001096891,14.121648913715035
2649,16720.526621393183,16720.52674751,16720.52674751,16720.528928875,16720.542412553,0,COMPLETED,True,burst_9,9,0.12611681813723408,2.1813649982505012,13.483678001648514,15.791159818036249
2650,16720.52662986418,16720.526798476,16720.526798476,16720.535973319,16720.549987373,3,COMPLETED,True,burst_9,10,0.16861181939020753,9.174843002256239,14.014053998835152,23.3575088204816
2651,16720.52735319124,16720.527455674,16720.527455674,16720.537869967,16720.551821685,1,COMPLETED,True,burst_9,11,0.1024827615765389,10.414292999485042,13.951717999589164,24.468493760650745
2652,16720.527815892558,16720.527899154,16720.527899154,16720.538862206,16720.55298139,2,COMPLETED,True,burst_9,12,0.08326144234160893,10.963052001898177,14.119183997536311,25.165497441776097
2653,16720.53085873413,16720.530944954,16720.530944954,16720.542762372,16720.555849828,0,COMPLETED,True,burst_9,13,0.08621986853540875,11.817417998827295,13.087456001812825,24.99109386917553
2654,16720.53249264327,16720.532588359,16720.532588359,16720.55038491,16720.563785474,3,COMPLETED,True,burst_9,14,0.09571573173161596,17.796550997445593,13.400564002949977,31.292830732127186
2655,16720.5386752971,16720.538765179,16720.538765179,16720.552230793,16720.565669673,1,COMPLETED,True,burst_9,15,0.08988190165837295,13.465613999869674,13.438879999739584,26.99437590126763
2656,16720.565041790924,16720.565177973,16720.565177973,16720.565606079,16720.579056471,2,COMPLETED,True,burst_9,16,0.13618207594845444,0.42810599916265346,13.45039200168685,14.014680076797958
2657,16720.578433176335,16720.578552228,16720.578552228,16720.578994578,16720.592245134,0,COMPLETED,True,baseline_10,17,0.11905166320502758,0.4423500031407457,13.250555999547942,13.811957665893715
2658,16720.70641917794,16720.706612921,16720.706612921,16720.707696531,16720.728074239,3,COMPLETED,True,baseline_10,18,0.19374306066310965,1.083610000932822,20.377707998704864,21.655061060300795
2659,16720.70697341446,16720.707284593,16720.707284593,16720.707961635,16720.727867229,1,COMPLETED,True,baseline_10,19,0.3111785408691503,0.677041996823391,19.905594002921134,20.893814540613675
2660,16720.72612649496,16720.726439325,16720.726439325,16720.727388559,16720.747169992,2,COMPLETED,True,baseline_10,20,0.31283004136639647,0.9492339995631482,19.78143299857038,21.043497039499925
2661,16720.739721484202,16720.739809259,16720.739809259,16720.740804943,16720.759172826,0,COMPLETED,True,baseline_10,21,0.08777479888522066,0.995684000372421,18.367882999882568,19.45134179914021
2662,16720.75170109843,16720.751828377,16720.751828377,16720.752651287,16720.770769083,1,COMPLETED,True,baseline_10,22,0.12727857028949074,0.8229099985328503,18.11779600029695,19.06798456911929
2663,16720.84634165203,16720.846554781,16720.846554781,16720.847653653,16720.867581748,3,COMPLETED,True,baseline_10,23,0.21312896933523007,1.0988719986926299,19.928095000068424,21.240095968096284
2664,16720.92786449959,16720.927915311,16720.927915311,16720.928966085,16720.949085333,2,COMPLETED,True,baseline_10,24,0.05081140989204869,1.0507740007597022,20.119247998081846,21.220833408733597
2665,16720.966818825807,16720.966966767,16720.966966767,16720.96797783,16720.988449926,0,COMPLETED,True,baseline_10,25,0.14794119124417193,1.0110630028066225,20.47209599913913,21.631100193189923
2666,16720.97728526418,16720.977406257,16720.977406257,16720.97830299,16720.998509786,1,COMPLETED,True,baseline_10,26,0.12099281957489438,0.8967329995357431,20.206796001730254,21.22452182084089
2667,16721.034381611873,16721.034509645,16721.034509645,16721.035286767,16721.054330091,3,COMPLETED,True,baseline_10,27,0.12803312711184844,0.777122000727104,19.043323998630513,19.948479126469465
2668,16721.043849383594,16721.04403932,16721.04403932,16721.044584304,16721.062813057,2,COMPLETED,True,baseline_10,28,0.18993640696862713,0.5449839991342742,18.22875300058513,18.96367340668803
2669,16721.149787509486,16721.149968085,16721.149968085,16721.150980738,16721.170826394,0,COMPLETED,True,baseline_10,29,0.18057551278616302,1.012652999634156,19.845656002871692,21.03888451529201
2670,16721.166320841166,16721.166579323,16721.166579323,16721.167651126,16721.187835315,1,COMPLETED,True,baseline_10,30,0.2584818321338389,1.0718030025600456,20.184188997518504,21.51447383221239
2671,16721.17106305597,16721.17121221,16721.17121221,16721.172542498,16721.192817861,3,COMPLETED,True,baseline_10,31,0.1491540315328166,1.3302879997354466,20.27536300010979,21.754805031378055
2672,16721.204284189087,16721.204497826,16721.204497826,16721.205327965,16721.224886858,2,COMPLETED,True,baseline_10,32,0.21363691121223383,0.8301390007545706,19.558893000066746,20.60266891203355
2673,16721.20988304017,16721.210016212,16721.210016212,16721.210786004,16721.229208477,0,COMPLETED,True,baseline_10,33,0.1331718303845264,0.7697920009377412,18.42247300010058,19.32543683142285
2674,16721.212518963064,16721.212611091,16721.212611091,16721.213195215,16721.226858505,1,COMPLETED,True,baseline_10,34,0.09212793520418927,0.5841240017616656,13.663289999385597,14.339541936351452
2675,16721.30176586987,16721.302018784,16721.302018784,16721.302976006,16721.32206246,3,COMPLETED,True,baseline_10,35,0.2529141311242711,0.9572220005793497,19.086453998170327,20.296590129873948
2676,16721.354356884836,16721.354615482,16721.354615482,16721.355575799,16721.373843813,2,COMPLETED,True,baseline_10,36,0.25859716333798133,0.9603170001355466,18.268013998749666,19.486928162223194
2677,16721.365273549443,16721.36537244,16721.36537244,16721.365975131,16721.381755096,1,COMPLETED,True,baseline_10,37,0.09889055581879802,0.6026910014043096,15.779965000547236,16.481546557770343
2678,16721.372176203164,16721.372267985,16721.372267985,16721.372942031,16721.391030668,0,COMPLETED,True,baseline_10,38,0.0917818360903766,0.6740460012224503,18.088636999891605,18.854464837204432
2679,16721.37718989778,16721.377389351,16721.377389351,16721.378144577,16721.393352409,3,COMPLETED,True,baseline_10,39,0.19945322128478438,0.7552259994554333,15.207831998850452,16.16251121959067
2680,16721.43937053439,16721.439467619,16721.439467619,16721.440093125,16721.456887306,2,COMPLETED,True,baseline_10,40,0.09708460856927559,0.6255059997783974,16.794181003206177,17.51677161155385
2681,16721.45962052382,16721.459761477,16721.459761477,16721.460362313,16721.480434452,1,COMPLETED,True,baseline_10,41,0.14095317965256982,0.6008359996485524,20.07213900287752,20.813928182178643
2682,16721.469863457867,16721.469950108,16721.469950108,16721.47056311,16721.487853067,0,COMPLETED,True,baseline_10,42,0.08665013228892349,0.6130020010459702,17.28995699886582,17.989609132200712
2683,16721.482265033475,16721.482372526,16721.482372526,16721.483316462,16721.501386891,3,COMPLETED,True,baseline_10,43,0.10749252396635711,0.9439360001124442,18.070428999635624,19.121857523714425
2684,16721.48459340818,16721.484707899,16721.484707899,16721.485272779,16721.498605511,2,COMPLETED,True,baseline_10,44,0.11449082012404688,0.5648799997288734,13.332731999980751,14.012102819833672
2685,16721.499217512228,16721.499329089,16721.499329089,16721.499956512,16721.513070491,1,COMPLETED,True,baseline_10,45,0.11157677363371477,0.6274229999689851,13.113978999172105,13.852978772774804
2686,16721.60820958104,16721.608385415,16721.608385415,16721.609414974,16721.630077357,0,COMPLETED,True,baseline_10,46,0.17583395674591884,1.0295590000168886,20.662383001763374,21.86777595852618
2687,16721.62474739523,16721.624913285,16721.624913285,16721.625876186,16721.645976332,2,COMPLETED,True,baseline_10,47,0.16588976723141968,0.9629010019125417,20.10014600091381,21.22893677005777
2688,16721.660483043604,16721.660631364,16721.660631364,16721.661556334,16721.682129088,3,COMPLETED,True,baseline_10,48,0.14832039596512914,0.9249699978681747,20.572754001477733,21.646044395311037
2689,16721.68488776289,16721.685070154,16721.685070154,16721.685892106,16721.705406461,1,COMPLETED,True,baseline_10,49,0.18239110795548186,0.8219520022976212,19.5143549972272,20.518698107480304
2690,16721.74946416516,16721.749602956,16721.749602956,16721.750145912,16721.768412453,0,COMPLETED,True,baseline_10,50,0.13879083780921064,0.5429560005723033,18.26654099932057,18.948287837702082
2691,16721.767679651235,16721.767819464,16721.767819464,16721.768708749,16721.788462274,2,COMPLETED,True,baseline_10,51,0.13981276424601674,0.8892850019037724,19.75352499721339,20.78262276336318
2692,16721.785622875635,16721.785757566,16721.785757566,16721.78651583,16721.804779333,0,COMPLETED,True,baseline_10,52,0.13469036275637336,0.7582640027976595,18.26350299961632,19.156457365170354
2693,16721.835186190416,16721.835321111,16721.835321111,16721.83639716,16721.856459554,1,COMPLETED,True,baseline_10,53,0.13492058496922255,1.0760490004031453,20.062393999978667,21.273363585351035
2694,16721.920111058924,16721.920267162,16721.920267162,16721.921356336,16721.941917438,3,COMPLETED,True,baseline_10,54,0.15610307673341595,1.0891739984799642,20.561101999192033,21.806379074405413
2695,16721.982084895757,16721.982345097,16721.982345097,16721.983382605,16722.003555062,2,COMPLETED,True,baseline_10,55,0.26020124278147705,1.037508001900278,20.172456999716815,21.47016624439857
2696,16722.027425771736,16722.027521467,16722.027521467,16722.028513564,16722.047657892,0,COMPLETED,True,baseline_10,56,0.09569526446284726,0.9920970005623531,19.144327998219524,20.232120263244724
2697,16722.04458399361,16722.044690634,16722.044690634,16722.04557153,16722.062369808,1,COMPLETED,True,baseline_10,57,0.1066403892764356,0.8808960010355804,16.798278000351274,17.78581439066329
2698,16722.04933652078,16722.049479584,16722.049479584,16722.050148862,16722.068089945,3,COMPLETED,True,baseline_10,58,0.14306321827461943,0.6692780007142574,17.94108300236985,18.753424221358728
2699,16722.06987377679,16722.069978054,16722.069978054,16722.070606637,16722.083957079,2,COMPLETED,True,baseline_10,59,0.10427721281303093,0.6285829986154567,13.350442000955809,14.083302212384297
2700,16722.085352510905,16722.085611782,16722.085611782,16722.086443876,16722.101795023,0,COMPLETED,True,baseline_10,60,0.25927109527401626,0.8320939996337984,15.35114700163831,16.442512096546125
2701,16722.11173125812,16722.11198464,16722.11198464,16722.112861237,16722.12597833,1,COMPLETED,True,baseline_10,61,0.2533818806114141,0.8765970014792401,13.11709299989161,14.247071881982265
2702,16722.19789290251,16722.197972217,16722.197972217,16722.199031551,16722.221861768,3,COMPLETED,True,baseline_10,62,0.07931448999443091,1.0593340011837427,22.830216999864206,23.96886549104238
2703,16722.203335402788,16722.203586354,16722.203586354,16722.204649904,16722.227637023,2,COMPLETED,True,baseline_10,63,0.25095121236518025,1.0635500002535991,22.987118998571532,24.30162021119031
2704,16722.21258777356,16722.212749108,16722.212749108,16722.213737487,16722.234404417,0,COMPLETED,True,baseline_10,64,0.16133443932631053,0.9883790007734206,20.666929998697015,21.816643438796746
2705,16722.2158568516,16722.216116158,16722.216116158,16722.216960251,16722.237414843,1,COMPLETED,True,baseline_10,65,0.2593064018583391,0.8440929996140767,20.454591998714022,21.557991400186438
2706,16722.243275271292,16722.243422776,16722.243422776,16722.244249874,16722.25993919,3,COMPLETED,True,baseline_10,66,0.14750470654689707,0.8270979997178074,15.689316001953557,16.66391870821826
2707,16722.254842193743,16722.255003597,16722.255003597,16722.255870674,16722.272758849,2,COMPLETED,True,baseline_10,67,0.16140325897140428,0.8670769966556691,16.888175003259676,17.91665525888675
2708,16722.268206210025,16722.268361012,16722.268361012,16722.269305746,16722.287775159,0,COMPLETED,True,baseline_10,68,0.15480197544093244,0.9447339980397373,18.46941300027538,19.56894897375605
2709,16722.294096996087,16722.294299491,16722.294299491,16722.294974118,16722.308931508,1,COMPLETED,True,baseline_10,69,0.20249491353752092,0.6746269973518793,13.957390001451131,14.834511912340531
2710,16722.295413186206,16722.295585854,16722.295585854,16722.296455904,16722.316674533,3,COMPLETED,True,baseline_10,70,0.17266779468627647,0.8700500002305489,20.218629000737565,21.26134679565439
2711,16722.300002995464,16722.300114114,16722.300114114,16722.300714729,16722.314754014,2,COMPLETED,True,baseline_10,71,0.1111185374611523,0.6006149997119792,14.039285000762902,14.751018537936034
2712,16722.312449190642,16722.312545244,16722.312545244,16722.31318192,16722.32677581,0,COMPLETED,True,baseline_10,72,0.09605335799278691,0.6366759989759885,13.593890002084663,14.326619359053439
2713,16722.32099177505,16722.321190469,16722.321190469,16722.321940771,16722.335855018,1,COMPLETED,True,baseline_10,73,0.1986939496418927,0.7503019987780135,13.91424699977506,14.863242948194966
2714,16722.365474278045,16722.365600217,16722.365600217,16722.366161773,16722.38006438,2,COMPLETED,True,baseline_10,74,0.12593895371537656,0.5615560003207065,13.902606999181444,14.590101953217527
2715,16722.378698732846,16722.378804276,16722.378804276,16722.379564909,16722.392993097,3,COMPLETED,True,baseline_10,75,0.1055431530403439,0.7606330000271555,13.428188001853414,14.294364154920913
2716,16722.387029640126,16722.387120241,16722.387120241,16722.387786027,16722.401342112,0,COMPLETED,True,baseline_10,76,0.09060087541001849,0.665785999444779,13.55608499943628,14.312471874291077
2717,16722.398747908876,16722.39884622,16722.39884622,16722.399817037,16722.42618262,1,COMPLETED,True,baseline_10,77,0.0983111240202561,0.9708170000521932,26.36558300218894,27.43471112626139
2718,16722.401041878682,16722.401134441,16722.401134441,16722.402019907,16722.427867561,2,COMPLETED,True,baseline_10,78,0.09256231714971364,0.8854660009092186,25.847654000244802,26.825682318303734
2719,16722.431123773164,16722.431233576,16722.431233576,16722.431882051,16722.450336005,3,COMPLETED,True,baseline_10,79,0.10980283695971593,0.6484750010713469,18.45395399868721,19.212231836718274
2720,16722.442836761413,16722.442956455,16722.442956455,16722.4435489,16722.461658624,0,COMPLETED,True,baseline_10,80,0.11969358820351772,0.5924449978920165,18.10972400198807,18.821862588083604
2721,16722.443605425266,16722.443707665,16722.443707665,16722.44402306,16722.45728129,1,COMPLETED,True,baseline_10,81,0.10223973367828876,0.3153950019623153,13.258229999337345,13.67586473497795
2722,16722.448831689864,16722.448922371,16722.448922371,16722.449703717,16722.466719108,2,COMPLETED,True,baseline_10,82,0.09068113649846055,0.7813459997123573,17.015391000313684,17.887418136524502
2723,16722.472530384555,16722.472767848,16722.472767848,16722.473640693,16722.487180405,3,COMPLETED,True,baseline_10,83,0.2374634459556546,0.8728449975023977,13.539712002966553,14.650020446424605
2724,16722.480984188325,16722.481127778,16722.481127778,16722.48194087,16722.495436055,1,COMPLETED,True,baseline_10,84,0.14358967382577248,0.8130919995892327,13.49518500137492,14.451866674789926
2725,16722.488848346748,16722.488943856,16722.488943856,16722.489616555,16722.503108554,0,COMPLETED,True,baseline_10,85,0.09550925096846186,0.6726990031893365,13.491998997778865,14.260207251936663
2726,16722.511918166074,16722.512021112,16722.512021112,16722.512732846,16722.525646685,2,COMPLETED,True,baseline_10,86,0.10294592721038498,0.71173399919644,12.913839000248117,13.728518926654942
2727,16722.521535826218,16722.521633947,16722.521633947,16722.522308777,16722.536104863,3,COMPLETED,True,baseline_10,87,0.09812078133109026,0.6748300002072938,13.7960860010935,14.569036782631883
2728,16722.57900790962,16722.579243222,16722.579243222,16722.580258448,16722.600322529,1,COMPLETED,True,baseline_10,88,0.23531238184659742,1.0152260001632385,20.064080999873113,21.31461938188295
2729,16722.60493680094,16722.605315492,16722.605315492,16722.606130455,16722.624037419,0,COMPLETED,True,baseline_10,89,0.3786910601775162,0.8149629975378048,17.906963999848813,19.100618057564134
2730,16722.657029143513,16722.657164859,16722.657164859,16722.658294779,16722.675257906,2,COMPLETED,True,baseline_10,90,0.1357154869765509,1.1299200014036614,16.963127000053646,18.22876248843386
2731,16722.681969375284,16722.68206791,16722.68206791,16722.682635791,16722.695951359,3,COMPLETED,True,baseline_10,91,0.09853471419773996,0.5678810011886526,13.315568001416977,13.98198371680337
2732,16722.70690076352,16722.707041246,16722.707041246,16722.707642947,16722.720840755,1,COMPLETED,True,baseline_10,92,0.14048248340259306,0.6017009982315358,13.197807998949429,13.939991480583558
2733,16722.769724668455,16722.769876066,16722.769876066,16722.770832233,16722.788339716,0,COMPLETED,True,baseline_10,93,0.1513975439593196,0.9561670012772083,17.507483000372304,18.61504754560883
2734,16722.775812130105,16722.77606308,16722.77606308,16722.776834914,16722.794863798,2,COMPLETED,True,baseline_10,94,0.2509498954168521,0.7718339984421618,18.02888400197844,19.051667895837454
2735,16722.848743936942,16722.848839876,16722.848839876,16722.849653319,16722.865654633,3,COMPLETED,True,baseline_10,95,0.0959390563366469,0.8134430026984774,16.001313997549005,16.91069605658413
2736,16722.87437511227,16722.874614706,16722.874614706,16722.875506012,16722.891697472,1,COMPLETED,True,baseline_10,96,0.2395937299297657,0.8913059973565396,16.191460003028624,17.32235973031493
2737,16722.879183210403,16722.879330886,16722.879330886,16722.880036093,16722.898589401,0,COMPLETED,True,baseline_10,97,0.1476755969633814,0.7052069995552301,18.553308000264224,19.406190596782835
2738,16722.903866948625,16722.903963912,16722.903963912,16722.904782193,16722.922998216,2,COMPLETED,True,baseline_10,98,0.09696337292552926,0.8182810015568975,18.21602299969527,19.131267374177696
2739,16722.96638305202,16722.966523639,16722.966523639,16722.967326633,16722.981214977,3,COMPLETED,True,baseline_10,99,0.14058698070584796,0.8029939999687485,13.888344001316,14.831924981990596
2740,16722.971956589605,16722.97214438,16722.97214438,16722.972766597,16722.993932863,1,COMPLETED,True,baseline_10,100,0.187790396012133,0.6222169977263547,21.166266000363976,21.976273394102463
2741,16722.972892861133,16722.973081241,16722.973081241,16722.973869361,16722.994099149,0,COMPLETED,True,baseline_10,101,0.18837986863218248,0.7881199999246746,20.229787998687243,21.2062878672441
2742,16722.97988923474,16722.980116634,16722.980116634,16722.980711282,16723.000060423,2,COMPLETED,True,baseline_10,102,0.22739926134818234,0.5946480014245026,19.349140999111114,20.1711882618838
2743,16722.998672212245,16722.99877847,16722.99877847,16722.999519411,16723.01325965,3,COMPLETED,True,baseline_10,103,0.1062577539414633,0.7409410027321428,13.740238999162102,14.587437755835708
2744,16723.102050285102,16723.102224456,16723.102224456,16723.103335098,16723.123302713,1,COMPLETED,True,baseline_10,104,0.17417089839000255,1.1106419988209382,19.967615000496153,21.252427897707094
2745,16723.136442673152,16723.136643022,16723.136643022,16723.137607561,16723.155833757,0,COMPLETED,True,baseline_10,105,0.20034884801134467,0.9645389982324559,18.22619599988684,19.39108384613064
2746,16723.158902782747,16723.159039725,16723.159039725,16723.159845038,16723.178242777,2,COMPLETED,True,baseline_10,106,0.1369422534480691,0.8053130004554987,18.39773900064756,19.33999425455113
2747,16723.167075261896,16723.167211354,16723.167211354,16723.168275435,16723.188751127,3,COMPLETED,True,baseline_10,107,0.13609210509457625,1.0640809996402822,20.475691999308765,21.675865104043623
2748,16723.182869631375,16723.183030774,16723.183030774,16723.183807818,16723.200897927,1,COMPLETED,True,baseline_10,108,0.1611426232557278,0.77704400246148,17.090108998672804,18.02829562439001
2749,16723.18464904931,16723.184786404,16723.184786404,16723.185539086,16723.199181732,0,COMPLETED,True,baseline_10,109,0.13735468746745028,0.752682000893401,13.64264600124443,14.53268268960528
2750,16723.26964082061,16723.269775339,16723.269775339,16723.270839781,16723.290907684,2,COMPLETED,True,baseline_10,110,0.13451838822220452,1.0644419999152888,20.067903002200183,21.266863390337676
2751,16723.272571758258,16723.27268969,16723.27268969,16723.273488331,16723.292390864,3,COMPLETED,True,baseline_10,111,0.11793174053309485,0.7986410018929746,18.902533000073163,19.819105742499232
2752,16723.314247050275,16723.314308339,16723.314308339,16723.314859882,16723.33257025,0,COMPLETED,True,baseline_10,112,0.06128872337285429,0.55154300207505,17.710367999825394,18.323199725273298
2753,16723.341229936777,16723.341352396,16723.341352396,16723.341840909,16723.354707398,1,COMPLETED,True,baseline_10,113,0.12245922334841453,0.48851300016394816,12.866488999861758,13.477461223374121
2754,16723.3465249325,16723.346660072,16723.346660072,16723.347356695,16723.365449018,2,COMPLETED,True,baseline_10,114,0.13513949670596048,0.6966230030229781,18.09232300001895,18.92408549974789
2755,16723.39317176734,16723.393278527,16723.393278527,16723.393780424,16723.40709841,3,COMPLETED,True,baseline_10,115,0.1067596604116261,0.5018970005039591,13.317985998583026,13.926642659498611
2756,16723.415904262554,16723.415993264,16723.415993264,16723.416712915,16723.429748649,0,COMPLETED,True,baseline_10,116,0.08900144530343823,0.7196510014182422,13.035733998549404,13.844386445271084
2757,16723.421856387467,16723.421944213,16723.421944213,16723.422735101,16723.44172387,1,COMPLETED,True,baseline_10,117,0.08782553413766436,0.790887999755796,18.988768999406602,19.867482533300063
2758,16723.435359460138,16723.435454842,16723.435454842,16723.436067043,16723.449636581,2,COMPLETED,True,baseline_10,118,0.09538186350255273,0.6122009981481824,13.569538001320325,14.27712086297106
2759,16723.441977827373,16723.442299082,16723.442299082,16723.442980089,16723.462979051,3,COMPLETED,True,baseline_10,119,0.3212546253053006,0.6810070008214097,19.99896200140938,21.001223627536092
2760,16723.443207889344,16723.44342125,16723.44342125,16723.44388558,16723.457139637,0,COMPLETED,True,baseline_10,0,0.2133606540155597,0.4643300017050933,13.254057001176989,13.931747656897642
2761,16723.593746632232,16723.593924916,16723.593924916,16723.594885876,16723.615346034,1,COMPLETED,True,baseline_10,1,0.1782837680366356,0.9609599983377848,20.460158000787487,21.599401767161908
2762,16723.628116856817,16723.628287348,16723.628287348,16723.629140686,16723.647201695,2,COMPLETED,True,baseline_10,2,0.17049118469003588,0.8533379987056833,18.06100899921148,19.0848381826072
2763,16723.6755472122,16723.675711943,16723.675711943,16723.676960381,16723.698210141,0,COMPLETED,True,baseline_10,3,0.16473080177092925,1.2484379985835403,21.249760000500828,22.662928800855298
2764,16723.678990000357,16723.679130108,16723.679130108,16723.679888729,16723.6996086,3,COMPLETED,True,baseline_10,4,0.14010764425620437,0.7586209976579994,19.719871001143474,20.618599643057678
2765,16723.68019576809,16723.68048168,16723.68048168,16723.681110335,16723.699319819,1,COMPLETED,True,baseline_10,5,0.28591190857696347,0.6286550014920067,18.209483998361975,19.124050908430945
2766,16723.706088315314,16723.706319461,16723.706319461,16723.707200614,16723.72231083,2,COMPLETED,True,baseline_10,6,0.23114568466553465,0.8811530024104286,15.110215997992782,16.222514685068745
2767,16723.72931145712,16723.729466247,16723.729466247,16723.730363279,16723.744546754,0,COMPLETED,True,baseline_10,7,0.15478988279937766,0.8970319977379404,14.183474999299506,15.235296879836824
2768,16723.74160960699,16723.741783342,16723.741783342,16723.742880585,16723.760889702,1,COMPLETED,True,baseline_10,8,0.17373501032125205,1.0972429990943056,18.00911700047436,19.28009500988992
2769,16723.743823054196,16723.744052127,16723.744052127,16723.744669488,16723.763295246,3,COMPLETED,True,baseline_10,9,0.22907280435902067,0.6173610017867759,18.62575799896149,19.472191805107286
2770,16723.76333577001,16723.76352264,16723.76352264,16723.764341553,16723.777808548,2,COMPLETED,True,baseline_10,10,0.1868699910119176,0.8189129985112231,13.46699499845272,14.47277798797586
2771,16723.777612543592,16723.77773275,16723.77773275,16723.778502443,16723.791813504,0,COMPLETED,True,baseline_10,11,0.12020640861010179,0.7696930006204639,13.311061000422342,14.200960409652907
2772,16723.842396810873,16723.842536998,16723.842536998,16723.843601193,16723.863338407,1,COMPLETED,True,baseline_10,12,0.1401871268171817,1.0641949993441813,19.737214002816472,20.941596128977835
2773,16723.912838493026,16723.913100745,16723.913100745,16723.913950477,16723.931436202,3,COMPLETED,True,baseline_10,13,0.26225197507301345,0.8497319977323059,17.4857250021887,18.59770897499402
2774,16723.91464702359,16723.914923167,16723.914923167,16723.915849267,16723.936171452,2,COMPLETED,True,baseline_10,14,0.276143411610974,0.9260999977414031,20.322184998804005,21.524428408156382
2775,16723.918012884333,16723.918178266,16723.918178266,16723.919110506,16723.943334659,0,COMPLETED,True,baseline_10,15,0.16538166892132722,0.9322400001110509,24.22415299952263,25.32177466855501
2776,16723.923129523773,16723.923287107,16723.923287107,16723.924186258,16723.948109993,1,COMPLETED,True,baseline_10,16,0.1575832284288481,0.8991509967017919,23.923735003336333,24.980469228466973
2777,16723.967175453603,16723.967359457,16723.967359457,16723.968336536,16723.987633009,3,COMPLETED,True,baseline_10,17,0.18400339831714518,0.977078998403158,19.29647300130455,20.45755539802485
2778,16724.070125838796,16724.070240667,16724.070240667,16724.071446095,16724.091517864,2,COMPLETED,True,baseline_10,18,0.11482820264063776,1.2054280014126562,20.071768998604966,21.39202520265826
2779,16724.090856447176,16724.091022468,16724.091022468,16724.092126862,16724.111830814,0,COMPLETED,True,baseline_10,19,0.16602082541794516,1.104393999412423,19.70395199896302,20.97436682379339
2780,16724.10957271156,16724.109740602,16724.109740602,16724.110703059,16724.129579297,1,COMPLETED,True,baseline_10,20,0.1678904409345705,0.9624569975130726,18.87623800212168,20.006585440569324
2781,16724.131048655396,16724.131311325,16724.131311325,16724.132212379,16724.150092561,3,COMPLETED,True,baseline_10,21,0.26266960412613116,0.9010540015879087,17.88018200022634,19.04390560594038
2782,16724.173506976993,16724.173769978,16724.173769978,16724.174806314,16724.194055086,2,COMPLETED,True,baseline_10,22,0.2630010058055632,1.0363360015617218,19.248772001446923,20.548109008814208
2783,16724.190310107446,16724.190455748,16724.190455748,16724.191243049,16724.205978687,0,COMPLETED,True,baseline_10,23,0.14564055527443998,0.7873009999457281,14.735638000274776,15.668579555494944
2784,16724.21216184845,16724.212251464,16724.212251464,16724.213125346,16724.230970431,1,COMPLETED,True,baseline_10,24,0.08961555067799054,0.8738819997233804,17.845084999862593,18.808582550263964
2785,16724.21505176824,16724.215179762,16724.215179762,16724.215813168,16724.2331127,3,COMPLETED,True,baseline_10,25,0.1279937605431769,0.6334060017252341,17.299531999015016,18.060931761283427
2786,16724.218335244703,16724.218534286,16724.218534286,16724.219309398,16724.239153781,2,COMPLETED,True,baseline_10,26,0.1990412965824362,0.7751119992462918,19.844383001327515,20.818536297156243
2787,16724.262697790822,16724.262807855,16724.262807855,16724.263629382,16724.27696911,0,COMPLETED,True,baseline_10,27,0.11006417844328098,0.8215269990614615,13.339728000573814,14.271319178078556
2788,16724.269939938822,16724.270105775,16724.270105775,16724.270893716,16724.284287645,1,COMPLETED,True,baseline_10,28,0.16583617616561241,0.7879410004534293,13.393929002631921,14.347706179250963
2789,16724.321761821557,16724.321907178,16724.321907178,16724.322547124,16724.338811675,3,COMPLETED,True,baseline_10,29,0.14535644368152134,0.6399459998647217,16.264550999039784,17.049853442586027
2790,16724.360893069777,16724.361079212,16724.361079212,16724.362146998,16724.387308189,2,COMPLETED,True,baseline_10,30,0.18614222426549532,1.0677859972929582,25.161191002553096,26.41511922411155
2791,16724.367033590144,16724.367211579,16724.367211579,16724.367972291,16724.389214303,0,COMPLETED,True,baseline_10,31,0.1779888552846387,0.7607119987369515,21.24201200058451,22.1807128546061
2792,16724.40595708762,16724.406091489,16724.406091489,16724.406728493,16724.421038056,1,COMPLETED,True,baseline_10,32,0.13440137990983203,0.6370039991452359,14.309563001006609,15.080968380061677
2793,16724.411414245333,16724.411555752,16724.411555752,16724.412271689,16724.427751736,3,COMPLETED,True,baseline_10,33,0.14150666902423836,0.7159369997680187,15.480046997254249,16.337490666046506
2794,16724.425605194378,16724.425787671,16724.425787671,16724.427107604,16724.449186959,2,COMPLETED,True,baseline_10,34,0.18247662228532135,1.3199329987401143,22.07935499973246,23.581764620757895
2795,16724.427080682424,16724.427230738,16724.427230738,16724.42782386,16724.450663455,0,COMPLETED,True,baseline_10,35,0.15005557725089602,0.5931220002821647,22.83959499982302,23.58277257735608
2796,16724.443129862822,16724.443297079,16724.443297079,16724.444052027,16724.464330913,1,COMPLETED,True,baseline_10,36,0.16721617794246413,0.7549479996669106,20.278886000596685,21.20105017820606
2797,16724.488914172744,16724.489008859,16724.489008859,16724.489548787,16724.503591563,3,COMPLETED,True,baseline_10,37,0.09468625648878515,0.5399280016717967,14.04277599795023,14.677390256110812
2798,16724.524484161873,16724.524637835,16724.524637835,16724.52524378,16724.539160458,2,COMPLETED,True,baseline_10,38,0.1536731251690071,0.6059450024622492,13.916677999077365,14.676296126708621
2799,16724.576283142265,16724.576386699,16724.576386699,16724.576991229,16724.593268857,0,COMPLETED,True,baseline_10,39,0.10355673293815926,0.6045300033292733,16.277627997624222,16.985714733891655
2800,16724.60199213898,16724.602129783,16724.602129783,16724.602884237,16724.623487644,1,COMPLETED,True,baseline_10,40,0.1376440195599571,0.7544539985246956,20.60340699972585,21.4955050178105
2801,16724.66192486986,16724.662020622,16724.662020622,16724.662828131,16724.682632569,3,COMPLETED,True,baseline_10,41,0.09575214062351733,0.8075090008787811,19.804438001301605,20.707699142803904
2802,16724.69505568844,16724.695149302,16724.695149302,16724.696142422,16724.715818752,2,COMPLETED,True,baseline_10,42,0.09361355841974728,0.9931200002029072,19.676330000947928,20.763063559570583
2803,16724.705200031785,16724.705303295,16724.705303295,16724.706096323,16724.724238148,0,COMPLETED,True,baseline_10,43,0.10326321353204548,0.7930280007713009,18.14182499947492,19.038116213778267
2804,16724.74582002277,16724.745917935,16724.745917935,16724.746638161,16724.764167911,1,COMPLETED,True,baseline_10,44,0.09791223055799492,0.7202259985206183,17.529749999084743,18.347888228163356
2805,16724.76571895025,16724.765821146,16724.765821146,16724.766511688,16724.779397353,3,COMPLETED,True,baseline_10,45,0.10219575051451102,0.6905420013936237,12.88566499715671,13.678402749064844
2806,16724.839444049394,16724.839538115,16724.839538115,16724.840450267,16724.856315504,2,COMPLETED,True,baseline_10,46,0.09406560639035888,0.9121519979089499,15.865237000980414,16.871454605279723
2807,16724.891306904334,16724.891569101,16724.891569101,16724.892720131,16724.909849286,0,COMPLETED,True,baseline_10,47,0.26219666688120924,1.151029999164166,17.1291549995658,18.542381665611174
2808,16724.892713067456,16724.892897531,16724.892897531,16724.893697066,16724.916687751,1,COMPLETED,True,baseline_10,48,0.18446354442858137,0.7995349988050293,22.990684999967925,23.974683543201536
2809,16724.89347271318,16724.893611038,16724.893611038,16724.894299549,16724.914133424,3,COMPLETED,True,baseline_10,49,0.1383248199999798,0.6885110014991369,19.83387500149547,20.660710822994588
2810,16724.90411979653,16724.904309948,16724.904309948,16724.90530644,16724.927224857,2,COMPLETED,True,baseline_10,50,0.19015146972378716,0.9964919991034549,21.918417001870694,23.105060470697936
2811,16725.01112240548,16725.011290162,16725.011290162,16725.011998828,16725.029717301,0,COMPLETED,True,baseline_10,51,0.16775651965872385,0.7086659970809706,17.71847300187801,18.594895518617705
2812,16725.078242035663,16725.078340552,16725.078340552,16725.079344792,16725.098877875,3,COMPLETED,True,baseline_10,52,0.09851633876678534,1.0042399990197737,19.533082999259932,20.63583933704649
2813,16725.116826431546,16725.117046113,16725.117046113,16725.118156372,16725.138129657,1,COMPLETED,True,baseline_10,53,0.21968145301798359,1.1102589996880852,19.973285001469776,21.303225454175845
2814,16725.121176752727,16725.121467938,16725.121467938,16725.122503226,16725.142647728,2,COMPLETED,True,baseline_10,54,0.2911852716351859,1.0352880017308053,20.144501999311615,21.470975272677606
2815,16725.16839928554,16725.168492784,16725.168492784,16725.169559792,16725.18859287,0,COMPLETED,True,baseline_10,55,0.09349846004624851,1.0670080009731464,19.033077998756198,20.193584459775593
2816,16725.26880829686,16725.269024538,16725.269024538,16725.269992559,16725.29067524,3,COMPLETED,True,baseline_10,56,0.2162411401513964,0.9680209986981936,20.682681002654135,21.866943141503725
2817,16725.273358433144,16725.273443994,16725.273443994,16725.274116163,16725.292421574,1,COMPLETED,True,baseline_10,57,0.0855608559504617,0.6721690006088465,18.305410998436855,19.063140854996163
2818,16725.27634811119,16725.2765624,16725.2765624,16725.277516045,16725.297254819,2,COMPLETED,True,baseline_10,58,0.2142888079106342,0.9536450015730225,19.738774000870762,20.90670781035442
2819,16725.28710845732,16725.287336999,16725.287336999,16725.288521143,16725.309927012,0,COMPLETED,True,baseline_10,59,0.22854168128105812,1.1841439991258085,21.405868999863742,22.81855468027061
2820,16725.320248727076,16725.320356869,16725.320356869,16725.321122151,16725.334976433,3,COMPLETED,True,baseline_10,60,0.10814192501129583,0.7652819986105897,13.85428200228489,14.727705925906776
2821,16725.326259906444,16725.326400206,16725.326400206,16725.326980604,16725.342355968,1,COMPLETED,True,baseline_10,61,0.14029955491423607,0.5803980020573363,15.375364000647096,16.09606155761867
2822,16725.361078491373,16725.36118604,16725.36118604,16725.361684862,16725.375557917,2,COMPLETED,True,baseline_10,62,0.10754862887552008,0.49882199891726486,13.873054998839507,14.479425626632292
2823,16725.417115822158,16725.417224561,16725.417224561,16725.41793303,16725.432594279,0,COMPLETED,True,baseline_10,63,0.10873884093598463,0.7084690005285665,14.661248998891097,15.478456840355648
2824,16725.421011523227,16725.421195994,16725.421195994,16725.421702049,16725.441201824,3,COMPLETED,True,baseline_10,64,0.18447077309247106,0.5060549992776942,19.499775000440422,20.190300772810588
2825,16725.42903383238,16725.429277563,16725.429277563,16725.430321576,16725.448353115,1,COMPLETED,True,baseline_10,65,0.24373061751248315,1.0440130026836414,18.031538998911856,19.31928261910798
2826,16725.43236738017,16725.432525245,16725.432525245,16725.433246075,16725.450275939,2,COMPLETED,True,baseline_10,66,0.15786482981638983,0.7208300012280233,17.029864000505768,17.90855883155018
2827,16725.501210010978,16725.501312521,16725.501312521,16725.501863047,16725.515855221,0,COMPLETED,True,baseline_10,67,0.10251002095174044,0.5505260014615487,13.992174001032254,14.645210023445543
2828,16725.55134197163,16725.551582896,16725.551582896,16725.552577222,16725.573015838,3,COMPLETED,True,baseline_10,68,0.24092437161016278,0.9943259974534158,20.4386160003196,21.673866369383177
2829,16725.571573246405,16725.571738581,16725.571738581,16725.572683525,16725.591633508,1,COMPLETED,True,baseline_10,69,0.16533459347556345,0.9449440003663767,18.94998300122097,20.06026159506291
